I retain Json artifact evidence at /var/folders/9z/xpmfgw8j09l4g6wwxrxtt97w0000gn/T/nano-json-artifacts-bk0w55cy
test_actual_schema_generator_outputs (tests.test_selfhost_json_artifacts.JsonArtifacts.test_actual_schema_generator_outputs) ... 
  test_actual_schema_generator_outputs (tests.test_selfhost_json_artifacts.JsonArtifacts.test_actual_schema_generator_outputs) (compiler='/private/tmp/nanolang-array-types-20261008/bin/nano_virt') ... FAIL
  test_actual_schema_generator_outputs (tests.test_selfhost_json_artifacts.JsonArtifacts.test_actual_schema_generator_outputs) (compiler='/private/tmp/nanolang-json-compiler-equality-main') ... FAIL
test_native_wrong_import_signatures_preserve_output (tests.test_selfhost_json_artifacts.JsonArtifacts.test_native_wrong_import_signatures_preserve_output) ... ok
test_nonzero_integer_cannot_reach_opaque_string_provider (tests.test_selfhost_json_artifacts.JsonArtifacts.test_nonzero_integer_cannot_reach_opaque_string_provider) ... ok
test_real_artifact_ownership_vm_and_native (tests.test_selfhost_json_artifacts.JsonArtifacts.test_real_artifact_ownership_vm_and_native) ... ok
test_wrong_artifact_abi_preserves_output (tests.test_selfhost_json_artifacts.JsonArtifacts.test_wrong_artifact_abi_preserves_output) ... ok

======================================================================
FAIL: test_actual_schema_generator_outputs (tests.test_selfhost_json_artifacts.JsonArtifacts.test_actual_schema_generator_outputs) (compiler='/private/tmp/nanolang-array-types-20261008/bin/nano_virt')
----------------------------------------------------------------------
Traceback (most recent call last):
  File "/private/tmp/nanolang-array-types-20261008/tests/test_selfhost_json_artifacts.py", line 121, in test_actual_schema_generator_outputs
    self.command(*command, cwd=directory)
    ~~~~~~~~~~~~^^^^^^^^^^^^^^^^^^^^^^^^^
  File "/private/tmp/nanolang-array-types-20261008/tests/test_selfhost_json_artifacts.py", line 81, in command
    raise AssertionError(f"{args}: {result.returncode}\n{result.stdout}\n{result.stderr}")
AssertionError: (PosixPath('/var/folders/9z/xpmfgw8j09l4g6wwxrxtt97w0000gn/T/nano-json-artifacts-bk0w55cy/schema-nano_virt.native'),): 1
Generating compiler schema artifacts...
Loaded schema: 30302
Parsed schema successfully
Writing src_nano/generated/compiler_schema.nano...
Writing src_nano/generated/compiler_ast.nano...
Writing src_nano/generated/compiler_contracts.nano...
Writing src/generated/compiler_schema.h...
✓ Schema generation complete!


=================================================================
==22594==ERROR: LeakSanitizer: detected memory leaks

Direct leak of 22336 byte(s) in 349 object(s) allocated from:
    #0 0x0001012cd40c in malloc+0x70 (libclang_rt.asan_osx_dynamic.dylib:arm64+0x5540c)
    #1 0x000100bb20b0 in cJSON_New_Item+0x1c (libstd_json.dylib:arm64+0x20b0)
    #2 0x000100bb4abc in cJSON_Duplicate_rec+0x40 (libstd_json.dylib:arm64+0x4abc)
    #3 0x000100bb4a6c in cJSON_Duplicate+0x20 (libstd_json.dylib:arm64+0x4a6c)
    #4 0x000100bb1520 in nl_json_get_index+0x7c (libstd_json.dylib:arm64+0x1520)
    #5 0x00010020ed1c in nhost_json_32+0x340 (schema-nano_virt.native:arm64+0x100116d1c)
    #6 0x00010011c738 in nl_get_index+0x4d0 (schema-nano_virt.native:arm64+0x100024738)
    #7 0x0001001caa0c in nl_gen_c+0x4b8e0 (schema-nano_virt.native:arm64+0x1000d2a0c)
    #8 0x0001001dd364 in nl_main+0x4e68 (schema-nano_virt.native:arm64+0x1000e5364)
    #9 0x0001000f88c4 in main+0x1c (schema-nano_virt.native:arm64+0x1000008c4)
    #10 0x0001828804e0 in start+0x1b4c (dyld:arm64e+0x204e0)

Direct leak of 22336 byte(s) in 349 object(s) allocated from:
    #0 0x0001012cd40c in malloc+0x70 (libclang_rt.asan_osx_dynamic.dylib:arm64+0x5540c)
    #1 0x000100bb20b0 in cJSON_New_Item+0x1c (libstd_json.dylib:arm64+0x20b0)
    #2 0x000100bb4abc in cJSON_Duplicate_rec+0x40 (libstd_json.dylib:arm64+0x4abc)
    #3 0x000100bb4a6c in cJSON_Duplicate+0x20 (libstd_json.dylib:arm64+0x4a6c)
    #4 0x000100bb1520 in nl_json_get_index+0x7c (libstd_json.dylib:arm64+0x1520)
    #5 0x00010020ed1c in nhost_json_32+0x340 (schema-nano_virt.native:arm64+0x100116d1c)
    #6 0x00010011c738 in nl_get_index+0x4d0 (schema-nano_virt.native:arm64+0x100024738)
    #7 0x00010018b468 in nl_gen_c+0xc33c (schema-nano_virt.native:arm64+0x100093468)
    #8 0x0001001dd364 in nl_main+0x4e68 (schema-nano_virt.native:arm64+0x1000e5364)
    #9 0x0001000f88c4 in main+0x1c (schema-nano_virt.native:arm64+0x1000008c4)
    #10 0x0001828804e0 in start+0x1b4c (dyld:arm64e+0x204e0)

Direct leak of 22336 byte(s) in 349 object(s) allocated from:
    #0 0x0001012cd40c in malloc+0x70 (libclang_rt.asan_osx_dynamic.dylib:arm64+0x5540c)
    #1 0x000100bb20b0 in cJSON_New_Item+0x1c (libstd_json.dylib:arm64+0x20b0)
    #2 0x000100bb4abc in cJSON_Duplicate_rec+0x40 (libstd_json.dylib:arm64+0x4abc)
    #3 0x000100bb4a6c in cJSON_Duplicate+0x20 (libstd_json.dylib:arm64+0x4a6c)
    #4 0x000100bb1520 in nl_json_get_index+0x7c (libstd_json.dylib:arm64+0x1520)
    #5 0x00010020ed1c in nhost_json_32+0x340 (schema-nano_virt.native:arm64+0x100116d1c)
    #6 0x00010011c738 in nl_get_index+0x4d0 (schema-nano_virt.native:arm64+0x100024738)
    #7 0x0001001c9f98 in nl_gen_c+0x4ae6c (schema-nano_virt.native:arm64+0x1000d1f98)
    #8 0x0001001dd364 in nl_main+0x4e68 (schema-nano_virt.native:arm64+0x1000e5364)
    #9 0x0001000f88c4 in main+0x1c (schema-nano_virt.native:arm64+0x1000008c4)
    #10 0x0001828804e0 in start+0x1b4c (dyld:arm64e+0x204e0)

Direct leak of 22336 byte(s) in 349 object(s) allocated from:
    #0 0x0001012cd40c in malloc+0x70 (libclang_rt.asan_osx_dynamic.dylib:arm64+0x5540c)
    #1 0x000100bb20b0 in cJSON_New_Item+0x1c (libstd_json.dylib:arm64+0x20b0)
    #2 0x000100bb4abc in cJSON_Duplicate_rec+0x40 (libstd_json.dylib:arm64+0x4abc)
    #3 0x000100bb4a6c in cJSON_Duplicate+0x20 (libstd_json.dylib:arm64+0x4a6c)
    #4 0x000100bb1520 in nl_json_get_index+0x7c (libstd_json.dylib:arm64+0x1520)
    #5 0x00010020ed1c in nhost_json_32+0x340 (schema-nano_virt.native:arm64+0x100116d1c)
    #6 0x00010011c738 in nl_get_index+0x4d0 (schema-nano_virt.native:arm64+0x100024738)
    #7 0x0001001cbaf4 in nl_gen_c+0x4c9c8 (schema-nano_virt.native:arm64+0x1000d3af4)
    #8 0x0001001dd364 in nl_main+0x4e68 (schema-nano_virt.native:arm64+0x1000e5364)
    #9 0x0001000f88c4 in main+0x1c (schema-nano_virt.native:arm64+0x1000008c4)
    #10 0x0001828804e0 in start+0x1b4c (dyld:arm64e+0x204e0)

Direct leak of 22336 byte(s) in 349 object(s) allocated from:
    #0 0x0001012cd40c in malloc+0x70 (libclang_rt.asan_osx_dynamic.dylib:arm64+0x5540c)
    #1 0x000100bb20b0 in cJSON_New_Item+0x1c (libstd_json.dylib:arm64+0x20b0)
    #2 0x000100bb4abc in cJSON_Duplicate_rec+0x40 (libstd_json.dylib:arm64+0x4abc)
    #3 0x000100bb4a6c in cJSON_Duplicate+0x20 (libstd_json.dylib:arm64+0x4a6c)
    #4 0x000100bb1520 in nl_json_get_index+0x7c (libstd_json.dylib:arm64+0x1520)
    #5 0x00010020ed1c in nhost_json_32+0x340 (schema-nano_virt.native:arm64+0x100116d1c)
    #6 0x00010011c738 in nl_get_index+0x4d0 (schema-nano_virt.native:arm64+0x100024738)
    #7 0x00010018a814 in nl_gen_c+0xb6e8 (schema-nano_virt.native:arm64+0x100092814)
    #8 0x0001001dd364 in nl_main+0x4e68 (schema-nano_virt.native:arm64+0x1000e5364)
    #9 0x0001000f88c4 in main+0x1c (schema-nano_virt.native:arm64+0x1000008c4)
    #10 0x0001828804e0 in start+0x1b4c (dyld:arm64e+0x204e0)

Direct leak of 20544 byte(s) in 321 object(s) allocated from:
    #0 0x0001012cd40c in malloc+0x70 (libclang_rt.asan_osx_dynamic.dylib:arm64+0x5540c)
    #1 0x000100bb20b0 in cJSON_New_Item+0x1c (libstd_json.dylib:arm64+0x20b0)
    #2 0x000100bb4abc in cJSON_Duplicate_rec+0x40 (libstd_json.dylib:arm64+0x4abc)
    #3 0x000100bb4a6c in cJSON_Duplicate+0x20 (libstd_json.dylib:arm64+0x4a6c)
    #4 0x000100bb1520 in nl_json_get_index+0x7c (libstd_json.dylib:arm64+0x1520)
    #5 0x00010020ed1c in nhost_json_32+0x340 (schema-nano_virt.native:arm64+0x100116d1c)
    #6 0x00010011c738 in nl_get_index+0x4d0 (schema-nano_virt.native:arm64+0x100024738)
    #7 0x000100149b38 in nl_gen_nano_ast+0x17454 (schema-nano_virt.native:arm64+0x100051b38)
    #8 0x0001001dc97c in nl_main+0x4480 (schema-nano_virt.native:arm64+0x1000e497c)
    #9 0x0001000f88c4 in main+0x1c (schema-nano_virt.native:arm64+0x1000008c4)
    #10 0x0001828804e0 in start+0x1b4c (dyld:arm64e+0x204e0)

Direct leak of 20544 byte(s) in 321 object(s) allocated from:
    #0 0x0001012cd40c in malloc+0x70 (libclang_rt.asan_osx_dynamic.dylib:arm64+0x5540c)
    #1 0x000100bb20b0 in cJSON_New_Item+0x1c (libstd_json.dylib:arm64+0x20b0)
    #2 0x000100bb4abc in cJSON_Duplicate_rec+0x40 (libstd_json.dylib:arm64+0x4abc)
    #3 0x000100bb4a6c in cJSON_Duplicate+0x20 (libstd_json.dylib:arm64+0x4a6c)
    #4 0x000100bb1520 in nl_json_get_index+0x7c (libstd_json.dylib:arm64+0x1520)
    #5 0x00010020ed1c in nhost_json_32+0x340 (schema-nano_virt.native:arm64+0x100116d1c)
    #6 0x00010011c738 in nl_get_index+0x4d0 (schema-nano_virt.native:arm64+0x100024738)
    #7 0x000100148844 in nl_gen_nano_ast+0x16160 (schema-nano_virt.native:arm64+0x100050844)
    #8 0x0001001dc97c in nl_main+0x4480 (schema-nano_virt.native:arm64+0x1000e497c)
    #9 0x0001000f88c4 in main+0x1c (schema-nano_virt.native:arm64+0x1000008c4)
    #10 0x0001828804e0 in start+0x1b4c (dyld:arm64e+0x204e0)

Direct leak of 20544 byte(s) in 321 object(s) allocated from:
    #0 0x0001012cd40c in malloc+0x70 (libclang_rt.asan_osx_dynamic.dylib:arm64+0x5540c)
    #1 0x000100bb20b0 in cJSON_New_Item+0x1c (libstd_json.dylib:arm64+0x20b0)
    #2 0x000100bb4abc in cJSON_Duplicate_rec+0x40 (libstd_json.dylib:arm64+0x4abc)
    #3 0x000100bb4a6c in cJSON_Duplicate+0x20 (libstd_json.dylib:arm64+0x4a6c)
    #4 0x000100bb1520 in nl_json_get_index+0x7c (libstd_json.dylib:arm64+0x1520)
    #5 0x00010020ed1c in nhost_json_32+0x340 (schema-nano_virt.native:arm64+0x100116d1c)
    #6 0x00010011c738 in nl_get_index+0x4d0 (schema-nano_virt.native:arm64+0x100024738)
    #7 0x000100148fd8 in nl_gen_nano_ast+0x168f4 (schema-nano_virt.native:arm64+0x100050fd8)
    #8 0x0001001dc97c in nl_main+0x4480 (schema-nano_virt.native:arm64+0x1000e497c)
    #9 0x0001000f88c4 in main+0x1c (schema-nano_virt.native:arm64+0x1000008c4)
    #10 0x0001828804e0 in start+0x1b4c (dyld:arm64e+0x204e0)

Direct leak of 5696 byte(s) in 89 object(s) allocated from:
    #0 0x0001012cd40c in malloc+0x70 (libclang_rt.asan_osx_dynamic.dylib:arm64+0x5540c)
    #1 0x000100bb20b0 in cJSON_New_Item+0x1c (libstd_json.dylib:arm64+0x20b0)
    #2 0x000100bb4abc in cJSON_Duplicate_rec+0x40 (libstd_json.dylib:arm64+0x4abc)
    #3 0x000100bb4a6c in cJSON_Duplicate+0x20 (libstd_json.dylib:arm64+0x4a6c)
    #4 0x000100bb1520 in nl_json_get_index+0x7c (libstd_json.dylib:arm64+0x1520)
    #5 0x00010020ed1c in nhost_json_32+0x340 (schema-nano_virt.native:arm64+0x100116d1c)
    #6 0x00010011c738 in nl_get_index+0x4d0 (schema-nano_virt.native:arm64+0x100024738)
    #7 0x000100127a50 in nl_gen_nano_schema+0x29a0 (schema-nano_virt.native:arm64+0x10002fa50)
    #8 0x0001001dc488 in nl_main+0x3f8c (schema-nano_virt.native:arm64+0x1000e4488)
    #9 0x0001000f88c4 in main+0x1c (schema-nano_virt.native:arm64+0x1000008c4)
    #10 0x0001828804e0 in start+0x1b4c (dyld:arm64e+0x204e0)

Direct leak of 5696 byte(s) in 89 object(s) allocated from:
    #0 0x0001012cd40c in malloc+0x70 (libclang_rt.asan_osx_dynamic.dylib:arm64+0x5540c)
    #1 0x000100bb20b0 in cJSON_New_Item+0x1c (libstd_json.dylib:arm64+0x20b0)
    #2 0x000100bb4abc in cJSON_Duplicate_rec+0x40 (libstd_json.dylib:arm64+0x4abc)
    #3 0x000100bb4a6c in cJSON_Duplicate+0x20 (libstd_json.dylib:arm64+0x4a6c)
    #4 0x000100bb1520 in nl_json_get_index+0x7c (libstd_json.dylib:arm64+0x1520)
    #5 0x00010020ed1c in nhost_json_32+0x340 (schema-nano_virt.native:arm64+0x100116d1c)
    #6 0x00010011c738 in nl_get_index+0x4d0 (schema-nano_virt.native:arm64+0x100024738)
    #7 0x0001001b100c in nl_gen_c+0x31ee0 (schema-nano_virt.native:arm64+0x1000b900c)
    #8 0x0001001dd364 in nl_main+0x4e68 (schema-nano_virt.native:arm64+0x1000e5364)
    #9 0x0001000f88c4 in main+0x1c (schema-nano_virt.native:arm64+0x1000008c4)
    #10 0x0001828804e0 in start+0x1b4c (dyld:arm64e+0x204e0)

Direct leak of 3008 byte(s) in 47 object(s) allocated from:
    #0 0x0001012cd40c in malloc+0x70 (libclang_rt.asan_osx_dynamic.dylib:arm64+0x5540c)
    #1 0x000100bb20b0 in cJSON_New_Item+0x1c (libstd_json.dylib:arm64+0x20b0)
    #2 0x000100bb4abc in cJSON_Duplicate_rec+0x40 (libstd_json.dylib:arm64+0x4abc)
    #3 0x000100bb4a6c in cJSON_Duplicate+0x20 (libstd_json.dylib:arm64+0x4a6c)
    #4 0x000100bb1124 in nl_json_get+0x78 (libstd_json.dylib:arm64+0x1124)
    #5 0x00010020e47c in nhost_json_29+0x340 (schema-nano_virt.native:arm64+0x10011647c)
    #6 0x00010011b44c in nl_get+0x514 (schema-nano_virt.native:arm64+0x10002344c)
    #7 0x0001001c2f70 in nl_gen_c+0x43e44 (schema-nano_virt.native:arm64+0x1000caf70)
    #8 0x0001001dd364 in nl_main+0x4e68 (schema-nano_virt.native:arm64+0x1000e5364)
    #9 0x0001000f88c4 in main+0x1c (schema-nano_virt.native:arm64+0x1000008c4)
    #10 0x0001828804e0 in start+0x1b4c (dyld:arm64e+0x204e0)

Direct leak of 3008 byte(s) in 47 object(s) allocated from:
    #0 0x0001012cd40c in malloc+0x70 (libclang_rt.asan_osx_dynamic.dylib:arm64+0x5540c)
    #1 0x000100bb20b0 in cJSON_New_Item+0x1c (libstd_json.dylib:arm64+0x20b0)
    #2 0x000100bb4abc in cJSON_Duplicate_rec+0x40 (libstd_json.dylib:arm64+0x4abc)
    #3 0x000100bb4a6c in cJSON_Duplicate+0x20 (libstd_json.dylib:arm64+0x4a6c)
    #4 0x000100bb1124 in nl_json_get+0x78 (libstd_json.dylib:arm64+0x1124)
    #5 0x00010020e47c in nhost_json_29+0x340 (schema-nano_virt.native:arm64+0x10011647c)
    #6 0x00010011b44c in nl_get+0x514 (schema-nano_virt.native:arm64+0x10002344c)
    #7 0x0001001c4368 in nl_gen_c+0x4523c (schema-nano_virt.native:arm64+0x1000cc368)
    #8 0x0001001dd364 in nl_main+0x4e68 (schema-nano_virt.native:arm64+0x1000e5364)
    #9 0x0001000f88c4 in main+0x1c (schema-nano_virt.native:arm64+0x1000008c4)
    #10 0x0001828804e0 in start+0x1b4c (dyld:arm64e+0x204e0)

Direct leak of 3008 byte(s) in 47 object(s) allocated from:
    #0 0x0001012cd40c in malloc+0x70 (libclang_rt.asan_osx_dynamic.dylib:arm64+0x5540c)
    #1 0x000100bb20b0 in cJSON_New_Item+0x1c (libstd_json.dylib:arm64+0x20b0)
    #2 0x000100bb4abc in cJSON_Duplicate_rec+0x40 (libstd_json.dylib:arm64+0x4abc)
    #3 0x000100bb4a6c in cJSON_Duplicate+0x20 (libstd_json.dylib:arm64+0x4a6c)
    #4 0x000100bb1124 in nl_json_get+0x78 (libstd_json.dylib:arm64+0x1124)
    #5 0x00010020e47c in nhost_json_29+0x340 (schema-nano_virt.native:arm64+0x10011647c)
    #6 0x00010011b44c in nl_get+0x514 (schema-nano_virt.native:arm64+0x10002344c)
    #7 0x000100188aa0 in nl_gen_c+0x9974 (schema-nano_virt.native:arm64+0x100090aa0)
    #8 0x0001001dd364 in nl_main+0x4e68 (schema-nano_virt.native:arm64+0x1000e5364)
    #9 0x0001000f88c4 in main+0x1c (schema-nano_virt.native:arm64+0x1000008c4)
    #10 0x0001828804e0 in start+0x1b4c (dyld:arm64e+0x204e0)

Direct leak of 3008 byte(s) in 47 object(s) allocated from:
    #0 0x0001012cd40c in malloc+0x70 (libclang_rt.asan_osx_dynamic.dylib:arm64+0x5540c)
    #1 0x000100bb20b0 in cJSON_New_Item+0x1c (libstd_json.dylib:arm64+0x20b0)
    #2 0x000100bb4abc in cJSON_Duplicate_rec+0x40 (libstd_json.dylib:arm64+0x4abc)
    #3 0x000100bb4a6c in cJSON_Duplicate+0x20 (libstd_json.dylib:arm64+0x4a6c)
    #4 0x000100bb1124 in nl_json_get+0x78 (libstd_json.dylib:arm64+0x1124)
    #5 0x00010020e47c in nhost_json_29+0x340 (schema-nano_virt.native:arm64+0x10011647c)
    #6 0x00010011b44c in nl_get+0x514 (schema-nano_virt.native:arm64+0x10002344c)
    #7 0x0001001c5b48 in nl_gen_c+0x46a1c (schema-nano_virt.native:arm64+0x1000cdb48)
    #8 0x0001001dd364 in nl_main+0x4e68 (schema-nano_virt.native:arm64+0x1000e5364)
    #9 0x0001000f88c4 in main+0x1c (schema-nano_virt.native:arm64+0x1000008c4)
    #10 0x0001828804e0 in start+0x1b4c (dyld:arm64e+0x204e0)

Direct leak of 3008 byte(s) in 47 object(s) allocated from:
    #0 0x0001012cd40c in malloc+0x70 (libclang_rt.asan_osx_dynamic.dylib:arm64+0x5540c)
    #1 0x000100bb20b0 in cJSON_New_Item+0x1c (libstd_json.dylib:arm64+0x20b0)
    #2 0x000100bb4abc in cJSON_Duplicate_rec+0x40 (libstd_json.dylib:arm64+0x4abc)
    #3 0x000100bb4a6c in cJSON_Duplicate+0x20 (libstd_json.dylib:arm64+0x4a6c)
    #4 0x000100bb1520 in nl_json_get_index+0x7c (libstd_json.dylib:arm64+0x1520)
    #5 0x00010020ed1c in nhost_json_32+0x340 (schema-nano_virt.native:arm64+0x100116d1c)
    #6 0x00010011c738 in nl_get_index+0x4d0 (schema-nano_virt.native:arm64+0x100024738)
    #7 0x000100141790 in nl_gen_nano_ast+0xf0ac (schema-nano_virt.native:arm64+0x100049790)
    #8 0x0001001dc97c in nl_main+0x4480 (schema-nano_virt.native:arm64+0x1000e497c)
    #9 0x0001000f88c4 in main+0x1c (schema-nano_virt.native:arm64+0x1000008c4)
    #10 0x0001828804e0 in start+0x1b4c (dyld:arm64e+0x204e0)

Direct leak of 3008 byte(s) in 47 object(s) allocated from:
    #0 0x0001012cd40c in malloc+0x70 (libclang_rt.asan_osx_dynamic.dylib:arm64+0x5540c)
    #1 0x000100bb20b0 in cJSON_New_Item+0x1c (libstd_json.dylib:arm64+0x20b0)
    #2 0x000100bb4abc in cJSON_Duplicate_rec+0x40 (libstd_json.dylib:arm64+0x4abc)
    #3 0x000100bb4a6c in cJSON_Duplicate+0x20 (libstd_json.dylib:arm64+0x4a6c)
    #4 0x000100bb1520 in nl_json_get_index+0x7c (libstd_json.dylib:arm64+0x1520)
    #5 0x00010020ed1c in nhost_json_32+0x340 (schema-nano_virt.native:arm64+0x100116d1c)
    #6 0x00010011c738 in nl_get_index+0x4d0 (schema-nano_virt.native:arm64+0x100024738)
    #7 0x00010015d4a4 in nl_gen_contracts+0xeae8 (schema-nano_virt.native:arm64+0x1000654a4)
    #8 0x0001001dce70 in nl_main+0x4974 (schema-nano_virt.native:arm64+0x1000e4e70)
    #9 0x0001000f88c4 in main+0x1c (schema-nano_virt.native:arm64+0x1000008c4)
    #10 0x0001828804e0 in start+0x1b4c (dyld:arm64e+0x204e0)

Direct leak of 3008 byte(s) in 47 object(s) allocated from:
    #0 0x0001012cd40c in malloc+0x70 (libclang_rt.asan_osx_dynamic.dylib:arm64+0x5540c)
    #1 0x000100bb20b0 in cJSON_New_Item+0x1c (libstd_json.dylib:arm64+0x20b0)
    #2 0x000100bb4abc in cJSON_Duplicate_rec+0x40 (libstd_json.dylib:arm64+0x4abc)
    #3 0x000100bb4a6c in cJSON_Duplicate+0x20 (libstd_json.dylib:arm64+0x4a6c)
    #4 0x000100bb1520 in nl_json_get_index+0x7c (libstd_json.dylib:arm64+0x1520)
    #5 0x00010020ed1c in nhost_json_32+0x340 (schema-nano_virt.native:arm64+0x100116d1c)
    #6 0x00010011c738 in nl_get_index+0x4d0 (schema-nano_virt.native:arm64+0x100024738)
    #7 0x000100187d08 in nl_gen_c+0x8bdc (schema-nano_virt.native:arm64+0x10008fd08)
    #8 0x0001001dd364 in nl_main+0x4e68 (schema-nano_virt.native:arm64+0x1000e5364)
    #9 0x0001000f88c4 in main+0x1c (schema-nano_virt.native:arm64+0x1000008c4)
    #10 0x0001828804e0 in start+0x1b4c (dyld:arm64e+0x204e0)

Direct leak of 3008 byte(s) in 47 object(s) allocated from:
    #0 0x0001012cd40c in malloc+0x70 (libclang_rt.asan_osx_dynamic.dylib:arm64+0x5540c)
    #1 0x000100bb20b0 in cJSON_New_Item+0x1c (libstd_json.dylib:arm64+0x20b0)
    #2 0x000100bb4abc in cJSON_Duplicate_rec+0x40 (libstd_json.dylib:arm64+0x4abc)
    #3 0x000100bb4a6c in cJSON_Duplicate+0x20 (libstd_json.dylib:arm64+0x4a6c)
    #4 0x000100bb1520 in nl_json_get_index+0x7c (libstd_json.dylib:arm64+0x1520)
    #5 0x00010020ed1c in nhost_json_32+0x340 (schema-nano_virt.native:arm64+0x100116d1c)
    #6 0x00010011c738 in nl_get_index+0x4d0 (schema-nano_virt.native:arm64+0x100024738)
    #7 0x0001001c1878 in nl_gen_c+0x4274c (schema-nano_virt.native:arm64+0x1000c9878)
    #8 0x0001001dd364 in nl_main+0x4e68 (schema-nano_virt.native:arm64+0x1000e5364)
    #9 0x0001000f88c4 in main+0x1c (schema-nano_virt.native:arm64+0x1000008c4)
    #10 0x0001828804e0 in start+0x1b4c (dyld:arm64e+0x204e0)

Direct leak of 2944 byte(s) in 46 object(s) allocated from:
    #0 0x0001012cd40c in malloc+0x70 (libclang_rt.asan_osx_dynamic.dylib:arm64+0x5540c)
    #1 0x000100bb20b0 in cJSON_New_Item+0x1c (libstd_json.dylib:arm64+0x20b0)
    #2 0x000100bb4abc in cJSON_Duplicate_rec+0x40 (libstd_json.dylib:arm64+0x4abc)
    #3 0x000100bb4a6c in cJSON_Duplicate+0x20 (libstd_json.dylib:arm64+0x4a6c)
    #4 0x000100bb1520 in nl_json_get_index+0x7c (libstd_json.dylib:arm64+0x1520)
    #5 0x00010020ed1c in nhost_json_32+0x340 (schema-nano_virt.native:arm64+0x100116d1c)
    #6 0x00010011c738 in nl_get_index+0x4d0 (schema-nano_virt.native:arm64+0x100024738)
    #7 0x0001001ba260 in nl_gen_c+0x3b134 (schema-nano_virt.native:arm64+0x1000c2260)
    #8 0x0001001dd364 in nl_main+0x4e68 (schema-nano_virt.native:arm64+0x1000e5364)
    #9 0x0001000f88c4 in main+0x1c (schema-nano_virt.native:arm64+0x1000008c4)
    #10 0x0001828804e0 in start+0x1b4c (dyld:arm64e+0x204e0)

Direct leak of 2944 byte(s) in 46 object(s) allocated from:
    #0 0x0001012cd40c in malloc+0x70 (libclang_rt.asan_osx_dynamic.dylib:arm64+0x5540c)
    #1 0x000100bb20b0 in cJSON_New_Item+0x1c (libstd_json.dylib:arm64+0x20b0)
    #2 0x000100bb4abc in cJSON_Duplicate_rec+0x40 (libstd_json.dylib:arm64+0x4abc)
    #3 0x000100bb4a6c in cJSON_Duplicate+0x20 (libstd_json.dylib:arm64+0x4a6c)
    #4 0x000100bb1520 in nl_json_get_index+0x7c (libstd_json.dylib:arm64+0x1520)
    #5 0x00010020ed1c in nhost_json_32+0x340 (schema-nano_virt.native:arm64+0x100116d1c)
    #6 0x00010011c738 in nl_get_index+0x4d0 (schema-nano_virt.native:arm64+0x100024738)
    #7 0x00010012e8a8 in nl_gen_nano_schema+0x97f8 (schema-nano_virt.native:arm64+0x1000368a8)
    #8 0x0001001dc488 in nl_main+0x3f8c (schema-nano_virt.native:arm64+0x1000e4488)
    #9 0x0001000f88c4 in main+0x1c (schema-nano_virt.native:arm64+0x1000008c4)
    #10 0x0001828804e0 in start+0x1b4c (dyld:arm64e+0x204e0)

Direct leak of 2496 byte(s) in 39 object(s) allocated from:
    #0 0x0001012cd40c in malloc+0x70 (libclang_rt.asan_osx_dynamic.dylib:arm64+0x5540c)
    #1 0x000100bb20b0 in cJSON_New_Item+0x1c (libstd_json.dylib:arm64+0x20b0)
    #2 0x000100bb4abc in cJSON_Duplicate_rec+0x40 (libstd_json.dylib:arm64+0x4abc)
    #3 0x000100bb4a6c in cJSON_Duplicate+0x20 (libstd_json.dylib:arm64+0x4a6c)
    #4 0x000100bb1124 in nl_json_get+0x78 (libstd_json.dylib:arm64+0x1124)
    #5 0x00010020e47c in nhost_json_29+0x340 (schema-nano_virt.native:arm64+0x10011647c)
    #6 0x00010011b44c in nl_get+0x514 (schema-nano_virt.native:arm64+0x10002344c)
    #7 0x000100144620 in nl_gen_nano_ast+0x11f3c (schema-nano_virt.native:arm64+0x10004c620)
    #8 0x0001001dc97c in nl_main+0x4480 (schema-nano_virt.native:arm64+0x1000e497c)
    #9 0x0001000f88c4 in main+0x1c (schema-nano_virt.native:arm64+0x1000008c4)
    #10 0x0001828804e0 in start+0x1b4c (dyld:arm64e+0x204e0)

Direct leak of 2496 byte(s) in 39 object(s) allocated from:
    #0 0x0001012cd40c in malloc+0x70 (libclang_rt.asan_osx_dynamic.dylib:arm64+0x5540c)
    #1 0x000100bb20b0 in cJSON_New_Item+0x1c (libstd_json.dylib:arm64+0x20b0)
    #2 0x000100bb4abc in cJSON_Duplicate_rec+0x40 (libstd_json.dylib:arm64+0x4abc)
    #3 0x000100bb4a6c in cJSON_Duplicate+0x20 (libstd_json.dylib:arm64+0x4a6c)
    #4 0x000100bb1124 in nl_json_get+0x78 (libstd_json.dylib:arm64+0x1124)
    #5 0x00010020e47c in nhost_json_29+0x340 (schema-nano_virt.native:arm64+0x10011647c)
    #6 0x00010011b44c in nl_get+0x514 (schema-nano_virt.native:arm64+0x10002344c)
    #7 0x000100145ce4 in nl_gen_nano_ast+0x13600 (schema-nano_virt.native:arm64+0x10004dce4)
    #8 0x0001001dc97c in nl_main+0x4480 (schema-nano_virt.native:arm64+0x1000e497c)
    #9 0x0001000f88c4 in main+0x1c (schema-nano_virt.native:arm64+0x1000008c4)
    #10 0x0001828804e0 in start+0x1b4c (dyld:arm64e+0x204e0)

Direct leak of 2496 byte(s) in 39 object(s) allocated from:
    #0 0x0001012cd40c in malloc+0x70 (libclang_rt.asan_osx_dynamic.dylib:arm64+0x5540c)
    #1 0x000100bb20b0 in cJSON_New_Item+0x1c (libstd_json.dylib:arm64+0x20b0)
    #2 0x000100bb4abc in cJSON_Duplicate_rec+0x40 (libstd_json.dylib:arm64+0x4abc)
    #3 0x000100bb4a6c in cJSON_Duplicate+0x20 (libstd_json.dylib:arm64+0x4a6c)
    #4 0x000100bb1124 in nl_json_get+0x78 (libstd_json.dylib:arm64+0x1124)
    #5 0x00010020e47c in nhost_json_29+0x340 (schema-nano_virt.native:arm64+0x10011647c)
    #6 0x00010011b44c in nl_get+0x514 (schema-nano_virt.native:arm64+0x10002344c)
    #7 0x0001001439c4 in nl_gen_nano_ast+0x112e0 (schema-nano_virt.native:arm64+0x10004b9c4)
    #8 0x0001001dc97c in nl_main+0x4480 (schema-nano_virt.native:arm64+0x1000e497c)
    #9 0x0001000f88c4 in main+0x1c (schema-nano_virt.native:arm64+0x1000008c4)
    #10 0x0001828804e0 in start+0x1b4c (dyld:arm64e+0x204e0)

Direct leak of 1792 byte(s) in 28 object(s) allocated from:
    #0 0x0001012cd40c in malloc+0x70 (libclang_rt.asan_osx_dynamic.dylib:arm64+0x5540c)
    #1 0x000100bb20b0 in cJSON_New_Item+0x1c (libstd_json.dylib:arm64+0x20b0)
    #2 0x000100bb4abc in cJSON_Duplicate_rec+0x40 (libstd_json.dylib:arm64+0x4abc)
    #3 0x000100bb4a6c in cJSON_Duplicate+0x20 (libstd_json.dylib:arm64+0x4a6c)
    #4 0x000100bb1520 in nl_json_get_index+0x7c (libstd_json.dylib:arm64+0x1520)
    #5 0x00010020ed1c in nhost_json_32+0x340 (schema-nano_virt.native:arm64+0x100116d1c)
    #6 0x00010011c738 in nl_get_index+0x4d0 (schema-nano_virt.native:arm64+0x100024738)
    #7 0x000100164ce8 in nl_gen_contracts+0x1632c (schema-nano_virt.native:arm64+0x10006cce8)
    #8 0x0001001dce70 in nl_main+0x4974 (schema-nano_virt.native:arm64+0x1000e4e70)
    #9 0x0001000f88c4 in main+0x1c (schema-nano_virt.native:arm64+0x1000008c4)
    #10 0x0001828804e0 in start+0x1b4c (dyld:arm64e+0x204e0)

Direct leak of 1792 byte(s) in 28 object(s) allocated from:
    #0 0x0001012cd40c in malloc+0x70 (libclang_rt.asan_osx_dynamic.dylib:arm64+0x5540c)
    #1 0x000100bb20b0 in cJSON_New_Item+0x1c (libstd_json.dylib:arm64+0x20b0)
    #2 0x000100bb4abc in cJSON_Duplicate_rec+0x40 (libstd_json.dylib:arm64+0x4abc)
    #3 0x000100bb4a6c in cJSON_Duplicate+0x20 (libstd_json.dylib:arm64+0x4a6c)
    #4 0x000100bb1520 in nl_json_get_index+0x7c (libstd_json.dylib:arm64+0x1520)
    #5 0x00010020ed1c in nhost_json_32+0x340 (schema-nano_virt.native:arm64+0x100116d1c)
    #6 0x00010011c738 in nl_get_index+0x4d0 (schema-nano_virt.native:arm64+0x100024738)
    #7 0x000100164554 in nl_gen_contracts+0x15b98 (schema-nano_virt.native:arm64+0x10006c554)
    #8 0x0001001dce70 in nl_main+0x4974 (schema-nano_virt.native:arm64+0x1000e4e70)
    #9 0x0001000f88c4 in main+0x1c (schema-nano_virt.native:arm64+0x1000008c4)
    #10 0x0001828804e0 in start+0x1b4c (dyld:arm64e+0x204e0)

Direct leak of 1792 byte(s) in 28 object(s) allocated from:
    #0 0x0001012cd40c in malloc+0x70 (libclang_rt.asan_osx_dynamic.dylib:arm64+0x5540c)
    #1 0x000100bb20b0 in cJSON_New_Item+0x1c (libstd_json.dylib:arm64+0x20b0)
    #2 0x000100bb4abc in cJSON_Duplicate_rec+0x40 (libstd_json.dylib:arm64+0x4abc)
    #3 0x000100bb4a6c in cJSON_Duplicate+0x20 (libstd_json.dylib:arm64+0x4a6c)
    #4 0x000100bb1520 in nl_json_get_index+0x7c (libstd_json.dylib:arm64+0x1520)
    #5 0x00010020ed1c in nhost_json_32+0x340 (schema-nano_virt.native:arm64+0x100116d1c)
    #6 0x00010011c738 in nl_get_index+0x4d0 (schema-nano_virt.native:arm64+0x100024738)
    #7 0x000100165848 in nl_gen_contracts+0x16e8c (schema-nano_virt.native:arm64+0x10006d848)
    #8 0x0001001dce70 in nl_main+0x4974 (schema-nano_virt.native:arm64+0x1000e4e70)
    #9 0x0001000f88c4 in main+0x1c (schema-nano_virt.native:arm64+0x1000008c4)
    #10 0x0001828804e0 in start+0x1b4c (dyld:arm64e+0x204e0)

Direct leak of 1728 byte(s) in 27 object(s) allocated from:
    #0 0x0001012cd40c in malloc+0x70 (libclang_rt.asan_osx_dynamic.dylib:arm64+0x5540c)
    #1 0x000100bb20b0 in cJSON_New_Item+0x1c (libstd_json.dylib:arm64+0x20b0)
    #2 0x000100bb4abc in cJSON_Duplicate_rec+0x40 (libstd_json.dylib:arm64+0x4abc)
    #3 0x000100bb4a6c in cJSON_Duplicate+0x20 (libstd_json.dylib:arm64+0x4a6c)
    #4 0x000100bb1520 in nl_json_get_index+0x7c (libstd_json.dylib:arm64+0x1520)
    #5 0x00010020ed1c in nhost_json_32+0x340 (schema-nano_virt.native:arm64+0x100116d1c)
    #6 0x00010011c738 in nl_get_index+0x4d0 (schema-nano_virt.native:arm64+0x100024738)
    #7 0x0001001576c4 in nl_gen_contracts+0x8d08 (schema-nano_virt.native:arm64+0x10005f6c4)
    #8 0x0001001dce70 in nl_main+0x4974 (schema-nano_virt.native:arm64+0x1000e4e70)
    #9 0x0001000f88c4 in main+0x1c (schema-nano_virt.native:arm64+0x1000008c4)
    #10 0x0001828804e0 in start+0x1b4c (dyld:arm64e+0x204e0)

Direct leak of 576 byte(s) in 9 object(s) allocated from:
    #0 0x0001012cd40c in malloc+0x70 (libclang_rt.asan_osx_dynamic.dylib:arm64+0x5540c)
    #1 0x000100bb20b0 in cJSON_New_Item+0x1c (libstd_json.dylib:arm64+0x20b0)
    #2 0x000100bb4abc in cJSON_Duplicate_rec+0x40 (libstd_json.dylib:arm64+0x4abc)
    #3 0x000100bb4a6c in cJSON_Duplicate+0x20 (libstd_json.dylib:arm64+0x4a6c)
    #4 0x000100bb1520 in nl_json_get_index+0x7c (libstd_json.dylib:arm64+0x1520)
    #5 0x00010020ed1c in nhost_json_32+0x340 (schema-nano_virt.native:arm64+0x100116d1c)
    #6 0x00010011c738 in nl_get_index+0x4d0 (schema-nano_virt.native:arm64+0x100024738)
    #7 0x0001001a84f0 in nl_gen_c+0x293c4 (schema-nano_virt.native:arm64+0x1000b04f0)
    #8 0x0001001dd364 in nl_main+0x4e68 (schema-nano_virt.native:arm64+0x1000e5364)
    #9 0x0001000f88c4 in main+0x1c (schema-nano_virt.native:arm64+0x1000008c4)
    #10 0x0001828804e0 in start+0x1b4c (dyld:arm64e+0x204e0)

Direct leak of 512 byte(s) in 8 object(s) allocated from:
    #0 0x0001012cd40c in malloc+0x70 (libclang_rt.asan_osx_dynamic.dylib:arm64+0x5540c)
    #1 0x000100bb20b0 in cJSON_New_Item+0x1c (libstd_json.dylib:arm64+0x20b0)
    #2 0x000100bb4abc in cJSON_Duplicate_rec+0x40 (libstd_json.dylib:arm64+0x4abc)
    #3 0x000100bb4a6c in cJSON_Duplicate+0x20 (libstd_json.dylib:arm64+0x4a6c)
    #4 0x000100bb1124 in nl_json_get+0x78 (libstd_json.dylib:arm64+0x1124)
    #5 0x00010020e47c in nhost_json_29+0x340 (schema-nano_virt.native:arm64+0x10011647c)
    #6 0x00010011b44c in nl_get+0x514 (schema-nano_virt.native:arm64+0x10002344c)
    #7 0x00010015f6d4 in nl_gen_contracts+0x10d18 (schema-nano_virt.native:arm64+0x1000676d4)
    #8 0x0001001dce70 in nl_main+0x4974 (schema-nano_virt.native:arm64+0x1000e4e70)
    #9 0x0001000f88c4 in main+0x1c (schema-nano_virt.native:arm64+0x1000008c4)
    #10 0x0001828804e0 in start+0x1b4c (dyld:arm64e+0x204e0)

Direct leak of 512 byte(s) in 8 object(s) allocated from:
    #0 0x0001012cd40c in malloc+0x70 (libclang_rt.asan_osx_dynamic.dylib:arm64+0x5540c)
    #1 0x000100bb20b0 in cJSON_New_Item+0x1c (libstd_json.dylib:arm64+0x20b0)
    #2 0x000100bb4abc in cJSON_Duplicate_rec+0x40 (libstd_json.dylib:arm64+0x4abc)
    #3 0x000100bb4a6c in cJSON_Duplicate+0x20 (libstd_json.dylib:arm64+0x4a6c)
    #4 0x000100bb1124 in nl_json_get+0x78 (libstd_json.dylib:arm64+0x1124)
    #5 0x00010020e47c in nhost_json_29+0x340 (schema-nano_virt.native:arm64+0x10011647c)
    #6 0x00010011b44c in nl_get+0x514 (schema-nano_virt.native:arm64+0x10002344c)
    #7 0x0001001619f4 in nl_gen_contracts+0x13038 (schema-nano_virt.native:arm64+0x1000699f4)
    #8 0x0001001dce70 in nl_main+0x4974 (schema-nano_virt.native:arm64+0x1000e4e70)
    #9 0x0001000f88c4 in main+0x1c (schema-nano_virt.native:arm64+0x1000008c4)
    #10 0x0001828804e0 in start+0x1b4c (dyld:arm64e+0x204e0)

Direct leak of 512 byte(s) in 8 object(s) allocated from:
    #0 0x0001012cd40c in malloc+0x70 (libclang_rt.asan_osx_dynamic.dylib:arm64+0x5540c)
    #1 0x000100bb20b0 in cJSON_New_Item+0x1c (libstd_json.dylib:arm64+0x20b0)
    #2 0x000100bb4abc in cJSON_Duplicate_rec+0x40 (libstd_json.dylib:arm64+0x4abc)
    #3 0x000100bb4a6c in cJSON_Duplicate+0x20 (libstd_json.dylib:arm64+0x4a6c)
    #4 0x000100bb1124 in nl_json_get+0x78 (libstd_json.dylib:arm64+0x1124)
    #5 0x00010020e47c in nhost_json_29+0x340 (schema-nano_virt.native:arm64+0x10011647c)
    #6 0x00010011b44c in nl_get+0x514 (schema-nano_virt.native:arm64+0x10002344c)
    #7 0x000100160330 in nl_gen_contracts+0x11974 (schema-nano_virt.native:arm64+0x100068330)
    #8 0x0001001dce70 in nl_main+0x4974 (schema-nano_virt.native:arm64+0x1000e4e70)
    #9 0x0001000f88c4 in main+0x1c (schema-nano_virt.native:arm64+0x1000008c4)
    #10 0x0001828804e0 in start+0x1b4c (dyld:arm64e+0x204e0)

Direct leak of 512 byte(s) in 8 object(s) allocated from:
    #0 0x0001012cd40c in malloc+0x70 (libclang_rt.asan_osx_dynamic.dylib:arm64+0x5540c)
    #1 0x000100bb20b0 in cJSON_New_Item+0x1c (libstd_json.dylib:arm64+0x20b0)
    #2 0x000100bb4abc in cJSON_Duplicate_rec+0x40 (libstd_json.dylib:arm64+0x4abc)
    #3 0x000100bb4a6c in cJSON_Duplicate+0x20 (libstd_json.dylib:arm64+0x4a6c)
    #4 0x000100bb1124 in nl_json_get+0x78 (libstd_json.dylib:arm64+0x1124)
    #5 0x00010020e47c in nhost_json_29+0x340 (schema-nano_virt.native:arm64+0x10011647c)
    #6 0x00010011b44c in nl_get+0x514 (schema-nano_virt.native:arm64+0x10002344c)
    #7 0x0001001428ac in nl_gen_nano_ast+0x101c8 (schema-nano_virt.native:arm64+0x10004a8ac)
    #8 0x0001001dc97c in nl_main+0x4480 (schema-nano_virt.native:arm64+0x1000e497c)
    #9 0x0001000f88c4 in main+0x1c (schema-nano_virt.native:arm64+0x1000008c4)
    #10 0x0001828804e0 in start+0x1b4c (dyld:arm64e+0x204e0)

Direct leak of 512 byte(s) in 8 object(s) allocated from:
    #0 0x0001012cd40c in malloc+0x70 (libclang_rt.asan_osx_dynamic.dylib:arm64+0x5540c)
    #1 0x000100bb20b0 in cJSON_New_Item+0x1c (libstd_json.dylib:arm64+0x20b0)
    #2 0x000100bb4abc in cJSON_Duplicate_rec+0x40 (libstd_json.dylib:arm64+0x4abc)
    #3 0x000100bb4a6c in cJSON_Duplicate+0x20 (libstd_json.dylib:arm64+0x4a6c)
    #4 0x000100bb1124 in nl_json_get+0x78 (libstd_json.dylib:arm64+0x1124)
    #5 0x00010020e47c in nhost_json_29+0x340 (schema-nano_virt.native:arm64+0x10011647c)
    #6 0x00010011b44c in nl_get+0x514 (schema-nano_virt.native:arm64+0x10002344c)
    #7 0x00010015e5c0 in nl_gen_contracts+0xfc04 (schema-nano_virt.native:arm64+0x1000665c0)
    #8 0x0001001dce70 in nl_main+0x4974 (schema-nano_virt.native:arm64+0x1000e4e70)
    #9 0x0001000f88c4 in main+0x1c (schema-nano_virt.native:arm64+0x1000008c4)
    #10 0x0001828804e0 in start+0x1b4c (dyld:arm64e+0x204e0)

Direct leak of 320 byte(s) in 5 object(s) allocated from:
    #0 0x0001012cd40c in malloc+0x70 (libclang_rt.asan_osx_dynamic.dylib:arm64+0x5540c)
    #1 0x000100bb20b0 in cJSON_New_Item+0x1c (libstd_json.dylib:arm64+0x20b0)
    #2 0x000100bb4abc in cJSON_Duplicate_rec+0x40 (libstd_json.dylib:arm64+0x4abc)
    #3 0x000100bb4a6c in cJSON_Duplicate+0x20 (libstd_json.dylib:arm64+0x4a6c)
    #4 0x000100bb1124 in nl_json_get+0x78 (libstd_json.dylib:arm64+0x1124)
    #5 0x00010020e47c in nhost_json_29+0x340 (schema-nano_virt.native:arm64+0x10011647c)
    #6 0x00010011b44c in nl_get+0x514 (schema-nano_virt.native:arm64+0x10002344c)
    #7 0x0001001ce118 in nl_gen_c+0x4efec (schema-nano_virt.native:arm64+0x1000d6118)
    #8 0x0001001dd364 in nl_main+0x4e68 (schema-nano_virt.native:arm64+0x1000e5364)
    #9 0x0001000f88c4 in main+0x1c (schema-nano_virt.native:arm64+0x1000008c4)
    #10 0x0001828804e0 in start+0x1b4c (dyld:arm64e+0x204e0)

Direct leak of 192 byte(s) in 3 object(s) allocated from:
    #0 0x0001012cd40c in malloc+0x70 (libclang_rt.asan_osx_dynamic.dylib:arm64+0x5540c)
    #1 0x000100bb20b0 in cJSON_New_Item+0x1c (libstd_json.dylib:arm64+0x20b0)
    #2 0x000100bb4abc in cJSON_Duplicate_rec+0x40 (libstd_json.dylib:arm64+0x4abc)
    #3 0x000100bb4a6c in cJSON_Duplicate+0x20 (libstd_json.dylib:arm64+0x4a6c)
    #4 0x000100bb1124 in nl_json_get+0x78 (libstd_json.dylib:arm64+0x1124)
    #5 0x00010020e47c in nhost_json_29+0x340 (schema-nano_virt.native:arm64+0x10011647c)
    #6 0x00010011b44c in nl_get+0x514 (schema-nano_virt.native:arm64+0x10002344c)
    #7 0x00010015546c in nl_gen_contracts+0x6ab0 (schema-nano_virt.native:arm64+0x10005d46c)
    #8 0x0001001dce70 in nl_main+0x4974 (schema-nano_virt.native:arm64+0x1000e4e70)
    #9 0x0001000f88c4 in main+0x1c (schema-nano_virt.native:arm64+0x1000008c4)
    #10 0x0001828804e0 in start+0x1b4c (dyld:arm64e+0x204e0)

Direct leak of 192 byte(s) in 3 object(s) allocated from:
    #0 0x0001012cd40c in malloc+0x70 (libclang_rt.asan_osx_dynamic.dylib:arm64+0x5540c)
    #1 0x000100bb20b0 in cJSON_New_Item+0x1c (libstd_json.dylib:arm64+0x20b0)
    #2 0x000100bb4abc in cJSON_Duplicate_rec+0x40 (libstd_json.dylib:arm64+0x4abc)
    #3 0x000100bb4a6c in cJSON_Duplicate+0x20 (libstd_json.dylib:arm64+0x4a6c)
    #4 0x000100bb1124 in nl_json_get+0x78 (libstd_json.dylib:arm64+0x1124)
    #5 0x00010020e47c in nhost_json_29+0x340 (schema-nano_virt.native:arm64+0x10011647c)
    #6 0x00010011b44c in nl_get+0x514 (schema-nano_virt.native:arm64+0x10002344c)
    #7 0x000100154718 in nl_gen_contracts+0x5d5c (schema-nano_virt.native:arm64+0x10005c718)
    #8 0x0001001dce70 in nl_main+0x4974 (schema-nano_virt.native:arm64+0x1000e4e70)
    #9 0x0001000f88c4 in main+0x1c (schema-nano_virt.native:arm64+0x1000008c4)
    #10 0x0001828804e0 in start+0x1b4c (dyld:arm64e+0x204e0)

Direct leak of 192 byte(s) in 3 object(s) allocated from:
    #0 0x0001012cd40c in malloc+0x70 (libclang_rt.asan_osx_dynamic.dylib:arm64+0x5540c)
    #1 0x000100bb20b0 in cJSON_New_Item+0x1c (libstd_json.dylib:arm64+0x20b0)
    #2 0x000100bb4abc in cJSON_Duplicate_rec+0x40 (libstd_json.dylib:arm64+0x4abc)
    #3 0x000100bb4a6c in cJSON_Duplicate+0x20 (libstd_json.dylib:arm64+0x4a6c)
    #4 0x000100bb1124 in nl_json_get+0x78 (libstd_json.dylib:arm64+0x1124)
    #5 0x00010020e47c in nhost_json_29+0x340 (schema-nano_virt.native:arm64+0x10011647c)
    #6 0x00010011b44c in nl_get+0x514 (schema-nano_virt.native:arm64+0x10002344c)
    #7 0x0001001534e4 in nl_gen_contracts+0x4b28 (schema-nano_virt.native:arm64+0x10005b4e4)
    #8 0x0001001dce70 in nl_main+0x4974 (schema-nano_virt.native:arm64+0x1000e4e70)
    #9 0x0001000f88c4 in main+0x1c (schema-nano_virt.native:arm64+0x1000008c4)
    #10 0x0001828804e0 in start+0x1b4c (dyld:arm64e+0x204e0)

Direct leak of 192 byte(s) in 3 object(s) allocated from:
    #0 0x0001012cd40c in malloc+0x70 (libclang_rt.asan_osx_dynamic.dylib:arm64+0x5540c)
    #1 0x000100bb20b0 in cJSON_New_Item+0x1c (libstd_json.dylib:arm64+0x20b0)
    #2 0x000100bb4abc in cJSON_Duplicate_rec+0x40 (libstd_json.dylib:arm64+0x4abc)
    #3 0x000100bb4a6c in cJSON_Duplicate+0x20 (libstd_json.dylib:arm64+0x4a6c)
    #4 0x000100bb1520 in nl_json_get_index+0x7c (libstd_json.dylib:arm64+0x1520)
    #5 0x00010020ed1c in nhost_json_32+0x340 (schema-nano_virt.native:arm64+0x100116d1c)
    #6 0x00010011c738 in nl_get_index+0x4d0 (schema-nano_virt.native:arm64+0x100024738)
    #7 0x000100136588 in nl_gen_nano_ast+0x3ea4 (schema-nano_virt.native:arm64+0x10003e588)
    #8 0x0001001dc97c in nl_main+0x4480 (schema-nano_virt.native:arm64+0x1000e497c)
    #9 0x0001000f88c4 in main+0x1c (schema-nano_virt.native:arm64+0x1000008c4)
    #10 0x0001828804e0 in start+0x1b4c (dyld:arm64e+0x204e0)

Direct leak of 192 byte(s) in 3 object(s) allocated from:
    #0 0x0001012cd40c in malloc+0x70 (libclang_rt.asan_osx_dynamic.dylib:arm64+0x5540c)
    #1 0x000100bb20b0 in cJSON_New_Item+0x1c (libstd_json.dylib:arm64+0x20b0)
    #2 0x000100bb4abc in cJSON_Duplicate_rec+0x40 (libstd_json.dylib:arm64+0x4abc)
    #3 0x000100bb4a6c in cJSON_Duplicate+0x20 (libstd_json.dylib:arm64+0x4a6c)
    #4 0x000100bb1124 in nl_json_get+0x78 (libstd_json.dylib:arm64+0x1124)
    #5 0x00010020e47c in nhost_json_29+0x340 (schema-nano_virt.native:arm64+0x10011647c)
    #6 0x00010011b44c in nl_get+0x514 (schema-nano_virt.native:arm64+0x10002344c)
    #7 0x0001001377cc in nl_gen_nano_ast+0x50e8 (schema-nano_virt.native:arm64+0x10003f7cc)
    #8 0x0001001dc97c in nl_main+0x4480 (schema-nano_virt.native:arm64+0x1000e497c)
    #9 0x0001000f88c4 in main+0x1c (schema-nano_virt.native:arm64+0x1000008c4)
    #10 0x0001828804e0 in start+0x1b4c (dyld:arm64e+0x204e0)

Direct leak of 192 byte(s) in 3 object(s) allocated from:
    #0 0x0001012cd40c in malloc+0x70 (libclang_rt.asan_osx_dynamic.dylib:arm64+0x5540c)
    #1 0x000100bb20b0 in cJSON_New_Item+0x1c (libstd_json.dylib:arm64+0x20b0)
    #2 0x000100bb4abc in cJSON_Duplicate_rec+0x40 (libstd_json.dylib:arm64+0x4abc)
    #3 0x000100bb4a6c in cJSON_Duplicate+0x20 (libstd_json.dylib:arm64+0x4a6c)
    #4 0x000100bb1520 in nl_json_get_index+0x7c (libstd_json.dylib:arm64+0x1520)
    #5 0x00010020ed1c in nhost_json_32+0x340 (schema-nano_virt.native:arm64+0x100116d1c)
    #6 0x00010011c738 in nl_get_index+0x4d0 (schema-nano_virt.native:arm64+0x100024738)
    #7 0x00010019f5d0 in nl_gen_c+0x204a4 (schema-nano_virt.native:arm64+0x1000a75d0)
    #8 0x0001001dd364 in nl_main+0x4e68 (schema-nano_virt.native:arm64+0x1000e5364)
    #9 0x0001000f88c4 in main+0x1c (schema-nano_virt.native:arm64+0x1000008c4)
    #10 0x0001828804e0 in start+0x1b4c (dyld:arm64e+0x204e0)

Direct leak of 192 byte(s) in 3 object(s) allocated from:
    #0 0x0001012cd40c in malloc+0x70 (libclang_rt.asan_osx_dynamic.dylib:arm64+0x5540c)
    #1 0x000100bb20b0 in cJSON_New_Item+0x1c (libstd_json.dylib:arm64+0x20b0)
    #2 0x000100bb4abc in cJSON_Duplicate_rec+0x40 (libstd_json.dylib:arm64+0x4abc)
    #3 0x000100bb4a6c in cJSON_Duplicate+0x20 (libstd_json.dylib:arm64+0x4a6c)
    #4 0x000100bb1520 in nl_json_get_index+0x7c (libstd_json.dylib:arm64+0x1520)
    #5 0x00010020ed1c in nhost_json_32+0x340 (schema-nano_virt.native:arm64+0x100116d1c)
    #6 0x00010011c738 in nl_get_index+0x4d0 (schema-nano_virt.native:arm64+0x100024738)
    #7 0x0001001522a0 in nl_gen_contracts+0x38e4 (schema-nano_virt.native:arm64+0x10005a2a0)
    #8 0x0001001dce70 in nl_main+0x4974 (schema-nano_virt.native:arm64+0x1000e4e70)
    #9 0x0001000f88c4 in main+0x1c (schema-nano_virt.native:arm64+0x1000008c4)
    #10 0x0001828804e0 in start+0x1b4c (dyld:arm64e+0x204e0)

Direct leak of 128 byte(s) in 2 object(s) allocated from:
    #0 0x0001012cd40c in malloc+0x70 (libclang_rt.asan_osx_dynamic.dylib:arm64+0x5540c)
    #1 0x000100bb20b0 in cJSON_New_Item+0x1c (libstd_json.dylib:arm64+0x20b0)
    #2 0x000100bb4abc in cJSON_Duplicate_rec+0x40 (libstd_json.dylib:arm64+0x4abc)
    #3 0x000100bb4a6c in cJSON_Duplicate+0x20 (libstd_json.dylib:arm64+0x4a6c)
    #4 0x000100bb1124 in nl_json_get+0x78 (libstd_json.dylib:arm64+0x1124)
    #5 0x00010020e47c in nhost_json_29+0x340 (schema-nano_virt.native:arm64+0x10011647c)
    #6 0x00010011b44c in nl_get+0x514 (schema-nano_virt.native:arm64+0x10002344c)
    #7 0x0001001a10e8 in nl_gen_c+0x21fbc (schema-nano_virt.native:arm64+0x1000a90e8)
    #8 0x0001001dd364 in nl_main+0x4e68 (schema-nano_virt.native:arm64+0x1000e5364)
    #9 0x0001000f88c4 in main+0x1c (schema-nano_virt.native:arm64+0x1000008c4)
    #10 0x0001828804e0 in start+0x1b4c (dyld:arm64e+0x204e0)

Direct leak of 128 byte(s) in 2 object(s) allocated from:
    #0 0x0001012cd40c in malloc+0x70 (libclang_rt.asan_osx_dynamic.dylib:arm64+0x5540c)
    #1 0x000100bb20b0 in cJSON_New_Item+0x1c (libstd_json.dylib:arm64+0x20b0)
    #2 0x000100bb4abc in cJSON_Duplicate_rec+0x40 (libstd_json.dylib:arm64+0x4abc)
    #3 0x000100bb4a6c in cJSON_Duplicate+0x20 (libstd_json.dylib:arm64+0x4a6c)
    #4 0x000100bb1124 in nl_json_get+0x78 (libstd_json.dylib:arm64+0x1124)
    #5 0x00010020e47c in nhost_json_29+0x340 (schema-nano_virt.native:arm64+0x10011647c)
    #6 0x00010011b44c in nl_get+0x514 (schema-nano_virt.native:arm64+0x10002344c)
    #7 0x0001001a2868 in nl_gen_c+0x2373c (schema-nano_virt.native:arm64+0x1000aa868)
    #8 0x0001001dd364 in nl_main+0x4e68 (schema-nano_virt.native:arm64+0x1000e5364)
    #9 0x0001000f88c4 in main+0x1c (schema-nano_virt.native:arm64+0x1000008c4)
    #10 0x0001828804e0 in start+0x1b4c (dyld:arm64e+0x204e0)

Direct leak of 128 byte(s) in 2 object(s) allocated from:
    #0 0x0001012cd40c in malloc+0x70 (libclang_rt.asan_osx_dynamic.dylib:arm64+0x5540c)
    #1 0x000100bb20b0 in cJSON_New_Item+0x1c (libstd_json.dylib:arm64+0x20b0)
    #2 0x000100bb4abc in cJSON_Duplicate_rec+0x40 (libstd_json.dylib:arm64+0x4abc)
    #3 0x000100bb4a6c in cJSON_Duplicate+0x20 (libstd_json.dylib:arm64+0x4a6c)
    #4 0x000100bb1124 in nl_json_get+0x78 (libstd_json.dylib:arm64+0x1124)
    #5 0x00010020e47c in nhost_json_29+0x340 (schema-nano_virt.native:arm64+0x10011647c)
    #6 0x00010011b44c in nl_get+0x514 (schema-nano_virt.native:arm64+0x10002344c)
    #7 0x0001001a3d7c in nl_gen_c+0x24c50 (schema-nano_virt.native:arm64+0x1000abd7c)
    #8 0x0001001dd364 in nl_main+0x4e68 (schema-nano_virt.native:arm64+0x1000e5364)
    #9 0x0001000f88c4 in main+0x1c (schema-nano_virt.native:arm64+0x1000008c4)
    #10 0x0001828804e0 in start+0x1b4c (dyld:arm64e+0x204e0)

Direct leak of 64 byte(s) in 1 object(s) allocated from:
    #0 0x0001012cd40c in malloc+0x70 (libclang_rt.asan_osx_dynamic.dylib:arm64+0x5540c)
    #1 0x000100bb20b0 in cJSON_New_Item+0x1c (libstd_json.dylib:arm64+0x20b0)
    #2 0x000100bb4abc in cJSON_Duplicate_rec+0x40 (libstd_json.dylib:arm64+0x4abc)
    #3 0x000100bb4a6c in cJSON_Duplicate+0x20 (libstd_json.dylib:arm64+0x4a6c)
    #4 0x000100bb1124 in nl_json_get+0x78 (libstd_json.dylib:arm64+0x1124)
    #5 0x00010020e47c in nhost_json_29+0x340 (schema-nano_virt.native:arm64+0x10011647c)
    #6 0x00010011b44c in nl_get+0x514 (schema-nano_virt.native:arm64+0x10002344c)
    #7 0x000100126804 in nl_gen_nano_schema+0x1754 (schema-nano_virt.native:arm64+0x10002e804)
    #8 0x0001001dc488 in nl_main+0x3f8c (schema-nano_virt.native:arm64+0x1000e4488)
    #9 0x0001000f88c4 in main+0x1c (schema-nano_virt.native:arm64+0x1000008c4)
    #10 0x0001828804e0 in start+0x1b4c (dyld:arm64e+0x204e0)

Direct leak of 64 byte(s) in 1 object(s) allocated from:
    #0 0x0001012cd40c in malloc+0x70 (libclang_rt.asan_osx_dynamic.dylib:arm64+0x5540c)
    #1 0x000100bb20b0 in cJSON_New_Item+0x1c (libstd_json.dylib:arm64+0x20b0)
    #2 0x000100bb4abc in cJSON_Duplicate_rec+0x40 (libstd_json.dylib:arm64+0x4abc)
    #3 0x000100bb4a6c in cJSON_Duplicate+0x20 (libstd_json.dylib:arm64+0x4a6c)
    #4 0x000100bb1124 in nl_json_get+0x78 (libstd_json.dylib:arm64+0x1124)
    #5 0x00010020e47c in nhost_json_29+0x340 (schema-nano_virt.native:arm64+0x10011647c)
    #6 0x00010011b44c in nl_get+0x514 (schema-nano_virt.native:arm64+0x10002344c)
    #7 0x000100185f94 in nl_gen_c+0x6e68 (schema-nano_virt.native:arm64+0x10008df94)
    #8 0x0001001dd364 in nl_main+0x4e68 (schema-nano_virt.native:arm64+0x1000e5364)
    #9 0x0001000f88c4 in main+0x1c (schema-nano_virt.native:arm64+0x1000008c4)
    #10 0x0001828804e0 in start+0x1b4c (dyld:arm64e+0x204e0)

Direct leak of 64 byte(s) in 1 object(s) allocated from:
    #0 0x0001012cd40c in malloc+0x70 (libclang_rt.asan_osx_dynamic.dylib:arm64+0x5540c)
    #1 0x000100bb20b0 in cJSON_New_Item+0x1c (libstd_json.dylib:arm64+0x20b0)
    #2 0x000100bb4abc in cJSON_Duplicate_rec+0x40 (libstd_json.dylib:arm64+0x4abc)
    #3 0x000100bb4a6c in cJSON_Duplicate+0x20 (libstd_json.dylib:arm64+0x4a6c)
    #4 0x000100bb1124 in nl_json_get+0x78 (libstd_json.dylib:arm64+0x1124)
    #5 0x00010020e47c in nhost_json_29+0x340 (schema-nano_virt.native:arm64+0x10011647c)
    #6 0x00010011b44c in nl_get+0x514 (schema-nano_virt.native:arm64+0x10002344c)
    #7 0x00010019d5f4 in nl_gen_c+0x1e4c8 (schema-nano_virt.native:arm64+0x1000a55f4)
    #8 0x0001001dd364 in nl_main+0x4e68 (schema-nano_virt.native:arm64+0x1000e5364)
    #9 0x0001000f88c4 in main+0x1c (schema-nano_virt.native:arm64+0x1000008c4)
    #10 0x0001828804e0 in start+0x1b4c (dyld:arm64e+0x204e0)

Direct leak of 64 byte(s) in 1 object(s) allocated from:
    #0 0x0001012cd40c in malloc+0x70 (libclang_rt.asan_osx_dynamic.dylib:arm64+0x5540c)
    #1 0x000100bb20b0 in cJSON_New_Item+0x1c (libstd_json.dylib:arm64+0x20b0)
    #2 0x000100bb4abc in cJSON_Duplicate_rec+0x40 (libstd_json.dylib:arm64+0x4abc)
    #3 0x000100bb4a6c in cJSON_Duplicate+0x20 (libstd_json.dylib:arm64+0x4a6c)
    #4 0x000100bb1124 in nl_json_get+0x78 (libstd_json.dylib:arm64+0x1124)
    #5 0x00010020e47c in nhost_json_29+0x340 (schema-nano_virt.native:arm64+0x10011647c)
    #6 0x00010011b44c in nl_get+0x514 (schema-nano_virt.native:arm64+0x10002344c)
    #7 0x00010015bfd0 in nl_gen_contracts+0xd614 (schema-nano_virt.native:arm64+0x100063fd0)
    #8 0x0001001dce70 in nl_main+0x4974 (schema-nano_virt.native:arm64+0x1000e4e70)
    #9 0x0001000f88c4 in main+0x1c (schema-nano_virt.native:arm64+0x1000008c4)
    #10 0x0001828804e0 in start+0x1b4c (dyld:arm64e+0x204e0)

Direct leak of 64 byte(s) in 1 object(s) allocated from:
    #0 0x0001012cd40c in malloc+0x70 (libclang_rt.asan_osx_dynamic.dylib:arm64+0x5540c)
    #1 0x000100bb20b0 in cJSON_New_Item+0x1c (libstd_json.dylib:arm64+0x20b0)
    #2 0x000100bb4abc in cJSON_Duplicate_rec+0x40 (libstd_json.dylib:arm64+0x4abc)
    #3 0x000100bb4a6c in cJSON_Duplicate+0x20 (libstd_json.dylib:arm64+0x4a6c)
    #4 0x000100bb1124 in nl_json_get+0x78 (libstd_json.dylib:arm64+0x1124)
    #5 0x00010020e47c in nhost_json_29+0x340 (schema-nano_virt.native:arm64+0x10011647c)
    #6 0x00010011b44c in nl_get+0x514 (schema-nano_virt.native:arm64+0x10002344c)
    #7 0x000100150c94 in nl_gen_contracts+0x22d8 (schema-nano_virt.native:arm64+0x100058c94)
    #8 0x0001001dce70 in nl_main+0x4974 (schema-nano_virt.native:arm64+0x1000e4e70)
    #9 0x0001000f88c4 in main+0x1c (schema-nano_virt.native:arm64+0x1000008c4)
    #10 0x0001828804e0 in start+0x1b4c (dyld:arm64e+0x204e0)

Direct leak of 64 byte(s) in 1 object(s) allocated from:
    #0 0x0001012cd40c in malloc+0x70 (libclang_rt.asan_osx_dynamic.dylib:arm64+0x5540c)
    #1 0x000100bb20b0 in cJSON_New_Item+0x1c (libstd_json.dylib:arm64+0x20b0)
    #2 0x000100bb4abc in cJSON_Duplicate_rec+0x40 (libstd_json.dylib:arm64+0x4abc)
    #3 0x000100bb4a6c in cJSON_Duplicate+0x20 (libstd_json.dylib:arm64+0x4a6c)
    #4 0x000100bb1124 in nl_json_get+0x78 (libstd_json.dylib:arm64+0x1124)
    #5 0x00010020e47c in nhost_json_29+0x340 (schema-nano_virt.native:arm64+0x10011647c)
    #6 0x00010011b44c in nl_get+0x514 (schema-nano_virt.native:arm64+0x10002344c)
    #7 0x0001001af358 in nl_gen_c+0x3022c (schema-nano_virt.native:arm64+0x1000b7358)
    #8 0x0001001dd364 in nl_main+0x4e68 (schema-nano_virt.native:arm64+0x1000e5364)
    #9 0x0001000f88c4 in main+0x1c (schema-nano_virt.native:arm64+0x1000008c4)
    #10 0x0001828804e0 in start+0x1b4c (dyld:arm64e+0x204e0)

Direct leak of 64 byte(s) in 1 object(s) allocated from:
    #0 0x0001012cd40c in malloc+0x70 (libclang_rt.asan_osx_dynamic.dylib:arm64+0x5540c)
    #1 0x000100bb20b0 in cJSON_New_Item+0x1c (libstd_json.dylib:arm64+0x20b0)
    #2 0x000100bb4abc in cJSON_Duplicate_rec+0x40 (libstd_json.dylib:arm64+0x4abc)
    #3 0x000100bb4a6c in cJSON_Duplicate+0x20 (libstd_json.dylib:arm64+0x4a6c)
    #4 0x000100bb1124 in nl_json_get+0x78 (libstd_json.dylib:arm64+0x1124)
    #5 0x00010020e47c in nhost_json_29+0x340 (schema-nano_virt.native:arm64+0x10011647c)
    #6 0x00010011b44c in nl_get+0x514 (schema-nano_virt.native:arm64+0x10002344c)
    #7 0x0001001bfd8c in nl_gen_c+0x40c60 (schema-nano_virt.native:arm64+0x1000c7d8c)
    #8 0x0001001dd364 in nl_main+0x4e68 (schema-nano_virt.native:arm64+0x1000e5364)
    #9 0x0001000f88c4 in main+0x1c (schema-nano_virt.native:arm64+0x1000008c4)
    #10 0x0001828804e0 in start+0x1b4c (dyld:arm64e+0x204e0)

Direct leak of 64 byte(s) in 1 object(s) allocated from:
    #0 0x0001012cd40c in malloc+0x70 (libclang_rt.asan_osx_dynamic.dylib:arm64+0x5540c)
    #1 0x000100bb20b0 in cJSON_New_Item+0x1c (libstd_json.dylib:arm64+0x20b0)
    #2 0x000100bb4abc in cJSON_Duplicate_rec+0x40 (libstd_json.dylib:arm64+0x4abc)
    #3 0x000100bb4a6c in cJSON_Duplicate+0x20 (libstd_json.dylib:arm64+0x4a6c)
    #4 0x000100bb1124 in nl_json_get+0x78 (libstd_json.dylib:arm64+0x1124)
    #5 0x00010020e47c in nhost_json_29+0x340 (schema-nano_virt.native:arm64+0x10011647c)
    #6 0x00010011b44c in nl_get+0x514 (schema-nano_virt.native:arm64+0x10002344c)
    #7 0x0001001402bc in nl_gen_nano_ast+0xdbd8 (schema-nano_virt.native:arm64+0x1000482bc)
    #8 0x0001001dc97c in nl_main+0x4480 (schema-nano_virt.native:arm64+0x1000e497c)
    #9 0x0001000f88c4 in main+0x1c (schema-nano_virt.native:arm64+0x1000008c4)
    #10 0x0001828804e0 in start+0x1b4c (dyld:arm64e+0x204e0)

Direct leak of 64 byte(s) in 1 object(s) allocated from:
    #0 0x0001012cd40c in malloc+0x70 (libclang_rt.asan_osx_dynamic.dylib:arm64+0x5540c)
    #1 0x000100bb20b0 in cJSON_New_Item+0x1c (libstd_json.dylib:arm64+0x20b0)
    #2 0x000100bb4abc in cJSON_Duplicate_rec+0x40 (libstd_json.dylib:arm64+0x4abc)
    #3 0x000100bb4a6c in cJSON_Duplicate+0x20 (libstd_json.dylib:arm64+0x4a6c)
    #4 0x000100bb1124 in nl_json_get+0x78 (libstd_json.dylib:arm64+0x1124)
    #5 0x00010020e47c in nhost_json_29+0x340 (schema-nano_virt.native:arm64+0x10011647c)
    #6 0x00010011b44c in nl_get+0x514 (schema-nano_virt.native:arm64+0x10002344c)
    #7 0x0001001b85ac in nl_gen_c+0x39480 (schema-nano_virt.native:arm64+0x1000c05ac)
    #8 0x0001001dd364 in nl_main+0x4e68 (schema-nano_virt.native:arm64+0x1000e5364)
    #9 0x0001000f88c4 in main+0x1c (schema-nano_virt.native:arm64+0x1000008c4)
    #10 0x0001828804e0 in start+0x1b4c (dyld:arm64e+0x204e0)

Direct leak of 64 byte(s) in 1 object(s) allocated from:
    #0 0x0001012cd40c in malloc+0x70 (libclang_rt.asan_osx_dynamic.dylib:arm64+0x5540c)
    #1 0x000100bb20b0 in cJSON_New_Item+0x1c (libstd_json.dylib:arm64+0x20b0)
    #2 0x000100bb4abc in cJSON_Duplicate_rec+0x40 (libstd_json.dylib:arm64+0x4abc)
    #3 0x000100bb4a6c in cJSON_Duplicate+0x20 (libstd_json.dylib:arm64+0x4a6c)
    #4 0x000100bb1124 in nl_json_get+0x78 (libstd_json.dylib:arm64+0x1124)
    #5 0x00010020e47c in nhost_json_29+0x340 (schema-nano_virt.native:arm64+0x10011647c)
    #6 0x00010011b44c in nl_get+0x514 (schema-nano_virt.native:arm64+0x10002344c)
    #7 0x000100134f7c in nl_gen_nano_ast+0x2898 (schema-nano_virt.native:arm64+0x10003cf7c)
    #8 0x0001001dc97c in nl_main+0x4480 (schema-nano_virt.native:arm64+0x1000e497c)
    #9 0x0001000f88c4 in main+0x1c (schema-nano_virt.native:arm64+0x1000008c4)
    #10 0x0001828804e0 in start+0x1b4c (dyld:arm64e+0x204e0)

Direct leak of 64 byte(s) in 1 object(s) allocated from:
    #0 0x0001012cd40c in malloc+0x70 (libclang_rt.asan_osx_dynamic.dylib:arm64+0x5540c)
    #1 0x000100bb20b0 in cJSON_New_Item+0x1c (libstd_json.dylib:arm64+0x20b0)
    #2 0x000100bb4abc in cJSON_Duplicate_rec+0x40 (libstd_json.dylib:arm64+0x4abc)
    #3 0x000100bb4a6c in cJSON_Duplicate+0x20 (libstd_json.dylib:arm64+0x4a6c)
    #4 0x000100bb1124 in nl_json_get+0x78 (libstd_json.dylib:arm64+0x1124)
    #5 0x00010020e47c in nhost_json_29+0x340 (schema-nano_virt.native:arm64+0x10011647c)
    #6 0x00010011b44c in nl_get+0x514 (schema-nano_virt.native:arm64+0x10002344c)
    #7 0x00010012d4d4 in nl_gen_nano_schema+0x8424 (schema-nano_virt.native:arm64+0x1000354d4)
    #8 0x0001001dc488 in nl_main+0x3f8c (schema-nano_virt.native:arm64+0x1000e4488)
    #9 0x0001000f88c4 in main+0x1c (schema-nano_virt.native:arm64+0x1000008c4)
    #10 0x0001828804e0 in start+0x1b4c (dyld:arm64e+0x204e0)

Direct leak of 64 byte(s) in 1 object(s) allocated from:
    #0 0x0001012cd40c in malloc+0x70 (libclang_rt.asan_osx_dynamic.dylib:arm64+0x5540c)
    #1 0x000100bb20b0 in cJSON_New_Item+0x1c (libstd_json.dylib:arm64+0x20b0)
    #2 0x000100bb4abc in cJSON_Duplicate_rec+0x40 (libstd_json.dylib:arm64+0x4abc)
    #3 0x000100bb4a6c in cJSON_Duplicate+0x20 (libstd_json.dylib:arm64+0x4a6c)
    #4 0x000100bb1124 in nl_json_get+0x78 (libstd_json.dylib:arm64+0x1124)
    #5 0x00010020e47c in nhost_json_29+0x340 (schema-nano_virt.native:arm64+0x10011647c)
    #6 0x00010011b44c in nl_get+0x514 (schema-nano_virt.native:arm64+0x10002344c)
    #7 0x0001001cf838 in nl_gen_c+0x5070c (schema-nano_virt.native:arm64+0x1000d7838)
    #8 0x0001001dd364 in nl_main+0x4e68 (schema-nano_virt.native:arm64+0x1000e5364)
    #9 0x0001000f88c4 in main+0x1c (schema-nano_virt.native:arm64+0x1000008c4)
    #10 0x0001828804e0 in start+0x1b4c (dyld:arm64e+0x204e0)

Indirect leak of 44672 byte(s) in 698 object(s) allocated from:
    #0 0x0001012cd40c in malloc+0x70 (libclang_rt.asan_osx_dynamic.dylib:arm64+0x5540c)
    #1 0x000100bb20b0 in cJSON_New_Item+0x1c (libstd_json.dylib:arm64+0x20b0)
    #2 0x000100bb4abc in cJSON_Duplicate_rec+0x40 (libstd_json.dylib:arm64+0x4abc)
    #3 0x000100bb4c18 in cJSON_Duplicate_rec+0x19c (libstd_json.dylib:arm64+0x4c18)
    #4 0x000100bb4c18 in cJSON_Duplicate_rec+0x19c (libstd_json.dylib:arm64+0x4c18)
    #5 0x000100bb4c18 in cJSON_Duplicate_rec+0x19c (libstd_json.dylib:arm64+0x4c18)
    #6 0x000100bb4a6c in cJSON_Duplicate+0x20 (libstd_json.dylib:arm64+0x4a6c)
    #7 0x000100bb1520 in nl_json_get_index+0x7c (libstd_json.dylib:arm64+0x1520)
    #8 0x00010020ed1c in nhost_json_32+0x340 (schema-nano_virt.native:arm64+0x100116d1c)
    #9 0x00010011c738 in nl_get_index+0x4d0 (schema-nano_virt.native:arm64+0x100024738)
    #10 0x00010015d4a4 in nl_gen_contracts+0xeae8 (schema-nano_virt.native:arm64+0x1000654a4)
    #11 0x0001001dce70 in nl_main+0x4974 (schema-nano_virt.native:arm64+0x1000e4e70)
    #12 0x0001000f88c4 in main+0x1c (schema-nano_virt.native:arm64+0x1000008c4)
    #13 0x0001828804e0 in start+0x1b4c (dyld:arm64e+0x204e0)

Indirect leak of 44672 byte(s) in 698 object(s) allocated from:
    #0 0x0001012cd40c in malloc+0x70 (libclang_rt.asan_osx_dynamic.dylib:arm64+0x5540c)
    #1 0x000100bb20b0 in cJSON_New_Item+0x1c (libstd_json.dylib:arm64+0x20b0)
    #2 0x000100bb4abc in cJSON_Duplicate_rec+0x40 (libstd_json.dylib:arm64+0x4abc)
    #3 0x000100bb4c18 in cJSON_Duplicate_rec+0x19c (libstd_json.dylib:arm64+0x4c18)
    #4 0x000100bb4a6c in cJSON_Duplicate+0x20 (libstd_json.dylib:arm64+0x4a6c)
    #5 0x000100bb1520 in nl_json_get_index+0x7c (libstd_json.dylib:arm64+0x1520)
    #6 0x00010020ed1c in nhost_json_32+0x340 (schema-nano_virt.native:arm64+0x100116d1c)
    #7 0x00010011c738 in nl_get_index+0x4d0 (schema-nano_virt.native:arm64+0x100024738)
    #8 0x0001001c9f98 in nl_gen_c+0x4ae6c (schema-nano_virt.native:arm64+0x1000d1f98)
    #9 0x0001001dd364 in nl_main+0x4e68 (schema-nano_virt.native:arm64+0x1000e5364)
    #10 0x0001000f88c4 in main+0x1c (schema-nano_virt.native:arm64+0x1000008c4)
    #11 0x0001828804e0 in start+0x1b4c (dyld:arm64e+0x204e0)

Indirect leak of 44672 byte(s) in 698 object(s) allocated from:
    #0 0x0001012cd40c in malloc+0x70 (libclang_rt.asan_osx_dynamic.dylib:arm64+0x5540c)
    #1 0x000100bb20b0 in cJSON_New_Item+0x1c (libstd_json.dylib:arm64+0x20b0)
    #2 0x000100bb4abc in cJSON_Duplicate_rec+0x40 (libstd_json.dylib:arm64+0x4abc)
    #3 0x000100bb4c18 in cJSON_Duplicate_rec+0x19c (libstd_json.dylib:arm64+0x4c18)
    #4 0x000100bb4c18 in cJSON_Duplicate_rec+0x19c (libstd_json.dylib:arm64+0x4c18)
    #5 0x000100bb4c18 in cJSON_Duplicate_rec+0x19c (libstd_json.dylib:arm64+0x4c18)
    #6 0x000100bb4c18 in cJSON_Duplicate_rec+0x19c (libstd_json.dylib:arm64+0x4c18)
    #7 0x000100bb4a6c in cJSON_Duplicate+0x20 (libstd_json.dylib:arm64+0x4a6c)
    #8 0x000100bb1124 in nl_json_get+0x78 (libstd_json.dylib:arm64+0x1124)
    #9 0x00010020e47c in nhost_json_29+0x340 (schema-nano_virt.native:arm64+0x10011647c)
    #10 0x00010011b44c in nl_get+0x514 (schema-nano_virt.native:arm64+0x10002344c)
    #11 0x0001001bfd8c in nl_gen_c+0x40c60 (schema-nano_virt.native:arm64+0x1000c7d8c)
    #12 0x0001001dd364 in nl_main+0x4e68 (schema-nano_virt.native:arm64+0x1000e5364)
    #13 0x0001000f88c4 in main+0x1c (schema-nano_virt.native:arm64+0x1000008c4)
    #14 0x0001828804e0 in start+0x1b4c (dyld:arm64e+0x204e0)

Indirect leak of 44672 byte(s) in 698 object(s) allocated from:
    #0 0x0001012cd40c in malloc+0x70 (libclang_rt.asan_osx_dynamic.dylib:arm64+0x5540c)
    #1 0x000100bb20b0 in cJSON_New_Item+0x1c (libstd_json.dylib:arm64+0x20b0)
    #2 0x000100bb4abc in cJSON_Duplicate_rec+0x40 (libstd_json.dylib:arm64+0x4abc)
    #3 0x000100bb4c18 in cJSON_Duplicate_rec+0x19c (libstd_json.dylib:arm64+0x4c18)
    #4 0x000100bb4c18 in cJSON_Duplicate_rec+0x19c (libstd_json.dylib:arm64+0x4c18)
    #5 0x000100bb4c18 in cJSON_Duplicate_rec+0x19c (libstd_json.dylib:arm64+0x4c18)
    #6 0x000100bb4a6c in cJSON_Duplicate+0x20 (libstd_json.dylib:arm64+0x4a6c)
    #7 0x000100bb1520 in nl_json_get_index+0x7c (libstd_json.dylib:arm64+0x1520)
    #8 0x00010020ed1c in nhost_json_32+0x340 (schema-nano_virt.native:arm64+0x100116d1c)
    #9 0x00010011c738 in nl_get_index+0x4d0 (schema-nano_virt.native:arm64+0x100024738)
    #10 0x000100187d08 in nl_gen_c+0x8bdc (schema-nano_virt.native:arm64+0x10008fd08)
    #11 0x0001001dd364 in nl_main+0x4e68 (schema-nano_virt.native:arm64+0x1000e5364)
    #12 0x0001000f88c4 in main+0x1c (schema-nano_virt.native:arm64+0x1000008c4)
    #13 0x0001828804e0 in start+0x1b4c (dyld:arm64e+0x204e0)

Indirect leak of 44672 byte(s) in 698 object(s) allocated from:
    #0 0x0001012cd40c in malloc+0x70 (libclang_rt.asan_osx_dynamic.dylib:arm64+0x5540c)
    #1 0x000100bb20b0 in cJSON_New_Item+0x1c (libstd_json.dylib:arm64+0x20b0)
    #2 0x000100bb4abc in cJSON_Duplicate_rec+0x40 (libstd_json.dylib:arm64+0x4abc)
    #3 0x000100bb4c18 in cJSON_Duplicate_rec+0x19c (libstd_json.dylib:arm64+0x4c18)
    #4 0x000100bb4a6c in cJSON_Duplicate+0x20 (libstd_json.dylib:arm64+0x4a6c)
    #5 0x000100bb1520 in nl_json_get_index+0x7c (libstd_json.dylib:arm64+0x1520)
    #6 0x00010020ed1c in nhost_json_32+0x340 (schema-nano_virt.native:arm64+0x100116d1c)
    #7 0x00010011c738 in nl_get_index+0x4d0 (schema-nano_virt.native:arm64+0x100024738)
    #8 0x00010018a814 in nl_gen_c+0xb6e8 (schema-nano_virt.native:arm64+0x100092814)
    #9 0x0001001dd364 in nl_main+0x4e68 (schema-nano_virt.native:arm64+0x1000e5364)
    #10 0x0001000f88c4 in main+0x1c (schema-nano_virt.native:arm64+0x1000008c4)
    #11 0x0001828804e0 in start+0x1b4c (dyld:arm64e+0x204e0)

Indirect leak of 44672 byte(s) in 698 object(s) allocated from:
    #0 0x0001012cd40c in malloc+0x70 (libclang_rt.asan_osx_dynamic.dylib:arm64+0x5540c)
    #1 0x000100bb20b0 in cJSON_New_Item+0x1c (libstd_json.dylib:arm64+0x20b0)
    #2 0x000100bb4abc in cJSON_Duplicate_rec+0x40 (libstd_json.dylib:arm64+0x4abc)
    #3 0x000100bb4c18 in cJSON_Duplicate_rec+0x19c (libstd_json.dylib:arm64+0x4c18)
    #4 0x000100bb4c18 in cJSON_Duplicate_rec+0x19c (libstd_json.dylib:arm64+0x4c18)
    #5 0x000100bb4c18 in cJSON_Duplicate_rec+0x19c (libstd_json.dylib:arm64+0x4c18)
    #6 0x000100bb4a6c in cJSON_Duplicate+0x20 (libstd_json.dylib:arm64+0x4a6c)
    #7 0x000100bb1520 in nl_json_get_index+0x7c (libstd_json.dylib:arm64+0x1520)
    #8 0x00010020ed1c in nhost_json_32+0x340 (schema-nano_virt.native:arm64+0x100116d1c)
    #9 0x00010011c738 in nl_get_index+0x4d0 (schema-nano_virt.native:arm64+0x100024738)
    #10 0x0001001c1878 in nl_gen_c+0x4274c (schema-nano_virt.native:arm64+0x1000c9878)
    #11 0x0001001dd364 in nl_main+0x4e68 (schema-nano_virt.native:arm64+0x1000e5364)
    #12 0x0001000f88c4 in main+0x1c (schema-nano_virt.native:arm64+0x1000008c4)
    #13 0x0001828804e0 in start+0x1b4c (dyld:arm64e+0x204e0)

Indirect leak of 44672 byte(s) in 698 object(s) allocated from:
    #0 0x0001012cd40c in malloc+0x70 (libclang_rt.asan_osx_dynamic.dylib:arm64+0x5540c)
    #1 0x000100bb20b0 in cJSON_New_Item+0x1c (libstd_json.dylib:arm64+0x20b0)
    #2 0x000100bb4abc in cJSON_Duplicate_rec+0x40 (libstd_json.dylib:arm64+0x4abc)
    #3 0x000100bb4c18 in cJSON_Duplicate_rec+0x19c (libstd_json.dylib:arm64+0x4c18)
    #4 0x000100bb4c18 in cJSON_Duplicate_rec+0x19c (libstd_json.dylib:arm64+0x4c18)
    #5 0x000100bb4a6c in cJSON_Duplicate+0x20 (libstd_json.dylib:arm64+0x4a6c)
    #6 0x000100bb1124 in nl_json_get+0x78 (libstd_json.dylib:arm64+0x1124)
    #7 0x00010020e47c in nhost_json_29+0x340 (schema-nano_virt.native:arm64+0x10011647c)
    #8 0x00010011b44c in nl_get+0x514 (schema-nano_virt.native:arm64+0x10002344c)
    #9 0x000100188aa0 in nl_gen_c+0x9974 (schema-nano_virt.native:arm64+0x100090aa0)
    #10 0x0001001dd364 in nl_main+0x4e68 (schema-nano_virt.native:arm64+0x1000e5364)
    #11 0x0001000f88c4 in main+0x1c (schema-nano_virt.native:arm64+0x1000008c4)
    #12 0x0001828804e0 in start+0x1b4c (dyld:arm64e+0x204e0)

Indirect leak of 44672 byte(s) in 698 object(s) allocated from:
    #0 0x0001012cd40c in malloc+0x70 (libclang_rt.asan_osx_dynamic.dylib:arm64+0x5540c)
    #1 0x000100bb20b0 in cJSON_New_Item+0x1c (libstd_json.dylib:arm64+0x20b0)
    #2 0x000100bb4abc in cJSON_Duplicate_rec+0x40 (libstd_json.dylib:arm64+0x4abc)
    #3 0x000100bb4c18 in cJSON_Duplicate_rec+0x19c (libstd_json.dylib:arm64+0x4c18)
    #4 0x000100bb4c18 in cJSON_Duplicate_rec+0x19c (libstd_json.dylib:arm64+0x4c18)
    #5 0x000100bb4a6c in cJSON_Duplicate+0x20 (libstd_json.dylib:arm64+0x4a6c)
    #6 0x000100bb1124 in nl_json_get+0x78 (libstd_json.dylib:arm64+0x1124)
    #7 0x00010020e47c in nhost_json_29+0x340 (schema-nano_virt.native:arm64+0x10011647c)
    #8 0x00010011b44c in nl_get+0x514 (schema-nano_virt.native:arm64+0x10002344c)
    #9 0x0001001c5b48 in nl_gen_c+0x46a1c (schema-nano_virt.native:arm64+0x1000cdb48)
    #10 0x0001001dd364 in nl_main+0x4e68 (schema-nano_virt.native:arm64+0x1000e5364)
    #11 0x0001000f88c4 in main+0x1c (schema-nano_virt.native:arm64+0x1000008c4)
    #12 0x0001828804e0 in start+0x1b4c (dyld:arm64e+0x204e0)

Indirect leak of 44672 byte(s) in 698 object(s) allocated from:
    #0 0x0001012cd40c in malloc+0x70 (libclang_rt.asan_osx_dynamic.dylib:arm64+0x5540c)
    #1 0x000100bb20b0 in cJSON_New_Item+0x1c (libstd_json.dylib:arm64+0x20b0)
    #2 0x000100bb4abc in cJSON_Duplicate_rec+0x40 (libstd_json.dylib:arm64+0x4abc)
    #3 0x000100bb4c18 in cJSON_Duplicate_rec+0x19c (libstd_json.dylib:arm64+0x4c18)
    #4 0x000100bb4c18 in cJSON_Duplicate_rec+0x19c (libstd_json.dylib:arm64+0x4c18)
    #5 0x000100bb4c18 in cJSON_Duplicate_rec+0x19c (libstd_json.dylib:arm64+0x4c18)
    #6 0x000100bb4c18 in cJSON_Duplicate_rec+0x19c (libstd_json.dylib:arm64+0x4c18)
    #7 0x000100bb4a6c in cJSON_Duplicate+0x20 (libstd_json.dylib:arm64+0x4a6c)
    #8 0x000100bb1124 in nl_json_get+0x78 (libstd_json.dylib:arm64+0x1124)
    #9 0x00010020e47c in nhost_json_29+0x340 (schema-nano_virt.native:arm64+0x10011647c)
    #10 0x00010011b44c in nl_get+0x514 (schema-nano_virt.native:arm64+0x10002344c)
    #11 0x0001001402bc in nl_gen_nano_ast+0xdbd8 (schema-nano_virt.native:arm64+0x1000482bc)
    #12 0x0001001dc97c in nl_main+0x4480 (schema-nano_virt.native:arm64+0x1000e497c)
    #13 0x0001000f88c4 in main+0x1c (schema-nano_virt.native:arm64+0x1000008c4)
    #14 0x0001828804e0 in start+0x1b4c (dyld:arm64e+0x204e0)

Indirect leak of 44672 byte(s) in 698 object(s) allocated from:
    #0 0x0001012cd40c in malloc+0x70 (libclang_rt.asan_osx_dynamic.dylib:arm64+0x5540c)
    #1 0x000100bb20b0 in cJSON_New_Item+0x1c (libstd_json.dylib:arm64+0x20b0)
    #2 0x000100bb4abc in cJSON_Duplicate_rec+0x40 (libstd_json.dylib:arm64+0x4abc)
    #3 0x000100bb4c18 in cJSON_Duplicate_rec+0x19c (libstd_json.dylib:arm64+0x4c18)
    #4 0x000100bb4c18 in cJSON_Duplicate_rec+0x19c (libstd_json.dylib:arm64+0x4c18)
    #5 0x000100bb4c18 in cJSON_Duplicate_rec+0x19c (libstd_json.dylib:arm64+0x4c18)
    #6 0x000100bb4c18 in cJSON_Duplicate_rec+0x19c (libstd_json.dylib:arm64+0x4c18)
    #7 0x000100bb4a6c in cJSON_Duplicate+0x20 (libstd_json.dylib:arm64+0x4a6c)
    #8 0x000100bb1124 in nl_json_get+0x78 (libstd_json.dylib:arm64+0x1124)
    #9 0x00010020e47c in nhost_json_29+0x340 (schema-nano_virt.native:arm64+0x10011647c)
    #10 0x00010011b44c in nl_get+0x514 (schema-nano_virt.native:arm64+0x10002344c)
    #11 0x000100185f94 in nl_gen_c+0x6e68 (schema-nano_virt.native:arm64+0x10008df94)
    #12 0x0001001dd364 in nl_main+0x4e68 (schema-nano_virt.native:arm64+0x1000e5364)
    #13 0x0001000f88c4 in main+0x1c (schema-nano_virt.native:arm64+0x1000008c4)
    #14 0x0001828804e0 in start+0x1b4c (dyld:arm64e+0x204e0)

Indirect leak of 44672 byte(s) in 698 object(s) allocated from:
    #0 0x0001012cd40c in malloc+0x70 (libclang_rt.asan_osx_dynamic.dylib:arm64+0x5540c)
    #1 0x000100bb20b0 in cJSON_New_Item+0x1c (libstd_json.dylib:arm64+0x20b0)
    #2 0x000100bb4abc in cJSON_Duplicate_rec+0x40 (libstd_json.dylib:arm64+0x4abc)
    #3 0x000100bb4c18 in cJSON_Duplicate_rec+0x19c (libstd_json.dylib:arm64+0x4c18)
    #4 0x000100bb4c18 in cJSON_Duplicate_rec+0x19c (libstd_json.dylib:arm64+0x4c18)
    #5 0x000100bb4c18 in cJSON_Duplicate_rec+0x19c (libstd_json.dylib:arm64+0x4c18)
    #6 0x000100bb4a6c in cJSON_Duplicate+0x20 (libstd_json.dylib:arm64+0x4a6c)
    #7 0x000100bb1520 in nl_json_get_index+0x7c (libstd_json.dylib:arm64+0x1520)
    #8 0x00010020ed1c in nhost_json_32+0x340 (schema-nano_virt.native:arm64+0x100116d1c)
    #9 0x00010011c738 in nl_get_index+0x4d0 (schema-nano_virt.native:arm64+0x100024738)
    #10 0x000100141790 in nl_gen_nano_ast+0xf0ac (schema-nano_virt.native:arm64+0x100049790)
    #11 0x0001001dc97c in nl_main+0x4480 (schema-nano_virt.native:arm64+0x1000e497c)
    #12 0x0001000f88c4 in main+0x1c (schema-nano_virt.native:arm64+0x1000008c4)
    #13 0x0001828804e0 in start+0x1b4c (dyld:arm64e+0x204e0)

Indirect leak of 44672 byte(s) in 698 object(s) allocated from:
    #0 0x0001012cd40c in malloc+0x70 (libclang_rt.asan_osx_dynamic.dylib:arm64+0x5540c)
    #1 0x000100bb20b0 in cJSON_New_Item+0x1c (libstd_json.dylib:arm64+0x20b0)
    #2 0x000100bb4abc in cJSON_Duplicate_rec+0x40 (libstd_json.dylib:arm64+0x4abc)
    #3 0x000100bb4c18 in cJSON_Duplicate_rec+0x19c (libstd_json.dylib:arm64+0x4c18)
    #4 0x000100bb4c18 in cJSON_Duplicate_rec+0x19c (libstd_json.dylib:arm64+0x4c18)
    #5 0x000100bb4c18 in cJSON_Duplicate_rec+0x19c (libstd_json.dylib:arm64+0x4c18)
    #6 0x000100bb4c18 in cJSON_Duplicate_rec+0x19c (libstd_json.dylib:arm64+0x4c18)
    #7 0x000100bb4a6c in cJSON_Duplicate+0x20 (libstd_json.dylib:arm64+0x4a6c)
    #8 0x000100bb1124 in nl_json_get+0x78 (libstd_json.dylib:arm64+0x1124)
    #9 0x00010020e47c in nhost_json_29+0x340 (schema-nano_virt.native:arm64+0x10011647c)
    #10 0x00010011b44c in nl_get+0x514 (schema-nano_virt.native:arm64+0x10002344c)
    #11 0x00010015bfd0 in nl_gen_contracts+0xd614 (schema-nano_virt.native:arm64+0x100063fd0)
    #12 0x0001001dce70 in nl_main+0x4974 (schema-nano_virt.native:arm64+0x1000e4e70)
    #13 0x0001000f88c4 in main+0x1c (schema-nano_virt.native:arm64+0x1000008c4)
    #14 0x0001828804e0 in start+0x1b4c (dyld:arm64e+0x204e0)

Indirect leak of 41088 byte(s) in 642 object(s) allocated from:
    #0 0x0001012cd40c in malloc+0x70 (libclang_rt.asan_osx_dynamic.dylib:arm64+0x5540c)
    #1 0x000100bb20b0 in cJSON_New_Item+0x1c (libstd_json.dylib:arm64+0x20b0)
    #2 0x000100bb4abc in cJSON_Duplicate_rec+0x40 (libstd_json.dylib:arm64+0x4abc)
    #3 0x000100bb4c18 in cJSON_Duplicate_rec+0x19c (libstd_json.dylib:arm64+0x4c18)
    #4 0x000100bb4a6c in cJSON_Duplicate+0x20 (libstd_json.dylib:arm64+0x4a6c)
    #5 0x000100bb1520 in nl_json_get_index+0x7c (libstd_json.dylib:arm64+0x1520)
    #6 0x00010020ed1c in nhost_json_32+0x340 (schema-nano_virt.native:arm64+0x100116d1c)
    #7 0x00010011c738 in nl_get_index+0x4d0 (schema-nano_virt.native:arm64+0x100024738)
    #8 0x000100148844 in nl_gen_nano_ast+0x16160 (schema-nano_virt.native:arm64+0x100050844)
    #9 0x0001001dc97c in nl_main+0x4480 (schema-nano_virt.native:arm64+0x1000e497c)
    #10 0x0001000f88c4 in main+0x1c (schema-nano_virt.native:arm64+0x1000008c4)
    #11 0x0001828804e0 in start+0x1b4c (dyld:arm64e+0x204e0)

Indirect leak of 41088 byte(s) in 642 object(s) allocated from:
    #0 0x0001012cd40c in malloc+0x70 (libclang_rt.asan_osx_dynamic.dylib:arm64+0x5540c)
    #1 0x000100bb20b0 in cJSON_New_Item+0x1c (libstd_json.dylib:arm64+0x20b0)
    #2 0x000100bb4abc in cJSON_Duplicate_rec+0x40 (libstd_json.dylib:arm64+0x4abc)
    #3 0x000100bb4c18 in cJSON_Duplicate_rec+0x19c (libstd_json.dylib:arm64+0x4c18)
    #4 0x000100bb4c18 in cJSON_Duplicate_rec+0x19c (libstd_json.dylib:arm64+0x4c18)
    #5 0x000100bb4a6c in cJSON_Duplicate+0x20 (libstd_json.dylib:arm64+0x4a6c)
    #6 0x000100bb1124 in nl_json_get+0x78 (libstd_json.dylib:arm64+0x1124)
    #7 0x00010020e47c in nhost_json_29+0x340 (schema-nano_virt.native:arm64+0x10011647c)
    #8 0x00010011b44c in nl_get+0x514 (schema-nano_virt.native:arm64+0x10002344c)
    #9 0x000100144620 in nl_gen_nano_ast+0x11f3c (schema-nano_virt.native:arm64+0x10004c620)
    #10 0x0001001dc97c in nl_main+0x4480 (schema-nano_virt.native:arm64+0x1000e497c)
    #11 0x0001000f88c4 in main+0x1c (schema-nano_virt.native:arm64+0x1000008c4)
    #12 0x0001828804e0 in start+0x1b4c (dyld:arm64e+0x204e0)

Indirect leak of 22400 byte(s) in 350 object(s) allocated from:
    #0 0x0001012cd40c in malloc+0x70 (libclang_rt.asan_osx_dynamic.dylib:arm64+0x5540c)
    #1 0x000100bb20b0 in cJSON_New_Item+0x1c (libstd_json.dylib:arm64+0x20b0)
    #2 0x000100bb4abc in cJSON_Duplicate_rec+0x40 (libstd_json.dylib:arm64+0x4abc)
    #3 0x000100bb4c18 in cJSON_Duplicate_rec+0x19c (libstd_json.dylib:arm64+0x4c18)
    #4 0x000100bb4c18 in cJSON_Duplicate_rec+0x19c (libstd_json.dylib:arm64+0x4c18)
    #5 0x000100bb4c18 in cJSON_Duplicate_rec+0x19c (libstd_json.dylib:arm64+0x4c18)
    #6 0x000100bb4a6c in cJSON_Duplicate+0x20 (libstd_json.dylib:arm64+0x4a6c)
    #7 0x000100bb1124 in nl_json_get+0x78 (libstd_json.dylib:arm64+0x1124)
    #8 0x00010020e47c in nhost_json_29+0x340 (schema-nano_virt.native:arm64+0x10011647c)
    #9 0x00010011b44c in nl_get+0x514 (schema-nano_virt.native:arm64+0x10002344c)
    #10 0x0001001bfd8c in nl_gen_c+0x40c60 (schema-nano_virt.native:arm64+0x1000c7d8c)
    #11 0x0001001dd364 in nl_main+0x4e68 (schema-nano_virt.native:arm64+0x1000e5364)
    #12 0x0001000f88c4 in main+0x1c (schema-nano_virt.native:arm64+0x1000008c4)
    #13 0x0001828804e0 in start+0x1b4c (dyld:arm64e+0x204e0)

Indirect leak of 22400 byte(s) in 350 object(s) allocated from:
    #0 0x0001012cd40c in malloc+0x70 (libclang_rt.asan_osx_dynamic.dylib:arm64+0x5540c)
    #1 0x000100bb20b0 in cJSON_New_Item+0x1c (libstd_json.dylib:arm64+0x20b0)
    #2 0x000100bb4abc in cJSON_Duplicate_rec+0x40 (libstd_json.dylib:arm64+0x4abc)
    #3 0x000100bb4c18 in cJSON_Duplicate_rec+0x19c (libstd_json.dylib:arm64+0x4c18)
    #4 0x000100bb4c18 in cJSON_Duplicate_rec+0x19c (libstd_json.dylib:arm64+0x4c18)
    #5 0x000100bb4a6c in cJSON_Duplicate+0x20 (libstd_json.dylib:arm64+0x4a6c)
    #6 0x000100bb1520 in nl_json_get_index+0x7c (libstd_json.dylib:arm64+0x1520)
    #7 0x00010020ed1c in nhost_json_32+0x340 (schema-nano_virt.native:arm64+0x100116d1c)
    #8 0x00010011c738 in nl_get_index+0x4d0 (schema-nano_virt.native:arm64+0x100024738)
    #9 0x0001001c1878 in nl_gen_c+0x4274c (schema-nano_virt.native:arm64+0x1000c9878)
    #10 0x0001001dd364 in nl_main+0x4e68 (schema-nano_virt.native:arm64+0x1000e5364)
    #11 0x0001000f88c4 in main+0x1c (schema-nano_virt.native:arm64+0x1000008c4)
    #12 0x0001828804e0 in start+0x1b4c (dyld:arm64e+0x204e0)

Indirect leak of 22400 byte(s) in 350 object(s) allocated from:
    #0 0x0001012cd40c in malloc+0x70 (libclang_rt.asan_osx_dynamic.dylib:arm64+0x5540c)
    #1 0x000100bb20b0 in cJSON_New_Item+0x1c (libstd_json.dylib:arm64+0x20b0)
    #2 0x000100bb4abc in cJSON_Duplicate_rec+0x40 (libstd_json.dylib:arm64+0x4abc)
    #3 0x000100bb4c18 in cJSON_Duplicate_rec+0x19c (libstd_json.dylib:arm64+0x4c18)
    #4 0x000100bb4c18 in cJSON_Duplicate_rec+0x19c (libstd_json.dylib:arm64+0x4c18)
    #5 0x000100bb4a6c in cJSON_Duplicate+0x20 (libstd_json.dylib:arm64+0x4a6c)
    #6 0x000100bb1520 in nl_json_get_index+0x7c (libstd_json.dylib:arm64+0x1520)
    #7 0x00010020ed1c in nhost_json_32+0x340 (schema-nano_virt.native:arm64+0x100116d1c)
    #8 0x00010011c738 in nl_get_index+0x4d0 (schema-nano_virt.native:arm64+0x100024738)
    #9 0x00010015d4a4 in nl_gen_contracts+0xeae8 (schema-nano_virt.native:arm64+0x1000654a4)
    #10 0x0001001dce70 in nl_main+0x4974 (schema-nano_virt.native:arm64+0x1000e4e70)
    #11 0x0001000f88c4 in main+0x1c (schema-nano_virt.native:arm64+0x1000008c4)
    #12 0x0001828804e0 in start+0x1b4c (dyld:arm64e+0x204e0)

Indirect leak of 22400 byte(s) in 350 object(s) allocated from:
    #0 0x0001012cd40c in malloc+0x70 (libclang_rt.asan_osx_dynamic.dylib:arm64+0x5540c)
    #1 0x000100bb20b0 in cJSON_New_Item+0x1c (libstd_json.dylib:arm64+0x20b0)
    #2 0x000100bb4abc in cJSON_Duplicate_rec+0x40 (libstd_json.dylib:arm64+0x4abc)
    #3 0x000100bb4c18 in cJSON_Duplicate_rec+0x19c (libstd_json.dylib:arm64+0x4c18)
    #4 0x000100bb4c18 in cJSON_Duplicate_rec+0x19c (libstd_json.dylib:arm64+0x4c18)
    #5 0x000100bb4c18 in cJSON_Duplicate_rec+0x19c (libstd_json.dylib:arm64+0x4c18)
    #6 0x000100bb4a6c in cJSON_Duplicate+0x20 (libstd_json.dylib:arm64+0x4a6c)
    #7 0x000100bb1124 in nl_json_get+0x78 (libstd_json.dylib:arm64+0x1124)
    #8 0x00010020e47c in nhost_json_29+0x340 (schema-nano_virt.native:arm64+0x10011647c)
    #9 0x00010011b44c in nl_get+0x514 (schema-nano_virt.native:arm64+0x10002344c)
    #10 0x0001001402bc in nl_gen_nano_ast+0xdbd8 (schema-nano_virt.native:arm64+0x1000482bc)
    #11 0x0001001dc97c in nl_main+0x4480 (schema-nano_virt.native:arm64+0x1000e497c)
    #12 0x0001000f88c4 in main+0x1c (schema-nano_virt.native:arm64+0x1000008c4)
    #13 0x0001828804e0 in start+0x1b4c (dyld:arm64e+0x204e0)

Indirect leak of 22400 byte(s) in 350 object(s) allocated from:
    #0 0x0001012cd40c in malloc+0x70 (libclang_rt.asan_osx_dynamic.dylib:arm64+0x5540c)
    #1 0x000100bb20b0 in cJSON_New_Item+0x1c (libstd_json.dylib:arm64+0x20b0)
    #2 0x000100bb4abc in cJSON_Duplicate_rec+0x40 (libstd_json.dylib:arm64+0x4abc)
    #3 0x000100bb4c18 in cJSON_Duplicate_rec+0x19c (libstd_json.dylib:arm64+0x4c18)
    #4 0x000100bb4c18 in cJSON_Duplicate_rec+0x19c (libstd_json.dylib:arm64+0x4c18)
    #5 0x000100bb4a6c in cJSON_Duplicate+0x20 (libstd_json.dylib:arm64+0x4a6c)
    #6 0x000100bb1520 in nl_json_get_index+0x7c (libstd_json.dylib:arm64+0x1520)
    #7 0x00010020ed1c in nhost_json_32+0x340 (schema-nano_virt.native:arm64+0x100116d1c)
    #8 0x00010011c738 in nl_get_index+0x4d0 (schema-nano_virt.native:arm64+0x100024738)
    #9 0x000100141790 in nl_gen_nano_ast+0xf0ac (schema-nano_virt.native:arm64+0x100049790)
    #10 0x0001001dc97c in nl_main+0x4480 (schema-nano_virt.native:arm64+0x1000e497c)
    #11 0x0001000f88c4 in main+0x1c (schema-nano_virt.native:arm64+0x1000008c4)
    #12 0x0001828804e0 in start+0x1b4c (dyld:arm64e+0x204e0)

Indirect leak of 22400 byte(s) in 350 object(s) allocated from:
    #0 0x0001012cd40c in malloc+0x70 (libclang_rt.asan_osx_dynamic.dylib:arm64+0x5540c)
    #1 0x000100bb20b0 in cJSON_New_Item+0x1c (libstd_json.dylib:arm64+0x20b0)
    #2 0x000100bb4abc in cJSON_Duplicate_rec+0x40 (libstd_json.dylib:arm64+0x4abc)
    #3 0x000100bb4c18 in cJSON_Duplicate_rec+0x19c (libstd_json.dylib:arm64+0x4c18)
    #4 0x000100bb4c18 in cJSON_Duplicate_rec+0x19c (libstd_json.dylib:arm64+0x4c18)
    #5 0x000100bb4c18 in cJSON_Duplicate_rec+0x19c (libstd_json.dylib:arm64+0x4c18)
    #6 0x000100bb4a6c in cJSON_Duplicate+0x20 (libstd_json.dylib:arm64+0x4a6c)
    #7 0x000100bb1124 in nl_json_get+0x78 (libstd_json.dylib:arm64+0x1124)
    #8 0x00010020e47c in nhost_json_29+0x340 (schema-nano_virt.native:arm64+0x10011647c)
    #9 0x00010011b44c in nl_get+0x514 (schema-nano_virt.native:arm64+0x10002344c)
    #10 0x00010015bfd0 in nl_gen_contracts+0xd614 (schema-nano_virt.native:arm64+0x100063fd0)
    #11 0x0001001dce70 in nl_main+0x4974 (schema-nano_virt.native:arm64+0x1000e4e70)
    #12 0x0001000f88c4 in main+0x1c (schema-nano_virt.native:arm64+0x1000008c4)
    #13 0x0001828804e0 in start+0x1b4c (dyld:arm64e+0x204e0)

Indirect leak of 22400 byte(s) in 350 object(s) allocated from:
    #0 0x0001012cd40c in malloc+0x70 (libclang_rt.asan_osx_dynamic.dylib:arm64+0x5540c)
    #1 0x000100bb20b0 in cJSON_New_Item+0x1c (libstd_json.dylib:arm64+0x20b0)
    #2 0x000100bb4abc in cJSON_Duplicate_rec+0x40 (libstd_json.dylib:arm64+0x4abc)
    #3 0x000100bb4c18 in cJSON_Duplicate_rec+0x19c (libstd_json.dylib:arm64+0x4c18)
    #4 0x000100bb4c18 in cJSON_Duplicate_rec+0x19c (libstd_json.dylib:arm64+0x4c18)
    #5 0x000100bb4c18 in cJSON_Duplicate_rec+0x19c (libstd_json.dylib:arm64+0x4c18)
    #6 0x000100bb4a6c in cJSON_Duplicate+0x20 (libstd_json.dylib:arm64+0x4a6c)
    #7 0x000100bb1124 in nl_json_get+0x78 (libstd_json.dylib:arm64+0x1124)
    #8 0x00010020e47c in nhost_json_29+0x340 (schema-nano_virt.native:arm64+0x10011647c)
    #9 0x00010011b44c in nl_get+0x514 (schema-nano_virt.native:arm64+0x10002344c)
    #10 0x000100185f94 in nl_gen_c+0x6e68 (schema-nano_virt.native:arm64+0x10008df94)
    #11 0x0001001dd364 in nl_main+0x4e68 (schema-nano_virt.native:arm64+0x1000e5364)
    #12 0x0001000f88c4 in main+0x1c (schema-nano_virt.native:arm64+0x1000008c4)
    #13 0x0001828804e0 in start+0x1b4c (dyld:arm64e+0x204e0)

Indirect leak of 22400 byte(s) in 350 object(s) allocated from:
    #0 0x0001012cd40c in malloc+0x70 (libclang_rt.asan_osx_dynamic.dylib:arm64+0x5540c)
    #1 0x000100bb20b0 in cJSON_New_Item+0x1c (libstd_json.dylib:arm64+0x20b0)
    #2 0x000100bb4abc in cJSON_Duplicate_rec+0x40 (libstd_json.dylib:arm64+0x4abc)
    #3 0x000100bb4c18 in cJSON_Duplicate_rec+0x19c (libstd_json.dylib:arm64+0x4c18)
    #4 0x000100bb4c18 in cJSON_Duplicate_rec+0x19c (libstd_json.dylib:arm64+0x4c18)
    #5 0x000100bb4a6c in cJSON_Duplicate+0x20 (libstd_json.dylib:arm64+0x4a6c)
    #6 0x000100bb1520 in nl_json_get_index+0x7c (libstd_json.dylib:arm64+0x1520)
    #7 0x00010020ed1c in nhost_json_32+0x340 (schema-nano_virt.native:arm64+0x100116d1c)
    #8 0x00010011c738 in nl_get_index+0x4d0 (schema-nano_virt.native:arm64+0x100024738)
    #9 0x000100187d08 in nl_gen_c+0x8bdc (schema-nano_virt.native:arm64+0x10008fd08)
    #10 0x0001001dd364 in nl_main+0x4e68 (schema-nano_virt.native:arm64+0x1000e5364)
    #11 0x0001000f88c4 in main+0x1c (schema-nano_virt.native:arm64+0x1000008c4)
    #12 0x0001828804e0 in start+0x1b4c (dyld:arm64e+0x204e0)

Indirect leak of 22336 byte(s) in 349 object(s) allocated from:
    #0 0x0001012cd40c in malloc+0x70 (libclang_rt.asan_osx_dynamic.dylib:arm64+0x5540c)
    #1 0x000100bb20b0 in cJSON_New_Item+0x1c (libstd_json.dylib:arm64+0x20b0)
    #2 0x000100bb4abc in cJSON_Duplicate_rec+0x40 (libstd_json.dylib:arm64+0x4abc)
    #3 0x000100bb4c18 in cJSON_Duplicate_rec+0x19c (libstd_json.dylib:arm64+0x4c18)
    #4 0x000100bb4a6c in cJSON_Duplicate+0x20 (libstd_json.dylib:arm64+0x4a6c)
    #5 0x000100bb1124 in nl_json_get+0x78 (libstd_json.dylib:arm64+0x1124)
    #6 0x00010020e47c in nhost_json_29+0x340 (schema-nano_virt.native:arm64+0x10011647c)
    #7 0x00010011b44c in nl_get+0x514 (schema-nano_virt.native:arm64+0x10002344c)
    #8 0x0001001c5b48 in nl_gen_c+0x46a1c (schema-nano_virt.native:arm64+0x1000cdb48)
    #9 0x0001001dd364 in nl_main+0x4e68 (schema-nano_virt.native:arm64+0x1000e5364)
    #10 0x0001000f88c4 in main+0x1c (schema-nano_virt.native:arm64+0x1000008c4)
    #11 0x0001828804e0 in start+0x1b4c (dyld:arm64e+0x204e0)

Indirect leak of 22336 byte(s) in 349 object(s) allocated from:
    #0 0x0001012cd40c in malloc+0x70 (libclang_rt.asan_osx_dynamic.dylib:arm64+0x5540c)
    #1 0x000100bb20b0 in cJSON_New_Item+0x1c (libstd_json.dylib:arm64+0x20b0)
    #2 0x000100bb4abc in cJSON_Duplicate_rec+0x40 (libstd_json.dylib:arm64+0x4abc)
    #3 0x000100bb4c18 in cJSON_Duplicate_rec+0x19c (libstd_json.dylib:arm64+0x4c18)
    #4 0x000100bb4a6c in cJSON_Duplicate+0x20 (libstd_json.dylib:arm64+0x4a6c)
    #5 0x000100bb1124 in nl_json_get+0x78 (libstd_json.dylib:arm64+0x1124)
    #6 0x00010020e47c in nhost_json_29+0x340 (schema-nano_virt.native:arm64+0x10011647c)
    #7 0x00010011b44c in nl_get+0x514 (schema-nano_virt.native:arm64+0x10002344c)
    #8 0x000100188aa0 in nl_gen_c+0x9974 (schema-nano_virt.native:arm64+0x100090aa0)
    #9 0x0001001dd364 in nl_main+0x4e68 (schema-nano_virt.native:arm64+0x1000e5364)
    #10 0x0001000f88c4 in main+0x1c (schema-nano_virt.native:arm64+0x1000008c4)
    #11 0x0001828804e0 in start+0x1b4c (dyld:arm64e+0x204e0)

Indirect leak of 20544 byte(s) in 321 object(s) allocated from:
    #0 0x0001012cd40c in malloc+0x70 (libclang_rt.asan_osx_dynamic.dylib:arm64+0x5540c)
    #1 0x000100bb20b0 in cJSON_New_Item+0x1c (libstd_json.dylib:arm64+0x20b0)
    #2 0x000100bb4abc in cJSON_Duplicate_rec+0x40 (libstd_json.dylib:arm64+0x4abc)
    #3 0x000100bb4c18 in cJSON_Duplicate_rec+0x19c (libstd_json.dylib:arm64+0x4c18)
    #4 0x000100bb4a6c in cJSON_Duplicate+0x20 (libstd_json.dylib:arm64+0x4a6c)
    #5 0x000100bb1124 in nl_json_get+0x78 (libstd_json.dylib:arm64+0x1124)
    #6 0x00010020e47c in nhost_json_29+0x340 (schema-nano_virt.native:arm64+0x10011647c)
    #7 0x00010011b44c in nl_get+0x514 (schema-nano_virt.native:arm64+0x10002344c)
    #8 0x000100144620 in nl_gen_nano_ast+0x11f3c (schema-nano_virt.native:arm64+0x10004c620)
    #9 0x0001001dc97c in nl_main+0x4480 (schema-nano_virt.native:arm64+0x1000e497c)
    #10 0x0001000f88c4 in main+0x1c (schema-nano_virt.native:arm64+0x1000008c4)
    #11 0x0001828804e0 in start+0x1b4c (dyld:arm64e+0x204e0)

Indirect leak of 9600 byte(s) in 150 object(s) allocated from:
    #0 0x0001012cd40c in malloc+0x70 (libclang_rt.asan_osx_dynamic.dylib:arm64+0x5540c)
    #1 0x000100bb20b0 in cJSON_New_Item+0x1c (libstd_json.dylib:arm64+0x20b0)
    #2 0x000100bb4abc in cJSON_Duplicate_rec+0x40 (libstd_json.dylib:arm64+0x4abc)
    #3 0x000100bb4c18 in cJSON_Duplicate_rec+0x19c (libstd_json.dylib:arm64+0x4c18)
    #4 0x000100bb4c18 in cJSON_Duplicate_rec+0x19c (libstd_json.dylib:arm64+0x4c18)
    #5 0x000100bb4a6c in cJSON_Duplicate+0x20 (libstd_json.dylib:arm64+0x4a6c)
    #6 0x000100bb1124 in nl_json_get+0x78 (libstd_json.dylib:arm64+0x1124)
    #7 0x00010020e47c in nhost_json_29+0x340 (schema-nano_virt.native:arm64+0x10011647c)
    #8 0x00010011b44c in nl_get+0x514 (schema-nano_virt.native:arm64+0x10002344c)
    #9 0x00010015bfd0 in nl_gen_contracts+0xd614 (schema-nano_virt.native:arm64+0x100063fd0)
    #10 0x0001001dce70 in nl_main+0x4974 (schema-nano_virt.native:arm64+0x1000e4e70)
    #11 0x0001000f88c4 in main+0x1c (schema-nano_virt.native:arm64+0x1000008c4)
    #12 0x0001828804e0 in start+0x1b4c (dyld:arm64e+0x204e0)

Indirect leak of 9600 byte(s) in 150 object(s) allocated from:
    #0 0x0001012cd40c in malloc+0x70 (libclang_rt.asan_osx_dynamic.dylib:arm64+0x5540c)
    #1 0x000100bb20b0 in cJSON_New_Item+0x1c (libstd_json.dylib:arm64+0x20b0)
    #2 0x000100bb4abc in cJSON_Duplicate_rec+0x40 (libstd_json.dylib:arm64+0x4abc)
    #3 0x000100bb4c18 in cJSON_Duplicate_rec+0x19c (libstd_json.dylib:arm64+0x4c18)
    #4 0x000100bb4a6c in cJSON_Duplicate+0x20 (libstd_json.dylib:arm64+0x4a6c)
    #5 0x000100bb1520 in nl_json_get_index+0x7c (libstd_json.dylib:arm64+0x1520)
    #6 0x00010020ed1c in nhost_json_32+0x340 (schema-nano_virt.native:arm64+0x100116d1c)
    #7 0x00010011c738 in nl_get_index+0x4d0 (schema-nano_virt.native:arm64+0x100024738)
    #8 0x000100187d08 in nl_gen_c+0x8bdc (schema-nano_virt.native:arm64+0x10008fd08)
    #9 0x0001001dd364 in nl_main+0x4e68 (schema-nano_virt.native:arm64+0x1000e5364)
    #10 0x0001000f88c4 in main+0x1c (schema-nano_virt.native:arm64+0x1000008c4)
    #11 0x0001828804e0 in start+0x1b4c (dyld:arm64e+0x204e0)

Indirect leak of 9600 byte(s) in 150 object(s) allocated from:
    #0 0x0001012cd40c in malloc+0x70 (libclang_rt.asan_osx_dynamic.dylib:arm64+0x5540c)
    #1 0x000100bb20b0 in cJSON_New_Item+0x1c (libstd_json.dylib:arm64+0x20b0)
    #2 0x000100bb4abc in cJSON_Duplicate_rec+0x40 (libstd_json.dylib:arm64+0x4abc)
    #3 0x000100bb4c18 in cJSON_Duplicate_rec+0x19c (libstd_json.dylib:arm64+0x4c18)
    #4 0x000100bb4c18 in cJSON_Duplicate_rec+0x19c (libstd_json.dylib:arm64+0x4c18)
    #5 0x000100bb4a6c in cJSON_Duplicate+0x20 (libstd_json.dylib:arm64+0x4a6c)
    #6 0x000100bb1124 in nl_json_get+0x78 (libstd_json.dylib:arm64+0x1124)
    #7 0x00010020e47c in nhost_json_29+0x340 (schema-nano_virt.native:arm64+0x10011647c)
    #8 0x00010011b44c in nl_get+0x514 (schema-nano_virt.native:arm64+0x10002344c)
    #9 0x000100185f94 in nl_gen_c+0x6e68 (schema-nano_virt.native:arm64+0x10008df94)
    #10 0x0001001dd364 in nl_main+0x4e68 (schema-nano_virt.native:arm64+0x1000e5364)
    #11 0x0001000f88c4 in main+0x1c (schema-nano_virt.native:arm64+0x1000008c4)
    #12 0x0001828804e0 in start+0x1b4c (dyld:arm64e+0x204e0)

Indirect leak of 9600 byte(s) in 150 object(s) allocated from:
    #0 0x0001012cd40c in malloc+0x70 (libclang_rt.asan_osx_dynamic.dylib:arm64+0x5540c)
    #1 0x000100bb20b0 in cJSON_New_Item+0x1c (libstd_json.dylib:arm64+0x20b0)
    #2 0x000100bb4abc in cJSON_Duplicate_rec+0x40 (libstd_json.dylib:arm64+0x4abc)
    #3 0x000100bb4c18 in cJSON_Duplicate_rec+0x19c (libstd_json.dylib:arm64+0x4c18)
    #4 0x000100bb4c18 in cJSON_Duplicate_rec+0x19c (libstd_json.dylib:arm64+0x4c18)
    #5 0x000100bb4a6c in cJSON_Duplicate+0x20 (libstd_json.dylib:arm64+0x4a6c)
    #6 0x000100bb1124 in nl_json_get+0x78 (libstd_json.dylib:arm64+0x1124)
    #7 0x00010020e47c in nhost_json_29+0x340 (schema-nano_virt.native:arm64+0x10011647c)
    #8 0x00010011b44c in nl_get+0x514 (schema-nano_virt.native:arm64+0x10002344c)
    #9 0x0001001bfd8c in nl_gen_c+0x40c60 (schema-nano_virt.native:arm64+0x1000c7d8c)
    #10 0x0001001dd364 in nl_main+0x4e68 (schema-nano_virt.native:arm64+0x1000e5364)
    #11 0x0001000f88c4 in main+0x1c (schema-nano_virt.native:arm64+0x1000008c4)
    #12 0x0001828804e0 in start+0x1b4c (dyld:arm64e+0x204e0)

Indirect leak of 9600 byte(s) in 150 object(s) allocated from:
    #0 0x0001012cd40c in malloc+0x70 (libclang_rt.asan_osx_dynamic.dylib:arm64+0x5540c)
    #1 0x000100bb20b0 in cJSON_New_Item+0x1c (libstd_json.dylib:arm64+0x20b0)
    #2 0x000100bb4abc in cJSON_Duplicate_rec+0x40 (libstd_json.dylib:arm64+0x4abc)
    #3 0x000100bb4c18 in cJSON_Duplicate_rec+0x19c (libstd_json.dylib:arm64+0x4c18)
    #4 0x000100bb4a6c in cJSON_Duplicate+0x20 (libstd_json.dylib:arm64+0x4a6c)
    #5 0x000100bb1520 in nl_json_get_index+0x7c (libstd_json.dylib:arm64+0x1520)
    #6 0x00010020ed1c in nhost_json_32+0x340 (schema-nano_virt.native:arm64+0x100116d1c)
    #7 0x00010011c738 in nl_get_index+0x4d0 (schema-nano_virt.native:arm64+0x100024738)
    #8 0x00010015d4a4 in nl_gen_contracts+0xeae8 (schema-nano_virt.native:arm64+0x1000654a4)
    #9 0x0001001dce70 in nl_main+0x4974 (schema-nano_virt.native:arm64+0x1000e4e70)
    #10 0x0001000f88c4 in main+0x1c (schema-nano_virt.native:arm64+0x1000008c4)
    #11 0x0001828804e0 in start+0x1b4c (dyld:arm64e+0x204e0)

Indirect leak of 9600 byte(s) in 150 object(s) allocated from:
    #0 0x0001012cd40c in malloc+0x70 (libclang_rt.asan_osx_dynamic.dylib:arm64+0x5540c)
    #1 0x000100bb20b0 in cJSON_New_Item+0x1c (libstd_json.dylib:arm64+0x20b0)
    #2 0x000100bb4abc in cJSON_Duplicate_rec+0x40 (libstd_json.dylib:arm64+0x4abc)
    #3 0x000100bb4c18 in cJSON_Duplicate_rec+0x19c (libstd_json.dylib:arm64+0x4c18)
    #4 0x000100bb4a6c in cJSON_Duplicate+0x20 (libstd_json.dylib:arm64+0x4a6c)
    #5 0x000100bb1520 in nl_json_get_index+0x7c (libstd_json.dylib:arm64+0x1520)
    #6 0x00010020ed1c in nhost_json_32+0x340 (schema-nano_virt.native:arm64+0x100116d1c)
    #7 0x00010011c738 in nl_get_index+0x4d0 (schema-nano_virt.native:arm64+0x100024738)
    #8 0x000100141790 in nl_gen_nano_ast+0xf0ac (schema-nano_virt.native:arm64+0x100049790)
    #9 0x0001001dc97c in nl_main+0x4480 (schema-nano_virt.native:arm64+0x1000e497c)
    #10 0x0001000f88c4 in main+0x1c (schema-nano_virt.native:arm64+0x1000008c4)
    #11 0x0001828804e0 in start+0x1b4c (dyld:arm64e+0x204e0)

Indirect leak of 9600 byte(s) in 150 object(s) allocated from:
    #0 0x0001012cd40c in malloc+0x70 (libclang_rt.asan_osx_dynamic.dylib:arm64+0x5540c)
    #1 0x000100bb20b0 in cJSON_New_Item+0x1c (libstd_json.dylib:arm64+0x20b0)
    #2 0x000100bb4abc in cJSON_Duplicate_rec+0x40 (libstd_json.dylib:arm64+0x4abc)
    #3 0x000100bb4c18 in cJSON_Duplicate_rec+0x19c (libstd_json.dylib:arm64+0x4c18)
    #4 0x000100bb4a6c in cJSON_Duplicate+0x20 (libstd_json.dylib:arm64+0x4a6c)
    #5 0x000100bb1520 in nl_json_get_index+0x7c (libstd_json.dylib:arm64+0x1520)
    #6 0x00010020ed1c in nhost_json_32+0x340 (schema-nano_virt.native:arm64+0x100116d1c)
    #7 0x00010011c738 in nl_get_index+0x4d0 (schema-nano_virt.native:arm64+0x100024738)
    #8 0x0001001c1878 in nl_gen_c+0x4274c (schema-nano_virt.native:arm64+0x1000c9878)
    #9 0x0001001dd364 in nl_main+0x4e68 (schema-nano_virt.native:arm64+0x1000e5364)
    #10 0x0001000f88c4 in main+0x1c (schema-nano_virt.native:arm64+0x1000008c4)
    #11 0x0001828804e0 in start+0x1b4c (dyld:arm64e+0x204e0)

Indirect leak of 9600 byte(s) in 150 object(s) allocated from:
    #0 0x0001012cd40c in malloc+0x70 (libclang_rt.asan_osx_dynamic.dylib:arm64+0x5540c)
    #1 0x000100bb20b0 in cJSON_New_Item+0x1c (libstd_json.dylib:arm64+0x20b0)
    #2 0x000100bb4abc in cJSON_Duplicate_rec+0x40 (libstd_json.dylib:arm64+0x4abc)
    #3 0x000100bb4c18 in cJSON_Duplicate_rec+0x19c (libstd_json.dylib:arm64+0x4c18)
    #4 0x000100bb4c18 in cJSON_Duplicate_rec+0x19c (libstd_json.dylib:arm64+0x4c18)
    #5 0x000100bb4a6c in cJSON_Duplicate+0x20 (libstd_json.dylib:arm64+0x4a6c)
    #6 0x000100bb1124 in nl_json_get+0x78 (libstd_json.dylib:arm64+0x1124)
    #7 0x00010020e47c in nhost_json_29+0x340 (schema-nano_virt.native:arm64+0x10011647c)
    #8 0x00010011b44c in nl_get+0x514 (schema-nano_virt.native:arm64+0x10002344c)
    #9 0x0001001402bc in nl_gen_nano_ast+0xdbd8 (schema-nano_virt.native:arm64+0x1000482bc)
    #10 0x0001001dc97c in nl_main+0x4480 (schema-nano_virt.native:arm64+0x1000e497c)
    #11 0x0001000f88c4 in main+0x1c (schema-nano_virt.native:arm64+0x1000008c4)
    #12 0x0001828804e0 in start+0x1b4c (dyld:arm64e+0x204e0)

Indirect leak of 6015 byte(s) in 698 object(s) allocated from:
    #0 0x0001012cd40c in malloc+0x70 (libclang_rt.asan_osx_dynamic.dylib:arm64+0x5540c)
    #1 0x000100bb1da4 in cJSON_strdup+0x4c (libstd_json.dylib:arm64+0x1da4)
    #2 0x000100bb4b28 in cJSON_Duplicate_rec+0xac (libstd_json.dylib:arm64+0x4b28)
    #3 0x000100bb4c18 in cJSON_Duplicate_rec+0x19c (libstd_json.dylib:arm64+0x4c18)
    #4 0x000100bb4a6c in cJSON_Duplicate+0x20 (libstd_json.dylib:arm64+0x4a6c)
    #5 0x000100bb1520 in nl_json_get_index+0x7c (libstd_json.dylib:arm64+0x1520)
    #6 0x00010020ed1c in nhost_json_32+0x340 (schema-nano_virt.native:arm64+0x100116d1c)
    #7 0x00010011c738 in nl_get_index+0x4d0 (schema-nano_virt.native:arm64+0x100024738)
    #8 0x0001001c9f98 in nl_gen_c+0x4ae6c (schema-nano_virt.native:arm64+0x1000d1f98)
    #9 0x0001001dd364 in nl_main+0x4e68 (schema-nano_virt.native:arm64+0x1000e5364)
    #10 0x0001000f88c4 in main+0x1c (schema-nano_virt.native:arm64+0x1000008c4)
    #11 0x0001828804e0 in start+0x1b4c (dyld:arm64e+0x204e0)

Indirect leak of 6015 byte(s) in 698 object(s) allocated from:
    #0 0x0001012cd40c in malloc+0x70 (libclang_rt.asan_osx_dynamic.dylib:arm64+0x5540c)
    #1 0x000100bb1da4 in cJSON_strdup+0x4c (libstd_json.dylib:arm64+0x1da4)
    #2 0x000100bb4b28 in cJSON_Duplicate_rec+0xac (libstd_json.dylib:arm64+0x4b28)
    #3 0x000100bb4c18 in cJSON_Duplicate_rec+0x19c (libstd_json.dylib:arm64+0x4c18)
    #4 0x000100bb4c18 in cJSON_Duplicate_rec+0x19c (libstd_json.dylib:arm64+0x4c18)
    #5 0x000100bb4a6c in cJSON_Duplicate+0x20 (libstd_json.dylib:arm64+0x4a6c)
    #6 0x000100bb1124 in nl_json_get+0x78 (libstd_json.dylib:arm64+0x1124)
    #7 0x00010020e47c in nhost_json_29+0x340 (schema-nano_virt.native:arm64+0x10011647c)
    #8 0x00010011b44c in nl_get+0x514 (schema-nano_virt.native:arm64+0x10002344c)
    #9 0x0001001c5b48 in nl_gen_c+0x46a1c (schema-nano_virt.native:arm64+0x1000cdb48)
    #10 0x0001001dd364 in nl_main+0x4e68 (schema-nano_virt.native:arm64+0x1000e5364)
    #11 0x0001000f88c4 in main+0x1c (schema-nano_virt.native:arm64+0x1000008c4)
    #12 0x0001828804e0 in start+0x1b4c (dyld:arm64e+0x204e0)

Indirect leak of 6015 byte(s) in 698 object(s) allocated from:
    #0 0x0001012cd40c in malloc+0x70 (libclang_rt.asan_osx_dynamic.dylib:arm64+0x5540c)
    #1 0x000100bb1da4 in cJSON_strdup+0x4c (libstd_json.dylib:arm64+0x1da4)
    #2 0x000100bb4b28 in cJSON_Duplicate_rec+0xac (libstd_json.dylib:arm64+0x4b28)
    #3 0x000100bb4c18 in cJSON_Duplicate_rec+0x19c (libstd_json.dylib:arm64+0x4c18)
    #4 0x000100bb4c18 in cJSON_Duplicate_rec+0x19c (libstd_json.dylib:arm64+0x4c18)
    #5 0x000100bb4c18 in cJSON_Duplicate_rec+0x19c (libstd_json.dylib:arm64+0x4c18)
    #6 0x000100bb4a6c in cJSON_Duplicate+0x20 (libstd_json.dylib:arm64+0x4a6c)
    #7 0x000100bb1520 in nl_json_get_index+0x7c (libstd_json.dylib:arm64+0x1520)
    #8 0x00010020ed1c in nhost_json_32+0x340 (schema-nano_virt.native:arm64+0x100116d1c)
    #9 0x00010011c738 in nl_get_index+0x4d0 (schema-nano_virt.native:arm64+0x100024738)
    #10 0x0001001c1878 in nl_gen_c+0x4274c (schema-nano_virt.native:arm64+0x1000c9878)
    #11 0x0001001dd364 in nl_main+0x4e68 (schema-nano_virt.native:arm64+0x1000e5364)
    #12 0x0001000f88c4 in main+0x1c (schema-nano_virt.native:arm64+0x1000008c4)
    #13 0x0001828804e0 in start+0x1b4c (dyld:arm64e+0x204e0)

Indirect leak of 6015 byte(s) in 698 object(s) allocated from:
    #0 0x0001012cd40c in malloc+0x70 (libclang_rt.asan_osx_dynamic.dylib:arm64+0x5540c)
    #1 0x000100bb1da4 in cJSON_strdup+0x4c (libstd_json.dylib:arm64+0x1da4)
    #2 0x000100bb4b28 in cJSON_Duplicate_rec+0xac (libstd_json.dylib:arm64+0x4b28)
    #3 0x000100bb4c18 in cJSON_Duplicate_rec+0x19c (libstd_json.dylib:arm64+0x4c18)
    #4 0x000100bb4c18 in cJSON_Duplicate_rec+0x19c (libstd_json.dylib:arm64+0x4c18)
    #5 0x000100bb4c18 in cJSON_Duplicate_rec+0x19c (libstd_json.dylib:arm64+0x4c18)
    #6 0x000100bb4a6c in cJSON_Duplicate+0x20 (libstd_json.dylib:arm64+0x4a6c)
    #7 0x000100bb1520 in nl_json_get_index+0x7c (libstd_json.dylib:arm64+0x1520)
    #8 0x00010020ed1c in nhost_json_32+0x340 (schema-nano_virt.native:arm64+0x100116d1c)
    #9 0x00010011c738 in nl_get_index+0x4d0 (schema-nano_virt.native:arm64+0x100024738)
    #10 0x00010015d4a4 in nl_gen_contracts+0xeae8 (schema-nano_virt.native:arm64+0x1000654a4)
    #11 0x0001001dce70 in nl_main+0x4974 (schema-nano_virt.native:arm64+0x1000e4e70)
    #12 0x0001000f88c4 in main+0x1c (schema-nano_virt.native:arm64+0x1000008c4)
    #13 0x0001828804e0 in start+0x1b4c (dyld:arm64e+0x204e0)

Indirect leak of 6015 byte(s) in 698 object(s) allocated from:
    #0 0x0001012cd40c in malloc+0x70 (libclang_rt.asan_osx_dynamic.dylib:arm64+0x5540c)
    #1 0x000100bb1da4 in cJSON_strdup+0x4c (libstd_json.dylib:arm64+0x1da4)
    #2 0x000100bb4b28 in cJSON_Duplicate_rec+0xac (libstd_json.dylib:arm64+0x4b28)
    #3 0x000100bb4c18 in cJSON_Duplicate_rec+0x19c (libstd_json.dylib:arm64+0x4c18)
    #4 0x000100bb4c18 in cJSON_Duplicate_rec+0x19c (libstd_json.dylib:arm64+0x4c18)
    #5 0x000100bb4c18 in cJSON_Duplicate_rec+0x19c (libstd_json.dylib:arm64+0x4c18)
    #6 0x000100bb4c18 in cJSON_Duplicate_rec+0x19c (libstd_json.dylib:arm64+0x4c18)
    #7 0x000100bb4a6c in cJSON_Duplicate+0x20 (libstd_json.dylib:arm64+0x4a6c)
    #8 0x000100bb1124 in nl_json_get+0x78 (libstd_json.dylib:arm64+0x1124)
    #9 0x00010020e47c in nhost_json_29+0x340 (schema-nano_virt.native:arm64+0x10011647c)
    #10 0x00010011b44c in nl_get+0x514 (schema-nano_virt.native:arm64+0x10002344c)
    #11 0x00010015bfd0 in nl_gen_contracts+0xd614 (schema-nano_virt.native:arm64+0x100063fd0)
    #12 0x0001001dce70 in nl_main+0x4974 (schema-nano_virt.native:arm64+0x1000e4e70)
    #13 0x0001000f88c4 in main+0x1c (schema-nano_virt.native:arm64+0x1000008c4)
    #14 0x0001828804e0 in start+0x1b4c (dyld:arm64e+0x204e0)

Indirect leak of 6015 byte(s) in 698 object(s) allocated from:
    #0 0x0001012cd40c in malloc+0x70 (libclang_rt.asan_osx_dynamic.dylib:arm64+0x5540c)
    #1 0x000100bb1da4 in cJSON_strdup+0x4c (libstd_json.dylib:arm64+0x1da4)
    #2 0x000100bb4b28 in cJSON_Duplicate_rec+0xac (libstd_json.dylib:arm64+0x4b28)
    #3 0x000100bb4c18 in cJSON_Duplicate_rec+0x19c (libstd_json.dylib:arm64+0x4c18)
    #4 0x000100bb4c18 in cJSON_Duplicate_rec+0x19c (libstd_json.dylib:arm64+0x4c18)
    #5 0x000100bb4c18 in cJSON_Duplicate_rec+0x19c (libstd_json.dylib:arm64+0x4c18)
    #6 0x000100bb4a6c in cJSON_Duplicate+0x20 (libstd_json.dylib:arm64+0x4a6c)
    #7 0x000100bb1520 in nl_json_get_index+0x7c (libstd_json.dylib:arm64+0x1520)
    #8 0x00010020ed1c in nhost_json_32+0x340 (schema-nano_virt.native:arm64+0x100116d1c)
    #9 0x00010011c738 in nl_get_index+0x4d0 (schema-nano_virt.native:arm64+0x100024738)
    #10 0x000100141790 in nl_gen_nano_ast+0xf0ac (schema-nano_virt.native:arm64+0x100049790)
    #11 0x0001001dc97c in nl_main+0x4480 (schema-nano_virt.native:arm64+0x1000e497c)
    #12 0x0001000f88c4 in main+0x1c (schema-nano_virt.native:arm64+0x1000008c4)
    #13 0x0001828804e0 in start+0x1b4c (dyld:arm64e+0x204e0)

Indirect leak of 6015 byte(s) in 698 object(s) allocated from:
    #0 0x0001012cd40c in malloc+0x70 (libclang_rt.asan_osx_dynamic.dylib:arm64+0x5540c)
    #1 0x000100bb1da4 in cJSON_strdup+0x4c (libstd_json.dylib:arm64+0x1da4)
    #2 0x000100bb4b28 in cJSON_Duplicate_rec+0xac (libstd_json.dylib:arm64+0x4b28)
    #3 0x000100bb4c18 in cJSON_Duplicate_rec+0x19c (libstd_json.dylib:arm64+0x4c18)
    #4 0x000100bb4c18 in cJSON_Duplicate_rec+0x19c (libstd_json.dylib:arm64+0x4c18)
    #5 0x000100bb4c18 in cJSON_Duplicate_rec+0x19c (libstd_json.dylib:arm64+0x4c18)
    #6 0x000100bb4c18 in cJSON_Duplicate_rec+0x19c (libstd_json.dylib:arm64+0x4c18)
    #7 0x000100bb4a6c in cJSON_Duplicate+0x20 (libstd_json.dylib:arm64+0x4a6c)
    #8 0x000100bb1124 in nl_json_get+0x78 (libstd_json.dylib:arm64+0x1124)
    #9 0x00010020e47c in nhost_json_29+0x340 (schema-nano_virt.native:arm64+0x10011647c)
    #10 0x00010011b44c in nl_get+0x514 (schema-nano_virt.native:arm64+0x10002344c)
    #11 0x0001001bfd8c in nl_gen_c+0x40c60 (schema-nano_virt.native:arm64+0x1000c7d8c)
    #12 0x0001001dd364 in nl_main+0x4e68 (schema-nano_virt.native:arm64+0x1000e5364)
    #13 0x0001000f88c4 in main+0x1c (schema-nano_virt.native:arm64+0x1000008c4)
    #14 0x0001828804e0 in start+0x1b4c (dyld:arm64e+0x204e0)

Indirect leak of 6015 byte(s) in 698 object(s) allocated from:
    #0 0x0001012cd40c in malloc+0x70 (libclang_rt.asan_osx_dynamic.dylib:arm64+0x5540c)
    #1 0x000100bb1da4 in cJSON_strdup+0x4c (libstd_json.dylib:arm64+0x1da4)
    #2 0x000100bb4b28 in cJSON_Duplicate_rec+0xac (libstd_json.dylib:arm64+0x4b28)
    #3 0x000100bb4c18 in cJSON_Duplicate_rec+0x19c (libstd_json.dylib:arm64+0x4c18)
    #4 0x000100bb4a6c in cJSON_Duplicate+0x20 (libstd_json.dylib:arm64+0x4a6c)
    #5 0x000100bb1520 in nl_json_get_index+0x7c (libstd_json.dylib:arm64+0x1520)
    #6 0x00010020ed1c in nhost_json_32+0x340 (schema-nano_virt.native:arm64+0x100116d1c)
    #7 0x00010011c738 in nl_get_index+0x4d0 (schema-nano_virt.native:arm64+0x100024738)
    #8 0x00010018a814 in nl_gen_c+0xb6e8 (schema-nano_virt.native:arm64+0x100092814)
    #9 0x0001001dd364 in nl_main+0x4e68 (schema-nano_virt.native:arm64+0x1000e5364)
    #10 0x0001000f88c4 in main+0x1c (schema-nano_virt.native:arm64+0x1000008c4)
    #11 0x0001828804e0 in start+0x1b4c (dyld:arm64e+0x204e0)

Indirect leak of 6015 byte(s) in 698 object(s) allocated from:
    #0 0x0001012cd40c in malloc+0x70 (libclang_rt.asan_osx_dynamic.dylib:arm64+0x5540c)
    #1 0x000100bb1da4 in cJSON_strdup+0x4c (libstd_json.dylib:arm64+0x1da4)
    #2 0x000100bb4b28 in cJSON_Duplicate_rec+0xac (libstd_json.dylib:arm64+0x4b28)
    #3 0x000100bb4c18 in cJSON_Duplicate_rec+0x19c (libstd_json.dylib:arm64+0x4c18)
    #4 0x000100bb4c18 in cJSON_Duplicate_rec+0x19c (libstd_json.dylib:arm64+0x4c18)
    #5 0x000100bb4a6c in cJSON_Duplicate+0x20 (libstd_json.dylib:arm64+0x4a6c)
    #6 0x000100bb1124 in nl_json_get+0x78 (libstd_json.dylib:arm64+0x1124)
    #7 0x00010020e47c in nhost_json_29+0x340 (schema-nano_virt.native:arm64+0x10011647c)
    #8 0x00010011b44c in nl_get+0x514 (schema-nano_virt.native:arm64+0x10002344c)
    #9 0x000100188aa0 in nl_gen_c+0x9974 (schema-nano_virt.native:arm64+0x100090aa0)
    #10 0x0001001dd364 in nl_main+0x4e68 (schema-nano_virt.native:arm64+0x1000e5364)
    #11 0x0001000f88c4 in main+0x1c (schema-nano_virt.native:arm64+0x1000008c4)
    #12 0x0001828804e0 in start+0x1b4c (dyld:arm64e+0x204e0)

Indirect leak of 6015 byte(s) in 698 object(s) allocated from:
    #0 0x0001012cd40c in malloc+0x70 (libclang_rt.asan_osx_dynamic.dylib:arm64+0x5540c)
    #1 0x000100bb1da4 in cJSON_strdup+0x4c (libstd_json.dylib:arm64+0x1da4)
    #2 0x000100bb4b28 in cJSON_Duplicate_rec+0xac (libstd_json.dylib:arm64+0x4b28)
    #3 0x000100bb4c18 in cJSON_Duplicate_rec+0x19c (libstd_json.dylib:arm64+0x4c18)
    #4 0x000100bb4c18 in cJSON_Duplicate_rec+0x19c (libstd_json.dylib:arm64+0x4c18)
    #5 0x000100bb4c18 in cJSON_Duplicate_rec+0x19c (libstd_json.dylib:arm64+0x4c18)
    #6 0x000100bb4a6c in cJSON_Duplicate+0x20 (libstd_json.dylib:arm64+0x4a6c)
    #7 0x000100bb1520 in nl_json_get_index+0x7c (libstd_json.dylib:arm64+0x1520)
    #8 0x00010020ed1c in nhost_json_32+0x340 (schema-nano_virt.native:arm64+0x100116d1c)
    #9 0x00010011c738 in nl_get_index+0x4d0 (schema-nano_virt.native:arm64+0x100024738)
    #10 0x000100187d08 in nl_gen_c+0x8bdc (schema-nano_virt.native:arm64+0x10008fd08)
    #11 0x0001001dd364 in nl_main+0x4e68 (schema-nano_virt.native:arm64+0x1000e5364)
    #12 0x0001000f88c4 in main+0x1c (schema-nano_virt.native:arm64+0x1000008c4)
    #13 0x0001828804e0 in start+0x1b4c (dyld:arm64e+0x204e0)

Indirect leak of 6015 byte(s) in 698 object(s) allocated from:
    #0 0x0001012cd40c in malloc+0x70 (libclang_rt.asan_osx_dynamic.dylib:arm64+0x5540c)
    #1 0x000100bb1da4 in cJSON_strdup+0x4c (libstd_json.dylib:arm64+0x1da4)
    #2 0x000100bb4b28 in cJSON_Duplicate_rec+0xac (libstd_json.dylib:arm64+0x4b28)
    #3 0x000100bb4c18 in cJSON_Duplicate_rec+0x19c (libstd_json.dylib:arm64+0x4c18)
    #4 0x000100bb4c18 in cJSON_Duplicate_rec+0x19c (libstd_json.dylib:arm64+0x4c18)
    #5 0x000100bb4c18 in cJSON_Duplicate_rec+0x19c (libstd_json.dylib:arm64+0x4c18)
    #6 0x000100bb4c18 in cJSON_Duplicate_rec+0x19c (libstd_json.dylib:arm64+0x4c18)
    #7 0x000100bb4a6c in cJSON_Duplicate+0x20 (libstd_json.dylib:arm64+0x4a6c)
    #8 0x000100bb1124 in nl_json_get+0x78 (libstd_json.dylib:arm64+0x1124)
    #9 0x00010020e47c in nhost_json_29+0x340 (schema-nano_virt.native:arm64+0x10011647c)
    #10 0x00010011b44c in nl_get+0x514 (schema-nano_virt.native:arm64+0x10002344c)
    #11 0x0001001402bc in nl_gen_nano_ast+0xdbd8 (schema-nano_virt.native:arm64+0x1000482bc)
    #12 0x0001001dc97c in nl_main+0x4480 (schema-nano_virt.native:arm64+0x1000e497c)
    #13 0x0001000f88c4 in main+0x1c (schema-nano_virt.native:arm64+0x1000008c4)
    #14 0x0001828804e0 in start+0x1b4c (dyld:arm64e+0x204e0)

Indirect leak of 6015 byte(s) in 698 object(s) allocated from:
    #0 0x0001012cd40c in malloc+0x70 (libclang_rt.asan_osx_dynamic.dylib:arm64+0x5540c)
    #1 0x000100bb1da4 in cJSON_strdup+0x4c (libstd_json.dylib:arm64+0x1da4)
    #2 0x000100bb4b28 in cJSON_Duplicate_rec+0xac (libstd_json.dylib:arm64+0x4b28)
    #3 0x000100bb4c18 in cJSON_Duplicate_rec+0x19c (libstd_json.dylib:arm64+0x4c18)
    #4 0x000100bb4c18 in cJSON_Duplicate_rec+0x19c (libstd_json.dylib:arm64+0x4c18)
    #5 0x000100bb4c18 in cJSON_Duplicate_rec+0x19c (libstd_json.dylib:arm64+0x4c18)
    #6 0x000100bb4c18 in cJSON_Duplicate_rec+0x19c (libstd_json.dylib:arm64+0x4c18)
    #7 0x000100bb4a6c in cJSON_Duplicate+0x20 (libstd_json.dylib:arm64+0x4a6c)
    #8 0x000100bb1124 in nl_json_get+0x78 (libstd_json.dylib:arm64+0x1124)
    #9 0x00010020e47c in nhost_json_29+0x340 (schema-nano_virt.native:arm64+0x10011647c)
    #10 0x00010011b44c in nl_get+0x514 (schema-nano_virt.native:arm64+0x10002344c)
    #11 0x000100185f94 in nl_gen_c+0x6e68 (schema-nano_virt.native:arm64+0x10008df94)
    #12 0x0001001dd364 in nl_main+0x4e68 (schema-nano_virt.native:arm64+0x1000e5364)
    #13 0x0001000f88c4 in main+0x1c (schema-nano_virt.native:arm64+0x1000008c4)
    #14 0x0001828804e0 in start+0x1b4c (dyld:arm64e+0x204e0)

Indirect leak of 5696 byte(s) in 89 object(s) allocated from:
    #0 0x0001012cd40c in malloc+0x70 (libclang_rt.asan_osx_dynamic.dylib:arm64+0x5540c)
    #1 0x000100bb20b0 in cJSON_New_Item+0x1c (libstd_json.dylib:arm64+0x20b0)
    #2 0x000100bb4abc in cJSON_Duplicate_rec+0x40 (libstd_json.dylib:arm64+0x4abc)
    #3 0x000100bb4c18 in cJSON_Duplicate_rec+0x19c (libstd_json.dylib:arm64+0x4c18)
    #4 0x000100bb4a6c in cJSON_Duplicate+0x20 (libstd_json.dylib:arm64+0x4a6c)
    #5 0x000100bb1124 in nl_json_get+0x78 (libstd_json.dylib:arm64+0x1124)
    #6 0x00010020e47c in nhost_json_29+0x340 (schema-nano_virt.native:arm64+0x10011647c)
    #7 0x00010011b44c in nl_get+0x514 (schema-nano_virt.native:arm64+0x10002344c)
    #8 0x000100126804 in nl_gen_nano_schema+0x1754 (schema-nano_virt.native:arm64+0x10002e804)
    #9 0x0001001dc488 in nl_main+0x3f8c (schema-nano_virt.native:arm64+0x1000e4488)
    #10 0x0001000f88c4 in main+0x1c (schema-nano_virt.native:arm64+0x1000008c4)
    #11 0x0001828804e0 in start+0x1b4c (dyld:arm64e+0x204e0)

Indirect leak of 5696 byte(s) in 89 object(s) allocated from:
    #0 0x0001012cd40c in malloc+0x70 (libclang_rt.asan_osx_dynamic.dylib:arm64+0x5540c)
    #1 0x000100bb20b0 in cJSON_New_Item+0x1c (libstd_json.dylib:arm64+0x20b0)
    #2 0x000100bb4abc in cJSON_Duplicate_rec+0x40 (libstd_json.dylib:arm64+0x4abc)
    #3 0x000100bb4c18 in cJSON_Duplicate_rec+0x19c (libstd_json.dylib:arm64+0x4c18)
    #4 0x000100bb4a6c in cJSON_Duplicate+0x20 (libstd_json.dylib:arm64+0x4a6c)
    #5 0x000100bb1124 in nl_json_get+0x78 (libstd_json.dylib:arm64+0x1124)
    #6 0x00010020e47c in nhost_json_29+0x340 (schema-nano_virt.native:arm64+0x10011647c)
    #7 0x00010011b44c in nl_get+0x514 (schema-nano_virt.native:arm64+0x10002344c)
    #8 0x0001001af358 in nl_gen_c+0x3022c (schema-nano_virt.native:arm64+0x1000b7358)
    #9 0x0001001dd364 in nl_main+0x4e68 (schema-nano_virt.native:arm64+0x1000e5364)
    #10 0x0001000f88c4 in main+0x1c (schema-nano_virt.native:arm64+0x1000008c4)
    #11 0x0001828804e0 in start+0x1b4c (dyld:arm64e+0x204e0)

Indirect leak of 5480 byte(s) in 642 object(s) allocated from:
    #0 0x0001012cd40c in malloc+0x70 (libclang_rt.asan_osx_dynamic.dylib:arm64+0x5540c)
    #1 0x000100bb1da4 in cJSON_strdup+0x4c (libstd_json.dylib:arm64+0x1da4)
    #2 0x000100bb4b28 in cJSON_Duplicate_rec+0xac (libstd_json.dylib:arm64+0x4b28)
    #3 0x000100bb4c18 in cJSON_Duplicate_rec+0x19c (libstd_json.dylib:arm64+0x4c18)
    #4 0x000100bb4a6c in cJSON_Duplicate+0x20 (libstd_json.dylib:arm64+0x4a6c)
    #5 0x000100bb1520 in nl_json_get_index+0x7c (libstd_json.dylib:arm64+0x1520)
    #6 0x00010020ed1c in nhost_json_32+0x340 (schema-nano_virt.native:arm64+0x100116d1c)
    #7 0x00010011c738 in nl_get_index+0x4d0 (schema-nano_virt.native:arm64+0x100024738)
    #8 0x000100148844 in nl_gen_nano_ast+0x16160 (schema-nano_virt.native:arm64+0x100050844)
    #9 0x0001001dc97c in nl_main+0x4480 (schema-nano_virt.native:arm64+0x1000e497c)
    #10 0x0001000f88c4 in main+0x1c (schema-nano_virt.native:arm64+0x1000008c4)
    #11 0x0001828804e0 in start+0x1b4c (dyld:arm64e+0x204e0)

Indirect leak of 5480 byte(s) in 642 object(s) allocated from:
    #0 0x0001012cd40c in malloc+0x70 (libclang_rt.asan_osx_dynamic.dylib:arm64+0x5540c)
    #1 0x000100bb1da4 in cJSON_strdup+0x4c (libstd_json.dylib:arm64+0x1da4)
    #2 0x000100bb4b28 in cJSON_Duplicate_rec+0xac (libstd_json.dylib:arm64+0x4b28)
    #3 0x000100bb4c18 in cJSON_Duplicate_rec+0x19c (libstd_json.dylib:arm64+0x4c18)
    #4 0x000100bb4c18 in cJSON_Duplicate_rec+0x19c (libstd_json.dylib:arm64+0x4c18)
    #5 0x000100bb4a6c in cJSON_Duplicate+0x20 (libstd_json.dylib:arm64+0x4a6c)
    #6 0x000100bb1124 in nl_json_get+0x78 (libstd_json.dylib:arm64+0x1124)
    #7 0x00010020e47c in nhost_json_29+0x340 (schema-nano_virt.native:arm64+0x10011647c)
    #8 0x00010011b44c in nl_get+0x514 (schema-nano_virt.native:arm64+0x10002344c)
    #9 0x000100144620 in nl_gen_nano_ast+0x11f3c (schema-nano_virt.native:arm64+0x10004c620)
    #10 0x0001001dc97c in nl_main+0x4480 (schema-nano_virt.native:arm64+0x1000e497c)
    #11 0x0001000f88c4 in main+0x1c (schema-nano_virt.native:arm64+0x1000008c4)
    #12 0x0001828804e0 in start+0x1b4c (dyld:arm64e+0x204e0)

Indirect leak of 3584 byte(s) in 56 object(s) allocated from:
    #0 0x0001012cd40c in malloc+0x70 (libclang_rt.asan_osx_dynamic.dylib:arm64+0x5540c)
    #1 0x000100bb20b0 in cJSON_New_Item+0x1c (libstd_json.dylib:arm64+0x20b0)
    #2 0x000100bb4abc in cJSON_Duplicate_rec+0x40 (libstd_json.dylib:arm64+0x4abc)
    #3 0x000100bb4c18 in cJSON_Duplicate_rec+0x19c (libstd_json.dylib:arm64+0x4c18)
    #4 0x000100bb4a6c in cJSON_Duplicate+0x20 (libstd_json.dylib:arm64+0x4a6c)
    #5 0x000100bb1520 in nl_json_get_index+0x7c (libstd_json.dylib:arm64+0x1520)
    #6 0x00010020ed1c in nhost_json_32+0x340 (schema-nano_virt.native:arm64+0x100116d1c)
    #7 0x00010011c738 in nl_get_index+0x4d0 (schema-nano_virt.native:arm64+0x100024738)
    #8 0x000100164554 in nl_gen_contracts+0x15b98 (schema-nano_virt.native:arm64+0x10006c554)
    #9 0x0001001dce70 in nl_main+0x4974 (schema-nano_virt.native:arm64+0x1000e4e70)
    #10 0x0001000f88c4 in main+0x1c (schema-nano_virt.native:arm64+0x1000008c4)
    #11 0x0001828804e0 in start+0x1b4c (dyld:arm64e+0x204e0)

Indirect leak of 3584 byte(s) in 56 object(s) allocated from:
    #0 0x0001012cd40c in malloc+0x70 (libclang_rt.asan_osx_dynamic.dylib:arm64+0x5540c)
    #1 0x000100bb20b0 in cJSON_New_Item+0x1c (libstd_json.dylib:arm64+0x20b0)
    #2 0x000100bb4abc in cJSON_Duplicate_rec+0x40 (libstd_json.dylib:arm64+0x4abc)
    #3 0x000100bb4c18 in cJSON_Duplicate_rec+0x19c (libstd_json.dylib:arm64+0x4c18)
    #4 0x000100bb4c18 in cJSON_Duplicate_rec+0x19c (libstd_json.dylib:arm64+0x4c18)
    #5 0x000100bb4a6c in cJSON_Duplicate+0x20 (libstd_json.dylib:arm64+0x4a6c)
    #6 0x000100bb1124 in nl_json_get+0x78 (libstd_json.dylib:arm64+0x1124)
    #7 0x00010020e47c in nhost_json_29+0x340 (schema-nano_virt.native:arm64+0x10011647c)
    #8 0x00010011b44c in nl_get+0x514 (schema-nano_virt.native:arm64+0x10002344c)
    #9 0x000100160330 in nl_gen_contracts+0x11974 (schema-nano_virt.native:arm64+0x100068330)
    #10 0x0001001dce70 in nl_main+0x4974 (schema-nano_virt.native:arm64+0x1000e4e70)
    #11 0x0001000f88c4 in main+0x1c (schema-nano_virt.native:arm64+0x1000008c4)
    #12 0x0001828804e0 in start+0x1b4c (dyld:arm64e+0x204e0)

Indirect leak of 3577 byte(s) in 349 object(s) allocated from:
    #0 0x0001012cd40c in malloc+0x70 (libclang_rt.asan_osx_dynamic.dylib:arm64+0x5540c)
    #1 0x000100bb1da4 in cJSON_strdup+0x4c (libstd_json.dylib:arm64+0x1da4)
    #2 0x000100bb4b28 in cJSON_Duplicate_rec+0xac (libstd_json.dylib:arm64+0x4b28)
    #3 0x000100bb4a6c in cJSON_Duplicate+0x20 (libstd_json.dylib:arm64+0x4a6c)
    #4 0x000100bb1520 in nl_json_get_index+0x7c (libstd_json.dylib:arm64+0x1520)
    #5 0x00010020ed1c in nhost_json_32+0x340 (schema-nano_virt.native:arm64+0x100116d1c)
    #6 0x00010011c738 in nl_get_index+0x4d0 (schema-nano_virt.native:arm64+0x100024738)
    #7 0x0001001caa0c in nl_gen_c+0x4b8e0 (schema-nano_virt.native:arm64+0x1000d2a0c)
    #8 0x0001001dd364 in nl_main+0x4e68 (schema-nano_virt.native:arm64+0x1000e5364)
    #9 0x0001000f88c4 in main+0x1c (schema-nano_virt.native:arm64+0x1000008c4)
    #10 0x0001828804e0 in start+0x1b4c (dyld:arm64e+0x204e0)

Indirect leak of 3314 byte(s) in 321 object(s) allocated from:
    #0 0x0001012cd40c in malloc+0x70 (libclang_rt.asan_osx_dynamic.dylib:arm64+0x5540c)
    #1 0x000100bb1da4 in cJSON_strdup+0x4c (libstd_json.dylib:arm64+0x1da4)
    #2 0x000100bb4b28 in cJSON_Duplicate_rec+0xac (libstd_json.dylib:arm64+0x4b28)
    #3 0x000100bb4a6c in cJSON_Duplicate+0x20 (libstd_json.dylib:arm64+0x4a6c)
    #4 0x000100bb1520 in nl_json_get_index+0x7c (libstd_json.dylib:arm64+0x1520)
    #5 0x00010020ed1c in nhost_json_32+0x340 (schema-nano_virt.native:arm64+0x100116d1c)
    #6 0x00010011c738 in nl_get_index+0x4d0 (schema-nano_virt.native:arm64+0x100024738)
    #7 0x000100148fd8 in nl_gen_nano_ast+0x168f4 (schema-nano_virt.native:arm64+0x100050fd8)
    #8 0x0001001dc97c in nl_main+0x4480 (schema-nano_virt.native:arm64+0x1000e497c)
    #9 0x0001000f88c4 in main+0x1c (schema-nano_virt.native:arm64+0x1000008c4)
    #10 0x0001828804e0 in start+0x1b4c (dyld:arm64e+0x204e0)

Indirect leak of 3008 byte(s) in 47 object(s) allocated from:
    #0 0x0001012cd40c in malloc+0x70 (libclang_rt.asan_osx_dynamic.dylib:arm64+0x5540c)
    #1 0x000100bb20b0 in cJSON_New_Item+0x1c (libstd_json.dylib:arm64+0x20b0)
    #2 0x000100bb4abc in cJSON_Duplicate_rec+0x40 (libstd_json.dylib:arm64+0x4abc)
    #3 0x000100bb4c18 in cJSON_Duplicate_rec+0x19c (libstd_json.dylib:arm64+0x4c18)
    #4 0x000100bb4a6c in cJSON_Duplicate+0x20 (libstd_json.dylib:arm64+0x4a6c)
    #5 0x000100bb1124 in nl_json_get+0x78 (libstd_json.dylib:arm64+0x1124)
    #6 0x00010020e47c in nhost_json_29+0x340 (schema-nano_virt.native:arm64+0x10011647c)
    #7 0x00010011b44c in nl_get+0x514 (schema-nano_virt.native:arm64+0x10002344c)
    #8 0x000100185f94 in nl_gen_c+0x6e68 (schema-nano_virt.native:arm64+0x10008df94)
    #9 0x0001001dd364 in nl_main+0x4e68 (schema-nano_virt.native:arm64+0x1000e5364)
    #10 0x0001000f88c4 in main+0x1c (schema-nano_virt.native:arm64+0x1000008c4)
    #11 0x0001828804e0 in start+0x1b4c (dyld:arm64e+0x204e0)

Indirect leak of 3008 byte(s) in 47 object(s) allocated from:
    #0 0x0001012cd40c in malloc+0x70 (libclang_rt.asan_osx_dynamic.dylib:arm64+0x5540c)
    #1 0x000100bb20b0 in cJSON_New_Item+0x1c (libstd_json.dylib:arm64+0x20b0)
    #2 0x000100bb4abc in cJSON_Duplicate_rec+0x40 (libstd_json.dylib:arm64+0x4abc)
    #3 0x000100bb4c18 in cJSON_Duplicate_rec+0x19c (libstd_json.dylib:arm64+0x4c18)
    #4 0x000100bb4a6c in cJSON_Duplicate+0x20 (libstd_json.dylib:arm64+0x4a6c)
    #5 0x000100bb1124 in nl_json_get+0x78 (libstd_json.dylib:arm64+0x1124)
    #6 0x00010020e47c in nhost_json_29+0x340 (schema-nano_virt.native:arm64+0x10011647c)
    #7 0x00010011b44c in nl_get+0x514 (schema-nano_virt.native:arm64+0x10002344c)
    #8 0x00010015bfd0 in nl_gen_contracts+0xd614 (schema-nano_virt.native:arm64+0x100063fd0)
    #9 0x0001001dce70 in nl_main+0x4974 (schema-nano_virt.native:arm64+0x1000e4e70)
    #10 0x0001000f88c4 in main+0x1c (schema-nano_virt.native:arm64+0x1000008c4)
    #11 0x0001828804e0 in start+0x1b4c (dyld:arm64e+0x204e0)

Indirect leak of 3008 byte(s) in 47 object(s) allocated from:
    #0 0x0001012cd40c in malloc+0x70 (libclang_rt.asan_osx_dynamic.dylib:arm64+0x5540c)
    #1 0x000100bb20b0 in cJSON_New_Item+0x1c (libstd_json.dylib:arm64+0x20b0)
    #2 0x000100bb4abc in cJSON_Duplicate_rec+0x40 (libstd_json.dylib:arm64+0x4abc)
    #3 0x000100bb4c18 in cJSON_Duplicate_rec+0x19c (libstd_json.dylib:arm64+0x4c18)
    #4 0x000100bb4a6c in cJSON_Duplicate+0x20 (libstd_json.dylib:arm64+0x4a6c)
    #5 0x000100bb1124 in nl_json_get+0x78 (libstd_json.dylib:arm64+0x1124)
    #6 0x00010020e47c in nhost_json_29+0x340 (schema-nano_virt.native:arm64+0x10011647c)
    #7 0x00010011b44c in nl_get+0x514 (schema-nano_virt.native:arm64+0x10002344c)
    #8 0x0001001bfd8c in nl_gen_c+0x40c60 (schema-nano_virt.native:arm64+0x1000c7d8c)
    #9 0x0001001dd364 in nl_main+0x4e68 (schema-nano_virt.native:arm64+0x1000e5364)
    #10 0x0001000f88c4 in main+0x1c (schema-nano_virt.native:arm64+0x1000008c4)
    #11 0x0001828804e0 in start+0x1b4c (dyld:arm64e+0x204e0)

Indirect leak of 3008 byte(s) in 47 object(s) allocated from:
    #0 0x0001012cd40c in malloc+0x70 (libclang_rt.asan_osx_dynamic.dylib:arm64+0x5540c)
    #1 0x000100bb20b0 in cJSON_New_Item+0x1c (libstd_json.dylib:arm64+0x20b0)
    #2 0x000100bb4abc in cJSON_Duplicate_rec+0x40 (libstd_json.dylib:arm64+0x4abc)
    #3 0x000100bb4c18 in cJSON_Duplicate_rec+0x19c (libstd_json.dylib:arm64+0x4c18)
    #4 0x000100bb4a6c in cJSON_Duplicate+0x20 (libstd_json.dylib:arm64+0x4a6c)
    #5 0x000100bb1124 in nl_json_get+0x78 (libstd_json.dylib:arm64+0x1124)
    #6 0x00010020e47c in nhost_json_29+0x340 (schema-nano_virt.native:arm64+0x10011647c)
    #7 0x00010011b44c in nl_get+0x514 (schema-nano_virt.native:arm64+0x10002344c)
    #8 0x0001001402bc in nl_gen_nano_ast+0xdbd8 (schema-nano_virt.native:arm64+0x1000482bc)
    #9 0x0001001dc97c in nl_main+0x4480 (schema-nano_virt.native:arm64+0x1000e497c)
    #10 0x0001000f88c4 in main+0x1c (schema-nano_virt.native:arm64+0x1000008c4)
    #11 0x0001828804e0 in start+0x1b4c (dyld:arm64e+0x204e0)

Indirect leak of 2944 byte(s) in 46 object(s) allocated from:
    #0 0x0001012cd40c in malloc+0x70 (libclang_rt.asan_osx_dynamic.dylib:arm64+0x5540c)
    #1 0x000100bb20b0 in cJSON_New_Item+0x1c (libstd_json.dylib:arm64+0x20b0)
    #2 0x000100bb4abc in cJSON_Duplicate_rec+0x40 (libstd_json.dylib:arm64+0x4abc)
    #3 0x000100bb4c18 in cJSON_Duplicate_rec+0x19c (libstd_json.dylib:arm64+0x4c18)
    #4 0x000100bb4a6c in cJSON_Duplicate+0x20 (libstd_json.dylib:arm64+0x4a6c)
    #5 0x000100bb1124 in nl_json_get+0x78 (libstd_json.dylib:arm64+0x1124)
    #6 0x00010020e47c in nhost_json_29+0x340 (schema-nano_virt.native:arm64+0x10011647c)
    #7 0x00010011b44c in nl_get+0x514 (schema-nano_virt.native:arm64+0x10002344c)
    #8 0x0001001b85ac in nl_gen_c+0x39480 (schema-nano_virt.native:arm64+0x1000c05ac)
    #9 0x0001001dd364 in nl_main+0x4e68 (schema-nano_virt.native:arm64+0x1000e5364)
    #10 0x0001000f88c4 in main+0x1c (schema-nano_virt.native:arm64+0x1000008c4)
    #11 0x0001828804e0 in start+0x1b4c (dyld:arm64e+0x204e0)

Indirect leak of 2944 byte(s) in 46 object(s) allocated from:
    #0 0x0001012cd40c in malloc+0x70 (libclang_rt.asan_osx_dynamic.dylib:arm64+0x5540c)
    #1 0x000100bb20b0 in cJSON_New_Item+0x1c (libstd_json.dylib:arm64+0x20b0)
    #2 0x000100bb4abc in cJSON_Duplicate_rec+0x40 (libstd_json.dylib:arm64+0x4abc)
    #3 0x000100bb4c18 in cJSON_Duplicate_rec+0x19c (libstd_json.dylib:arm64+0x4c18)
    #4 0x000100bb4a6c in cJSON_Duplicate+0x20 (libstd_json.dylib:arm64+0x4a6c)
    #5 0x000100bb1124 in nl_json_get+0x78 (libstd_json.dylib:arm64+0x1124)
    #6 0x00010020e47c in nhost_json_29+0x340 (schema-nano_virt.native:arm64+0x10011647c)
    #7 0x00010011b44c in nl_get+0x514 (schema-nano_virt.native:arm64+0x10002344c)
    #8 0x00010012d4d4 in nl_gen_nano_schema+0x8424 (schema-nano_virt.native:arm64+0x1000354d4)
    #9 0x0001001dc488 in nl_main+0x3f8c (schema-nano_virt.native:arm64+0x1000e4488)
    #10 0x0001000f88c4 in main+0x1c (schema-nano_virt.native:arm64+0x1000008c4)
    #11 0x0001828804e0 in start+0x1b4c (dyld:arm64e+0x204e0)

Indirect leak of 2438 byte(s) in 349 object(s) allocated from:
    #0 0x0001012cd40c in malloc+0x70 (libclang_rt.asan_osx_dynamic.dylib:arm64+0x5540c)
    #1 0x000100bb1da4 in cJSON_strdup+0x4c (libstd_json.dylib:arm64+0x1da4)
    #2 0x000100bb4b28 in cJSON_Duplicate_rec+0xac (libstd_json.dylib:arm64+0x4b28)
    #3 0x000100bb4a6c in cJSON_Duplicate+0x20 (libstd_json.dylib:arm64+0x4a6c)
    #4 0x000100bb1520 in nl_json_get_index+0x7c (libstd_json.dylib:arm64+0x1520)
    #5 0x00010020ed1c in nhost_json_32+0x340 (schema-nano_virt.native:arm64+0x100116d1c)
    #6 0x00010011c738 in nl_get_index+0x4d0 (schema-nano_virt.native:arm64+0x100024738)
    #7 0x0001001cbaf4 in nl_gen_c+0x4c9c8 (schema-nano_virt.native:arm64+0x1000d3af4)
    #8 0x0001001dd364 in nl_main+0x4e68 (schema-nano_virt.native:arm64+0x1000e5364)
    #9 0x0001000f88c4 in main+0x1c (schema-nano_virt.native:arm64+0x1000008c4)
    #10 0x0001828804e0 in start+0x1b4c (dyld:arm64e+0x204e0)

Indirect leak of 2438 byte(s) in 349 object(s) allocated from:
    #0 0x0001012cd40c in malloc+0x70 (libclang_rt.asan_osx_dynamic.dylib:arm64+0x5540c)
    #1 0x000100bb1da4 in cJSON_strdup+0x4c (libstd_json.dylib:arm64+0x1da4)
    #2 0x000100bb4b28 in cJSON_Duplicate_rec+0xac (libstd_json.dylib:arm64+0x4b28)
    #3 0x000100bb4a6c in cJSON_Duplicate+0x20 (libstd_json.dylib:arm64+0x4a6c)
    #4 0x000100bb1520 in nl_json_get_index+0x7c (libstd_json.dylib:arm64+0x1520)
    #5 0x00010020ed1c in nhost_json_32+0x340 (schema-nano_virt.native:arm64+0x100116d1c)
    #6 0x00010011c738 in nl_get_index+0x4d0 (schema-nano_virt.native:arm64+0x100024738)
    #7 0x00010018b468 in nl_gen_c+0xc33c (schema-nano_virt.native:arm64+0x100093468)
    #8 0x0001001dd364 in nl_main+0x4e68 (schema-nano_virt.native:arm64+0x1000e5364)
    #9 0x0001000f88c4 in main+0x1c (schema-nano_virt.native:arm64+0x1000008c4)
    #10 0x0001828804e0 in start+0x1b4c (dyld:arm64e+0x204e0)

Indirect leak of 2166 byte(s) in 321 object(s) allocated from:
    #0 0x0001012cd40c in malloc+0x70 (libclang_rt.asan_osx_dynamic.dylib:arm64+0x5540c)
    #1 0x000100bb1da4 in cJSON_strdup+0x4c (libstd_json.dylib:arm64+0x1da4)
    #2 0x000100bb4b28 in cJSON_Duplicate_rec+0xac (libstd_json.dylib:arm64+0x4b28)
    #3 0x000100bb4a6c in cJSON_Duplicate+0x20 (libstd_json.dylib:arm64+0x4a6c)
    #4 0x000100bb1520 in nl_json_get_index+0x7c (libstd_json.dylib:arm64+0x1520)
    #5 0x00010020ed1c in nhost_json_32+0x340 (schema-nano_virt.native:arm64+0x100116d1c)
    #6 0x00010011c738 in nl_get_index+0x4d0 (schema-nano_virt.native:arm64+0x100024738)
    #7 0x000100149b38 in nl_gen_nano_ast+0x17454 (schema-nano_virt.native:arm64+0x100051b38)
    #8 0x0001001dc97c in nl_main+0x4480 (schema-nano_virt.native:arm64+0x1000e497c)
    #9 0x0001000f88c4 in main+0x1c (schema-nano_virt.native:arm64+0x1000008c4)
    #10 0x0001828804e0 in start+0x1b4c (dyld:arm64e+0x204e0)

Indirect leak of 1792 byte(s) in 28 object(s) allocated from:
    #0 0x0001012cd40c in malloc+0x70 (libclang_rt.asan_osx_dynamic.dylib:arm64+0x5540c)
    #1 0x000100bb20b0 in cJSON_New_Item+0x1c (libstd_json.dylib:arm64+0x20b0)
    #2 0x000100bb4abc in cJSON_Duplicate_rec+0x40 (libstd_json.dylib:arm64+0x4abc)
    #3 0x000100bb4c18 in cJSON_Duplicate_rec+0x19c (libstd_json.dylib:arm64+0x4c18)
    #4 0x000100bb4a6c in cJSON_Duplicate+0x20 (libstd_json.dylib:arm64+0x4a6c)
    #5 0x000100bb1124 in nl_json_get+0x78 (libstd_json.dylib:arm64+0x1124)
    #6 0x00010020e47c in nhost_json_29+0x340 (schema-nano_virt.native:arm64+0x10011647c)
    #7 0x00010011b44c in nl_get+0x514 (schema-nano_virt.native:arm64+0x10002344c)
    #8 0x000100160330 in nl_gen_contracts+0x11974 (schema-nano_virt.native:arm64+0x100068330)
    #9 0x0001001dce70 in nl_main+0x4974 (schema-nano_virt.native:arm64+0x1000e4e70)
    #10 0x0001000f88c4 in main+0x1c (schema-nano_virt.native:arm64+0x1000008c4)
    #11 0x0001828804e0 in start+0x1b4c (dyld:arm64e+0x204e0)

Indirect leak of 1728 byte(s) in 27 object(s) allocated from:
    #0 0x0001012cd40c in malloc+0x70 (libclang_rt.asan_osx_dynamic.dylib:arm64+0x5540c)
    #1 0x000100bb20b0 in cJSON_New_Item+0x1c (libstd_json.dylib:arm64+0x20b0)
    #2 0x000100bb4abc in cJSON_Duplicate_rec+0x40 (libstd_json.dylib:arm64+0x4abc)
    #3 0x000100bb4c18 in cJSON_Duplicate_rec+0x19c (libstd_json.dylib:arm64+0x4c18)
    #4 0x000100bb4c18 in cJSON_Duplicate_rec+0x19c (libstd_json.dylib:arm64+0x4c18)
    #5 0x000100bb4a6c in cJSON_Duplicate+0x20 (libstd_json.dylib:arm64+0x4a6c)
    #6 0x000100bb1520 in nl_json_get_index+0x7c (libstd_json.dylib:arm64+0x1520)
    #7 0x00010020ed1c in nhost_json_32+0x340 (schema-nano_virt.native:arm64+0x100116d1c)
    #8 0x00010011c738 in nl_get_index+0x4d0 (schema-nano_virt.native:arm64+0x100024738)
    #9 0x00010019f5d0 in nl_gen_c+0x204a4 (schema-nano_virt.native:arm64+0x1000a75d0)
    #10 0x0001001dd364 in nl_main+0x4e68 (schema-nano_virt.native:arm64+0x1000e5364)
    #11 0x0001000f88c4 in main+0x1c (schema-nano_virt.native:arm64+0x1000008c4)
    #12 0x0001828804e0 in start+0x1b4c (dyld:arm64e+0x204e0)

Indirect leak of 1728 byte(s) in 27 object(s) allocated from:
    #0 0x0001012cd40c in malloc+0x70 (libclang_rt.asan_osx_dynamic.dylib:arm64+0x5540c)
    #1 0x000100bb20b0 in cJSON_New_Item+0x1c (libstd_json.dylib:arm64+0x20b0)
    #2 0x000100bb4abc in cJSON_Duplicate_rec+0x40 (libstd_json.dylib:arm64+0x4abc)
    #3 0x000100bb4c18 in cJSON_Duplicate_rec+0x19c (libstd_json.dylib:arm64+0x4c18)
    #4 0x000100bb4c18 in cJSON_Duplicate_rec+0x19c (libstd_json.dylib:arm64+0x4c18)
    #5 0x000100bb4c18 in cJSON_Duplicate_rec+0x19c (libstd_json.dylib:arm64+0x4c18)
    #6 0x000100bb4a6c in cJSON_Duplicate+0x20 (libstd_json.dylib:arm64+0x4a6c)
    #7 0x000100bb1124 in nl_json_get+0x78 (libstd_json.dylib:arm64+0x1124)
    #8 0x00010020e47c in nhost_json_29+0x340 (schema-nano_virt.native:arm64+0x10011647c)
    #9 0x00010011b44c in nl_get+0x514 (schema-nano_virt.native:arm64+0x10002344c)
    #10 0x00010019d5f4 in nl_gen_c+0x1e4c8 (schema-nano_virt.native:arm64+0x1000a55f4)
    #11 0x0001001dd364 in nl_main+0x4e68 (schema-nano_virt.native:arm64+0x1000e5364)
    #12 0x0001000f88c4 in main+0x1c (schema-nano_virt.native:arm64+0x1000008c4)
    #13 0x0001828804e0 in start+0x1b4c (dyld:arm64e+0x204e0)

Indirect leak of 1728 byte(s) in 27 object(s) allocated from:
    #0 0x0001012cd40c in malloc+0x70 (libclang_rt.asan_osx_dynamic.dylib:arm64+0x5540c)
    #1 0x000100bb20b0 in cJSON_New_Item+0x1c (libstd_json.dylib:arm64+0x20b0)
    #2 0x000100bb4abc in cJSON_Duplicate_rec+0x40 (libstd_json.dylib:arm64+0x4abc)
    #3 0x000100bb4c18 in cJSON_Duplicate_rec+0x19c (libstd_json.dylib:arm64+0x4c18)
    #4 0x000100bb4a6c in cJSON_Duplicate+0x20 (libstd_json.dylib:arm64+0x4a6c)
    #5 0x000100bb1124 in nl_json_get+0x78 (libstd_json.dylib:arm64+0x1124)
    #6 0x00010020e47c in nhost_json_29+0x340 (schema-nano_virt.native:arm64+0x10011647c)
    #7 0x00010011b44c in nl_get+0x514 (schema-nano_virt.native:arm64+0x10002344c)
    #8 0x00010015546c in nl_gen_contracts+0x6ab0 (schema-nano_virt.native:arm64+0x10005d46c)
    #9 0x0001001dce70 in nl_main+0x4974 (schema-nano_virt.native:arm64+0x1000e4e70)
    #10 0x0001000f88c4 in main+0x1c (schema-nano_virt.native:arm64+0x1000008c4)
    #11 0x0001828804e0 in start+0x1b4c (dyld:arm64e+0x204e0)

Indirect leak of 1728 byte(s) in 27 object(s) allocated from:
    #0 0x0001012cd40c in malloc+0x70 (libclang_rt.asan_osx_dynamic.dylib:arm64+0x5540c)
    #1 0x000100bb20b0 in cJSON_New_Item+0x1c (libstd_json.dylib:arm64+0x20b0)
    #2 0x000100bb4abc in cJSON_Duplicate_rec+0x40 (libstd_json.dylib:arm64+0x4abc)
    #3 0x000100bb4c18 in cJSON_Duplicate_rec+0x19c (libstd_json.dylib:arm64+0x4c18)
    #4 0x000100bb4c18 in cJSON_Duplicate_rec+0x19c (libstd_json.dylib:arm64+0x4c18)
    #5 0x000100bb4a6c in cJSON_Duplicate+0x20 (libstd_json.dylib:arm64+0x4a6c)
    #6 0x000100bb1520 in nl_json_get_index+0x7c (libstd_json.dylib:arm64+0x1520)
    #7 0x00010020ed1c in nhost_json_32+0x340 (schema-nano_virt.native:arm64+0x100116d1c)
    #8 0x00010011c738 in nl_get_index+0x4d0 (schema-nano_virt.native:arm64+0x100024738)
    #9 0x0001001522a0 in nl_gen_contracts+0x38e4 (schema-nano_virt.native:arm64+0x10005a2a0)
    #10 0x0001001dce70 in nl_main+0x4974 (schema-nano_virt.native:arm64+0x1000e4e70)
    #11 0x0001000f88c4 in main+0x1c (schema-nano_virt.native:arm64+0x1000008c4)
    #12 0x0001828804e0 in start+0x1b4c (dyld:arm64e+0x204e0)

Indirect leak of 1728 byte(s) in 27 object(s) allocated from:
    #0 0x0001012cd40c in malloc+0x70 (libclang_rt.asan_osx_dynamic.dylib:arm64+0x5540c)
    #1 0x000100bb20b0 in cJSON_New_Item+0x1c (libstd_json.dylib:arm64+0x20b0)
    #2 0x000100bb4abc in cJSON_Duplicate_rec+0x40 (libstd_json.dylib:arm64+0x4abc)
    #3 0x000100bb4c18 in cJSON_Duplicate_rec+0x19c (libstd_json.dylib:arm64+0x4c18)
    #4 0x000100bb4c18 in cJSON_Duplicate_rec+0x19c (libstd_json.dylib:arm64+0x4c18)
    #5 0x000100bb4c18 in cJSON_Duplicate_rec+0x19c (libstd_json.dylib:arm64+0x4c18)
    #6 0x000100bb4a6c in cJSON_Duplicate+0x20 (libstd_json.dylib:arm64+0x4a6c)
    #7 0x000100bb1124 in nl_json_get+0x78 (libstd_json.dylib:arm64+0x1124)
    #8 0x00010020e47c in nhost_json_29+0x340 (schema-nano_virt.native:arm64+0x10011647c)
    #9 0x00010011b44c in nl_get+0x514 (schema-nano_virt.native:arm64+0x10002344c)
    #10 0x000100150c94 in nl_gen_contracts+0x22d8 (schema-nano_virt.native:arm64+0x100058c94)
    #11 0x0001001dce70 in nl_main+0x4974 (schema-nano_virt.native:arm64+0x1000e4e70)
    #12 0x0001000f88c4 in main+0x1c (schema-nano_virt.native:arm64+0x1000008c4)
    #13 0x0001828804e0 in start+0x1b4c (dyld:arm64e+0x204e0)

Indirect leak of 1728 byte(s) in 27 object(s) allocated from:
    #0 0x0001012cd40c in malloc+0x70 (libclang_rt.asan_osx_dynamic.dylib:arm64+0x5540c)
    #1 0x000100bb20b0 in cJSON_New_Item+0x1c (libstd_json.dylib:arm64+0x20b0)
    #2 0x000100bb4abc in cJSON_Duplicate_rec+0x40 (libstd_json.dylib:arm64+0x4abc)
    #3 0x000100bb4c18 in cJSON_Duplicate_rec+0x19c (libstd_json.dylib:arm64+0x4c18)
    #4 0x000100bb4c18 in cJSON_Duplicate_rec+0x19c (libstd_json.dylib:arm64+0x4c18)
    #5 0x000100bb4a6c in cJSON_Duplicate+0x20 (libstd_json.dylib:arm64+0x4a6c)
    #6 0x000100bb1520 in nl_json_get_index+0x7c (libstd_json.dylib:arm64+0x1520)
    #7 0x00010020ed1c in nhost_json_32+0x340 (schema-nano_virt.native:arm64+0x100116d1c)
    #8 0x00010011c738 in nl_get_index+0x4d0 (schema-nano_virt.native:arm64+0x100024738)
    #9 0x000100136588 in nl_gen_nano_ast+0x3ea4 (schema-nano_virt.native:arm64+0x10003e588)
    #10 0x0001001dc97c in nl_main+0x4480 (schema-nano_virt.native:arm64+0x1000e497c)
    #11 0x0001000f88c4 in main+0x1c (schema-nano_virt.native:arm64+0x1000008c4)
    #12 0x0001828804e0 in start+0x1b4c (dyld:arm64e+0x204e0)

Indirect leak of 1728 byte(s) in 27 object(s) allocated from:
    #0 0x0001012cd40c in malloc+0x70 (libclang_rt.asan_osx_dynamic.dylib:arm64+0x5540c)
    #1 0x000100bb20b0 in cJSON_New_Item+0x1c (libstd_json.dylib:arm64+0x20b0)
    #2 0x000100bb4abc in cJSON_Duplicate_rec+0x40 (libstd_json.dylib:arm64+0x4abc)
    #3 0x000100bb4c18 in cJSON_Duplicate_rec+0x19c (libstd_json.dylib:arm64+0x4c18)
    #4 0x000100bb4c18 in cJSON_Duplicate_rec+0x19c (libstd_json.dylib:arm64+0x4c18)
    #5 0x000100bb4c18 in cJSON_Duplicate_rec+0x19c (libstd_json.dylib:arm64+0x4c18)
    #6 0x000100bb4a6c in cJSON_Duplicate+0x20 (libstd_json.dylib:arm64+0x4a6c)
    #7 0x000100bb1124 in nl_json_get+0x78 (libstd_json.dylib:arm64+0x1124)
    #8 0x00010020e47c in nhost_json_29+0x340 (schema-nano_virt.native:arm64+0x10011647c)
    #9 0x00010011b44c in nl_get+0x514 (schema-nano_virt.native:arm64+0x10002344c)
    #10 0x000100134f7c in nl_gen_nano_ast+0x2898 (schema-nano_virt.native:arm64+0x10003cf7c)
    #11 0x0001001dc97c in nl_main+0x4480 (schema-nano_virt.native:arm64+0x1000e497c)
    #12 0x0001000f88c4 in main+0x1c (schema-nano_virt.native:arm64+0x1000008c4)
    #13 0x0001828804e0 in start+0x1b4c (dyld:arm64e+0x204e0)

Indirect leak of 1090 byte(s) in 89 object(s) allocated from:
    #0 0x0001012cd40c in malloc+0x70 (libclang_rt.asan_osx_dynamic.dylib:arm64+0x5540c)
    #1 0x000100bb1da4 in cJSON_strdup+0x4c (libstd_json.dylib:arm64+0x1da4)
    #2 0x000100bb4b28 in cJSON_Duplicate_rec+0xac (libstd_json.dylib:arm64+0x4b28)
    #3 0x000100bb4a6c in cJSON_Duplicate+0x20 (libstd_json.dylib:arm64+0x4a6c)
    #4 0x000100bb1520 in nl_json_get_index+0x7c (libstd_json.dylib:arm64+0x1520)
    #5 0x00010020ed1c in nhost_json_32+0x340 (schema-nano_virt.native:arm64+0x100116d1c)
    #6 0x00010011c738 in nl_get_index+0x4d0 (schema-nano_virt.native:arm64+0x100024738)
    #7 0x0001001b100c in nl_gen_c+0x31ee0 (schema-nano_virt.native:arm64+0x1000b900c)
    #8 0x0001001dd364 in nl_main+0x4e68 (schema-nano_virt.native:arm64+0x1000e5364)
    #9 0x0001000f88c4 in main+0x1c (schema-nano_virt.native:arm64+0x1000008c4)
    #10 0x0001828804e0 in start+0x1b4c (dyld:arm64e+0x204e0)

Indirect leak of 1090 byte(s) in 89 object(s) allocated from:
    #0 0x0001012cd40c in malloc+0x70 (libclang_rt.asan_osx_dynamic.dylib:arm64+0x5540c)
    #1 0x000100bb1da4 in cJSON_strdup+0x4c (libstd_json.dylib:arm64+0x1da4)
    #2 0x000100bb4b28 in cJSON_Duplicate_rec+0xac (libstd_json.dylib:arm64+0x4b28)
    #3 0x000100bb4c18 in cJSON_Duplicate_rec+0x19c (libstd_json.dylib:arm64+0x4c18)
    #4 0x000100bb4a6c in cJSON_Duplicate+0x20 (libstd_json.dylib:arm64+0x4a6c)
    #5 0x000100bb1124 in nl_json_get+0x78 (libstd_json.dylib:arm64+0x1124)
    #6 0x00010020e47c in nhost_json_29+0x340 (schema-nano_virt.native:arm64+0x10011647c)
    #7 0x00010011b44c in nl_get+0x514 (schema-nano_virt.native:arm64+0x10002344c)
    #8 0x0001001af358 in nl_gen_c+0x3022c (schema-nano_virt.native:arm64+0x1000b7358)
    #9 0x0001001dd364 in nl_main+0x4e68 (schema-nano_virt.native:arm64+0x1000e5364)
    #10 0x0001000f88c4 in main+0x1c (schema-nano_virt.native:arm64+0x1000008c4)
    #11 0x0001828804e0 in start+0x1b4c (dyld:arm64e+0x204e0)

Indirect leak of 1090 byte(s) in 89 object(s) allocated from:
    #0 0x0001012cd40c in malloc+0x70 (libclang_rt.asan_osx_dynamic.dylib:arm64+0x5540c)
    #1 0x000100bb1da4 in cJSON_strdup+0x4c (libstd_json.dylib:arm64+0x1da4)
    #2 0x000100bb4b28 in cJSON_Duplicate_rec+0xac (libstd_json.dylib:arm64+0x4b28)
    #3 0x000100bb4a6c in cJSON_Duplicate+0x20 (libstd_json.dylib:arm64+0x4a6c)
    #4 0x000100bb1520 in nl_json_get_index+0x7c (libstd_json.dylib:arm64+0x1520)
    #5 0x00010020ed1c in nhost_json_32+0x340 (schema-nano_virt.native:arm64+0x100116d1c)
    #6 0x00010011c738 in nl_get_index+0x4d0 (schema-nano_virt.native:arm64+0x100024738)
    #7 0x000100127a50 in nl_gen_nano_schema+0x29a0 (schema-nano_virt.native:arm64+0x10002fa50)
    #8 0x0001001dc488 in nl_main+0x3f8c (schema-nano_virt.native:arm64+0x1000e4488)
    #9 0x0001000f88c4 in main+0x1c (schema-nano_virt.native:arm64+0x1000008c4)
    #10 0x0001828804e0 in start+0x1b4c (dyld:arm64e+0x204e0)

Indirect leak of 1090 byte(s) in 89 object(s) allocated from:
    #0 0x0001012cd40c in malloc+0x70 (libclang_rt.asan_osx_dynamic.dylib:arm64+0x5540c)
    #1 0x000100bb1da4 in cJSON_strdup+0x4c (libstd_json.dylib:arm64+0x1da4)
    #2 0x000100bb4b28 in cJSON_Duplicate_rec+0xac (libstd_json.dylib:arm64+0x4b28)
    #3 0x000100bb4c18 in cJSON_Duplicate_rec+0x19c (libstd_json.dylib:arm64+0x4c18)
    #4 0x000100bb4a6c in cJSON_Duplicate+0x20 (libstd_json.dylib:arm64+0x4a6c)
    #5 0x000100bb1124 in nl_json_get+0x78 (libstd_json.dylib:arm64+0x1124)
    #6 0x00010020e47c in nhost_json_29+0x340 (schema-nano_virt.native:arm64+0x10011647c)
    #7 0x00010011b44c in nl_get+0x514 (schema-nano_virt.native:arm64+0x10002344c)
    #8 0x000100126804 in nl_gen_nano_schema+0x1754 (schema-nano_virt.native:arm64+0x10002e804)
    #9 0x0001001dc488 in nl_main+0x3f8c (schema-nano_virt.native:arm64+0x1000e4488)
    #10 0x0001000f88c4 in main+0x1c (schema-nano_virt.native:arm64+0x1000008c4)
    #11 0x0001828804e0 in start+0x1b4c (dyld:arm64e+0x204e0)

Indirect leak of 987 byte(s) in 150 object(s) allocated from:
    #0 0x0001012cd40c in malloc+0x70 (libclang_rt.asan_osx_dynamic.dylib:arm64+0x5540c)
    #1 0x000100bb1da4 in cJSON_strdup+0x4c (libstd_json.dylib:arm64+0x1da4)
    #2 0x000100bb4b8c in cJSON_Duplicate_rec+0x110 (libstd_json.dylib:arm64+0x4b8c)
    #3 0x000100bb4c18 in cJSON_Duplicate_rec+0x19c (libstd_json.dylib:arm64+0x4c18)
    #4 0x000100bb4a6c in cJSON_Duplicate+0x20 (libstd_json.dylib:arm64+0x4a6c)
    #5 0x000100bb1520 in nl_json_get_index+0x7c (libstd_json.dylib:arm64+0x1520)
    #6 0x00010020ed1c in nhost_json_32+0x340 (schema-nano_virt.native:arm64+0x100116d1c)
    #7 0x00010011c738 in nl_get_index+0x4d0 (schema-nano_virt.native:arm64+0x100024738)
    #8 0x00010015d4a4 in nl_gen_contracts+0xeae8 (schema-nano_virt.native:arm64+0x1000654a4)
    #9 0x0001001dce70 in nl_main+0x4974 (schema-nano_virt.native:arm64+0x1000e4e70)
    #10 0x0001000f88c4 in main+0x1c (schema-nano_virt.native:arm64+0x1000008c4)
    #11 0x0001828804e0 in start+0x1b4c (dyld:arm64e+0x204e0)

Indirect leak of 987 byte(s) in 150 object(s) allocated from:
    #0 0x0001012cd40c in malloc+0x70 (libclang_rt.asan_osx_dynamic.dylib:arm64+0x5540c)
    #1 0x000100bb1da4 in cJSON_strdup+0x4c (libstd_json.dylib:arm64+0x1da4)
    #2 0x000100bb4b8c in cJSON_Duplicate_rec+0x110 (libstd_json.dylib:arm64+0x4b8c)
    #3 0x000100bb4c18 in cJSON_Duplicate_rec+0x19c (libstd_json.dylib:arm64+0x4c18)
    #4 0x000100bb4a6c in cJSON_Duplicate+0x20 (libstd_json.dylib:arm64+0x4a6c)
    #5 0x000100bb1520 in nl_json_get_index+0x7c (libstd_json.dylib:arm64+0x1520)
    #6 0x00010020ed1c in nhost_json_32+0x340 (schema-nano_virt.native:arm64+0x100116d1c)
    #7 0x00010011c738 in nl_get_index+0x4d0 (schema-nano_virt.native:arm64+0x100024738)
    #8 0x0001001c1878 in nl_gen_c+0x4274c (schema-nano_virt.native:arm64+0x1000c9878)
    #9 0x0001001dd364 in nl_main+0x4e68 (schema-nano_virt.native:arm64+0x1000e5364)
    #10 0x0001000f88c4 in main+0x1c (schema-nano_virt.native:arm64+0x1000008c4)
    #11 0x0001828804e0 in start+0x1b4c (dyld:arm64e+0x204e0)

Indirect leak of 987 byte(s) in 150 object(s) allocated from:
    #0 0x0001012cd40c in malloc+0x70 (libclang_rt.asan_osx_dynamic.dylib:arm64+0x5540c)
    #1 0x000100bb1da4 in cJSON_strdup+0x4c (libstd_json.dylib:arm64+0x1da4)
    #2 0x000100bb4b8c in cJSON_Duplicate_rec+0x110 (libstd_json.dylib:arm64+0x4b8c)
    #3 0x000100bb4c18 in cJSON_Duplicate_rec+0x19c (libstd_json.dylib:arm64+0x4c18)
    #4 0x000100bb4c18 in cJSON_Duplicate_rec+0x19c (libstd_json.dylib:arm64+0x4c18)
    #5 0x000100bb4a6c in cJSON_Duplicate+0x20 (libstd_json.dylib:arm64+0x4a6c)
    #6 0x000100bb1124 in nl_json_get+0x78 (libstd_json.dylib:arm64+0x1124)
    #7 0x00010020e47c in nhost_json_29+0x340 (schema-nano_virt.native:arm64+0x10011647c)
    #8 0x00010011b44c in nl_get+0x514 (schema-nano_virt.native:arm64+0x10002344c)
    #9 0x00010015bfd0 in nl_gen_contracts+0xd614 (schema-nano_virt.native:arm64+0x100063fd0)
    #10 0x0001001dce70 in nl_main+0x4974 (schema-nano_virt.native:arm64+0x1000e4e70)
    #11 0x0001000f88c4 in main+0x1c (schema-nano_virt.native:arm64+0x1000008c4)
    #12 0x0001828804e0 in start+0x1b4c (dyld:arm64e+0x204e0)

Indirect leak of 987 byte(s) in 150 object(s) allocated from:
    #0 0x0001012cd40c in malloc+0x70 (libclang_rt.asan_osx_dynamic.dylib:arm64+0x5540c)
    #1 0x000100bb1da4 in cJSON_strdup+0x4c (libstd_json.dylib:arm64+0x1da4)
    #2 0x000100bb4b8c in cJSON_Duplicate_rec+0x110 (libstd_json.dylib:arm64+0x4b8c)
    #3 0x000100bb4c18 in cJSON_Duplicate_rec+0x19c (libstd_json.dylib:arm64+0x4c18)
    #4 0x000100bb4a6c in cJSON_Duplicate+0x20 (libstd_json.dylib:arm64+0x4a6c)
    #5 0x000100bb1520 in nl_json_get_index+0x7c (libstd_json.dylib:arm64+0x1520)
    #6 0x00010020ed1c in nhost_json_32+0x340 (schema-nano_virt.native:arm64+0x100116d1c)
    #7 0x00010011c738 in nl_get_index+0x4d0 (schema-nano_virt.native:arm64+0x100024738)
    #8 0x000100141790 in nl_gen_nano_ast+0xf0ac (schema-nano_virt.native:arm64+0x100049790)
    #9 0x0001001dc97c in nl_main+0x4480 (schema-nano_virt.native:arm64+0x1000e497c)
    #10 0x0001000f88c4 in main+0x1c (schema-nano_virt.native:arm64+0x1000008c4)
    #11 0x0001828804e0 in start+0x1b4c (dyld:arm64e+0x204e0)

Indirect leak of 987 byte(s) in 150 object(s) allocated from:
    #0 0x0001012cd40c in malloc+0x70 (libclang_rt.asan_osx_dynamic.dylib:arm64+0x5540c)
    #1 0x000100bb1da4 in cJSON_strdup+0x4c (libstd_json.dylib:arm64+0x1da4)
    #2 0x000100bb4b8c in cJSON_Duplicate_rec+0x110 (libstd_json.dylib:arm64+0x4b8c)
    #3 0x000100bb4c18 in cJSON_Duplicate_rec+0x19c (libstd_json.dylib:arm64+0x4c18)
    #4 0x000100bb4c18 in cJSON_Duplicate_rec+0x19c (libstd_json.dylib:arm64+0x4c18)
    #5 0x000100bb4a6c in cJSON_Duplicate+0x20 (libstd_json.dylib:arm64+0x4a6c)
    #6 0x000100bb1124 in nl_json_get+0x78 (libstd_json.dylib:arm64+0x1124)
    #7 0x00010020e47c in nhost_json_29+0x340 (schema-nano_virt.native:arm64+0x10011647c)
    #8 0x00010011b44c in nl_get+0x514 (schema-nano_virt.native:arm64+0x10002344c)
    #9 0x0001001bfd8c in nl_gen_c+0x40c60 (schema-nano_virt.native:arm64+0x1000c7d8c)
    #10 0x0001001dd364 in nl_main+0x4e68 (schema-nano_virt.native:arm64+0x1000e5364)
    #11 0x0001000f88c4 in main+0x1c (schema-nano_virt.native:arm64+0x1000008c4)
    #12 0x0001828804e0 in start+0x1b4c (dyld:arm64e+0x204e0)

Indirect leak of 987 byte(s) in 150 object(s) allocated from:
    #0 0x0001012cd40c in malloc+0x70 (libclang_rt.asan_osx_dynamic.dylib:arm64+0x5540c)
    #1 0x000100bb1da4 in cJSON_strdup+0x4c (libstd_json.dylib:arm64+0x1da4)
    #2 0x000100bb4b8c in cJSON_Duplicate_rec+0x110 (libstd_json.dylib:arm64+0x4b8c)
    #3 0x000100bb4c18 in cJSON_Duplicate_rec+0x19c (libstd_json.dylib:arm64+0x4c18)
    #4 0x000100bb4a6c in cJSON_Duplicate+0x20 (libstd_json.dylib:arm64+0x4a6c)
    #5 0x000100bb1520 in nl_json_get_index+0x7c (libstd_json.dylib:arm64+0x1520)
    #6 0x00010020ed1c in nhost_json_32+0x340 (schema-nano_virt.native:arm64+0x100116d1c)
    #7 0x00010011c738 in nl_get_index+0x4d0 (schema-nano_virt.native:arm64+0x100024738)
    #8 0x000100187d08 in nl_gen_c+0x8bdc (schema-nano_virt.native:arm64+0x10008fd08)
    #9 0x0001001dd364 in nl_main+0x4e68 (schema-nano_virt.native:arm64+0x1000e5364)
    #10 0x0001000f88c4 in main+0x1c (schema-nano_virt.native:arm64+0x1000008c4)
    #11 0x0001828804e0 in start+0x1b4c (dyld:arm64e+0x204e0)

Indirect leak of 987 byte(s) in 150 object(s) allocated from:
    #0 0x0001012cd40c in malloc+0x70 (libclang_rt.asan_osx_dynamic.dylib:arm64+0x5540c)
    #1 0x000100bb1da4 in cJSON_strdup+0x4c (libstd_json.dylib:arm64+0x1da4)
    #2 0x000100bb4b8c in cJSON_Duplicate_rec+0x110 (libstd_json.dylib:arm64+0x4b8c)
    #3 0x000100bb4c18 in cJSON_Duplicate_rec+0x19c (libstd_json.dylib:arm64+0x4c18)
    #4 0x000100bb4c18 in cJSON_Duplicate_rec+0x19c (libstd_json.dylib:arm64+0x4c18)
    #5 0x000100bb4a6c in cJSON_Duplicate+0x20 (libstd_json.dylib:arm64+0x4a6c)
    #6 0x000100bb1124 in nl_json_get+0x78 (libstd_json.dylib:arm64+0x1124)
    #7 0x00010020e47c in nhost_json_29+0x340 (schema-nano_virt.native:arm64+0x10011647c)
    #8 0x00010011b44c in nl_get+0x514 (schema-nano_virt.native:arm64+0x10002344c)
    #9 0x000100185f94 in nl_gen_c+0x6e68 (schema-nano_virt.native:arm64+0x10008df94)
    #10 0x0001001dd364 in nl_main+0x4e68 (schema-nano_virt.native:arm64+0x1000e5364)
    #11 0x0001000f88c4 in main+0x1c (schema-nano_virt.native:arm64+0x1000008c4)
    #12 0x0001828804e0 in start+0x1b4c (dyld:arm64e+0x204e0)

Indirect leak of 987 byte(s) in 150 object(s) allocated from:
    #0 0x0001012cd40c in malloc+0x70 (libclang_rt.asan_osx_dynamic.dylib:arm64+0x5540c)
    #1 0x000100bb1da4 in cJSON_strdup+0x4c (libstd_json.dylib:arm64+0x1da4)
    #2 0x000100bb4b8c in cJSON_Duplicate_rec+0x110 (libstd_json.dylib:arm64+0x4b8c)
    #3 0x000100bb4c18 in cJSON_Duplicate_rec+0x19c (libstd_json.dylib:arm64+0x4c18)
    #4 0x000100bb4c18 in cJSON_Duplicate_rec+0x19c (libstd_json.dylib:arm64+0x4c18)
    #5 0x000100bb4a6c in cJSON_Duplicate+0x20 (libstd_json.dylib:arm64+0x4a6c)
    #6 0x000100bb1124 in nl_json_get+0x78 (libstd_json.dylib:arm64+0x1124)
    #7 0x00010020e47c in nhost_json_29+0x340 (schema-nano_virt.native:arm64+0x10011647c)
    #8 0x00010011b44c in nl_get+0x514 (schema-nano_virt.native:arm64+0x10002344c)
    #9 0x0001001402bc in nl_gen_nano_ast+0xdbd8 (schema-nano_virt.native:arm64+0x1000482bc)
    #10 0x0001001dc97c in nl_main+0x4480 (schema-nano_virt.native:arm64+0x1000e497c)
    #11 0x0001000f88c4 in main+0x1c (schema-nano_virt.native:arm64+0x1000008c4)
    #12 0x0001828804e0 in start+0x1b4c (dyld:arm64e+0x204e0)

Indirect leak of 704 byte(s) in 11 object(s) allocated from:
    #0 0x0001012cd40c in malloc+0x70 (libclang_rt.asan_osx_dynamic.dylib:arm64+0x5540c)
    #1 0x000100bb20b0 in cJSON_New_Item+0x1c (libstd_json.dylib:arm64+0x20b0)
    #2 0x000100bb4abc in cJSON_Duplicate_rec+0x40 (libstd_json.dylib:arm64+0x4abc)
    #3 0x000100bb4c18 in cJSON_Duplicate_rec+0x19c (libstd_json.dylib:arm64+0x4c18)
    #4 0x000100bb4a6c in cJSON_Duplicate+0x20 (libstd_json.dylib:arm64+0x4a6c)
    #5 0x000100bb1520 in nl_json_get_index+0x7c (libstd_json.dylib:arm64+0x1520)
    #6 0x00010020ed1c in nhost_json_32+0x340 (schema-nano_virt.native:arm64+0x100116d1c)
    #7 0x00010011c738 in nl_get_index+0x4d0 (schema-nano_virt.native:arm64+0x100024738)
    #8 0x00010019f5d0 in nl_gen_c+0x204a4 (schema-nano_virt.native:arm64+0x1000a75d0)
    #9 0x0001001dd364 in nl_main+0x4e68 (schema-nano_virt.native:arm64+0x1000e5364)
    #10 0x0001000f88c4 in main+0x1c (schema-nano_virt.native:arm64+0x1000008c4)
    #11 0x0001828804e0 in start+0x1b4c (dyld:arm64e+0x204e0)

Indirect leak of 704 byte(s) in 11 object(s) allocated from:
    #0 0x0001012cd40c in malloc+0x70 (libclang_rt.asan_osx_dynamic.dylib:arm64+0x5540c)
    #1 0x000100bb20b0 in cJSON_New_Item+0x1c (libstd_json.dylib:arm64+0x20b0)
    #2 0x000100bb4abc in cJSON_Duplicate_rec+0x40 (libstd_json.dylib:arm64+0x4abc)
    #3 0x000100bb4c18 in cJSON_Duplicate_rec+0x19c (libstd_json.dylib:arm64+0x4c18)
    #4 0x000100bb4c18 in cJSON_Duplicate_rec+0x19c (libstd_json.dylib:arm64+0x4c18)
    #5 0x000100bb4a6c in cJSON_Duplicate+0x20 (libstd_json.dylib:arm64+0x4a6c)
    #6 0x000100bb1124 in nl_json_get+0x78 (libstd_json.dylib:arm64+0x1124)
    #7 0x00010020e47c in nhost_json_29+0x340 (schema-nano_virt.native:arm64+0x10011647c)
    #8 0x00010011b44c in nl_get+0x514 (schema-nano_virt.native:arm64+0x10002344c)
    #9 0x00010019d5f4 in nl_gen_c+0x1e4c8 (schema-nano_virt.native:arm64+0x1000a55f4)
    #10 0x0001001dd364 in nl_main+0x4e68 (schema-nano_virt.native:arm64+0x1000e5364)
    #11 0x0001000f88c4 in main+0x1c (schema-nano_virt.native:arm64+0x1000008c4)
    #12 0x0001828804e0 in start+0x1b4c (dyld:arm64e+0x204e0)

Indirect leak of 704 byte(s) in 11 object(s) allocated from:
    #0 0x0001012cd40c in malloc+0x70 (libclang_rt.asan_osx_dynamic.dylib:arm64+0x5540c)
    #1 0x000100bb20b0 in cJSON_New_Item+0x1c (libstd_json.dylib:arm64+0x20b0)
    #2 0x000100bb4abc in cJSON_Duplicate_rec+0x40 (libstd_json.dylib:arm64+0x4abc)
    #3 0x000100bb4c18 in cJSON_Duplicate_rec+0x19c (libstd_json.dylib:arm64+0x4c18)
    #4 0x000100bb4a6c in cJSON_Duplicate+0x20 (libstd_json.dylib:arm64+0x4a6c)
    #5 0x000100bb1520 in nl_json_get_index+0x7c (libstd_json.dylib:arm64+0x1520)
    #6 0x00010020ed1c in nhost_json_32+0x340 (schema-nano_virt.native:arm64+0x100116d1c)
    #7 0x00010011c738 in nl_get_index+0x4d0 (schema-nano_virt.native:arm64+0x100024738)
    #8 0x0001001522a0 in nl_gen_contracts+0x38e4 (schema-nano_virt.native:arm64+0x10005a2a0)
    #9 0x0001001dce70 in nl_main+0x4974 (schema-nano_virt.native:arm64+0x1000e4e70)
    #10 0x0001000f88c4 in main+0x1c (schema-nano_virt.native:arm64+0x1000008c4)
    #11 0x0001828804e0 in start+0x1b4c (dyld:arm64e+0x204e0)

Indirect leak of 704 byte(s) in 11 object(s) allocated from:
    #0 0x0001012cd40c in malloc+0x70 (libclang_rt.asan_osx_dynamic.dylib:arm64+0x5540c)
    #1 0x000100bb20b0 in cJSON_New_Item+0x1c (libstd_json.dylib:arm64+0x20b0)
    #2 0x000100bb4abc in cJSON_Duplicate_rec+0x40 (libstd_json.dylib:arm64+0x4abc)
    #3 0x000100bb4c18 in cJSON_Duplicate_rec+0x19c (libstd_json.dylib:arm64+0x4c18)
    #4 0x000100bb4c18 in cJSON_Duplicate_rec+0x19c (libstd_json.dylib:arm64+0x4c18)
    #5 0x000100bb4a6c in cJSON_Duplicate+0x20 (libstd_json.dylib:arm64+0x4a6c)
    #6 0x000100bb1124 in nl_json_get+0x78 (libstd_json.dylib:arm64+0x1124)
    #7 0x00010020e47c in nhost_json_29+0x340 (schema-nano_virt.native:arm64+0x10011647c)
    #8 0x00010011b44c in nl_get+0x514 (schema-nano_virt.native:arm64+0x10002344c)
    #9 0x000100150c94 in nl_gen_contracts+0x22d8 (schema-nano_virt.native:arm64+0x100058c94)
    #10 0x0001001dce70 in nl_main+0x4974 (schema-nano_virt.native:arm64+0x1000e4e70)
    #11 0x0001000f88c4 in main+0x1c (schema-nano_virt.native:arm64+0x1000008c4)
    #12 0x0001828804e0 in start+0x1b4c (dyld:arm64e+0x204e0)

Indirect leak of 704 byte(s) in 11 object(s) allocated from:
    #0 0x0001012cd40c in malloc+0x70 (libclang_rt.asan_osx_dynamic.dylib:arm64+0x5540c)
    #1 0x000100bb20b0 in cJSON_New_Item+0x1c (libstd_json.dylib:arm64+0x20b0)
    #2 0x000100bb4abc in cJSON_Duplicate_rec+0x40 (libstd_json.dylib:arm64+0x4abc)
    #3 0x000100bb4c18 in cJSON_Duplicate_rec+0x19c (libstd_json.dylib:arm64+0x4c18)
    #4 0x000100bb4a6c in cJSON_Duplicate+0x20 (libstd_json.dylib:arm64+0x4a6c)
    #5 0x000100bb1520 in nl_json_get_index+0x7c (libstd_json.dylib:arm64+0x1520)
    #6 0x00010020ed1c in nhost_json_32+0x340 (schema-nano_virt.native:arm64+0x100116d1c)
    #7 0x00010011c738 in nl_get_index+0x4d0 (schema-nano_virt.native:arm64+0x100024738)
    #8 0x000100136588 in nl_gen_nano_ast+0x3ea4 (schema-nano_virt.native:arm64+0x10003e588)
    #9 0x0001001dc97c in nl_main+0x4480 (schema-nano_virt.native:arm64+0x1000e497c)
    #10 0x0001000f88c4 in main+0x1c (schema-nano_virt.native:arm64+0x1000008c4)
    #11 0x0001828804e0 in start+0x1b4c (dyld:arm64e+0x204e0)

Indirect leak of 704 byte(s) in 11 object(s) allocated from:
    #0 0x0001012cd40c in malloc+0x70 (libclang_rt.asan_osx_dynamic.dylib:arm64+0x5540c)
    #1 0x000100bb20b0 in cJSON_New_Item+0x1c (libstd_json.dylib:arm64+0x20b0)
    #2 0x000100bb4abc in cJSON_Duplicate_rec+0x40 (libstd_json.dylib:arm64+0x4abc)
    #3 0x000100bb4c18 in cJSON_Duplicate_rec+0x19c (libstd_json.dylib:arm64+0x4c18)
    #4 0x000100bb4c18 in cJSON_Duplicate_rec+0x19c (libstd_json.dylib:arm64+0x4c18)
    #5 0x000100bb4a6c in cJSON_Duplicate+0x20 (libstd_json.dylib:arm64+0x4a6c)
    #6 0x000100bb1124 in nl_json_get+0x78 (libstd_json.dylib:arm64+0x1124)
    #7 0x00010020e47c in nhost_json_29+0x340 (schema-nano_virt.native:arm64+0x10011647c)
    #8 0x00010011b44c in nl_get+0x514 (schema-nano_virt.native:arm64+0x10002344c)
    #9 0x000100134f7c in nl_gen_nano_ast+0x2898 (schema-nano_virt.native:arm64+0x10003cf7c)
    #10 0x0001001dc97c in nl_main+0x4480 (schema-nano_virt.native:arm64+0x1000e497c)
    #11 0x0001000f88c4 in main+0x1c (schema-nano_virt.native:arm64+0x1000008c4)
    #12 0x0001828804e0 in start+0x1b4c (dyld:arm64e+0x204e0)

Indirect leak of 681 byte(s) in 46 object(s) allocated from:
    #0 0x0001012cd40c in malloc+0x70 (libclang_rt.asan_osx_dynamic.dylib:arm64+0x5540c)
    #1 0x000100bb1da4 in cJSON_strdup+0x4c (libstd_json.dylib:arm64+0x1da4)
    #2 0x000100bb4b28 in cJSON_Duplicate_rec+0xac (libstd_json.dylib:arm64+0x4b28)
    #3 0x000100bb4a6c in cJSON_Duplicate+0x20 (libstd_json.dylib:arm64+0x4a6c)
    #4 0x000100bb1520 in nl_json_get_index+0x7c (libstd_json.dylib:arm64+0x1520)
    #5 0x00010020ed1c in nhost_json_32+0x340 (schema-nano_virt.native:arm64+0x100116d1c)
    #6 0x00010011c738 in nl_get_index+0x4d0 (schema-nano_virt.native:arm64+0x100024738)
    #7 0x00010012e8a8 in nl_gen_nano_schema+0x97f8 (schema-nano_virt.native:arm64+0x1000368a8)
    #8 0x0001001dc488 in nl_main+0x3f8c (schema-nano_virt.native:arm64+0x1000e4488)
    #9 0x0001000f88c4 in main+0x1c (schema-nano_virt.native:arm64+0x1000008c4)
    #10 0x0001828804e0 in start+0x1b4c (dyld:arm64e+0x204e0)

Indirect leak of 681 byte(s) in 46 object(s) allocated from:
    #0 0x0001012cd40c in malloc+0x70 (libclang_rt.asan_osx_dynamic.dylib:arm64+0x5540c)
    #1 0x000100bb1da4 in cJSON_strdup+0x4c (libstd_json.dylib:arm64+0x1da4)
    #2 0x000100bb4b28 in cJSON_Duplicate_rec+0xac (libstd_json.dylib:arm64+0x4b28)
    #3 0x000100bb4a6c in cJSON_Duplicate+0x20 (libstd_json.dylib:arm64+0x4a6c)
    #4 0x000100bb1520 in nl_json_get_index+0x7c (libstd_json.dylib:arm64+0x1520)
    #5 0x00010020ed1c in nhost_json_32+0x340 (schema-nano_virt.native:arm64+0x100116d1c)
    #6 0x00010011c738 in nl_get_index+0x4d0 (schema-nano_virt.native:arm64+0x100024738)
    #7 0x0001001ba260 in nl_gen_c+0x3b134 (schema-nano_virt.native:arm64+0x1000c2260)
    #8 0x0001001dd364 in nl_main+0x4e68 (schema-nano_virt.native:arm64+0x1000e5364)
    #9 0x0001000f88c4 in main+0x1c (schema-nano_virt.native:arm64+0x1000008c4)
    #10 0x0001828804e0 in start+0x1b4c (dyld:arm64e+0x204e0)

Indirect leak of 681 byte(s) in 46 object(s) allocated from:
    #0 0x0001012cd40c in malloc+0x70 (libclang_rt.asan_osx_dynamic.dylib:arm64+0x5540c)
    #1 0x000100bb1da4 in cJSON_strdup+0x4c (libstd_json.dylib:arm64+0x1da4)
    #2 0x000100bb4b28 in cJSON_Duplicate_rec+0xac (libstd_json.dylib:arm64+0x4b28)
    #3 0x000100bb4c18 in cJSON_Duplicate_rec+0x19c (libstd_json.dylib:arm64+0x4c18)
    #4 0x000100bb4a6c in cJSON_Duplicate+0x20 (libstd_json.dylib:arm64+0x4a6c)
    #5 0x000100bb1124 in nl_json_get+0x78 (libstd_json.dylib:arm64+0x1124)
    #6 0x00010020e47c in nhost_json_29+0x340 (schema-nano_virt.native:arm64+0x10011647c)
    #7 0x00010011b44c in nl_get+0x514 (schema-nano_virt.native:arm64+0x10002344c)
    #8 0x0001001b85ac in nl_gen_c+0x39480 (schema-nano_virt.native:arm64+0x1000c05ac)
    #9 0x0001001dd364 in nl_main+0x4e68 (schema-nano_virt.native:arm64+0x1000e5364)
    #10 0x0001000f88c4 in main+0x1c (schema-nano_virt.native:arm64+0x1000008c4)
    #11 0x0001828804e0 in start+0x1b4c (dyld:arm64e+0x204e0)

Indirect leak of 681 byte(s) in 46 object(s) allocated from:
    #0 0x0001012cd40c in malloc+0x70 (libclang_rt.asan_osx_dynamic.dylib:arm64+0x5540c)
    #1 0x000100bb1da4 in cJSON_strdup+0x4c (libstd_json.dylib:arm64+0x1da4)
    #2 0x000100bb4b28 in cJSON_Duplicate_rec+0xac (libstd_json.dylib:arm64+0x4b28)
    #3 0x000100bb4c18 in cJSON_Duplicate_rec+0x19c (libstd_json.dylib:arm64+0x4c18)
    #4 0x000100bb4a6c in cJSON_Duplicate+0x20 (libstd_json.dylib:arm64+0x4a6c)
    #5 0x000100bb1124 in nl_json_get+0x78 (libstd_json.dylib:arm64+0x1124)
    #6 0x00010020e47c in nhost_json_29+0x340 (schema-nano_virt.native:arm64+0x10011647c)
    #7 0x00010011b44c in nl_get+0x514 (schema-nano_virt.native:arm64+0x10002344c)
    #8 0x00010012d4d4 in nl_gen_nano_schema+0x8424 (schema-nano_virt.native:arm64+0x1000354d4)
    #9 0x0001001dc488 in nl_main+0x3f8c (schema-nano_virt.native:arm64+0x1000e4488)
    #10 0x0001000f88c4 in main+0x1c (schema-nano_virt.native:arm64+0x1000008c4)
    #11 0x0001828804e0 in start+0x1b4c (dyld:arm64e+0x204e0)

Indirect leak of 577 byte(s) in 47 object(s) allocated from:
    #0 0x0001012cd40c in malloc+0x70 (libclang_rt.asan_osx_dynamic.dylib:arm64+0x5540c)
    #1 0x000100bb1da4 in cJSON_strdup+0x4c (libstd_json.dylib:arm64+0x1da4)
    #2 0x000100bb4b28 in cJSON_Duplicate_rec+0xac (libstd_json.dylib:arm64+0x4b28)
    #3 0x000100bb4a6c in cJSON_Duplicate+0x20 (libstd_json.dylib:arm64+0x4a6c)
    #4 0x000100bb1124 in nl_json_get+0x78 (libstd_json.dylib:arm64+0x1124)
    #5 0x00010020e47c in nhost_json_29+0x340 (schema-nano_virt.native:arm64+0x10011647c)
    #6 0x00010011b44c in nl_get+0x514 (schema-nano_virt.native:arm64+0x10002344c)
    #7 0x0001001c4368 in nl_gen_c+0x4523c (schema-nano_virt.native:arm64+0x1000cc368)
    #8 0x0001001dd364 in nl_main+0x4e68 (schema-nano_virt.native:arm64+0x1000e5364)
    #9 0x0001000f88c4 in main+0x1c (schema-nano_virt.native:arm64+0x1000008c4)
    #10 0x0001828804e0 in start+0x1b4c (dyld:arm64e+0x204e0)

Indirect leak of 577 byte(s) in 47 object(s) allocated from:
    #0 0x0001012cd40c in malloc+0x70 (libclang_rt.asan_osx_dynamic.dylib:arm64+0x5540c)
    #1 0x000100bb1da4 in cJSON_strdup+0x4c (libstd_json.dylib:arm64+0x1da4)
    #2 0x000100bb4b28 in cJSON_Duplicate_rec+0xac (libstd_json.dylib:arm64+0x4b28)
    #3 0x000100bb4c18 in cJSON_Duplicate_rec+0x19c (libstd_json.dylib:arm64+0x4c18)
    #4 0x000100bb4a6c in cJSON_Duplicate+0x20 (libstd_json.dylib:arm64+0x4a6c)
    #5 0x000100bb1520 in nl_json_get_index+0x7c (libstd_json.dylib:arm64+0x1520)
    #6 0x00010020ed1c in nhost_json_32+0x340 (schema-nano_virt.native:arm64+0x100116d1c)
    #7 0x00010011c738 in nl_get_index+0x4d0 (schema-nano_virt.native:arm64+0x100024738)
    #8 0x00010015d4a4 in nl_gen_contracts+0xeae8 (schema-nano_virt.native:arm64+0x1000654a4)
    #9 0x0001001dce70 in nl_main+0x4974 (schema-nano_virt.native:arm64+0x1000e4e70)
    #10 0x0001000f88c4 in main+0x1c (schema-nano_virt.native:arm64+0x1000008c4)
    #11 0x0001828804e0 in start+0x1b4c (dyld:arm64e+0x204e0)

Indirect leak of 577 byte(s) in 47 object(s) allocated from:
    #0 0x0001012cd40c in malloc+0x70 (libclang_rt.asan_osx_dynamic.dylib:arm64+0x5540c)
    #1 0x000100bb1da4 in cJSON_strdup+0x4c (libstd_json.dylib:arm64+0x1da4)
    #2 0x000100bb4b28 in cJSON_Duplicate_rec+0xac (libstd_json.dylib:arm64+0x4b28)
    #3 0x000100bb4c18 in cJSON_Duplicate_rec+0x19c (libstd_json.dylib:arm64+0x4c18)
    #4 0x000100bb4c18 in cJSON_Duplicate_rec+0x19c (libstd_json.dylib:arm64+0x4c18)
    #5 0x000100bb4a6c in cJSON_Duplicate+0x20 (libstd_json.dylib:arm64+0x4a6c)
    #6 0x000100bb1124 in nl_json_get+0x78 (libstd_json.dylib:arm64+0x1124)
    #7 0x00010020e47c in nhost_json_29+0x340 (schema-nano_virt.native:arm64+0x10011647c)
    #8 0x00010011b44c in nl_get+0x514 (schema-nano_virt.native:arm64+0x10002344c)
    #9 0x0001001bfd8c in nl_gen_c+0x40c60 (schema-nano_virt.native:arm64+0x1000c7d8c)
    #10 0x0001001dd364 in nl_main+0x4e68 (schema-nano_virt.native:arm64+0x1000e5364)
    #11 0x0001000f88c4 in main+0x1c (schema-nano_virt.native:arm64+0x1000008c4)
    #12 0x0001828804e0 in start+0x1b4c (dyld:arm64e+0x204e0)

Indirect leak of 577 byte(s) in 47 object(s) allocated from:
    #0 0x0001012cd40c in malloc+0x70 (libclang_rt.asan_osx_dynamic.dylib:arm64+0x5540c)
    #1 0x000100bb1da4 in cJSON_strdup+0x4c (libstd_json.dylib:arm64+0x1da4)
    #2 0x000100bb4b28 in cJSON_Duplicate_rec+0xac (libstd_json.dylib:arm64+0x4b28)
    #3 0x000100bb4c18 in cJSON_Duplicate_rec+0x19c (libstd_json.dylib:arm64+0x4c18)
    #4 0x000100bb4c18 in cJSON_Duplicate_rec+0x19c (libstd_json.dylib:arm64+0x4c18)
    #5 0x000100bb4a6c in cJSON_Duplicate+0x20 (libstd_json.dylib:arm64+0x4a6c)
    #6 0x000100bb1124 in nl_json_get+0x78 (libstd_json.dylib:arm64+0x1124)
    #7 0x00010020e47c in nhost_json_29+0x340 (schema-nano_virt.native:arm64+0x10011647c)
    #8 0x00010011b44c in nl_get+0x514 (schema-nano_virt.native:arm64+0x10002344c)
    #9 0x00010015bfd0 in nl_gen_contracts+0xd614 (schema-nano_virt.native:arm64+0x100063fd0)
    #10 0x0001001dce70 in nl_main+0x4974 (schema-nano_virt.native:arm64+0x1000e4e70)
    #11 0x0001000f88c4 in main+0x1c (schema-nano_virt.native:arm64+0x1000008c4)
    #12 0x0001828804e0 in start+0x1b4c (dyld:arm64e+0x204e0)

Indirect leak of 577 byte(s) in 47 object(s) allocated from:
    #0 0x0001012cd40c in malloc+0x70 (libclang_rt.asan_osx_dynamic.dylib:arm64+0x5540c)
    #1 0x000100bb1da4 in cJSON_strdup+0x4c (libstd_json.dylib:arm64+0x1da4)
    #2 0x000100bb4b28 in cJSON_Duplicate_rec+0xac (libstd_json.dylib:arm64+0x4b28)
    #3 0x000100bb4c18 in cJSON_Duplicate_rec+0x19c (libstd_json.dylib:arm64+0x4c18)
    #4 0x000100bb4a6c in cJSON_Duplicate+0x20 (libstd_json.dylib:arm64+0x4a6c)
    #5 0x000100bb1520 in nl_json_get_index+0x7c (libstd_json.dylib:arm64+0x1520)
    #6 0x00010020ed1c in nhost_json_32+0x340 (schema-nano_virt.native:arm64+0x100116d1c)
    #7 0x00010011c738 in nl_get_index+0x4d0 (schema-nano_virt.native:arm64+0x100024738)
    #8 0x0001001c1878 in nl_gen_c+0x4274c (schema-nano_virt.native:arm64+0x1000c9878)
    #9 0x0001001dd364 in nl_main+0x4e68 (schema-nano_virt.native:arm64+0x1000e5364)
    #10 0x0001000f88c4 in main+0x1c (schema-nano_virt.native:arm64+0x1000008c4)
    #11 0x0001828804e0 in start+0x1b4c (dyld:arm64e+0x204e0)

Indirect leak of 577 byte(s) in 47 object(s) allocated from:
    #0 0x0001012cd40c in malloc+0x70 (libclang_rt.asan_osx_dynamic.dylib:arm64+0x5540c)
    #1 0x000100bb1da4 in cJSON_strdup+0x4c (libstd_json.dylib:arm64+0x1da4)
    #2 0x000100bb4b28 in cJSON_Duplicate_rec+0xac (libstd_json.dylib:arm64+0x4b28)
    #3 0x000100bb4c18 in cJSON_Duplicate_rec+0x19c (libstd_json.dylib:arm64+0x4c18)
    #4 0x000100bb4a6c in cJSON_Duplicate+0x20 (libstd_json.dylib:arm64+0x4a6c)
    #5 0x000100bb1520 in nl_json_get_index+0x7c (libstd_json.dylib:arm64+0x1520)
    #6 0x00010020ed1c in nhost_json_32+0x340 (schema-nano_virt.native:arm64+0x100116d1c)
    #7 0x00010011c738 in nl_get_index+0x4d0 (schema-nano_virt.native:arm64+0x100024738)
    #8 0x000100141790 in nl_gen_nano_ast+0xf0ac (schema-nano_virt.native:arm64+0x100049790)
    #9 0x0001001dc97c in nl_main+0x4480 (schema-nano_virt.native:arm64+0x1000e497c)
    #10 0x0001000f88c4 in main+0x1c (schema-nano_virt.native:arm64+0x1000008c4)
    #11 0x0001828804e0 in start+0x1b4c (dyld:arm64e+0x204e0)

Indirect leak of 577 byte(s) in 47 object(s) allocated from:
    #0 0x0001012cd40c in malloc+0x70 (libclang_rt.asan_osx_dynamic.dylib:arm64+0x5540c)
    #1 0x000100bb1da4 in cJSON_strdup+0x4c (libstd_json.dylib:arm64+0x1da4)
    #2 0x000100bb4b28 in cJSON_Duplicate_rec+0xac (libstd_json.dylib:arm64+0x4b28)
    #3 0x000100bb4c18 in cJSON_Duplicate_rec+0x19c (libstd_json.dylib:arm64+0x4c18)
    #4 0x000100bb4a6c in cJSON_Duplicate+0x20 (libstd_json.dylib:arm64+0x4a6c)
    #5 0x000100bb1520 in nl_json_get_index+0x7c (libstd_json.dylib:arm64+0x1520)
    #6 0x00010020ed1c in nhost_json_32+0x340 (schema-nano_virt.native:arm64+0x100116d1c)
    #7 0x00010011c738 in nl_get_index+0x4d0 (schema-nano_virt.native:arm64+0x100024738)
    #8 0x000100187d08 in nl_gen_c+0x8bdc (schema-nano_virt.native:arm64+0x10008fd08)
    #9 0x0001001dd364 in nl_main+0x4e68 (schema-nano_virt.native:arm64+0x1000e5364)
    #10 0x0001000f88c4 in main+0x1c (schema-nano_virt.native:arm64+0x1000008c4)
    #11 0x0001828804e0 in start+0x1b4c (dyld:arm64e+0x204e0)

Indirect leak of 577 byte(s) in 47 object(s) allocated from:
    #0 0x0001012cd40c in malloc+0x70 (libclang_rt.asan_osx_dynamic.dylib:arm64+0x5540c)
    #1 0x000100bb1da4 in cJSON_strdup+0x4c (libstd_json.dylib:arm64+0x1da4)
    #2 0x000100bb4b28 in cJSON_Duplicate_rec+0xac (libstd_json.dylib:arm64+0x4b28)
    #3 0x000100bb4c18 in cJSON_Duplicate_rec+0x19c (libstd_json.dylib:arm64+0x4c18)
    #4 0x000100bb4c18 in cJSON_Duplicate_rec+0x19c (libstd_json.dylib:arm64+0x4c18)
    #5 0x000100bb4a6c in cJSON_Duplicate+0x20 (libstd_json.dylib:arm64+0x4a6c)
    #6 0x000100bb1124 in nl_json_get+0x78 (libstd_json.dylib:arm64+0x1124)
    #7 0x00010020e47c in nhost_json_29+0x340 (schema-nano_virt.native:arm64+0x10011647c)
    #8 0x00010011b44c in nl_get+0x514 (schema-nano_virt.native:arm64+0x10002344c)
    #9 0x0001001402bc in nl_gen_nano_ast+0xdbd8 (schema-nano_virt.native:arm64+0x1000482bc)
    #10 0x0001001dc97c in nl_main+0x4480 (schema-nano_virt.native:arm64+0x1000e497c)
    #11 0x0001000f88c4 in main+0x1c (schema-nano_virt.native:arm64+0x1000008c4)
    #12 0x0001828804e0 in start+0x1b4c (dyld:arm64e+0x204e0)

Indirect leak of 577 byte(s) in 47 object(s) allocated from:
    #0 0x0001012cd40c in malloc+0x70 (libclang_rt.asan_osx_dynamic.dylib:arm64+0x5540c)
    #1 0x000100bb1da4 in cJSON_strdup+0x4c (libstd_json.dylib:arm64+0x1da4)
    #2 0x000100bb4b28 in cJSON_Duplicate_rec+0xac (libstd_json.dylib:arm64+0x4b28)
    #3 0x000100bb4c18 in cJSON_Duplicate_rec+0x19c (libstd_json.dylib:arm64+0x4c18)
    #4 0x000100bb4c18 in cJSON_Duplicate_rec+0x19c (libstd_json.dylib:arm64+0x4c18)
    #5 0x000100bb4a6c in cJSON_Duplicate+0x20 (libstd_json.dylib:arm64+0x4a6c)
    #6 0x000100bb1124 in nl_json_get+0x78 (libstd_json.dylib:arm64+0x1124)
    #7 0x00010020e47c in nhost_json_29+0x340 (schema-nano_virt.native:arm64+0x10011647c)
    #8 0x00010011b44c in nl_get+0x514 (schema-nano_virt.native:arm64+0x10002344c)
    #9 0x000100185f94 in nl_gen_c+0x6e68 (schema-nano_virt.native:arm64+0x10008df94)
    #10 0x0001001dd364 in nl_main+0x4e68 (schema-nano_virt.native:arm64+0x1000e5364)
    #11 0x0001000f88c4 in main+0x1c (schema-nano_virt.native:arm64+0x1000008c4)
    #12 0x0001828804e0 in start+0x1b4c (dyld:arm64e+0x204e0)

Indirect leak of 576 byte(s) in 9 object(s) allocated from:
    #0 0x0001012cd40c in malloc+0x70 (libclang_rt.asan_osx_dynamic.dylib:arm64+0x5540c)
    #1 0x000100bb20b0 in cJSON_New_Item+0x1c (libstd_json.dylib:arm64+0x20b0)
    #2 0x000100bb4abc in cJSON_Duplicate_rec+0x40 (libstd_json.dylib:arm64+0x4abc)
    #3 0x000100bb4c18 in cJSON_Duplicate_rec+0x19c (libstd_json.dylib:arm64+0x4c18)
    #4 0x000100bb4a6c in cJSON_Duplicate+0x20 (libstd_json.dylib:arm64+0x4a6c)
    #5 0x000100bb1124 in nl_json_get+0x78 (libstd_json.dylib:arm64+0x1124)
    #6 0x00010020e47c in nhost_json_29+0x340 (schema-nano_virt.native:arm64+0x10011647c)
    #7 0x00010011b44c in nl_get+0x514 (schema-nano_virt.native:arm64+0x10002344c)
    #8 0x0001001a3d7c in nl_gen_c+0x24c50 (schema-nano_virt.native:arm64+0x1000abd7c)
    #9 0x0001001dd364 in nl_main+0x4e68 (schema-nano_virt.native:arm64+0x1000e5364)
    #10 0x0001000f88c4 in main+0x1c (schema-nano_virt.native:arm64+0x1000008c4)
    #11 0x0001828804e0 in start+0x1b4c (dyld:arm64e+0x204e0)

Indirect leak of 535 byte(s) in 56 object(s) allocated from:
    #0 0x0001012cd40c in malloc+0x70 (libclang_rt.asan_osx_dynamic.dylib:arm64+0x5540c)
    #1 0x000100bb1da4 in cJSON_strdup+0x4c (libstd_json.dylib:arm64+0x1da4)
    #2 0x000100bb4b28 in cJSON_Duplicate_rec+0xac (libstd_json.dylib:arm64+0x4b28)
    #3 0x000100bb4c18 in cJSON_Duplicate_rec+0x19c (libstd_json.dylib:arm64+0x4c18)
    #4 0x000100bb4c18 in cJSON_Duplicate_rec+0x19c (libstd_json.dylib:arm64+0x4c18)
    #5 0x000100bb4a6c in cJSON_Duplicate+0x20 (libstd_json.dylib:arm64+0x4a6c)
    #6 0x000100bb1124 in nl_json_get+0x78 (libstd_json.dylib:arm64+0x1124)
    #7 0x00010020e47c in nhost_json_29+0x340 (schema-nano_virt.native:arm64+0x10011647c)
    #8 0x00010011b44c in nl_get+0x514 (schema-nano_virt.native:arm64+0x10002344c)
    #9 0x000100160330 in nl_gen_contracts+0x11974 (schema-nano_virt.native:arm64+0x100068330)
    #10 0x0001001dce70 in nl_main+0x4974 (schema-nano_virt.native:arm64+0x1000e4e70)
    #11 0x0001000f88c4 in main+0x1c (schema-nano_virt.native:arm64+0x1000008c4)
    #12 0x0001828804e0 in start+0x1b4c (dyld:arm64e+0x204e0)

Indirect leak of 535 byte(s) in 56 object(s) allocated from:
    #0 0x0001012cd40c in malloc+0x70 (libclang_rt.asan_osx_dynamic.dylib:arm64+0x5540c)
    #1 0x000100bb1da4 in cJSON_strdup+0x4c (libstd_json.dylib:arm64+0x1da4)
    #2 0x000100bb4b28 in cJSON_Duplicate_rec+0xac (libstd_json.dylib:arm64+0x4b28)
    #3 0x000100bb4c18 in cJSON_Duplicate_rec+0x19c (libstd_json.dylib:arm64+0x4c18)
    #4 0x000100bb4a6c in cJSON_Duplicate+0x20 (libstd_json.dylib:arm64+0x4a6c)
    #5 0x000100bb1520 in nl_json_get_index+0x7c (libstd_json.dylib:arm64+0x1520)
    #6 0x00010020ed1c in nhost_json_32+0x340 (schema-nano_virt.native:arm64+0x100116d1c)
    #7 0x00010011c738 in nl_get_index+0x4d0 (schema-nano_virt.native:arm64+0x100024738)
    #8 0x000100164554 in nl_gen_contracts+0x15b98 (schema-nano_virt.native:arm64+0x10006c554)
    #9 0x0001001dce70 in nl_main+0x4974 (schema-nano_virt.native:arm64+0x1000e4e70)
    #10 0x0001000f88c4 in main+0x1c (schema-nano_virt.native:arm64+0x1000008c4)
    #11 0x0001828804e0 in start+0x1b4c (dyld:arm64e+0x204e0)

Indirect leak of 443 byte(s) in 39 object(s) allocated from:
    #0 0x0001012cd40c in malloc+0x70 (libclang_rt.asan_osx_dynamic.dylib:arm64+0x5540c)
    #1 0x000100bb1da4 in cJSON_strdup+0x4c (libstd_json.dylib:arm64+0x1da4)
    #2 0x000100bb4b28 in cJSON_Duplicate_rec+0xac (libstd_json.dylib:arm64+0x4b28)
    #3 0x000100bb4a6c in cJSON_Duplicate+0x20 (libstd_json.dylib:arm64+0x4a6c)
    #4 0x000100bb1124 in nl_json_get+0x78 (libstd_json.dylib:arm64+0x1124)
    #5 0x00010020e47c in nhost_json_29+0x340 (schema-nano_virt.native:arm64+0x10011647c)
    #6 0x00010011b44c in nl_get+0x514 (schema-nano_virt.native:arm64+0x10002344c)
    #7 0x0001001439c4 in nl_gen_nano_ast+0x112e0 (schema-nano_virt.native:arm64+0x10004b9c4)
    #8 0x0001001dc97c in nl_main+0x4480 (schema-nano_virt.native:arm64+0x1000e497c)
    #9 0x0001000f88c4 in main+0x1c (schema-nano_virt.native:arm64+0x1000008c4)
    #10 0x0001828804e0 in start+0x1b4c (dyld:arm64e+0x204e0)

Indirect leak of 341 byte(s) in 27 object(s) allocated from:
    #0 0x0001012cd40c in malloc+0x70 (libclang_rt.asan_osx_dynamic.dylib:arm64+0x5540c)
    #1 0x000100bb1da4 in cJSON_strdup+0x4c (libstd_json.dylib:arm64+0x1da4)
    #2 0x000100bb4b28 in cJSON_Duplicate_rec+0xac (libstd_json.dylib:arm64+0x4b28)
    #3 0x000100bb4c18 in cJSON_Duplicate_rec+0x19c (libstd_json.dylib:arm64+0x4c18)
    #4 0x000100bb4c18 in cJSON_Duplicate_rec+0x19c (libstd_json.dylib:arm64+0x4c18)
    #5 0x000100bb4a6c in cJSON_Duplicate+0x20 (libstd_json.dylib:arm64+0x4a6c)
    #6 0x000100bb1520 in nl_json_get_index+0x7c (libstd_json.dylib:arm64+0x1520)
    #7 0x00010020ed1c in nhost_json_32+0x340 (schema-nano_virt.native:arm64+0x100116d1c)
    #8 0x00010011c738 in nl_get_index+0x4d0 (schema-nano_virt.native:arm64+0x100024738)
    #9 0x000100136588 in nl_gen_nano_ast+0x3ea4 (schema-nano_virt.native:arm64+0x10003e588)
    #10 0x0001001dc97c in nl_main+0x4480 (schema-nano_virt.native:arm64+0x1000e497c)
    #11 0x0001000f88c4 in main+0x1c (schema-nano_virt.native:arm64+0x1000008c4)
    #12 0x0001828804e0 in start+0x1b4c (dyld:arm64e+0x204e0)

Indirect leak of 341 byte(s) in 27 object(s) allocated from:
    #0 0x0001012cd40c in malloc+0x70 (libclang_rt.asan_osx_dynamic.dylib:arm64+0x5540c)
    #1 0x000100bb1da4 in cJSON_strdup+0x4c (libstd_json.dylib:arm64+0x1da4)
    #2 0x000100bb4b28 in cJSON_Duplicate_rec+0xac (libstd_json.dylib:arm64+0x4b28)
    #3 0x000100bb4a6c in cJSON_Duplicate+0x20 (libstd_json.dylib:arm64+0x4a6c)
    #4 0x000100bb1520 in nl_json_get_index+0x7c (libstd_json.dylib:arm64+0x1520)
    #5 0x00010020ed1c in nhost_json_32+0x340 (schema-nano_virt.native:arm64+0x100116d1c)
    #6 0x00010011c738 in nl_get_index+0x4d0 (schema-nano_virt.native:arm64+0x100024738)
    #7 0x0001001576c4 in nl_gen_contracts+0x8d08 (schema-nano_virt.native:arm64+0x10005f6c4)
    #8 0x0001001dce70 in nl_main+0x4974 (schema-nano_virt.native:arm64+0x1000e4e70)
    #9 0x0001000f88c4 in main+0x1c (schema-nano_virt.native:arm64+0x1000008c4)
    #10 0x0001828804e0 in start+0x1b4c (dyld:arm64e+0x204e0)

Indirect leak of 341 byte(s) in 27 object(s) allocated from:
    #0 0x0001012cd40c in malloc+0x70 (libclang_rt.asan_osx_dynamic.dylib:arm64+0x5540c)
    #1 0x000100bb1da4 in cJSON_strdup+0x4c (libstd_json.dylib:arm64+0x1da4)
    #2 0x000100bb4b28 in cJSON_Duplicate_rec+0xac (libstd_json.dylib:arm64+0x4b28)
    #3 0x000100bb4c18 in cJSON_Duplicate_rec+0x19c (libstd_json.dylib:arm64+0x4c18)
    #4 0x000100bb4a6c in cJSON_Duplicate+0x20 (libstd_json.dylib:arm64+0x4a6c)
    #5 0x000100bb1124 in nl_json_get+0x78 (libstd_json.dylib:arm64+0x1124)
    #6 0x00010020e47c in nhost_json_29+0x340 (schema-nano_virt.native:arm64+0x10011647c)
    #7 0x00010011b44c in nl_get+0x514 (schema-nano_virt.native:arm64+0x10002344c)
    #8 0x00010015546c in nl_gen_contracts+0x6ab0 (schema-nano_virt.native:arm64+0x10005d46c)
    #9 0x0001001dce70 in nl_main+0x4974 (schema-nano_virt.native:arm64+0x1000e4e70)
    #10 0x0001000f88c4 in main+0x1c (schema-nano_virt.native:arm64+0x1000008c4)
    #11 0x0001828804e0 in start+0x1b4c (dyld:arm64e+0x204e0)

Indirect leak of 341 byte(s) in 27 object(s) allocated from:
    #0 0x0001012cd40c in malloc+0x70 (libclang_rt.asan_osx_dynamic.dylib:arm64+0x5540c)
    #1 0x000100bb1da4 in cJSON_strdup+0x4c (libstd_json.dylib:arm64+0x1da4)
    #2 0x000100bb4b28 in cJSON_Duplicate_rec+0xac (libstd_json.dylib:arm64+0x4b28)
    #3 0x000100bb4c18 in cJSON_Duplicate_rec+0x19c (libstd_json.dylib:arm64+0x4c18)
    #4 0x000100bb4c18 in cJSON_Duplicate_rec+0x19c (libstd_json.dylib:arm64+0x4c18)
    #5 0x000100bb4c18 in cJSON_Duplicate_rec+0x19c (libstd_json.dylib:arm64+0x4c18)
    #6 0x000100bb4a6c in cJSON_Duplicate+0x20 (libstd_json.dylib:arm64+0x4a6c)
    #7 0x000100bb1124 in nl_json_get+0x78 (libstd_json.dylib:arm64+0x1124)
    #8 0x00010020e47c in nhost_json_29+0x340 (schema-nano_virt.native:arm64+0x10011647c)
    #9 0x00010011b44c in nl_get+0x514 (schema-nano_virt.native:arm64+0x10002344c)
    #10 0x000100134f7c in nl_gen_nano_ast+0x2898 (schema-nano_virt.native:arm64+0x10003cf7c)
    #11 0x0001001dc97c in nl_main+0x4480 (schema-nano_virt.native:arm64+0x1000e497c)
    #12 0x0001000f88c4 in main+0x1c (schema-nano_virt.native:arm64+0x1000008c4)
    #13 0x0001828804e0 in start+0x1b4c (dyld:arm64e+0x204e0)

Indirect leak of 341 byte(s) in 27 object(s) allocated from:
    #0 0x0001012cd40c in malloc+0x70 (libclang_rt.asan_osx_dynamic.dylib:arm64+0x5540c)
    #1 0x000100bb1da4 in cJSON_strdup+0x4c (libstd_json.dylib:arm64+0x1da4)
    #2 0x000100bb4b28 in cJSON_Duplicate_rec+0xac (libstd_json.dylib:arm64+0x4b28)
    #3 0x000100bb4c18 in cJSON_Duplicate_rec+0x19c (libstd_json.dylib:arm64+0x4c18)
    #4 0x000100bb4c18 in cJSON_Duplicate_rec+0x19c (libstd_json.dylib:arm64+0x4c18)
    #5 0x000100bb4a6c in cJSON_Duplicate+0x20 (libstd_json.dylib:arm64+0x4a6c)
    #6 0x000100bb1520 in nl_json_get_index+0x7c (libstd_json.dylib:arm64+0x1520)
    #7 0x00010020ed1c in nhost_json_32+0x340 (schema-nano_virt.native:arm64+0x100116d1c)
    #8 0x00010011c738 in nl_get_index+0x4d0 (schema-nano_virt.native:arm64+0x100024738)
    #9 0x00010019f5d0 in nl_gen_c+0x204a4 (schema-nano_virt.native:arm64+0x1000a75d0)
    #10 0x0001001dd364 in nl_main+0x4e68 (schema-nano_virt.native:arm64+0x1000e5364)
    #11 0x0001000f88c4 in main+0x1c (schema-nano_virt.native:arm64+0x1000008c4)
    #12 0x0001828804e0 in start+0x1b4c (dyld:arm64e+0x204e0)

Indirect leak of 341 byte(s) in 27 object(s) allocated from:
    #0 0x0001012cd40c in malloc+0x70 (libclang_rt.asan_osx_dynamic.dylib:arm64+0x5540c)
    #1 0x000100bb1da4 in cJSON_strdup+0x4c (libstd_json.dylib:arm64+0x1da4)
    #2 0x000100bb4b28 in cJSON_Duplicate_rec+0xac (libstd_json.dylib:arm64+0x4b28)
    #3 0x000100bb4c18 in cJSON_Duplicate_rec+0x19c (libstd_json.dylib:arm64+0x4c18)
    #4 0x000100bb4c18 in cJSON_Duplicate_rec+0x19c (libstd_json.dylib:arm64+0x4c18)
    #5 0x000100bb4c18 in cJSON_Duplicate_rec+0x19c (libstd_json.dylib:arm64+0x4c18)
    #6 0x000100bb4a6c in cJSON_Duplicate+0x20 (libstd_json.dylib:arm64+0x4a6c)
    #7 0x000100bb1124 in nl_json_get+0x78 (libstd_json.dylib:arm64+0x1124)
    #8 0x00010020e47c in nhost_json_29+0x340 (schema-nano_virt.native:arm64+0x10011647c)
    #9 0x00010011b44c in nl_get+0x514 (schema-nano_virt.native:arm64+0x10002344c)
    #10 0x00010019d5f4 in nl_gen_c+0x1e4c8 (schema-nano_virt.native:arm64+0x1000a55f4)
    #11 0x0001001dd364 in nl_main+0x4e68 (schema-nano_virt.native:arm64+0x1000e5364)
    #12 0x0001000f88c4 in main+0x1c (schema-nano_virt.native:arm64+0x1000008c4)
    #13 0x0001828804e0 in start+0x1b4c (dyld:arm64e+0x204e0)

Indirect leak of 341 byte(s) in 27 object(s) allocated from:
    #0 0x0001012cd40c in malloc+0x70 (libclang_rt.asan_osx_dynamic.dylib:arm64+0x5540c)
    #1 0x000100bb1da4 in cJSON_strdup+0x4c (libstd_json.dylib:arm64+0x1da4)
    #2 0x000100bb4b28 in cJSON_Duplicate_rec+0xac (libstd_json.dylib:arm64+0x4b28)
    #3 0x000100bb4c18 in cJSON_Duplicate_rec+0x19c (libstd_json.dylib:arm64+0x4c18)
    #4 0x000100bb4c18 in cJSON_Duplicate_rec+0x19c (libstd_json.dylib:arm64+0x4c18)
    #5 0x000100bb4a6c in cJSON_Duplicate+0x20 (libstd_json.dylib:arm64+0x4a6c)
    #6 0x000100bb1520 in nl_json_get_index+0x7c (libstd_json.dylib:arm64+0x1520)
    #7 0x00010020ed1c in nhost_json_32+0x340 (schema-nano_virt.native:arm64+0x100116d1c)
    #8 0x00010011c738 in nl_get_index+0x4d0 (schema-nano_virt.native:arm64+0x100024738)
    #9 0x0001001522a0 in nl_gen_contracts+0x38e4 (schema-nano_virt.native:arm64+0x10005a2a0)
    #10 0x0001001dce70 in nl_main+0x4974 (schema-nano_virt.native:arm64+0x1000e4e70)
    #11 0x0001000f88c4 in main+0x1c (schema-nano_virt.native:arm64+0x1000008c4)
    #12 0x0001828804e0 in start+0x1b4c (dyld:arm64e+0x204e0)

Indirect leak of 341 byte(s) in 27 object(s) allocated from:
    #0 0x0001012cd40c in malloc+0x70 (libclang_rt.asan_osx_dynamic.dylib:arm64+0x5540c)
    #1 0x000100bb1da4 in cJSON_strdup+0x4c (libstd_json.dylib:arm64+0x1da4)
    #2 0x000100bb4b28 in cJSON_Duplicate_rec+0xac (libstd_json.dylib:arm64+0x4b28)
    #3 0x000100bb4c18 in cJSON_Duplicate_rec+0x19c (libstd_json.dylib:arm64+0x4c18)
    #4 0x000100bb4c18 in cJSON_Duplicate_rec+0x19c (libstd_json.dylib:arm64+0x4c18)
    #5 0x000100bb4c18 in cJSON_Duplicate_rec+0x19c (libstd_json.dylib:arm64+0x4c18)
    #6 0x000100bb4a6c in cJSON_Duplicate+0x20 (libstd_json.dylib:arm64+0x4a6c)
    #7 0x000100bb1124 in nl_json_get+0x78 (libstd_json.dylib:arm64+0x1124)
    #8 0x00010020e47c in nhost_json_29+0x340 (schema-nano_virt.native:arm64+0x10011647c)
    #9 0x00010011b44c in nl_get+0x514 (schema-nano_virt.native:arm64+0x10002344c)
    #10 0x000100150c94 in nl_gen_contracts+0x22d8 (schema-nano_virt.native:arm64+0x100058c94)
    #11 0x0001001dce70 in nl_main+0x4974 (schema-nano_virt.native:arm64+0x1000e4e70)
    #12 0x0001000f88c4 in main+0x1c (schema-nano_virt.native:arm64+0x1000008c4)
    #13 0x0001828804e0 in start+0x1b4c (dyld:arm64e+0x204e0)

Indirect leak of 329 byte(s) in 47 object(s) allocated from:
    #0 0x0001012cd40c in malloc+0x70 (libclang_rt.asan_osx_dynamic.dylib:arm64+0x5540c)
    #1 0x000100bb1da4 in cJSON_strdup+0x4c (libstd_json.dylib:arm64+0x1da4)
    #2 0x000100bb4b8c in cJSON_Duplicate_rec+0x110 (libstd_json.dylib:arm64+0x4b8c)
    #3 0x000100bb4a6c in cJSON_Duplicate+0x20 (libstd_json.dylib:arm64+0x4a6c)
    #4 0x000100bb1124 in nl_json_get+0x78 (libstd_json.dylib:arm64+0x1124)
    #5 0x00010020e47c in nhost_json_29+0x340 (schema-nano_virt.native:arm64+0x10011647c)
    #6 0x00010011b44c in nl_get+0x514 (schema-nano_virt.native:arm64+0x10002344c)
    #7 0x0001001c5b48 in nl_gen_c+0x46a1c (schema-nano_virt.native:arm64+0x1000cdb48)
    #8 0x0001001dd364 in nl_main+0x4e68 (schema-nano_virt.native:arm64+0x1000e5364)
    #9 0x0001000f88c4 in main+0x1c (schema-nano_virt.native:arm64+0x1000008c4)
    #10 0x0001828804e0 in start+0x1b4c (dyld:arm64e+0x204e0)

Indirect leak of 329 byte(s) in 47 object(s) allocated from:
    #0 0x0001012cd40c in malloc+0x70 (libclang_rt.asan_osx_dynamic.dylib:arm64+0x5540c)
    #1 0x000100bb1da4 in cJSON_strdup+0x4c (libstd_json.dylib:arm64+0x1da4)
    #2 0x000100bb4b8c in cJSON_Duplicate_rec+0x110 (libstd_json.dylib:arm64+0x4b8c)
    #3 0x000100bb4a6c in cJSON_Duplicate+0x20 (libstd_json.dylib:arm64+0x4a6c)
    #4 0x000100bb1124 in nl_json_get+0x78 (libstd_json.dylib:arm64+0x1124)
    #5 0x00010020e47c in nhost_json_29+0x340 (schema-nano_virt.native:arm64+0x10011647c)
    #6 0x00010011b44c in nl_get+0x514 (schema-nano_virt.native:arm64+0x10002344c)
    #7 0x0001001c2f70 in nl_gen_c+0x43e44 (schema-nano_virt.native:arm64+0x1000caf70)
    #8 0x0001001dd364 in nl_main+0x4e68 (schema-nano_virt.native:arm64+0x1000e5364)
    #9 0x0001000f88c4 in main+0x1c (schema-nano_virt.native:arm64+0x1000008c4)
    #10 0x0001828804e0 in start+0x1b4c (dyld:arm64e+0x204e0)

Indirect leak of 329 byte(s) in 47 object(s) allocated from:
    #0 0x0001012cd40c in malloc+0x70 (libclang_rt.asan_osx_dynamic.dylib:arm64+0x5540c)
    #1 0x000100bb1da4 in cJSON_strdup+0x4c (libstd_json.dylib:arm64+0x1da4)
    #2 0x000100bb4b8c in cJSON_Duplicate_rec+0x110 (libstd_json.dylib:arm64+0x4b8c)
    #3 0x000100bb4a6c in cJSON_Duplicate+0x20 (libstd_json.dylib:arm64+0x4a6c)
    #4 0x000100bb1124 in nl_json_get+0x78 (libstd_json.dylib:arm64+0x1124)
    #5 0x00010020e47c in nhost_json_29+0x340 (schema-nano_virt.native:arm64+0x10011647c)
    #6 0x00010011b44c in nl_get+0x514 (schema-nano_virt.native:arm64+0x10002344c)
    #7 0x000100188aa0 in nl_gen_c+0x9974 (schema-nano_virt.native:arm64+0x100090aa0)
    #8 0x0001001dd364 in nl_main+0x4e68 (schema-nano_virt.native:arm64+0x1000e5364)
    #9 0x0001000f88c4 in main+0x1c (schema-nano_virt.native:arm64+0x1000008c4)
    #10 0x0001828804e0 in start+0x1b4c (dyld:arm64e+0x204e0)

Indirect leak of 320 byte(s) in 5 object(s) allocated from:
    #0 0x0001012cd40c in malloc+0x70 (libclang_rt.asan_osx_dynamic.dylib:arm64+0x5540c)
    #1 0x000100bb20b0 in cJSON_New_Item+0x1c (libstd_json.dylib:arm64+0x20b0)
    #2 0x000100bb4abc in cJSON_Duplicate_rec+0x40 (libstd_json.dylib:arm64+0x4abc)
    #3 0x000100bb4c18 in cJSON_Duplicate_rec+0x19c (libstd_json.dylib:arm64+0x4c18)
    #4 0x000100bb4a6c in cJSON_Duplicate+0x20 (libstd_json.dylib:arm64+0x4a6c)
    #5 0x000100bb1124 in nl_json_get+0x78 (libstd_json.dylib:arm64+0x1124)
    #6 0x00010020e47c in nhost_json_29+0x340 (schema-nano_virt.native:arm64+0x10011647c)
    #7 0x00010011b44c in nl_get+0x514 (schema-nano_virt.native:arm64+0x10002344c)
    #8 0x0001001ce118 in nl_gen_c+0x4efec (schema-nano_virt.native:arm64+0x1000d6118)
    #9 0x0001001dd364 in nl_main+0x4e68 (schema-nano_virt.native:arm64+0x1000e5364)
    #10 0x0001000f88c4 in main+0x1c (schema-nano_virt.native:arm64+0x1000008c4)
    #11 0x0001828804e0 in start+0x1b4c (dyld:arm64e+0x204e0)

Indirect leak of 273 byte(s) in 39 object(s) allocated from:
    #0 0x0001012cd40c in malloc+0x70 (libclang_rt.asan_osx_dynamic.dylib:arm64+0x5540c)
    #1 0x000100bb1da4 in cJSON_strdup+0x4c (libstd_json.dylib:arm64+0x1da4)
    #2 0x000100bb4b8c in cJSON_Duplicate_rec+0x110 (libstd_json.dylib:arm64+0x4b8c)
    #3 0x000100bb4a6c in cJSON_Duplicate+0x20 (libstd_json.dylib:arm64+0x4a6c)
    #4 0x000100bb1124 in nl_json_get+0x78 (libstd_json.dylib:arm64+0x1124)
    #5 0x00010020e47c in nhost_json_29+0x340 (schema-nano_virt.native:arm64+0x10011647c)
    #6 0x00010011b44c in nl_get+0x514 (schema-nano_virt.native:arm64+0x10002344c)
    #7 0x000100145ce4 in nl_gen_nano_ast+0x13600 (schema-nano_virt.native:arm64+0x10004dce4)
    #8 0x0001001dc97c in nl_main+0x4480 (schema-nano_virt.native:arm64+0x1000e497c)
    #9 0x0001000f88c4 in main+0x1c (schema-nano_virt.native:arm64+0x1000008c4)
    #10 0x0001828804e0 in start+0x1b4c (dyld:arm64e+0x204e0)

Indirect leak of 273 byte(s) in 39 object(s) allocated from:
    #0 0x0001012cd40c in malloc+0x70 (libclang_rt.asan_osx_dynamic.dylib:arm64+0x5540c)
    #1 0x000100bb1da4 in cJSON_strdup+0x4c (libstd_json.dylib:arm64+0x1da4)
    #2 0x000100bb4b8c in cJSON_Duplicate_rec+0x110 (libstd_json.dylib:arm64+0x4b8c)
    #3 0x000100bb4a6c in cJSON_Duplicate+0x20 (libstd_json.dylib:arm64+0x4a6c)
    #4 0x000100bb1124 in nl_json_get+0x78 (libstd_json.dylib:arm64+0x1124)
    #5 0x00010020e47c in nhost_json_29+0x340 (schema-nano_virt.native:arm64+0x10011647c)
    #6 0x00010011b44c in nl_get+0x514 (schema-nano_virt.native:arm64+0x10002344c)
    #7 0x000100144620 in nl_gen_nano_ast+0x11f3c (schema-nano_virt.native:arm64+0x10004c620)
    #8 0x0001001dc97c in nl_main+0x4480 (schema-nano_virt.native:arm64+0x1000e497c)
    #9 0x0001000f88c4 in main+0x1c (schema-nano_virt.native:arm64+0x1000008c4)
    #10 0x0001828804e0 in start+0x1b4c (dyld:arm64e+0x204e0)

Indirect leak of 272 byte(s) in 28 object(s) allocated from:
    #0 0x0001012cd40c in malloc+0x70 (libclang_rt.asan_osx_dynamic.dylib:arm64+0x5540c)
    #1 0x000100bb1da4 in cJSON_strdup+0x4c (libstd_json.dylib:arm64+0x1da4)
    #2 0x000100bb4b28 in cJSON_Duplicate_rec+0xac (libstd_json.dylib:arm64+0x4b28)
    #3 0x000100bb4a6c in cJSON_Duplicate+0x20 (libstd_json.dylib:arm64+0x4a6c)
    #4 0x000100bb1520 in nl_json_get_index+0x7c (libstd_json.dylib:arm64+0x1520)
    #5 0x00010020ed1c in nhost_json_32+0x340 (schema-nano_virt.native:arm64+0x100116d1c)
    #6 0x00010011c738 in nl_get_index+0x4d0 (schema-nano_virt.native:arm64+0x100024738)
    #7 0x000100165848 in nl_gen_contracts+0x16e8c (schema-nano_virt.native:arm64+0x10006d848)
    #8 0x0001001dce70 in nl_main+0x4974 (schema-nano_virt.native:arm64+0x1000e4e70)
    #9 0x0001000f88c4 in main+0x1c (schema-nano_virt.native:arm64+0x1000008c4)
    #10 0x0001828804e0 in start+0x1b4c (dyld:arm64e+0x204e0)

Indirect leak of 263 byte(s) in 28 object(s) allocated from:
    #0 0x0001012cd40c in malloc+0x70 (libclang_rt.asan_osx_dynamic.dylib:arm64+0x5540c)
    #1 0x000100bb1da4 in cJSON_strdup+0x4c (libstd_json.dylib:arm64+0x1da4)
    #2 0x000100bb4b28 in cJSON_Duplicate_rec+0xac (libstd_json.dylib:arm64+0x4b28)
    #3 0x000100bb4a6c in cJSON_Duplicate+0x20 (libstd_json.dylib:arm64+0x4a6c)
    #4 0x000100bb1520 in nl_json_get_index+0x7c (libstd_json.dylib:arm64+0x1520)
    #5 0x00010020ed1c in nhost_json_32+0x340 (schema-nano_virt.native:arm64+0x100116d1c)
    #6 0x00010011c738 in nl_get_index+0x4d0 (schema-nano_virt.native:arm64+0x100024738)
    #7 0x000100164ce8 in nl_gen_contracts+0x1632c (schema-nano_virt.native:arm64+0x10006cce8)
    #8 0x0001001dce70 in nl_main+0x4974 (schema-nano_virt.native:arm64+0x1000e4e70)
    #9 0x0001000f88c4 in main+0x1c (schema-nano_virt.native:arm64+0x1000008c4)
    #10 0x0001828804e0 in start+0x1b4c (dyld:arm64e+0x204e0)

Indirect leak of 235 byte(s) in 47 object(s) allocated from:
    #0 0x0001012cd40c in malloc+0x70 (libclang_rt.asan_osx_dynamic.dylib:arm64+0x5540c)
    #1 0x000100bb1da4 in cJSON_strdup+0x4c (libstd_json.dylib:arm64+0x1da4)
    #2 0x000100bb4b8c in cJSON_Duplicate_rec+0x110 (libstd_json.dylib:arm64+0x4b8c)
    #3 0x000100bb4a6c in cJSON_Duplicate+0x20 (libstd_json.dylib:arm64+0x4a6c)
    #4 0x000100bb1124 in nl_json_get+0x78 (libstd_json.dylib:arm64+0x1124)
    #5 0x00010020e47c in nhost_json_29+0x340 (schema-nano_virt.native:arm64+0x10011647c)
    #6 0x00010011b44c in nl_get+0x514 (schema-nano_virt.native:arm64+0x10002344c)
    #7 0x0001001c4368 in nl_gen_c+0x4523c (schema-nano_virt.native:arm64+0x1000cc368)
    #8 0x0001001dd364 in nl_main+0x4e68 (schema-nano_virt.native:arm64+0x1000e5364)
    #9 0x0001000f88c4 in main+0x1c (schema-nano_virt.native:arm64+0x1000008c4)
    #10 0x0001828804e0 in start+0x1b4c (dyld:arm64e+0x204e0)

Indirect leak of 195 byte(s) in 39 object(s) allocated from:
    #0 0x0001012cd40c in malloc+0x70 (libclang_rt.asan_osx_dynamic.dylib:arm64+0x5540c)
    #1 0x000100bb1da4 in cJSON_strdup+0x4c (libstd_json.dylib:arm64+0x1da4)
    #2 0x000100bb4b8c in cJSON_Duplicate_rec+0x110 (libstd_json.dylib:arm64+0x4b8c)
    #3 0x000100bb4a6c in cJSON_Duplicate+0x20 (libstd_json.dylib:arm64+0x4a6c)
    #4 0x000100bb1124 in nl_json_get+0x78 (libstd_json.dylib:arm64+0x1124)
    #5 0x00010020e47c in nhost_json_29+0x340 (schema-nano_virt.native:arm64+0x10011647c)
    #6 0x00010011b44c in nl_get+0x514 (schema-nano_virt.native:arm64+0x10002344c)
    #7 0x0001001439c4 in nl_gen_nano_ast+0x112e0 (schema-nano_virt.native:arm64+0x10004b9c4)
    #8 0x0001001dc97c in nl_main+0x4480 (schema-nano_virt.native:arm64+0x1000e497c)
    #9 0x0001000f88c4 in main+0x1c (schema-nano_virt.native:arm64+0x1000008c4)
    #10 0x0001828804e0 in start+0x1b4c (dyld:arm64e+0x204e0)

Indirect leak of 192 byte(s) in 3 object(s) allocated from:
    #0 0x0001012cd40c in malloc+0x70 (libclang_rt.asan_osx_dynamic.dylib:arm64+0x5540c)
    #1 0x000100bb20b0 in cJSON_New_Item+0x1c (libstd_json.dylib:arm64+0x20b0)
    #2 0x000100bb4abc in cJSON_Duplicate_rec+0x40 (libstd_json.dylib:arm64+0x4abc)
    #3 0x000100bb4c18 in cJSON_Duplicate_rec+0x19c (libstd_json.dylib:arm64+0x4c18)
    #4 0x000100bb4a6c in cJSON_Duplicate+0x20 (libstd_json.dylib:arm64+0x4a6c)
    #5 0x000100bb1124 in nl_json_get+0x78 (libstd_json.dylib:arm64+0x1124)
    #6 0x00010020e47c in nhost_json_29+0x340 (schema-nano_virt.native:arm64+0x10011647c)
    #7 0x00010011b44c in nl_get+0x514 (schema-nano_virt.native:arm64+0x10002344c)
    #8 0x00010019d5f4 in nl_gen_c+0x1e4c8 (schema-nano_virt.native:arm64+0x1000a55f4)
    #9 0x0001001dd364 in nl_main+0x4e68 (schema-nano_virt.native:arm64+0x1000e5364)
    #10 0x0001000f88c4 in main+0x1c (schema-nano_virt.native:arm64+0x1000008c4)
    #11 0x0001828804e0 in start+0x1b4c (dyld:arm64e+0x204e0)

Indirect leak of 192 byte(s) in 3 object(s) allocated from:
    #0 0x0001012cd40c in malloc+0x70 (libclang_rt.asan_osx_dynamic.dylib:arm64+0x5540c)
    #1 0x000100bb20b0 in cJSON_New_Item+0x1c (libstd_json.dylib:arm64+0x20b0)
    #2 0x000100bb4abc in cJSON_Duplicate_rec+0x40 (libstd_json.dylib:arm64+0x4abc)
    #3 0x000100bb4c18 in cJSON_Duplicate_rec+0x19c (libstd_json.dylib:arm64+0x4c18)
    #4 0x000100bb4a6c in cJSON_Duplicate+0x20 (libstd_json.dylib:arm64+0x4a6c)
    #5 0x000100bb1124 in nl_json_get+0x78 (libstd_json.dylib:arm64+0x1124)
    #6 0x00010020e47c in nhost_json_29+0x340 (schema-nano_virt.native:arm64+0x10011647c)
    #7 0x00010011b44c in nl_get+0x514 (schema-nano_virt.native:arm64+0x10002344c)
    #8 0x000100150c94 in nl_gen_contracts+0x22d8 (schema-nano_virt.native:arm64+0x100058c94)
    #9 0x0001001dce70 in nl_main+0x4974 (schema-nano_virt.native:arm64+0x1000e4e70)
    #10 0x0001000f88c4 in main+0x1c (schema-nano_virt.native:arm64+0x1000008c4)
    #11 0x0001828804e0 in start+0x1b4c (dyld:arm64e+0x204e0)

Indirect leak of 192 byte(s) in 3 object(s) allocated from:
    #0 0x0001012cd40c in malloc+0x70 (libclang_rt.asan_osx_dynamic.dylib:arm64+0x5540c)
    #1 0x000100bb20b0 in cJSON_New_Item+0x1c (libstd_json.dylib:arm64+0x20b0)
    #2 0x000100bb4abc in cJSON_Duplicate_rec+0x40 (libstd_json.dylib:arm64+0x4abc)
    #3 0x000100bb4c18 in cJSON_Duplicate_rec+0x19c (libstd_json.dylib:arm64+0x4c18)
    #4 0x000100bb4a6c in cJSON_Duplicate+0x20 (libstd_json.dylib:arm64+0x4a6c)
    #5 0x000100bb1124 in nl_json_get+0x78 (libstd_json.dylib:arm64+0x1124)
    #6 0x00010020e47c in nhost_json_29+0x340 (schema-nano_virt.native:arm64+0x10011647c)
    #7 0x00010011b44c in nl_get+0x514 (schema-nano_virt.native:arm64+0x10002344c)
    #8 0x000100134f7c in nl_gen_nano_ast+0x2898 (schema-nano_virt.native:arm64+0x10003cf7c)
    #9 0x0001001dc97c in nl_main+0x4480 (schema-nano_virt.native:arm64+0x1000e497c)
    #10 0x0001000f88c4 in main+0x1c (schema-nano_virt.native:arm64+0x1000008c4)
    #11 0x0001828804e0 in start+0x1b4c (dyld:arm64e+0x204e0)

Indirect leak of 134 byte(s) in 8 object(s) allocated from:
    #0 0x0001012cd40c in malloc+0x70 (libclang_rt.asan_osx_dynamic.dylib:arm64+0x5540c)
    #1 0x000100bb1da4 in cJSON_strdup+0x4c (libstd_json.dylib:arm64+0x1da4)
    #2 0x000100bb4b28 in cJSON_Duplicate_rec+0xac (libstd_json.dylib:arm64+0x4b28)
    #3 0x000100bb4a6c in cJSON_Duplicate+0x20 (libstd_json.dylib:arm64+0x4a6c)
    #4 0x000100bb1124 in nl_json_get+0x78 (libstd_json.dylib:arm64+0x1124)
    #5 0x00010020e47c in nhost_json_29+0x340 (schema-nano_virt.native:arm64+0x10011647c)
    #6 0x00010011b44c in nl_get+0x514 (schema-nano_virt.native:arm64+0x10002344c)
    #7 0x00010015f6d4 in nl_gen_contracts+0x10d18 (schema-nano_virt.native:arm64+0x1000676d4)
    #8 0x0001001dce70 in nl_main+0x4974 (schema-nano_virt.native:arm64+0x1000e4e70)
    #9 0x0001000f88c4 in main+0x1c (schema-nano_virt.native:arm64+0x1000008c4)
    #10 0x0001828804e0 in start+0x1b4c (dyld:arm64e+0x204e0)

Indirect leak of 117 byte(s) in 9 object(s) allocated from:
    #0 0x0001012cd40c in malloc+0x70 (libclang_rt.asan_osx_dynamic.dylib:arm64+0x5540c)
    #1 0x000100bb1da4 in cJSON_strdup+0x4c (libstd_json.dylib:arm64+0x1da4)
    #2 0x000100bb4b28 in cJSON_Duplicate_rec+0xac (libstd_json.dylib:arm64+0x4b28)
    #3 0x000100bb4a6c in cJSON_Duplicate+0x20 (libstd_json.dylib:arm64+0x4a6c)
    #4 0x000100bb1520 in nl_json_get_index+0x7c (libstd_json.dylib:arm64+0x1520)
    #5 0x00010020ed1c in nhost_json_32+0x340 (schema-nano_virt.native:arm64+0x100116d1c)
    #6 0x00010011c738 in nl_get_index+0x4d0 (schema-nano_virt.native:arm64+0x100024738)
    #7 0x0001001a84f0 in nl_gen_c+0x293c4 (schema-nano_virt.native:arm64+0x1000b04f0)
    #8 0x0001001dd364 in nl_main+0x4e68 (schema-nano_virt.native:arm64+0x1000e5364)
    #9 0x0001000f88c4 in main+0x1c (schema-nano_virt.native:arm64+0x1000008c4)
    #10 0x0001828804e0 in start+0x1b4c (dyld:arm64e+0x204e0)

Indirect leak of 117 byte(s) in 9 object(s) allocated from:
    #0 0x0001012cd40c in malloc+0x70 (libclang_rt.asan_osx_dynamic.dylib:arm64+0x5540c)
    #1 0x000100bb1da4 in cJSON_strdup+0x4c (libstd_json.dylib:arm64+0x1da4)
    #2 0x000100bb4b28 in cJSON_Duplicate_rec+0xac (libstd_json.dylib:arm64+0x4b28)
    #3 0x000100bb4c18 in cJSON_Duplicate_rec+0x19c (libstd_json.dylib:arm64+0x4c18)
    #4 0x000100bb4a6c in cJSON_Duplicate+0x20 (libstd_json.dylib:arm64+0x4a6c)
    #5 0x000100bb1124 in nl_json_get+0x78 (libstd_json.dylib:arm64+0x1124)
    #6 0x00010020e47c in nhost_json_29+0x340 (schema-nano_virt.native:arm64+0x10011647c)
    #7 0x00010011b44c in nl_get+0x514 (schema-nano_virt.native:arm64+0x10002344c)
    #8 0x0001001a3d7c in nl_gen_c+0x24c50 (schema-nano_virt.native:arm64+0x1000abd7c)
    #9 0x0001001dd364 in nl_main+0x4e68 (schema-nano_virt.native:arm64+0x1000e5364)
    #10 0x0001000f88c4 in main+0x1c (schema-nano_virt.native:arm64+0x1000008c4)
    #11 0x0001828804e0 in start+0x1b4c (dyld:arm64e+0x204e0)

Indirect leak of 80 byte(s) in 8 object(s) allocated from:
    #0 0x0001012cd40c in malloc+0x70 (libclang_rt.asan_osx_dynamic.dylib:arm64+0x5540c)
    #1 0x000100bb1da4 in cJSON_strdup+0x4c (libstd_json.dylib:arm64+0x1da4)
    #2 0x000100bb4b8c in cJSON_Duplicate_rec+0x110 (libstd_json.dylib:arm64+0x4b8c)
    #3 0x000100bb4a6c in cJSON_Duplicate+0x20 (libstd_json.dylib:arm64+0x4a6c)
    #4 0x000100bb1124 in nl_json_get+0x78 (libstd_json.dylib:arm64+0x1124)
    #5 0x00010020e47c in nhost_json_29+0x340 (schema-nano_virt.native:arm64+0x10011647c)
    #6 0x00010011b44c in nl_get+0x514 (schema-nano_virt.native:arm64+0x10002344c)
    #7 0x00010015e5c0 in nl_gen_contracts+0xfc04 (schema-nano_virt.native:arm64+0x1000665c0)
    #8 0x0001001dce70 in nl_main+0x4974 (schema-nano_virt.native:arm64+0x1000e4e70)
    #9 0x0001000f88c4 in main+0x1c (schema-nano_virt.native:arm64+0x1000008c4)
    #10 0x0001828804e0 in start+0x1b4c (dyld:arm64e+0x204e0)

Indirect leak of 80 byte(s) in 11 object(s) allocated from:
    #0 0x0001012cd40c in malloc+0x70 (libclang_rt.asan_osx_dynamic.dylib:arm64+0x5540c)
    #1 0x000100bb1da4 in cJSON_strdup+0x4c (libstd_json.dylib:arm64+0x1da4)
    #2 0x000100bb4b8c in cJSON_Duplicate_rec+0x110 (libstd_json.dylib:arm64+0x4b8c)
    #3 0x000100bb4c18 in cJSON_Duplicate_rec+0x19c (libstd_json.dylib:arm64+0x4c18)
    #4 0x000100bb4a6c in cJSON_Duplicate+0x20 (libstd_json.dylib:arm64+0x4a6c)
    #5 0x000100bb1520 in nl_json_get_index+0x7c (libstd_json.dylib:arm64+0x1520)
    #6 0x00010020ed1c in nhost_json_32+0x340 (schema-nano_virt.native:arm64+0x100116d1c)
    #7 0x00010011c738 in nl_get_index+0x4d0 (schema-nano_virt.native:arm64+0x100024738)
    #8 0x000100136588 in nl_gen_nano_ast+0x3ea4 (schema-nano_virt.native:arm64+0x10003e588)
    #9 0x0001001dc97c in nl_main+0x4480 (schema-nano_virt.native:arm64+0x1000e497c)
    #10 0x0001000f88c4 in main+0x1c (schema-nano_virt.native:arm64+0x1000008c4)
    #11 0x0001828804e0 in start+0x1b4c (dyld:arm64e+0x204e0)

Indirect leak of 80 byte(s) in 11 object(s) allocated from:
    #0 0x0001012cd40c in malloc+0x70 (libclang_rt.asan_osx_dynamic.dylib:arm64+0x5540c)
    #1 0x000100bb1da4 in cJSON_strdup+0x4c (libstd_json.dylib:arm64+0x1da4)
    #2 0x000100bb4b8c in cJSON_Duplicate_rec+0x110 (libstd_json.dylib:arm64+0x4b8c)
    #3 0x000100bb4c18 in cJSON_Duplicate_rec+0x19c (libstd_json.dylib:arm64+0x4c18)
    #4 0x000100bb4a6c in cJSON_Duplicate+0x20 (libstd_json.dylib:arm64+0x4a6c)
    #5 0x000100bb1520 in nl_json_get_index+0x7c (libstd_json.dylib:arm64+0x1520)
    #6 0x00010020ed1c in nhost_json_32+0x340 (schema-nano_virt.native:arm64+0x100116d1c)
    #7 0x00010011c738 in nl_get_index+0x4d0 (schema-nano_virt.native:arm64+0x100024738)
    #8 0x00010019f5d0 in nl_gen_c+0x204a4 (schema-nano_virt.native:arm64+0x1000a75d0)
    #9 0x0001001dd364 in nl_main+0x4e68 (schema-nano_virt.native:arm64+0x1000e5364)
    #10 0x0001000f88c4 in main+0x1c (schema-nano_virt.native:arm64+0x1000008c4)
    #11 0x0001828804e0 in start+0x1b4c (dyld:arm64e+0x204e0)

Indirect leak of 80 byte(s) in 11 object(s) allocated from:
    #0 0x0001012cd40c in malloc+0x70 (libclang_rt.asan_osx_dynamic.dylib:arm64+0x5540c)
    #1 0x000100bb1da4 in cJSON_strdup+0x4c (libstd_json.dylib:arm64+0x1da4)
    #2 0x000100bb4b8c in cJSON_Duplicate_rec+0x110 (libstd_json.dylib:arm64+0x4b8c)
    #3 0x000100bb4c18 in cJSON_Duplicate_rec+0x19c (libstd_json.dylib:arm64+0x4c18)
    #4 0x000100bb4c18 in cJSON_Duplicate_rec+0x19c (libstd_json.dylib:arm64+0x4c18)
    #5 0x000100bb4a6c in cJSON_Duplicate+0x20 (libstd_json.dylib:arm64+0x4a6c)
    #6 0x000100bb1124 in nl_json_get+0x78 (libstd_json.dylib:arm64+0x1124)
    #7 0x00010020e47c in nhost_json_29+0x340 (schema-nano_virt.native:arm64+0x10011647c)
    #8 0x00010011b44c in nl_get+0x514 (schema-nano_virt.native:arm64+0x10002344c)
    #9 0x00010019d5f4 in nl_gen_c+0x1e4c8 (schema-nano_virt.native:arm64+0x1000a55f4)
    #10 0x0001001dd364 in nl_main+0x4e68 (schema-nano_virt.native:arm64+0x1000e5364)
    #11 0x0001000f88c4 in main+0x1c (schema-nano_virt.native:arm64+0x1000008c4)
    #12 0x0001828804e0 in start+0x1b4c (dyld:arm64e+0x204e0)

Indirect leak of 80 byte(s) in 11 object(s) allocated from:
    #0 0x0001012cd40c in malloc+0x70 (libclang_rt.asan_osx_dynamic.dylib:arm64+0x5540c)
    #1 0x000100bb1da4 in cJSON_strdup+0x4c (libstd_json.dylib:arm64+0x1da4)
    #2 0x000100bb4b8c in cJSON_Duplicate_rec+0x110 (libstd_json.dylib:arm64+0x4b8c)
    #3 0x000100bb4c18 in cJSON_Duplicate_rec+0x19c (libstd_json.dylib:arm64+0x4c18)
    #4 0x000100bb4a6c in cJSON_Duplicate+0x20 (libstd_json.dylib:arm64+0x4a6c)
    #5 0x000100bb1520 in nl_json_get_index+0x7c (libstd_json.dylib:arm64+0x1520)
    #6 0x00010020ed1c in nhost_json_32+0x340 (schema-nano_virt.native:arm64+0x100116d1c)
    #7 0x00010011c738 in nl_get_index+0x4d0 (schema-nano_virt.native:arm64+0x100024738)
    #8 0x0001001522a0 in nl_gen_contracts+0x38e4 (schema-nano_virt.native:arm64+0x10005a2a0)
    #9 0x0001001dce70 in nl_main+0x4974 (schema-nano_virt.native:arm64+0x1000e4e70)
    #10 0x0001000f88c4 in main+0x1c (schema-nano_virt.native:arm64+0x1000008c4)
    #11 0x0001828804e0 in start+0x1b4c (dyld:arm64e+0x204e0)

Indirect leak of 80 byte(s) in 11 object(s) allocated from:
    #0 0x0001012cd40c in malloc+0x70 (libclang_rt.asan_osx_dynamic.dylib:arm64+0x5540c)
    #1 0x000100bb1da4 in cJSON_strdup+0x4c (libstd_json.dylib:arm64+0x1da4)
    #2 0x000100bb4b8c in cJSON_Duplicate_rec+0x110 (libstd_json.dylib:arm64+0x4b8c)
    #3 0x000100bb4c18 in cJSON_Duplicate_rec+0x19c (libstd_json.dylib:arm64+0x4c18)
    #4 0x000100bb4c18 in cJSON_Duplicate_rec+0x19c (libstd_json.dylib:arm64+0x4c18)
    #5 0x000100bb4a6c in cJSON_Duplicate+0x20 (libstd_json.dylib:arm64+0x4a6c)
    #6 0x000100bb1124 in nl_json_get+0x78 (libstd_json.dylib:arm64+0x1124)
    #7 0x00010020e47c in nhost_json_29+0x340 (schema-nano_virt.native:arm64+0x10011647c)
    #8 0x00010011b44c in nl_get+0x514 (schema-nano_virt.native:arm64+0x10002344c)
    #9 0x000100134f7c in nl_gen_nano_ast+0x2898 (schema-nano_virt.native:arm64+0x10003cf7c)
    #10 0x0001001dc97c in nl_main+0x4480 (schema-nano_virt.native:arm64+0x1000e497c)
    #11 0x0001000f88c4 in main+0x1c (schema-nano_virt.native:arm64+0x1000008c4)
    #12 0x0001828804e0 in start+0x1b4c (dyld:arm64e+0x204e0)

Indirect leak of 80 byte(s) in 11 object(s) allocated from:
    #0 0x0001012cd40c in malloc+0x70 (libclang_rt.asan_osx_dynamic.dylib:arm64+0x5540c)
    #1 0x000100bb1da4 in cJSON_strdup+0x4c (libstd_json.dylib:arm64+0x1da4)
    #2 0x000100bb4b8c in cJSON_Duplicate_rec+0x110 (libstd_json.dylib:arm64+0x4b8c)
    #3 0x000100bb4c18 in cJSON_Duplicate_rec+0x19c (libstd_json.dylib:arm64+0x4c18)
    #4 0x000100bb4c18 in cJSON_Duplicate_rec+0x19c (libstd_json.dylib:arm64+0x4c18)
    #5 0x000100bb4a6c in cJSON_Duplicate+0x20 (libstd_json.dylib:arm64+0x4a6c)
    #6 0x000100bb1124 in nl_json_get+0x78 (libstd_json.dylib:arm64+0x1124)
    #7 0x00010020e47c in nhost_json_29+0x340 (schema-nano_virt.native:arm64+0x10011647c)
    #8 0x00010011b44c in nl_get+0x514 (schema-nano_virt.native:arm64+0x10002344c)
    #9 0x000100150c94 in nl_gen_contracts+0x22d8 (schema-nano_virt.native:arm64+0x100058c94)
    #10 0x0001001dce70 in nl_main+0x4974 (schema-nano_virt.native:arm64+0x1000e4e70)
    #11 0x0001000f88c4 in main+0x1c (schema-nano_virt.native:arm64+0x1000008c4)
    #12 0x0001828804e0 in start+0x1b4c (dyld:arm64e+0x204e0)

Indirect leak of 80 byte(s) in 8 object(s) allocated from:
    #0 0x0001012cd40c in malloc+0x70 (libclang_rt.asan_osx_dynamic.dylib:arm64+0x5540c)
    #1 0x000100bb1da4 in cJSON_strdup+0x4c (libstd_json.dylib:arm64+0x1da4)
    #2 0x000100bb4b8c in cJSON_Duplicate_rec+0x110 (libstd_json.dylib:arm64+0x4b8c)
    #3 0x000100bb4a6c in cJSON_Duplicate+0x20 (libstd_json.dylib:arm64+0x4a6c)
    #4 0x000100bb1124 in nl_json_get+0x78 (libstd_json.dylib:arm64+0x1124)
    #5 0x00010020e47c in nhost_json_29+0x340 (schema-nano_virt.native:arm64+0x10011647c)
    #6 0x00010011b44c in nl_get+0x514 (schema-nano_virt.native:arm64+0x10002344c)
    #7 0x0001001428ac in nl_gen_nano_ast+0x101c8 (schema-nano_virt.native:arm64+0x10004a8ac)
    #8 0x0001001dc97c in nl_main+0x4480 (schema-nano_virt.native:arm64+0x1000e497c)
    #9 0x0001000f88c4 in main+0x1c (schema-nano_virt.native:arm64+0x1000008c4)
    #10 0x0001828804e0 in start+0x1b4c (dyld:arm64e+0x204e0)

Indirect leak of 70 byte(s) in 5 object(s) allocated from:
    #0 0x0001012cd40c in malloc+0x70 (libclang_rt.asan_osx_dynamic.dylib:arm64+0x5540c)
    #1 0x000100bb1da4 in cJSON_strdup+0x4c (libstd_json.dylib:arm64+0x1da4)
    #2 0x000100bb4b8c in cJSON_Duplicate_rec+0x110 (libstd_json.dylib:arm64+0x4b8c)
    #3 0x000100bb4a6c in cJSON_Duplicate+0x20 (libstd_json.dylib:arm64+0x4a6c)
    #4 0x000100bb1124 in nl_json_get+0x78 (libstd_json.dylib:arm64+0x1124)
    #5 0x00010020e47c in nhost_json_29+0x340 (schema-nano_virt.native:arm64+0x10011647c)
    #6 0x00010011b44c in nl_get+0x514 (schema-nano_virt.native:arm64+0x10002344c)
    #7 0x0001001ce118 in nl_gen_c+0x4efec (schema-nano_virt.native:arm64+0x1000d6118)
    #8 0x0001001dd364 in nl_main+0x4e68 (schema-nano_virt.native:arm64+0x1000e5364)
    #9 0x0001000f88c4 in main+0x1c (schema-nano_virt.native:arm64+0x1000008c4)
    #10 0x0001828804e0 in start+0x1b4c (dyld:arm64e+0x204e0)

Indirect leak of 60 byte(s) in 5 object(s) allocated from:
    #0 0x0001012cd40c in malloc+0x70 (libclang_rt.asan_osx_dynamic.dylib:arm64+0x5540c)
    #1 0x000100bb1da4 in cJSON_strdup+0x4c (libstd_json.dylib:arm64+0x1da4)
    #2 0x000100bb4b8c in cJSON_Duplicate_rec+0x110 (libstd_json.dylib:arm64+0x4b8c)
    #3 0x000100bb4c18 in cJSON_Duplicate_rec+0x19c (libstd_json.dylib:arm64+0x4c18)
    #4 0x000100bb4a6c in cJSON_Duplicate+0x20 (libstd_json.dylib:arm64+0x4a6c)
    #5 0x000100bb1124 in nl_json_get+0x78 (libstd_json.dylib:arm64+0x1124)
    #6 0x00010020e47c in nhost_json_29+0x340 (schema-nano_virt.native:arm64+0x10011647c)
    #7 0x00010011b44c in nl_get+0x514 (schema-nano_virt.native:arm64+0x10002344c)
    #8 0x0001001ce118 in nl_gen_c+0x4efec (schema-nano_virt.native:arm64+0x1000d6118)
    #9 0x0001001dd364 in nl_main+0x4e68 (schema-nano_virt.native:arm64+0x1000e5364)
    #10 0x0001000f88c4 in main+0x1c (schema-nano_virt.native:arm64+0x1000008c4)
    #11 0x0001828804e0 in start+0x1b4c (dyld:arm64e+0x204e0)

Indirect leak of 56 byte(s) in 8 object(s) allocated from:
    #0 0x0001012cd40c in malloc+0x70 (libclang_rt.asan_osx_dynamic.dylib:arm64+0x5540c)
    #1 0x000100bb1da4 in cJSON_strdup+0x4c (libstd_json.dylib:arm64+0x1da4)
    #2 0x000100bb4b8c in cJSON_Duplicate_rec+0x110 (libstd_json.dylib:arm64+0x4b8c)
    #3 0x000100bb4a6c in cJSON_Duplicate+0x20 (libstd_json.dylib:arm64+0x4a6c)
    #4 0x000100bb1124 in nl_json_get+0x78 (libstd_json.dylib:arm64+0x1124)
    #5 0x00010020e47c in nhost_json_29+0x340 (schema-nano_virt.native:arm64+0x10011647c)
    #6 0x00010011b44c in nl_get+0x514 (schema-nano_virt.native:arm64+0x10002344c)
    #7 0x000100160330 in nl_gen_contracts+0x11974 (schema-nano_virt.native:arm64+0x100068330)
    #8 0x0001001dce70 in nl_main+0x4974 (schema-nano_virt.native:arm64+0x1000e4e70)
    #9 0x0001000f88c4 in main+0x1c (schema-nano_virt.native:arm64+0x1000008c4)
    #10 0x0001828804e0 in start+0x1b4c (dyld:arm64e+0x204e0)

Indirect leak of 56 byte(s) in 8 object(s) allocated from:
    #0 0x0001012cd40c in malloc+0x70 (libclang_rt.asan_osx_dynamic.dylib:arm64+0x5540c)
    #1 0x000100bb1da4 in cJSON_strdup+0x4c (libstd_json.dylib:arm64+0x1da4)
    #2 0x000100bb4b8c in cJSON_Duplicate_rec+0x110 (libstd_json.dylib:arm64+0x4b8c)
    #3 0x000100bb4a6c in cJSON_Duplicate+0x20 (libstd_json.dylib:arm64+0x4a6c)
    #4 0x000100bb1124 in nl_json_get+0x78 (libstd_json.dylib:arm64+0x1124)
    #5 0x00010020e47c in nhost_json_29+0x340 (schema-nano_virt.native:arm64+0x10011647c)
    #6 0x00010011b44c in nl_get+0x514 (schema-nano_virt.native:arm64+0x10002344c)
    #7 0x0001001619f4 in nl_gen_contracts+0x13038 (schema-nano_virt.native:arm64+0x1000699f4)
    #8 0x0001001dce70 in nl_main+0x4974 (schema-nano_virt.native:arm64+0x1000e4e70)
    #9 0x0001000f88c4 in main+0x1c (schema-nano_virt.native:arm64+0x1000008c4)
    #10 0x0001828804e0 in start+0x1b4c (dyld:arm64e+0x204e0)

Indirect leak of 42 byte(s) in 3 object(s) allocated from:
    #0 0x0001012cd40c in malloc+0x70 (libclang_rt.asan_osx_dynamic.dylib:arm64+0x5540c)
    #1 0x000100bb1da4 in cJSON_strdup+0x4c (libstd_json.dylib:arm64+0x1da4)
    #2 0x000100bb4b28 in cJSON_Duplicate_rec+0xac (libstd_json.dylib:arm64+0x4b28)
    #3 0x000100bb4c18 in cJSON_Duplicate_rec+0x19c (libstd_json.dylib:arm64+0x4c18)
    #4 0x000100bb4a6c in cJSON_Duplicate+0x20 (libstd_json.dylib:arm64+0x4a6c)
    #5 0x000100bb1520 in nl_json_get_index+0x7c (libstd_json.dylib:arm64+0x1520)
    #6 0x00010020ed1c in nhost_json_32+0x340 (schema-nano_virt.native:arm64+0x100116d1c)
    #7 0x00010011c738 in nl_get_index+0x4d0 (schema-nano_virt.native:arm64+0x100024738)
    #8 0x00010019f5d0 in nl_gen_c+0x204a4 (schema-nano_virt.native:arm64+0x1000a75d0)
    #9 0x0001001dd364 in nl_main+0x4e68 (schema-nano_virt.native:arm64+0x1000e5364)
    #10 0x0001000f88c4 in main+0x1c (schema-nano_virt.native:arm64+0x1000008c4)
    #11 0x0001828804e0 in start+0x1b4c (dyld:arm64e+0x204e0)

Indirect leak of 42 byte(s) in 3 object(s) allocated from:
    #0 0x0001012cd40c in malloc+0x70 (libclang_rt.asan_osx_dynamic.dylib:arm64+0x5540c)
    #1 0x000100bb1da4 in cJSON_strdup+0x4c (libstd_json.dylib:arm64+0x1da4)
    #2 0x000100bb4b28 in cJSON_Duplicate_rec+0xac (libstd_json.dylib:arm64+0x4b28)
    #3 0x000100bb4a6c in cJSON_Duplicate+0x20 (libstd_json.dylib:arm64+0x4a6c)
    #4 0x000100bb1124 in nl_json_get+0x78 (libstd_json.dylib:arm64+0x1124)
    #5 0x00010020e47c in nhost_json_29+0x340 (schema-nano_virt.native:arm64+0x10011647c)
    #6 0x00010011b44c in nl_get+0x514 (schema-nano_virt.native:arm64+0x10002344c)
    #7 0x000100154718 in nl_gen_contracts+0x5d5c (schema-nano_virt.native:arm64+0x10005c718)
    #8 0x0001001dce70 in nl_main+0x4974 (schema-nano_virt.native:arm64+0x1000e4e70)
    #9 0x0001000f88c4 in main+0x1c (schema-nano_virt.native:arm64+0x1000008c4)
    #10 0x0001828804e0 in start+0x1b4c (dyld:arm64e+0x204e0)

Indirect leak of 42 byte(s) in 3 object(s) allocated from:
    #0 0x0001012cd40c in malloc+0x70 (libclang_rt.asan_osx_dynamic.dylib:arm64+0x5540c)
    #1 0x000100bb1da4 in cJSON_strdup+0x4c (libstd_json.dylib:arm64+0x1da4)
    #2 0x000100bb4b28 in cJSON_Duplicate_rec+0xac (libstd_json.dylib:arm64+0x4b28)
    #3 0x000100bb4c18 in cJSON_Duplicate_rec+0x19c (libstd_json.dylib:arm64+0x4c18)
    #4 0x000100bb4c18 in cJSON_Duplicate_rec+0x19c (libstd_json.dylib:arm64+0x4c18)
    #5 0x000100bb4a6c in cJSON_Duplicate+0x20 (libstd_json.dylib:arm64+0x4a6c)
    #6 0x000100bb1124 in nl_json_get+0x78 (libstd_json.dylib:arm64+0x1124)
    #7 0x00010020e47c in nhost_json_29+0x340 (schema-nano_virt.native:arm64+0x10011647c)
    #8 0x00010011b44c in nl_get+0x514 (schema-nano_virt.native:arm64+0x10002344c)
    #9 0x00010019d5f4 in nl_gen_c+0x1e4c8 (schema-nano_virt.native:arm64+0x1000a55f4)
    #10 0x0001001dd364 in nl_main+0x4e68 (schema-nano_virt.native:arm64+0x1000e5364)
    #11 0x0001000f88c4 in main+0x1c (schema-nano_virt.native:arm64+0x1000008c4)
    #12 0x0001828804e0 in start+0x1b4c (dyld:arm64e+0x204e0)

Indirect leak of 42 byte(s) in 3 object(s) allocated from:
    #0 0x0001012cd40c in malloc+0x70 (libclang_rt.asan_osx_dynamic.dylib:arm64+0x5540c)
    #1 0x000100bb1da4 in cJSON_strdup+0x4c (libstd_json.dylib:arm64+0x1da4)
    #2 0x000100bb4b28 in cJSON_Duplicate_rec+0xac (libstd_json.dylib:arm64+0x4b28)
    #3 0x000100bb4c18 in cJSON_Duplicate_rec+0x19c (libstd_json.dylib:arm64+0x4c18)
    #4 0x000100bb4a6c in cJSON_Duplicate+0x20 (libstd_json.dylib:arm64+0x4a6c)
    #5 0x000100bb1520 in nl_json_get_index+0x7c (libstd_json.dylib:arm64+0x1520)
    #6 0x00010020ed1c in nhost_json_32+0x340 (schema-nano_virt.native:arm64+0x100116d1c)
    #7 0x00010011c738 in nl_get_index+0x4d0 (schema-nano_virt.native:arm64+0x100024738)
    #8 0x000100136588 in nl_gen_nano_ast+0x3ea4 (schema-nano_virt.native:arm64+0x10003e588)
    #9 0x0001001dc97c in nl_main+0x4480 (schema-nano_virt.native:arm64+0x1000e497c)
    #10 0x0001000f88c4 in main+0x1c (schema-nano_virt.native:arm64+0x1000008c4)
    #11 0x0001828804e0 in start+0x1b4c (dyld:arm64e+0x204e0)

Indirect leak of 42 byte(s) in 3 object(s) allocated from:
    #0 0x0001012cd40c in malloc+0x70 (libclang_rt.asan_osx_dynamic.dylib:arm64+0x5540c)
    #1 0x000100bb1da4 in cJSON_strdup+0x4c (libstd_json.dylib:arm64+0x1da4)
    #2 0x000100bb4b28 in cJSON_Duplicate_rec+0xac (libstd_json.dylib:arm64+0x4b28)
    #3 0x000100bb4c18 in cJSON_Duplicate_rec+0x19c (libstd_json.dylib:arm64+0x4c18)
    #4 0x000100bb4a6c in cJSON_Duplicate+0x20 (libstd_json.dylib:arm64+0x4a6c)
    #5 0x000100bb1520 in nl_json_get_index+0x7c (libstd_json.dylib:arm64+0x1520)
    #6 0x00010020ed1c in nhost_json_32+0x340 (schema-nano_virt.native:arm64+0x100116d1c)
    #7 0x00010011c738 in nl_get_index+0x4d0 (schema-nano_virt.native:arm64+0x100024738)
    #8 0x0001001522a0 in nl_gen_contracts+0x38e4 (schema-nano_virt.native:arm64+0x10005a2a0)
    #9 0x0001001dce70 in nl_main+0x4974 (schema-nano_virt.native:arm64+0x1000e4e70)
    #10 0x0001000f88c4 in main+0x1c (schema-nano_virt.native:arm64+0x1000008c4)
    #11 0x0001828804e0 in start+0x1b4c (dyld:arm64e+0x204e0)

Indirect leak of 42 byte(s) in 3 object(s) allocated from:
    #0 0x0001012cd40c in malloc+0x70 (libclang_rt.asan_osx_dynamic.dylib:arm64+0x5540c)
    #1 0x000100bb1da4 in cJSON_strdup+0x4c (libstd_json.dylib:arm64+0x1da4)
    #2 0x000100bb4b28 in cJSON_Duplicate_rec+0xac (libstd_json.dylib:arm64+0x4b28)
    #3 0x000100bb4c18 in cJSON_Duplicate_rec+0x19c (libstd_json.dylib:arm64+0x4c18)
    #4 0x000100bb4c18 in cJSON_Duplicate_rec+0x19c (libstd_json.dylib:arm64+0x4c18)
    #5 0x000100bb4a6c in cJSON_Duplicate+0x20 (libstd_json.dylib:arm64+0x4a6c)
    #6 0x000100bb1124 in nl_json_get+0x78 (libstd_json.dylib:arm64+0x1124)
    #7 0x00010020e47c in nhost_json_29+0x340 (schema-nano_virt.native:arm64+0x10011647c)
    #8 0x00010011b44c in nl_get+0x514 (schema-nano_virt.native:arm64+0x10002344c)
    #9 0x000100150c94 in nl_gen_contracts+0x22d8 (schema-nano_virt.native:arm64+0x100058c94)
    #10 0x0001001dce70 in nl_main+0x4974 (schema-nano_virt.native:arm64+0x1000e4e70)
    #11 0x0001000f88c4 in main+0x1c (schema-nano_virt.native:arm64+0x1000008c4)
    #12 0x0001828804e0 in start+0x1b4c (dyld:arm64e+0x204e0)

Indirect leak of 42 byte(s) in 3 object(s) allocated from:
    #0 0x0001012cd40c in malloc+0x70 (libclang_rt.asan_osx_dynamic.dylib:arm64+0x5540c)
    #1 0x000100bb1da4 in cJSON_strdup+0x4c (libstd_json.dylib:arm64+0x1da4)
    #2 0x000100bb4b28 in cJSON_Duplicate_rec+0xac (libstd_json.dylib:arm64+0x4b28)
    #3 0x000100bb4c18 in cJSON_Duplicate_rec+0x19c (libstd_json.dylib:arm64+0x4c18)
    #4 0x000100bb4c18 in cJSON_Duplicate_rec+0x19c (libstd_json.dylib:arm64+0x4c18)
    #5 0x000100bb4a6c in cJSON_Duplicate+0x20 (libstd_json.dylib:arm64+0x4a6c)
    #6 0x000100bb1124 in nl_json_get+0x78 (libstd_json.dylib:arm64+0x1124)
    #7 0x00010020e47c in nhost_json_29+0x340 (schema-nano_virt.native:arm64+0x10011647c)
    #8 0x00010011b44c in nl_get+0x514 (schema-nano_virt.native:arm64+0x10002344c)
    #9 0x000100134f7c in nl_gen_nano_ast+0x2898 (schema-nano_virt.native:arm64+0x10003cf7c)
    #10 0x0001001dc97c in nl_main+0x4480 (schema-nano_virt.native:arm64+0x1000e497c)
    #11 0x0001000f88c4 in main+0x1c (schema-nano_virt.native:arm64+0x1000008c4)
    #12 0x0001828804e0 in start+0x1b4c (dyld:arm64e+0x204e0)

Indirect leak of 40 byte(s) in 5 object(s) allocated from:
    #0 0x0001012cd40c in malloc+0x70 (libclang_rt.asan_osx_dynamic.dylib:arm64+0x5540c)
    #1 0x000100bb1da4 in cJSON_strdup+0x4c (libstd_json.dylib:arm64+0x1da4)
    #2 0x000100bb4b28 in cJSON_Duplicate_rec+0xac (libstd_json.dylib:arm64+0x4b28)
    #3 0x000100bb4c18 in cJSON_Duplicate_rec+0x19c (libstd_json.dylib:arm64+0x4c18)
    #4 0x000100bb4a6c in cJSON_Duplicate+0x20 (libstd_json.dylib:arm64+0x4a6c)
    #5 0x000100bb1124 in nl_json_get+0x78 (libstd_json.dylib:arm64+0x1124)
    #6 0x00010020e47c in nhost_json_29+0x340 (schema-nano_virt.native:arm64+0x10011647c)
    #7 0x00010011b44c in nl_get+0x514 (schema-nano_virt.native:arm64+0x10002344c)
    #8 0x0001001ce118 in nl_gen_c+0x4efec (schema-nano_virt.native:arm64+0x1000d6118)
    #9 0x0001001dd364 in nl_main+0x4e68 (schema-nano_virt.native:arm64+0x1000e5364)
    #10 0x0001000f88c4 in main+0x1c (schema-nano_virt.native:arm64+0x1000008c4)
    #11 0x0001828804e0 in start+0x1b4c (dyld:arm64e+0x204e0)

Indirect leak of 40 byte(s) in 8 object(s) allocated from:
    #0 0x0001012cd40c in malloc+0x70 (libclang_rt.asan_osx_dynamic.dylib:arm64+0x5540c)
    #1 0x000100bb1da4 in cJSON_strdup+0x4c (libstd_json.dylib:arm64+0x1da4)
    #2 0x000100bb4b8c in cJSON_Duplicate_rec+0x110 (libstd_json.dylib:arm64+0x4b8c)
    #3 0x000100bb4a6c in cJSON_Duplicate+0x20 (libstd_json.dylib:arm64+0x4a6c)
    #4 0x000100bb1124 in nl_json_get+0x78 (libstd_json.dylib:arm64+0x1124)
    #5 0x00010020e47c in nhost_json_29+0x340 (schema-nano_virt.native:arm64+0x10011647c)
    #6 0x00010011b44c in nl_get+0x514 (schema-nano_virt.native:arm64+0x10002344c)
    #7 0x00010015f6d4 in nl_gen_contracts+0x10d18 (schema-nano_virt.native:arm64+0x1000676d4)
    #8 0x0001001dce70 in nl_main+0x4974 (schema-nano_virt.native:arm64+0x1000e4e70)
    #9 0x0001000f88c4 in main+0x1c (schema-nano_virt.native:arm64+0x1000008c4)
    #10 0x0001828804e0 in start+0x1b4c (dyld:arm64e+0x204e0)

Indirect leak of 33 byte(s) in 2 object(s) allocated from:
    #0 0x0001012cd40c in malloc+0x70 (libclang_rt.asan_osx_dynamic.dylib:arm64+0x5540c)
    #1 0x000100bb1da4 in cJSON_strdup+0x4c (libstd_json.dylib:arm64+0x1da4)
    #2 0x000100bb4b28 in cJSON_Duplicate_rec+0xac (libstd_json.dylib:arm64+0x4b28)
    #3 0x000100bb4a6c in cJSON_Duplicate+0x20 (libstd_json.dylib:arm64+0x4a6c)
    #4 0x000100bb1124 in nl_json_get+0x78 (libstd_json.dylib:arm64+0x1124)
    #5 0x00010020e47c in nhost_json_29+0x340 (schema-nano_virt.native:arm64+0x10011647c)
    #6 0x00010011b44c in nl_get+0x514 (schema-nano_virt.native:arm64+0x10002344c)
    #7 0x0001001a2868 in nl_gen_c+0x2373c (schema-nano_virt.native:arm64+0x1000aa868)
    #8 0x0001001dd364 in nl_main+0x4e68 (schema-nano_virt.native:arm64+0x1000e5364)
    #9 0x0001000f88c4 in main+0x1c (schema-nano_virt.native:arm64+0x1000008c4)
    #10 0x0001828804e0 in start+0x1b4c (dyld:arm64e+0x204e0)

Indirect leak of 30 byte(s) in 3 object(s) allocated from:
    #0 0x0001012cd40c in malloc+0x70 (libclang_rt.asan_osx_dynamic.dylib:arm64+0x5540c)
    #1 0x000100bb1da4 in cJSON_strdup+0x4c (libstd_json.dylib:arm64+0x1da4)
    #2 0x000100bb4b8c in cJSON_Duplicate_rec+0x110 (libstd_json.dylib:arm64+0x4b8c)
    #3 0x000100bb4a6c in cJSON_Duplicate+0x20 (libstd_json.dylib:arm64+0x4a6c)
    #4 0x000100bb1124 in nl_json_get+0x78 (libstd_json.dylib:arm64+0x1124)
    #5 0x00010020e47c in nhost_json_29+0x340 (schema-nano_virt.native:arm64+0x10011647c)
    #6 0x00010011b44c in nl_get+0x514 (schema-nano_virt.native:arm64+0x10002344c)
    #7 0x0001001377cc in nl_gen_nano_ast+0x50e8 (schema-nano_virt.native:arm64+0x10003f7cc)
    #8 0x0001001dc97c in nl_main+0x4480 (schema-nano_virt.native:arm64+0x1000e497c)
    #9 0x0001000f88c4 in main+0x1c (schema-nano_virt.native:arm64+0x1000008c4)
    #10 0x0001828804e0 in start+0x1b4c (dyld:arm64e+0x204e0)

Indirect leak of 30 byte(s) in 3 object(s) allocated from:
    #0 0x0001012cd40c in malloc+0x70 (libclang_rt.asan_osx_dynamic.dylib:arm64+0x5540c)
    #1 0x000100bb1da4 in cJSON_strdup+0x4c (libstd_json.dylib:arm64+0x1da4)
    #2 0x000100bb4b8c in cJSON_Duplicate_rec+0x110 (libstd_json.dylib:arm64+0x4b8c)
    #3 0x000100bb4a6c in cJSON_Duplicate+0x20 (libstd_json.dylib:arm64+0x4a6c)
    #4 0x000100bb1124 in nl_json_get+0x78 (libstd_json.dylib:arm64+0x1124)
    #5 0x00010020e47c in nhost_json_29+0x340 (schema-nano_virt.native:arm64+0x10011647c)
    #6 0x00010011b44c in nl_get+0x514 (schema-nano_virt.native:arm64+0x10002344c)
    #7 0x0001001534e4 in nl_gen_contracts+0x4b28 (schema-nano_virt.native:arm64+0x10005b4e4)
    #8 0x0001001dce70 in nl_main+0x4974 (schema-nano_virt.native:arm64+0x1000e4e70)
    #9 0x0001000f88c4 in main+0x1c (schema-nano_virt.native:arm64+0x1000008c4)
    #10 0x0001828804e0 in start+0x1b4c (dyld:arm64e+0x204e0)

Indirect leak of 21 byte(s) in 3 object(s) allocated from:
    #0 0x0001012cd40c in malloc+0x70 (libclang_rt.asan_osx_dynamic.dylib:arm64+0x5540c)
    #1 0x000100bb1da4 in cJSON_strdup+0x4c (libstd_json.dylib:arm64+0x1da4)
    #2 0x000100bb4b8c in cJSON_Duplicate_rec+0x110 (libstd_json.dylib:arm64+0x4b8c)
    #3 0x000100bb4a6c in cJSON_Duplicate+0x20 (libstd_json.dylib:arm64+0x4a6c)
    #4 0x000100bb1124 in nl_json_get+0x78 (libstd_json.dylib:arm64+0x1124)
    #5 0x00010020e47c in nhost_json_29+0x340 (schema-nano_virt.native:arm64+0x10011647c)
    #6 0x00010011b44c in nl_get+0x514 (schema-nano_virt.native:arm64+0x10002344c)
    #7 0x00010015546c in nl_gen_contracts+0x6ab0 (schema-nano_virt.native:arm64+0x10005d46c)
    #8 0x0001001dce70 in nl_main+0x4974 (schema-nano_virt.native:arm64+0x1000e4e70)
    #9 0x0001000f88c4 in main+0x1c (schema-nano_virt.native:arm64+0x1000008c4)
    #10 0x0001828804e0 in start+0x1b4c (dyld:arm64e+0x204e0)

Indirect leak of 15 byte(s) in 3 object(s) allocated from:
    #0 0x0001012cd40c in malloc+0x70 (libclang_rt.asan_osx_dynamic.dylib:arm64+0x5540c)
    #1 0x000100bb1da4 in cJSON_strdup+0x4c (libstd_json.dylib:arm64+0x1da4)
    #2 0x000100bb4b8c in cJSON_Duplicate_rec+0x110 (libstd_json.dylib:arm64+0x4b8c)
    #3 0x000100bb4a6c in cJSON_Duplicate+0x20 (libstd_json.dylib:arm64+0x4a6c)
    #4 0x000100bb1124 in nl_json_get+0x78 (libstd_json.dylib:arm64+0x1124)
    #5 0x00010020e47c in nhost_json_29+0x340 (schema-nano_virt.native:arm64+0x10011647c)
    #6 0x00010011b44c in nl_get+0x514 (schema-nano_virt.native:arm64+0x10002344c)
    #7 0x000100154718 in nl_gen_contracts+0x5d5c (schema-nano_virt.native:arm64+0x10005c718)
    #8 0x0001001dce70 in nl_main+0x4974 (schema-nano_virt.native:arm64+0x1000e4e70)
    #9 0x0001000f88c4 in main+0x1c (schema-nano_virt.native:arm64+0x1000008c4)
    #10 0x0001828804e0 in start+0x1b4c (dyld:arm64e+0x204e0)

Indirect leak of 14 byte(s) in 2 object(s) allocated from:
    #0 0x0001012cd40c in malloc+0x70 (libclang_rt.asan_osx_dynamic.dylib:arm64+0x5540c)
    #1 0x000100bb1da4 in cJSON_strdup+0x4c (libstd_json.dylib:arm64+0x1da4)
    #2 0x000100bb4b8c in cJSON_Duplicate_rec+0x110 (libstd_json.dylib:arm64+0x4b8c)
    #3 0x000100bb4a6c in cJSON_Duplicate+0x20 (libstd_json.dylib:arm64+0x4a6c)
    #4 0x000100bb1124 in nl_json_get+0x78 (libstd_json.dylib:arm64+0x1124)
    #5 0x00010020e47c in nhost_json_29+0x340 (schema-nano_virt.native:arm64+0x10011647c)
    #6 0x00010011b44c in nl_get+0x514 (schema-nano_virt.native:arm64+0x10002344c)
    #7 0x0001001a3d7c in nl_gen_c+0x24c50 (schema-nano_virt.native:arm64+0x1000abd7c)
    #8 0x0001001dd364 in nl_main+0x4e68 (schema-nano_virt.native:arm64+0x1000e5364)
    #9 0x0001000f88c4 in main+0x1c (schema-nano_virt.native:arm64+0x1000008c4)
    #10 0x0001828804e0 in start+0x1b4c (dyld:arm64e+0x204e0)

Indirect leak of 14 byte(s) in 2 object(s) allocated from:
    #0 0x0001012cd40c in malloc+0x70 (libclang_rt.asan_osx_dynamic.dylib:arm64+0x5540c)
    #1 0x000100bb1da4 in cJSON_strdup+0x4c (libstd_json.dylib:arm64+0x1da4)
    #2 0x000100bb4b8c in cJSON_Duplicate_rec+0x110 (libstd_json.dylib:arm64+0x4b8c)
    #3 0x000100bb4a6c in cJSON_Duplicate+0x20 (libstd_json.dylib:arm64+0x4a6c)
    #4 0x000100bb1124 in nl_json_get+0x78 (libstd_json.dylib:arm64+0x1124)
    #5 0x00010020e47c in nhost_json_29+0x340 (schema-nano_virt.native:arm64+0x10011647c)
    #6 0x00010011b44c in nl_get+0x514 (schema-nano_virt.native:arm64+0x10002344c)
    #7 0x0001001a10e8 in nl_gen_c+0x21fbc (schema-nano_virt.native:arm64+0x1000a90e8)
    #8 0x0001001dd364 in nl_main+0x4e68 (schema-nano_virt.native:arm64+0x1000e5364)
    #9 0x0001000f88c4 in main+0x1c (schema-nano_virt.native:arm64+0x1000008c4)
    #10 0x0001828804e0 in start+0x1b4c (dyld:arm64e+0x204e0)

Indirect leak of 13 byte(s) in 1 object(s) allocated from:
    #0 0x0001012cd40c in malloc+0x70 (libclang_rt.asan_osx_dynamic.dylib:arm64+0x5540c)
    #1 0x000100bb1da4 in cJSON_strdup+0x4c (libstd_json.dylib:arm64+0x1da4)
    #2 0x000100bb4b8c in cJSON_Duplicate_rec+0x110 (libstd_json.dylib:arm64+0x4b8c)
    #3 0x000100bb4a6c in cJSON_Duplicate+0x20 (libstd_json.dylib:arm64+0x4a6c)
    #4 0x000100bb1124 in nl_json_get+0x78 (libstd_json.dylib:arm64+0x1124)
    #5 0x00010020e47c in nhost_json_29+0x340 (schema-nano_virt.native:arm64+0x10011647c)
    #6 0x00010011b44c in nl_get+0x514 (schema-nano_virt.native:arm64+0x10002344c)
    #7 0x0001001402bc in nl_gen_nano_ast+0xdbd8 (schema-nano_virt.native:arm64+0x1000482bc)
    #8 0x0001001dc97c in nl_main+0x4480 (schema-nano_virt.native:arm64+0x1000e497c)
    #9 0x0001000f88c4 in main+0x1c (schema-nano_virt.native:arm64+0x1000008c4)
    #10 0x0001828804e0 in start+0x1b4c (dyld:arm64e+0x204e0)

Indirect leak of 13 byte(s) in 1 object(s) allocated from:
    #0 0x0001012cd40c in malloc+0x70 (libclang_rt.asan_osx_dynamic.dylib:arm64+0x5540c)
    #1 0x000100bb1da4 in cJSON_strdup+0x4c (libstd_json.dylib:arm64+0x1da4)
    #2 0x000100bb4b8c in cJSON_Duplicate_rec+0x110 (libstd_json.dylib:arm64+0x4b8c)
    #3 0x000100bb4a6c in cJSON_Duplicate+0x20 (libstd_json.dylib:arm64+0x4a6c)
    #4 0x000100bb1124 in nl_json_get+0x78 (libstd_json.dylib:arm64+0x1124)
    #5 0x00010020e47c in nhost_json_29+0x340 (schema-nano_virt.native:arm64+0x10011647c)
    #6 0x00010011b44c in nl_get+0x514 (schema-nano_virt.native:arm64+0x10002344c)
    #7 0x0001001bfd8c in nl_gen_c+0x40c60 (schema-nano_virt.native:arm64+0x1000c7d8c)
    #8 0x0001001dd364 in nl_main+0x4e68 (schema-nano_virt.native:arm64+0x1000e5364)
    #9 0x0001000f88c4 in main+0x1c (schema-nano_virt.native:arm64+0x1000008c4)
    #10 0x0001828804e0 in start+0x1b4c (dyld:arm64e+0x204e0)

Indirect leak of 13 byte(s) in 1 object(s) allocated from:
    #0 0x0001012cd40c in malloc+0x70 (libclang_rt.asan_osx_dynamic.dylib:arm64+0x5540c)
    #1 0x000100bb1da4 in cJSON_strdup+0x4c (libstd_json.dylib:arm64+0x1da4)
    #2 0x000100bb4b8c in cJSON_Duplicate_rec+0x110 (libstd_json.dylib:arm64+0x4b8c)
    #3 0x000100bb4a6c in cJSON_Duplicate+0x20 (libstd_json.dylib:arm64+0x4a6c)
    #4 0x000100bb1124 in nl_json_get+0x78 (libstd_json.dylib:arm64+0x1124)
    #5 0x00010020e47c in nhost_json_29+0x340 (schema-nano_virt.native:arm64+0x10011647c)
    #6 0x00010011b44c in nl_get+0x514 (schema-nano_virt.native:arm64+0x10002344c)
    #7 0x00010015bfd0 in nl_gen_contracts+0xd614 (schema-nano_virt.native:arm64+0x100063fd0)
    #8 0x0001001dce70 in nl_main+0x4974 (schema-nano_virt.native:arm64+0x1000e4e70)
    #9 0x0001000f88c4 in main+0x1c (schema-nano_virt.native:arm64+0x1000008c4)
    #10 0x0001828804e0 in start+0x1b4c (dyld:arm64e+0x204e0)

Indirect leak of 13 byte(s) in 1 object(s) allocated from:
    #0 0x0001012cd40c in malloc+0x70 (libclang_rt.asan_osx_dynamic.dylib:arm64+0x5540c)
    #1 0x000100bb1da4 in cJSON_strdup+0x4c (libstd_json.dylib:arm64+0x1da4)
    #2 0x000100bb4b8c in cJSON_Duplicate_rec+0x110 (libstd_json.dylib:arm64+0x4b8c)
    #3 0x000100bb4a6c in cJSON_Duplicate+0x20 (libstd_json.dylib:arm64+0x4a6c)
    #4 0x000100bb1124 in nl_json_get+0x78 (libstd_json.dylib:arm64+0x1124)
    #5 0x00010020e47c in nhost_json_29+0x340 (schema-nano_virt.native:arm64+0x10011647c)
    #6 0x00010011b44c in nl_get+0x514 (schema-nano_virt.native:arm64+0x10002344c)
    #7 0x000100185f94 in nl_gen_c+0x6e68 (schema-nano_virt.native:arm64+0x10008df94)
    #8 0x0001001dd364 in nl_main+0x4e68 (schema-nano_virt.native:arm64+0x1000e5364)
    #9 0x0001000f88c4 in main+0x1c (schema-nano_virt.native:arm64+0x1000008c4)
    #10 0x0001828804e0 in start+0x1b4c (dyld:arm64e+0x204e0)

Indirect leak of 12 byte(s) in 1 object(s) allocated from:
    #0 0x0001012cd40c in malloc+0x70 (libclang_rt.asan_osx_dynamic.dylib:arm64+0x5540c)
    #1 0x000100bb1da4 in cJSON_strdup+0x4c (libstd_json.dylib:arm64+0x1da4)
    #2 0x000100bb4b8c in cJSON_Duplicate_rec+0x110 (libstd_json.dylib:arm64+0x4b8c)
    #3 0x000100bb4a6c in cJSON_Duplicate+0x20 (libstd_json.dylib:arm64+0x4a6c)
    #4 0x000100bb1124 in nl_json_get+0x78 (libstd_json.dylib:arm64+0x1124)
    #5 0x00010020e47c in nhost_json_29+0x340 (schema-nano_virt.native:arm64+0x10011647c)
    #6 0x00010011b44c in nl_get+0x514 (schema-nano_virt.native:arm64+0x10002344c)
    #7 0x0001001cf838 in nl_gen_c+0x5070c (schema-nano_virt.native:arm64+0x1000d7838)
    #8 0x0001001dd364 in nl_main+0x4e68 (schema-nano_virt.native:arm64+0x1000e5364)
    #9 0x0001000f88c4 in main+0x1c (schema-nano_virt.native:arm64+0x1000008c4)
    #10 0x0001828804e0 in start+0x1b4c (dyld:arm64e+0x204e0)

Indirect leak of 12 byte(s) in 1 object(s) allocated from:
    #0 0x0001012cd40c in malloc+0x70 (libclang_rt.asan_osx_dynamic.dylib:arm64+0x5540c)
    #1 0x000100bb1da4 in cJSON_strdup+0x4c (libstd_json.dylib:arm64+0x1da4)
    #2 0x000100bb4b8c in cJSON_Duplicate_rec+0x110 (libstd_json.dylib:arm64+0x4b8c)
    #3 0x000100bb4c18 in cJSON_Duplicate_rec+0x19c (libstd_json.dylib:arm64+0x4c18)
    #4 0x000100bb4c18 in cJSON_Duplicate_rec+0x19c (libstd_json.dylib:arm64+0x4c18)
    #5 0x000100bb4a6c in cJSON_Duplicate+0x20 (libstd_json.dylib:arm64+0x4a6c)
    #6 0x000100bb1520 in nl_json_get_index+0x7c (libstd_json.dylib:arm64+0x1520)
    #7 0x00010020ed1c in nhost_json_32+0x340 (schema-nano_virt.native:arm64+0x100116d1c)
    #8 0x00010011c738 in nl_get_index+0x4d0 (schema-nano_virt.native:arm64+0x100024738)
    #9 0x0001001c1878 in nl_gen_c+0x4274c (schema-nano_virt.native:arm64+0x1000c9878)
    #10 0x0001001dd364 in nl_main+0x4e68 (schema-nano_virt.native:arm64+0x1000e5364)
    #11 0x0001000f88c4 in main+0x1c (schema-nano_virt.native:arm64+0x1000008c4)
    #12 0x0001828804e0 in start+0x1b4c (dyld:arm64e+0x204e0)

Indirect leak of 12 byte(s) in 1 object(s) allocated from:
    #0 0x0001012cd40c in malloc+0x70 (libclang_rt.asan_osx_dynamic.dylib:arm64+0x5540c)
    #1 0x000100bb1da4 in cJSON_strdup+0x4c (libstd_json.dylib:arm64+0x1da4)
    #2 0x000100bb4b8c in cJSON_Duplicate_rec+0x110 (libstd_json.dylib:arm64+0x4b8c)
    #3 0x000100bb4c18 in cJSON_Duplicate_rec+0x19c (libstd_json.dylib:arm64+0x4c18)
    #4 0x000100bb4c18 in cJSON_Duplicate_rec+0x19c (libstd_json.dylib:arm64+0x4c18)
    #5 0x000100bb4a6c in cJSON_Duplicate+0x20 (libstd_json.dylib:arm64+0x4a6c)
    #6 0x000100bb1520 in nl_json_get_index+0x7c (libstd_json.dylib:arm64+0x1520)
    #7 0x00010020ed1c in nhost_json_32+0x340 (schema-nano_virt.native:arm64+0x100116d1c)
    #8 0x00010011c738 in nl_get_index+0x4d0 (schema-nano_virt.native:arm64+0x100024738)
    #9 0x00010015d4a4 in nl_gen_contracts+0xeae8 (schema-nano_virt.native:arm64+0x1000654a4)
    #10 0x0001001dce70 in nl_main+0x4974 (schema-nano_virt.native:arm64+0x1000e4e70)
    #11 0x0001000f88c4 in main+0x1c (schema-nano_virt.native:arm64+0x1000008c4)
    #12 0x0001828804e0 in start+0x1b4c (dyld:arm64e+0x204e0)

Indirect leak of 12 byte(s) in 1 object(s) allocated from:
    #0 0x0001012cd40c in malloc+0x70 (libclang_rt.asan_osx_dynamic.dylib:arm64+0x5540c)
    #1 0x000100bb1da4 in cJSON_strdup+0x4c (libstd_json.dylib:arm64+0x1da4)
    #2 0x000100bb4b8c in cJSON_Duplicate_rec+0x110 (libstd_json.dylib:arm64+0x4b8c)
    #3 0x000100bb4c18 in cJSON_Duplicate_rec+0x19c (libstd_json.dylib:arm64+0x4c18)
    #4 0x000100bb4c18 in cJSON_Duplicate_rec+0x19c (libstd_json.dylib:arm64+0x4c18)
    #5 0x000100bb4c18 in cJSON_Duplicate_rec+0x19c (libstd_json.dylib:arm64+0x4c18)
    #6 0x000100bb4a6c in cJSON_Duplicate+0x20 (libstd_json.dylib:arm64+0x4a6c)
    #7 0x000100bb1124 in nl_json_get+0x78 (libstd_json.dylib:arm64+0x1124)
    #8 0x00010020e47c in nhost_json_29+0x340 (schema-nano_virt.native:arm64+0x10011647c)
    #9 0x00010011b44c in nl_get+0x514 (schema-nano_virt.native:arm64+0x10002344c)
    #10 0x0001001bfd8c in nl_gen_c+0x40c60 (schema-nano_virt.native:arm64+0x1000c7d8c)
    #11 0x0001001dd364 in nl_main+0x4e68 (schema-nano_virt.native:arm64+0x1000e5364)
    #12 0x0001000f88c4 in main+0x1c (schema-nano_virt.native:arm64+0x1000008c4)
    #13 0x0001828804e0 in start+0x1b4c (dyld:arm64e+0x204e0)

Indirect leak of 12 byte(s) in 1 object(s) allocated from:
    #0 0x0001012cd40c in malloc+0x70 (libclang_rt.asan_osx_dynamic.dylib:arm64+0x5540c)
    #1 0x000100bb1da4 in cJSON_strdup+0x4c (libstd_json.dylib:arm64+0x1da4)
    #2 0x000100bb4b8c in cJSON_Duplicate_rec+0x110 (libstd_json.dylib:arm64+0x4b8c)
    #3 0x000100bb4c18 in cJSON_Duplicate_rec+0x19c (libstd_json.dylib:arm64+0x4c18)
    #4 0x000100bb4c18 in cJSON_Duplicate_rec+0x19c (libstd_json.dylib:arm64+0x4c18)
    #5 0x000100bb4c18 in cJSON_Duplicate_rec+0x19c (libstd_json.dylib:arm64+0x4c18)
    #6 0x000100bb4a6c in cJSON_Duplicate+0x20 (libstd_json.dylib:arm64+0x4a6c)
    #7 0x000100bb1124 in nl_json_get+0x78 (libstd_json.dylib:arm64+0x1124)
    #8 0x00010020e47c in nhost_json_29+0x340 (schema-nano_virt.native:arm64+0x10011647c)
    #9 0x00010011b44c in nl_get+0x514 (schema-nano_virt.native:arm64+0x10002344c)
    #10 0x00010015bfd0 in nl_gen_contracts+0xd614 (schema-nano_virt.native:arm64+0x100063fd0)
    #11 0x0001001dce70 in nl_main+0x4974 (schema-nano_virt.native:arm64+0x1000e4e70)
    #12 0x0001000f88c4 in main+0x1c (schema-nano_virt.native:arm64+0x1000008c4)
    #13 0x0001828804e0 in start+0x1b4c (dyld:arm64e+0x204e0)

Indirect leak of 12 byte(s) in 1 object(s) allocated from:
    #0 0x0001012cd40c in malloc+0x70 (libclang_rt.asan_osx_dynamic.dylib:arm64+0x5540c)
    #1 0x000100bb1da4 in cJSON_strdup+0x4c (libstd_json.dylib:arm64+0x1da4)
    #2 0x000100bb4b8c in cJSON_Duplicate_rec+0x110 (libstd_json.dylib:arm64+0x4b8c)
    #3 0x000100bb4a6c in cJSON_Duplicate+0x20 (libstd_json.dylib:arm64+0x4a6c)
    #4 0x000100bb1124 in nl_json_get+0x78 (libstd_json.dylib:arm64+0x1124)
    #5 0x00010020e47c in nhost_json_29+0x340 (schema-nano_virt.native:arm64+0x10011647c)
    #6 0x00010011b44c in nl_get+0x514 (schema-nano_virt.native:arm64+0x10002344c)
    #7 0x0001001b85ac in nl_gen_c+0x39480 (schema-nano_virt.native:arm64+0x1000c05ac)
    #8 0x0001001dd364 in nl_main+0x4e68 (schema-nano_virt.native:arm64+0x1000e5364)
    #9 0x0001000f88c4 in main+0x1c (schema-nano_virt.native:arm64+0x1000008c4)
    #10 0x0001828804e0 in start+0x1b4c (dyld:arm64e+0x204e0)

Indirect leak of 12 byte(s) in 1 object(s) allocated from:
    #0 0x0001012cd40c in malloc+0x70 (libclang_rt.asan_osx_dynamic.dylib:arm64+0x5540c)
    #1 0x000100bb1da4 in cJSON_strdup+0x4c (libstd_json.dylib:arm64+0x1da4)
    #2 0x000100bb4b8c in cJSON_Duplicate_rec+0x110 (libstd_json.dylib:arm64+0x4b8c)
    #3 0x000100bb4c18 in cJSON_Duplicate_rec+0x19c (libstd_json.dylib:arm64+0x4c18)
    #4 0x000100bb4c18 in cJSON_Duplicate_rec+0x19c (libstd_json.dylib:arm64+0x4c18)
    #5 0x000100bb4a6c in cJSON_Duplicate+0x20 (libstd_json.dylib:arm64+0x4a6c)
    #6 0x000100bb1520 in nl_json_get_index+0x7c (libstd_json.dylib:arm64+0x1520)
    #7 0x00010020ed1c in nhost_json_32+0x340 (schema-nano_virt.native:arm64+0x100116d1c)
    #8 0x00010011c738 in nl_get_index+0x4d0 (schema-nano_virt.native:arm64+0x100024738)
    #9 0x000100141790 in nl_gen_nano_ast+0xf0ac (schema-nano_virt.native:arm64+0x100049790)
    #10 0x0001001dc97c in nl_main+0x4480 (schema-nano_virt.native:arm64+0x1000e497c)
    #11 0x0001000f88c4 in main+0x1c (schema-nano_virt.native:arm64+0x1000008c4)
    #12 0x0001828804e0 in start+0x1b4c (dyld:arm64e+0x204e0)

Indirect leak of 12 byte(s) in 1 object(s) allocated from:
    #0 0x0001012cd40c in malloc+0x70 (libclang_rt.asan_osx_dynamic.dylib:arm64+0x5540c)
    #1 0x000100bb1da4 in cJSON_strdup+0x4c (libstd_json.dylib:arm64+0x1da4)
    #2 0x000100bb4b8c in cJSON_Duplicate_rec+0x110 (libstd_json.dylib:arm64+0x4b8c)
    #3 0x000100bb4c18 in cJSON_Duplicate_rec+0x19c (libstd_json.dylib:arm64+0x4c18)
    #4 0x000100bb4c18 in cJSON_Duplicate_rec+0x19c (libstd_json.dylib:arm64+0x4c18)
    #5 0x000100bb4c18 in cJSON_Duplicate_rec+0x19c (libstd_json.dylib:arm64+0x4c18)
    #6 0x000100bb4a6c in cJSON_Duplicate+0x20 (libstd_json.dylib:arm64+0x4a6c)
    #7 0x000100bb1124 in nl_json_get+0x78 (libstd_json.dylib:arm64+0x1124)
    #8 0x00010020e47c in nhost_json_29+0x340 (schema-nano_virt.native:arm64+0x10011647c)
    #9 0x00010011b44c in nl_get+0x514 (schema-nano_virt.native:arm64+0x10002344c)
    #10 0x0001001402bc in nl_gen_nano_ast+0xdbd8 (schema-nano_virt.native:arm64+0x1000482bc)
    #11 0x0001001dc97c in nl_main+0x4480 (schema-nano_virt.native:arm64+0x1000e497c)
    #12 0x0001000f88c4 in main+0x1c (schema-nano_virt.native:arm64+0x1000008c4)
    #13 0x0001828804e0 in start+0x1b4c (dyld:arm64e+0x204e0)

Indirect leak of 12 byte(s) in 1 object(s) allocated from:
    #0 0x0001012cd40c in malloc+0x70 (libclang_rt.asan_osx_dynamic.dylib:arm64+0x5540c)
    #1 0x000100bb1da4 in cJSON_strdup+0x4c (libstd_json.dylib:arm64+0x1da4)
    #2 0x000100bb4b8c in cJSON_Duplicate_rec+0x110 (libstd_json.dylib:arm64+0x4b8c)
    #3 0x000100bb4c18 in cJSON_Duplicate_rec+0x19c (libstd_json.dylib:arm64+0x4c18)
    #4 0x000100bb4c18 in cJSON_Duplicate_rec+0x19c (libstd_json.dylib:arm64+0x4c18)
    #5 0x000100bb4a6c in cJSON_Duplicate+0x20 (libstd_json.dylib:arm64+0x4a6c)
    #6 0x000100bb1520 in nl_json_get_index+0x7c (libstd_json.dylib:arm64+0x1520)
    #7 0x00010020ed1c in nhost_json_32+0x340 (schema-nano_virt.native:arm64+0x100116d1c)
    #8 0x00010011c738 in nl_get_index+0x4d0 (schema-nano_virt.native:arm64+0x100024738)
    #9 0x000100187d08 in nl_gen_c+0x8bdc (schema-nano_virt.native:arm64+0x10008fd08)
    #10 0x0001001dd364 in nl_main+0x4e68 (schema-nano_virt.native:arm64+0x1000e5364)
    #11 0x0001000f88c4 in main+0x1c (schema-nano_virt.native:arm64+0x1000008c4)
    #12 0x0001828804e0 in start+0x1b4c (dyld:arm64e+0x204e0)

Indirect leak of 12 byte(s) in 1 object(s) allocated from:
    #0 0x0001012cd40c in malloc+0x70 (libclang_rt.asan_osx_dynamic.dylib:arm64+0x5540c)
    #1 0x000100bb1da4 in cJSON_strdup+0x4c (libstd_json.dylib:arm64+0x1da4)
    #2 0x000100bb4b8c in cJSON_Duplicate_rec+0x110 (libstd_json.dylib:arm64+0x4b8c)
    #3 0x000100bb4c18 in cJSON_Duplicate_rec+0x19c (libstd_json.dylib:arm64+0x4c18)
    #4 0x000100bb4c18 in cJSON_Duplicate_rec+0x19c (libstd_json.dylib:arm64+0x4c18)
    #5 0x000100bb4c18 in cJSON_Duplicate_rec+0x19c (libstd_json.dylib:arm64+0x4c18)
    #6 0x000100bb4a6c in cJSON_Duplicate+0x20 (libstd_json.dylib:arm64+0x4a6c)
    #7 0x000100bb1124 in nl_json_get+0x78 (libstd_json.dylib:arm64+0x1124)
    #8 0x00010020e47c in nhost_json_29+0x340 (schema-nano_virt.native:arm64+0x10011647c)
    #9 0x00010011b44c in nl_get+0x514 (schema-nano_virt.native:arm64+0x10002344c)
    #10 0x000100185f94 in nl_gen_c+0x6e68 (schema-nano_virt.native:arm64+0x10008df94)
    #11 0x0001001dd364 in nl_main+0x4e68 (schema-nano_virt.native:arm64+0x1000e5364)
    #12 0x0001000f88c4 in main+0x1c (schema-nano_virt.native:arm64+0x1000008c4)
    #13 0x0001828804e0 in start+0x1b4c (dyld:arm64e+0x204e0)

Indirect leak of 12 byte(s) in 1 object(s) allocated from:
    #0 0x0001012cd40c in malloc+0x70 (libclang_rt.asan_osx_dynamic.dylib:arm64+0x5540c)
    #1 0x000100bb1da4 in cJSON_strdup+0x4c (libstd_json.dylib:arm64+0x1da4)
    #2 0x000100bb4b8c in cJSON_Duplicate_rec+0x110 (libstd_json.dylib:arm64+0x4b8c)
    #3 0x000100bb4a6c in cJSON_Duplicate+0x20 (libstd_json.dylib:arm64+0x4a6c)
    #4 0x000100bb1124 in nl_json_get+0x78 (libstd_json.dylib:arm64+0x1124)
    #5 0x00010020e47c in nhost_json_29+0x340 (schema-nano_virt.native:arm64+0x10011647c)
    #6 0x00010011b44c in nl_get+0x514 (schema-nano_virt.native:arm64+0x10002344c)
    #7 0x00010012d4d4 in nl_gen_nano_schema+0x8424 (schema-nano_virt.native:arm64+0x1000354d4)
    #8 0x0001001dc488 in nl_main+0x3f8c (schema-nano_virt.native:arm64+0x1000e4488)
    #9 0x0001000f88c4 in main+0x1c (schema-nano_virt.native:arm64+0x1000008c4)
    #10 0x0001828804e0 in start+0x1b4c (dyld:arm64e+0x204e0)

Indirect leak of 11 byte(s) in 1 object(s) allocated from:
    #0 0x0001012cd40c in malloc+0x70 (libclang_rt.asan_osx_dynamic.dylib:arm64+0x5540c)
    #1 0x000100bb1da4 in cJSON_strdup+0x4c (libstd_json.dylib:arm64+0x1da4)
    #2 0x000100bb4b8c in cJSON_Duplicate_rec+0x110 (libstd_json.dylib:arm64+0x4b8c)
    #3 0x000100bb4a6c in cJSON_Duplicate+0x20 (libstd_json.dylib:arm64+0x4a6c)
    #4 0x000100bb1124 in nl_json_get+0x78 (libstd_json.dylib:arm64+0x1124)
    #5 0x00010020e47c in nhost_json_29+0x340 (schema-nano_virt.native:arm64+0x10011647c)
    #6 0x00010011b44c in nl_get+0x514 (schema-nano_virt.native:arm64+0x10002344c)
    #7 0x000100134f7c in nl_gen_nano_ast+0x2898 (schema-nano_virt.native:arm64+0x10003cf7c)
    #8 0x0001001dc97c in nl_main+0x4480 (schema-nano_virt.native:arm64+0x1000e497c)
    #9 0x0001000f88c4 in main+0x1c (schema-nano_virt.native:arm64+0x1000008c4)
    #10 0x0001828804e0 in start+0x1b4c (dyld:arm64e+0x204e0)

Indirect leak of 11 byte(s) in 1 object(s) allocated from:
    #0 0x0001012cd40c in malloc+0x70 (libclang_rt.asan_osx_dynamic.dylib:arm64+0x5540c)
    #1 0x000100bb1da4 in cJSON_strdup+0x4c (libstd_json.dylib:arm64+0x1da4)
    #2 0x000100bb4b8c in cJSON_Duplicate_rec+0x110 (libstd_json.dylib:arm64+0x4b8c)
    #3 0x000100bb4a6c in cJSON_Duplicate+0x20 (libstd_json.dylib:arm64+0x4a6c)
    #4 0x000100bb1124 in nl_json_get+0x78 (libstd_json.dylib:arm64+0x1124)
    #5 0x00010020e47c in nhost_json_29+0x340 (schema-nano_virt.native:arm64+0x10011647c)
    #6 0x00010011b44c in nl_get+0x514 (schema-nano_virt.native:arm64+0x10002344c)
    #7 0x00010019d5f4 in nl_gen_c+0x1e4c8 (schema-nano_virt.native:arm64+0x1000a55f4)
    #8 0x0001001dd364 in nl_main+0x4e68 (schema-nano_virt.native:arm64+0x1000e5364)
    #9 0x0001000f88c4 in main+0x1c (schema-nano_virt.native:arm64+0x1000008c4)
    #10 0x0001828804e0 in start+0x1b4c (dyld:arm64e+0x204e0)

Indirect leak of 11 byte(s) in 1 object(s) allocated from:
    #0 0x0001012cd40c in malloc+0x70 (libclang_rt.asan_osx_dynamic.dylib:arm64+0x5540c)
    #1 0x000100bb1da4 in cJSON_strdup+0x4c (libstd_json.dylib:arm64+0x1da4)
    #2 0x000100bb4b8c in cJSON_Duplicate_rec+0x110 (libstd_json.dylib:arm64+0x4b8c)
    #3 0x000100bb4a6c in cJSON_Duplicate+0x20 (libstd_json.dylib:arm64+0x4a6c)
    #4 0x000100bb1124 in nl_json_get+0x78 (libstd_json.dylib:arm64+0x1124)
    #5 0x00010020e47c in nhost_json_29+0x340 (schema-nano_virt.native:arm64+0x10011647c)
    #6 0x00010011b44c in nl_get+0x514 (schema-nano_virt.native:arm64+0x10002344c)
    #7 0x000100150c94 in nl_gen_contracts+0x22d8 (schema-nano_virt.native:arm64+0x100058c94)
    #8 0x0001001dce70 in nl_main+0x4974 (schema-nano_virt.native:arm64+0x1000e4e70)
    #9 0x0001000f88c4 in main+0x1c (schema-nano_virt.native:arm64+0x1000008c4)
    #10 0x0001828804e0 in start+0x1b4c (dyld:arm64e+0x204e0)

Indirect leak of 10 byte(s) in 2 object(s) allocated from:
    #0 0x0001012cd40c in malloc+0x70 (libclang_rt.asan_osx_dynamic.dylib:arm64+0x5540c)
    #1 0x000100bb1da4 in cJSON_strdup+0x4c (libstd_json.dylib:arm64+0x1da4)
    #2 0x000100bb4b8c in cJSON_Duplicate_rec+0x110 (libstd_json.dylib:arm64+0x4b8c)
    #3 0x000100bb4a6c in cJSON_Duplicate+0x20 (libstd_json.dylib:arm64+0x4a6c)
    #4 0x000100bb1124 in nl_json_get+0x78 (libstd_json.dylib:arm64+0x1124)
    #5 0x00010020e47c in nhost_json_29+0x340 (schema-nano_virt.native:arm64+0x10011647c)
    #6 0x00010011b44c in nl_get+0x514 (schema-nano_virt.native:arm64+0x10002344c)
    #7 0x0001001a2868 in nl_gen_c+0x2373c (schema-nano_virt.native:arm64+0x1000aa868)
    #8 0x0001001dd364 in nl_main+0x4e68 (schema-nano_virt.native:arm64+0x1000e5364)
    #9 0x0001000f88c4 in main+0x1c (schema-nano_virt.native:arm64+0x1000008c4)
    #10 0x0001828804e0 in start+0x1b4c (dyld:arm64e+0x204e0)

Indirect leak of 8 byte(s) in 1 object(s) allocated from:
    #0 0x0001012cd40c in malloc+0x70 (libclang_rt.asan_osx_dynamic.dylib:arm64+0x5540c)
    #1 0x000100bb1da4 in cJSON_strdup+0x4c (libstd_json.dylib:arm64+0x1da4)
    #2 0x000100bb4b28 in cJSON_Duplicate_rec+0xac (libstd_json.dylib:arm64+0x4b28)
    #3 0x000100bb4a6c in cJSON_Duplicate+0x20 (libstd_json.dylib:arm64+0x4a6c)
    #4 0x000100bb1124 in nl_json_get+0x78 (libstd_json.dylib:arm64+0x1124)
    #5 0x00010020e47c in nhost_json_29+0x340 (schema-nano_virt.native:arm64+0x10011647c)
    #6 0x00010011b44c in nl_get+0x514 (schema-nano_virt.native:arm64+0x10002344c)
    #7 0x0001001cf838 in nl_gen_c+0x5070c (schema-nano_virt.native:arm64+0x1000d7838)
    #8 0x0001001dd364 in nl_main+0x4e68 (schema-nano_virt.native:arm64+0x1000e5364)
    #9 0x0001000f88c4 in main+0x1c (schema-nano_virt.native:arm64+0x1000008c4)
    #10 0x0001828804e0 in start+0x1b4c (dyld:arm64e+0x204e0)

Indirect leak of 8 byte(s) in 1 object(s) allocated from:
    #0 0x0001012cd40c in malloc+0x70 (libclang_rt.asan_osx_dynamic.dylib:arm64+0x5540c)
    #1 0x000100bb1da4 in cJSON_strdup+0x4c (libstd_json.dylib:arm64+0x1da4)
    #2 0x000100bb4b28 in cJSON_Duplicate_rec+0xac (libstd_json.dylib:arm64+0x4b28)
    #3 0x000100bb4c18 in cJSON_Duplicate_rec+0x19c (libstd_json.dylib:arm64+0x4c18)
    #4 0x000100bb4c18 in cJSON_Duplicate_rec+0x19c (libstd_json.dylib:arm64+0x4c18)
    #5 0x000100bb4a6c in cJSON_Duplicate+0x20 (libstd_json.dylib:arm64+0x4a6c)
    #6 0x000100bb1520 in nl_json_get_index+0x7c (libstd_json.dylib:arm64+0x1520)
    #7 0x00010020ed1c in nhost_json_32+0x340 (schema-nano_virt.native:arm64+0x100116d1c)
    #8 0x00010011c738 in nl_get_index+0x4d0 (schema-nano_virt.native:arm64+0x100024738)
    #9 0x00010015d4a4 in nl_gen_contracts+0xeae8 (schema-nano_virt.native:arm64+0x1000654a4)
    #10 0x0001001dce70 in nl_main+0x4974 (schema-nano_virt.native:arm64+0x1000e4e70)
    #11 0x0001000f88c4 in main+0x1c (schema-nano_virt.native:arm64+0x1000008c4)
    #12 0x0001828804e0 in start+0x1b4c (dyld:arm64e+0x204e0)

Indirect leak of 8 byte(s) in 1 object(s) allocated from:
    #0 0x0001012cd40c in malloc+0x70 (libclang_rt.asan_osx_dynamic.dylib:arm64+0x5540c)
    #1 0x000100bb1da4 in cJSON_strdup+0x4c (libstd_json.dylib:arm64+0x1da4)
    #2 0x000100bb4b28 in cJSON_Duplicate_rec+0xac (libstd_json.dylib:arm64+0x4b28)
    #3 0x000100bb4c18 in cJSON_Duplicate_rec+0x19c (libstd_json.dylib:arm64+0x4c18)
    #4 0x000100bb4c18 in cJSON_Duplicate_rec+0x19c (libstd_json.dylib:arm64+0x4c18)
    #5 0x000100bb4a6c in cJSON_Duplicate+0x20 (libstd_json.dylib:arm64+0x4a6c)
    #6 0x000100bb1520 in nl_json_get_index+0x7c (libstd_json.dylib:arm64+0x1520)
    #7 0x00010020ed1c in nhost_json_32+0x340 (schema-nano_virt.native:arm64+0x100116d1c)
    #8 0x00010011c738 in nl_get_index+0x4d0 (schema-nano_virt.native:arm64+0x100024738)
    #9 0x0001001c1878 in nl_gen_c+0x4274c (schema-nano_virt.native:arm64+0x1000c9878)
    #10 0x0001001dd364 in nl_main+0x4e68 (schema-nano_virt.native:arm64+0x1000e5364)
    #11 0x0001000f88c4 in main+0x1c (schema-nano_virt.native:arm64+0x1000008c4)
    #12 0x0001828804e0 in start+0x1b4c (dyld:arm64e+0x204e0)

Indirect leak of 8 byte(s) in 1 object(s) allocated from:
    #0 0x0001012cd40c in malloc+0x70 (libclang_rt.asan_osx_dynamic.dylib:arm64+0x5540c)
    #1 0x000100bb1da4 in cJSON_strdup+0x4c (libstd_json.dylib:arm64+0x1da4)
    #2 0x000100bb4b28 in cJSON_Duplicate_rec+0xac (libstd_json.dylib:arm64+0x4b28)
    #3 0x000100bb4c18 in cJSON_Duplicate_rec+0x19c (libstd_json.dylib:arm64+0x4c18)
    #4 0x000100bb4c18 in cJSON_Duplicate_rec+0x19c (libstd_json.dylib:arm64+0x4c18)
    #5 0x000100bb4c18 in cJSON_Duplicate_rec+0x19c (libstd_json.dylib:arm64+0x4c18)
    #6 0x000100bb4a6c in cJSON_Duplicate+0x20 (libstd_json.dylib:arm64+0x4a6c)
    #7 0x000100bb1124 in nl_json_get+0x78 (libstd_json.dylib:arm64+0x1124)
    #8 0x00010020e47c in nhost_json_29+0x340 (schema-nano_virt.native:arm64+0x10011647c)
    #9 0x00010011b44c in nl_get+0x514 (schema-nano_virt.native:arm64+0x10002344c)
    #10 0x0001001bfd8c in nl_gen_c+0x40c60 (schema-nano_virt.native:arm64+0x1000c7d8c)
    #11 0x0001001dd364 in nl_main+0x4e68 (schema-nano_virt.native:arm64+0x1000e5364)
    #12 0x0001000f88c4 in main+0x1c (schema-nano_virt.native:arm64+0x1000008c4)
    #13 0x0001828804e0 in start+0x1b4c (dyld:arm64e+0x204e0)

Indirect leak of 8 byte(s) in 1 object(s) allocated from:
    #0 0x0001012cd40c in malloc+0x70 (libclang_rt.asan_osx_dynamic.dylib:arm64+0x5540c)
    #1 0x000100bb1da4 in cJSON_strdup+0x4c (libstd_json.dylib:arm64+0x1da4)
    #2 0x000100bb4b28 in cJSON_Duplicate_rec+0xac (libstd_json.dylib:arm64+0x4b28)
    #3 0x000100bb4c18 in cJSON_Duplicate_rec+0x19c (libstd_json.dylib:arm64+0x4c18)
    #4 0x000100bb4c18 in cJSON_Duplicate_rec+0x19c (libstd_json.dylib:arm64+0x4c18)
    #5 0x000100bb4c18 in cJSON_Duplicate_rec+0x19c (libstd_json.dylib:arm64+0x4c18)
    #6 0x000100bb4a6c in cJSON_Duplicate+0x20 (libstd_json.dylib:arm64+0x4a6c)
    #7 0x000100bb1124 in nl_json_get+0x78 (libstd_json.dylib:arm64+0x1124)
    #8 0x00010020e47c in nhost_json_29+0x340 (schema-nano_virt.native:arm64+0x10011647c)
    #9 0x00010011b44c in nl_get+0x514 (schema-nano_virt.native:arm64+0x10002344c)
    #10 0x00010015bfd0 in nl_gen_contracts+0xd614 (schema-nano_virt.native:arm64+0x100063fd0)
    #11 0x0001001dce70 in nl_main+0x4974 (schema-nano_virt.native:arm64+0x1000e4e70)
    #12 0x0001000f88c4 in main+0x1c (schema-nano_virt.native:arm64+0x1000008c4)
    #13 0x0001828804e0 in start+0x1b4c (dyld:arm64e+0x204e0)

Indirect leak of 8 byte(s) in 1 object(s) allocated from:
    #0 0x0001012cd40c in malloc+0x70 (libclang_rt.asan_osx_dynamic.dylib:arm64+0x5540c)
    #1 0x000100bb1da4 in cJSON_strdup+0x4c (libstd_json.dylib:arm64+0x1da4)
    #2 0x000100bb4b28 in cJSON_Duplicate_rec+0xac (libstd_json.dylib:arm64+0x4b28)
    #3 0x000100bb4c18 in cJSON_Duplicate_rec+0x19c (libstd_json.dylib:arm64+0x4c18)
    #4 0x000100bb4c18 in cJSON_Duplicate_rec+0x19c (libstd_json.dylib:arm64+0x4c18)
    #5 0x000100bb4a6c in cJSON_Duplicate+0x20 (libstd_json.dylib:arm64+0x4a6c)
    #6 0x000100bb1520 in nl_json_get_index+0x7c (libstd_json.dylib:arm64+0x1520)
    #7 0x00010020ed1c in nhost_json_32+0x340 (schema-nano_virt.native:arm64+0x100116d1c)
    #8 0x00010011c738 in nl_get_index+0x4d0 (schema-nano_virt.native:arm64+0x100024738)
    #9 0x000100141790 in nl_gen_nano_ast+0xf0ac (schema-nano_virt.native:arm64+0x100049790)
    #10 0x0001001dc97c in nl_main+0x4480 (schema-nano_virt.native:arm64+0x1000e497c)
    #11 0x0001000f88c4 in main+0x1c (schema-nano_virt.native:arm64+0x1000008c4)
    #12 0x0001828804e0 in start+0x1b4c (dyld:arm64e+0x204e0)

Indirect leak of 8 byte(s) in 1 object(s) allocated from:
    #0 0x0001012cd40c in malloc+0x70 (libclang_rt.asan_osx_dynamic.dylib:arm64+0x5540c)
    #1 0x000100bb1da4 in cJSON_strdup+0x4c (libstd_json.dylib:arm64+0x1da4)
    #2 0x000100bb4b28 in cJSON_Duplicate_rec+0xac (libstd_json.dylib:arm64+0x4b28)
    #3 0x000100bb4c18 in cJSON_Duplicate_rec+0x19c (libstd_json.dylib:arm64+0x4c18)
    #4 0x000100bb4c18 in cJSON_Duplicate_rec+0x19c (libstd_json.dylib:arm64+0x4c18)
    #5 0x000100bb4a6c in cJSON_Duplicate+0x20 (libstd_json.dylib:arm64+0x4a6c)
    #6 0x000100bb1520 in nl_json_get_index+0x7c (libstd_json.dylib:arm64+0x1520)
    #7 0x00010020ed1c in nhost_json_32+0x340 (schema-nano_virt.native:arm64+0x100116d1c)
    #8 0x00010011c738 in nl_get_index+0x4d0 (schema-nano_virt.native:arm64+0x100024738)
    #9 0x000100187d08 in nl_gen_c+0x8bdc (schema-nano_virt.native:arm64+0x10008fd08)
    #10 0x0001001dd364 in nl_main+0x4e68 (schema-nano_virt.native:arm64+0x1000e5364)
    #11 0x0001000f88c4 in main+0x1c (schema-nano_virt.native:arm64+0x1000008c4)
    #12 0x0001828804e0 in start+0x1b4c (dyld:arm64e+0x204e0)

Indirect leak of 8 byte(s) in 1 object(s) allocated from:
    #0 0x0001012cd40c in malloc+0x70 (libclang_rt.asan_osx_dynamic.dylib:arm64+0x5540c)
    #1 0x000100bb1da4 in cJSON_strdup+0x4c (libstd_json.dylib:arm64+0x1da4)
    #2 0x000100bb4b28 in cJSON_Duplicate_rec+0xac (libstd_json.dylib:arm64+0x4b28)
    #3 0x000100bb4c18 in cJSON_Duplicate_rec+0x19c (libstd_json.dylib:arm64+0x4c18)
    #4 0x000100bb4c18 in cJSON_Duplicate_rec+0x19c (libstd_json.dylib:arm64+0x4c18)
    #5 0x000100bb4c18 in cJSON_Duplicate_rec+0x19c (libstd_json.dylib:arm64+0x4c18)
    #6 0x000100bb4a6c in cJSON_Duplicate+0x20 (libstd_json.dylib:arm64+0x4a6c)
    #7 0x000100bb1124 in nl_json_get+0x78 (libstd_json.dylib:arm64+0x1124)
    #8 0x00010020e47c in nhost_json_29+0x340 (schema-nano_virt.native:arm64+0x10011647c)
    #9 0x00010011b44c in nl_get+0x514 (schema-nano_virt.native:arm64+0x10002344c)
    #10 0x000100185f94 in nl_gen_c+0x6e68 (schema-nano_virt.native:arm64+0x10008df94)
    #11 0x0001001dd364 in nl_main+0x4e68 (schema-nano_virt.native:arm64+0x1000e5364)
    #12 0x0001000f88c4 in main+0x1c (schema-nano_virt.native:arm64+0x1000008c4)
    #13 0x0001828804e0 in start+0x1b4c (dyld:arm64e+0x204e0)

Indirect leak of 8 byte(s) in 1 object(s) allocated from:
    #0 0x0001012cd40c in malloc+0x70 (libclang_rt.asan_osx_dynamic.dylib:arm64+0x5540c)
    #1 0x000100bb1da4 in cJSON_strdup+0x4c (libstd_json.dylib:arm64+0x1da4)
    #2 0x000100bb4b28 in cJSON_Duplicate_rec+0xac (libstd_json.dylib:arm64+0x4b28)
    #3 0x000100bb4c18 in cJSON_Duplicate_rec+0x19c (libstd_json.dylib:arm64+0x4c18)
    #4 0x000100bb4c18 in cJSON_Duplicate_rec+0x19c (libstd_json.dylib:arm64+0x4c18)
    #5 0x000100bb4c18 in cJSON_Duplicate_rec+0x19c (libstd_json.dylib:arm64+0x4c18)
    #6 0x000100bb4a6c in cJSON_Duplicate+0x20 (libstd_json.dylib:arm64+0x4a6c)
    #7 0x000100bb1124 in nl_json_get+0x78 (libstd_json.dylib:arm64+0x1124)
    #8 0x00010020e47c in nhost_json_29+0x340 (schema-nano_virt.native:arm64+0x10011647c)
    #9 0x00010011b44c in nl_get+0x514 (schema-nano_virt.native:arm64+0x10002344c)
    #10 0x0001001402bc in nl_gen_nano_ast+0xdbd8 (schema-nano_virt.native:arm64+0x1000482bc)
    #11 0x0001001dc97c in nl_main+0x4480 (schema-nano_virt.native:arm64+0x1000e497c)
    #12 0x0001000f88c4 in main+0x1c (schema-nano_virt.native:arm64+0x1000008c4)
    #13 0x0001828804e0 in start+0x1b4c (dyld:arm64e+0x204e0)

Indirect leak of 7 byte(s) in 1 object(s) allocated from:
    #0 0x0001012cd40c in malloc+0x70 (libclang_rt.asan_osx_dynamic.dylib:arm64+0x5540c)
    #1 0x000100bb1da4 in cJSON_strdup+0x4c (libstd_json.dylib:arm64+0x1da4)
    #2 0x000100bb4b8c in cJSON_Duplicate_rec+0x110 (libstd_json.dylib:arm64+0x4b8c)
    #3 0x000100bb4a6c in cJSON_Duplicate+0x20 (libstd_json.dylib:arm64+0x4a6c)
    #4 0x000100bb1124 in nl_json_get+0x78 (libstd_json.dylib:arm64+0x1124)
    #5 0x00010020e47c in nhost_json_29+0x340 (schema-nano_virt.native:arm64+0x10011647c)
    #6 0x00010011b44c in nl_get+0x514 (schema-nano_virt.native:arm64+0x10002344c)
    #7 0x0001001af358 in nl_gen_c+0x3022c (schema-nano_virt.native:arm64+0x1000b7358)
    #8 0x0001001dd364 in nl_main+0x4e68 (schema-nano_virt.native:arm64+0x1000e5364)
    #9 0x0001000f88c4 in main+0x1c (schema-nano_virt.native:arm64+0x1000008c4)
    #10 0x0001828804e0 in start+0x1b4c (dyld:arm64e+0x204e0)

Indirect leak of 7 byte(s) in 1 object(s) allocated from:
    #0 0x0001012cd40c in malloc+0x70 (libclang_rt.asan_osx_dynamic.dylib:arm64+0x5540c)
    #1 0x000100bb1da4 in cJSON_strdup+0x4c (libstd_json.dylib:arm64+0x1da4)
    #2 0x000100bb4b8c in cJSON_Duplicate_rec+0x110 (libstd_json.dylib:arm64+0x4b8c)
    #3 0x000100bb4a6c in cJSON_Duplicate+0x20 (libstd_json.dylib:arm64+0x4a6c)
    #4 0x000100bb1124 in nl_json_get+0x78 (libstd_json.dylib:arm64+0x1124)
    #5 0x00010020e47c in nhost_json_29+0x340 (schema-nano_virt.native:arm64+0x10011647c)
    #6 0x00010011b44c in nl_get+0x514 (schema-nano_virt.native:arm64+0x10002344c)
    #7 0x000100126804 in nl_gen_nano_schema+0x1754 (schema-nano_virt.native:arm64+0x10002e804)
    #8 0x0001001dc488 in nl_main+0x3f8c (schema-nano_virt.native:arm64+0x1000e4488)
    #9 0x0001000f88c4 in main+0x1c (schema-nano_virt.native:arm64+0x1000008c4)
    #10 0x0001828804e0 in start+0x1b4c (dyld:arm64e+0x204e0)

SUMMARY: AddressSanitizer: 1356799 byte(s) leaked in 33687 allocation(s).


======================================================================
FAIL: test_actual_schema_generator_outputs (tests.test_selfhost_json_artifacts.JsonArtifacts.test_actual_schema_generator_outputs) (compiler='/private/tmp/nanolang-json-compiler-equality-main')
----------------------------------------------------------------------
Traceback (most recent call last):
  File "/private/tmp/nanolang-array-types-20261008/tests/test_selfhost_json_artifacts.py", line 121, in test_actual_schema_generator_outputs
    self.command(*command, cwd=directory)
    ~~~~~~~~~~~~^^^^^^^^^^^^^^^^^^^^^^^^^
  File "/private/tmp/nanolang-array-types-20261008/tests/test_selfhost_json_artifacts.py", line 81, in command
    raise AssertionError(f"{args}: {result.returncode}\n{result.stdout}\n{result.stderr}")
AssertionError: (PosixPath('/var/folders/9z/xpmfgw8j09l4g6wwxrxtt97w0000gn/T/nano-json-artifacts-bk0w55cy/schema-nanolang-json-compiler-equality-main.native'),): 1
Generating compiler schema artifacts...
Loaded schema: 30302
Parsed schema successfully
Writing src_nano/generated/compiler_schema.nano...
Writing src_nano/generated/compiler_ast.nano...
Writing src_nano/generated/compiler_contracts.nano...
Writing src/generated/compiler_schema.h...
✓ Schema generation complete!


=================================================================
==22703==ERROR: LeakSanitizer: detected memory leaks

Direct leak of 22336 byte(s) in 349 object(s) allocated from:
    #0 0x000101f9140c in malloc+0x70 (libclang_rt.asan_osx_dynamic.dylib:arm64+0x5540c)
    #1 0x0001018be0b0 in cJSON_New_Item+0x1c (libstd_json.dylib:arm64+0x20b0)
    #2 0x0001018c0abc in cJSON_Duplicate_rec+0x40 (libstd_json.dylib:arm64+0x4abc)
    #3 0x0001018c0a6c in cJSON_Duplicate+0x20 (libstd_json.dylib:arm64+0x4a6c)
    #4 0x0001018bd520 in nl_json_get_index+0x7c (libstd_json.dylib:arm64+0x1520)
    #5 0x000100f382a4 in nhost_json_6+0x340 (schema-nanolang-json-compiler-equality-main.native:arm64+0x1000e82a4)
    #6 0x000100effd90 in nl___nano_module_1_get_index+0x928 (schema-nanolang-json-compiler-equality-main.native:arm64+0x1000afd90)
    #7 0x000100eeee78 in nl_gen_c+0x4b8e0 (schema-nanolang-json-compiler-equality-main.native:arm64+0x10009ee78)
    #8 0x000100e56124 in nl_main+0x4e68 (schema-nanolang-json-compiler-equality-main.native:arm64+0x100006124)
    #9 0x000100e508c4 in main+0x1c (schema-nanolang-json-compiler-equality-main.native:arm64+0x1000008c4)
    #10 0x0001828804e0 in start+0x1b4c (dyld:arm64e+0x204e0)

Direct leak of 22336 byte(s) in 349 object(s) allocated from:
    #0 0x000101f9140c in malloc+0x70 (libclang_rt.asan_osx_dynamic.dylib:arm64+0x5540c)
    #1 0x0001018be0b0 in cJSON_New_Item+0x1c (libstd_json.dylib:arm64+0x20b0)
    #2 0x0001018c0abc in cJSON_Duplicate_rec+0x40 (libstd_json.dylib:arm64+0x4abc)
    #3 0x0001018c0a6c in cJSON_Duplicate+0x20 (libstd_json.dylib:arm64+0x4a6c)
    #4 0x0001018bd520 in nl_json_get_index+0x7c (libstd_json.dylib:arm64+0x1520)
    #5 0x000100f382a4 in nhost_json_6+0x340 (schema-nanolang-json-compiler-equality-main.native:arm64+0x1000e82a4)
    #6 0x000100effd90 in nl___nano_module_1_get_index+0x928 (schema-nanolang-json-compiler-equality-main.native:arm64+0x1000afd90)
    #7 0x000100eaf8d4 in nl_gen_c+0xc33c (schema-nanolang-json-compiler-equality-main.native:arm64+0x10005f8d4)
    #8 0x000100e56124 in nl_main+0x4e68 (schema-nanolang-json-compiler-equality-main.native:arm64+0x100006124)
    #9 0x000100e508c4 in main+0x1c (schema-nanolang-json-compiler-equality-main.native:arm64+0x1000008c4)
    #10 0x0001828804e0 in start+0x1b4c (dyld:arm64e+0x204e0)

Direct leak of 22336 byte(s) in 349 object(s) allocated from:
    #0 0x000101f9140c in malloc+0x70 (libclang_rt.asan_osx_dynamic.dylib:arm64+0x5540c)
    #1 0x0001018be0b0 in cJSON_New_Item+0x1c (libstd_json.dylib:arm64+0x20b0)
    #2 0x0001018c0abc in cJSON_Duplicate_rec+0x40 (libstd_json.dylib:arm64+0x4abc)
    #3 0x0001018c0a6c in cJSON_Duplicate+0x20 (libstd_json.dylib:arm64+0x4a6c)
    #4 0x0001018bd520 in nl_json_get_index+0x7c (libstd_json.dylib:arm64+0x1520)
    #5 0x000100f382a4 in nhost_json_6+0x340 (schema-nanolang-json-compiler-equality-main.native:arm64+0x1000e82a4)
    #6 0x000100effd90 in nl___nano_module_1_get_index+0x928 (schema-nanolang-json-compiler-equality-main.native:arm64+0x1000afd90)
    #7 0x000100eee404 in nl_gen_c+0x4ae6c (schema-nanolang-json-compiler-equality-main.native:arm64+0x10009e404)
    #8 0x000100e56124 in nl_main+0x4e68 (schema-nanolang-json-compiler-equality-main.native:arm64+0x100006124)
    #9 0x000100e508c4 in main+0x1c (schema-nanolang-json-compiler-equality-main.native:arm64+0x1000008c4)
    #10 0x0001828804e0 in start+0x1b4c (dyld:arm64e+0x204e0)

Direct leak of 22336 byte(s) in 349 object(s) allocated from:
    #0 0x000101f9140c in malloc+0x70 (libclang_rt.asan_osx_dynamic.dylib:arm64+0x5540c)
    #1 0x0001018be0b0 in cJSON_New_Item+0x1c (libstd_json.dylib:arm64+0x20b0)
    #2 0x0001018c0abc in cJSON_Duplicate_rec+0x40 (libstd_json.dylib:arm64+0x4abc)
    #3 0x0001018c0a6c in cJSON_Duplicate+0x20 (libstd_json.dylib:arm64+0x4a6c)
    #4 0x0001018bd520 in nl_json_get_index+0x7c (libstd_json.dylib:arm64+0x1520)
    #5 0x000100f382a4 in nhost_json_6+0x340 (schema-nanolang-json-compiler-equality-main.native:arm64+0x1000e82a4)
    #6 0x000100effd90 in nl___nano_module_1_get_index+0x928 (schema-nanolang-json-compiler-equality-main.native:arm64+0x1000afd90)
    #7 0x000100eeff60 in nl_gen_c+0x4c9c8 (schema-nanolang-json-compiler-equality-main.native:arm64+0x10009ff60)
    #8 0x000100e56124 in nl_main+0x4e68 (schema-nanolang-json-compiler-equality-main.native:arm64+0x100006124)
    #9 0x000100e508c4 in main+0x1c (schema-nanolang-json-compiler-equality-main.native:arm64+0x1000008c4)
    #10 0x0001828804e0 in start+0x1b4c (dyld:arm64e+0x204e0)

Direct leak of 22336 byte(s) in 349 object(s) allocated from:
    #0 0x000101f9140c in malloc+0x70 (libclang_rt.asan_osx_dynamic.dylib:arm64+0x5540c)
    #1 0x0001018be0b0 in cJSON_New_Item+0x1c (libstd_json.dylib:arm64+0x20b0)
    #2 0x0001018c0abc in cJSON_Duplicate_rec+0x40 (libstd_json.dylib:arm64+0x4abc)
    #3 0x0001018c0a6c in cJSON_Duplicate+0x20 (libstd_json.dylib:arm64+0x4a6c)
    #4 0x0001018bd520 in nl_json_get_index+0x7c (libstd_json.dylib:arm64+0x1520)
    #5 0x000100f382a4 in nhost_json_6+0x340 (schema-nanolang-json-compiler-equality-main.native:arm64+0x1000e82a4)
    #6 0x000100effd90 in nl___nano_module_1_get_index+0x928 (schema-nanolang-json-compiler-equality-main.native:arm64+0x1000afd90)
    #7 0x000100eaec80 in nl_gen_c+0xb6e8 (schema-nanolang-json-compiler-equality-main.native:arm64+0x10005ec80)
    #8 0x000100e56124 in nl_main+0x4e68 (schema-nanolang-json-compiler-equality-main.native:arm64+0x100006124)
    #9 0x000100e508c4 in main+0x1c (schema-nanolang-json-compiler-equality-main.native:arm64+0x1000008c4)
    #10 0x0001828804e0 in start+0x1b4c (dyld:arm64e+0x204e0)

Direct leak of 20544 byte(s) in 321 object(s) allocated from:
    #0 0x000101f9140c in malloc+0x70 (libclang_rt.asan_osx_dynamic.dylib:arm64+0x5540c)
    #1 0x0001018be0b0 in cJSON_New_Item+0x1c (libstd_json.dylib:arm64+0x20b0)
    #2 0x0001018c0abc in cJSON_Duplicate_rec+0x40 (libstd_json.dylib:arm64+0x4abc)
    #3 0x0001018c0a6c in cJSON_Duplicate+0x20 (libstd_json.dylib:arm64+0x4a6c)
    #4 0x0001018bd520 in nl_json_get_index+0x7c (libstd_json.dylib:arm64+0x1520)
    #5 0x000100f382a4 in nhost_json_6+0x340 (schema-nanolang-json-compiler-equality-main.native:arm64+0x1000e82a4)
    #6 0x000100effd90 in nl___nano_module_1_get_index+0x928 (schema-nanolang-json-compiler-equality-main.native:arm64+0x1000afd90)
    #7 0x000100e82a04 in nl_gen_nano_ast+0x17454 (schema-nanolang-json-compiler-equality-main.native:arm64+0x100032a04)
    #8 0x000100e5573c in nl_main+0x4480 (schema-nanolang-json-compiler-equality-main.native:arm64+0x10000573c)
    #9 0x000100e508c4 in main+0x1c (schema-nanolang-json-compiler-equality-main.native:arm64+0x1000008c4)
    #10 0x0001828804e0 in start+0x1b4c (dyld:arm64e+0x204e0)

Direct leak of 20544 byte(s) in 321 object(s) allocated from:
    #0 0x000101f9140c in malloc+0x70 (libclang_rt.asan_osx_dynamic.dylib:arm64+0x5540c)
    #1 0x0001018be0b0 in cJSON_New_Item+0x1c (libstd_json.dylib:arm64+0x20b0)
    #2 0x0001018c0abc in cJSON_Duplicate_rec+0x40 (libstd_json.dylib:arm64+0x4abc)
    #3 0x0001018c0a6c in cJSON_Duplicate+0x20 (libstd_json.dylib:arm64+0x4a6c)
    #4 0x0001018bd520 in nl_json_get_index+0x7c (libstd_json.dylib:arm64+0x1520)
    #5 0x000100f382a4 in nhost_json_6+0x340 (schema-nanolang-json-compiler-equality-main.native:arm64+0x1000e82a4)
    #6 0x000100effd90 in nl___nano_module_1_get_index+0x928 (schema-nanolang-json-compiler-equality-main.native:arm64+0x1000afd90)
    #7 0x000100e81710 in nl_gen_nano_ast+0x16160 (schema-nanolang-json-compiler-equality-main.native:arm64+0x100031710)
    #8 0x000100e5573c in nl_main+0x4480 (schema-nanolang-json-compiler-equality-main.native:arm64+0x10000573c)
    #9 0x000100e508c4 in main+0x1c (schema-nanolang-json-compiler-equality-main.native:arm64+0x1000008c4)
    #10 0x0001828804e0 in start+0x1b4c (dyld:arm64e+0x204e0)

Direct leak of 20544 byte(s) in 321 object(s) allocated from:
    #0 0x000101f9140c in malloc+0x70 (libclang_rt.asan_osx_dynamic.dylib:arm64+0x5540c)
    #1 0x0001018be0b0 in cJSON_New_Item+0x1c (libstd_json.dylib:arm64+0x20b0)
    #2 0x0001018c0abc in cJSON_Duplicate_rec+0x40 (libstd_json.dylib:arm64+0x4abc)
    #3 0x0001018c0a6c in cJSON_Duplicate+0x20 (libstd_json.dylib:arm64+0x4a6c)
    #4 0x0001018bd520 in nl_json_get_index+0x7c (libstd_json.dylib:arm64+0x1520)
    #5 0x000100f382a4 in nhost_json_6+0x340 (schema-nanolang-json-compiler-equality-main.native:arm64+0x1000e82a4)
    #6 0x000100effd90 in nl___nano_module_1_get_index+0x928 (schema-nanolang-json-compiler-equality-main.native:arm64+0x1000afd90)
    #7 0x000100e81ea4 in nl_gen_nano_ast+0x168f4 (schema-nanolang-json-compiler-equality-main.native:arm64+0x100031ea4)
    #8 0x000100e5573c in nl_main+0x4480 (schema-nanolang-json-compiler-equality-main.native:arm64+0x10000573c)
    #9 0x000100e508c4 in main+0x1c (schema-nanolang-json-compiler-equality-main.native:arm64+0x1000008c4)
    #10 0x0001828804e0 in start+0x1b4c (dyld:arm64e+0x204e0)

Direct leak of 5696 byte(s) in 89 object(s) allocated from:
    #0 0x000101f9140c in malloc+0x70 (libclang_rt.asan_osx_dynamic.dylib:arm64+0x5540c)
    #1 0x0001018be0b0 in cJSON_New_Item+0x1c (libstd_json.dylib:arm64+0x20b0)
    #2 0x0001018c0abc in cJSON_Duplicate_rec+0x40 (libstd_json.dylib:arm64+0x4abc)
    #3 0x0001018c0a6c in cJSON_Duplicate+0x20 (libstd_json.dylib:arm64+0x4a6c)
    #4 0x0001018bd520 in nl_json_get_index+0x7c (libstd_json.dylib:arm64+0x1520)
    #5 0x000100f382a4 in nhost_json_6+0x340 (schema-nanolang-json-compiler-equality-main.native:arm64+0x1000e82a4)
    #6 0x000100effd90 in nl___nano_module_1_get_index+0x928 (schema-nanolang-json-compiler-equality-main.native:arm64+0x1000afd90)
    #7 0x000100e6091c in nl_gen_nano_schema+0x29a0 (schema-nanolang-json-compiler-equality-main.native:arm64+0x10001091c)
    #8 0x000100e55248 in nl_main+0x3f8c (schema-nanolang-json-compiler-equality-main.native:arm64+0x100005248)
    #9 0x000100e508c4 in main+0x1c (schema-nanolang-json-compiler-equality-main.native:arm64+0x1000008c4)
    #10 0x0001828804e0 in start+0x1b4c (dyld:arm64e+0x204e0)

Direct leak of 5696 byte(s) in 89 object(s) allocated from:
    #0 0x000101f9140c in malloc+0x70 (libclang_rt.asan_osx_dynamic.dylib:arm64+0x5540c)
    #1 0x0001018be0b0 in cJSON_New_Item+0x1c (libstd_json.dylib:arm64+0x20b0)
    #2 0x0001018c0abc in cJSON_Duplicate_rec+0x40 (libstd_json.dylib:arm64+0x4abc)
    #3 0x0001018c0a6c in cJSON_Duplicate+0x20 (libstd_json.dylib:arm64+0x4a6c)
    #4 0x0001018bd520 in nl_json_get_index+0x7c (libstd_json.dylib:arm64+0x1520)
    #5 0x000100f382a4 in nhost_json_6+0x340 (schema-nanolang-json-compiler-equality-main.native:arm64+0x1000e82a4)
    #6 0x000100effd90 in nl___nano_module_1_get_index+0x928 (schema-nanolang-json-compiler-equality-main.native:arm64+0x1000afd90)
    #7 0x000100ed5478 in nl_gen_c+0x31ee0 (schema-nanolang-json-compiler-equality-main.native:arm64+0x100085478)
    #8 0x000100e56124 in nl_main+0x4e68 (schema-nanolang-json-compiler-equality-main.native:arm64+0x100006124)
    #9 0x000100e508c4 in main+0x1c (schema-nanolang-json-compiler-equality-main.native:arm64+0x1000008c4)
    #10 0x0001828804e0 in start+0x1b4c (dyld:arm64e+0x204e0)

Direct leak of 3008 byte(s) in 47 object(s) allocated from:
    #0 0x000101f9140c in malloc+0x70 (libclang_rt.asan_osx_dynamic.dylib:arm64+0x5540c)
    #1 0x0001018be0b0 in cJSON_New_Item+0x1c (libstd_json.dylib:arm64+0x20b0)
    #2 0x0001018c0abc in cJSON_Duplicate_rec+0x40 (libstd_json.dylib:arm64+0x4abc)
    #3 0x0001018c0a6c in cJSON_Duplicate+0x20 (libstd_json.dylib:arm64+0x4a6c)
    #4 0x0001018bd124 in nl_json_get+0x78 (libstd_json.dylib:arm64+0x1124)
    #5 0x000100f37a04 in nhost_json_4+0x340 (schema-nanolang-json-compiler-equality-main.native:arm64+0x1000e7a04)
    #6 0x000100efeb48 in nl___nano_module_1_get+0x898 (schema-nanolang-json-compiler-equality-main.native:arm64+0x1000aeb48)
    #7 0x000100ee73dc in nl_gen_c+0x43e44 (schema-nanolang-json-compiler-equality-main.native:arm64+0x1000973dc)
    #8 0x000100e56124 in nl_main+0x4e68 (schema-nanolang-json-compiler-equality-main.native:arm64+0x100006124)
    #9 0x000100e508c4 in main+0x1c (schema-nanolang-json-compiler-equality-main.native:arm64+0x1000008c4)
    #10 0x0001828804e0 in start+0x1b4c (dyld:arm64e+0x204e0)

Direct leak of 3008 byte(s) in 47 object(s) allocated from:
    #0 0x000101f9140c in malloc+0x70 (libclang_rt.asan_osx_dynamic.dylib:arm64+0x5540c)
    #1 0x0001018be0b0 in cJSON_New_Item+0x1c (libstd_json.dylib:arm64+0x20b0)
    #2 0x0001018c0abc in cJSON_Duplicate_rec+0x40 (libstd_json.dylib:arm64+0x4abc)
    #3 0x0001018c0a6c in cJSON_Duplicate+0x20 (libstd_json.dylib:arm64+0x4a6c)
    #4 0x0001018bd124 in nl_json_get+0x78 (libstd_json.dylib:arm64+0x1124)
    #5 0x000100f37a04 in nhost_json_4+0x340 (schema-nanolang-json-compiler-equality-main.native:arm64+0x1000e7a04)
    #6 0x000100efeb48 in nl___nano_module_1_get+0x898 (schema-nanolang-json-compiler-equality-main.native:arm64+0x1000aeb48)
    #7 0x000100ee87d4 in nl_gen_c+0x4523c (schema-nanolang-json-compiler-equality-main.native:arm64+0x1000987d4)
    #8 0x000100e56124 in nl_main+0x4e68 (schema-nanolang-json-compiler-equality-main.native:arm64+0x100006124)
    #9 0x000100e508c4 in main+0x1c (schema-nanolang-json-compiler-equality-main.native:arm64+0x1000008c4)
    #10 0x0001828804e0 in start+0x1b4c (dyld:arm64e+0x204e0)

Direct leak of 3008 byte(s) in 47 object(s) allocated from:
    #0 0x000101f9140c in malloc+0x70 (libclang_rt.asan_osx_dynamic.dylib:arm64+0x5540c)
    #1 0x0001018be0b0 in cJSON_New_Item+0x1c (libstd_json.dylib:arm64+0x20b0)
    #2 0x0001018c0abc in cJSON_Duplicate_rec+0x40 (libstd_json.dylib:arm64+0x4abc)
    #3 0x0001018c0a6c in cJSON_Duplicate+0x20 (libstd_json.dylib:arm64+0x4a6c)
    #4 0x0001018bd124 in nl_json_get+0x78 (libstd_json.dylib:arm64+0x1124)
    #5 0x000100f37a04 in nhost_json_4+0x340 (schema-nanolang-json-compiler-equality-main.native:arm64+0x1000e7a04)
    #6 0x000100efeb48 in nl___nano_module_1_get+0x898 (schema-nanolang-json-compiler-equality-main.native:arm64+0x1000aeb48)
    #7 0x000100eacf0c in nl_gen_c+0x9974 (schema-nanolang-json-compiler-equality-main.native:arm64+0x10005cf0c)
    #8 0x000100e56124 in nl_main+0x4e68 (schema-nanolang-json-compiler-equality-main.native:arm64+0x100006124)
    #9 0x000100e508c4 in main+0x1c (schema-nanolang-json-compiler-equality-main.native:arm64+0x1000008c4)
    #10 0x0001828804e0 in start+0x1b4c (dyld:arm64e+0x204e0)

Direct leak of 3008 byte(s) in 47 object(s) allocated from:
    #0 0x000101f9140c in malloc+0x70 (libclang_rt.asan_osx_dynamic.dylib:arm64+0x5540c)
    #1 0x0001018be0b0 in cJSON_New_Item+0x1c (libstd_json.dylib:arm64+0x20b0)
    #2 0x0001018c0abc in cJSON_Duplicate_rec+0x40 (libstd_json.dylib:arm64+0x4abc)
    #3 0x0001018c0a6c in cJSON_Duplicate+0x20 (libstd_json.dylib:arm64+0x4a6c)
    #4 0x0001018bd124 in nl_json_get+0x78 (libstd_json.dylib:arm64+0x1124)
    #5 0x000100f37a04 in nhost_json_4+0x340 (schema-nanolang-json-compiler-equality-main.native:arm64+0x1000e7a04)
    #6 0x000100efeb48 in nl___nano_module_1_get+0x898 (schema-nanolang-json-compiler-equality-main.native:arm64+0x1000aeb48)
    #7 0x000100ee9fb4 in nl_gen_c+0x46a1c (schema-nanolang-json-compiler-equality-main.native:arm64+0x100099fb4)
    #8 0x000100e56124 in nl_main+0x4e68 (schema-nanolang-json-compiler-equality-main.native:arm64+0x100006124)
    #9 0x000100e508c4 in main+0x1c (schema-nanolang-json-compiler-equality-main.native:arm64+0x1000008c4)
    #10 0x0001828804e0 in start+0x1b4c (dyld:arm64e+0x204e0)

Direct leak of 3008 byte(s) in 47 object(s) allocated from:
    #0 0x000101f9140c in malloc+0x70 (libclang_rt.asan_osx_dynamic.dylib:arm64+0x5540c)
    #1 0x0001018be0b0 in cJSON_New_Item+0x1c (libstd_json.dylib:arm64+0x20b0)
    #2 0x0001018c0abc in cJSON_Duplicate_rec+0x40 (libstd_json.dylib:arm64+0x4abc)
    #3 0x0001018c0a6c in cJSON_Duplicate+0x20 (libstd_json.dylib:arm64+0x4a6c)
    #4 0x0001018bd520 in nl_json_get_index+0x7c (libstd_json.dylib:arm64+0x1520)
    #5 0x000100f382a4 in nhost_json_6+0x340 (schema-nanolang-json-compiler-equality-main.native:arm64+0x1000e82a4)
    #6 0x000100effd90 in nl___nano_module_1_get_index+0x928 (schema-nanolang-json-compiler-equality-main.native:arm64+0x1000afd90)
    #7 0x000100e7a65c in nl_gen_nano_ast+0xf0ac (schema-nanolang-json-compiler-equality-main.native:arm64+0x10002a65c)
    #8 0x000100e5573c in nl_main+0x4480 (schema-nanolang-json-compiler-equality-main.native:arm64+0x10000573c)
    #9 0x000100e508c4 in main+0x1c (schema-nanolang-json-compiler-equality-main.native:arm64+0x1000008c4)
    #10 0x0001828804e0 in start+0x1b4c (dyld:arm64e+0x204e0)

Direct leak of 3008 byte(s) in 47 object(s) allocated from:
    #0 0x000101f9140c in malloc+0x70 (libclang_rt.asan_osx_dynamic.dylib:arm64+0x5540c)
    #1 0x0001018be0b0 in cJSON_New_Item+0x1c (libstd_json.dylib:arm64+0x20b0)
    #2 0x0001018c0abc in cJSON_Duplicate_rec+0x40 (libstd_json.dylib:arm64+0x4abc)
    #3 0x0001018c0a6c in cJSON_Duplicate+0x20 (libstd_json.dylib:arm64+0x4a6c)
    #4 0x0001018bd520 in nl_json_get_index+0x7c (libstd_json.dylib:arm64+0x1520)
    #5 0x000100f382a4 in nhost_json_6+0x340 (schema-nanolang-json-compiler-equality-main.native:arm64+0x1000e82a4)
    #6 0x000100effd90 in nl___nano_module_1_get_index+0x928 (schema-nanolang-json-compiler-equality-main.native:arm64+0x1000afd90)
    #7 0x000100e96370 in nl_gen_contracts+0xeae8 (schema-nanolang-json-compiler-equality-main.native:arm64+0x100046370)
    #8 0x000100e55c30 in nl_main+0x4974 (schema-nanolang-json-compiler-equality-main.native:arm64+0x100005c30)
    #9 0x000100e508c4 in main+0x1c (schema-nanolang-json-compiler-equality-main.native:arm64+0x1000008c4)
    #10 0x0001828804e0 in start+0x1b4c (dyld:arm64e+0x204e0)

Direct leak of 3008 byte(s) in 47 object(s) allocated from:
    #0 0x000101f9140c in malloc+0x70 (libclang_rt.asan_osx_dynamic.dylib:arm64+0x5540c)
    #1 0x0001018be0b0 in cJSON_New_Item+0x1c (libstd_json.dylib:arm64+0x20b0)
    #2 0x0001018c0abc in cJSON_Duplicate_rec+0x40 (libstd_json.dylib:arm64+0x4abc)
    #3 0x0001018c0a6c in cJSON_Duplicate+0x20 (libstd_json.dylib:arm64+0x4a6c)
    #4 0x0001018bd520 in nl_json_get_index+0x7c (libstd_json.dylib:arm64+0x1520)
    #5 0x000100f382a4 in nhost_json_6+0x340 (schema-nanolang-json-compiler-equality-main.native:arm64+0x1000e82a4)
    #6 0x000100effd90 in nl___nano_module_1_get_index+0x928 (schema-nanolang-json-compiler-equality-main.native:arm64+0x1000afd90)
    #7 0x000100eac174 in nl_gen_c+0x8bdc (schema-nanolang-json-compiler-equality-main.native:arm64+0x10005c174)
    #8 0x000100e56124 in nl_main+0x4e68 (schema-nanolang-json-compiler-equality-main.native:arm64+0x100006124)
    #9 0x000100e508c4 in main+0x1c (schema-nanolang-json-compiler-equality-main.native:arm64+0x1000008c4)
    #10 0x0001828804e0 in start+0x1b4c (dyld:arm64e+0x204e0)

Direct leak of 3008 byte(s) in 47 object(s) allocated from:
    #0 0x000101f9140c in malloc+0x70 (libclang_rt.asan_osx_dynamic.dylib:arm64+0x5540c)
    #1 0x0001018be0b0 in cJSON_New_Item+0x1c (libstd_json.dylib:arm64+0x20b0)
    #2 0x0001018c0abc in cJSON_Duplicate_rec+0x40 (libstd_json.dylib:arm64+0x4abc)
    #3 0x0001018c0a6c in cJSON_Duplicate+0x20 (libstd_json.dylib:arm64+0x4a6c)
    #4 0x0001018bd520 in nl_json_get_index+0x7c (libstd_json.dylib:arm64+0x1520)
    #5 0x000100f382a4 in nhost_json_6+0x340 (schema-nanolang-json-compiler-equality-main.native:arm64+0x1000e82a4)
    #6 0x000100effd90 in nl___nano_module_1_get_index+0x928 (schema-nanolang-json-compiler-equality-main.native:arm64+0x1000afd90)
    #7 0x000100ee5ce4 in nl_gen_c+0x4274c (schema-nanolang-json-compiler-equality-main.native:arm64+0x100095ce4)
    #8 0x000100e56124 in nl_main+0x4e68 (schema-nanolang-json-compiler-equality-main.native:arm64+0x100006124)
    #9 0x000100e508c4 in main+0x1c (schema-nanolang-json-compiler-equality-main.native:arm64+0x1000008c4)
    #10 0x0001828804e0 in start+0x1b4c (dyld:arm64e+0x204e0)

Direct leak of 2944 byte(s) in 46 object(s) allocated from:
    #0 0x000101f9140c in malloc+0x70 (libclang_rt.asan_osx_dynamic.dylib:arm64+0x5540c)
    #1 0x0001018be0b0 in cJSON_New_Item+0x1c (libstd_json.dylib:arm64+0x20b0)
    #2 0x0001018c0abc in cJSON_Duplicate_rec+0x40 (libstd_json.dylib:arm64+0x4abc)
    #3 0x0001018c0a6c in cJSON_Duplicate+0x20 (libstd_json.dylib:arm64+0x4a6c)
    #4 0x0001018bd520 in nl_json_get_index+0x7c (libstd_json.dylib:arm64+0x1520)
    #5 0x000100f382a4 in nhost_json_6+0x340 (schema-nanolang-json-compiler-equality-main.native:arm64+0x1000e82a4)
    #6 0x000100effd90 in nl___nano_module_1_get_index+0x928 (schema-nanolang-json-compiler-equality-main.native:arm64+0x1000afd90)
    #7 0x000100ede6cc in nl_gen_c+0x3b134 (schema-nanolang-json-compiler-equality-main.native:arm64+0x10008e6cc)
    #8 0x000100e56124 in nl_main+0x4e68 (schema-nanolang-json-compiler-equality-main.native:arm64+0x100006124)
    #9 0x000100e508c4 in main+0x1c (schema-nanolang-json-compiler-equality-main.native:arm64+0x1000008c4)
    #10 0x0001828804e0 in start+0x1b4c (dyld:arm64e+0x204e0)

Direct leak of 2944 byte(s) in 46 object(s) allocated from:
    #0 0x000101f9140c in malloc+0x70 (libclang_rt.asan_osx_dynamic.dylib:arm64+0x5540c)
    #1 0x0001018be0b0 in cJSON_New_Item+0x1c (libstd_json.dylib:arm64+0x20b0)
    #2 0x0001018c0abc in cJSON_Duplicate_rec+0x40 (libstd_json.dylib:arm64+0x4abc)
    #3 0x0001018c0a6c in cJSON_Duplicate+0x20 (libstd_json.dylib:arm64+0x4a6c)
    #4 0x0001018bd520 in nl_json_get_index+0x7c (libstd_json.dylib:arm64+0x1520)
    #5 0x000100f382a4 in nhost_json_6+0x340 (schema-nanolang-json-compiler-equality-main.native:arm64+0x1000e82a4)
    #6 0x000100effd90 in nl___nano_module_1_get_index+0x928 (schema-nanolang-json-compiler-equality-main.native:arm64+0x1000afd90)
    #7 0x000100e67774 in nl_gen_nano_schema+0x97f8 (schema-nanolang-json-compiler-equality-main.native:arm64+0x100017774)
    #8 0x000100e55248 in nl_main+0x3f8c (schema-nanolang-json-compiler-equality-main.native:arm64+0x100005248)
    #9 0x000100e508c4 in main+0x1c (schema-nanolang-json-compiler-equality-main.native:arm64+0x1000008c4)
    #10 0x0001828804e0 in start+0x1b4c (dyld:arm64e+0x204e0)

Direct leak of 2496 byte(s) in 39 object(s) allocated from:
    #0 0x000101f9140c in malloc+0x70 (libclang_rt.asan_osx_dynamic.dylib:arm64+0x5540c)
    #1 0x0001018be0b0 in cJSON_New_Item+0x1c (libstd_json.dylib:arm64+0x20b0)
    #2 0x0001018c0abc in cJSON_Duplicate_rec+0x40 (libstd_json.dylib:arm64+0x4abc)
    #3 0x0001018c0a6c in cJSON_Duplicate+0x20 (libstd_json.dylib:arm64+0x4a6c)
    #4 0x0001018bd124 in nl_json_get+0x78 (libstd_json.dylib:arm64+0x1124)
    #5 0x000100f37a04 in nhost_json_4+0x340 (schema-nanolang-json-compiler-equality-main.native:arm64+0x1000e7a04)
    #6 0x000100efeb48 in nl___nano_module_1_get+0x898 (schema-nanolang-json-compiler-equality-main.native:arm64+0x1000aeb48)
    #7 0x000100e7d4ec in nl_gen_nano_ast+0x11f3c (schema-nanolang-json-compiler-equality-main.native:arm64+0x10002d4ec)
    #8 0x000100e5573c in nl_main+0x4480 (schema-nanolang-json-compiler-equality-main.native:arm64+0x10000573c)
    #9 0x000100e508c4 in main+0x1c (schema-nanolang-json-compiler-equality-main.native:arm64+0x1000008c4)
    #10 0x0001828804e0 in start+0x1b4c (dyld:arm64e+0x204e0)

Direct leak of 2496 byte(s) in 39 object(s) allocated from:
    #0 0x000101f9140c in malloc+0x70 (libclang_rt.asan_osx_dynamic.dylib:arm64+0x5540c)
    #1 0x0001018be0b0 in cJSON_New_Item+0x1c (libstd_json.dylib:arm64+0x20b0)
    #2 0x0001018c0abc in cJSON_Duplicate_rec+0x40 (libstd_json.dylib:arm64+0x4abc)
    #3 0x0001018c0a6c in cJSON_Duplicate+0x20 (libstd_json.dylib:arm64+0x4a6c)
    #4 0x0001018bd124 in nl_json_get+0x78 (libstd_json.dylib:arm64+0x1124)
    #5 0x000100f37a04 in nhost_json_4+0x340 (schema-nanolang-json-compiler-equality-main.native:arm64+0x1000e7a04)
    #6 0x000100efeb48 in nl___nano_module_1_get+0x898 (schema-nanolang-json-compiler-equality-main.native:arm64+0x1000aeb48)
    #7 0x000100e7ebb0 in nl_gen_nano_ast+0x13600 (schema-nanolang-json-compiler-equality-main.native:arm64+0x10002ebb0)
    #8 0x000100e5573c in nl_main+0x4480 (schema-nanolang-json-compiler-equality-main.native:arm64+0x10000573c)
    #9 0x000100e508c4 in main+0x1c (schema-nanolang-json-compiler-equality-main.native:arm64+0x1000008c4)
    #10 0x0001828804e0 in start+0x1b4c (dyld:arm64e+0x204e0)

Direct leak of 2496 byte(s) in 39 object(s) allocated from:
    #0 0x000101f9140c in malloc+0x70 (libclang_rt.asan_osx_dynamic.dylib:arm64+0x5540c)
    #1 0x0001018be0b0 in cJSON_New_Item+0x1c (libstd_json.dylib:arm64+0x20b0)
    #2 0x0001018c0abc in cJSON_Duplicate_rec+0x40 (libstd_json.dylib:arm64+0x4abc)
    #3 0x0001018c0a6c in cJSON_Duplicate+0x20 (libstd_json.dylib:arm64+0x4a6c)
    #4 0x0001018bd124 in nl_json_get+0x78 (libstd_json.dylib:arm64+0x1124)
    #5 0x000100f37a04 in nhost_json_4+0x340 (schema-nanolang-json-compiler-equality-main.native:arm64+0x1000e7a04)
    #6 0x000100efeb48 in nl___nano_module_1_get+0x898 (schema-nanolang-json-compiler-equality-main.native:arm64+0x1000aeb48)
    #7 0x000100e7c890 in nl_gen_nano_ast+0x112e0 (schema-nanolang-json-compiler-equality-main.native:arm64+0x10002c890)
    #8 0x000100e5573c in nl_main+0x4480 (schema-nanolang-json-compiler-equality-main.native:arm64+0x10000573c)
    #9 0x000100e508c4 in main+0x1c (schema-nanolang-json-compiler-equality-main.native:arm64+0x1000008c4)
    #10 0x0001828804e0 in start+0x1b4c (dyld:arm64e+0x204e0)

Direct leak of 1792 byte(s) in 28 object(s) allocated from:
    #0 0x000101f9140c in malloc+0x70 (libclang_rt.asan_osx_dynamic.dylib:arm64+0x5540c)
    #1 0x0001018be0b0 in cJSON_New_Item+0x1c (libstd_json.dylib:arm64+0x20b0)
    #2 0x0001018c0abc in cJSON_Duplicate_rec+0x40 (libstd_json.dylib:arm64+0x4abc)
    #3 0x0001018c0a6c in cJSON_Duplicate+0x20 (libstd_json.dylib:arm64+0x4a6c)
    #4 0x0001018bd520 in nl_json_get_index+0x7c (libstd_json.dylib:arm64+0x1520)
    #5 0x000100f382a4 in nhost_json_6+0x340 (schema-nanolang-json-compiler-equality-main.native:arm64+0x1000e82a4)
    #6 0x000100effd90 in nl___nano_module_1_get_index+0x928 (schema-nanolang-json-compiler-equality-main.native:arm64+0x1000afd90)
    #7 0x000100e9dbb4 in nl_gen_contracts+0x1632c (schema-nanolang-json-compiler-equality-main.native:arm64+0x10004dbb4)
    #8 0x000100e55c30 in nl_main+0x4974 (schema-nanolang-json-compiler-equality-main.native:arm64+0x100005c30)
    #9 0x000100e508c4 in main+0x1c (schema-nanolang-json-compiler-equality-main.native:arm64+0x1000008c4)
    #10 0x0001828804e0 in start+0x1b4c (dyld:arm64e+0x204e0)

Direct leak of 1792 byte(s) in 28 object(s) allocated from:
    #0 0x000101f9140c in malloc+0x70 (libclang_rt.asan_osx_dynamic.dylib:arm64+0x5540c)
    #1 0x0001018be0b0 in cJSON_New_Item+0x1c (libstd_json.dylib:arm64+0x20b0)
    #2 0x0001018c0abc in cJSON_Duplicate_rec+0x40 (libstd_json.dylib:arm64+0x4abc)
    #3 0x0001018c0a6c in cJSON_Duplicate+0x20 (libstd_json.dylib:arm64+0x4a6c)
    #4 0x0001018bd520 in nl_json_get_index+0x7c (libstd_json.dylib:arm64+0x1520)
    #5 0x000100f382a4 in nhost_json_6+0x340 (schema-nanolang-json-compiler-equality-main.native:arm64+0x1000e82a4)
    #6 0x000100effd90 in nl___nano_module_1_get_index+0x928 (schema-nanolang-json-compiler-equality-main.native:arm64+0x1000afd90)
    #7 0x000100e9d420 in nl_gen_contracts+0x15b98 (schema-nanolang-json-compiler-equality-main.native:arm64+0x10004d420)
    #8 0x000100e55c30 in nl_main+0x4974 (schema-nanolang-json-compiler-equality-main.native:arm64+0x100005c30)
    #9 0x000100e508c4 in main+0x1c (schema-nanolang-json-compiler-equality-main.native:arm64+0x1000008c4)
    #10 0x0001828804e0 in start+0x1b4c (dyld:arm64e+0x204e0)

Direct leak of 1792 byte(s) in 28 object(s) allocated from:
    #0 0x000101f9140c in malloc+0x70 (libclang_rt.asan_osx_dynamic.dylib:arm64+0x5540c)
    #1 0x0001018be0b0 in cJSON_New_Item+0x1c (libstd_json.dylib:arm64+0x20b0)
    #2 0x0001018c0abc in cJSON_Duplicate_rec+0x40 (libstd_json.dylib:arm64+0x4abc)
    #3 0x0001018c0a6c in cJSON_Duplicate+0x20 (libstd_json.dylib:arm64+0x4a6c)
    #4 0x0001018bd520 in nl_json_get_index+0x7c (libstd_json.dylib:arm64+0x1520)
    #5 0x000100f382a4 in nhost_json_6+0x340 (schema-nanolang-json-compiler-equality-main.native:arm64+0x1000e82a4)
    #6 0x000100effd90 in nl___nano_module_1_get_index+0x928 (schema-nanolang-json-compiler-equality-main.native:arm64+0x1000afd90)
    #7 0x000100e9e714 in nl_gen_contracts+0x16e8c (schema-nanolang-json-compiler-equality-main.native:arm64+0x10004e714)
    #8 0x000100e55c30 in nl_main+0x4974 (schema-nanolang-json-compiler-equality-main.native:arm64+0x100005c30)
    #9 0x000100e508c4 in main+0x1c (schema-nanolang-json-compiler-equality-main.native:arm64+0x1000008c4)
    #10 0x0001828804e0 in start+0x1b4c (dyld:arm64e+0x204e0)

Direct leak of 1728 byte(s) in 27 object(s) allocated from:
    #0 0x000101f9140c in malloc+0x70 (libclang_rt.asan_osx_dynamic.dylib:arm64+0x5540c)
    #1 0x0001018be0b0 in cJSON_New_Item+0x1c (libstd_json.dylib:arm64+0x20b0)
    #2 0x0001018c0abc in cJSON_Duplicate_rec+0x40 (libstd_json.dylib:arm64+0x4abc)
    #3 0x0001018c0a6c in cJSON_Duplicate+0x20 (libstd_json.dylib:arm64+0x4a6c)
    #4 0x0001018bd520 in nl_json_get_index+0x7c (libstd_json.dylib:arm64+0x1520)
    #5 0x000100f382a4 in nhost_json_6+0x340 (schema-nanolang-json-compiler-equality-main.native:arm64+0x1000e82a4)
    #6 0x000100effd90 in nl___nano_module_1_get_index+0x928 (schema-nanolang-json-compiler-equality-main.native:arm64+0x1000afd90)
    #7 0x000100e90590 in nl_gen_contracts+0x8d08 (schema-nanolang-json-compiler-equality-main.native:arm64+0x100040590)
    #8 0x000100e55c30 in nl_main+0x4974 (schema-nanolang-json-compiler-equality-main.native:arm64+0x100005c30)
    #9 0x000100e508c4 in main+0x1c (schema-nanolang-json-compiler-equality-main.native:arm64+0x1000008c4)
    #10 0x0001828804e0 in start+0x1b4c (dyld:arm64e+0x204e0)

Direct leak of 576 byte(s) in 9 object(s) allocated from:
    #0 0x000101f9140c in malloc+0x70 (libclang_rt.asan_osx_dynamic.dylib:arm64+0x5540c)
    #1 0x0001018be0b0 in cJSON_New_Item+0x1c (libstd_json.dylib:arm64+0x20b0)
    #2 0x0001018c0abc in cJSON_Duplicate_rec+0x40 (libstd_json.dylib:arm64+0x4abc)
    #3 0x0001018c0a6c in cJSON_Duplicate+0x20 (libstd_json.dylib:arm64+0x4a6c)
    #4 0x0001018bd520 in nl_json_get_index+0x7c (libstd_json.dylib:arm64+0x1520)
    #5 0x000100f382a4 in nhost_json_6+0x340 (schema-nanolang-json-compiler-equality-main.native:arm64+0x1000e82a4)
    #6 0x000100effd90 in nl___nano_module_1_get_index+0x928 (schema-nanolang-json-compiler-equality-main.native:arm64+0x1000afd90)
    #7 0x000100ecc95c in nl_gen_c+0x293c4 (schema-nanolang-json-compiler-equality-main.native:arm64+0x10007c95c)
    #8 0x000100e56124 in nl_main+0x4e68 (schema-nanolang-json-compiler-equality-main.native:arm64+0x100006124)
    #9 0x000100e508c4 in main+0x1c (schema-nanolang-json-compiler-equality-main.native:arm64+0x1000008c4)
    #10 0x0001828804e0 in start+0x1b4c (dyld:arm64e+0x204e0)

Direct leak of 512 byte(s) in 8 object(s) allocated from:
    #0 0x000101f9140c in malloc+0x70 (libclang_rt.asan_osx_dynamic.dylib:arm64+0x5540c)
    #1 0x0001018be0b0 in cJSON_New_Item+0x1c (libstd_json.dylib:arm64+0x20b0)
    #2 0x0001018c0abc in cJSON_Duplicate_rec+0x40 (libstd_json.dylib:arm64+0x4abc)
    #3 0x0001018c0a6c in cJSON_Duplicate+0x20 (libstd_json.dylib:arm64+0x4a6c)
    #4 0x0001018bd124 in nl_json_get+0x78 (libstd_json.dylib:arm64+0x1124)
    #5 0x000100f37a04 in nhost_json_4+0x340 (schema-nanolang-json-compiler-equality-main.native:arm64+0x1000e7a04)
    #6 0x000100efeb48 in nl___nano_module_1_get+0x898 (schema-nanolang-json-compiler-equality-main.native:arm64+0x1000aeb48)
    #7 0x000100e985a0 in nl_gen_contracts+0x10d18 (schema-nanolang-json-compiler-equality-main.native:arm64+0x1000485a0)
    #8 0x000100e55c30 in nl_main+0x4974 (schema-nanolang-json-compiler-equality-main.native:arm64+0x100005c30)
    #9 0x000100e508c4 in main+0x1c (schema-nanolang-json-compiler-equality-main.native:arm64+0x1000008c4)
    #10 0x0001828804e0 in start+0x1b4c (dyld:arm64e+0x204e0)

Direct leak of 512 byte(s) in 8 object(s) allocated from:
    #0 0x000101f9140c in malloc+0x70 (libclang_rt.asan_osx_dynamic.dylib:arm64+0x5540c)
    #1 0x0001018be0b0 in cJSON_New_Item+0x1c (libstd_json.dylib:arm64+0x20b0)
    #2 0x0001018c0abc in cJSON_Duplicate_rec+0x40 (libstd_json.dylib:arm64+0x4abc)
    #3 0x0001018c0a6c in cJSON_Duplicate+0x20 (libstd_json.dylib:arm64+0x4a6c)
    #4 0x0001018bd124 in nl_json_get+0x78 (libstd_json.dylib:arm64+0x1124)
    #5 0x000100f37a04 in nhost_json_4+0x340 (schema-nanolang-json-compiler-equality-main.native:arm64+0x1000e7a04)
    #6 0x000100efeb48 in nl___nano_module_1_get+0x898 (schema-nanolang-json-compiler-equality-main.native:arm64+0x1000aeb48)
    #7 0x000100e9a8c0 in nl_gen_contracts+0x13038 (schema-nanolang-json-compiler-equality-main.native:arm64+0x10004a8c0)
    #8 0x000100e55c30 in nl_main+0x4974 (schema-nanolang-json-compiler-equality-main.native:arm64+0x100005c30)
    #9 0x000100e508c4 in main+0x1c (schema-nanolang-json-compiler-equality-main.native:arm64+0x1000008c4)
    #10 0x0001828804e0 in start+0x1b4c (dyld:arm64e+0x204e0)

Direct leak of 512 byte(s) in 8 object(s) allocated from:
    #0 0x000101f9140c in malloc+0x70 (libclang_rt.asan_osx_dynamic.dylib:arm64+0x5540c)
    #1 0x0001018be0b0 in cJSON_New_Item+0x1c (libstd_json.dylib:arm64+0x20b0)
    #2 0x0001018c0abc in cJSON_Duplicate_rec+0x40 (libstd_json.dylib:arm64+0x4abc)
    #3 0x0001018c0a6c in cJSON_Duplicate+0x20 (libstd_json.dylib:arm64+0x4a6c)
    #4 0x0001018bd124 in nl_json_get+0x78 (libstd_json.dylib:arm64+0x1124)
    #5 0x000100f37a04 in nhost_json_4+0x340 (schema-nanolang-json-compiler-equality-main.native:arm64+0x1000e7a04)
    #6 0x000100efeb48 in nl___nano_module_1_get+0x898 (schema-nanolang-json-compiler-equality-main.native:arm64+0x1000aeb48)
    #7 0x000100e991fc in nl_gen_contracts+0x11974 (schema-nanolang-json-compiler-equality-main.native:arm64+0x1000491fc)
    #8 0x000100e55c30 in nl_main+0x4974 (schema-nanolang-json-compiler-equality-main.native:arm64+0x100005c30)
    #9 0x000100e508c4 in main+0x1c (schema-nanolang-json-compiler-equality-main.native:arm64+0x1000008c4)
    #10 0x0001828804e0 in start+0x1b4c (dyld:arm64e+0x204e0)

Direct leak of 512 byte(s) in 8 object(s) allocated from:
    #0 0x000101f9140c in malloc+0x70 (libclang_rt.asan_osx_dynamic.dylib:arm64+0x5540c)
    #1 0x0001018be0b0 in cJSON_New_Item+0x1c (libstd_json.dylib:arm64+0x20b0)
    #2 0x0001018c0abc in cJSON_Duplicate_rec+0x40 (libstd_json.dylib:arm64+0x4abc)
    #3 0x0001018c0a6c in cJSON_Duplicate+0x20 (libstd_json.dylib:arm64+0x4a6c)
    #4 0x0001018bd124 in nl_json_get+0x78 (libstd_json.dylib:arm64+0x1124)
    #5 0x000100f37a04 in nhost_json_4+0x340 (schema-nanolang-json-compiler-equality-main.native:arm64+0x1000e7a04)
    #6 0x000100efeb48 in nl___nano_module_1_get+0x898 (schema-nanolang-json-compiler-equality-main.native:arm64+0x1000aeb48)
    #7 0x000100e7b778 in nl_gen_nano_ast+0x101c8 (schema-nanolang-json-compiler-equality-main.native:arm64+0x10002b778)
    #8 0x000100e5573c in nl_main+0x4480 (schema-nanolang-json-compiler-equality-main.native:arm64+0x10000573c)
    #9 0x000100e508c4 in main+0x1c (schema-nanolang-json-compiler-equality-main.native:arm64+0x1000008c4)
    #10 0x0001828804e0 in start+0x1b4c (dyld:arm64e+0x204e0)

Direct leak of 512 byte(s) in 8 object(s) allocated from:
    #0 0x000101f9140c in malloc+0x70 (libclang_rt.asan_osx_dynamic.dylib:arm64+0x5540c)
    #1 0x0001018be0b0 in cJSON_New_Item+0x1c (libstd_json.dylib:arm64+0x20b0)
    #2 0x0001018c0abc in cJSON_Duplicate_rec+0x40 (libstd_json.dylib:arm64+0x4abc)
    #3 0x0001018c0a6c in cJSON_Duplicate+0x20 (libstd_json.dylib:arm64+0x4a6c)
    #4 0x0001018bd124 in nl_json_get+0x78 (libstd_json.dylib:arm64+0x1124)
    #5 0x000100f37a04 in nhost_json_4+0x340 (schema-nanolang-json-compiler-equality-main.native:arm64+0x1000e7a04)
    #6 0x000100efeb48 in nl___nano_module_1_get+0x898 (schema-nanolang-json-compiler-equality-main.native:arm64+0x1000aeb48)
    #7 0x000100e9748c in nl_gen_contracts+0xfc04 (schema-nanolang-json-compiler-equality-main.native:arm64+0x10004748c)
    #8 0x000100e55c30 in nl_main+0x4974 (schema-nanolang-json-compiler-equality-main.native:arm64+0x100005c30)
    #9 0x000100e508c4 in main+0x1c (schema-nanolang-json-compiler-equality-main.native:arm64+0x1000008c4)
    #10 0x0001828804e0 in start+0x1b4c (dyld:arm64e+0x204e0)

Direct leak of 320 byte(s) in 5 object(s) allocated from:
    #0 0x000101f9140c in malloc+0x70 (libclang_rt.asan_osx_dynamic.dylib:arm64+0x5540c)
    #1 0x0001018be0b0 in cJSON_New_Item+0x1c (libstd_json.dylib:arm64+0x20b0)
    #2 0x0001018c0abc in cJSON_Duplicate_rec+0x40 (libstd_json.dylib:arm64+0x4abc)
    #3 0x0001018c0a6c in cJSON_Duplicate+0x20 (libstd_json.dylib:arm64+0x4a6c)
    #4 0x0001018bd124 in nl_json_get+0x78 (libstd_json.dylib:arm64+0x1124)
    #5 0x000100f37a04 in nhost_json_4+0x340 (schema-nanolang-json-compiler-equality-main.native:arm64+0x1000e7a04)
    #6 0x000100efeb48 in nl___nano_module_1_get+0x898 (schema-nanolang-json-compiler-equality-main.native:arm64+0x1000aeb48)
    #7 0x000100ef2584 in nl_gen_c+0x4efec (schema-nanolang-json-compiler-equality-main.native:arm64+0x1000a2584)
    #8 0x000100e56124 in nl_main+0x4e68 (schema-nanolang-json-compiler-equality-main.native:arm64+0x100006124)
    #9 0x000100e508c4 in main+0x1c (schema-nanolang-json-compiler-equality-main.native:arm64+0x1000008c4)
    #10 0x0001828804e0 in start+0x1b4c (dyld:arm64e+0x204e0)

Direct leak of 192 byte(s) in 3 object(s) allocated from:
    #0 0x000101f9140c in malloc+0x70 (libclang_rt.asan_osx_dynamic.dylib:arm64+0x5540c)
    #1 0x0001018be0b0 in cJSON_New_Item+0x1c (libstd_json.dylib:arm64+0x20b0)
    #2 0x0001018c0abc in cJSON_Duplicate_rec+0x40 (libstd_json.dylib:arm64+0x4abc)
    #3 0x0001018c0a6c in cJSON_Duplicate+0x20 (libstd_json.dylib:arm64+0x4a6c)
    #4 0x0001018bd124 in nl_json_get+0x78 (libstd_json.dylib:arm64+0x1124)
    #5 0x000100f37a04 in nhost_json_4+0x340 (schema-nanolang-json-compiler-equality-main.native:arm64+0x1000e7a04)
    #6 0x000100efeb48 in nl___nano_module_1_get+0x898 (schema-nanolang-json-compiler-equality-main.native:arm64+0x1000aeb48)
    #7 0x000100e8e338 in nl_gen_contracts+0x6ab0 (schema-nanolang-json-compiler-equality-main.native:arm64+0x10003e338)
    #8 0x000100e55c30 in nl_main+0x4974 (schema-nanolang-json-compiler-equality-main.native:arm64+0x100005c30)
    #9 0x000100e508c4 in main+0x1c (schema-nanolang-json-compiler-equality-main.native:arm64+0x1000008c4)
    #10 0x0001828804e0 in start+0x1b4c (dyld:arm64e+0x204e0)

Direct leak of 192 byte(s) in 3 object(s) allocated from:
    #0 0x000101f9140c in malloc+0x70 (libclang_rt.asan_osx_dynamic.dylib:arm64+0x5540c)
    #1 0x0001018be0b0 in cJSON_New_Item+0x1c (libstd_json.dylib:arm64+0x20b0)
    #2 0x0001018c0abc in cJSON_Duplicate_rec+0x40 (libstd_json.dylib:arm64+0x4abc)
    #3 0x0001018c0a6c in cJSON_Duplicate+0x20 (libstd_json.dylib:arm64+0x4a6c)
    #4 0x0001018bd124 in nl_json_get+0x78 (libstd_json.dylib:arm64+0x1124)
    #5 0x000100f37a04 in nhost_json_4+0x340 (schema-nanolang-json-compiler-equality-main.native:arm64+0x1000e7a04)
    #6 0x000100efeb48 in nl___nano_module_1_get+0x898 (schema-nanolang-json-compiler-equality-main.native:arm64+0x1000aeb48)
    #7 0x000100e8d5e4 in nl_gen_contracts+0x5d5c (schema-nanolang-json-compiler-equality-main.native:arm64+0x10003d5e4)
    #8 0x000100e55c30 in nl_main+0x4974 (schema-nanolang-json-compiler-equality-main.native:arm64+0x100005c30)
    #9 0x000100e508c4 in main+0x1c (schema-nanolang-json-compiler-equality-main.native:arm64+0x1000008c4)
    #10 0x0001828804e0 in start+0x1b4c (dyld:arm64e+0x204e0)

Direct leak of 192 byte(s) in 3 object(s) allocated from:
    #0 0x000101f9140c in malloc+0x70 (libclang_rt.asan_osx_dynamic.dylib:arm64+0x5540c)
    #1 0x0001018be0b0 in cJSON_New_Item+0x1c (libstd_json.dylib:arm64+0x20b0)
    #2 0x0001018c0abc in cJSON_Duplicate_rec+0x40 (libstd_json.dylib:arm64+0x4abc)
    #3 0x0001018c0a6c in cJSON_Duplicate+0x20 (libstd_json.dylib:arm64+0x4a6c)
    #4 0x0001018bd124 in nl_json_get+0x78 (libstd_json.dylib:arm64+0x1124)
    #5 0x000100f37a04 in nhost_json_4+0x340 (schema-nanolang-json-compiler-equality-main.native:arm64+0x1000e7a04)
    #6 0x000100efeb48 in nl___nano_module_1_get+0x898 (schema-nanolang-json-compiler-equality-main.native:arm64+0x1000aeb48)
    #7 0x000100e8c3b0 in nl_gen_contracts+0x4b28 (schema-nanolang-json-compiler-equality-main.native:arm64+0x10003c3b0)
    #8 0x000100e55c30 in nl_main+0x4974 (schema-nanolang-json-compiler-equality-main.native:arm64+0x100005c30)
    #9 0x000100e508c4 in main+0x1c (schema-nanolang-json-compiler-equality-main.native:arm64+0x1000008c4)
    #10 0x0001828804e0 in start+0x1b4c (dyld:arm64e+0x204e0)

Direct leak of 192 byte(s) in 3 object(s) allocated from:
    #0 0x000101f9140c in malloc+0x70 (libclang_rt.asan_osx_dynamic.dylib:arm64+0x5540c)
    #1 0x0001018be0b0 in cJSON_New_Item+0x1c (libstd_json.dylib:arm64+0x20b0)
    #2 0x0001018c0abc in cJSON_Duplicate_rec+0x40 (libstd_json.dylib:arm64+0x4abc)
    #3 0x0001018c0a6c in cJSON_Duplicate+0x20 (libstd_json.dylib:arm64+0x4a6c)
    #4 0x0001018bd520 in nl_json_get_index+0x7c (libstd_json.dylib:arm64+0x1520)
    #5 0x000100f382a4 in nhost_json_6+0x340 (schema-nanolang-json-compiler-equality-main.native:arm64+0x1000e82a4)
    #6 0x000100effd90 in nl___nano_module_1_get_index+0x928 (schema-nanolang-json-compiler-equality-main.native:arm64+0x1000afd90)
    #7 0x000100e6f454 in nl_gen_nano_ast+0x3ea4 (schema-nanolang-json-compiler-equality-main.native:arm64+0x10001f454)
    #8 0x000100e5573c in nl_main+0x4480 (schema-nanolang-json-compiler-equality-main.native:arm64+0x10000573c)
    #9 0x000100e508c4 in main+0x1c (schema-nanolang-json-compiler-equality-main.native:arm64+0x1000008c4)
    #10 0x0001828804e0 in start+0x1b4c (dyld:arm64e+0x204e0)

Direct leak of 192 byte(s) in 3 object(s) allocated from:
    #0 0x000101f9140c in malloc+0x70 (libclang_rt.asan_osx_dynamic.dylib:arm64+0x5540c)
    #1 0x0001018be0b0 in cJSON_New_Item+0x1c (libstd_json.dylib:arm64+0x20b0)
    #2 0x0001018c0abc in cJSON_Duplicate_rec+0x40 (libstd_json.dylib:arm64+0x4abc)
    #3 0x0001018c0a6c in cJSON_Duplicate+0x20 (libstd_json.dylib:arm64+0x4a6c)
    #4 0x0001018bd124 in nl_json_get+0x78 (libstd_json.dylib:arm64+0x1124)
    #5 0x000100f37a04 in nhost_json_4+0x340 (schema-nanolang-json-compiler-equality-main.native:arm64+0x1000e7a04)
    #6 0x000100efeb48 in nl___nano_module_1_get+0x898 (schema-nanolang-json-compiler-equality-main.native:arm64+0x1000aeb48)
    #7 0x000100e70698 in nl_gen_nano_ast+0x50e8 (schema-nanolang-json-compiler-equality-main.native:arm64+0x100020698)
    #8 0x000100e5573c in nl_main+0x4480 (schema-nanolang-json-compiler-equality-main.native:arm64+0x10000573c)
    #9 0x000100e508c4 in main+0x1c (schema-nanolang-json-compiler-equality-main.native:arm64+0x1000008c4)
    #10 0x0001828804e0 in start+0x1b4c (dyld:arm64e+0x204e0)

Direct leak of 192 byte(s) in 3 object(s) allocated from:
    #0 0x000101f9140c in malloc+0x70 (libclang_rt.asan_osx_dynamic.dylib:arm64+0x5540c)
    #1 0x0001018be0b0 in cJSON_New_Item+0x1c (libstd_json.dylib:arm64+0x20b0)
    #2 0x0001018c0abc in cJSON_Duplicate_rec+0x40 (libstd_json.dylib:arm64+0x4abc)
    #3 0x0001018c0a6c in cJSON_Duplicate+0x20 (libstd_json.dylib:arm64+0x4a6c)
    #4 0x0001018bd520 in nl_json_get_index+0x7c (libstd_json.dylib:arm64+0x1520)
    #5 0x000100f382a4 in nhost_json_6+0x340 (schema-nanolang-json-compiler-equality-main.native:arm64+0x1000e82a4)
    #6 0x000100effd90 in nl___nano_module_1_get_index+0x928 (schema-nanolang-json-compiler-equality-main.native:arm64+0x1000afd90)
    #7 0x000100ec3a3c in nl_gen_c+0x204a4 (schema-nanolang-json-compiler-equality-main.native:arm64+0x100073a3c)
    #8 0x000100e56124 in nl_main+0x4e68 (schema-nanolang-json-compiler-equality-main.native:arm64+0x100006124)
    #9 0x000100e508c4 in main+0x1c (schema-nanolang-json-compiler-equality-main.native:arm64+0x1000008c4)
    #10 0x0001828804e0 in start+0x1b4c (dyld:arm64e+0x204e0)

Direct leak of 192 byte(s) in 3 object(s) allocated from:
    #0 0x000101f9140c in malloc+0x70 (libclang_rt.asan_osx_dynamic.dylib:arm64+0x5540c)
    #1 0x0001018be0b0 in cJSON_New_Item+0x1c (libstd_json.dylib:arm64+0x20b0)
    #2 0x0001018c0abc in cJSON_Duplicate_rec+0x40 (libstd_json.dylib:arm64+0x4abc)
    #3 0x0001018c0a6c in cJSON_Duplicate+0x20 (libstd_json.dylib:arm64+0x4a6c)
    #4 0x0001018bd520 in nl_json_get_index+0x7c (libstd_json.dylib:arm64+0x1520)
    #5 0x000100f382a4 in nhost_json_6+0x340 (schema-nanolang-json-compiler-equality-main.native:arm64+0x1000e82a4)
    #6 0x000100effd90 in nl___nano_module_1_get_index+0x928 (schema-nanolang-json-compiler-equality-main.native:arm64+0x1000afd90)
    #7 0x000100e8b16c in nl_gen_contracts+0x38e4 (schema-nanolang-json-compiler-equality-main.native:arm64+0x10003b16c)
    #8 0x000100e55c30 in nl_main+0x4974 (schema-nanolang-json-compiler-equality-main.native:arm64+0x100005c30)
    #9 0x000100e508c4 in main+0x1c (schema-nanolang-json-compiler-equality-main.native:arm64+0x1000008c4)
    #10 0x0001828804e0 in start+0x1b4c (dyld:arm64e+0x204e0)

Direct leak of 128 byte(s) in 2 object(s) allocated from:
    #0 0x000101f9140c in malloc+0x70 (libclang_rt.asan_osx_dynamic.dylib:arm64+0x5540c)
    #1 0x0001018be0b0 in cJSON_New_Item+0x1c (libstd_json.dylib:arm64+0x20b0)
    #2 0x0001018c0abc in cJSON_Duplicate_rec+0x40 (libstd_json.dylib:arm64+0x4abc)
    #3 0x0001018c0a6c in cJSON_Duplicate+0x20 (libstd_json.dylib:arm64+0x4a6c)
    #4 0x0001018bd124 in nl_json_get+0x78 (libstd_json.dylib:arm64+0x1124)
    #5 0x000100f37a04 in nhost_json_4+0x340 (schema-nanolang-json-compiler-equality-main.native:arm64+0x1000e7a04)
    #6 0x000100efeb48 in nl___nano_module_1_get+0x898 (schema-nanolang-json-compiler-equality-main.native:arm64+0x1000aeb48)
    #7 0x000100ec5554 in nl_gen_c+0x21fbc (schema-nanolang-json-compiler-equality-main.native:arm64+0x100075554)
    #8 0x000100e56124 in nl_main+0x4e68 (schema-nanolang-json-compiler-equality-main.native:arm64+0x100006124)
    #9 0x000100e508c4 in main+0x1c (schema-nanolang-json-compiler-equality-main.native:arm64+0x1000008c4)
    #10 0x0001828804e0 in start+0x1b4c (dyld:arm64e+0x204e0)

Direct leak of 128 byte(s) in 2 object(s) allocated from:
    #0 0x000101f9140c in malloc+0x70 (libclang_rt.asan_osx_dynamic.dylib:arm64+0x5540c)
    #1 0x0001018be0b0 in cJSON_New_Item+0x1c (libstd_json.dylib:arm64+0x20b0)
    #2 0x0001018c0abc in cJSON_Duplicate_rec+0x40 (libstd_json.dylib:arm64+0x4abc)
    #3 0x0001018c0a6c in cJSON_Duplicate+0x20 (libstd_json.dylib:arm64+0x4a6c)
    #4 0x0001018bd124 in nl_json_get+0x78 (libstd_json.dylib:arm64+0x1124)
    #5 0x000100f37a04 in nhost_json_4+0x340 (schema-nanolang-json-compiler-equality-main.native:arm64+0x1000e7a04)
    #6 0x000100efeb48 in nl___nano_module_1_get+0x898 (schema-nanolang-json-compiler-equality-main.native:arm64+0x1000aeb48)
    #7 0x000100ec6cd4 in nl_gen_c+0x2373c (schema-nanolang-json-compiler-equality-main.native:arm64+0x100076cd4)
    #8 0x000100e56124 in nl_main+0x4e68 (schema-nanolang-json-compiler-equality-main.native:arm64+0x100006124)
    #9 0x000100e508c4 in main+0x1c (schema-nanolang-json-compiler-equality-main.native:arm64+0x1000008c4)
    #10 0x0001828804e0 in start+0x1b4c (dyld:arm64e+0x204e0)

Direct leak of 128 byte(s) in 2 object(s) allocated from:
    #0 0x000101f9140c in malloc+0x70 (libclang_rt.asan_osx_dynamic.dylib:arm64+0x5540c)
    #1 0x0001018be0b0 in cJSON_New_Item+0x1c (libstd_json.dylib:arm64+0x20b0)
    #2 0x0001018c0abc in cJSON_Duplicate_rec+0x40 (libstd_json.dylib:arm64+0x4abc)
    #3 0x0001018c0a6c in cJSON_Duplicate+0x20 (libstd_json.dylib:arm64+0x4a6c)
    #4 0x0001018bd124 in nl_json_get+0x78 (libstd_json.dylib:arm64+0x1124)
    #5 0x000100f37a04 in nhost_json_4+0x340 (schema-nanolang-json-compiler-equality-main.native:arm64+0x1000e7a04)
    #6 0x000100efeb48 in nl___nano_module_1_get+0x898 (schema-nanolang-json-compiler-equality-main.native:arm64+0x1000aeb48)
    #7 0x000100ec81e8 in nl_gen_c+0x24c50 (schema-nanolang-json-compiler-equality-main.native:arm64+0x1000781e8)
    #8 0x000100e56124 in nl_main+0x4e68 (schema-nanolang-json-compiler-equality-main.native:arm64+0x100006124)
    #9 0x000100e508c4 in main+0x1c (schema-nanolang-json-compiler-equality-main.native:arm64+0x1000008c4)
    #10 0x0001828804e0 in start+0x1b4c (dyld:arm64e+0x204e0)

Direct leak of 64 byte(s) in 1 object(s) allocated from:
    #0 0x000101f9140c in malloc+0x70 (libclang_rt.asan_osx_dynamic.dylib:arm64+0x5540c)
    #1 0x0001018be0b0 in cJSON_New_Item+0x1c (libstd_json.dylib:arm64+0x20b0)
    #2 0x0001018c0abc in cJSON_Duplicate_rec+0x40 (libstd_json.dylib:arm64+0x4abc)
    #3 0x0001018c0a6c in cJSON_Duplicate+0x20 (libstd_json.dylib:arm64+0x4a6c)
    #4 0x0001018bd124 in nl_json_get+0x78 (libstd_json.dylib:arm64+0x1124)
    #5 0x000100f37a04 in nhost_json_4+0x340 (schema-nanolang-json-compiler-equality-main.native:arm64+0x1000e7a04)
    #6 0x000100efeb48 in nl___nano_module_1_get+0x898 (schema-nanolang-json-compiler-equality-main.native:arm64+0x1000aeb48)
    #7 0x000100e5f6d0 in nl_gen_nano_schema+0x1754 (schema-nanolang-json-compiler-equality-main.native:arm64+0x10000f6d0)
    #8 0x000100e55248 in nl_main+0x3f8c (schema-nanolang-json-compiler-equality-main.native:arm64+0x100005248)
    #9 0x000100e508c4 in main+0x1c (schema-nanolang-json-compiler-equality-main.native:arm64+0x1000008c4)
    #10 0x0001828804e0 in start+0x1b4c (dyld:arm64e+0x204e0)

Direct leak of 64 byte(s) in 1 object(s) allocated from:
    #0 0x000101f9140c in malloc+0x70 (libclang_rt.asan_osx_dynamic.dylib:arm64+0x5540c)
    #1 0x0001018be0b0 in cJSON_New_Item+0x1c (libstd_json.dylib:arm64+0x20b0)
    #2 0x0001018c0abc in cJSON_Duplicate_rec+0x40 (libstd_json.dylib:arm64+0x4abc)
    #3 0x0001018c0a6c in cJSON_Duplicate+0x20 (libstd_json.dylib:arm64+0x4a6c)
    #4 0x0001018bd124 in nl_json_get+0x78 (libstd_json.dylib:arm64+0x1124)
    #5 0x000100f37a04 in nhost_json_4+0x340 (schema-nanolang-json-compiler-equality-main.native:arm64+0x1000e7a04)
    #6 0x000100efeb48 in nl___nano_module_1_get+0x898 (schema-nanolang-json-compiler-equality-main.native:arm64+0x1000aeb48)
    #7 0x000100eaa400 in nl_gen_c+0x6e68 (schema-nanolang-json-compiler-equality-main.native:arm64+0x10005a400)
    #8 0x000100e56124 in nl_main+0x4e68 (schema-nanolang-json-compiler-equality-main.native:arm64+0x100006124)
    #9 0x000100e508c4 in main+0x1c (schema-nanolang-json-compiler-equality-main.native:arm64+0x1000008c4)
    #10 0x0001828804e0 in start+0x1b4c (dyld:arm64e+0x204e0)

Direct leak of 64 byte(s) in 1 object(s) allocated from:
    #0 0x000101f9140c in malloc+0x70 (libclang_rt.asan_osx_dynamic.dylib:arm64+0x5540c)
    #1 0x0001018be0b0 in cJSON_New_Item+0x1c (libstd_json.dylib:arm64+0x20b0)
    #2 0x0001018c0abc in cJSON_Duplicate_rec+0x40 (libstd_json.dylib:arm64+0x4abc)
    #3 0x0001018c0a6c in cJSON_Duplicate+0x20 (libstd_json.dylib:arm64+0x4a6c)
    #4 0x0001018bd124 in nl_json_get+0x78 (libstd_json.dylib:arm64+0x1124)
    #5 0x000100f37a04 in nhost_json_4+0x340 (schema-nanolang-json-compiler-equality-main.native:arm64+0x1000e7a04)
    #6 0x000100efeb48 in nl___nano_module_1_get+0x898 (schema-nanolang-json-compiler-equality-main.native:arm64+0x1000aeb48)
    #7 0x000100ec1a60 in nl_gen_c+0x1e4c8 (schema-nanolang-json-compiler-equality-main.native:arm64+0x100071a60)
    #8 0x000100e56124 in nl_main+0x4e68 (schema-nanolang-json-compiler-equality-main.native:arm64+0x100006124)
    #9 0x000100e508c4 in main+0x1c (schema-nanolang-json-compiler-equality-main.native:arm64+0x1000008c4)
    #10 0x0001828804e0 in start+0x1b4c (dyld:arm64e+0x204e0)

Direct leak of 64 byte(s) in 1 object(s) allocated from:
    #0 0x000101f9140c in malloc+0x70 (libclang_rt.asan_osx_dynamic.dylib:arm64+0x5540c)
    #1 0x0001018be0b0 in cJSON_New_Item+0x1c (libstd_json.dylib:arm64+0x20b0)
    #2 0x0001018c0abc in cJSON_Duplicate_rec+0x40 (libstd_json.dylib:arm64+0x4abc)
    #3 0x0001018c0a6c in cJSON_Duplicate+0x20 (libstd_json.dylib:arm64+0x4a6c)
    #4 0x0001018bd124 in nl_json_get+0x78 (libstd_json.dylib:arm64+0x1124)
    #5 0x000100f37a04 in nhost_json_4+0x340 (schema-nanolang-json-compiler-equality-main.native:arm64+0x1000e7a04)
    #6 0x000100efeb48 in nl___nano_module_1_get+0x898 (schema-nanolang-json-compiler-equality-main.native:arm64+0x1000aeb48)
    #7 0x000100e94e9c in nl_gen_contracts+0xd614 (schema-nanolang-json-compiler-equality-main.native:arm64+0x100044e9c)
    #8 0x000100e55c30 in nl_main+0x4974 (schema-nanolang-json-compiler-equality-main.native:arm64+0x100005c30)
    #9 0x000100e508c4 in main+0x1c (schema-nanolang-json-compiler-equality-main.native:arm64+0x1000008c4)
    #10 0x0001828804e0 in start+0x1b4c (dyld:arm64e+0x204e0)

Direct leak of 64 byte(s) in 1 object(s) allocated from:
    #0 0x000101f9140c in malloc+0x70 (libclang_rt.asan_osx_dynamic.dylib:arm64+0x5540c)
    #1 0x0001018be0b0 in cJSON_New_Item+0x1c (libstd_json.dylib:arm64+0x20b0)
    #2 0x0001018c0abc in cJSON_Duplicate_rec+0x40 (libstd_json.dylib:arm64+0x4abc)
    #3 0x0001018c0a6c in cJSON_Duplicate+0x20 (libstd_json.dylib:arm64+0x4a6c)
    #4 0x0001018bd124 in nl_json_get+0x78 (libstd_json.dylib:arm64+0x1124)
    #5 0x000100f37a04 in nhost_json_4+0x340 (schema-nanolang-json-compiler-equality-main.native:arm64+0x1000e7a04)
    #6 0x000100efeb48 in nl___nano_module_1_get+0x898 (schema-nanolang-json-compiler-equality-main.native:arm64+0x1000aeb48)
    #7 0x000100e89b60 in nl_gen_contracts+0x22d8 (schema-nanolang-json-compiler-equality-main.native:arm64+0x100039b60)
    #8 0x000100e55c30 in nl_main+0x4974 (schema-nanolang-json-compiler-equality-main.native:arm64+0x100005c30)
    #9 0x000100e508c4 in main+0x1c (schema-nanolang-json-compiler-equality-main.native:arm64+0x1000008c4)
    #10 0x0001828804e0 in start+0x1b4c (dyld:arm64e+0x204e0)

Direct leak of 64 byte(s) in 1 object(s) allocated from:
    #0 0x000101f9140c in malloc+0x70 (libclang_rt.asan_osx_dynamic.dylib:arm64+0x5540c)
    #1 0x0001018be0b0 in cJSON_New_Item+0x1c (libstd_json.dylib:arm64+0x20b0)
    #2 0x0001018c0abc in cJSON_Duplicate_rec+0x40 (libstd_json.dylib:arm64+0x4abc)
    #3 0x0001018c0a6c in cJSON_Duplicate+0x20 (libstd_json.dylib:arm64+0x4a6c)
    #4 0x0001018bd124 in nl_json_get+0x78 (libstd_json.dylib:arm64+0x1124)
    #5 0x000100f37a04 in nhost_json_4+0x340 (schema-nanolang-json-compiler-equality-main.native:arm64+0x1000e7a04)
    #6 0x000100efeb48 in nl___nano_module_1_get+0x898 (schema-nanolang-json-compiler-equality-main.native:arm64+0x1000aeb48)
    #7 0x000100ed37c4 in nl_gen_c+0x3022c (schema-nanolang-json-compiler-equality-main.native:arm64+0x1000837c4)
    #8 0x000100e56124 in nl_main+0x4e68 (schema-nanolang-json-compiler-equality-main.native:arm64+0x100006124)
    #9 0x000100e508c4 in main+0x1c (schema-nanolang-json-compiler-equality-main.native:arm64+0x1000008c4)
    #10 0x0001828804e0 in start+0x1b4c (dyld:arm64e+0x204e0)

Direct leak of 64 byte(s) in 1 object(s) allocated from:
    #0 0x000101f9140c in malloc+0x70 (libclang_rt.asan_osx_dynamic.dylib:arm64+0x5540c)
    #1 0x0001018be0b0 in cJSON_New_Item+0x1c (libstd_json.dylib:arm64+0x20b0)
    #2 0x0001018c0abc in cJSON_Duplicate_rec+0x40 (libstd_json.dylib:arm64+0x4abc)
    #3 0x0001018c0a6c in cJSON_Duplicate+0x20 (libstd_json.dylib:arm64+0x4a6c)
    #4 0x0001018bd124 in nl_json_get+0x78 (libstd_json.dylib:arm64+0x1124)
    #5 0x000100f37a04 in nhost_json_4+0x340 (schema-nanolang-json-compiler-equality-main.native:arm64+0x1000e7a04)
    #6 0x000100efeb48 in nl___nano_module_1_get+0x898 (schema-nanolang-json-compiler-equality-main.native:arm64+0x1000aeb48)
    #7 0x000100ee41f8 in nl_gen_c+0x40c60 (schema-nanolang-json-compiler-equality-main.native:arm64+0x1000941f8)
    #8 0x000100e56124 in nl_main+0x4e68 (schema-nanolang-json-compiler-equality-main.native:arm64+0x100006124)
    #9 0x000100e508c4 in main+0x1c (schema-nanolang-json-compiler-equality-main.native:arm64+0x1000008c4)
    #10 0x0001828804e0 in start+0x1b4c (dyld:arm64e+0x204e0)

Direct leak of 64 byte(s) in 1 object(s) allocated from:
    #0 0x000101f9140c in malloc+0x70 (libclang_rt.asan_osx_dynamic.dylib:arm64+0x5540c)
    #1 0x0001018be0b0 in cJSON_New_Item+0x1c (libstd_json.dylib:arm64+0x20b0)
    #2 0x0001018c0abc in cJSON_Duplicate_rec+0x40 (libstd_json.dylib:arm64+0x4abc)
    #3 0x0001018c0a6c in cJSON_Duplicate+0x20 (libstd_json.dylib:arm64+0x4a6c)
    #4 0x0001018bd124 in nl_json_get+0x78 (libstd_json.dylib:arm64+0x1124)
    #5 0x000100f37a04 in nhost_json_4+0x340 (schema-nanolang-json-compiler-equality-main.native:arm64+0x1000e7a04)
    #6 0x000100efeb48 in nl___nano_module_1_get+0x898 (schema-nanolang-json-compiler-equality-main.native:arm64+0x1000aeb48)
    #7 0x000100e79188 in nl_gen_nano_ast+0xdbd8 (schema-nanolang-json-compiler-equality-main.native:arm64+0x100029188)
    #8 0x000100e5573c in nl_main+0x4480 (schema-nanolang-json-compiler-equality-main.native:arm64+0x10000573c)
    #9 0x000100e508c4 in main+0x1c (schema-nanolang-json-compiler-equality-main.native:arm64+0x1000008c4)
    #10 0x0001828804e0 in start+0x1b4c (dyld:arm64e+0x204e0)

Direct leak of 64 byte(s) in 1 object(s) allocated from:
    #0 0x000101f9140c in malloc+0x70 (libclang_rt.asan_osx_dynamic.dylib:arm64+0x5540c)
    #1 0x0001018be0b0 in cJSON_New_Item+0x1c (libstd_json.dylib:arm64+0x20b0)
    #2 0x0001018c0abc in cJSON_Duplicate_rec+0x40 (libstd_json.dylib:arm64+0x4abc)
    #3 0x0001018c0a6c in cJSON_Duplicate+0x20 (libstd_json.dylib:arm64+0x4a6c)
    #4 0x0001018bd124 in nl_json_get+0x78 (libstd_json.dylib:arm64+0x1124)
    #5 0x000100f37a04 in nhost_json_4+0x340 (schema-nanolang-json-compiler-equality-main.native:arm64+0x1000e7a04)
    #6 0x000100efeb48 in nl___nano_module_1_get+0x898 (schema-nanolang-json-compiler-equality-main.native:arm64+0x1000aeb48)
    #7 0x000100edca18 in nl_gen_c+0x39480 (schema-nanolang-json-compiler-equality-main.native:arm64+0x10008ca18)
    #8 0x000100e56124 in nl_main+0x4e68 (schema-nanolang-json-compiler-equality-main.native:arm64+0x100006124)
    #9 0x000100e508c4 in main+0x1c (schema-nanolang-json-compiler-equality-main.native:arm64+0x1000008c4)
    #10 0x0001828804e0 in start+0x1b4c (dyld:arm64e+0x204e0)

Direct leak of 64 byte(s) in 1 object(s) allocated from:
    #0 0x000101f9140c in malloc+0x70 (libclang_rt.asan_osx_dynamic.dylib:arm64+0x5540c)
    #1 0x0001018be0b0 in cJSON_New_Item+0x1c (libstd_json.dylib:arm64+0x20b0)
    #2 0x0001018c0abc in cJSON_Duplicate_rec+0x40 (libstd_json.dylib:arm64+0x4abc)
    #3 0x0001018c0a6c in cJSON_Duplicate+0x20 (libstd_json.dylib:arm64+0x4a6c)
    #4 0x0001018bd124 in nl_json_get+0x78 (libstd_json.dylib:arm64+0x1124)
    #5 0x000100f37a04 in nhost_json_4+0x340 (schema-nanolang-json-compiler-equality-main.native:arm64+0x1000e7a04)
    #6 0x000100efeb48 in nl___nano_module_1_get+0x898 (schema-nanolang-json-compiler-equality-main.native:arm64+0x1000aeb48)
    #7 0x000100e6de48 in nl_gen_nano_ast+0x2898 (schema-nanolang-json-compiler-equality-main.native:arm64+0x10001de48)
    #8 0x000100e5573c in nl_main+0x4480 (schema-nanolang-json-compiler-equality-main.native:arm64+0x10000573c)
    #9 0x000100e508c4 in main+0x1c (schema-nanolang-json-compiler-equality-main.native:arm64+0x1000008c4)
    #10 0x0001828804e0 in start+0x1b4c (dyld:arm64e+0x204e0)

Direct leak of 64 byte(s) in 1 object(s) allocated from:
    #0 0x000101f9140c in malloc+0x70 (libclang_rt.asan_osx_dynamic.dylib:arm64+0x5540c)
    #1 0x0001018be0b0 in cJSON_New_Item+0x1c (libstd_json.dylib:arm64+0x20b0)
    #2 0x0001018c0abc in cJSON_Duplicate_rec+0x40 (libstd_json.dylib:arm64+0x4abc)
    #3 0x0001018c0a6c in cJSON_Duplicate+0x20 (libstd_json.dylib:arm64+0x4a6c)
    #4 0x0001018bd124 in nl_json_get+0x78 (libstd_json.dylib:arm64+0x1124)
    #5 0x000100f37a04 in nhost_json_4+0x340 (schema-nanolang-json-compiler-equality-main.native:arm64+0x1000e7a04)
    #6 0x000100efeb48 in nl___nano_module_1_get+0x898 (schema-nanolang-json-compiler-equality-main.native:arm64+0x1000aeb48)
    #7 0x000100e663a0 in nl_gen_nano_schema+0x8424 (schema-nanolang-json-compiler-equality-main.native:arm64+0x1000163a0)
    #8 0x000100e55248 in nl_main+0x3f8c (schema-nanolang-json-compiler-equality-main.native:arm64+0x100005248)
    #9 0x000100e508c4 in main+0x1c (schema-nanolang-json-compiler-equality-main.native:arm64+0x1000008c4)
    #10 0x0001828804e0 in start+0x1b4c (dyld:arm64e+0x204e0)

Direct leak of 64 byte(s) in 1 object(s) allocated from:
    #0 0x000101f9140c in malloc+0x70 (libclang_rt.asan_osx_dynamic.dylib:arm64+0x5540c)
    #1 0x0001018be0b0 in cJSON_New_Item+0x1c (libstd_json.dylib:arm64+0x20b0)
    #2 0x0001018c0abc in cJSON_Duplicate_rec+0x40 (libstd_json.dylib:arm64+0x4abc)
    #3 0x0001018c0a6c in cJSON_Duplicate+0x20 (libstd_json.dylib:arm64+0x4a6c)
    #4 0x0001018bd124 in nl_json_get+0x78 (libstd_json.dylib:arm64+0x1124)
    #5 0x000100f37a04 in nhost_json_4+0x340 (schema-nanolang-json-compiler-equality-main.native:arm64+0x1000e7a04)
    #6 0x000100efeb48 in nl___nano_module_1_get+0x898 (schema-nanolang-json-compiler-equality-main.native:arm64+0x1000aeb48)
    #7 0x000100ef3ca4 in nl_gen_c+0x5070c (schema-nanolang-json-compiler-equality-main.native:arm64+0x1000a3ca4)
    #8 0x000100e56124 in nl_main+0x4e68 (schema-nanolang-json-compiler-equality-main.native:arm64+0x100006124)
    #9 0x000100e508c4 in main+0x1c (schema-nanolang-json-compiler-equality-main.native:arm64+0x1000008c4)
    #10 0x0001828804e0 in start+0x1b4c (dyld:arm64e+0x204e0)

Indirect leak of 44672 byte(s) in 698 object(s) allocated from:
    #0 0x000101f9140c in malloc+0x70 (libclang_rt.asan_osx_dynamic.dylib:arm64+0x5540c)
    #1 0x0001018be0b0 in cJSON_New_Item+0x1c (libstd_json.dylib:arm64+0x20b0)
    #2 0x0001018c0abc in cJSON_Duplicate_rec+0x40 (libstd_json.dylib:arm64+0x4abc)
    #3 0x0001018c0c18 in cJSON_Duplicate_rec+0x19c (libstd_json.dylib:arm64+0x4c18)
    #4 0x0001018c0c18 in cJSON_Duplicate_rec+0x19c (libstd_json.dylib:arm64+0x4c18)
    #5 0x0001018c0c18 in cJSON_Duplicate_rec+0x19c (libstd_json.dylib:arm64+0x4c18)
    #6 0x0001018c0a6c in cJSON_Duplicate+0x20 (libstd_json.dylib:arm64+0x4a6c)
    #7 0x0001018bd520 in nl_json_get_index+0x7c (libstd_json.dylib:arm64+0x1520)
    #8 0x000100f382a4 in nhost_json_6+0x340 (schema-nanolang-json-compiler-equality-main.native:arm64+0x1000e82a4)
    #9 0x000100effd90 in nl___nano_module_1_get_index+0x928 (schema-nanolang-json-compiler-equality-main.native:arm64+0x1000afd90)
    #10 0x000100e96370 in nl_gen_contracts+0xeae8 (schema-nanolang-json-compiler-equality-main.native:arm64+0x100046370)
    #11 0x000100e55c30 in nl_main+0x4974 (schema-nanolang-json-compiler-equality-main.native:arm64+0x100005c30)
    #12 0x000100e508c4 in main+0x1c (schema-nanolang-json-compiler-equality-main.native:arm64+0x1000008c4)
    #13 0x0001828804e0 in start+0x1b4c (dyld:arm64e+0x204e0)

Indirect leak of 44672 byte(s) in 698 object(s) allocated from:
    #0 0x000101f9140c in malloc+0x70 (libclang_rt.asan_osx_dynamic.dylib:arm64+0x5540c)
    #1 0x0001018be0b0 in cJSON_New_Item+0x1c (libstd_json.dylib:arm64+0x20b0)
    #2 0x0001018c0abc in cJSON_Duplicate_rec+0x40 (libstd_json.dylib:arm64+0x4abc)
    #3 0x0001018c0c18 in cJSON_Duplicate_rec+0x19c (libstd_json.dylib:arm64+0x4c18)
    #4 0x0001018c0a6c in cJSON_Duplicate+0x20 (libstd_json.dylib:arm64+0x4a6c)
    #5 0x0001018bd520 in nl_json_get_index+0x7c (libstd_json.dylib:arm64+0x1520)
    #6 0x000100f382a4 in nhost_json_6+0x340 (schema-nanolang-json-compiler-equality-main.native:arm64+0x1000e82a4)
    #7 0x000100effd90 in nl___nano_module_1_get_index+0x928 (schema-nanolang-json-compiler-equality-main.native:arm64+0x1000afd90)
    #8 0x000100eee404 in nl_gen_c+0x4ae6c (schema-nanolang-json-compiler-equality-main.native:arm64+0x10009e404)
    #9 0x000100e56124 in nl_main+0x4e68 (schema-nanolang-json-compiler-equality-main.native:arm64+0x100006124)
    #10 0x000100e508c4 in main+0x1c (schema-nanolang-json-compiler-equality-main.native:arm64+0x1000008c4)
    #11 0x0001828804e0 in start+0x1b4c (dyld:arm64e+0x204e0)

Indirect leak of 44672 byte(s) in 698 object(s) allocated from:
    #0 0x000101f9140c in malloc+0x70 (libclang_rt.asan_osx_dynamic.dylib:arm64+0x5540c)
    #1 0x0001018be0b0 in cJSON_New_Item+0x1c (libstd_json.dylib:arm64+0x20b0)
    #2 0x0001018c0abc in cJSON_Duplicate_rec+0x40 (libstd_json.dylib:arm64+0x4abc)
    #3 0x0001018c0c18 in cJSON_Duplicate_rec+0x19c (libstd_json.dylib:arm64+0x4c18)
    #4 0x0001018c0c18 in cJSON_Duplicate_rec+0x19c (libstd_json.dylib:arm64+0x4c18)
    #5 0x0001018c0c18 in cJSON_Duplicate_rec+0x19c (libstd_json.dylib:arm64+0x4c18)
    #6 0x0001018c0c18 in cJSON_Duplicate_rec+0x19c (libstd_json.dylib:arm64+0x4c18)
    #7 0x0001018c0a6c in cJSON_Duplicate+0x20 (libstd_json.dylib:arm64+0x4a6c)
    #8 0x0001018bd124 in nl_json_get+0x78 (libstd_json.dylib:arm64+0x1124)
    #9 0x000100f37a04 in nhost_json_4+0x340 (schema-nanolang-json-compiler-equality-main.native:arm64+0x1000e7a04)
    #10 0x000100efeb48 in nl___nano_module_1_get+0x898 (schema-nanolang-json-compiler-equality-main.native:arm64+0x1000aeb48)
    #11 0x000100ee41f8 in nl_gen_c+0x40c60 (schema-nanolang-json-compiler-equality-main.native:arm64+0x1000941f8)
    #12 0x000100e56124 in nl_main+0x4e68 (schema-nanolang-json-compiler-equality-main.native:arm64+0x100006124)
    #13 0x000100e508c4 in main+0x1c (schema-nanolang-json-compiler-equality-main.native:arm64+0x1000008c4)
    #14 0x0001828804e0 in start+0x1b4c (dyld:arm64e+0x204e0)

Indirect leak of 44672 byte(s) in 698 object(s) allocated from:
    #0 0x000101f9140c in malloc+0x70 (libclang_rt.asan_osx_dynamic.dylib:arm64+0x5540c)
    #1 0x0001018be0b0 in cJSON_New_Item+0x1c (libstd_json.dylib:arm64+0x20b0)
    #2 0x0001018c0abc in cJSON_Duplicate_rec+0x40 (libstd_json.dylib:arm64+0x4abc)
    #3 0x0001018c0c18 in cJSON_Duplicate_rec+0x19c (libstd_json.dylib:arm64+0x4c18)
    #4 0x0001018c0c18 in cJSON_Duplicate_rec+0x19c (libstd_json.dylib:arm64+0x4c18)
    #5 0x0001018c0c18 in cJSON_Duplicate_rec+0x19c (libstd_json.dylib:arm64+0x4c18)
    #6 0x0001018c0a6c in cJSON_Duplicate+0x20 (libstd_json.dylib:arm64+0x4a6c)
    #7 0x0001018bd520 in nl_json_get_index+0x7c (libstd_json.dylib:arm64+0x1520)
    #8 0x000100f382a4 in nhost_json_6+0x340 (schema-nanolang-json-compiler-equality-main.native:arm64+0x1000e82a4)
    #9 0x000100effd90 in nl___nano_module_1_get_index+0x928 (schema-nanolang-json-compiler-equality-main.native:arm64+0x1000afd90)
    #10 0x000100eac174 in nl_gen_c+0x8bdc (schema-nanolang-json-compiler-equality-main.native:arm64+0x10005c174)
    #11 0x000100e56124 in nl_main+0x4e68 (schema-nanolang-json-compiler-equality-main.native:arm64+0x100006124)
    #12 0x000100e508c4 in main+0x1c (schema-nanolang-json-compiler-equality-main.native:arm64+0x1000008c4)
    #13 0x0001828804e0 in start+0x1b4c (dyld:arm64e+0x204e0)

Indirect leak of 44672 byte(s) in 698 object(s) allocated from:
    #0 0x000101f9140c in malloc+0x70 (libclang_rt.asan_osx_dynamic.dylib:arm64+0x5540c)
    #1 0x0001018be0b0 in cJSON_New_Item+0x1c (libstd_json.dylib:arm64+0x20b0)
    #2 0x0001018c0abc in cJSON_Duplicate_rec+0x40 (libstd_json.dylib:arm64+0x4abc)
    #3 0x0001018c0c18 in cJSON_Duplicate_rec+0x19c (libstd_json.dylib:arm64+0x4c18)
    #4 0x0001018c0a6c in cJSON_Duplicate+0x20 (libstd_json.dylib:arm64+0x4a6c)
    #5 0x0001018bd520 in nl_json_get_index+0x7c (libstd_json.dylib:arm64+0x1520)
    #6 0x000100f382a4 in nhost_json_6+0x340 (schema-nanolang-json-compiler-equality-main.native:arm64+0x1000e82a4)
    #7 0x000100effd90 in nl___nano_module_1_get_index+0x928 (schema-nanolang-json-compiler-equality-main.native:arm64+0x1000afd90)
    #8 0x000100eaec80 in nl_gen_c+0xb6e8 (schema-nanolang-json-compiler-equality-main.native:arm64+0x10005ec80)
    #9 0x000100e56124 in nl_main+0x4e68 (schema-nanolang-json-compiler-equality-main.native:arm64+0x100006124)
    #10 0x000100e508c4 in main+0x1c (schema-nanolang-json-compiler-equality-main.native:arm64+0x1000008c4)
    #11 0x0001828804e0 in start+0x1b4c (dyld:arm64e+0x204e0)

Indirect leak of 44672 byte(s) in 698 object(s) allocated from:
    #0 0x000101f9140c in malloc+0x70 (libclang_rt.asan_osx_dynamic.dylib:arm64+0x5540c)
    #1 0x0001018be0b0 in cJSON_New_Item+0x1c (libstd_json.dylib:arm64+0x20b0)
    #2 0x0001018c0abc in cJSON_Duplicate_rec+0x40 (libstd_json.dylib:arm64+0x4abc)
    #3 0x0001018c0c18 in cJSON_Duplicate_rec+0x19c (libstd_json.dylib:arm64+0x4c18)
    #4 0x0001018c0c18 in cJSON_Duplicate_rec+0x19c (libstd_json.dylib:arm64+0x4c18)
    #5 0x0001018c0c18 in cJSON_Duplicate_rec+0x19c (libstd_json.dylib:arm64+0x4c18)
    #6 0x0001018c0a6c in cJSON_Duplicate+0x20 (libstd_json.dylib:arm64+0x4a6c)
    #7 0x0001018bd520 in nl_json_get_index+0x7c (libstd_json.dylib:arm64+0x1520)
    #8 0x000100f382a4 in nhost_json_6+0x340 (schema-nanolang-json-compiler-equality-main.native:arm64+0x1000e82a4)
    #9 0x000100effd90 in nl___nano_module_1_get_index+0x928 (schema-nanolang-json-compiler-equality-main.native:arm64+0x1000afd90)
    #10 0x000100ee5ce4 in nl_gen_c+0x4274c (schema-nanolang-json-compiler-equality-main.native:arm64+0x100095ce4)
    #11 0x000100e56124 in nl_main+0x4e68 (schema-nanolang-json-compiler-equality-main.native:arm64+0x100006124)
    #12 0x000100e508c4 in main+0x1c (schema-nanolang-json-compiler-equality-main.native:arm64+0x1000008c4)
    #13 0x0001828804e0 in start+0x1b4c (dyld:arm64e+0x204e0)

Indirect leak of 44672 byte(s) in 698 object(s) allocated from:
    #0 0x000101f9140c in malloc+0x70 (libclang_rt.asan_osx_dynamic.dylib:arm64+0x5540c)
    #1 0x0001018be0b0 in cJSON_New_Item+0x1c (libstd_json.dylib:arm64+0x20b0)
    #2 0x0001018c0abc in cJSON_Duplicate_rec+0x40 (libstd_json.dylib:arm64+0x4abc)
    #3 0x0001018c0c18 in cJSON_Duplicate_rec+0x19c (libstd_json.dylib:arm64+0x4c18)
    #4 0x0001018c0c18 in cJSON_Duplicate_rec+0x19c (libstd_json.dylib:arm64+0x4c18)
    #5 0x0001018c0a6c in cJSON_Duplicate+0x20 (libstd_json.dylib:arm64+0x4a6c)
    #6 0x0001018bd124 in nl_json_get+0x78 (libstd_json.dylib:arm64+0x1124)
    #7 0x000100f37a04 in nhost_json_4+0x340 (schema-nanolang-json-compiler-equality-main.native:arm64+0x1000e7a04)
    #8 0x000100efeb48 in nl___nano_module_1_get+0x898 (schema-nanolang-json-compiler-equality-main.native:arm64+0x1000aeb48)
    #9 0x000100eacf0c in nl_gen_c+0x9974 (schema-nanolang-json-compiler-equality-main.native:arm64+0x10005cf0c)
    #10 0x000100e56124 in nl_main+0x4e68 (schema-nanolang-json-compiler-equality-main.native:arm64+0x100006124)
    #11 0x000100e508c4 in main+0x1c (schema-nanolang-json-compiler-equality-main.native:arm64+0x1000008c4)
    #12 0x0001828804e0 in start+0x1b4c (dyld:arm64e+0x204e0)

Indirect leak of 44672 byte(s) in 698 object(s) allocated from:
    #0 0x000101f9140c in malloc+0x70 (libclang_rt.asan_osx_dynamic.dylib:arm64+0x5540c)
    #1 0x0001018be0b0 in cJSON_New_Item+0x1c (libstd_json.dylib:arm64+0x20b0)
    #2 0x0001018c0abc in cJSON_Duplicate_rec+0x40 (libstd_json.dylib:arm64+0x4abc)
    #3 0x0001018c0c18 in cJSON_Duplicate_rec+0x19c (libstd_json.dylib:arm64+0x4c18)
    #4 0x0001018c0c18 in cJSON_Duplicate_rec+0x19c (libstd_json.dylib:arm64+0x4c18)
    #5 0x0001018c0a6c in cJSON_Duplicate+0x20 (libstd_json.dylib:arm64+0x4a6c)
    #6 0x0001018bd124 in nl_json_get+0x78 (libstd_json.dylib:arm64+0x1124)
    #7 0x000100f37a04 in nhost_json_4+0x340 (schema-nanolang-json-compiler-equality-main.native:arm64+0x1000e7a04)
    #8 0x000100efeb48 in nl___nano_module_1_get+0x898 (schema-nanolang-json-compiler-equality-main.native:arm64+0x1000aeb48)
    #9 0x000100ee9fb4 in nl_gen_c+0x46a1c (schema-nanolang-json-compiler-equality-main.native:arm64+0x100099fb4)
    #10 0x000100e56124 in nl_main+0x4e68 (schema-nanolang-json-compiler-equality-main.native:arm64+0x100006124)
    #11 0x000100e508c4 in main+0x1c (schema-nanolang-json-compiler-equality-main.native:arm64+0x1000008c4)
    #12 0x0001828804e0 in start+0x1b4c (dyld:arm64e+0x204e0)

Indirect leak of 44672 byte(s) in 698 object(s) allocated from:
    #0 0x000101f9140c in malloc+0x70 (libclang_rt.asan_osx_dynamic.dylib:arm64+0x5540c)
    #1 0x0001018be0b0 in cJSON_New_Item+0x1c (libstd_json.dylib:arm64+0x20b0)
    #2 0x0001018c0abc in cJSON_Duplicate_rec+0x40 (libstd_json.dylib:arm64+0x4abc)
    #3 0x0001018c0c18 in cJSON_Duplicate_rec+0x19c (libstd_json.dylib:arm64+0x4c18)
    #4 0x0001018c0c18 in cJSON_Duplicate_rec+0x19c (libstd_json.dylib:arm64+0x4c18)
    #5 0x0001018c0c18 in cJSON_Duplicate_rec+0x19c (libstd_json.dylib:arm64+0x4c18)
    #6 0x0001018c0c18 in cJSON_Duplicate_rec+0x19c (libstd_json.dylib:arm64+0x4c18)
    #7 0x0001018c0a6c in cJSON_Duplicate+0x20 (libstd_json.dylib:arm64+0x4a6c)
    #8 0x0001018bd124 in nl_json_get+0x78 (libstd_json.dylib:arm64+0x1124)
    #9 0x000100f37a04 in nhost_json_4+0x340 (schema-nanolang-json-compiler-equality-main.native:arm64+0x1000e7a04)
    #10 0x000100efeb48 in nl___nano_module_1_get+0x898 (schema-nanolang-json-compiler-equality-main.native:arm64+0x1000aeb48)
    #11 0x000100e79188 in nl_gen_nano_ast+0xdbd8 (schema-nanolang-json-compiler-equality-main.native:arm64+0x100029188)
    #12 0x000100e5573c in nl_main+0x4480 (schema-nanolang-json-compiler-equality-main.native:arm64+0x10000573c)
    #13 0x000100e508c4 in main+0x1c (schema-nanolang-json-compiler-equality-main.native:arm64+0x1000008c4)
    #14 0x0001828804e0 in start+0x1b4c (dyld:arm64e+0x204e0)

Indirect leak of 44672 byte(s) in 698 object(s) allocated from:
    #0 0x000101f9140c in malloc+0x70 (libclang_rt.asan_osx_dynamic.dylib:arm64+0x5540c)
    #1 0x0001018be0b0 in cJSON_New_Item+0x1c (libstd_json.dylib:arm64+0x20b0)
    #2 0x0001018c0abc in cJSON_Duplicate_rec+0x40 (libstd_json.dylib:arm64+0x4abc)
    #3 0x0001018c0c18 in cJSON_Duplicate_rec+0x19c (libstd_json.dylib:arm64+0x4c18)
    #4 0x0001018c0c18 in cJSON_Duplicate_rec+0x19c (libstd_json.dylib:arm64+0x4c18)
    #5 0x0001018c0c18 in cJSON_Duplicate_rec+0x19c (libstd_json.dylib:arm64+0x4c18)
    #6 0x0001018c0c18 in cJSON_Duplicate_rec+0x19c (libstd_json.dylib:arm64+0x4c18)
    #7 0x0001018c0a6c in cJSON_Duplicate+0x20 (libstd_json.dylib:arm64+0x4a6c)
    #8 0x0001018bd124 in nl_json_get+0x78 (libstd_json.dylib:arm64+0x1124)
    #9 0x000100f37a04 in nhost_json_4+0x340 (schema-nanolang-json-compiler-equality-main.native:arm64+0x1000e7a04)
    #10 0x000100efeb48 in nl___nano_module_1_get+0x898 (schema-nanolang-json-compiler-equality-main.native:arm64+0x1000aeb48)
    #11 0x000100eaa400 in nl_gen_c+0x6e68 (schema-nanolang-json-compiler-equality-main.native:arm64+0x10005a400)
    #12 0x000100e56124 in nl_main+0x4e68 (schema-nanolang-json-compiler-equality-main.native:arm64+0x100006124)
    #13 0x000100e508c4 in main+0x1c (schema-nanolang-json-compiler-equality-main.native:arm64+0x1000008c4)
    #14 0x0001828804e0 in start+0x1b4c (dyld:arm64e+0x204e0)

Indirect leak of 44672 byte(s) in 698 object(s) allocated from:
    #0 0x000101f9140c in malloc+0x70 (libclang_rt.asan_osx_dynamic.dylib:arm64+0x5540c)
    #1 0x0001018be0b0 in cJSON_New_Item+0x1c (libstd_json.dylib:arm64+0x20b0)
    #2 0x0001018c0abc in cJSON_Duplicate_rec+0x40 (libstd_json.dylib:arm64+0x4abc)
    #3 0x0001018c0c18 in cJSON_Duplicate_rec+0x19c (libstd_json.dylib:arm64+0x4c18)
    #4 0x0001018c0c18 in cJSON_Duplicate_rec+0x19c (libstd_json.dylib:arm64+0x4c18)
    #5 0x0001018c0c18 in cJSON_Duplicate_rec+0x19c (libstd_json.dylib:arm64+0x4c18)
    #6 0x0001018c0a6c in cJSON_Duplicate+0x20 (libstd_json.dylib:arm64+0x4a6c)
    #7 0x0001018bd520 in nl_json_get_index+0x7c (libstd_json.dylib:arm64+0x1520)
    #8 0x000100f382a4 in nhost_json_6+0x340 (schema-nanolang-json-compiler-equality-main.native:arm64+0x1000e82a4)
    #9 0x000100effd90 in nl___nano_module_1_get_index+0x928 (schema-nanolang-json-compiler-equality-main.native:arm64+0x1000afd90)
    #10 0x000100e7a65c in nl_gen_nano_ast+0xf0ac (schema-nanolang-json-compiler-equality-main.native:arm64+0x10002a65c)
    #11 0x000100e5573c in nl_main+0x4480 (schema-nanolang-json-compiler-equality-main.native:arm64+0x10000573c)
    #12 0x000100e508c4 in main+0x1c (schema-nanolang-json-compiler-equality-main.native:arm64+0x1000008c4)
    #13 0x0001828804e0 in start+0x1b4c (dyld:arm64e+0x204e0)

Indirect leak of 44672 byte(s) in 698 object(s) allocated from:
    #0 0x000101f9140c in malloc+0x70 (libclang_rt.asan_osx_dynamic.dylib:arm64+0x5540c)
    #1 0x0001018be0b0 in cJSON_New_Item+0x1c (libstd_json.dylib:arm64+0x20b0)
    #2 0x0001018c0abc in cJSON_Duplicate_rec+0x40 (libstd_json.dylib:arm64+0x4abc)
    #3 0x0001018c0c18 in cJSON_Duplicate_rec+0x19c (libstd_json.dylib:arm64+0x4c18)
    #4 0x0001018c0c18 in cJSON_Duplicate_rec+0x19c (libstd_json.dylib:arm64+0x4c18)
    #5 0x0001018c0c18 in cJSON_Duplicate_rec+0x19c (libstd_json.dylib:arm64+0x4c18)
    #6 0x0001018c0c18 in cJSON_Duplicate_rec+0x19c (libstd_json.dylib:arm64+0x4c18)
    #7 0x0001018c0a6c in cJSON_Duplicate+0x20 (libstd_json.dylib:arm64+0x4a6c)
    #8 0x0001018bd124 in nl_json_get+0x78 (libstd_json.dylib:arm64+0x1124)
    #9 0x000100f37a04 in nhost_json_4+0x340 (schema-nanolang-json-compiler-equality-main.native:arm64+0x1000e7a04)
    #10 0x000100efeb48 in nl___nano_module_1_get+0x898 (schema-nanolang-json-compiler-equality-main.native:arm64+0x1000aeb48)
    #11 0x000100e94e9c in nl_gen_contracts+0xd614 (schema-nanolang-json-compiler-equality-main.native:arm64+0x100044e9c)
    #12 0x000100e55c30 in nl_main+0x4974 (schema-nanolang-json-compiler-equality-main.native:arm64+0x100005c30)
    #13 0x000100e508c4 in main+0x1c (schema-nanolang-json-compiler-equality-main.native:arm64+0x1000008c4)
    #14 0x0001828804e0 in start+0x1b4c (dyld:arm64e+0x204e0)

Indirect leak of 41088 byte(s) in 642 object(s) allocated from:
    #0 0x000101f9140c in malloc+0x70 (libclang_rt.asan_osx_dynamic.dylib:arm64+0x5540c)
    #1 0x0001018be0b0 in cJSON_New_Item+0x1c (libstd_json.dylib:arm64+0x20b0)
    #2 0x0001018c0abc in cJSON_Duplicate_rec+0x40 (libstd_json.dylib:arm64+0x4abc)
    #3 0x0001018c0c18 in cJSON_Duplicate_rec+0x19c (libstd_json.dylib:arm64+0x4c18)
    #4 0x0001018c0a6c in cJSON_Duplicate+0x20 (libstd_json.dylib:arm64+0x4a6c)
    #5 0x0001018bd520 in nl_json_get_index+0x7c (libstd_json.dylib:arm64+0x1520)
    #6 0x000100f382a4 in nhost_json_6+0x340 (schema-nanolang-json-compiler-equality-main.native:arm64+0x1000e82a4)
    #7 0x000100effd90 in nl___nano_module_1_get_index+0x928 (schema-nanolang-json-compiler-equality-main.native:arm64+0x1000afd90)
    #8 0x000100e81710 in nl_gen_nano_ast+0x16160 (schema-nanolang-json-compiler-equality-main.native:arm64+0x100031710)
    #9 0x000100e5573c in nl_main+0x4480 (schema-nanolang-json-compiler-equality-main.native:arm64+0x10000573c)
    #10 0x000100e508c4 in main+0x1c (schema-nanolang-json-compiler-equality-main.native:arm64+0x1000008c4)
    #11 0x0001828804e0 in start+0x1b4c (dyld:arm64e+0x204e0)

Indirect leak of 41088 byte(s) in 642 object(s) allocated from:
    #0 0x000101f9140c in malloc+0x70 (libclang_rt.asan_osx_dynamic.dylib:arm64+0x5540c)
    #1 0x0001018be0b0 in cJSON_New_Item+0x1c (libstd_json.dylib:arm64+0x20b0)
    #2 0x0001018c0abc in cJSON_Duplicate_rec+0x40 (libstd_json.dylib:arm64+0x4abc)
    #3 0x0001018c0c18 in cJSON_Duplicate_rec+0x19c (libstd_json.dylib:arm64+0x4c18)
    #4 0x0001018c0c18 in cJSON_Duplicate_rec+0x19c (libstd_json.dylib:arm64+0x4c18)
    #5 0x0001018c0a6c in cJSON_Duplicate+0x20 (libstd_json.dylib:arm64+0x4a6c)
    #6 0x0001018bd124 in nl_json_get+0x78 (libstd_json.dylib:arm64+0x1124)
    #7 0x000100f37a04 in nhost_json_4+0x340 (schema-nanolang-json-compiler-equality-main.native:arm64+0x1000e7a04)
    #8 0x000100efeb48 in nl___nano_module_1_get+0x898 (schema-nanolang-json-compiler-equality-main.native:arm64+0x1000aeb48)
    #9 0x000100e7d4ec in nl_gen_nano_ast+0x11f3c (schema-nanolang-json-compiler-equality-main.native:arm64+0x10002d4ec)
    #10 0x000100e5573c in nl_main+0x4480 (schema-nanolang-json-compiler-equality-main.native:arm64+0x10000573c)
    #11 0x000100e508c4 in main+0x1c (schema-nanolang-json-compiler-equality-main.native:arm64+0x1000008c4)
    #12 0x0001828804e0 in start+0x1b4c (dyld:arm64e+0x204e0)

Indirect leak of 22400 byte(s) in 350 object(s) allocated from:
    #0 0x000101f9140c in malloc+0x70 (libclang_rt.asan_osx_dynamic.dylib:arm64+0x5540c)
    #1 0x0001018be0b0 in cJSON_New_Item+0x1c (libstd_json.dylib:arm64+0x20b0)
    #2 0x0001018c0abc in cJSON_Duplicate_rec+0x40 (libstd_json.dylib:arm64+0x4abc)
    #3 0x0001018c0c18 in cJSON_Duplicate_rec+0x19c (libstd_json.dylib:arm64+0x4c18)
    #4 0x0001018c0c18 in cJSON_Duplicate_rec+0x19c (libstd_json.dylib:arm64+0x4c18)
    #5 0x0001018c0c18 in cJSON_Duplicate_rec+0x19c (libstd_json.dylib:arm64+0x4c18)
    #6 0x0001018c0a6c in cJSON_Duplicate+0x20 (libstd_json.dylib:arm64+0x4a6c)
    #7 0x0001018bd124 in nl_json_get+0x78 (libstd_json.dylib:arm64+0x1124)
    #8 0x000100f37a04 in nhost_json_4+0x340 (schema-nanolang-json-compiler-equality-main.native:arm64+0x1000e7a04)
    #9 0x000100efeb48 in nl___nano_module_1_get+0x898 (schema-nanolang-json-compiler-equality-main.native:arm64+0x1000aeb48)
    #10 0x000100ee41f8 in nl_gen_c+0x40c60 (schema-nanolang-json-compiler-equality-main.native:arm64+0x1000941f8)
    #11 0x000100e56124 in nl_main+0x4e68 (schema-nanolang-json-compiler-equality-main.native:arm64+0x100006124)
    #12 0x000100e508c4 in main+0x1c (schema-nanolang-json-compiler-equality-main.native:arm64+0x1000008c4)
    #13 0x0001828804e0 in start+0x1b4c (dyld:arm64e+0x204e0)

Indirect leak of 22400 byte(s) in 350 object(s) allocated from:
    #0 0x000101f9140c in malloc+0x70 (libclang_rt.asan_osx_dynamic.dylib:arm64+0x5540c)
    #1 0x0001018be0b0 in cJSON_New_Item+0x1c (libstd_json.dylib:arm64+0x20b0)
    #2 0x0001018c0abc in cJSON_Duplicate_rec+0x40 (libstd_json.dylib:arm64+0x4abc)
    #3 0x0001018c0c18 in cJSON_Duplicate_rec+0x19c (libstd_json.dylib:arm64+0x4c18)
    #4 0x0001018c0c18 in cJSON_Duplicate_rec+0x19c (libstd_json.dylib:arm64+0x4c18)
    #5 0x0001018c0a6c in cJSON_Duplicate+0x20 (libstd_json.dylib:arm64+0x4a6c)
    #6 0x0001018bd520 in nl_json_get_index+0x7c (libstd_json.dylib:arm64+0x1520)
    #7 0x000100f382a4 in nhost_json_6+0x340 (schema-nanolang-json-compiler-equality-main.native:arm64+0x1000e82a4)
    #8 0x000100effd90 in nl___nano_module_1_get_index+0x928 (schema-nanolang-json-compiler-equality-main.native:arm64+0x1000afd90)
    #9 0x000100ee5ce4 in nl_gen_c+0x4274c (schema-nanolang-json-compiler-equality-main.native:arm64+0x100095ce4)
    #10 0x000100e56124 in nl_main+0x4e68 (schema-nanolang-json-compiler-equality-main.native:arm64+0x100006124)
    #11 0x000100e508c4 in main+0x1c (schema-nanolang-json-compiler-equality-main.native:arm64+0x1000008c4)
    #12 0x0001828804e0 in start+0x1b4c (dyld:arm64e+0x204e0)

Indirect leak of 22400 byte(s) in 350 object(s) allocated from:
    #0 0x000101f9140c in malloc+0x70 (libclang_rt.asan_osx_dynamic.dylib:arm64+0x5540c)
    #1 0x0001018be0b0 in cJSON_New_Item+0x1c (libstd_json.dylib:arm64+0x20b0)
    #2 0x0001018c0abc in cJSON_Duplicate_rec+0x40 (libstd_json.dylib:arm64+0x4abc)
    #3 0x0001018c0c18 in cJSON_Duplicate_rec+0x19c (libstd_json.dylib:arm64+0x4c18)
    #4 0x0001018c0c18 in cJSON_Duplicate_rec+0x19c (libstd_json.dylib:arm64+0x4c18)
    #5 0x0001018c0a6c in cJSON_Duplicate+0x20 (libstd_json.dylib:arm64+0x4a6c)
    #6 0x0001018bd520 in nl_json_get_index+0x7c (libstd_json.dylib:arm64+0x1520)
    #7 0x000100f382a4 in nhost_json_6+0x340 (schema-nanolang-json-compiler-equality-main.native:arm64+0x1000e82a4)
    #8 0x000100effd90 in nl___nano_module_1_get_index+0x928 (schema-nanolang-json-compiler-equality-main.native:arm64+0x1000afd90)
    #9 0x000100e96370 in nl_gen_contracts+0xeae8 (schema-nanolang-json-compiler-equality-main.native:arm64+0x100046370)
    #10 0x000100e55c30 in nl_main+0x4974 (schema-nanolang-json-compiler-equality-main.native:arm64+0x100005c30)
    #11 0x000100e508c4 in main+0x1c (schema-nanolang-json-compiler-equality-main.native:arm64+0x1000008c4)
    #12 0x0001828804e0 in start+0x1b4c (dyld:arm64e+0x204e0)

Indirect leak of 22400 byte(s) in 350 object(s) allocated from:
    #0 0x000101f9140c in malloc+0x70 (libclang_rt.asan_osx_dynamic.dylib:arm64+0x5540c)
    #1 0x0001018be0b0 in cJSON_New_Item+0x1c (libstd_json.dylib:arm64+0x20b0)
    #2 0x0001018c0abc in cJSON_Duplicate_rec+0x40 (libstd_json.dylib:arm64+0x4abc)
    #3 0x0001018c0c18 in cJSON_Duplicate_rec+0x19c (libstd_json.dylib:arm64+0x4c18)
    #4 0x0001018c0c18 in cJSON_Duplicate_rec+0x19c (libstd_json.dylib:arm64+0x4c18)
    #5 0x0001018c0c18 in cJSON_Duplicate_rec+0x19c (libstd_json.dylib:arm64+0x4c18)
    #6 0x0001018c0a6c in cJSON_Duplicate+0x20 (libstd_json.dylib:arm64+0x4a6c)
    #7 0x0001018bd124 in nl_json_get+0x78 (libstd_json.dylib:arm64+0x1124)
    #8 0x000100f37a04 in nhost_json_4+0x340 (schema-nanolang-json-compiler-equality-main.native:arm64+0x1000e7a04)
    #9 0x000100efeb48 in nl___nano_module_1_get+0x898 (schema-nanolang-json-compiler-equality-main.native:arm64+0x1000aeb48)
    #10 0x000100e79188 in nl_gen_nano_ast+0xdbd8 (schema-nanolang-json-compiler-equality-main.native:arm64+0x100029188)
    #11 0x000100e5573c in nl_main+0x4480 (schema-nanolang-json-compiler-equality-main.native:arm64+0x10000573c)
    #12 0x000100e508c4 in main+0x1c (schema-nanolang-json-compiler-equality-main.native:arm64+0x1000008c4)
    #13 0x0001828804e0 in start+0x1b4c (dyld:arm64e+0x204e0)

Indirect leak of 22400 byte(s) in 350 object(s) allocated from:
    #0 0x000101f9140c in malloc+0x70 (libclang_rt.asan_osx_dynamic.dylib:arm64+0x5540c)
    #1 0x0001018be0b0 in cJSON_New_Item+0x1c (libstd_json.dylib:arm64+0x20b0)
    #2 0x0001018c0abc in cJSON_Duplicate_rec+0x40 (libstd_json.dylib:arm64+0x4abc)
    #3 0x0001018c0c18 in cJSON_Duplicate_rec+0x19c (libstd_json.dylib:arm64+0x4c18)
    #4 0x0001018c0c18 in cJSON_Duplicate_rec+0x19c (libstd_json.dylib:arm64+0x4c18)
    #5 0x0001018c0a6c in cJSON_Duplicate+0x20 (libstd_json.dylib:arm64+0x4a6c)
    #6 0x0001018bd520 in nl_json_get_index+0x7c (libstd_json.dylib:arm64+0x1520)
    #7 0x000100f382a4 in nhost_json_6+0x340 (schema-nanolang-json-compiler-equality-main.native:arm64+0x1000e82a4)
    #8 0x000100effd90 in nl___nano_module_1_get_index+0x928 (schema-nanolang-json-compiler-equality-main.native:arm64+0x1000afd90)
    #9 0x000100e7a65c in nl_gen_nano_ast+0xf0ac (schema-nanolang-json-compiler-equality-main.native:arm64+0x10002a65c)
    #10 0x000100e5573c in nl_main+0x4480 (schema-nanolang-json-compiler-equality-main.native:arm64+0x10000573c)
    #11 0x000100e508c4 in main+0x1c (schema-nanolang-json-compiler-equality-main.native:arm64+0x1000008c4)
    #12 0x0001828804e0 in start+0x1b4c (dyld:arm64e+0x204e0)

Indirect leak of 22400 byte(s) in 350 object(s) allocated from:
    #0 0x000101f9140c in malloc+0x70 (libclang_rt.asan_osx_dynamic.dylib:arm64+0x5540c)
    #1 0x0001018be0b0 in cJSON_New_Item+0x1c (libstd_json.dylib:arm64+0x20b0)
    #2 0x0001018c0abc in cJSON_Duplicate_rec+0x40 (libstd_json.dylib:arm64+0x4abc)
    #3 0x0001018c0c18 in cJSON_Duplicate_rec+0x19c (libstd_json.dylib:arm64+0x4c18)
    #4 0x0001018c0c18 in cJSON_Duplicate_rec+0x19c (libstd_json.dylib:arm64+0x4c18)
    #5 0x0001018c0c18 in cJSON_Duplicate_rec+0x19c (libstd_json.dylib:arm64+0x4c18)
    #6 0x0001018c0a6c in cJSON_Duplicate+0x20 (libstd_json.dylib:arm64+0x4a6c)
    #7 0x0001018bd124 in nl_json_get+0x78 (libstd_json.dylib:arm64+0x1124)
    #8 0x000100f37a04 in nhost_json_4+0x340 (schema-nanolang-json-compiler-equality-main.native:arm64+0x1000e7a04)
    #9 0x000100efeb48 in nl___nano_module_1_get+0x898 (schema-nanolang-json-compiler-equality-main.native:arm64+0x1000aeb48)
    #10 0x000100e94e9c in nl_gen_contracts+0xd614 (schema-nanolang-json-compiler-equality-main.native:arm64+0x100044e9c)
    #11 0x000100e55c30 in nl_main+0x4974 (schema-nanolang-json-compiler-equality-main.native:arm64+0x100005c30)
    #12 0x000100e508c4 in main+0x1c (schema-nanolang-json-compiler-equality-main.native:arm64+0x1000008c4)
    #13 0x0001828804e0 in start+0x1b4c (dyld:arm64e+0x204e0)

Indirect leak of 22400 byte(s) in 350 object(s) allocated from:
    #0 0x000101f9140c in malloc+0x70 (libclang_rt.asan_osx_dynamic.dylib:arm64+0x5540c)
    #1 0x0001018be0b0 in cJSON_New_Item+0x1c (libstd_json.dylib:arm64+0x20b0)
    #2 0x0001018c0abc in cJSON_Duplicate_rec+0x40 (libstd_json.dylib:arm64+0x4abc)
    #3 0x0001018c0c18 in cJSON_Duplicate_rec+0x19c (libstd_json.dylib:arm64+0x4c18)
    #4 0x0001018c0c18 in cJSON_Duplicate_rec+0x19c (libstd_json.dylib:arm64+0x4c18)
    #5 0x0001018c0c18 in cJSON_Duplicate_rec+0x19c (libstd_json.dylib:arm64+0x4c18)
    #6 0x0001018c0a6c in cJSON_Duplicate+0x20 (libstd_json.dylib:arm64+0x4a6c)
    #7 0x0001018bd124 in nl_json_get+0x78 (libstd_json.dylib:arm64+0x1124)
    #8 0x000100f37a04 in nhost_json_4+0x340 (schema-nanolang-json-compiler-equality-main.native:arm64+0x1000e7a04)
    #9 0x000100efeb48 in nl___nano_module_1_get+0x898 (schema-nanolang-json-compiler-equality-main.native:arm64+0x1000aeb48)
    #10 0x000100eaa400 in nl_gen_c+0x6e68 (schema-nanolang-json-compiler-equality-main.native:arm64+0x10005a400)
    #11 0x000100e56124 in nl_main+0x4e68 (schema-nanolang-json-compiler-equality-main.native:arm64+0x100006124)
    #12 0x000100e508c4 in main+0x1c (schema-nanolang-json-compiler-equality-main.native:arm64+0x1000008c4)
    #13 0x0001828804e0 in start+0x1b4c (dyld:arm64e+0x204e0)

Indirect leak of 22400 byte(s) in 350 object(s) allocated from:
    #0 0x000101f9140c in malloc+0x70 (libclang_rt.asan_osx_dynamic.dylib:arm64+0x5540c)
    #1 0x0001018be0b0 in cJSON_New_Item+0x1c (libstd_json.dylib:arm64+0x20b0)
    #2 0x0001018c0abc in cJSON_Duplicate_rec+0x40 (libstd_json.dylib:arm64+0x4abc)
    #3 0x0001018c0c18 in cJSON_Duplicate_rec+0x19c (libstd_json.dylib:arm64+0x4c18)
    #4 0x0001018c0c18 in cJSON_Duplicate_rec+0x19c (libstd_json.dylib:arm64+0x4c18)
    #5 0x0001018c0a6c in cJSON_Duplicate+0x20 (libstd_json.dylib:arm64+0x4a6c)
    #6 0x0001018bd520 in nl_json_get_index+0x7c (libstd_json.dylib:arm64+0x1520)
    #7 0x000100f382a4 in nhost_json_6+0x340 (schema-nanolang-json-compiler-equality-main.native:arm64+0x1000e82a4)
    #8 0x000100effd90 in nl___nano_module_1_get_index+0x928 (schema-nanolang-json-compiler-equality-main.native:arm64+0x1000afd90)
    #9 0x000100eac174 in nl_gen_c+0x8bdc (schema-nanolang-json-compiler-equality-main.native:arm64+0x10005c174)
    #10 0x000100e56124 in nl_main+0x4e68 (schema-nanolang-json-compiler-equality-main.native:arm64+0x100006124)
    #11 0x000100e508c4 in main+0x1c (schema-nanolang-json-compiler-equality-main.native:arm64+0x1000008c4)
    #12 0x0001828804e0 in start+0x1b4c (dyld:arm64e+0x204e0)

Indirect leak of 22336 byte(s) in 349 object(s) allocated from:
    #0 0x000101f9140c in malloc+0x70 (libclang_rt.asan_osx_dynamic.dylib:arm64+0x5540c)
    #1 0x0001018be0b0 in cJSON_New_Item+0x1c (libstd_json.dylib:arm64+0x20b0)
    #2 0x0001018c0abc in cJSON_Duplicate_rec+0x40 (libstd_json.dylib:arm64+0x4abc)
    #3 0x0001018c0c18 in cJSON_Duplicate_rec+0x19c (libstd_json.dylib:arm64+0x4c18)
    #4 0x0001018c0a6c in cJSON_Duplicate+0x20 (libstd_json.dylib:arm64+0x4a6c)
    #5 0x0001018bd124 in nl_json_get+0x78 (libstd_json.dylib:arm64+0x1124)
    #6 0x000100f37a04 in nhost_json_4+0x340 (schema-nanolang-json-compiler-equality-main.native:arm64+0x1000e7a04)
    #7 0x000100efeb48 in nl___nano_module_1_get+0x898 (schema-nanolang-json-compiler-equality-main.native:arm64+0x1000aeb48)
    #8 0x000100ee9fb4 in nl_gen_c+0x46a1c (schema-nanolang-json-compiler-equality-main.native:arm64+0x100099fb4)
    #9 0x000100e56124 in nl_main+0x4e68 (schema-nanolang-json-compiler-equality-main.native:arm64+0x100006124)
    #10 0x000100e508c4 in main+0x1c (schema-nanolang-json-compiler-equality-main.native:arm64+0x1000008c4)
    #11 0x0001828804e0 in start+0x1b4c (dyld:arm64e+0x204e0)

Indirect leak of 22336 byte(s) in 349 object(s) allocated from:
    #0 0x000101f9140c in malloc+0x70 (libclang_rt.asan_osx_dynamic.dylib:arm64+0x5540c)
    #1 0x0001018be0b0 in cJSON_New_Item+0x1c (libstd_json.dylib:arm64+0x20b0)
    #2 0x0001018c0abc in cJSON_Duplicate_rec+0x40 (libstd_json.dylib:arm64+0x4abc)
    #3 0x0001018c0c18 in cJSON_Duplicate_rec+0x19c (libstd_json.dylib:arm64+0x4c18)
    #4 0x0001018c0a6c in cJSON_Duplicate+0x20 (libstd_json.dylib:arm64+0x4a6c)
    #5 0x0001018bd124 in nl_json_get+0x78 (libstd_json.dylib:arm64+0x1124)
    #6 0x000100f37a04 in nhost_json_4+0x340 (schema-nanolang-json-compiler-equality-main.native:arm64+0x1000e7a04)
    #7 0x000100efeb48 in nl___nano_module_1_get+0x898 (schema-nanolang-json-compiler-equality-main.native:arm64+0x1000aeb48)
    #8 0x000100eacf0c in nl_gen_c+0x9974 (schema-nanolang-json-compiler-equality-main.native:arm64+0x10005cf0c)
    #9 0x000100e56124 in nl_main+0x4e68 (schema-nanolang-json-compiler-equality-main.native:arm64+0x100006124)
    #10 0x000100e508c4 in main+0x1c (schema-nanolang-json-compiler-equality-main.native:arm64+0x1000008c4)
    #11 0x0001828804e0 in start+0x1b4c (dyld:arm64e+0x204e0)

Indirect leak of 20544 byte(s) in 321 object(s) allocated from:
    #0 0x000101f9140c in malloc+0x70 (libclang_rt.asan_osx_dynamic.dylib:arm64+0x5540c)
    #1 0x0001018be0b0 in cJSON_New_Item+0x1c (libstd_json.dylib:arm64+0x20b0)
    #2 0x0001018c0abc in cJSON_Duplicate_rec+0x40 (libstd_json.dylib:arm64+0x4abc)
    #3 0x0001018c0c18 in cJSON_Duplicate_rec+0x19c (libstd_json.dylib:arm64+0x4c18)
    #4 0x0001018c0a6c in cJSON_Duplicate+0x20 (libstd_json.dylib:arm64+0x4a6c)
    #5 0x0001018bd124 in nl_json_get+0x78 (libstd_json.dylib:arm64+0x1124)
    #6 0x000100f37a04 in nhost_json_4+0x340 (schema-nanolang-json-compiler-equality-main.native:arm64+0x1000e7a04)
    #7 0x000100efeb48 in nl___nano_module_1_get+0x898 (schema-nanolang-json-compiler-equality-main.native:arm64+0x1000aeb48)
    #8 0x000100e7d4ec in nl_gen_nano_ast+0x11f3c (schema-nanolang-json-compiler-equality-main.native:arm64+0x10002d4ec)
    #9 0x000100e5573c in nl_main+0x4480 (schema-nanolang-json-compiler-equality-main.native:arm64+0x10000573c)
    #10 0x000100e508c4 in main+0x1c (schema-nanolang-json-compiler-equality-main.native:arm64+0x1000008c4)
    #11 0x0001828804e0 in start+0x1b4c (dyld:arm64e+0x204e0)

Indirect leak of 9600 byte(s) in 150 object(s) allocated from:
    #0 0x000101f9140c in malloc+0x70 (libclang_rt.asan_osx_dynamic.dylib:arm64+0x5540c)
    #1 0x0001018be0b0 in cJSON_New_Item+0x1c (libstd_json.dylib:arm64+0x20b0)
    #2 0x0001018c0abc in cJSON_Duplicate_rec+0x40 (libstd_json.dylib:arm64+0x4abc)
    #3 0x0001018c0c18 in cJSON_Duplicate_rec+0x19c (libstd_json.dylib:arm64+0x4c18)
    #4 0x0001018c0c18 in cJSON_Duplicate_rec+0x19c (libstd_json.dylib:arm64+0x4c18)
    #5 0x0001018c0a6c in cJSON_Duplicate+0x20 (libstd_json.dylib:arm64+0x4a6c)
    #6 0x0001018bd124 in nl_json_get+0x78 (libstd_json.dylib:arm64+0x1124)
    #7 0x000100f37a04 in nhost_json_4+0x340 (schema-nanolang-json-compiler-equality-main.native:arm64+0x1000e7a04)
    #8 0x000100efeb48 in nl___nano_module_1_get+0x898 (schema-nanolang-json-compiler-equality-main.native:arm64+0x1000aeb48)
    #9 0x000100e94e9c in nl_gen_contracts+0xd614 (schema-nanolang-json-compiler-equality-main.native:arm64+0x100044e9c)
    #10 0x000100e55c30 in nl_main+0x4974 (schema-nanolang-json-compiler-equality-main.native:arm64+0x100005c30)
    #11 0x000100e508c4 in main+0x1c (schema-nanolang-json-compiler-equality-main.native:arm64+0x1000008c4)
    #12 0x0001828804e0 in start+0x1b4c (dyld:arm64e+0x204e0)

Indirect leak of 9600 byte(s) in 150 object(s) allocated from:
    #0 0x000101f9140c in malloc+0x70 (libclang_rt.asan_osx_dynamic.dylib:arm64+0x5540c)
    #1 0x0001018be0b0 in cJSON_New_Item+0x1c (libstd_json.dylib:arm64+0x20b0)
    #2 0x0001018c0abc in cJSON_Duplicate_rec+0x40 (libstd_json.dylib:arm64+0x4abc)
    #3 0x0001018c0c18 in cJSON_Duplicate_rec+0x19c (libstd_json.dylib:arm64+0x4c18)
    #4 0x0001018c0a6c in cJSON_Duplicate+0x20 (libstd_json.dylib:arm64+0x4a6c)
    #5 0x0001018bd520 in nl_json_get_index+0x7c (libstd_json.dylib:arm64+0x1520)
    #6 0x000100f382a4 in nhost_json_6+0x340 (schema-nanolang-json-compiler-equality-main.native:arm64+0x1000e82a4)
    #7 0x000100effd90 in nl___nano_module_1_get_index+0x928 (schema-nanolang-json-compiler-equality-main.native:arm64+0x1000afd90)
    #8 0x000100eac174 in nl_gen_c+0x8bdc (schema-nanolang-json-compiler-equality-main.native:arm64+0x10005c174)
    #9 0x000100e56124 in nl_main+0x4e68 (schema-nanolang-json-compiler-equality-main.native:arm64+0x100006124)
    #10 0x000100e508c4 in main+0x1c (schema-nanolang-json-compiler-equality-main.native:arm64+0x1000008c4)
    #11 0x0001828804e0 in start+0x1b4c (dyld:arm64e+0x204e0)

Indirect leak of 9600 byte(s) in 150 object(s) allocated from:
    #0 0x000101f9140c in malloc+0x70 (libclang_rt.asan_osx_dynamic.dylib:arm64+0x5540c)
    #1 0x0001018be0b0 in cJSON_New_Item+0x1c (libstd_json.dylib:arm64+0x20b0)
    #2 0x0001018c0abc in cJSON_Duplicate_rec+0x40 (libstd_json.dylib:arm64+0x4abc)
    #3 0x0001018c0c18 in cJSON_Duplicate_rec+0x19c (libstd_json.dylib:arm64+0x4c18)
    #4 0x0001018c0c18 in cJSON_Duplicate_rec+0x19c (libstd_json.dylib:arm64+0x4c18)
    #5 0x0001018c0a6c in cJSON_Duplicate+0x20 (libstd_json.dylib:arm64+0x4a6c)
    #6 0x0001018bd124 in nl_json_get+0x78 (libstd_json.dylib:arm64+0x1124)
    #7 0x000100f37a04 in nhost_json_4+0x340 (schema-nanolang-json-compiler-equality-main.native:arm64+0x1000e7a04)
    #8 0x000100efeb48 in nl___nano_module_1_get+0x898 (schema-nanolang-json-compiler-equality-main.native:arm64+0x1000aeb48)
    #9 0x000100eaa400 in nl_gen_c+0x6e68 (schema-nanolang-json-compiler-equality-main.native:arm64+0x10005a400)
    #10 0x000100e56124 in nl_main+0x4e68 (schema-nanolang-json-compiler-equality-main.native:arm64+0x100006124)
    #11 0x000100e508c4 in main+0x1c (schema-nanolang-json-compiler-equality-main.native:arm64+0x1000008c4)
    #12 0x0001828804e0 in start+0x1b4c (dyld:arm64e+0x204e0)

Indirect leak of 9600 byte(s) in 150 object(s) allocated from:
    #0 0x000101f9140c in malloc+0x70 (libclang_rt.asan_osx_dynamic.dylib:arm64+0x5540c)
    #1 0x0001018be0b0 in cJSON_New_Item+0x1c (libstd_json.dylib:arm64+0x20b0)
    #2 0x0001018c0abc in cJSON_Duplicate_rec+0x40 (libstd_json.dylib:arm64+0x4abc)
    #3 0x0001018c0c18 in cJSON_Duplicate_rec+0x19c (libstd_json.dylib:arm64+0x4c18)
    #4 0x0001018c0c18 in cJSON_Duplicate_rec+0x19c (libstd_json.dylib:arm64+0x4c18)
    #5 0x0001018c0a6c in cJSON_Duplicate+0x20 (libstd_json.dylib:arm64+0x4a6c)
    #6 0x0001018bd124 in nl_json_get+0x78 (libstd_json.dylib:arm64+0x1124)
    #7 0x000100f37a04 in nhost_json_4+0x340 (schema-nanolang-json-compiler-equality-main.native:arm64+0x1000e7a04)
    #8 0x000100efeb48 in nl___nano_module_1_get+0x898 (schema-nanolang-json-compiler-equality-main.native:arm64+0x1000aeb48)
    #9 0x000100ee41f8 in nl_gen_c+0x40c60 (schema-nanolang-json-compiler-equality-main.native:arm64+0x1000941f8)
    #10 0x000100e56124 in nl_main+0x4e68 (schema-nanolang-json-compiler-equality-main.native:arm64+0x100006124)
    #11 0x000100e508c4 in main+0x1c (schema-nanolang-json-compiler-equality-main.native:arm64+0x1000008c4)
    #12 0x0001828804e0 in start+0x1b4c (dyld:arm64e+0x204e0)

Indirect leak of 9600 byte(s) in 150 object(s) allocated from:
    #0 0x000101f9140c in malloc+0x70 (libclang_rt.asan_osx_dynamic.dylib:arm64+0x5540c)
    #1 0x0001018be0b0 in cJSON_New_Item+0x1c (libstd_json.dylib:arm64+0x20b0)
    #2 0x0001018c0abc in cJSON_Duplicate_rec+0x40 (libstd_json.dylib:arm64+0x4abc)
    #3 0x0001018c0c18 in cJSON_Duplicate_rec+0x19c (libstd_json.dylib:arm64+0x4c18)
    #4 0x0001018c0a6c in cJSON_Duplicate+0x20 (libstd_json.dylib:arm64+0x4a6c)
    #5 0x0001018bd520 in nl_json_get_index+0x7c (libstd_json.dylib:arm64+0x1520)
    #6 0x000100f382a4 in nhost_json_6+0x340 (schema-nanolang-json-compiler-equality-main.native:arm64+0x1000e82a4)
    #7 0x000100effd90 in nl___nano_module_1_get_index+0x928 (schema-nanolang-json-compiler-equality-main.native:arm64+0x1000afd90)
    #8 0x000100e96370 in nl_gen_contracts+0xeae8 (schema-nanolang-json-compiler-equality-main.native:arm64+0x100046370)
    #9 0x000100e55c30 in nl_main+0x4974 (schema-nanolang-json-compiler-equality-main.native:arm64+0x100005c30)
    #10 0x000100e508c4 in main+0x1c (schema-nanolang-json-compiler-equality-main.native:arm64+0x1000008c4)
    #11 0x0001828804e0 in start+0x1b4c (dyld:arm64e+0x204e0)

Indirect leak of 9600 byte(s) in 150 object(s) allocated from:
    #0 0x000101f9140c in malloc+0x70 (libclang_rt.asan_osx_dynamic.dylib:arm64+0x5540c)
    #1 0x0001018be0b0 in cJSON_New_Item+0x1c (libstd_json.dylib:arm64+0x20b0)
    #2 0x0001018c0abc in cJSON_Duplicate_rec+0x40 (libstd_json.dylib:arm64+0x4abc)
    #3 0x0001018c0c18 in cJSON_Duplicate_rec+0x19c (libstd_json.dylib:arm64+0x4c18)
    #4 0x0001018c0a6c in cJSON_Duplicate+0x20 (libstd_json.dylib:arm64+0x4a6c)
    #5 0x0001018bd520 in nl_json_get_index+0x7c (libstd_json.dylib:arm64+0x1520)
    #6 0x000100f382a4 in nhost_json_6+0x340 (schema-nanolang-json-compiler-equality-main.native:arm64+0x1000e82a4)
    #7 0x000100effd90 in nl___nano_module_1_get_index+0x928 (schema-nanolang-json-compiler-equality-main.native:arm64+0x1000afd90)
    #8 0x000100e7a65c in nl_gen_nano_ast+0xf0ac (schema-nanolang-json-compiler-equality-main.native:arm64+0x10002a65c)
    #9 0x000100e5573c in nl_main+0x4480 (schema-nanolang-json-compiler-equality-main.native:arm64+0x10000573c)
    #10 0x000100e508c4 in main+0x1c (schema-nanolang-json-compiler-equality-main.native:arm64+0x1000008c4)
    #11 0x0001828804e0 in start+0x1b4c (dyld:arm64e+0x204e0)

Indirect leak of 9600 byte(s) in 150 object(s) allocated from:
    #0 0x000101f9140c in malloc+0x70 (libclang_rt.asan_osx_dynamic.dylib:arm64+0x5540c)
    #1 0x0001018be0b0 in cJSON_New_Item+0x1c (libstd_json.dylib:arm64+0x20b0)
    #2 0x0001018c0abc in cJSON_Duplicate_rec+0x40 (libstd_json.dylib:arm64+0x4abc)
    #3 0x0001018c0c18 in cJSON_Duplicate_rec+0x19c (libstd_json.dylib:arm64+0x4c18)
    #4 0x0001018c0a6c in cJSON_Duplicate+0x20 (libstd_json.dylib:arm64+0x4a6c)
    #5 0x0001018bd520 in nl_json_get_index+0x7c (libstd_json.dylib:arm64+0x1520)
    #6 0x000100f382a4 in nhost_json_6+0x340 (schema-nanolang-json-compiler-equality-main.native:arm64+0x1000e82a4)
    #7 0x000100effd90 in nl___nano_module_1_get_index+0x928 (schema-nanolang-json-compiler-equality-main.native:arm64+0x1000afd90)
    #8 0x000100ee5ce4 in nl_gen_c+0x4274c (schema-nanolang-json-compiler-equality-main.native:arm64+0x100095ce4)
    #9 0x000100e56124 in nl_main+0x4e68 (schema-nanolang-json-compiler-equality-main.native:arm64+0x100006124)
    #10 0x000100e508c4 in main+0x1c (schema-nanolang-json-compiler-equality-main.native:arm64+0x1000008c4)
    #11 0x0001828804e0 in start+0x1b4c (dyld:arm64e+0x204e0)

Indirect leak of 9600 byte(s) in 150 object(s) allocated from:
    #0 0x000101f9140c in malloc+0x70 (libclang_rt.asan_osx_dynamic.dylib:arm64+0x5540c)
    #1 0x0001018be0b0 in cJSON_New_Item+0x1c (libstd_json.dylib:arm64+0x20b0)
    #2 0x0001018c0abc in cJSON_Duplicate_rec+0x40 (libstd_json.dylib:arm64+0x4abc)
    #3 0x0001018c0c18 in cJSON_Duplicate_rec+0x19c (libstd_json.dylib:arm64+0x4c18)
    #4 0x0001018c0c18 in cJSON_Duplicate_rec+0x19c (libstd_json.dylib:arm64+0x4c18)
    #5 0x0001018c0a6c in cJSON_Duplicate+0x20 (libstd_json.dylib:arm64+0x4a6c)
    #6 0x0001018bd124 in nl_json_get+0x78 (libstd_json.dylib:arm64+0x1124)
    #7 0x000100f37a04 in nhost_json_4+0x340 (schema-nanolang-json-compiler-equality-main.native:arm64+0x1000e7a04)
    #8 0x000100efeb48 in nl___nano_module_1_get+0x898 (schema-nanolang-json-compiler-equality-main.native:arm64+0x1000aeb48)
    #9 0x000100e79188 in nl_gen_nano_ast+0xdbd8 (schema-nanolang-json-compiler-equality-main.native:arm64+0x100029188)
    #10 0x000100e5573c in nl_main+0x4480 (schema-nanolang-json-compiler-equality-main.native:arm64+0x10000573c)
    #11 0x000100e508c4 in main+0x1c (schema-nanolang-json-compiler-equality-main.native:arm64+0x1000008c4)
    #12 0x0001828804e0 in start+0x1b4c (dyld:arm64e+0x204e0)

Indirect leak of 6015 byte(s) in 698 object(s) allocated from:
    #0 0x000101f9140c in malloc+0x70 (libclang_rt.asan_osx_dynamic.dylib:arm64+0x5540c)
    #1 0x0001018bdda4 in cJSON_strdup+0x4c (libstd_json.dylib:arm64+0x1da4)
    #2 0x0001018c0b28 in cJSON_Duplicate_rec+0xac (libstd_json.dylib:arm64+0x4b28)
    #3 0x0001018c0c18 in cJSON_Duplicate_rec+0x19c (libstd_json.dylib:arm64+0x4c18)
    #4 0x0001018c0a6c in cJSON_Duplicate+0x20 (libstd_json.dylib:arm64+0x4a6c)
    #5 0x0001018bd520 in nl_json_get_index+0x7c (libstd_json.dylib:arm64+0x1520)
    #6 0x000100f382a4 in nhost_json_6+0x340 (schema-nanolang-json-compiler-equality-main.native:arm64+0x1000e82a4)
    #7 0x000100effd90 in nl___nano_module_1_get_index+0x928 (schema-nanolang-json-compiler-equality-main.native:arm64+0x1000afd90)
    #8 0x000100eee404 in nl_gen_c+0x4ae6c (schema-nanolang-json-compiler-equality-main.native:arm64+0x10009e404)
    #9 0x000100e56124 in nl_main+0x4e68 (schema-nanolang-json-compiler-equality-main.native:arm64+0x100006124)
    #10 0x000100e508c4 in main+0x1c (schema-nanolang-json-compiler-equality-main.native:arm64+0x1000008c4)
    #11 0x0001828804e0 in start+0x1b4c (dyld:arm64e+0x204e0)

Indirect leak of 6015 byte(s) in 698 object(s) allocated from:
    #0 0x000101f9140c in malloc+0x70 (libclang_rt.asan_osx_dynamic.dylib:arm64+0x5540c)
    #1 0x0001018bdda4 in cJSON_strdup+0x4c (libstd_json.dylib:arm64+0x1da4)
    #2 0x0001018c0b28 in cJSON_Duplicate_rec+0xac (libstd_json.dylib:arm64+0x4b28)
    #3 0x0001018c0c18 in cJSON_Duplicate_rec+0x19c (libstd_json.dylib:arm64+0x4c18)
    #4 0x0001018c0c18 in cJSON_Duplicate_rec+0x19c (libstd_json.dylib:arm64+0x4c18)
    #5 0x0001018c0a6c in cJSON_Duplicate+0x20 (libstd_json.dylib:arm64+0x4a6c)
    #6 0x0001018bd124 in nl_json_get+0x78 (libstd_json.dylib:arm64+0x1124)
    #7 0x000100f37a04 in nhost_json_4+0x340 (schema-nanolang-json-compiler-equality-main.native:arm64+0x1000e7a04)
    #8 0x000100efeb48 in nl___nano_module_1_get+0x898 (schema-nanolang-json-compiler-equality-main.native:arm64+0x1000aeb48)
    #9 0x000100ee9fb4 in nl_gen_c+0x46a1c (schema-nanolang-json-compiler-equality-main.native:arm64+0x100099fb4)
    #10 0x000100e56124 in nl_main+0x4e68 (schema-nanolang-json-compiler-equality-main.native:arm64+0x100006124)
    #11 0x000100e508c4 in main+0x1c (schema-nanolang-json-compiler-equality-main.native:arm64+0x1000008c4)
    #12 0x0001828804e0 in start+0x1b4c (dyld:arm64e+0x204e0)

Indirect leak of 6015 byte(s) in 698 object(s) allocated from:
    #0 0x000101f9140c in malloc+0x70 (libclang_rt.asan_osx_dynamic.dylib:arm64+0x5540c)
    #1 0x0001018bdda4 in cJSON_strdup+0x4c (libstd_json.dylib:arm64+0x1da4)
    #2 0x0001018c0b28 in cJSON_Duplicate_rec+0xac (libstd_json.dylib:arm64+0x4b28)
    #3 0x0001018c0c18 in cJSON_Duplicate_rec+0x19c (libstd_json.dylib:arm64+0x4c18)
    #4 0x0001018c0c18 in cJSON_Duplicate_rec+0x19c (libstd_json.dylib:arm64+0x4c18)
    #5 0x0001018c0c18 in cJSON_Duplicate_rec+0x19c (libstd_json.dylib:arm64+0x4c18)
    #6 0x0001018c0a6c in cJSON_Duplicate+0x20 (libstd_json.dylib:arm64+0x4a6c)
    #7 0x0001018bd520 in nl_json_get_index+0x7c (libstd_json.dylib:arm64+0x1520)
    #8 0x000100f382a4 in nhost_json_6+0x340 (schema-nanolang-json-compiler-equality-main.native:arm64+0x1000e82a4)
    #9 0x000100effd90 in nl___nano_module_1_get_index+0x928 (schema-nanolang-json-compiler-equality-main.native:arm64+0x1000afd90)
    #10 0x000100ee5ce4 in nl_gen_c+0x4274c (schema-nanolang-json-compiler-equality-main.native:arm64+0x100095ce4)
    #11 0x000100e56124 in nl_main+0x4e68 (schema-nanolang-json-compiler-equality-main.native:arm64+0x100006124)
    #12 0x000100e508c4 in main+0x1c (schema-nanolang-json-compiler-equality-main.native:arm64+0x1000008c4)
    #13 0x0001828804e0 in start+0x1b4c (dyld:arm64e+0x204e0)

Indirect leak of 6015 byte(s) in 698 object(s) allocated from:
    #0 0x000101f9140c in malloc+0x70 (libclang_rt.asan_osx_dynamic.dylib:arm64+0x5540c)
    #1 0x0001018bdda4 in cJSON_strdup+0x4c (libstd_json.dylib:arm64+0x1da4)
    #2 0x0001018c0b28 in cJSON_Duplicate_rec+0xac (libstd_json.dylib:arm64+0x4b28)
    #3 0x0001018c0c18 in cJSON_Duplicate_rec+0x19c (libstd_json.dylib:arm64+0x4c18)
    #4 0x0001018c0c18 in cJSON_Duplicate_rec+0x19c (libstd_json.dylib:arm64+0x4c18)
    #5 0x0001018c0c18 in cJSON_Duplicate_rec+0x19c (libstd_json.dylib:arm64+0x4c18)
    #6 0x0001018c0a6c in cJSON_Duplicate+0x20 (libstd_json.dylib:arm64+0x4a6c)
    #7 0x0001018bd520 in nl_json_get_index+0x7c (libstd_json.dylib:arm64+0x1520)
    #8 0x000100f382a4 in nhost_json_6+0x340 (schema-nanolang-json-compiler-equality-main.native:arm64+0x1000e82a4)
    #9 0x000100effd90 in nl___nano_module_1_get_index+0x928 (schema-nanolang-json-compiler-equality-main.native:arm64+0x1000afd90)
    #10 0x000100e96370 in nl_gen_contracts+0xeae8 (schema-nanolang-json-compiler-equality-main.native:arm64+0x100046370)
    #11 0x000100e55c30 in nl_main+0x4974 (schema-nanolang-json-compiler-equality-main.native:arm64+0x100005c30)
    #12 0x000100e508c4 in main+0x1c (schema-nanolang-json-compiler-equality-main.native:arm64+0x1000008c4)
    #13 0x0001828804e0 in start+0x1b4c (dyld:arm64e+0x204e0)

Indirect leak of 6015 byte(s) in 698 object(s) allocated from:
    #0 0x000101f9140c in malloc+0x70 (libclang_rt.asan_osx_dynamic.dylib:arm64+0x5540c)
    #1 0x0001018bdda4 in cJSON_strdup+0x4c (libstd_json.dylib:arm64+0x1da4)
    #2 0x0001018c0b28 in cJSON_Duplicate_rec+0xac (libstd_json.dylib:arm64+0x4b28)
    #3 0x0001018c0c18 in cJSON_Duplicate_rec+0x19c (libstd_json.dylib:arm64+0x4c18)
    #4 0x0001018c0c18 in cJSON_Duplicate_rec+0x19c (libstd_json.dylib:arm64+0x4c18)
    #5 0x0001018c0c18 in cJSON_Duplicate_rec+0x19c (libstd_json.dylib:arm64+0x4c18)
    #6 0x0001018c0c18 in cJSON_Duplicate_rec+0x19c (libstd_json.dylib:arm64+0x4c18)
    #7 0x0001018c0a6c in cJSON_Duplicate+0x20 (libstd_json.dylib:arm64+0x4a6c)
    #8 0x0001018bd124 in nl_json_get+0x78 (libstd_json.dylib:arm64+0x1124)
    #9 0x000100f37a04 in nhost_json_4+0x340 (schema-nanolang-json-compiler-equality-main.native:arm64+0x1000e7a04)
    #10 0x000100efeb48 in nl___nano_module_1_get+0x898 (schema-nanolang-json-compiler-equality-main.native:arm64+0x1000aeb48)
    #11 0x000100e94e9c in nl_gen_contracts+0xd614 (schema-nanolang-json-compiler-equality-main.native:arm64+0x100044e9c)
    #12 0x000100e55c30 in nl_main+0x4974 (schema-nanolang-json-compiler-equality-main.native:arm64+0x100005c30)
    #13 0x000100e508c4 in main+0x1c (schema-nanolang-json-compiler-equality-main.native:arm64+0x1000008c4)
    #14 0x0001828804e0 in start+0x1b4c (dyld:arm64e+0x204e0)

Indirect leak of 6015 byte(s) in 698 object(s) allocated from:
    #0 0x000101f9140c in malloc+0x70 (libclang_rt.asan_osx_dynamic.dylib:arm64+0x5540c)
    #1 0x0001018bdda4 in cJSON_strdup+0x4c (libstd_json.dylib:arm64+0x1da4)
    #2 0x0001018c0b28 in cJSON_Duplicate_rec+0xac (libstd_json.dylib:arm64+0x4b28)
    #3 0x0001018c0c18 in cJSON_Duplicate_rec+0x19c (libstd_json.dylib:arm64+0x4c18)
    #4 0x0001018c0c18 in cJSON_Duplicate_rec+0x19c (libstd_json.dylib:arm64+0x4c18)
    #5 0x0001018c0c18 in cJSON_Duplicate_rec+0x19c (libstd_json.dylib:arm64+0x4c18)
    #6 0x0001018c0a6c in cJSON_Duplicate+0x20 (libstd_json.dylib:arm64+0x4a6c)
    #7 0x0001018bd520 in nl_json_get_index+0x7c (libstd_json.dylib:arm64+0x1520)
    #8 0x000100f382a4 in nhost_json_6+0x340 (schema-nanolang-json-compiler-equality-main.native:arm64+0x1000e82a4)
    #9 0x000100effd90 in nl___nano_module_1_get_index+0x928 (schema-nanolang-json-compiler-equality-main.native:arm64+0x1000afd90)
    #10 0x000100e7a65c in nl_gen_nano_ast+0xf0ac (schema-nanolang-json-compiler-equality-main.native:arm64+0x10002a65c)
    #11 0x000100e5573c in nl_main+0x4480 (schema-nanolang-json-compiler-equality-main.native:arm64+0x10000573c)
    #12 0x000100e508c4 in main+0x1c (schema-nanolang-json-compiler-equality-main.native:arm64+0x1000008c4)
    #13 0x0001828804e0 in start+0x1b4c (dyld:arm64e+0x204e0)

Indirect leak of 6015 byte(s) in 698 object(s) allocated from:
    #0 0x000101f9140c in malloc+0x70 (libclang_rt.asan_osx_dynamic.dylib:arm64+0x5540c)
    #1 0x0001018bdda4 in cJSON_strdup+0x4c (libstd_json.dylib:arm64+0x1da4)
    #2 0x0001018c0b28 in cJSON_Duplicate_rec+0xac (libstd_json.dylib:arm64+0x4b28)
    #3 0x0001018c0c18 in cJSON_Duplicate_rec+0x19c (libstd_json.dylib:arm64+0x4c18)
    #4 0x0001018c0c18 in cJSON_Duplicate_rec+0x19c (libstd_json.dylib:arm64+0x4c18)
    #5 0x0001018c0c18 in cJSON_Duplicate_rec+0x19c (libstd_json.dylib:arm64+0x4c18)
    #6 0x0001018c0c18 in cJSON_Duplicate_rec+0x19c (libstd_json.dylib:arm64+0x4c18)
    #7 0x0001018c0a6c in cJSON_Duplicate+0x20 (libstd_json.dylib:arm64+0x4a6c)
    #8 0x0001018bd124 in nl_json_get+0x78 (libstd_json.dylib:arm64+0x1124)
    #9 0x000100f37a04 in nhost_json_4+0x340 (schema-nanolang-json-compiler-equality-main.native:arm64+0x1000e7a04)
    #10 0x000100efeb48 in nl___nano_module_1_get+0x898 (schema-nanolang-json-compiler-equality-main.native:arm64+0x1000aeb48)
    #11 0x000100ee41f8 in nl_gen_c+0x40c60 (schema-nanolang-json-compiler-equality-main.native:arm64+0x1000941f8)
    #12 0x000100e56124 in nl_main+0x4e68 (schema-nanolang-json-compiler-equality-main.native:arm64+0x100006124)
    #13 0x000100e508c4 in main+0x1c (schema-nanolang-json-compiler-equality-main.native:arm64+0x1000008c4)
    #14 0x0001828804e0 in start+0x1b4c (dyld:arm64e+0x204e0)

Indirect leak of 6015 byte(s) in 698 object(s) allocated from:
    #0 0x000101f9140c in malloc+0x70 (libclang_rt.asan_osx_dynamic.dylib:arm64+0x5540c)
    #1 0x0001018bdda4 in cJSON_strdup+0x4c (libstd_json.dylib:arm64+0x1da4)
    #2 0x0001018c0b28 in cJSON_Duplicate_rec+0xac (libstd_json.dylib:arm64+0x4b28)
    #3 0x0001018c0c18 in cJSON_Duplicate_rec+0x19c (libstd_json.dylib:arm64+0x4c18)
    #4 0x0001018c0a6c in cJSON_Duplicate+0x20 (libstd_json.dylib:arm64+0x4a6c)
    #5 0x0001018bd520 in nl_json_get_index+0x7c (libstd_json.dylib:arm64+0x1520)
    #6 0x000100f382a4 in nhost_json_6+0x340 (schema-nanolang-json-compiler-equality-main.native:arm64+0x1000e82a4)
    #7 0x000100effd90 in nl___nano_module_1_get_index+0x928 (schema-nanolang-json-compiler-equality-main.native:arm64+0x1000afd90)
    #8 0x000100eaec80 in nl_gen_c+0xb6e8 (schema-nanolang-json-compiler-equality-main.native:arm64+0x10005ec80)
    #9 0x000100e56124 in nl_main+0x4e68 (schema-nanolang-json-compiler-equality-main.native:arm64+0x100006124)
    #10 0x000100e508c4 in main+0x1c (schema-nanolang-json-compiler-equality-main.native:arm64+0x1000008c4)
    #11 0x0001828804e0 in start+0x1b4c (dyld:arm64e+0x204e0)

Indirect leak of 6015 byte(s) in 698 object(s) allocated from:
    #0 0x000101f9140c in malloc+0x70 (libclang_rt.asan_osx_dynamic.dylib:arm64+0x5540c)
    #1 0x0001018bdda4 in cJSON_strdup+0x4c (libstd_json.dylib:arm64+0x1da4)
    #2 0x0001018c0b28 in cJSON_Duplicate_rec+0xac (libstd_json.dylib:arm64+0x4b28)
    #3 0x0001018c0c18 in cJSON_Duplicate_rec+0x19c (libstd_json.dylib:arm64+0x4c18)
    #4 0x0001018c0c18 in cJSON_Duplicate_rec+0x19c (libstd_json.dylib:arm64+0x4c18)
    #5 0x0001018c0a6c in cJSON_Duplicate+0x20 (libstd_json.dylib:arm64+0x4a6c)
    #6 0x0001018bd124 in nl_json_get+0x78 (libstd_json.dylib:arm64+0x1124)
    #7 0x000100f37a04 in nhost_json_4+0x340 (schema-nanolang-json-compiler-equality-main.native:arm64+0x1000e7a04)
    #8 0x000100efeb48 in nl___nano_module_1_get+0x898 (schema-nanolang-json-compiler-equality-main.native:arm64+0x1000aeb48)
    #9 0x000100eacf0c in nl_gen_c+0x9974 (schema-nanolang-json-compiler-equality-main.native:arm64+0x10005cf0c)
    #10 0x000100e56124 in nl_main+0x4e68 (schema-nanolang-json-compiler-equality-main.native:arm64+0x100006124)
    #11 0x000100e508c4 in main+0x1c (schema-nanolang-json-compiler-equality-main.native:arm64+0x1000008c4)
    #12 0x0001828804e0 in start+0x1b4c (dyld:arm64e+0x204e0)

Indirect leak of 6015 byte(s) in 698 object(s) allocated from:
    #0 0x000101f9140c in malloc+0x70 (libclang_rt.asan_osx_dynamic.dylib:arm64+0x5540c)
    #1 0x0001018bdda4 in cJSON_strdup+0x4c (libstd_json.dylib:arm64+0x1da4)
    #2 0x0001018c0b28 in cJSON_Duplicate_rec+0xac (libstd_json.dylib:arm64+0x4b28)
    #3 0x0001018c0c18 in cJSON_Duplicate_rec+0x19c (libstd_json.dylib:arm64+0x4c18)
    #4 0x0001018c0c18 in cJSON_Duplicate_rec+0x19c (libstd_json.dylib:arm64+0x4c18)
    #5 0x0001018c0c18 in cJSON_Duplicate_rec+0x19c (libstd_json.dylib:arm64+0x4c18)
    #6 0x0001018c0a6c in cJSON_Duplicate+0x20 (libstd_json.dylib:arm64+0x4a6c)
    #7 0x0001018bd520 in nl_json_get_index+0x7c (libstd_json.dylib:arm64+0x1520)
    #8 0x000100f382a4 in nhost_json_6+0x340 (schema-nanolang-json-compiler-equality-main.native:arm64+0x1000e82a4)
    #9 0x000100effd90 in nl___nano_module_1_get_index+0x928 (schema-nanolang-json-compiler-equality-main.native:arm64+0x1000afd90)
    #10 0x000100eac174 in nl_gen_c+0x8bdc (schema-nanolang-json-compiler-equality-main.native:arm64+0x10005c174)
    #11 0x000100e56124 in nl_main+0x4e68 (schema-nanolang-json-compiler-equality-main.native:arm64+0x100006124)
    #12 0x000100e508c4 in main+0x1c (schema-nanolang-json-compiler-equality-main.native:arm64+0x1000008c4)
    #13 0x0001828804e0 in start+0x1b4c (dyld:arm64e+0x204e0)

Indirect leak of 6015 byte(s) in 698 object(s) allocated from:
    #0 0x000101f9140c in malloc+0x70 (libclang_rt.asan_osx_dynamic.dylib:arm64+0x5540c)
    #1 0x0001018bdda4 in cJSON_strdup+0x4c (libstd_json.dylib:arm64+0x1da4)
    #2 0x0001018c0b28 in cJSON_Duplicate_rec+0xac (libstd_json.dylib:arm64+0x4b28)
    #3 0x0001018c0c18 in cJSON_Duplicate_rec+0x19c (libstd_json.dylib:arm64+0x4c18)
    #4 0x0001018c0c18 in cJSON_Duplicate_rec+0x19c (libstd_json.dylib:arm64+0x4c18)
    #5 0x0001018c0c18 in cJSON_Duplicate_rec+0x19c (libstd_json.dylib:arm64+0x4c18)
    #6 0x0001018c0c18 in cJSON_Duplicate_rec+0x19c (libstd_json.dylib:arm64+0x4c18)
    #7 0x0001018c0a6c in cJSON_Duplicate+0x20 (libstd_json.dylib:arm64+0x4a6c)
    #8 0x0001018bd124 in nl_json_get+0x78 (libstd_json.dylib:arm64+0x1124)
    #9 0x000100f37a04 in nhost_json_4+0x340 (schema-nanolang-json-compiler-equality-main.native:arm64+0x1000e7a04)
    #10 0x000100efeb48 in nl___nano_module_1_get+0x898 (schema-nanolang-json-compiler-equality-main.native:arm64+0x1000aeb48)
    #11 0x000100e79188 in nl_gen_nano_ast+0xdbd8 (schema-nanolang-json-compiler-equality-main.native:arm64+0x100029188)
    #12 0x000100e5573c in nl_main+0x4480 (schema-nanolang-json-compiler-equality-main.native:arm64+0x10000573c)
    #13 0x000100e508c4 in main+0x1c (schema-nanolang-json-compiler-equality-main.native:arm64+0x1000008c4)
    #14 0x0001828804e0 in start+0x1b4c (dyld:arm64e+0x204e0)

Indirect leak of 6015 byte(s) in 698 object(s) allocated from:
    #0 0x000101f9140c in malloc+0x70 (libclang_rt.asan_osx_dynamic.dylib:arm64+0x5540c)
    #1 0x0001018bdda4 in cJSON_strdup+0x4c (libstd_json.dylib:arm64+0x1da4)
    #2 0x0001018c0b28 in cJSON_Duplicate_rec+0xac (libstd_json.dylib:arm64+0x4b28)
    #3 0x0001018c0c18 in cJSON_Duplicate_rec+0x19c (libstd_json.dylib:arm64+0x4c18)
    #4 0x0001018c0c18 in cJSON_Duplicate_rec+0x19c (libstd_json.dylib:arm64+0x4c18)
    #5 0x0001018c0c18 in cJSON_Duplicate_rec+0x19c (libstd_json.dylib:arm64+0x4c18)
    #6 0x0001018c0c18 in cJSON_Duplicate_rec+0x19c (libstd_json.dylib:arm64+0x4c18)
    #7 0x0001018c0a6c in cJSON_Duplicate+0x20 (libstd_json.dylib:arm64+0x4a6c)
    #8 0x0001018bd124 in nl_json_get+0x78 (libstd_json.dylib:arm64+0x1124)
    #9 0x000100f37a04 in nhost_json_4+0x340 (schema-nanolang-json-compiler-equality-main.native:arm64+0x1000e7a04)
    #10 0x000100efeb48 in nl___nano_module_1_get+0x898 (schema-nanolang-json-compiler-equality-main.native:arm64+0x1000aeb48)
    #11 0x000100eaa400 in nl_gen_c+0x6e68 (schema-nanolang-json-compiler-equality-main.native:arm64+0x10005a400)
    #12 0x000100e56124 in nl_main+0x4e68 (schema-nanolang-json-compiler-equality-main.native:arm64+0x100006124)
    #13 0x000100e508c4 in main+0x1c (schema-nanolang-json-compiler-equality-main.native:arm64+0x1000008c4)
    #14 0x0001828804e0 in start+0x1b4c (dyld:arm64e+0x204e0)

Indirect leak of 5696 byte(s) in 89 object(s) allocated from:
    #0 0x000101f9140c in malloc+0x70 (libclang_rt.asan_osx_dynamic.dylib:arm64+0x5540c)
    #1 0x0001018be0b0 in cJSON_New_Item+0x1c (libstd_json.dylib:arm64+0x20b0)
    #2 0x0001018c0abc in cJSON_Duplicate_rec+0x40 (libstd_json.dylib:arm64+0x4abc)
    #3 0x0001018c0c18 in cJSON_Duplicate_rec+0x19c (libstd_json.dylib:arm64+0x4c18)
    #4 0x0001018c0a6c in cJSON_Duplicate+0x20 (libstd_json.dylib:arm64+0x4a6c)
    #5 0x0001018bd124 in nl_json_get+0x78 (libstd_json.dylib:arm64+0x1124)
    #6 0x000100f37a04 in nhost_json_4+0x340 (schema-nanolang-json-compiler-equality-main.native:arm64+0x1000e7a04)
    #7 0x000100efeb48 in nl___nano_module_1_get+0x898 (schema-nanolang-json-compiler-equality-main.native:arm64+0x1000aeb48)
    #8 0x000100e5f6d0 in nl_gen_nano_schema+0x1754 (schema-nanolang-json-compiler-equality-main.native:arm64+0x10000f6d0)
    #9 0x000100e55248 in nl_main+0x3f8c (schema-nanolang-json-compiler-equality-main.native:arm64+0x100005248)
    #10 0x000100e508c4 in main+0x1c (schema-nanolang-json-compiler-equality-main.native:arm64+0x1000008c4)
    #11 0x0001828804e0 in start+0x1b4c (dyld:arm64e+0x204e0)

Indirect leak of 5696 byte(s) in 89 object(s) allocated from:
    #0 0x000101f9140c in malloc+0x70 (libclang_rt.asan_osx_dynamic.dylib:arm64+0x5540c)
    #1 0x0001018be0b0 in cJSON_New_Item+0x1c (libstd_json.dylib:arm64+0x20b0)
    #2 0x0001018c0abc in cJSON_Duplicate_rec+0x40 (libstd_json.dylib:arm64+0x4abc)
    #3 0x0001018c0c18 in cJSON_Duplicate_rec+0x19c (libstd_json.dylib:arm64+0x4c18)
    #4 0x0001018c0a6c in cJSON_Duplicate+0x20 (libstd_json.dylib:arm64+0x4a6c)
    #5 0x0001018bd124 in nl_json_get+0x78 (libstd_json.dylib:arm64+0x1124)
    #6 0x000100f37a04 in nhost_json_4+0x340 (schema-nanolang-json-compiler-equality-main.native:arm64+0x1000e7a04)
    #7 0x000100efeb48 in nl___nano_module_1_get+0x898 (schema-nanolang-json-compiler-equality-main.native:arm64+0x1000aeb48)
    #8 0x000100ed37c4 in nl_gen_c+0x3022c (schema-nanolang-json-compiler-equality-main.native:arm64+0x1000837c4)
    #9 0x000100e56124 in nl_main+0x4e68 (schema-nanolang-json-compiler-equality-main.native:arm64+0x100006124)
    #10 0x000100e508c4 in main+0x1c (schema-nanolang-json-compiler-equality-main.native:arm64+0x1000008c4)
    #11 0x0001828804e0 in start+0x1b4c (dyld:arm64e+0x204e0)

Indirect leak of 5480 byte(s) in 642 object(s) allocated from:
    #0 0x000101f9140c in malloc+0x70 (libclang_rt.asan_osx_dynamic.dylib:arm64+0x5540c)
    #1 0x0001018bdda4 in cJSON_strdup+0x4c (libstd_json.dylib:arm64+0x1da4)
    #2 0x0001018c0b28 in cJSON_Duplicate_rec+0xac (libstd_json.dylib:arm64+0x4b28)
    #3 0x0001018c0c18 in cJSON_Duplicate_rec+0x19c (libstd_json.dylib:arm64+0x4c18)
    #4 0x0001018c0a6c in cJSON_Duplicate+0x20 (libstd_json.dylib:arm64+0x4a6c)
    #5 0x0001018bd520 in nl_json_get_index+0x7c (libstd_json.dylib:arm64+0x1520)
    #6 0x000100f382a4 in nhost_json_6+0x340 (schema-nanolang-json-compiler-equality-main.native:arm64+0x1000e82a4)
    #7 0x000100effd90 in nl___nano_module_1_get_index+0x928 (schema-nanolang-json-compiler-equality-main.native:arm64+0x1000afd90)
    #8 0x000100e81710 in nl_gen_nano_ast+0x16160 (schema-nanolang-json-compiler-equality-main.native:arm64+0x100031710)
    #9 0x000100e5573c in nl_main+0x4480 (schema-nanolang-json-compiler-equality-main.native:arm64+0x10000573c)
    #10 0x000100e508c4 in main+0x1c (schema-nanolang-json-compiler-equality-main.native:arm64+0x1000008c4)
    #11 0x0001828804e0 in start+0x1b4c (dyld:arm64e+0x204e0)

Indirect leak of 5480 byte(s) in 642 object(s) allocated from:
    #0 0x000101f9140c in malloc+0x70 (libclang_rt.asan_osx_dynamic.dylib:arm64+0x5540c)
    #1 0x0001018bdda4 in cJSON_strdup+0x4c (libstd_json.dylib:arm64+0x1da4)
    #2 0x0001018c0b28 in cJSON_Duplicate_rec+0xac (libstd_json.dylib:arm64+0x4b28)
    #3 0x0001018c0c18 in cJSON_Duplicate_rec+0x19c (libstd_json.dylib:arm64+0x4c18)
    #4 0x0001018c0c18 in cJSON_Duplicate_rec+0x19c (libstd_json.dylib:arm64+0x4c18)
    #5 0x0001018c0a6c in cJSON_Duplicate+0x20 (libstd_json.dylib:arm64+0x4a6c)
    #6 0x0001018bd124 in nl_json_get+0x78 (libstd_json.dylib:arm64+0x1124)
    #7 0x000100f37a04 in nhost_json_4+0x340 (schema-nanolang-json-compiler-equality-main.native:arm64+0x1000e7a04)
    #8 0x000100efeb48 in nl___nano_module_1_get+0x898 (schema-nanolang-json-compiler-equality-main.native:arm64+0x1000aeb48)
    #9 0x000100e7d4ec in nl_gen_nano_ast+0x11f3c (schema-nanolang-json-compiler-equality-main.native:arm64+0x10002d4ec)
    #10 0x000100e5573c in nl_main+0x4480 (schema-nanolang-json-compiler-equality-main.native:arm64+0x10000573c)
    #11 0x000100e508c4 in main+0x1c (schema-nanolang-json-compiler-equality-main.native:arm64+0x1000008c4)
    #12 0x0001828804e0 in start+0x1b4c (dyld:arm64e+0x204e0)

Indirect leak of 3584 byte(s) in 56 object(s) allocated from:
    #0 0x000101f9140c in malloc+0x70 (libclang_rt.asan_osx_dynamic.dylib:arm64+0x5540c)
    #1 0x0001018be0b0 in cJSON_New_Item+0x1c (libstd_json.dylib:arm64+0x20b0)
    #2 0x0001018c0abc in cJSON_Duplicate_rec+0x40 (libstd_json.dylib:arm64+0x4abc)
    #3 0x0001018c0c18 in cJSON_Duplicate_rec+0x19c (libstd_json.dylib:arm64+0x4c18)
    #4 0x0001018c0a6c in cJSON_Duplicate+0x20 (libstd_json.dylib:arm64+0x4a6c)
    #5 0x0001018bd520 in nl_json_get_index+0x7c (libstd_json.dylib:arm64+0x1520)
    #6 0x000100f382a4 in nhost_json_6+0x340 (schema-nanolang-json-compiler-equality-main.native:arm64+0x1000e82a4)
    #7 0x000100effd90 in nl___nano_module_1_get_index+0x928 (schema-nanolang-json-compiler-equality-main.native:arm64+0x1000afd90)
    #8 0x000100e9d420 in nl_gen_contracts+0x15b98 (schema-nanolang-json-compiler-equality-main.native:arm64+0x10004d420)
    #9 0x000100e55c30 in nl_main+0x4974 (schema-nanolang-json-compiler-equality-main.native:arm64+0x100005c30)
    #10 0x000100e508c4 in main+0x1c (schema-nanolang-json-compiler-equality-main.native:arm64+0x1000008c4)
    #11 0x0001828804e0 in start+0x1b4c (dyld:arm64e+0x204e0)

Indirect leak of 3584 byte(s) in 56 object(s) allocated from:
    #0 0x000101f9140c in malloc+0x70 (libclang_rt.asan_osx_dynamic.dylib:arm64+0x5540c)
    #1 0x0001018be0b0 in cJSON_New_Item+0x1c (libstd_json.dylib:arm64+0x20b0)
    #2 0x0001018c0abc in cJSON_Duplicate_rec+0x40 (libstd_json.dylib:arm64+0x4abc)
    #3 0x0001018c0c18 in cJSON_Duplicate_rec+0x19c (libstd_json.dylib:arm64+0x4c18)
    #4 0x0001018c0c18 in cJSON_Duplicate_rec+0x19c (libstd_json.dylib:arm64+0x4c18)
    #5 0x0001018c0a6c in cJSON_Duplicate+0x20 (libstd_json.dylib:arm64+0x4a6c)
    #6 0x0001018bd124 in nl_json_get+0x78 (libstd_json.dylib:arm64+0x1124)
    #7 0x000100f37a04 in nhost_json_4+0x340 (schema-nanolang-json-compiler-equality-main.native:arm64+0x1000e7a04)
    #8 0x000100efeb48 in nl___nano_module_1_get+0x898 (schema-nanolang-json-compiler-equality-main.native:arm64+0x1000aeb48)
    #9 0x000100e991fc in nl_gen_contracts+0x11974 (schema-nanolang-json-compiler-equality-main.native:arm64+0x1000491fc)
    #10 0x000100e55c30 in nl_main+0x4974 (schema-nanolang-json-compiler-equality-main.native:arm64+0x100005c30)
    #11 0x000100e508c4 in main+0x1c (schema-nanolang-json-compiler-equality-main.native:arm64+0x1000008c4)
    #12 0x0001828804e0 in start+0x1b4c (dyld:arm64e+0x204e0)

Indirect leak of 3577 byte(s) in 349 object(s) allocated from:
    #0 0x000101f9140c in malloc+0x70 (libclang_rt.asan_osx_dynamic.dylib:arm64+0x5540c)
    #1 0x0001018bdda4 in cJSON_strdup+0x4c (libstd_json.dylib:arm64+0x1da4)
    #2 0x0001018c0b28 in cJSON_Duplicate_rec+0xac (libstd_json.dylib:arm64+0x4b28)
    #3 0x0001018c0a6c in cJSON_Duplicate+0x20 (libstd_json.dylib:arm64+0x4a6c)
    #4 0x0001018bd520 in nl_json_get_index+0x7c (libstd_json.dylib:arm64+0x1520)
    #5 0x000100f382a4 in nhost_json_6+0x340 (schema-nanolang-json-compiler-equality-main.native:arm64+0x1000e82a4)
    #6 0x000100effd90 in nl___nano_module_1_get_index+0x928 (schema-nanolang-json-compiler-equality-main.native:arm64+0x1000afd90)
    #7 0x000100eeee78 in nl_gen_c+0x4b8e0 (schema-nanolang-json-compiler-equality-main.native:arm64+0x10009ee78)
    #8 0x000100e56124 in nl_main+0x4e68 (schema-nanolang-json-compiler-equality-main.native:arm64+0x100006124)
    #9 0x000100e508c4 in main+0x1c (schema-nanolang-json-compiler-equality-main.native:arm64+0x1000008c4)
    #10 0x0001828804e0 in start+0x1b4c (dyld:arm64e+0x204e0)

Indirect leak of 3314 byte(s) in 321 object(s) allocated from:
    #0 0x000101f9140c in malloc+0x70 (libclang_rt.asan_osx_dynamic.dylib:arm64+0x5540c)
    #1 0x0001018bdda4 in cJSON_strdup+0x4c (libstd_json.dylib:arm64+0x1da4)
    #2 0x0001018c0b28 in cJSON_Duplicate_rec+0xac (libstd_json.dylib:arm64+0x4b28)
    #3 0x0001018c0a6c in cJSON_Duplicate+0x20 (libstd_json.dylib:arm64+0x4a6c)
    #4 0x0001018bd520 in nl_json_get_index+0x7c (libstd_json.dylib:arm64+0x1520)
    #5 0x000100f382a4 in nhost_json_6+0x340 (schema-nanolang-json-compiler-equality-main.native:arm64+0x1000e82a4)
    #6 0x000100effd90 in nl___nano_module_1_get_index+0x928 (schema-nanolang-json-compiler-equality-main.native:arm64+0x1000afd90)
    #7 0x000100e81ea4 in nl_gen_nano_ast+0x168f4 (schema-nanolang-json-compiler-equality-main.native:arm64+0x100031ea4)
    #8 0x000100e5573c in nl_main+0x4480 (schema-nanolang-json-compiler-equality-main.native:arm64+0x10000573c)
    #9 0x000100e508c4 in main+0x1c (schema-nanolang-json-compiler-equality-main.native:arm64+0x1000008c4)
    #10 0x0001828804e0 in start+0x1b4c (dyld:arm64e+0x204e0)

Indirect leak of 3008 byte(s) in 47 object(s) allocated from:
    #0 0x000101f9140c in malloc+0x70 (libclang_rt.asan_osx_dynamic.dylib:arm64+0x5540c)
    #1 0x0001018be0b0 in cJSON_New_Item+0x1c (libstd_json.dylib:arm64+0x20b0)
    #2 0x0001018c0abc in cJSON_Duplicate_rec+0x40 (libstd_json.dylib:arm64+0x4abc)
    #3 0x0001018c0c18 in cJSON_Duplicate_rec+0x19c (libstd_json.dylib:arm64+0x4c18)
    #4 0x0001018c0a6c in cJSON_Duplicate+0x20 (libstd_json.dylib:arm64+0x4a6c)
    #5 0x0001018bd124 in nl_json_get+0x78 (libstd_json.dylib:arm64+0x1124)
    #6 0x000100f37a04 in nhost_json_4+0x340 (schema-nanolang-json-compiler-equality-main.native:arm64+0x1000e7a04)
    #7 0x000100efeb48 in nl___nano_module_1_get+0x898 (schema-nanolang-json-compiler-equality-main.native:arm64+0x1000aeb48)
    #8 0x000100eaa400 in nl_gen_c+0x6e68 (schema-nanolang-json-compiler-equality-main.native:arm64+0x10005a400)
    #9 0x000100e56124 in nl_main+0x4e68 (schema-nanolang-json-compiler-equality-main.native:arm64+0x100006124)
    #10 0x000100e508c4 in main+0x1c (schema-nanolang-json-compiler-equality-main.native:arm64+0x1000008c4)
    #11 0x0001828804e0 in start+0x1b4c (dyld:arm64e+0x204e0)

Indirect leak of 3008 byte(s) in 47 object(s) allocated from:
    #0 0x000101f9140c in malloc+0x70 (libclang_rt.asan_osx_dynamic.dylib:arm64+0x5540c)
    #1 0x0001018be0b0 in cJSON_New_Item+0x1c (libstd_json.dylib:arm64+0x20b0)
    #2 0x0001018c0abc in cJSON_Duplicate_rec+0x40 (libstd_json.dylib:arm64+0x4abc)
    #3 0x0001018c0c18 in cJSON_Duplicate_rec+0x19c (libstd_json.dylib:arm64+0x4c18)
    #4 0x0001018c0a6c in cJSON_Duplicate+0x20 (libstd_json.dylib:arm64+0x4a6c)
    #5 0x0001018bd124 in nl_json_get+0x78 (libstd_json.dylib:arm64+0x1124)
    #6 0x000100f37a04 in nhost_json_4+0x340 (schema-nanolang-json-compiler-equality-main.native:arm64+0x1000e7a04)
    #7 0x000100efeb48 in nl___nano_module_1_get+0x898 (schema-nanolang-json-compiler-equality-main.native:arm64+0x1000aeb48)
    #8 0x000100e94e9c in nl_gen_contracts+0xd614 (schema-nanolang-json-compiler-equality-main.native:arm64+0x100044e9c)
    #9 0x000100e55c30 in nl_main+0x4974 (schema-nanolang-json-compiler-equality-main.native:arm64+0x100005c30)
    #10 0x000100e508c4 in main+0x1c (schema-nanolang-json-compiler-equality-main.native:arm64+0x1000008c4)
    #11 0x0001828804e0 in start+0x1b4c (dyld:arm64e+0x204e0)

Indirect leak of 3008 byte(s) in 47 object(s) allocated from:
    #0 0x000101f9140c in malloc+0x70 (libclang_rt.asan_osx_dynamic.dylib:arm64+0x5540c)
    #1 0x0001018be0b0 in cJSON_New_Item+0x1c (libstd_json.dylib:arm64+0x20b0)
    #2 0x0001018c0abc in cJSON_Duplicate_rec+0x40 (libstd_json.dylib:arm64+0x4abc)
    #3 0x0001018c0c18 in cJSON_Duplicate_rec+0x19c (libstd_json.dylib:arm64+0x4c18)
    #4 0x0001018c0a6c in cJSON_Duplicate+0x20 (libstd_json.dylib:arm64+0x4a6c)
    #5 0x0001018bd124 in nl_json_get+0x78 (libstd_json.dylib:arm64+0x1124)
    #6 0x000100f37a04 in nhost_json_4+0x340 (schema-nanolang-json-compiler-equality-main.native:arm64+0x1000e7a04)
    #7 0x000100efeb48 in nl___nano_module_1_get+0x898 (schema-nanolang-json-compiler-equality-main.native:arm64+0x1000aeb48)
    #8 0x000100ee41f8 in nl_gen_c+0x40c60 (schema-nanolang-json-compiler-equality-main.native:arm64+0x1000941f8)
    #9 0x000100e56124 in nl_main+0x4e68 (schema-nanolang-json-compiler-equality-main.native:arm64+0x100006124)
    #10 0x000100e508c4 in main+0x1c (schema-nanolang-json-compiler-equality-main.native:arm64+0x1000008c4)
    #11 0x0001828804e0 in start+0x1b4c (dyld:arm64e+0x204e0)

Indirect leak of 3008 byte(s) in 47 object(s) allocated from:
    #0 0x000101f9140c in malloc+0x70 (libclang_rt.asan_osx_dynamic.dylib:arm64+0x5540c)
    #1 0x0001018be0b0 in cJSON_New_Item+0x1c (libstd_json.dylib:arm64+0x20b0)
    #2 0x0001018c0abc in cJSON_Duplicate_rec+0x40 (libstd_json.dylib:arm64+0x4abc)
    #3 0x0001018c0c18 in cJSON_Duplicate_rec+0x19c (libstd_json.dylib:arm64+0x4c18)
    #4 0x0001018c0a6c in cJSON_Duplicate+0x20 (libstd_json.dylib:arm64+0x4a6c)
    #5 0x0001018bd124 in nl_json_get+0x78 (libstd_json.dylib:arm64+0x1124)
    #6 0x000100f37a04 in nhost_json_4+0x340 (schema-nanolang-json-compiler-equality-main.native:arm64+0x1000e7a04)
    #7 0x000100efeb48 in nl___nano_module_1_get+0x898 (schema-nanolang-json-compiler-equality-main.native:arm64+0x1000aeb48)
    #8 0x000100e79188 in nl_gen_nano_ast+0xdbd8 (schema-nanolang-json-compiler-equality-main.native:arm64+0x100029188)
    #9 0x000100e5573c in nl_main+0x4480 (schema-nanolang-json-compiler-equality-main.native:arm64+0x10000573c)
    #10 0x000100e508c4 in main+0x1c (schema-nanolang-json-compiler-equality-main.native:arm64+0x1000008c4)
    #11 0x0001828804e0 in start+0x1b4c (dyld:arm64e+0x204e0)

Indirect leak of 2944 byte(s) in 46 object(s) allocated from:
    #0 0x000101f9140c in malloc+0x70 (libclang_rt.asan_osx_dynamic.dylib:arm64+0x5540c)
    #1 0x0001018be0b0 in cJSON_New_Item+0x1c (libstd_json.dylib:arm64+0x20b0)
    #2 0x0001018c0abc in cJSON_Duplicate_rec+0x40 (libstd_json.dylib:arm64+0x4abc)
    #3 0x0001018c0c18 in cJSON_Duplicate_rec+0x19c (libstd_json.dylib:arm64+0x4c18)
    #4 0x0001018c0a6c in cJSON_Duplicate+0x20 (libstd_json.dylib:arm64+0x4a6c)
    #5 0x0001018bd124 in nl_json_get+0x78 (libstd_json.dylib:arm64+0x1124)
    #6 0x000100f37a04 in nhost_json_4+0x340 (schema-nanolang-json-compiler-equality-main.native:arm64+0x1000e7a04)
    #7 0x000100efeb48 in nl___nano_module_1_get+0x898 (schema-nanolang-json-compiler-equality-main.native:arm64+0x1000aeb48)
    #8 0x000100edca18 in nl_gen_c+0x39480 (schema-nanolang-json-compiler-equality-main.native:arm64+0x10008ca18)
    #9 0x000100e56124 in nl_main+0x4e68 (schema-nanolang-json-compiler-equality-main.native:arm64+0x100006124)
    #10 0x000100e508c4 in main+0x1c (schema-nanolang-json-compiler-equality-main.native:arm64+0x1000008c4)
    #11 0x0001828804e0 in start+0x1b4c (dyld:arm64e+0x204e0)

Indirect leak of 2944 byte(s) in 46 object(s) allocated from:
    #0 0x000101f9140c in malloc+0x70 (libclang_rt.asan_osx_dynamic.dylib:arm64+0x5540c)
    #1 0x0001018be0b0 in cJSON_New_Item+0x1c (libstd_json.dylib:arm64+0x20b0)
    #2 0x0001018c0abc in cJSON_Duplicate_rec+0x40 (libstd_json.dylib:arm64+0x4abc)
    #3 0x0001018c0c18 in cJSON_Duplicate_rec+0x19c (libstd_json.dylib:arm64+0x4c18)
    #4 0x0001018c0a6c in cJSON_Duplicate+0x20 (libstd_json.dylib:arm64+0x4a6c)
    #5 0x0001018bd124 in nl_json_get+0x78 (libstd_json.dylib:arm64+0x1124)
    #6 0x000100f37a04 in nhost_json_4+0x340 (schema-nanolang-json-compiler-equality-main.native:arm64+0x1000e7a04)
    #7 0x000100efeb48 in nl___nano_module_1_get+0x898 (schema-nanolang-json-compiler-equality-main.native:arm64+0x1000aeb48)
    #8 0x000100e663a0 in nl_gen_nano_schema+0x8424 (schema-nanolang-json-compiler-equality-main.native:arm64+0x1000163a0)
    #9 0x000100e55248 in nl_main+0x3f8c (schema-nanolang-json-compiler-equality-main.native:arm64+0x100005248)
    #10 0x000100e508c4 in main+0x1c (schema-nanolang-json-compiler-equality-main.native:arm64+0x1000008c4)
    #11 0x0001828804e0 in start+0x1b4c (dyld:arm64e+0x204e0)

Indirect leak of 2438 byte(s) in 349 object(s) allocated from:
    #0 0x000101f9140c in malloc+0x70 (libclang_rt.asan_osx_dynamic.dylib:arm64+0x5540c)
    #1 0x0001018bdda4 in cJSON_strdup+0x4c (libstd_json.dylib:arm64+0x1da4)
    #2 0x0001018c0b28 in cJSON_Duplicate_rec+0xac (libstd_json.dylib:arm64+0x4b28)
    #3 0x0001018c0a6c in cJSON_Duplicate+0x20 (libstd_json.dylib:arm64+0x4a6c)
    #4 0x0001018bd520 in nl_json_get_index+0x7c (libstd_json.dylib:arm64+0x1520)
    #5 0x000100f382a4 in nhost_json_6+0x340 (schema-nanolang-json-compiler-equality-main.native:arm64+0x1000e82a4)
    #6 0x000100effd90 in nl___nano_module_1_get_index+0x928 (schema-nanolang-json-compiler-equality-main.native:arm64+0x1000afd90)
    #7 0x000100eeff60 in nl_gen_c+0x4c9c8 (schema-nanolang-json-compiler-equality-main.native:arm64+0x10009ff60)
    #8 0x000100e56124 in nl_main+0x4e68 (schema-nanolang-json-compiler-equality-main.native:arm64+0x100006124)
    #9 0x000100e508c4 in main+0x1c (schema-nanolang-json-compiler-equality-main.native:arm64+0x1000008c4)
    #10 0x0001828804e0 in start+0x1b4c (dyld:arm64e+0x204e0)

Indirect leak of 2438 byte(s) in 349 object(s) allocated from:
    #0 0x000101f9140c in malloc+0x70 (libclang_rt.asan_osx_dynamic.dylib:arm64+0x5540c)
    #1 0x0001018bdda4 in cJSON_strdup+0x4c (libstd_json.dylib:arm64+0x1da4)
    #2 0x0001018c0b28 in cJSON_Duplicate_rec+0xac (libstd_json.dylib:arm64+0x4b28)
    #3 0x0001018c0a6c in cJSON_Duplicate+0x20 (libstd_json.dylib:arm64+0x4a6c)
    #4 0x0001018bd520 in nl_json_get_index+0x7c (libstd_json.dylib:arm64+0x1520)
    #5 0x000100f382a4 in nhost_json_6+0x340 (schema-nanolang-json-compiler-equality-main.native:arm64+0x1000e82a4)
    #6 0x000100effd90 in nl___nano_module_1_get_index+0x928 (schema-nanolang-json-compiler-equality-main.native:arm64+0x1000afd90)
    #7 0x000100eaf8d4 in nl_gen_c+0xc33c (schema-nanolang-json-compiler-equality-main.native:arm64+0x10005f8d4)
    #8 0x000100e56124 in nl_main+0x4e68 (schema-nanolang-json-compiler-equality-main.native:arm64+0x100006124)
    #9 0x000100e508c4 in main+0x1c (schema-nanolang-json-compiler-equality-main.native:arm64+0x1000008c4)
    #10 0x0001828804e0 in start+0x1b4c (dyld:arm64e+0x204e0)

Indirect leak of 2166 byte(s) in 321 object(s) allocated from:
    #0 0x000101f9140c in malloc+0x70 (libclang_rt.asan_osx_dynamic.dylib:arm64+0x5540c)
    #1 0x0001018bdda4 in cJSON_strdup+0x4c (libstd_json.dylib:arm64+0x1da4)
    #2 0x0001018c0b28 in cJSON_Duplicate_rec+0xac (libstd_json.dylib:arm64+0x4b28)
    #3 0x0001018c0a6c in cJSON_Duplicate+0x20 (libstd_json.dylib:arm64+0x4a6c)
    #4 0x0001018bd520 in nl_json_get_index+0x7c (libstd_json.dylib:arm64+0x1520)
    #5 0x000100f382a4 in nhost_json_6+0x340 (schema-nanolang-json-compiler-equality-main.native:arm64+0x1000e82a4)
    #6 0x000100effd90 in nl___nano_module_1_get_index+0x928 (schema-nanolang-json-compiler-equality-main.native:arm64+0x1000afd90)
    #7 0x000100e82a04 in nl_gen_nano_ast+0x17454 (schema-nanolang-json-compiler-equality-main.native:arm64+0x100032a04)
    #8 0x000100e5573c in nl_main+0x4480 (schema-nanolang-json-compiler-equality-main.native:arm64+0x10000573c)
    #9 0x000100e508c4 in main+0x1c (schema-nanolang-json-compiler-equality-main.native:arm64+0x1000008c4)
    #10 0x0001828804e0 in start+0x1b4c (dyld:arm64e+0x204e0)

Indirect leak of 1792 byte(s) in 28 object(s) allocated from:
    #0 0x000101f9140c in malloc+0x70 (libclang_rt.asan_osx_dynamic.dylib:arm64+0x5540c)
    #1 0x0001018be0b0 in cJSON_New_Item+0x1c (libstd_json.dylib:arm64+0x20b0)
    #2 0x0001018c0abc in cJSON_Duplicate_rec+0x40 (libstd_json.dylib:arm64+0x4abc)
    #3 0x0001018c0c18 in cJSON_Duplicate_rec+0x19c (libstd_json.dylib:arm64+0x4c18)
    #4 0x0001018c0a6c in cJSON_Duplicate+0x20 (libstd_json.dylib:arm64+0x4a6c)
    #5 0x0001018bd124 in nl_json_get+0x78 (libstd_json.dylib:arm64+0x1124)
    #6 0x000100f37a04 in nhost_json_4+0x340 (schema-nanolang-json-compiler-equality-main.native:arm64+0x1000e7a04)
    #7 0x000100efeb48 in nl___nano_module_1_get+0x898 (schema-nanolang-json-compiler-equality-main.native:arm64+0x1000aeb48)
    #8 0x000100e991fc in nl_gen_contracts+0x11974 (schema-nanolang-json-compiler-equality-main.native:arm64+0x1000491fc)
    #9 0x000100e55c30 in nl_main+0x4974 (schema-nanolang-json-compiler-equality-main.native:arm64+0x100005c30)
    #10 0x000100e508c4 in main+0x1c (schema-nanolang-json-compiler-equality-main.native:arm64+0x1000008c4)
    #11 0x0001828804e0 in start+0x1b4c (dyld:arm64e+0x204e0)

Indirect leak of 1728 byte(s) in 27 object(s) allocated from:
    #0 0x000101f9140c in malloc+0x70 (libclang_rt.asan_osx_dynamic.dylib:arm64+0x5540c)
    #1 0x0001018be0b0 in cJSON_New_Item+0x1c (libstd_json.dylib:arm64+0x20b0)
    #2 0x0001018c0abc in cJSON_Duplicate_rec+0x40 (libstd_json.dylib:arm64+0x4abc)
    #3 0x0001018c0c18 in cJSON_Duplicate_rec+0x19c (libstd_json.dylib:arm64+0x4c18)
    #4 0x0001018c0c18 in cJSON_Duplicate_rec+0x19c (libstd_json.dylib:arm64+0x4c18)
    #5 0x0001018c0a6c in cJSON_Duplicate+0x20 (libstd_json.dylib:arm64+0x4a6c)
    #6 0x0001018bd520 in nl_json_get_index+0x7c (libstd_json.dylib:arm64+0x1520)
    #7 0x000100f382a4 in nhost_json_6+0x340 (schema-nanolang-json-compiler-equality-main.native:arm64+0x1000e82a4)
    #8 0x000100effd90 in nl___nano_module_1_get_index+0x928 (schema-nanolang-json-compiler-equality-main.native:arm64+0x1000afd90)
    #9 0x000100ec3a3c in nl_gen_c+0x204a4 (schema-nanolang-json-compiler-equality-main.native:arm64+0x100073a3c)
    #10 0x000100e56124 in nl_main+0x4e68 (schema-nanolang-json-compiler-equality-main.native:arm64+0x100006124)
    #11 0x000100e508c4 in main+0x1c (schema-nanolang-json-compiler-equality-main.native:arm64+0x1000008c4)
    #12 0x0001828804e0 in start+0x1b4c (dyld:arm64e+0x204e0)

Indirect leak of 1728 byte(s) in 27 object(s) allocated from:
    #0 0x000101f9140c in malloc+0x70 (libclang_rt.asan_osx_dynamic.dylib:arm64+0x5540c)
    #1 0x0001018be0b0 in cJSON_New_Item+0x1c (libstd_json.dylib:arm64+0x20b0)
    #2 0x0001018c0abc in cJSON_Duplicate_rec+0x40 (libstd_json.dylib:arm64+0x4abc)
    #3 0x0001018c0c18 in cJSON_Duplicate_rec+0x19c (libstd_json.dylib:arm64+0x4c18)
    #4 0x0001018c0c18 in cJSON_Duplicate_rec+0x19c (libstd_json.dylib:arm64+0x4c18)
    #5 0x0001018c0c18 in cJSON_Duplicate_rec+0x19c (libstd_json.dylib:arm64+0x4c18)
    #6 0x0001018c0a6c in cJSON_Duplicate+0x20 (libstd_json.dylib:arm64+0x4a6c)
    #7 0x0001018bd124 in nl_json_get+0x78 (libstd_json.dylib:arm64+0x1124)
    #8 0x000100f37a04 in nhost_json_4+0x340 (schema-nanolang-json-compiler-equality-main.native:arm64+0x1000e7a04)
    #9 0x000100efeb48 in nl___nano_module_1_get+0x898 (schema-nanolang-json-compiler-equality-main.native:arm64+0x1000aeb48)
    #10 0x000100ec1a60 in nl_gen_c+0x1e4c8 (schema-nanolang-json-compiler-equality-main.native:arm64+0x100071a60)
    #11 0x000100e56124 in nl_main+0x4e68 (schema-nanolang-json-compiler-equality-main.native:arm64+0x100006124)
    #12 0x000100e508c4 in main+0x1c (schema-nanolang-json-compiler-equality-main.native:arm64+0x1000008c4)
    #13 0x0001828804e0 in start+0x1b4c (dyld:arm64e+0x204e0)

Indirect leak of 1728 byte(s) in 27 object(s) allocated from:
    #0 0x000101f9140c in malloc+0x70 (libclang_rt.asan_osx_dynamic.dylib:arm64+0x5540c)
    #1 0x0001018be0b0 in cJSON_New_Item+0x1c (libstd_json.dylib:arm64+0x20b0)
    #2 0x0001018c0abc in cJSON_Duplicate_rec+0x40 (libstd_json.dylib:arm64+0x4abc)
    #3 0x0001018c0c18 in cJSON_Duplicate_rec+0x19c (libstd_json.dylib:arm64+0x4c18)
    #4 0x0001018c0a6c in cJSON_Duplicate+0x20 (libstd_json.dylib:arm64+0x4a6c)
    #5 0x0001018bd124 in nl_json_get+0x78 (libstd_json.dylib:arm64+0x1124)
    #6 0x000100f37a04 in nhost_json_4+0x340 (schema-nanolang-json-compiler-equality-main.native:arm64+0x1000e7a04)
    #7 0x000100efeb48 in nl___nano_module_1_get+0x898 (schema-nanolang-json-compiler-equality-main.native:arm64+0x1000aeb48)
    #8 0x000100e8e338 in nl_gen_contracts+0x6ab0 (schema-nanolang-json-compiler-equality-main.native:arm64+0x10003e338)
    #9 0x000100e55c30 in nl_main+0x4974 (schema-nanolang-json-compiler-equality-main.native:arm64+0x100005c30)
    #10 0x000100e508c4 in main+0x1c (schema-nanolang-json-compiler-equality-main.native:arm64+0x1000008c4)
    #11 0x0001828804e0 in start+0x1b4c (dyld:arm64e+0x204e0)

Indirect leak of 1728 byte(s) in 27 object(s) allocated from:
    #0 0x000101f9140c in malloc+0x70 (libclang_rt.asan_osx_dynamic.dylib:arm64+0x5540c)
    #1 0x0001018be0b0 in cJSON_New_Item+0x1c (libstd_json.dylib:arm64+0x20b0)
    #2 0x0001018c0abc in cJSON_Duplicate_rec+0x40 (libstd_json.dylib:arm64+0x4abc)
    #3 0x0001018c0c18 in cJSON_Duplicate_rec+0x19c (libstd_json.dylib:arm64+0x4c18)
    #4 0x0001018c0c18 in cJSON_Duplicate_rec+0x19c (libstd_json.dylib:arm64+0x4c18)
    #5 0x0001018c0a6c in cJSON_Duplicate+0x20 (libstd_json.dylib:arm64+0x4a6c)
    #6 0x0001018bd520 in nl_json_get_index+0x7c (libstd_json.dylib:arm64+0x1520)
    #7 0x000100f382a4 in nhost_json_6+0x340 (schema-nanolang-json-compiler-equality-main.native:arm64+0x1000e82a4)
    #8 0x000100effd90 in nl___nano_module_1_get_index+0x928 (schema-nanolang-json-compiler-equality-main.native:arm64+0x1000afd90)
    #9 0x000100e8b16c in nl_gen_contracts+0x38e4 (schema-nanolang-json-compiler-equality-main.native:arm64+0x10003b16c)
    #10 0x000100e55c30 in nl_main+0x4974 (schema-nanolang-json-compiler-equality-main.native:arm64+0x100005c30)
    #11 0x000100e508c4 in main+0x1c (schema-nanolang-json-compiler-equality-main.native:arm64+0x1000008c4)
    #12 0x0001828804e0 in start+0x1b4c (dyld:arm64e+0x204e0)

Indirect leak of 1728 byte(s) in 27 object(s) allocated from:
    #0 0x000101f9140c in malloc+0x70 (libclang_rt.asan_osx_dynamic.dylib:arm64+0x5540c)
    #1 0x0001018be0b0 in cJSON_New_Item+0x1c (libstd_json.dylib:arm64+0x20b0)
    #2 0x0001018c0abc in cJSON_Duplicate_rec+0x40 (libstd_json.dylib:arm64+0x4abc)
    #3 0x0001018c0c18 in cJSON_Duplicate_rec+0x19c (libstd_json.dylib:arm64+0x4c18)
    #4 0x0001018c0c18 in cJSON_Duplicate_rec+0x19c (libstd_json.dylib:arm64+0x4c18)
    #5 0x0001018c0c18 in cJSON_Duplicate_rec+0x19c (libstd_json.dylib:arm64+0x4c18)
    #6 0x0001018c0a6c in cJSON_Duplicate+0x20 (libstd_json.dylib:arm64+0x4a6c)
    #7 0x0001018bd124 in nl_json_get+0x78 (libstd_json.dylib:arm64+0x1124)
    #8 0x000100f37a04 in nhost_json_4+0x340 (schema-nanolang-json-compiler-equality-main.native:arm64+0x1000e7a04)
    #9 0x000100efeb48 in nl___nano_module_1_get+0x898 (schema-nanolang-json-compiler-equality-main.native:arm64+0x1000aeb48)
    #10 0x000100e89b60 in nl_gen_contracts+0x22d8 (schema-nanolang-json-compiler-equality-main.native:arm64+0x100039b60)
    #11 0x000100e55c30 in nl_main+0x4974 (schema-nanolang-json-compiler-equality-main.native:arm64+0x100005c30)
    #12 0x000100e508c4 in main+0x1c (schema-nanolang-json-compiler-equality-main.native:arm64+0x1000008c4)
    #13 0x0001828804e0 in start+0x1b4c (dyld:arm64e+0x204e0)

Indirect leak of 1728 byte(s) in 27 object(s) allocated from:
    #0 0x000101f9140c in malloc+0x70 (libclang_rt.asan_osx_dynamic.dylib:arm64+0x5540c)
    #1 0x0001018be0b0 in cJSON_New_Item+0x1c (libstd_json.dylib:arm64+0x20b0)
    #2 0x0001018c0abc in cJSON_Duplicate_rec+0x40 (libstd_json.dylib:arm64+0x4abc)
    #3 0x0001018c0c18 in cJSON_Duplicate_rec+0x19c (libstd_json.dylib:arm64+0x4c18)
    #4 0x0001018c0c18 in cJSON_Duplicate_rec+0x19c (libstd_json.dylib:arm64+0x4c18)
    #5 0x0001018c0a6c in cJSON_Duplicate+0x20 (libstd_json.dylib:arm64+0x4a6c)
    #6 0x0001018bd520 in nl_json_get_index+0x7c (libstd_json.dylib:arm64+0x1520)
    #7 0x000100f382a4 in nhost_json_6+0x340 (schema-nanolang-json-compiler-equality-main.native:arm64+0x1000e82a4)
    #8 0x000100effd90 in nl___nano_module_1_get_index+0x928 (schema-nanolang-json-compiler-equality-main.native:arm64+0x1000afd90)
    #9 0x000100e6f454 in nl_gen_nano_ast+0x3ea4 (schema-nanolang-json-compiler-equality-main.native:arm64+0x10001f454)
    #10 0x000100e5573c in nl_main+0x4480 (schema-nanolang-json-compiler-equality-main.native:arm64+0x10000573c)
    #11 0x000100e508c4 in main+0x1c (schema-nanolang-json-compiler-equality-main.native:arm64+0x1000008c4)
    #12 0x0001828804e0 in start+0x1b4c (dyld:arm64e+0x204e0)

Indirect leak of 1728 byte(s) in 27 object(s) allocated from:
    #0 0x000101f9140c in malloc+0x70 (libclang_rt.asan_osx_dynamic.dylib:arm64+0x5540c)
    #1 0x0001018be0b0 in cJSON_New_Item+0x1c (libstd_json.dylib:arm64+0x20b0)
    #2 0x0001018c0abc in cJSON_Duplicate_rec+0x40 (libstd_json.dylib:arm64+0x4abc)
    #3 0x0001018c0c18 in cJSON_Duplicate_rec+0x19c (libstd_json.dylib:arm64+0x4c18)
    #4 0x0001018c0c18 in cJSON_Duplicate_rec+0x19c (libstd_json.dylib:arm64+0x4c18)
    #5 0x0001018c0c18 in cJSON_Duplicate_rec+0x19c (libstd_json.dylib:arm64+0x4c18)
    #6 0x0001018c0a6c in cJSON_Duplicate+0x20 (libstd_json.dylib:arm64+0x4a6c)
    #7 0x0001018bd124 in nl_json_get+0x78 (libstd_json.dylib:arm64+0x1124)
    #8 0x000100f37a04 in nhost_json_4+0x340 (schema-nanolang-json-compiler-equality-main.native:arm64+0x1000e7a04)
    #9 0x000100efeb48 in nl___nano_module_1_get+0x898 (schema-nanolang-json-compiler-equality-main.native:arm64+0x1000aeb48)
    #10 0x000100e6de48 in nl_gen_nano_ast+0x2898 (schema-nanolang-json-compiler-equality-main.native:arm64+0x10001de48)
    #11 0x000100e5573c in nl_main+0x4480 (schema-nanolang-json-compiler-equality-main.native:arm64+0x10000573c)
    #12 0x000100e508c4 in main+0x1c (schema-nanolang-json-compiler-equality-main.native:arm64+0x1000008c4)
    #13 0x0001828804e0 in start+0x1b4c (dyld:arm64e+0x204e0)

Indirect leak of 1090 byte(s) in 89 object(s) allocated from:
    #0 0x000101f9140c in malloc+0x70 (libclang_rt.asan_osx_dynamic.dylib:arm64+0x5540c)
    #1 0x0001018bdda4 in cJSON_strdup+0x4c (libstd_json.dylib:arm64+0x1da4)
    #2 0x0001018c0b28 in cJSON_Duplicate_rec+0xac (libstd_json.dylib:arm64+0x4b28)
    #3 0x0001018c0a6c in cJSON_Duplicate+0x20 (libstd_json.dylib:arm64+0x4a6c)
    #4 0x0001018bd520 in nl_json_get_index+0x7c (libstd_json.dylib:arm64+0x1520)
    #5 0x000100f382a4 in nhost_json_6+0x340 (schema-nanolang-json-compiler-equality-main.native:arm64+0x1000e82a4)
    #6 0x000100effd90 in nl___nano_module_1_get_index+0x928 (schema-nanolang-json-compiler-equality-main.native:arm64+0x1000afd90)
    #7 0x000100ed5478 in nl_gen_c+0x31ee0 (schema-nanolang-json-compiler-equality-main.native:arm64+0x100085478)
    #8 0x000100e56124 in nl_main+0x4e68 (schema-nanolang-json-compiler-equality-main.native:arm64+0x100006124)
    #9 0x000100e508c4 in main+0x1c (schema-nanolang-json-compiler-equality-main.native:arm64+0x1000008c4)
    #10 0x0001828804e0 in start+0x1b4c (dyld:arm64e+0x204e0)

Indirect leak of 1090 byte(s) in 89 object(s) allocated from:
    #0 0x000101f9140c in malloc+0x70 (libclang_rt.asan_osx_dynamic.dylib:arm64+0x5540c)
    #1 0x0001018bdda4 in cJSON_strdup+0x4c (libstd_json.dylib:arm64+0x1da4)
    #2 0x0001018c0b28 in cJSON_Duplicate_rec+0xac (libstd_json.dylib:arm64+0x4b28)
    #3 0x0001018c0c18 in cJSON_Duplicate_rec+0x19c (libstd_json.dylib:arm64+0x4c18)
    #4 0x0001018c0a6c in cJSON_Duplicate+0x20 (libstd_json.dylib:arm64+0x4a6c)
    #5 0x0001018bd124 in nl_json_get+0x78 (libstd_json.dylib:arm64+0x1124)
    #6 0x000100f37a04 in nhost_json_4+0x340 (schema-nanolang-json-compiler-equality-main.native:arm64+0x1000e7a04)
    #7 0x000100efeb48 in nl___nano_module_1_get+0x898 (schema-nanolang-json-compiler-equality-main.native:arm64+0x1000aeb48)
    #8 0x000100ed37c4 in nl_gen_c+0x3022c (schema-nanolang-json-compiler-equality-main.native:arm64+0x1000837c4)
    #9 0x000100e56124 in nl_main+0x4e68 (schema-nanolang-json-compiler-equality-main.native:arm64+0x100006124)
    #10 0x000100e508c4 in main+0x1c (schema-nanolang-json-compiler-equality-main.native:arm64+0x1000008c4)
    #11 0x0001828804e0 in start+0x1b4c (dyld:arm64e+0x204e0)

Indirect leak of 1090 byte(s) in 89 object(s) allocated from:
    #0 0x000101f9140c in malloc+0x70 (libclang_rt.asan_osx_dynamic.dylib:arm64+0x5540c)
    #1 0x0001018bdda4 in cJSON_strdup+0x4c (libstd_json.dylib:arm64+0x1da4)
    #2 0x0001018c0b28 in cJSON_Duplicate_rec+0xac (libstd_json.dylib:arm64+0x4b28)
    #3 0x0001018c0a6c in cJSON_Duplicate+0x20 (libstd_json.dylib:arm64+0x4a6c)
    #4 0x0001018bd520 in nl_json_get_index+0x7c (libstd_json.dylib:arm64+0x1520)
    #5 0x000100f382a4 in nhost_json_6+0x340 (schema-nanolang-json-compiler-equality-main.native:arm64+0x1000e82a4)
    #6 0x000100effd90 in nl___nano_module_1_get_index+0x928 (schema-nanolang-json-compiler-equality-main.native:arm64+0x1000afd90)
    #7 0x000100e6091c in nl_gen_nano_schema+0x29a0 (schema-nanolang-json-compiler-equality-main.native:arm64+0x10001091c)
    #8 0x000100e55248 in nl_main+0x3f8c (schema-nanolang-json-compiler-equality-main.native:arm64+0x100005248)
    #9 0x000100e508c4 in main+0x1c (schema-nanolang-json-compiler-equality-main.native:arm64+0x1000008c4)
    #10 0x0001828804e0 in start+0x1b4c (dyld:arm64e+0x204e0)

Indirect leak of 1090 byte(s) in 89 object(s) allocated from:
    #0 0x000101f9140c in malloc+0x70 (libclang_rt.asan_osx_dynamic.dylib:arm64+0x5540c)
    #1 0x0001018bdda4 in cJSON_strdup+0x4c (libstd_json.dylib:arm64+0x1da4)
    #2 0x0001018c0b28 in cJSON_Duplicate_rec+0xac (libstd_json.dylib:arm64+0x4b28)
    #3 0x0001018c0c18 in cJSON_Duplicate_rec+0x19c (libstd_json.dylib:arm64+0x4c18)
    #4 0x0001018c0a6c in cJSON_Duplicate+0x20 (libstd_json.dylib:arm64+0x4a6c)
    #5 0x0001018bd124 in nl_json_get+0x78 (libstd_json.dylib:arm64+0x1124)
    #6 0x000100f37a04 in nhost_json_4+0x340 (schema-nanolang-json-compiler-equality-main.native:arm64+0x1000e7a04)
    #7 0x000100efeb48 in nl___nano_module_1_get+0x898 (schema-nanolang-json-compiler-equality-main.native:arm64+0x1000aeb48)
    #8 0x000100e5f6d0 in nl_gen_nano_schema+0x1754 (schema-nanolang-json-compiler-equality-main.native:arm64+0x10000f6d0)
    #9 0x000100e55248 in nl_main+0x3f8c (schema-nanolang-json-compiler-equality-main.native:arm64+0x100005248)
    #10 0x000100e508c4 in main+0x1c (schema-nanolang-json-compiler-equality-main.native:arm64+0x1000008c4)
    #11 0x0001828804e0 in start+0x1b4c (dyld:arm64e+0x204e0)

Indirect leak of 987 byte(s) in 150 object(s) allocated from:
    #0 0x000101f9140c in malloc+0x70 (libclang_rt.asan_osx_dynamic.dylib:arm64+0x5540c)
    #1 0x0001018bdda4 in cJSON_strdup+0x4c (libstd_json.dylib:arm64+0x1da4)
    #2 0x0001018c0b8c in cJSON_Duplicate_rec+0x110 (libstd_json.dylib:arm64+0x4b8c)
    #3 0x0001018c0c18 in cJSON_Duplicate_rec+0x19c (libstd_json.dylib:arm64+0x4c18)
    #4 0x0001018c0a6c in cJSON_Duplicate+0x20 (libstd_json.dylib:arm64+0x4a6c)
    #5 0x0001018bd520 in nl_json_get_index+0x7c (libstd_json.dylib:arm64+0x1520)
    #6 0x000100f382a4 in nhost_json_6+0x340 (schema-nanolang-json-compiler-equality-main.native:arm64+0x1000e82a4)
    #7 0x000100effd90 in nl___nano_module_1_get_index+0x928 (schema-nanolang-json-compiler-equality-main.native:arm64+0x1000afd90)
    #8 0x000100e96370 in nl_gen_contracts+0xeae8 (schema-nanolang-json-compiler-equality-main.native:arm64+0x100046370)
    #9 0x000100e55c30 in nl_main+0x4974 (schema-nanolang-json-compiler-equality-main.native:arm64+0x100005c30)
    #10 0x000100e508c4 in main+0x1c (schema-nanolang-json-compiler-equality-main.native:arm64+0x1000008c4)
    #11 0x0001828804e0 in start+0x1b4c (dyld:arm64e+0x204e0)

Indirect leak of 987 byte(s) in 150 object(s) allocated from:
    #0 0x000101f9140c in malloc+0x70 (libclang_rt.asan_osx_dynamic.dylib:arm64+0x5540c)
    #1 0x0001018bdda4 in cJSON_strdup+0x4c (libstd_json.dylib:arm64+0x1da4)
    #2 0x0001018c0b8c in cJSON_Duplicate_rec+0x110 (libstd_json.dylib:arm64+0x4b8c)
    #3 0x0001018c0c18 in cJSON_Duplicate_rec+0x19c (libstd_json.dylib:arm64+0x4c18)
    #4 0x0001018c0a6c in cJSON_Duplicate+0x20 (libstd_json.dylib:arm64+0x4a6c)
    #5 0x0001018bd520 in nl_json_get_index+0x7c (libstd_json.dylib:arm64+0x1520)
    #6 0x000100f382a4 in nhost_json_6+0x340 (schema-nanolang-json-compiler-equality-main.native:arm64+0x1000e82a4)
    #7 0x000100effd90 in nl___nano_module_1_get_index+0x928 (schema-nanolang-json-compiler-equality-main.native:arm64+0x1000afd90)
    #8 0x000100ee5ce4 in nl_gen_c+0x4274c (schema-nanolang-json-compiler-equality-main.native:arm64+0x100095ce4)
    #9 0x000100e56124 in nl_main+0x4e68 (schema-nanolang-json-compiler-equality-main.native:arm64+0x100006124)
    #10 0x000100e508c4 in main+0x1c (schema-nanolang-json-compiler-equality-main.native:arm64+0x1000008c4)
    #11 0x0001828804e0 in start+0x1b4c (dyld:arm64e+0x204e0)

Indirect leak of 987 byte(s) in 150 object(s) allocated from:
    #0 0x000101f9140c in malloc+0x70 (libclang_rt.asan_osx_dynamic.dylib:arm64+0x5540c)
    #1 0x0001018bdda4 in cJSON_strdup+0x4c (libstd_json.dylib:arm64+0x1da4)
    #2 0x0001018c0b8c in cJSON_Duplicate_rec+0x110 (libstd_json.dylib:arm64+0x4b8c)
    #3 0x0001018c0c18 in cJSON_Duplicate_rec+0x19c (libstd_json.dylib:arm64+0x4c18)
    #4 0x0001018c0c18 in cJSON_Duplicate_rec+0x19c (libstd_json.dylib:arm64+0x4c18)
    #5 0x0001018c0a6c in cJSON_Duplicate+0x20 (libstd_json.dylib:arm64+0x4a6c)
    #6 0x0001018bd124 in nl_json_get+0x78 (libstd_json.dylib:arm64+0x1124)
    #7 0x000100f37a04 in nhost_json_4+0x340 (schema-nanolang-json-compiler-equality-main.native:arm64+0x1000e7a04)
    #8 0x000100efeb48 in nl___nano_module_1_get+0x898 (schema-nanolang-json-compiler-equality-main.native:arm64+0x1000aeb48)
    #9 0x000100e94e9c in nl_gen_contracts+0xd614 (schema-nanolang-json-compiler-equality-main.native:arm64+0x100044e9c)
    #10 0x000100e55c30 in nl_main+0x4974 (schema-nanolang-json-compiler-equality-main.native:arm64+0x100005c30)
    #11 0x000100e508c4 in main+0x1c (schema-nanolang-json-compiler-equality-main.native:arm64+0x1000008c4)
    #12 0x0001828804e0 in start+0x1b4c (dyld:arm64e+0x204e0)

Indirect leak of 987 byte(s) in 150 object(s) allocated from:
    #0 0x000101f9140c in malloc+0x70 (libclang_rt.asan_osx_dynamic.dylib:arm64+0x5540c)
    #1 0x0001018bdda4 in cJSON_strdup+0x4c (libstd_json.dylib:arm64+0x1da4)
    #2 0x0001018c0b8c in cJSON_Duplicate_rec+0x110 (libstd_json.dylib:arm64+0x4b8c)
    #3 0x0001018c0c18 in cJSON_Duplicate_rec+0x19c (libstd_json.dylib:arm64+0x4c18)
    #4 0x0001018c0a6c in cJSON_Duplicate+0x20 (libstd_json.dylib:arm64+0x4a6c)
    #5 0x0001018bd520 in nl_json_get_index+0x7c (libstd_json.dylib:arm64+0x1520)
    #6 0x000100f382a4 in nhost_json_6+0x340 (schema-nanolang-json-compiler-equality-main.native:arm64+0x1000e82a4)
    #7 0x000100effd90 in nl___nano_module_1_get_index+0x928 (schema-nanolang-json-compiler-equality-main.native:arm64+0x1000afd90)
    #8 0x000100e7a65c in nl_gen_nano_ast+0xf0ac (schema-nanolang-json-compiler-equality-main.native:arm64+0x10002a65c)
    #9 0x000100e5573c in nl_main+0x4480 (schema-nanolang-json-compiler-equality-main.native:arm64+0x10000573c)
    #10 0x000100e508c4 in main+0x1c (schema-nanolang-json-compiler-equality-main.native:arm64+0x1000008c4)
    #11 0x0001828804e0 in start+0x1b4c (dyld:arm64e+0x204e0)

Indirect leak of 987 byte(s) in 150 object(s) allocated from:
    #0 0x000101f9140c in malloc+0x70 (libclang_rt.asan_osx_dynamic.dylib:arm64+0x5540c)
    #1 0x0001018bdda4 in cJSON_strdup+0x4c (libstd_json.dylib:arm64+0x1da4)
    #2 0x0001018c0b8c in cJSON_Duplicate_rec+0x110 (libstd_json.dylib:arm64+0x4b8c)
    #3 0x0001018c0c18 in cJSON_Duplicate_rec+0x19c (libstd_json.dylib:arm64+0x4c18)
    #4 0x0001018c0c18 in cJSON_Duplicate_rec+0x19c (libstd_json.dylib:arm64+0x4c18)
    #5 0x0001018c0a6c in cJSON_Duplicate+0x20 (libstd_json.dylib:arm64+0x4a6c)
    #6 0x0001018bd124 in nl_json_get+0x78 (libstd_json.dylib:arm64+0x1124)
    #7 0x000100f37a04 in nhost_json_4+0x340 (schema-nanolang-json-compiler-equality-main.native:arm64+0x1000e7a04)
    #8 0x000100efeb48 in nl___nano_module_1_get+0x898 (schema-nanolang-json-compiler-equality-main.native:arm64+0x1000aeb48)
    #9 0x000100ee41f8 in nl_gen_c+0x40c60 (schema-nanolang-json-compiler-equality-main.native:arm64+0x1000941f8)
    #10 0x000100e56124 in nl_main+0x4e68 (schema-nanolang-json-compiler-equality-main.native:arm64+0x100006124)
    #11 0x000100e508c4 in main+0x1c (schema-nanolang-json-compiler-equality-main.native:arm64+0x1000008c4)
    #12 0x0001828804e0 in start+0x1b4c (dyld:arm64e+0x204e0)

Indirect leak of 987 byte(s) in 150 object(s) allocated from:
    #0 0x000101f9140c in malloc+0x70 (libclang_rt.asan_osx_dynamic.dylib:arm64+0x5540c)
    #1 0x0001018bdda4 in cJSON_strdup+0x4c (libstd_json.dylib:arm64+0x1da4)
    #2 0x0001018c0b8c in cJSON_Duplicate_rec+0x110 (libstd_json.dylib:arm64+0x4b8c)
    #3 0x0001018c0c18 in cJSON_Duplicate_rec+0x19c (libstd_json.dylib:arm64+0x4c18)
    #4 0x0001018c0a6c in cJSON_Duplicate+0x20 (libstd_json.dylib:arm64+0x4a6c)
    #5 0x0001018bd520 in nl_json_get_index+0x7c (libstd_json.dylib:arm64+0x1520)
    #6 0x000100f382a4 in nhost_json_6+0x340 (schema-nanolang-json-compiler-equality-main.native:arm64+0x1000e82a4)
    #7 0x000100effd90 in nl___nano_module_1_get_index+0x928 (schema-nanolang-json-compiler-equality-main.native:arm64+0x1000afd90)
    #8 0x000100eac174 in nl_gen_c+0x8bdc (schema-nanolang-json-compiler-equality-main.native:arm64+0x10005c174)
    #9 0x000100e56124 in nl_main+0x4e68 (schema-nanolang-json-compiler-equality-main.native:arm64+0x100006124)
    #10 0x000100e508c4 in main+0x1c (schema-nanolang-json-compiler-equality-main.native:arm64+0x1000008c4)
    #11 0x0001828804e0 in start+0x1b4c (dyld:arm64e+0x204e0)

Indirect leak of 987 byte(s) in 150 object(s) allocated from:
    #0 0x000101f9140c in malloc+0x70 (libclang_rt.asan_osx_dynamic.dylib:arm64+0x5540c)
    #1 0x0001018bdda4 in cJSON_strdup+0x4c (libstd_json.dylib:arm64+0x1da4)
    #2 0x0001018c0b8c in cJSON_Duplicate_rec+0x110 (libstd_json.dylib:arm64+0x4b8c)
    #3 0x0001018c0c18 in cJSON_Duplicate_rec+0x19c (libstd_json.dylib:arm64+0x4c18)
    #4 0x0001018c0c18 in cJSON_Duplicate_rec+0x19c (libstd_json.dylib:arm64+0x4c18)
    #5 0x0001018c0a6c in cJSON_Duplicate+0x20 (libstd_json.dylib:arm64+0x4a6c)
    #6 0x0001018bd124 in nl_json_get+0x78 (libstd_json.dylib:arm64+0x1124)
    #7 0x000100f37a04 in nhost_json_4+0x340 (schema-nanolang-json-compiler-equality-main.native:arm64+0x1000e7a04)
    #8 0x000100efeb48 in nl___nano_module_1_get+0x898 (schema-nanolang-json-compiler-equality-main.native:arm64+0x1000aeb48)
    #9 0x000100eaa400 in nl_gen_c+0x6e68 (schema-nanolang-json-compiler-equality-main.native:arm64+0x10005a400)
    #10 0x000100e56124 in nl_main+0x4e68 (schema-nanolang-json-compiler-equality-main.native:arm64+0x100006124)
    #11 0x000100e508c4 in main+0x1c (schema-nanolang-json-compiler-equality-main.native:arm64+0x1000008c4)
    #12 0x0001828804e0 in start+0x1b4c (dyld:arm64e+0x204e0)

Indirect leak of 987 byte(s) in 150 object(s) allocated from:
    #0 0x000101f9140c in malloc+0x70 (libclang_rt.asan_osx_dynamic.dylib:arm64+0x5540c)
    #1 0x0001018bdda4 in cJSON_strdup+0x4c (libstd_json.dylib:arm64+0x1da4)
    #2 0x0001018c0b8c in cJSON_Duplicate_rec+0x110 (libstd_json.dylib:arm64+0x4b8c)
    #3 0x0001018c0c18 in cJSON_Duplicate_rec+0x19c (libstd_json.dylib:arm64+0x4c18)
    #4 0x0001018c0c18 in cJSON_Duplicate_rec+0x19c (libstd_json.dylib:arm64+0x4c18)
    #5 0x0001018c0a6c in cJSON_Duplicate+0x20 (libstd_json.dylib:arm64+0x4a6c)
    #6 0x0001018bd124 in nl_json_get+0x78 (libstd_json.dylib:arm64+0x1124)
    #7 0x000100f37a04 in nhost_json_4+0x340 (schema-nanolang-json-compiler-equality-main.native:arm64+0x1000e7a04)
    #8 0x000100efeb48 in nl___nano_module_1_get+0x898 (schema-nanolang-json-compiler-equality-main.native:arm64+0x1000aeb48)
    #9 0x000100e79188 in nl_gen_nano_ast+0xdbd8 (schema-nanolang-json-compiler-equality-main.native:arm64+0x100029188)
    #10 0x000100e5573c in nl_main+0x4480 (schema-nanolang-json-compiler-equality-main.native:arm64+0x10000573c)
    #11 0x000100e508c4 in main+0x1c (schema-nanolang-json-compiler-equality-main.native:arm64+0x1000008c4)
    #12 0x0001828804e0 in start+0x1b4c (dyld:arm64e+0x204e0)

Indirect leak of 704 byte(s) in 11 object(s) allocated from:
    #0 0x000101f9140c in malloc+0x70 (libclang_rt.asan_osx_dynamic.dylib:arm64+0x5540c)
    #1 0x0001018be0b0 in cJSON_New_Item+0x1c (libstd_json.dylib:arm64+0x20b0)
    #2 0x0001018c0abc in cJSON_Duplicate_rec+0x40 (libstd_json.dylib:arm64+0x4abc)
    #3 0x0001018c0c18 in cJSON_Duplicate_rec+0x19c (libstd_json.dylib:arm64+0x4c18)
    #4 0x0001018c0a6c in cJSON_Duplicate+0x20 (libstd_json.dylib:arm64+0x4a6c)
    #5 0x0001018bd520 in nl_json_get_index+0x7c (libstd_json.dylib:arm64+0x1520)
    #6 0x000100f382a4 in nhost_json_6+0x340 (schema-nanolang-json-compiler-equality-main.native:arm64+0x1000e82a4)
    #7 0x000100effd90 in nl___nano_module_1_get_index+0x928 (schema-nanolang-json-compiler-equality-main.native:arm64+0x1000afd90)
    #8 0x000100ec3a3c in nl_gen_c+0x204a4 (schema-nanolang-json-compiler-equality-main.native:arm64+0x100073a3c)
    #9 0x000100e56124 in nl_main+0x4e68 (schema-nanolang-json-compiler-equality-main.native:arm64+0x100006124)
    #10 0x000100e508c4 in main+0x1c (schema-nanolang-json-compiler-equality-main.native:arm64+0x1000008c4)
    #11 0x0001828804e0 in start+0x1b4c (dyld:arm64e+0x204e0)

Indirect leak of 704 byte(s) in 11 object(s) allocated from:
    #0 0x000101f9140c in malloc+0x70 (libclang_rt.asan_osx_dynamic.dylib:arm64+0x5540c)
    #1 0x0001018be0b0 in cJSON_New_Item+0x1c (libstd_json.dylib:arm64+0x20b0)
    #2 0x0001018c0abc in cJSON_Duplicate_rec+0x40 (libstd_json.dylib:arm64+0x4abc)
    #3 0x0001018c0c18 in cJSON_Duplicate_rec+0x19c (libstd_json.dylib:arm64+0x4c18)
    #4 0x0001018c0c18 in cJSON_Duplicate_rec+0x19c (libstd_json.dylib:arm64+0x4c18)
    #5 0x0001018c0a6c in cJSON_Duplicate+0x20 (libstd_json.dylib:arm64+0x4a6c)
    #6 0x0001018bd124 in nl_json_get+0x78 (libstd_json.dylib:arm64+0x1124)
    #7 0x000100f37a04 in nhost_json_4+0x340 (schema-nanolang-json-compiler-equality-main.native:arm64+0x1000e7a04)
    #8 0x000100efeb48 in nl___nano_module_1_get+0x898 (schema-nanolang-json-compiler-equality-main.native:arm64+0x1000aeb48)
    #9 0x000100ec1a60 in nl_gen_c+0x1e4c8 (schema-nanolang-json-compiler-equality-main.native:arm64+0x100071a60)
    #10 0x000100e56124 in nl_main+0x4e68 (schema-nanolang-json-compiler-equality-main.native:arm64+0x100006124)
    #11 0x000100e508c4 in main+0x1c (schema-nanolang-json-compiler-equality-main.native:arm64+0x1000008c4)
    #12 0x0001828804e0 in start+0x1b4c (dyld:arm64e+0x204e0)

Indirect leak of 704 byte(s) in 11 object(s) allocated from:
    #0 0x000101f9140c in malloc+0x70 (libclang_rt.asan_osx_dynamic.dylib:arm64+0x5540c)
    #1 0x0001018be0b0 in cJSON_New_Item+0x1c (libstd_json.dylib:arm64+0x20b0)
    #2 0x0001018c0abc in cJSON_Duplicate_rec+0x40 (libstd_json.dylib:arm64+0x4abc)
    #3 0x0001018c0c18 in cJSON_Duplicate_rec+0x19c (libstd_json.dylib:arm64+0x4c18)
    #4 0x0001018c0a6c in cJSON_Duplicate+0x20 (libstd_json.dylib:arm64+0x4a6c)
    #5 0x0001018bd520 in nl_json_get_index+0x7c (libstd_json.dylib:arm64+0x1520)
    #6 0x000100f382a4 in nhost_json_6+0x340 (schema-nanolang-json-compiler-equality-main.native:arm64+0x1000e82a4)
    #7 0x000100effd90 in nl___nano_module_1_get_index+0x928 (schema-nanolang-json-compiler-equality-main.native:arm64+0x1000afd90)
    #8 0x000100e8b16c in nl_gen_contracts+0x38e4 (schema-nanolang-json-compiler-equality-main.native:arm64+0x10003b16c)
    #9 0x000100e55c30 in nl_main+0x4974 (schema-nanolang-json-compiler-equality-main.native:arm64+0x100005c30)
    #10 0x000100e508c4 in main+0x1c (schema-nanolang-json-compiler-equality-main.native:arm64+0x1000008c4)
    #11 0x0001828804e0 in start+0x1b4c (dyld:arm64e+0x204e0)

Indirect leak of 704 byte(s) in 11 object(s) allocated from:
    #0 0x000101f9140c in malloc+0x70 (libclang_rt.asan_osx_dynamic.dylib:arm64+0x5540c)
    #1 0x0001018be0b0 in cJSON_New_Item+0x1c (libstd_json.dylib:arm64+0x20b0)
    #2 0x0001018c0abc in cJSON_Duplicate_rec+0x40 (libstd_json.dylib:arm64+0x4abc)
    #3 0x0001018c0c18 in cJSON_Duplicate_rec+0x19c (libstd_json.dylib:arm64+0x4c18)
    #4 0x0001018c0c18 in cJSON_Duplicate_rec+0x19c (libstd_json.dylib:arm64+0x4c18)
    #5 0x0001018c0a6c in cJSON_Duplicate+0x20 (libstd_json.dylib:arm64+0x4a6c)
    #6 0x0001018bd124 in nl_json_get+0x78 (libstd_json.dylib:arm64+0x1124)
    #7 0x000100f37a04 in nhost_json_4+0x340 (schema-nanolang-json-compiler-equality-main.native:arm64+0x1000e7a04)
    #8 0x000100efeb48 in nl___nano_module_1_get+0x898 (schema-nanolang-json-compiler-equality-main.native:arm64+0x1000aeb48)
    #9 0x000100e89b60 in nl_gen_contracts+0x22d8 (schema-nanolang-json-compiler-equality-main.native:arm64+0x100039b60)
    #10 0x000100e55c30 in nl_main+0x4974 (schema-nanolang-json-compiler-equality-main.native:arm64+0x100005c30)
    #11 0x000100e508c4 in main+0x1c (schema-nanolang-json-compiler-equality-main.native:arm64+0x1000008c4)
    #12 0x0001828804e0 in start+0x1b4c (dyld:arm64e+0x204e0)

Indirect leak of 704 byte(s) in 11 object(s) allocated from:
    #0 0x000101f9140c in malloc+0x70 (libclang_rt.asan_osx_dynamic.dylib:arm64+0x5540c)
    #1 0x0001018be0b0 in cJSON_New_Item+0x1c (libstd_json.dylib:arm64+0x20b0)
    #2 0x0001018c0abc in cJSON_Duplicate_rec+0x40 (libstd_json.dylib:arm64+0x4abc)
    #3 0x0001018c0c18 in cJSON_Duplicate_rec+0x19c (libstd_json.dylib:arm64+0x4c18)
    #4 0x0001018c0a6c in cJSON_Duplicate+0x20 (libstd_json.dylib:arm64+0x4a6c)
    #5 0x0001018bd520 in nl_json_get_index+0x7c (libstd_json.dylib:arm64+0x1520)
    #6 0x000100f382a4 in nhost_json_6+0x340 (schema-nanolang-json-compiler-equality-main.native:arm64+0x1000e82a4)
    #7 0x000100effd90 in nl___nano_module_1_get_index+0x928 (schema-nanolang-json-compiler-equality-main.native:arm64+0x1000afd90)
    #8 0x000100e6f454 in nl_gen_nano_ast+0x3ea4 (schema-nanolang-json-compiler-equality-main.native:arm64+0x10001f454)
    #9 0x000100e5573c in nl_main+0x4480 (schema-nanolang-json-compiler-equality-main.native:arm64+0x10000573c)
    #10 0x000100e508c4 in main+0x1c (schema-nanolang-json-compiler-equality-main.native:arm64+0x1000008c4)
    #11 0x0001828804e0 in start+0x1b4c (dyld:arm64e+0x204e0)

Indirect leak of 704 byte(s) in 11 object(s) allocated from:
    #0 0x000101f9140c in malloc+0x70 (libclang_rt.asan_osx_dynamic.dylib:arm64+0x5540c)
    #1 0x0001018be0b0 in cJSON_New_Item+0x1c (libstd_json.dylib:arm64+0x20b0)
    #2 0x0001018c0abc in cJSON_Duplicate_rec+0x40 (libstd_json.dylib:arm64+0x4abc)
    #3 0x0001018c0c18 in cJSON_Duplicate_rec+0x19c (libstd_json.dylib:arm64+0x4c18)
    #4 0x0001018c0c18 in cJSON_Duplicate_rec+0x19c (libstd_json.dylib:arm64+0x4c18)
    #5 0x0001018c0a6c in cJSON_Duplicate+0x20 (libstd_json.dylib:arm64+0x4a6c)
    #6 0x0001018bd124 in nl_json_get+0x78 (libstd_json.dylib:arm64+0x1124)
    #7 0x000100f37a04 in nhost_json_4+0x340 (schema-nanolang-json-compiler-equality-main.native:arm64+0x1000e7a04)
    #8 0x000100efeb48 in nl___nano_module_1_get+0x898 (schema-nanolang-json-compiler-equality-main.native:arm64+0x1000aeb48)
    #9 0x000100e6de48 in nl_gen_nano_ast+0x2898 (schema-nanolang-json-compiler-equality-main.native:arm64+0x10001de48)
    #10 0x000100e5573c in nl_main+0x4480 (schema-nanolang-json-compiler-equality-main.native:arm64+0x10000573c)
    #11 0x000100e508c4 in main+0x1c (schema-nanolang-json-compiler-equality-main.native:arm64+0x1000008c4)
    #12 0x0001828804e0 in start+0x1b4c (dyld:arm64e+0x204e0)

Indirect leak of 681 byte(s) in 46 object(s) allocated from:
    #0 0x000101f9140c in malloc+0x70 (libclang_rt.asan_osx_dynamic.dylib:arm64+0x5540c)
    #1 0x0001018bdda4 in cJSON_strdup+0x4c (libstd_json.dylib:arm64+0x1da4)
    #2 0x0001018c0b28 in cJSON_Duplicate_rec+0xac (libstd_json.dylib:arm64+0x4b28)
    #3 0x0001018c0a6c in cJSON_Duplicate+0x20 (libstd_json.dylib:arm64+0x4a6c)
    #4 0x0001018bd520 in nl_json_get_index+0x7c (libstd_json.dylib:arm64+0x1520)
    #5 0x000100f382a4 in nhost_json_6+0x340 (schema-nanolang-json-compiler-equality-main.native:arm64+0x1000e82a4)
    #6 0x000100effd90 in nl___nano_module_1_get_index+0x928 (schema-nanolang-json-compiler-equality-main.native:arm64+0x1000afd90)
    #7 0x000100e67774 in nl_gen_nano_schema+0x97f8 (schema-nanolang-json-compiler-equality-main.native:arm64+0x100017774)
    #8 0x000100e55248 in nl_main+0x3f8c (schema-nanolang-json-compiler-equality-main.native:arm64+0x100005248)
    #9 0x000100e508c4 in main+0x1c (schema-nanolang-json-compiler-equality-main.native:arm64+0x1000008c4)
    #10 0x0001828804e0 in start+0x1b4c (dyld:arm64e+0x204e0)

Indirect leak of 681 byte(s) in 46 object(s) allocated from:
    #0 0x000101f9140c in malloc+0x70 (libclang_rt.asan_osx_dynamic.dylib:arm64+0x5540c)
    #1 0x0001018bdda4 in cJSON_strdup+0x4c (libstd_json.dylib:arm64+0x1da4)
    #2 0x0001018c0b28 in cJSON_Duplicate_rec+0xac (libstd_json.dylib:arm64+0x4b28)
    #3 0x0001018c0a6c in cJSON_Duplicate+0x20 (libstd_json.dylib:arm64+0x4a6c)
    #4 0x0001018bd520 in nl_json_get_index+0x7c (libstd_json.dylib:arm64+0x1520)
    #5 0x000100f382a4 in nhost_json_6+0x340 (schema-nanolang-json-compiler-equality-main.native:arm64+0x1000e82a4)
    #6 0x000100effd90 in nl___nano_module_1_get_index+0x928 (schema-nanolang-json-compiler-equality-main.native:arm64+0x1000afd90)
    #7 0x000100ede6cc in nl_gen_c+0x3b134 (schema-nanolang-json-compiler-equality-main.native:arm64+0x10008e6cc)
    #8 0x000100e56124 in nl_main+0x4e68 (schema-nanolang-json-compiler-equality-main.native:arm64+0x100006124)
    #9 0x000100e508c4 in main+0x1c (schema-nanolang-json-compiler-equality-main.native:arm64+0x1000008c4)
    #10 0x0001828804e0 in start+0x1b4c (dyld:arm64e+0x204e0)

Indirect leak of 681 byte(s) in 46 object(s) allocated from:
    #0 0x000101f9140c in malloc+0x70 (libclang_rt.asan_osx_dynamic.dylib:arm64+0x5540c)
    #1 0x0001018bdda4 in cJSON_strdup+0x4c (libstd_json.dylib:arm64+0x1da4)
    #2 0x0001018c0b28 in cJSON_Duplicate_rec+0xac (libstd_json.dylib:arm64+0x4b28)
    #3 0x0001018c0c18 in cJSON_Duplicate_rec+0x19c (libstd_json.dylib:arm64+0x4c18)
    #4 0x0001018c0a6c in cJSON_Duplicate+0x20 (libstd_json.dylib:arm64+0x4a6c)
    #5 0x0001018bd124 in nl_json_get+0x78 (libstd_json.dylib:arm64+0x1124)
    #6 0x000100f37a04 in nhost_json_4+0x340 (schema-nanolang-json-compiler-equality-main.native:arm64+0x1000e7a04)
    #7 0x000100efeb48 in nl___nano_module_1_get+0x898 (schema-nanolang-json-compiler-equality-main.native:arm64+0x1000aeb48)
    #8 0x000100edca18 in nl_gen_c+0x39480 (schema-nanolang-json-compiler-equality-main.native:arm64+0x10008ca18)
    #9 0x000100e56124 in nl_main+0x4e68 (schema-nanolang-json-compiler-equality-main.native:arm64+0x100006124)
    #10 0x000100e508c4 in main+0x1c (schema-nanolang-json-compiler-equality-main.native:arm64+0x1000008c4)
    #11 0x0001828804e0 in start+0x1b4c (dyld:arm64e+0x204e0)

Indirect leak of 681 byte(s) in 46 object(s) allocated from:
    #0 0x000101f9140c in malloc+0x70 (libclang_rt.asan_osx_dynamic.dylib:arm64+0x5540c)
    #1 0x0001018bdda4 in cJSON_strdup+0x4c (libstd_json.dylib:arm64+0x1da4)
    #2 0x0001018c0b28 in cJSON_Duplicate_rec+0xac (libstd_json.dylib:arm64+0x4b28)
    #3 0x0001018c0c18 in cJSON_Duplicate_rec+0x19c (libstd_json.dylib:arm64+0x4c18)
    #4 0x0001018c0a6c in cJSON_Duplicate+0x20 (libstd_json.dylib:arm64+0x4a6c)
    #5 0x0001018bd124 in nl_json_get+0x78 (libstd_json.dylib:arm64+0x1124)
    #6 0x000100f37a04 in nhost_json_4+0x340 (schema-nanolang-json-compiler-equality-main.native:arm64+0x1000e7a04)
    #7 0x000100efeb48 in nl___nano_module_1_get+0x898 (schema-nanolang-json-compiler-equality-main.native:arm64+0x1000aeb48)
    #8 0x000100e663a0 in nl_gen_nano_schema+0x8424 (schema-nanolang-json-compiler-equality-main.native:arm64+0x1000163a0)
    #9 0x000100e55248 in nl_main+0x3f8c (schema-nanolang-json-compiler-equality-main.native:arm64+0x100005248)
    #10 0x000100e508c4 in main+0x1c (schema-nanolang-json-compiler-equality-main.native:arm64+0x1000008c4)
    #11 0x0001828804e0 in start+0x1b4c (dyld:arm64e+0x204e0)

Indirect leak of 577 byte(s) in 47 object(s) allocated from:
    #0 0x000101f9140c in malloc+0x70 (libclang_rt.asan_osx_dynamic.dylib:arm64+0x5540c)
    #1 0x0001018bdda4 in cJSON_strdup+0x4c (libstd_json.dylib:arm64+0x1da4)
    #2 0x0001018c0b28 in cJSON_Duplicate_rec+0xac (libstd_json.dylib:arm64+0x4b28)
    #3 0x0001018c0a6c in cJSON_Duplicate+0x20 (libstd_json.dylib:arm64+0x4a6c)
    #4 0x0001018bd124 in nl_json_get+0x78 (libstd_json.dylib:arm64+0x1124)
    #5 0x000100f37a04 in nhost_json_4+0x340 (schema-nanolang-json-compiler-equality-main.native:arm64+0x1000e7a04)
    #6 0x000100efeb48 in nl___nano_module_1_get+0x898 (schema-nanolang-json-compiler-equality-main.native:arm64+0x1000aeb48)
    #7 0x000100ee87d4 in nl_gen_c+0x4523c (schema-nanolang-json-compiler-equality-main.native:arm64+0x1000987d4)
    #8 0x000100e56124 in nl_main+0x4e68 (schema-nanolang-json-compiler-equality-main.native:arm64+0x100006124)
    #9 0x000100e508c4 in main+0x1c (schema-nanolang-json-compiler-equality-main.native:arm64+0x1000008c4)
    #10 0x0001828804e0 in start+0x1b4c (dyld:arm64e+0x204e0)

Indirect leak of 577 byte(s) in 47 object(s) allocated from:
    #0 0x000101f9140c in malloc+0x70 (libclang_rt.asan_osx_dynamic.dylib:arm64+0x5540c)
    #1 0x0001018bdda4 in cJSON_strdup+0x4c (libstd_json.dylib:arm64+0x1da4)
    #2 0x0001018c0b28 in cJSON_Duplicate_rec+0xac (libstd_json.dylib:arm64+0x4b28)
    #3 0x0001018c0c18 in cJSON_Duplicate_rec+0x19c (libstd_json.dylib:arm64+0x4c18)
    #4 0x0001018c0a6c in cJSON_Duplicate+0x20 (libstd_json.dylib:arm64+0x4a6c)
    #5 0x0001018bd520 in nl_json_get_index+0x7c (libstd_json.dylib:arm64+0x1520)
    #6 0x000100f382a4 in nhost_json_6+0x340 (schema-nanolang-json-compiler-equality-main.native:arm64+0x1000e82a4)
    #7 0x000100effd90 in nl___nano_module_1_get_index+0x928 (schema-nanolang-json-compiler-equality-main.native:arm64+0x1000afd90)
    #8 0x000100e96370 in nl_gen_contracts+0xeae8 (schema-nanolang-json-compiler-equality-main.native:arm64+0x100046370)
    #9 0x000100e55c30 in nl_main+0x4974 (schema-nanolang-json-compiler-equality-main.native:arm64+0x100005c30)
    #10 0x000100e508c4 in main+0x1c (schema-nanolang-json-compiler-equality-main.native:arm64+0x1000008c4)
    #11 0x0001828804e0 in start+0x1b4c (dyld:arm64e+0x204e0)

Indirect leak of 577 byte(s) in 47 object(s) allocated from:
    #0 0x000101f9140c in malloc+0x70 (libclang_rt.asan_osx_dynamic.dylib:arm64+0x5540c)
    #1 0x0001018bdda4 in cJSON_strdup+0x4c (libstd_json.dylib:arm64+0x1da4)
    #2 0x0001018c0b28 in cJSON_Duplicate_rec+0xac (libstd_json.dylib:arm64+0x4b28)
    #3 0x0001018c0c18 in cJSON_Duplicate_rec+0x19c (libstd_json.dylib:arm64+0x4c18)
    #4 0x0001018c0c18 in cJSON_Duplicate_rec+0x19c (libstd_json.dylib:arm64+0x4c18)
    #5 0x0001018c0a6c in cJSON_Duplicate+0x20 (libstd_json.dylib:arm64+0x4a6c)
    #6 0x0001018bd124 in nl_json_get+0x78 (libstd_json.dylib:arm64+0x1124)
    #7 0x000100f37a04 in nhost_json_4+0x340 (schema-nanolang-json-compiler-equality-main.native:arm64+0x1000e7a04)
    #8 0x000100efeb48 in nl___nano_module_1_get+0x898 (schema-nanolang-json-compiler-equality-main.native:arm64+0x1000aeb48)
    #9 0x000100ee41f8 in nl_gen_c+0x40c60 (schema-nanolang-json-compiler-equality-main.native:arm64+0x1000941f8)
    #10 0x000100e56124 in nl_main+0x4e68 (schema-nanolang-json-compiler-equality-main.native:arm64+0x100006124)
    #11 0x000100e508c4 in main+0x1c (schema-nanolang-json-compiler-equality-main.native:arm64+0x1000008c4)
    #12 0x0001828804e0 in start+0x1b4c (dyld:arm64e+0x204e0)

Indirect leak of 577 byte(s) in 47 object(s) allocated from:
    #0 0x000101f9140c in malloc+0x70 (libclang_rt.asan_osx_dynamic.dylib:arm64+0x5540c)
    #1 0x0001018bdda4 in cJSON_strdup+0x4c (libstd_json.dylib:arm64+0x1da4)
    #2 0x0001018c0b28 in cJSON_Duplicate_rec+0xac (libstd_json.dylib:arm64+0x4b28)
    #3 0x0001018c0c18 in cJSON_Duplicate_rec+0x19c (libstd_json.dylib:arm64+0x4c18)
    #4 0x0001018c0c18 in cJSON_Duplicate_rec+0x19c (libstd_json.dylib:arm64+0x4c18)
    #5 0x0001018c0a6c in cJSON_Duplicate+0x20 (libstd_json.dylib:arm64+0x4a6c)
    #6 0x0001018bd124 in nl_json_get+0x78 (libstd_json.dylib:arm64+0x1124)
    #7 0x000100f37a04 in nhost_json_4+0x340 (schema-nanolang-json-compiler-equality-main.native:arm64+0x1000e7a04)
    #8 0x000100efeb48 in nl___nano_module_1_get+0x898 (schema-nanolang-json-compiler-equality-main.native:arm64+0x1000aeb48)
    #9 0x000100e94e9c in nl_gen_contracts+0xd614 (schema-nanolang-json-compiler-equality-main.native:arm64+0x100044e9c)
    #10 0x000100e55c30 in nl_main+0x4974 (schema-nanolang-json-compiler-equality-main.native:arm64+0x100005c30)
    #11 0x000100e508c4 in main+0x1c (schema-nanolang-json-compiler-equality-main.native:arm64+0x1000008c4)
    #12 0x0001828804e0 in start+0x1b4c (dyld:arm64e+0x204e0)

Indirect leak of 577 byte(s) in 47 object(s) allocated from:
    #0 0x000101f9140c in malloc+0x70 (libclang_rt.asan_osx_dynamic.dylib:arm64+0x5540c)
    #1 0x0001018bdda4 in cJSON_strdup+0x4c (libstd_json.dylib:arm64+0x1da4)
    #2 0x0001018c0b28 in cJSON_Duplicate_rec+0xac (libstd_json.dylib:arm64+0x4b28)
    #3 0x0001018c0c18 in cJSON_Duplicate_rec+0x19c (libstd_json.dylib:arm64+0x4c18)
    #4 0x0001018c0a6c in cJSON_Duplicate+0x20 (libstd_json.dylib:arm64+0x4a6c)
    #5 0x0001018bd520 in nl_json_get_index+0x7c (libstd_json.dylib:arm64+0x1520)
    #6 0x000100f382a4 in nhost_json_6+0x340 (schema-nanolang-json-compiler-equality-main.native:arm64+0x1000e82a4)
    #7 0x000100effd90 in nl___nano_module_1_get_index+0x928 (schema-nanolang-json-compiler-equality-main.native:arm64+0x1000afd90)
    #8 0x000100ee5ce4 in nl_gen_c+0x4274c (schema-nanolang-json-compiler-equality-main.native:arm64+0x100095ce4)
    #9 0x000100e56124 in nl_main+0x4e68 (schema-nanolang-json-compiler-equality-main.native:arm64+0x100006124)
    #10 0x000100e508c4 in main+0x1c (schema-nanolang-json-compiler-equality-main.native:arm64+0x1000008c4)
    #11 0x0001828804e0 in start+0x1b4c (dyld:arm64e+0x204e0)

Indirect leak of 577 byte(s) in 47 object(s) allocated from:
    #0 0x000101f9140c in malloc+0x70 (libclang_rt.asan_osx_dynamic.dylib:arm64+0x5540c)
    #1 0x0001018bdda4 in cJSON_strdup+0x4c (libstd_json.dylib:arm64+0x1da4)
    #2 0x0001018c0b28 in cJSON_Duplicate_rec+0xac (libstd_json.dylib:arm64+0x4b28)
    #3 0x0001018c0c18 in cJSON_Duplicate_rec+0x19c (libstd_json.dylib:arm64+0x4c18)
    #4 0x0001018c0a6c in cJSON_Duplicate+0x20 (libstd_json.dylib:arm64+0x4a6c)
    #5 0x0001018bd520 in nl_json_get_index+0x7c (libstd_json.dylib:arm64+0x1520)
    #6 0x000100f382a4 in nhost_json_6+0x340 (schema-nanolang-json-compiler-equality-main.native:arm64+0x1000e82a4)
    #7 0x000100effd90 in nl___nano_module_1_get_index+0x928 (schema-nanolang-json-compiler-equality-main.native:arm64+0x1000afd90)
    #8 0x000100e7a65c in nl_gen_nano_ast+0xf0ac (schema-nanolang-json-compiler-equality-main.native:arm64+0x10002a65c)
    #9 0x000100e5573c in nl_main+0x4480 (schema-nanolang-json-compiler-equality-main.native:arm64+0x10000573c)
    #10 0x000100e508c4 in main+0x1c (schema-nanolang-json-compiler-equality-main.native:arm64+0x1000008c4)
    #11 0x0001828804e0 in start+0x1b4c (dyld:arm64e+0x204e0)

Indirect leak of 577 byte(s) in 47 object(s) allocated from:
    #0 0x000101f9140c in malloc+0x70 (libclang_rt.asan_osx_dynamic.dylib:arm64+0x5540c)
    #1 0x0001018bdda4 in cJSON_strdup+0x4c (libstd_json.dylib:arm64+0x1da4)
    #2 0x0001018c0b28 in cJSON_Duplicate_rec+0xac (libstd_json.dylib:arm64+0x4b28)
    #3 0x0001018c0c18 in cJSON_Duplicate_rec+0x19c (libstd_json.dylib:arm64+0x4c18)
    #4 0x0001018c0a6c in cJSON_Duplicate+0x20 (libstd_json.dylib:arm64+0x4a6c)
    #5 0x0001018bd520 in nl_json_get_index+0x7c (libstd_json.dylib:arm64+0x1520)
    #6 0x000100f382a4 in nhost_json_6+0x340 (schema-nanolang-json-compiler-equality-main.native:arm64+0x1000e82a4)
    #7 0x000100effd90 in nl___nano_module_1_get_index+0x928 (schema-nanolang-json-compiler-equality-main.native:arm64+0x1000afd90)
    #8 0x000100eac174 in nl_gen_c+0x8bdc (schema-nanolang-json-compiler-equality-main.native:arm64+0x10005c174)
    #9 0x000100e56124 in nl_main+0x4e68 (schema-nanolang-json-compiler-equality-main.native:arm64+0x100006124)
    #10 0x000100e508c4 in main+0x1c (schema-nanolang-json-compiler-equality-main.native:arm64+0x1000008c4)
    #11 0x0001828804e0 in start+0x1b4c (dyld:arm64e+0x204e0)

Indirect leak of 577 byte(s) in 47 object(s) allocated from:
    #0 0x000101f9140c in malloc+0x70 (libclang_rt.asan_osx_dynamic.dylib:arm64+0x5540c)
    #1 0x0001018bdda4 in cJSON_strdup+0x4c (libstd_json.dylib:arm64+0x1da4)
    #2 0x0001018c0b28 in cJSON_Duplicate_rec+0xac (libstd_json.dylib:arm64+0x4b28)
    #3 0x0001018c0c18 in cJSON_Duplicate_rec+0x19c (libstd_json.dylib:arm64+0x4c18)
    #4 0x0001018c0c18 in cJSON_Duplicate_rec+0x19c (libstd_json.dylib:arm64+0x4c18)
    #5 0x0001018c0a6c in cJSON_Duplicate+0x20 (libstd_json.dylib:arm64+0x4a6c)
    #6 0x0001018bd124 in nl_json_get+0x78 (libstd_json.dylib:arm64+0x1124)
    #7 0x000100f37a04 in nhost_json_4+0x340 (schema-nanolang-json-compiler-equality-main.native:arm64+0x1000e7a04)
    #8 0x000100efeb48 in nl___nano_module_1_get+0x898 (schema-nanolang-json-compiler-equality-main.native:arm64+0x1000aeb48)
    #9 0x000100e79188 in nl_gen_nano_ast+0xdbd8 (schema-nanolang-json-compiler-equality-main.native:arm64+0x100029188)
    #10 0x000100e5573c in nl_main+0x4480 (schema-nanolang-json-compiler-equality-main.native:arm64+0x10000573c)
    #11 0x000100e508c4 in main+0x1c (schema-nanolang-json-compiler-equality-main.native:arm64+0x1000008c4)
    #12 0x0001828804e0 in start+0x1b4c (dyld:arm64e+0x204e0)

Indirect leak of 577 byte(s) in 47 object(s) allocated from:
    #0 0x000101f9140c in malloc+0x70 (libclang_rt.asan_osx_dynamic.dylib:arm64+0x5540c)
    #1 0x0001018bdda4 in cJSON_strdup+0x4c (libstd_json.dylib:arm64+0x1da4)
    #2 0x0001018c0b28 in cJSON_Duplicate_rec+0xac (libstd_json.dylib:arm64+0x4b28)
    #3 0x0001018c0c18 in cJSON_Duplicate_rec+0x19c (libstd_json.dylib:arm64+0x4c18)
    #4 0x0001018c0c18 in cJSON_Duplicate_rec+0x19c (libstd_json.dylib:arm64+0x4c18)
    #5 0x0001018c0a6c in cJSON_Duplicate+0x20 (libstd_json.dylib:arm64+0x4a6c)
    #6 0x0001018bd124 in nl_json_get+0x78 (libstd_json.dylib:arm64+0x1124)
    #7 0x000100f37a04 in nhost_json_4+0x340 (schema-nanolang-json-compiler-equality-main.native:arm64+0x1000e7a04)
    #8 0x000100efeb48 in nl___nano_module_1_get+0x898 (schema-nanolang-json-compiler-equality-main.native:arm64+0x1000aeb48)
    #9 0x000100eaa400 in nl_gen_c+0x6e68 (schema-nanolang-json-compiler-equality-main.native:arm64+0x10005a400)
    #10 0x000100e56124 in nl_main+0x4e68 (schema-nanolang-json-compiler-equality-main.native:arm64+0x100006124)
    #11 0x000100e508c4 in main+0x1c (schema-nanolang-json-compiler-equality-main.native:arm64+0x1000008c4)
    #12 0x0001828804e0 in start+0x1b4c (dyld:arm64e+0x204e0)

Indirect leak of 576 byte(s) in 9 object(s) allocated from:
    #0 0x000101f9140c in malloc+0x70 (libclang_rt.asan_osx_dynamic.dylib:arm64+0x5540c)
    #1 0x0001018be0b0 in cJSON_New_Item+0x1c (libstd_json.dylib:arm64+0x20b0)
    #2 0x0001018c0abc in cJSON_Duplicate_rec+0x40 (libstd_json.dylib:arm64+0x4abc)
    #3 0x0001018c0c18 in cJSON_Duplicate_rec+0x19c (libstd_json.dylib:arm64+0x4c18)
    #4 0x0001018c0a6c in cJSON_Duplicate+0x20 (libstd_json.dylib:arm64+0x4a6c)
    #5 0x0001018bd124 in nl_json_get+0x78 (libstd_json.dylib:arm64+0x1124)
    #6 0x000100f37a04 in nhost_json_4+0x340 (schema-nanolang-json-compiler-equality-main.native:arm64+0x1000e7a04)
    #7 0x000100efeb48 in nl___nano_module_1_get+0x898 (schema-nanolang-json-compiler-equality-main.native:arm64+0x1000aeb48)
    #8 0x000100ec81e8 in nl_gen_c+0x24c50 (schema-nanolang-json-compiler-equality-main.native:arm64+0x1000781e8)
    #9 0x000100e56124 in nl_main+0x4e68 (schema-nanolang-json-compiler-equality-main.native:arm64+0x100006124)
    #10 0x000100e508c4 in main+0x1c (schema-nanolang-json-compiler-equality-main.native:arm64+0x1000008c4)
    #11 0x0001828804e0 in start+0x1b4c (dyld:arm64e+0x204e0)

Indirect leak of 535 byte(s) in 56 object(s) allocated from:
    #0 0x000101f9140c in malloc+0x70 (libclang_rt.asan_osx_dynamic.dylib:arm64+0x5540c)
    #1 0x0001018bdda4 in cJSON_strdup+0x4c (libstd_json.dylib:arm64+0x1da4)
    #2 0x0001018c0b28 in cJSON_Duplicate_rec+0xac (libstd_json.dylib:arm64+0x4b28)
    #3 0x0001018c0c18 in cJSON_Duplicate_rec+0x19c (libstd_json.dylib:arm64+0x4c18)
    #4 0x0001018c0c18 in cJSON_Duplicate_rec+0x19c (libstd_json.dylib:arm64+0x4c18)
    #5 0x0001018c0a6c in cJSON_Duplicate+0x20 (libstd_json.dylib:arm64+0x4a6c)
    #6 0x0001018bd124 in nl_json_get+0x78 (libstd_json.dylib:arm64+0x1124)
    #7 0x000100f37a04 in nhost_json_4+0x340 (schema-nanolang-json-compiler-equality-main.native:arm64+0x1000e7a04)
    #8 0x000100efeb48 in nl___nano_module_1_get+0x898 (schema-nanolang-json-compiler-equality-main.native:arm64+0x1000aeb48)
    #9 0x000100e991fc in nl_gen_contracts+0x11974 (schema-nanolang-json-compiler-equality-main.native:arm64+0x1000491fc)
    #10 0x000100e55c30 in nl_main+0x4974 (schema-nanolang-json-compiler-equality-main.native:arm64+0x100005c30)
    #11 0x000100e508c4 in main+0x1c (schema-nanolang-json-compiler-equality-main.native:arm64+0x1000008c4)
    #12 0x0001828804e0 in start+0x1b4c (dyld:arm64e+0x204e0)

Indirect leak of 535 byte(s) in 56 object(s) allocated from:
    #0 0x000101f9140c in malloc+0x70 (libclang_rt.asan_osx_dynamic.dylib:arm64+0x5540c)
    #1 0x0001018bdda4 in cJSON_strdup+0x4c (libstd_json.dylib:arm64+0x1da4)
    #2 0x0001018c0b28 in cJSON_Duplicate_rec+0xac (libstd_json.dylib:arm64+0x4b28)
    #3 0x0001018c0c18 in cJSON_Duplicate_rec+0x19c (libstd_json.dylib:arm64+0x4c18)
    #4 0x0001018c0a6c in cJSON_Duplicate+0x20 (libstd_json.dylib:arm64+0x4a6c)
    #5 0x0001018bd520 in nl_json_get_index+0x7c (libstd_json.dylib:arm64+0x1520)
    #6 0x000100f382a4 in nhost_json_6+0x340 (schema-nanolang-json-compiler-equality-main.native:arm64+0x1000e82a4)
    #7 0x000100effd90 in nl___nano_module_1_get_index+0x928 (schema-nanolang-json-compiler-equality-main.native:arm64+0x1000afd90)
    #8 0x000100e9d420 in nl_gen_contracts+0x15b98 (schema-nanolang-json-compiler-equality-main.native:arm64+0x10004d420)
    #9 0x000100e55c30 in nl_main+0x4974 (schema-nanolang-json-compiler-equality-main.native:arm64+0x100005c30)
    #10 0x000100e508c4 in main+0x1c (schema-nanolang-json-compiler-equality-main.native:arm64+0x1000008c4)
    #11 0x0001828804e0 in start+0x1b4c (dyld:arm64e+0x204e0)

Indirect leak of 443 byte(s) in 39 object(s) allocated from:
    #0 0x000101f9140c in malloc+0x70 (libclang_rt.asan_osx_dynamic.dylib:arm64+0x5540c)
    #1 0x0001018bdda4 in cJSON_strdup+0x4c (libstd_json.dylib:arm64+0x1da4)
    #2 0x0001018c0b28 in cJSON_Duplicate_rec+0xac (libstd_json.dylib:arm64+0x4b28)
    #3 0x0001018c0a6c in cJSON_Duplicate+0x20 (libstd_json.dylib:arm64+0x4a6c)
    #4 0x0001018bd124 in nl_json_get+0x78 (libstd_json.dylib:arm64+0x1124)
    #5 0x000100f37a04 in nhost_json_4+0x340 (schema-nanolang-json-compiler-equality-main.native:arm64+0x1000e7a04)
    #6 0x000100efeb48 in nl___nano_module_1_get+0x898 (schema-nanolang-json-compiler-equality-main.native:arm64+0x1000aeb48)
    #7 0x000100e7c890 in nl_gen_nano_ast+0x112e0 (schema-nanolang-json-compiler-equality-main.native:arm64+0x10002c890)
    #8 0x000100e5573c in nl_main+0x4480 (schema-nanolang-json-compiler-equality-main.native:arm64+0x10000573c)
    #9 0x000100e508c4 in main+0x1c (schema-nanolang-json-compiler-equality-main.native:arm64+0x1000008c4)
    #10 0x0001828804e0 in start+0x1b4c (dyld:arm64e+0x204e0)

Indirect leak of 341 byte(s) in 27 object(s) allocated from:
    #0 0x000101f9140c in malloc+0x70 (libclang_rt.asan_osx_dynamic.dylib:arm64+0x5540c)
    #1 0x0001018bdda4 in cJSON_strdup+0x4c (libstd_json.dylib:arm64+0x1da4)
    #2 0x0001018c0b28 in cJSON_Duplicate_rec+0xac (libstd_json.dylib:arm64+0x4b28)
    #3 0x0001018c0c18 in cJSON_Duplicate_rec+0x19c (libstd_json.dylib:arm64+0x4c18)
    #4 0x0001018c0c18 in cJSON_Duplicate_rec+0x19c (libstd_json.dylib:arm64+0x4c18)
    #5 0x0001018c0a6c in cJSON_Duplicate+0x20 (libstd_json.dylib:arm64+0x4a6c)
    #6 0x0001018bd520 in nl_json_get_index+0x7c (libstd_json.dylib:arm64+0x1520)
    #7 0x000100f382a4 in nhost_json_6+0x340 (schema-nanolang-json-compiler-equality-main.native:arm64+0x1000e82a4)
    #8 0x000100effd90 in nl___nano_module_1_get_index+0x928 (schema-nanolang-json-compiler-equality-main.native:arm64+0x1000afd90)
    #9 0x000100e6f454 in nl_gen_nano_ast+0x3ea4 (schema-nanolang-json-compiler-equality-main.native:arm64+0x10001f454)
    #10 0x000100e5573c in nl_main+0x4480 (schema-nanolang-json-compiler-equality-main.native:arm64+0x10000573c)
    #11 0x000100e508c4 in main+0x1c (schema-nanolang-json-compiler-equality-main.native:arm64+0x1000008c4)
    #12 0x0001828804e0 in start+0x1b4c (dyld:arm64e+0x204e0)

Indirect leak of 341 byte(s) in 27 object(s) allocated from:
    #0 0x000101f9140c in malloc+0x70 (libclang_rt.asan_osx_dynamic.dylib:arm64+0x5540c)
    #1 0x0001018bdda4 in cJSON_strdup+0x4c (libstd_json.dylib:arm64+0x1da4)
    #2 0x0001018c0b28 in cJSON_Duplicate_rec+0xac (libstd_json.dylib:arm64+0x4b28)
    #3 0x0001018c0a6c in cJSON_Duplicate+0x20 (libstd_json.dylib:arm64+0x4a6c)
    #4 0x0001018bd520 in nl_json_get_index+0x7c (libstd_json.dylib:arm64+0x1520)
    #5 0x000100f382a4 in nhost_json_6+0x340 (schema-nanolang-json-compiler-equality-main.native:arm64+0x1000e82a4)
    #6 0x000100effd90 in nl___nano_module_1_get_index+0x928 (schema-nanolang-json-compiler-equality-main.native:arm64+0x1000afd90)
    #7 0x000100e90590 in nl_gen_contracts+0x8d08 (schema-nanolang-json-compiler-equality-main.native:arm64+0x100040590)
    #8 0x000100e55c30 in nl_main+0x4974 (schema-nanolang-json-compiler-equality-main.native:arm64+0x100005c30)
    #9 0x000100e508c4 in main+0x1c (schema-nanolang-json-compiler-equality-main.native:arm64+0x1000008c4)
    #10 0x0001828804e0 in start+0x1b4c (dyld:arm64e+0x204e0)

Indirect leak of 341 byte(s) in 27 object(s) allocated from:
    #0 0x000101f9140c in malloc+0x70 (libclang_rt.asan_osx_dynamic.dylib:arm64+0x5540c)
    #1 0x0001018bdda4 in cJSON_strdup+0x4c (libstd_json.dylib:arm64+0x1da4)
    #2 0x0001018c0b28 in cJSON_Duplicate_rec+0xac (libstd_json.dylib:arm64+0x4b28)
    #3 0x0001018c0c18 in cJSON_Duplicate_rec+0x19c (libstd_json.dylib:arm64+0x4c18)
    #4 0x0001018c0a6c in cJSON_Duplicate+0x20 (libstd_json.dylib:arm64+0x4a6c)
    #5 0x0001018bd124 in nl_json_get+0x78 (libstd_json.dylib:arm64+0x1124)
    #6 0x000100f37a04 in nhost_json_4+0x340 (schema-nanolang-json-compiler-equality-main.native:arm64+0x1000e7a04)
    #7 0x000100efeb48 in nl___nano_module_1_get+0x898 (schema-nanolang-json-compiler-equality-main.native:arm64+0x1000aeb48)
    #8 0x000100e8e338 in nl_gen_contracts+0x6ab0 (schema-nanolang-json-compiler-equality-main.native:arm64+0x10003e338)
    #9 0x000100e55c30 in nl_main+0x4974 (schema-nanolang-json-compiler-equality-main.native:arm64+0x100005c30)
    #10 0x000100e508c4 in main+0x1c (schema-nanolang-json-compiler-equality-main.native:arm64+0x1000008c4)
    #11 0x0001828804e0 in start+0x1b4c (dyld:arm64e+0x204e0)

Indirect leak of 341 byte(s) in 27 object(s) allocated from:
    #0 0x000101f9140c in malloc+0x70 (libclang_rt.asan_osx_dynamic.dylib:arm64+0x5540c)
    #1 0x0001018bdda4 in cJSON_strdup+0x4c (libstd_json.dylib:arm64+0x1da4)
    #2 0x0001018c0b28 in cJSON_Duplicate_rec+0xac (libstd_json.dylib:arm64+0x4b28)
    #3 0x0001018c0c18 in cJSON_Duplicate_rec+0x19c (libstd_json.dylib:arm64+0x4c18)
    #4 0x0001018c0c18 in cJSON_Duplicate_rec+0x19c (libstd_json.dylib:arm64+0x4c18)
    #5 0x0001018c0c18 in cJSON_Duplicate_rec+0x19c (libstd_json.dylib:arm64+0x4c18)
    #6 0x0001018c0a6c in cJSON_Duplicate+0x20 (libstd_json.dylib:arm64+0x4a6c)
    #7 0x0001018bd124 in nl_json_get+0x78 (libstd_json.dylib:arm64+0x1124)
    #8 0x000100f37a04 in nhost_json_4+0x340 (schema-nanolang-json-compiler-equality-main.native:arm64+0x1000e7a04)
    #9 0x000100efeb48 in nl___nano_module_1_get+0x898 (schema-nanolang-json-compiler-equality-main.native:arm64+0x1000aeb48)
    #10 0x000100e6de48 in nl_gen_nano_ast+0x2898 (schema-nanolang-json-compiler-equality-main.native:arm64+0x10001de48)
    #11 0x000100e5573c in nl_main+0x4480 (schema-nanolang-json-compiler-equality-main.native:arm64+0x10000573c)
    #12 0x000100e508c4 in main+0x1c (schema-nanolang-json-compiler-equality-main.native:arm64+0x1000008c4)
    #13 0x0001828804e0 in start+0x1b4c (dyld:arm64e+0x204e0)

Indirect leak of 341 byte(s) in 27 object(s) allocated from:
    #0 0x000101f9140c in malloc+0x70 (libclang_rt.asan_osx_dynamic.dylib:arm64+0x5540c)
    #1 0x0001018bdda4 in cJSON_strdup+0x4c (libstd_json.dylib:arm64+0x1da4)
    #2 0x0001018c0b28 in cJSON_Duplicate_rec+0xac (libstd_json.dylib:arm64+0x4b28)
    #3 0x0001018c0c18 in cJSON_Duplicate_rec+0x19c (libstd_json.dylib:arm64+0x4c18)
    #4 0x0001018c0c18 in cJSON_Duplicate_rec+0x19c (libstd_json.dylib:arm64+0x4c18)
    #5 0x0001018c0a6c in cJSON_Duplicate+0x20 (libstd_json.dylib:arm64+0x4a6c)
    #6 0x0001018bd520 in nl_json_get_index+0x7c (libstd_json.dylib:arm64+0x1520)
    #7 0x000100f382a4 in nhost_json_6+0x340 (schema-nanolang-json-compiler-equality-main.native:arm64+0x1000e82a4)
    #8 0x000100effd90 in nl___nano_module_1_get_index+0x928 (schema-nanolang-json-compiler-equality-main.native:arm64+0x1000afd90)
    #9 0x000100ec3a3c in nl_gen_c+0x204a4 (schema-nanolang-json-compiler-equality-main.native:arm64+0x100073a3c)
    #10 0x000100e56124 in nl_main+0x4e68 (schema-nanolang-json-compiler-equality-main.native:arm64+0x100006124)
    #11 0x000100e508c4 in main+0x1c (schema-nanolang-json-compiler-equality-main.native:arm64+0x1000008c4)
    #12 0x0001828804e0 in start+0x1b4c (dyld:arm64e+0x204e0)

Indirect leak of 341 byte(s) in 27 object(s) allocated from:
    #0 0x000101f9140c in malloc+0x70 (libclang_rt.asan_osx_dynamic.dylib:arm64+0x5540c)
    #1 0x0001018bdda4 in cJSON_strdup+0x4c (libstd_json.dylib:arm64+0x1da4)
    #2 0x0001018c0b28 in cJSON_Duplicate_rec+0xac (libstd_json.dylib:arm64+0x4b28)
    #3 0x0001018c0c18 in cJSON_Duplicate_rec+0x19c (libstd_json.dylib:arm64+0x4c18)
    #4 0x0001018c0c18 in cJSON_Duplicate_rec+0x19c (libstd_json.dylib:arm64+0x4c18)
    #5 0x0001018c0c18 in cJSON_Duplicate_rec+0x19c (libstd_json.dylib:arm64+0x4c18)
    #6 0x0001018c0a6c in cJSON_Duplicate+0x20 (libstd_json.dylib:arm64+0x4a6c)
    #7 0x0001018bd124 in nl_json_get+0x78 (libstd_json.dylib:arm64+0x1124)
    #8 0x000100f37a04 in nhost_json_4+0x340 (schema-nanolang-json-compiler-equality-main.native:arm64+0x1000e7a04)
    #9 0x000100efeb48 in nl___nano_module_1_get+0x898 (schema-nanolang-json-compiler-equality-main.native:arm64+0x1000aeb48)
    #10 0x000100ec1a60 in nl_gen_c+0x1e4c8 (schema-nanolang-json-compiler-equality-main.native:arm64+0x100071a60)
    #11 0x000100e56124 in nl_main+0x4e68 (schema-nanolang-json-compiler-equality-main.native:arm64+0x100006124)
    #12 0x000100e508c4 in main+0x1c (schema-nanolang-json-compiler-equality-main.native:arm64+0x1000008c4)
    #13 0x0001828804e0 in start+0x1b4c (dyld:arm64e+0x204e0)

Indirect leak of 341 byte(s) in 27 object(s) allocated from:
    #0 0x000101f9140c in malloc+0x70 (libclang_rt.asan_osx_dynamic.dylib:arm64+0x5540c)
    #1 0x0001018bdda4 in cJSON_strdup+0x4c (libstd_json.dylib:arm64+0x1da4)
    #2 0x0001018c0b28 in cJSON_Duplicate_rec+0xac (libstd_json.dylib:arm64+0x4b28)
    #3 0x0001018c0c18 in cJSON_Duplicate_rec+0x19c (libstd_json.dylib:arm64+0x4c18)
    #4 0x0001018c0c18 in cJSON_Duplicate_rec+0x19c (libstd_json.dylib:arm64+0x4c18)
    #5 0x0001018c0a6c in cJSON_Duplicate+0x20 (libstd_json.dylib:arm64+0x4a6c)
    #6 0x0001018bd520 in nl_json_get_index+0x7c (libstd_json.dylib:arm64+0x1520)
    #7 0x000100f382a4 in nhost_json_6+0x340 (schema-nanolang-json-compiler-equality-main.native:arm64+0x1000e82a4)
    #8 0x000100effd90 in nl___nano_module_1_get_index+0x928 (schema-nanolang-json-compiler-equality-main.native:arm64+0x1000afd90)
    #9 0x000100e8b16c in nl_gen_contracts+0x38e4 (schema-nanolang-json-compiler-equality-main.native:arm64+0x10003b16c)
    #10 0x000100e55c30 in nl_main+0x4974 (schema-nanolang-json-compiler-equality-main.native:arm64+0x100005c30)
    #11 0x000100e508c4 in main+0x1c (schema-nanolang-json-compiler-equality-main.native:arm64+0x1000008c4)
    #12 0x0001828804e0 in start+0x1b4c (dyld:arm64e+0x204e0)

Indirect leak of 341 byte(s) in 27 object(s) allocated from:
    #0 0x000101f9140c in malloc+0x70 (libclang_rt.asan_osx_dynamic.dylib:arm64+0x5540c)
    #1 0x0001018bdda4 in cJSON_strdup+0x4c (libstd_json.dylib:arm64+0x1da4)
    #2 0x0001018c0b28 in cJSON_Duplicate_rec+0xac (libstd_json.dylib:arm64+0x4b28)
    #3 0x0001018c0c18 in cJSON_Duplicate_rec+0x19c (libstd_json.dylib:arm64+0x4c18)
    #4 0x0001018c0c18 in cJSON_Duplicate_rec+0x19c (libstd_json.dylib:arm64+0x4c18)
    #5 0x0001018c0c18 in cJSON_Duplicate_rec+0x19c (libstd_json.dylib:arm64+0x4c18)
    #6 0x0001018c0a6c in cJSON_Duplicate+0x20 (libstd_json.dylib:arm64+0x4a6c)
    #7 0x0001018bd124 in nl_json_get+0x78 (libstd_json.dylib:arm64+0x1124)
    #8 0x000100f37a04 in nhost_json_4+0x340 (schema-nanolang-json-compiler-equality-main.native:arm64+0x1000e7a04)
    #9 0x000100efeb48 in nl___nano_module_1_get+0x898 (schema-nanolang-json-compiler-equality-main.native:arm64+0x1000aeb48)
    #10 0x000100e89b60 in nl_gen_contracts+0x22d8 (schema-nanolang-json-compiler-equality-main.native:arm64+0x100039b60)
    #11 0x000100e55c30 in nl_main+0x4974 (schema-nanolang-json-compiler-equality-main.native:arm64+0x100005c30)
    #12 0x000100e508c4 in main+0x1c (schema-nanolang-json-compiler-equality-main.native:arm64+0x1000008c4)
    #13 0x0001828804e0 in start+0x1b4c (dyld:arm64e+0x204e0)

Indirect leak of 329 byte(s) in 47 object(s) allocated from:
    #0 0x000101f9140c in malloc+0x70 (libclang_rt.asan_osx_dynamic.dylib:arm64+0x5540c)
    #1 0x0001018bdda4 in cJSON_strdup+0x4c (libstd_json.dylib:arm64+0x1da4)
    #2 0x0001018c0b8c in cJSON_Duplicate_rec+0x110 (libstd_json.dylib:arm64+0x4b8c)
    #3 0x0001018c0a6c in cJSON_Duplicate+0x20 (libstd_json.dylib:arm64+0x4a6c)
    #4 0x0001018bd124 in nl_json_get+0x78 (libstd_json.dylib:arm64+0x1124)
    #5 0x000100f37a04 in nhost_json_4+0x340 (schema-nanolang-json-compiler-equality-main.native:arm64+0x1000e7a04)
    #6 0x000100efeb48 in nl___nano_module_1_get+0x898 (schema-nanolang-json-compiler-equality-main.native:arm64+0x1000aeb48)
    #7 0x000100ee9fb4 in nl_gen_c+0x46a1c (schema-nanolang-json-compiler-equality-main.native:arm64+0x100099fb4)
    #8 0x000100e56124 in nl_main+0x4e68 (schema-nanolang-json-compiler-equality-main.native:arm64+0x100006124)
    #9 0x000100e508c4 in main+0x1c (schema-nanolang-json-compiler-equality-main.native:arm64+0x1000008c4)
    #10 0x0001828804e0 in start+0x1b4c (dyld:arm64e+0x204e0)

Indirect leak of 329 byte(s) in 47 object(s) allocated from:
    #0 0x000101f9140c in malloc+0x70 (libclang_rt.asan_osx_dynamic.dylib:arm64+0x5540c)
    #1 0x0001018bdda4 in cJSON_strdup+0x4c (libstd_json.dylib:arm64+0x1da4)
    #2 0x0001018c0b8c in cJSON_Duplicate_rec+0x110 (libstd_json.dylib:arm64+0x4b8c)
    #3 0x0001018c0a6c in cJSON_Duplicate+0x20 (libstd_json.dylib:arm64+0x4a6c)
    #4 0x0001018bd124 in nl_json_get+0x78 (libstd_json.dylib:arm64+0x1124)
    #5 0x000100f37a04 in nhost_json_4+0x340 (schema-nanolang-json-compiler-equality-main.native:arm64+0x1000e7a04)
    #6 0x000100efeb48 in nl___nano_module_1_get+0x898 (schema-nanolang-json-compiler-equality-main.native:arm64+0x1000aeb48)
    #7 0x000100ee73dc in nl_gen_c+0x43e44 (schema-nanolang-json-compiler-equality-main.native:arm64+0x1000973dc)
    #8 0x000100e56124 in nl_main+0x4e68 (schema-nanolang-json-compiler-equality-main.native:arm64+0x100006124)
    #9 0x000100e508c4 in main+0x1c (schema-nanolang-json-compiler-equality-main.native:arm64+0x1000008c4)
    #10 0x0001828804e0 in start+0x1b4c (dyld:arm64e+0x204e0)

Indirect leak of 329 byte(s) in 47 object(s) allocated from:
    #0 0x000101f9140c in malloc+0x70 (libclang_rt.asan_osx_dynamic.dylib:arm64+0x5540c)
    #1 0x0001018bdda4 in cJSON_strdup+0x4c (libstd_json.dylib:arm64+0x1da4)
    #2 0x0001018c0b8c in cJSON_Duplicate_rec+0x110 (libstd_json.dylib:arm64+0x4b8c)
    #3 0x0001018c0a6c in cJSON_Duplicate+0x20 (libstd_json.dylib:arm64+0x4a6c)
    #4 0x0001018bd124 in nl_json_get+0x78 (libstd_json.dylib:arm64+0x1124)
    #5 0x000100f37a04 in nhost_json_4+0x340 (schema-nanolang-json-compiler-equality-main.native:arm64+0x1000e7a04)
    #6 0x000100efeb48 in nl___nano_module_1_get+0x898 (schema-nanolang-json-compiler-equality-main.native:arm64+0x1000aeb48)
    #7 0x000100eacf0c in nl_gen_c+0x9974 (schema-nanolang-json-compiler-equality-main.native:arm64+0x10005cf0c)
    #8 0x000100e56124 in nl_main+0x4e68 (schema-nanolang-json-compiler-equality-main.native:arm64+0x100006124)
    #9 0x000100e508c4 in main+0x1c (schema-nanolang-json-compiler-equality-main.native:arm64+0x1000008c4)
    #10 0x0001828804e0 in start+0x1b4c (dyld:arm64e+0x204e0)

Indirect leak of 320 byte(s) in 5 object(s) allocated from:
    #0 0x000101f9140c in malloc+0x70 (libclang_rt.asan_osx_dynamic.dylib:arm64+0x5540c)
    #1 0x0001018be0b0 in cJSON_New_Item+0x1c (libstd_json.dylib:arm64+0x20b0)
    #2 0x0001018c0abc in cJSON_Duplicate_rec+0x40 (libstd_json.dylib:arm64+0x4abc)
    #3 0x0001018c0c18 in cJSON_Duplicate_rec+0x19c (libstd_json.dylib:arm64+0x4c18)
    #4 0x0001018c0a6c in cJSON_Duplicate+0x20 (libstd_json.dylib:arm64+0x4a6c)
    #5 0x0001018bd124 in nl_json_get+0x78 (libstd_json.dylib:arm64+0x1124)
    #6 0x000100f37a04 in nhost_json_4+0x340 (schema-nanolang-json-compiler-equality-main.native:arm64+0x1000e7a04)
    #7 0x000100efeb48 in nl___nano_module_1_get+0x898 (schema-nanolang-json-compiler-equality-main.native:arm64+0x1000aeb48)
    #8 0x000100ef2584 in nl_gen_c+0x4efec (schema-nanolang-json-compiler-equality-main.native:arm64+0x1000a2584)
    #9 0x000100e56124 in nl_main+0x4e68 (schema-nanolang-json-compiler-equality-main.native:arm64+0x100006124)
    #10 0x000100e508c4 in main+0x1c (schema-nanolang-json-compiler-equality-main.native:arm64+0x1000008c4)
    #11 0x0001828804e0 in start+0x1b4c (dyld:arm64e+0x204e0)

Indirect leak of 273 byte(s) in 39 object(s) allocated from:
    #0 0x000101f9140c in malloc+0x70 (libclang_rt.asan_osx_dynamic.dylib:arm64+0x5540c)
    #1 0x0001018bdda4 in cJSON_strdup+0x4c (libstd_json.dylib:arm64+0x1da4)
    #2 0x0001018c0b8c in cJSON_Duplicate_rec+0x110 (libstd_json.dylib:arm64+0x4b8c)
    #3 0x0001018c0a6c in cJSON_Duplicate+0x20 (libstd_json.dylib:arm64+0x4a6c)
    #4 0x0001018bd124 in nl_json_get+0x78 (libstd_json.dylib:arm64+0x1124)
    #5 0x000100f37a04 in nhost_json_4+0x340 (schema-nanolang-json-compiler-equality-main.native:arm64+0x1000e7a04)
    #6 0x000100efeb48 in nl___nano_module_1_get+0x898 (schema-nanolang-json-compiler-equality-main.native:arm64+0x1000aeb48)
    #7 0x000100e7ebb0 in nl_gen_nano_ast+0x13600 (schema-nanolang-json-compiler-equality-main.native:arm64+0x10002ebb0)
    #8 0x000100e5573c in nl_main+0x4480 (schema-nanolang-json-compiler-equality-main.native:arm64+0x10000573c)
    #9 0x000100e508c4 in main+0x1c (schema-nanolang-json-compiler-equality-main.native:arm64+0x1000008c4)
    #10 0x0001828804e0 in start+0x1b4c (dyld:arm64e+0x204e0)

Indirect leak of 273 byte(s) in 39 object(s) allocated from:
    #0 0x000101f9140c in malloc+0x70 (libclang_rt.asan_osx_dynamic.dylib:arm64+0x5540c)
    #1 0x0001018bdda4 in cJSON_strdup+0x4c (libstd_json.dylib:arm64+0x1da4)
    #2 0x0001018c0b8c in cJSON_Duplicate_rec+0x110 (libstd_json.dylib:arm64+0x4b8c)
    #3 0x0001018c0a6c in cJSON_Duplicate+0x20 (libstd_json.dylib:arm64+0x4a6c)
    #4 0x0001018bd124 in nl_json_get+0x78 (libstd_json.dylib:arm64+0x1124)
    #5 0x000100f37a04 in nhost_json_4+0x340 (schema-nanolang-json-compiler-equality-main.native:arm64+0x1000e7a04)
    #6 0x000100efeb48 in nl___nano_module_1_get+0x898 (schema-nanolang-json-compiler-equality-main.native:arm64+0x1000aeb48)
    #7 0x000100e7d4ec in nl_gen_nano_ast+0x11f3c (schema-nanolang-json-compiler-equality-main.native:arm64+0x10002d4ec)
    #8 0x000100e5573c in nl_main+0x4480 (schema-nanolang-json-compiler-equality-main.native:arm64+0x10000573c)
    #9 0x000100e508c4 in main+0x1c (schema-nanolang-json-compiler-equality-main.native:arm64+0x1000008c4)
    #10 0x0001828804e0 in start+0x1b4c (dyld:arm64e+0x204e0)

Indirect leak of 272 byte(s) in 28 object(s) allocated from:
    #0 0x000101f9140c in malloc+0x70 (libclang_rt.asan_osx_dynamic.dylib:arm64+0x5540c)
    #1 0x0001018bdda4 in cJSON_strdup+0x4c (libstd_json.dylib:arm64+0x1da4)
    #2 0x0001018c0b28 in cJSON_Duplicate_rec+0xac (libstd_json.dylib:arm64+0x4b28)
    #3 0x0001018c0a6c in cJSON_Duplicate+0x20 (libstd_json.dylib:arm64+0x4a6c)
    #4 0x0001018bd520 in nl_json_get_index+0x7c (libstd_json.dylib:arm64+0x1520)
    #5 0x000100f382a4 in nhost_json_6+0x340 (schema-nanolang-json-compiler-equality-main.native:arm64+0x1000e82a4)
    #6 0x000100effd90 in nl___nano_module_1_get_index+0x928 (schema-nanolang-json-compiler-equality-main.native:arm64+0x1000afd90)
    #7 0x000100e9e714 in nl_gen_contracts+0x16e8c (schema-nanolang-json-compiler-equality-main.native:arm64+0x10004e714)
    #8 0x000100e55c30 in nl_main+0x4974 (schema-nanolang-json-compiler-equality-main.native:arm64+0x100005c30)
    #9 0x000100e508c4 in main+0x1c (schema-nanolang-json-compiler-equality-main.native:arm64+0x1000008c4)
    #10 0x0001828804e0 in start+0x1b4c (dyld:arm64e+0x204e0)

Indirect leak of 263 byte(s) in 28 object(s) allocated from:
    #0 0x000101f9140c in malloc+0x70 (libclang_rt.asan_osx_dynamic.dylib:arm64+0x5540c)
    #1 0x0001018bdda4 in cJSON_strdup+0x4c (libstd_json.dylib:arm64+0x1da4)
    #2 0x0001018c0b28 in cJSON_Duplicate_rec+0xac (libstd_json.dylib:arm64+0x4b28)
    #3 0x0001018c0a6c in cJSON_Duplicate+0x20 (libstd_json.dylib:arm64+0x4a6c)
    #4 0x0001018bd520 in nl_json_get_index+0x7c (libstd_json.dylib:arm64+0x1520)
    #5 0x000100f382a4 in nhost_json_6+0x340 (schema-nanolang-json-compiler-equality-main.native:arm64+0x1000e82a4)
    #6 0x000100effd90 in nl___nano_module_1_get_index+0x928 (schema-nanolang-json-compiler-equality-main.native:arm64+0x1000afd90)
    #7 0x000100e9dbb4 in nl_gen_contracts+0x1632c (schema-nanolang-json-compiler-equality-main.native:arm64+0x10004dbb4)
    #8 0x000100e55c30 in nl_main+0x4974 (schema-nanolang-json-compiler-equality-main.native:arm64+0x100005c30)
    #9 0x000100e508c4 in main+0x1c (schema-nanolang-json-compiler-equality-main.native:arm64+0x1000008c4)
    #10 0x0001828804e0 in start+0x1b4c (dyld:arm64e+0x204e0)

Indirect leak of 235 byte(s) in 47 object(s) allocated from:
    #0 0x000101f9140c in malloc+0x70 (libclang_rt.asan_osx_dynamic.dylib:arm64+0x5540c)
    #1 0x0001018bdda4 in cJSON_strdup+0x4c (libstd_json.dylib:arm64+0x1da4)
    #2 0x0001018c0b8c in cJSON_Duplicate_rec+0x110 (libstd_json.dylib:arm64+0x4b8c)
    #3 0x0001018c0a6c in cJSON_Duplicate+0x20 (libstd_json.dylib:arm64+0x4a6c)
    #4 0x0001018bd124 in nl_json_get+0x78 (libstd_json.dylib:arm64+0x1124)
    #5 0x000100f37a04 in nhost_json_4+0x340 (schema-nanolang-json-compiler-equality-main.native:arm64+0x1000e7a04)
    #6 0x000100efeb48 in nl___nano_module_1_get+0x898 (schema-nanolang-json-compiler-equality-main.native:arm64+0x1000aeb48)
    #7 0x000100ee87d4 in nl_gen_c+0x4523c (schema-nanolang-json-compiler-equality-main.native:arm64+0x1000987d4)
    #8 0x000100e56124 in nl_main+0x4e68 (schema-nanolang-json-compiler-equality-main.native:arm64+0x100006124)
    #9 0x000100e508c4 in main+0x1c (schema-nanolang-json-compiler-equality-main.native:arm64+0x1000008c4)
    #10 0x0001828804e0 in start+0x1b4c (dyld:arm64e+0x204e0)

Indirect leak of 195 byte(s) in 39 object(s) allocated from:
    #0 0x000101f9140c in malloc+0x70 (libclang_rt.asan_osx_dynamic.dylib:arm64+0x5540c)
    #1 0x0001018bdda4 in cJSON_strdup+0x4c (libstd_json.dylib:arm64+0x1da4)
    #2 0x0001018c0b8c in cJSON_Duplicate_rec+0x110 (libstd_json.dylib:arm64+0x4b8c)
    #3 0x0001018c0a6c in cJSON_Duplicate+0x20 (libstd_json.dylib:arm64+0x4a6c)
    #4 0x0001018bd124 in nl_json_get+0x78 (libstd_json.dylib:arm64+0x1124)
    #5 0x000100f37a04 in nhost_json_4+0x340 (schema-nanolang-json-compiler-equality-main.native:arm64+0x1000e7a04)
    #6 0x000100efeb48 in nl___nano_module_1_get+0x898 (schema-nanolang-json-compiler-equality-main.native:arm64+0x1000aeb48)
    #7 0x000100e7c890 in nl_gen_nano_ast+0x112e0 (schema-nanolang-json-compiler-equality-main.native:arm64+0x10002c890)
    #8 0x000100e5573c in nl_main+0x4480 (schema-nanolang-json-compiler-equality-main.native:arm64+0x10000573c)
    #9 0x000100e508c4 in main+0x1c (schema-nanolang-json-compiler-equality-main.native:arm64+0x1000008c4)
    #10 0x0001828804e0 in start+0x1b4c (dyld:arm64e+0x204e0)

Indirect leak of 192 byte(s) in 3 object(s) allocated from:
    #0 0x000101f9140c in malloc+0x70 (libclang_rt.asan_osx_dynamic.dylib:arm64+0x5540c)
    #1 0x0001018be0b0 in cJSON_New_Item+0x1c (libstd_json.dylib:arm64+0x20b0)
    #2 0x0001018c0abc in cJSON_Duplicate_rec+0x40 (libstd_json.dylib:arm64+0x4abc)
    #3 0x0001018c0c18 in cJSON_Duplicate_rec+0x19c (libstd_json.dylib:arm64+0x4c18)
    #4 0x0001018c0a6c in cJSON_Duplicate+0x20 (libstd_json.dylib:arm64+0x4a6c)
    #5 0x0001018bd124 in nl_json_get+0x78 (libstd_json.dylib:arm64+0x1124)
    #6 0x000100f37a04 in nhost_json_4+0x340 (schema-nanolang-json-compiler-equality-main.native:arm64+0x1000e7a04)
    #7 0x000100efeb48 in nl___nano_module_1_get+0x898 (schema-nanolang-json-compiler-equality-main.native:arm64+0x1000aeb48)
    #8 0x000100ec1a60 in nl_gen_c+0x1e4c8 (schema-nanolang-json-compiler-equality-main.native:arm64+0x100071a60)
    #9 0x000100e56124 in nl_main+0x4e68 (schema-nanolang-json-compiler-equality-main.native:arm64+0x100006124)
    #10 0x000100e508c4 in main+0x1c (schema-nanolang-json-compiler-equality-main.native:arm64+0x1000008c4)
    #11 0x0001828804e0 in start+0x1b4c (dyld:arm64e+0x204e0)

Indirect leak of 192 byte(s) in 3 object(s) allocated from:
    #0 0x000101f9140c in malloc+0x70 (libclang_rt.asan_osx_dynamic.dylib:arm64+0x5540c)
    #1 0x0001018be0b0 in cJSON_New_Item+0x1c (libstd_json.dylib:arm64+0x20b0)
    #2 0x0001018c0abc in cJSON_Duplicate_rec+0x40 (libstd_json.dylib:arm64+0x4abc)
    #3 0x0001018c0c18 in cJSON_Duplicate_rec+0x19c (libstd_json.dylib:arm64+0x4c18)
    #4 0x0001018c0a6c in cJSON_Duplicate+0x20 (libstd_json.dylib:arm64+0x4a6c)
    #5 0x0001018bd124 in nl_json_get+0x78 (libstd_json.dylib:arm64+0x1124)
    #6 0x000100f37a04 in nhost_json_4+0x340 (schema-nanolang-json-compiler-equality-main.native:arm64+0x1000e7a04)
    #7 0x000100efeb48 in nl___nano_module_1_get+0x898 (schema-nanolang-json-compiler-equality-main.native:arm64+0x1000aeb48)
    #8 0x000100e89b60 in nl_gen_contracts+0x22d8 (schema-nanolang-json-compiler-equality-main.native:arm64+0x100039b60)
    #9 0x000100e55c30 in nl_main+0x4974 (schema-nanolang-json-compiler-equality-main.native:arm64+0x100005c30)
    #10 0x000100e508c4 in main+0x1c (schema-nanolang-json-compiler-equality-main.native:arm64+0x1000008c4)
    #11 0x0001828804e0 in start+0x1b4c (dyld:arm64e+0x204e0)

Indirect leak of 192 byte(s) in 3 object(s) allocated from:
    #0 0x000101f9140c in malloc+0x70 (libclang_rt.asan_osx_dynamic.dylib:arm64+0x5540c)
    #1 0x0001018be0b0 in cJSON_New_Item+0x1c (libstd_json.dylib:arm64+0x20b0)
    #2 0x0001018c0abc in cJSON_Duplicate_rec+0x40 (libstd_json.dylib:arm64+0x4abc)
    #3 0x0001018c0c18 in cJSON_Duplicate_rec+0x19c (libstd_json.dylib:arm64+0x4c18)
    #4 0x0001018c0a6c in cJSON_Duplicate+0x20 (libstd_json.dylib:arm64+0x4a6c)
    #5 0x0001018bd124 in nl_json_get+0x78 (libstd_json.dylib:arm64+0x1124)
    #6 0x000100f37a04 in nhost_json_4+0x340 (schema-nanolang-json-compiler-equality-main.native:arm64+0x1000e7a04)
    #7 0x000100efeb48 in nl___nano_module_1_get+0x898 (schema-nanolang-json-compiler-equality-main.native:arm64+0x1000aeb48)
    #8 0x000100e6de48 in nl_gen_nano_ast+0x2898 (schema-nanolang-json-compiler-equality-main.native:arm64+0x10001de48)
    #9 0x000100e5573c in nl_main+0x4480 (schema-nanolang-json-compiler-equality-main.native:arm64+0x10000573c)
    #10 0x000100e508c4 in main+0x1c (schema-nanolang-json-compiler-equality-main.native:arm64+0x1000008c4)
    #11 0x0001828804e0 in start+0x1b4c (dyld:arm64e+0x204e0)

Indirect leak of 134 byte(s) in 8 object(s) allocated from:
    #0 0x000101f9140c in malloc+0x70 (libclang_rt.asan_osx_dynamic.dylib:arm64+0x5540c)
    #1 0x0001018bdda4 in cJSON_strdup+0x4c (libstd_json.dylib:arm64+0x1da4)
    #2 0x0001018c0b28 in cJSON_Duplicate_rec+0xac (libstd_json.dylib:arm64+0x4b28)
    #3 0x0001018c0a6c in cJSON_Duplicate+0x20 (libstd_json.dylib:arm64+0x4a6c)
    #4 0x0001018bd124 in nl_json_get+0x78 (libstd_json.dylib:arm64+0x1124)
    #5 0x000100f37a04 in nhost_json_4+0x340 (schema-nanolang-json-compiler-equality-main.native:arm64+0x1000e7a04)
    #6 0x000100efeb48 in nl___nano_module_1_get+0x898 (schema-nanolang-json-compiler-equality-main.native:arm64+0x1000aeb48)
    #7 0x000100e985a0 in nl_gen_contracts+0x10d18 (schema-nanolang-json-compiler-equality-main.native:arm64+0x1000485a0)
    #8 0x000100e55c30 in nl_main+0x4974 (schema-nanolang-json-compiler-equality-main.native:arm64+0x100005c30)
    #9 0x000100e508c4 in main+0x1c (schema-nanolang-json-compiler-equality-main.native:arm64+0x1000008c4)
    #10 0x0001828804e0 in start+0x1b4c (dyld:arm64e+0x204e0)

Indirect leak of 117 byte(s) in 9 object(s) allocated from:
    #0 0x000101f9140c in malloc+0x70 (libclang_rt.asan_osx_dynamic.dylib:arm64+0x5540c)
    #1 0x0001018bdda4 in cJSON_strdup+0x4c (libstd_json.dylib:arm64+0x1da4)
    #2 0x0001018c0b28 in cJSON_Duplicate_rec+0xac (libstd_json.dylib:arm64+0x4b28)
    #3 0x0001018c0a6c in cJSON_Duplicate+0x20 (libstd_json.dylib:arm64+0x4a6c)
    #4 0x0001018bd520 in nl_json_get_index+0x7c (libstd_json.dylib:arm64+0x1520)
    #5 0x000100f382a4 in nhost_json_6+0x340 (schema-nanolang-json-compiler-equality-main.native:arm64+0x1000e82a4)
    #6 0x000100effd90 in nl___nano_module_1_get_index+0x928 (schema-nanolang-json-compiler-equality-main.native:arm64+0x1000afd90)
    #7 0x000100ecc95c in nl_gen_c+0x293c4 (schema-nanolang-json-compiler-equality-main.native:arm64+0x10007c95c)
    #8 0x000100e56124 in nl_main+0x4e68 (schema-nanolang-json-compiler-equality-main.native:arm64+0x100006124)
    #9 0x000100e508c4 in main+0x1c (schema-nanolang-json-compiler-equality-main.native:arm64+0x1000008c4)
    #10 0x0001828804e0 in start+0x1b4c (dyld:arm64e+0x204e0)

Indirect leak of 117 byte(s) in 9 object(s) allocated from:
    #0 0x000101f9140c in malloc+0x70 (libclang_rt.asan_osx_dynamic.dylib:arm64+0x5540c)
    #1 0x0001018bdda4 in cJSON_strdup+0x4c (libstd_json.dylib:arm64+0x1da4)
    #2 0x0001018c0b28 in cJSON_Duplicate_rec+0xac (libstd_json.dylib:arm64+0x4b28)
    #3 0x0001018c0c18 in cJSON_Duplicate_rec+0x19c (libstd_json.dylib:arm64+0x4c18)
    #4 0x0001018c0a6c in cJSON_Duplicate+0x20 (libstd_json.dylib:arm64+0x4a6c)
    #5 0x0001018bd124 in nl_json_get+0x78 (libstd_json.dylib:arm64+0x1124)
    #6 0x000100f37a04 in nhost_json_4+0x340 (schema-nanolang-json-compiler-equality-main.native:arm64+0x1000e7a04)
    #7 0x000100efeb48 in nl___nano_module_1_get+0x898 (schema-nanolang-json-compiler-equality-main.native:arm64+0x1000aeb48)
    #8 0x000100ec81e8 in nl_gen_c+0x24c50 (schema-nanolang-json-compiler-equality-main.native:arm64+0x1000781e8)
    #9 0x000100e56124 in nl_main+0x4e68 (schema-nanolang-json-compiler-equality-main.native:arm64+0x100006124)
    #10 0x000100e508c4 in main+0x1c (schema-nanolang-json-compiler-equality-main.native:arm64+0x1000008c4)
    #11 0x0001828804e0 in start+0x1b4c (dyld:arm64e+0x204e0)

Indirect leak of 80 byte(s) in 8 object(s) allocated from:
    #0 0x000101f9140c in malloc+0x70 (libclang_rt.asan_osx_dynamic.dylib:arm64+0x5540c)
    #1 0x0001018bdda4 in cJSON_strdup+0x4c (libstd_json.dylib:arm64+0x1da4)
    #2 0x0001018c0b8c in cJSON_Duplicate_rec+0x110 (libstd_json.dylib:arm64+0x4b8c)
    #3 0x0001018c0a6c in cJSON_Duplicate+0x20 (libstd_json.dylib:arm64+0x4a6c)
    #4 0x0001018bd124 in nl_json_get+0x78 (libstd_json.dylib:arm64+0x1124)
    #5 0x000100f37a04 in nhost_json_4+0x340 (schema-nanolang-json-compiler-equality-main.native:arm64+0x1000e7a04)
    #6 0x000100efeb48 in nl___nano_module_1_get+0x898 (schema-nanolang-json-compiler-equality-main.native:arm64+0x1000aeb48)
    #7 0x000100e9748c in nl_gen_contracts+0xfc04 (schema-nanolang-json-compiler-equality-main.native:arm64+0x10004748c)
    #8 0x000100e55c30 in nl_main+0x4974 (schema-nanolang-json-compiler-equality-main.native:arm64+0x100005c30)
    #9 0x000100e508c4 in main+0x1c (schema-nanolang-json-compiler-equality-main.native:arm64+0x1000008c4)
    #10 0x0001828804e0 in start+0x1b4c (dyld:arm64e+0x204e0)

Indirect leak of 80 byte(s) in 11 object(s) allocated from:
    #0 0x000101f9140c in malloc+0x70 (libclang_rt.asan_osx_dynamic.dylib:arm64+0x5540c)
    #1 0x0001018bdda4 in cJSON_strdup+0x4c (libstd_json.dylib:arm64+0x1da4)
    #2 0x0001018c0b8c in cJSON_Duplicate_rec+0x110 (libstd_json.dylib:arm64+0x4b8c)
    #3 0x0001018c0c18 in cJSON_Duplicate_rec+0x19c (libstd_json.dylib:arm64+0x4c18)
    #4 0x0001018c0a6c in cJSON_Duplicate+0x20 (libstd_json.dylib:arm64+0x4a6c)
    #5 0x0001018bd520 in nl_json_get_index+0x7c (libstd_json.dylib:arm64+0x1520)
    #6 0x000100f382a4 in nhost_json_6+0x340 (schema-nanolang-json-compiler-equality-main.native:arm64+0x1000e82a4)
    #7 0x000100effd90 in nl___nano_module_1_get_index+0x928 (schema-nanolang-json-compiler-equality-main.native:arm64+0x1000afd90)
    #8 0x000100e6f454 in nl_gen_nano_ast+0x3ea4 (schema-nanolang-json-compiler-equality-main.native:arm64+0x10001f454)
    #9 0x000100e5573c in nl_main+0x4480 (schema-nanolang-json-compiler-equality-main.native:arm64+0x10000573c)
    #10 0x000100e508c4 in main+0x1c (schema-nanolang-json-compiler-equality-main.native:arm64+0x1000008c4)
    #11 0x0001828804e0 in start+0x1b4c (dyld:arm64e+0x204e0)

Indirect leak of 80 byte(s) in 11 object(s) allocated from:
    #0 0x000101f9140c in malloc+0x70 (libclang_rt.asan_osx_dynamic.dylib:arm64+0x5540c)
    #1 0x0001018bdda4 in cJSON_strdup+0x4c (libstd_json.dylib:arm64+0x1da4)
    #2 0x0001018c0b8c in cJSON_Duplicate_rec+0x110 (libstd_json.dylib:arm64+0x4b8c)
    #3 0x0001018c0c18 in cJSON_Duplicate_rec+0x19c (libstd_json.dylib:arm64+0x4c18)
    #4 0x0001018c0a6c in cJSON_Duplicate+0x20 (libstd_json.dylib:arm64+0x4a6c)
    #5 0x0001018bd520 in nl_json_get_index+0x7c (libstd_json.dylib:arm64+0x1520)
    #6 0x000100f382a4 in nhost_json_6+0x340 (schema-nanolang-json-compiler-equality-main.native:arm64+0x1000e82a4)
    #7 0x000100effd90 in nl___nano_module_1_get_index+0x928 (schema-nanolang-json-compiler-equality-main.native:arm64+0x1000afd90)
    #8 0x000100ec3a3c in nl_gen_c+0x204a4 (schema-nanolang-json-compiler-equality-main.native:arm64+0x100073a3c)
    #9 0x000100e56124 in nl_main+0x4e68 (schema-nanolang-json-compiler-equality-main.native:arm64+0x100006124)
    #10 0x000100e508c4 in main+0x1c (schema-nanolang-json-compiler-equality-main.native:arm64+0x1000008c4)
    #11 0x0001828804e0 in start+0x1b4c (dyld:arm64e+0x204e0)

Indirect leak of 80 byte(s) in 11 object(s) allocated from:
    #0 0x000101f9140c in malloc+0x70 (libclang_rt.asan_osx_dynamic.dylib:arm64+0x5540c)
    #1 0x0001018bdda4 in cJSON_strdup+0x4c (libstd_json.dylib:arm64+0x1da4)
    #2 0x0001018c0b8c in cJSON_Duplicate_rec+0x110 (libstd_json.dylib:arm64+0x4b8c)
    #3 0x0001018c0c18 in cJSON_Duplicate_rec+0x19c (libstd_json.dylib:arm64+0x4c18)
    #4 0x0001018c0c18 in cJSON_Duplicate_rec+0x19c (libstd_json.dylib:arm64+0x4c18)
    #5 0x0001018c0a6c in cJSON_Duplicate+0x20 (libstd_json.dylib:arm64+0x4a6c)
    #6 0x0001018bd124 in nl_json_get+0x78 (libstd_json.dylib:arm64+0x1124)
    #7 0x000100f37a04 in nhost_json_4+0x340 (schema-nanolang-json-compiler-equality-main.native:arm64+0x1000e7a04)
    #8 0x000100efeb48 in nl___nano_module_1_get+0x898 (schema-nanolang-json-compiler-equality-main.native:arm64+0x1000aeb48)
    #9 0x000100ec1a60 in nl_gen_c+0x1e4c8 (schema-nanolang-json-compiler-equality-main.native:arm64+0x100071a60)
    #10 0x000100e56124 in nl_main+0x4e68 (schema-nanolang-json-compiler-equality-main.native:arm64+0x100006124)
    #11 0x000100e508c4 in main+0x1c (schema-nanolang-json-compiler-equality-main.native:arm64+0x1000008c4)
    #12 0x0001828804e0 in start+0x1b4c (dyld:arm64e+0x204e0)

Indirect leak of 80 byte(s) in 11 object(s) allocated from:
    #0 0x000101f9140c in malloc+0x70 (libclang_rt.asan_osx_dynamic.dylib:arm64+0x5540c)
    #1 0x0001018bdda4 in cJSON_strdup+0x4c (libstd_json.dylib:arm64+0x1da4)
    #2 0x0001018c0b8c in cJSON_Duplicate_rec+0x110 (libstd_json.dylib:arm64+0x4b8c)
    #3 0x0001018c0c18 in cJSON_Duplicate_rec+0x19c (libstd_json.dylib:arm64+0x4c18)
    #4 0x0001018c0a6c in cJSON_Duplicate+0x20 (libstd_json.dylib:arm64+0x4a6c)
    #5 0x0001018bd520 in nl_json_get_index+0x7c (libstd_json.dylib:arm64+0x1520)
    #6 0x000100f382a4 in nhost_json_6+0x340 (schema-nanolang-json-compiler-equality-main.native:arm64+0x1000e82a4)
    #7 0x000100effd90 in nl___nano_module_1_get_index+0x928 (schema-nanolang-json-compiler-equality-main.native:arm64+0x1000afd90)
    #8 0x000100e8b16c in nl_gen_contracts+0x38e4 (schema-nanolang-json-compiler-equality-main.native:arm64+0x10003b16c)
    #9 0x000100e55c30 in nl_main+0x4974 (schema-nanolang-json-compiler-equality-main.native:arm64+0x100005c30)
    #10 0x000100e508c4 in main+0x1c (schema-nanolang-json-compiler-equality-main.native:arm64+0x1000008c4)
    #11 0x0001828804e0 in start+0x1b4c (dyld:arm64e+0x204e0)

Indirect leak of 80 byte(s) in 11 object(s) allocated from:
    #0 0x000101f9140c in malloc+0x70 (libclang_rt.asan_osx_dynamic.dylib:arm64+0x5540c)
    #1 0x0001018bdda4 in cJSON_strdup+0x4c (libstd_json.dylib:arm64+0x1da4)
    #2 0x0001018c0b8c in cJSON_Duplicate_rec+0x110 (libstd_json.dylib:arm64+0x4b8c)
    #3 0x0001018c0c18 in cJSON_Duplicate_rec+0x19c (libstd_json.dylib:arm64+0x4c18)
    #4 0x0001018c0c18 in cJSON_Duplicate_rec+0x19c (libstd_json.dylib:arm64+0x4c18)
    #5 0x0001018c0a6c in cJSON_Duplicate+0x20 (libstd_json.dylib:arm64+0x4a6c)
    #6 0x0001018bd124 in nl_json_get+0x78 (libstd_json.dylib:arm64+0x1124)
    #7 0x000100f37a04 in nhost_json_4+0x340 (schema-nanolang-json-compiler-equality-main.native:arm64+0x1000e7a04)
    #8 0x000100efeb48 in nl___nano_module_1_get+0x898 (schema-nanolang-json-compiler-equality-main.native:arm64+0x1000aeb48)
    #9 0x000100e6de48 in nl_gen_nano_ast+0x2898 (schema-nanolang-json-compiler-equality-main.native:arm64+0x10001de48)
    #10 0x000100e5573c in nl_main+0x4480 (schema-nanolang-json-compiler-equality-main.native:arm64+0x10000573c)
    #11 0x000100e508c4 in main+0x1c (schema-nanolang-json-compiler-equality-main.native:arm64+0x1000008c4)
    #12 0x0001828804e0 in start+0x1b4c (dyld:arm64e+0x204e0)

Indirect leak of 80 byte(s) in 11 object(s) allocated from:
    #0 0x000101f9140c in malloc+0x70 (libclang_rt.asan_osx_dynamic.dylib:arm64+0x5540c)
    #1 0x0001018bdda4 in cJSON_strdup+0x4c (libstd_json.dylib:arm64+0x1da4)
    #2 0x0001018c0b8c in cJSON_Duplicate_rec+0x110 (libstd_json.dylib:arm64+0x4b8c)
    #3 0x0001018c0c18 in cJSON_Duplicate_rec+0x19c (libstd_json.dylib:arm64+0x4c18)
    #4 0x0001018c0c18 in cJSON_Duplicate_rec+0x19c (libstd_json.dylib:arm64+0x4c18)
    #5 0x0001018c0a6c in cJSON_Duplicate+0x20 (libstd_json.dylib:arm64+0x4a6c)
    #6 0x0001018bd124 in nl_json_get+0x78 (libstd_json.dylib:arm64+0x1124)
    #7 0x000100f37a04 in nhost_json_4+0x340 (schema-nanolang-json-compiler-equality-main.native:arm64+0x1000e7a04)
    #8 0x000100efeb48 in nl___nano_module_1_get+0x898 (schema-nanolang-json-compiler-equality-main.native:arm64+0x1000aeb48)
    #9 0x000100e89b60 in nl_gen_contracts+0x22d8 (schema-nanolang-json-compiler-equality-main.native:arm64+0x100039b60)
    #10 0x000100e55c30 in nl_main+0x4974 (schema-nanolang-json-compiler-equality-main.native:arm64+0x100005c30)
    #11 0x000100e508c4 in main+0x1c (schema-nanolang-json-compiler-equality-main.native:arm64+0x1000008c4)
    #12 0x0001828804e0 in start+0x1b4c (dyld:arm64e+0x204e0)

Indirect leak of 80 byte(s) in 8 object(s) allocated from:
    #0 0x000101f9140c in malloc+0x70 (libclang_rt.asan_osx_dynamic.dylib:arm64+0x5540c)
    #1 0x0001018bdda4 in cJSON_strdup+0x4c (libstd_json.dylib:arm64+0x1da4)
    #2 0x0001018c0b8c in cJSON_Duplicate_rec+0x110 (libstd_json.dylib:arm64+0x4b8c)
    #3 0x0001018c0a6c in cJSON_Duplicate+0x20 (libstd_json.dylib:arm64+0x4a6c)
    #4 0x0001018bd124 in nl_json_get+0x78 (libstd_json.dylib:arm64+0x1124)
    #5 0x000100f37a04 in nhost_json_4+0x340 (schema-nanolang-json-compiler-equality-main.native:arm64+0x1000e7a04)
    #6 0x000100efeb48 in nl___nano_module_1_get+0x898 (schema-nanolang-json-compiler-equality-main.native:arm64+0x1000aeb48)
    #7 0x000100e7b778 in nl_gen_nano_ast+0x101c8 (schema-nanolang-json-compiler-equality-main.native:arm64+0x10002b778)
    #8 0x000100e5573c in nl_main+0x4480 (schema-nanolang-json-compiler-equality-main.native:arm64+0x10000573c)
    #9 0x000100e508c4 in main+0x1c (schema-nanolang-json-compiler-equality-main.native:arm64+0x1000008c4)
    #10 0x0001828804e0 in start+0x1b4c (dyld:arm64e+0x204e0)

Indirect leak of 70 byte(s) in 5 object(s) allocated from:
    #0 0x000101f9140c in malloc+0x70 (libclang_rt.asan_osx_dynamic.dylib:arm64+0x5540c)
    #1 0x0001018bdda4 in cJSON_strdup+0x4c (libstd_json.dylib:arm64+0x1da4)
    #2 0x0001018c0b8c in cJSON_Duplicate_rec+0x110 (libstd_json.dylib:arm64+0x4b8c)
    #3 0x0001018c0a6c in cJSON_Duplicate+0x20 (libstd_json.dylib:arm64+0x4a6c)
    #4 0x0001018bd124 in nl_json_get+0x78 (libstd_json.dylib:arm64+0x1124)
    #5 0x000100f37a04 in nhost_json_4+0x340 (schema-nanolang-json-compiler-equality-main.native:arm64+0x1000e7a04)
    #6 0x000100efeb48 in nl___nano_module_1_get+0x898 (schema-nanolang-json-compiler-equality-main.native:arm64+0x1000aeb48)
    #7 0x000100ef2584 in nl_gen_c+0x4efec (schema-nanolang-json-compiler-equality-main.native:arm64+0x1000a2584)
    #8 0x000100e56124 in nl_main+0x4e68 (schema-nanolang-json-compiler-equality-main.native:arm64+0x100006124)
    #9 0x000100e508c4 in main+0x1c (schema-nanolang-json-compiler-equality-main.native:arm64+0x1000008c4)
    #10 0x0001828804e0 in start+0x1b4c (dyld:arm64e+0x204e0)

Indirect leak of 60 byte(s) in 5 object(s) allocated from:
    #0 0x000101f9140c in malloc+0x70 (libclang_rt.asan_osx_dynamic.dylib:arm64+0x5540c)
    #1 0x0001018bdda4 in cJSON_strdup+0x4c (libstd_json.dylib:arm64+0x1da4)
    #2 0x0001018c0b8c in cJSON_Duplicate_rec+0x110 (libstd_json.dylib:arm64+0x4b8c)
    #3 0x0001018c0c18 in cJSON_Duplicate_rec+0x19c (libstd_json.dylib:arm64+0x4c18)
    #4 0x0001018c0a6c in cJSON_Duplicate+0x20 (libstd_json.dylib:arm64+0x4a6c)
    #5 0x0001018bd124 in nl_json_get+0x78 (libstd_json.dylib:arm64+0x1124)
    #6 0x000100f37a04 in nhost_json_4+0x340 (schema-nanolang-json-compiler-equality-main.native:arm64+0x1000e7a04)
    #7 0x000100efeb48 in nl___nano_module_1_get+0x898 (schema-nanolang-json-compiler-equality-main.native:arm64+0x1000aeb48)
    #8 0x000100ef2584 in nl_gen_c+0x4efec (schema-nanolang-json-compiler-equality-main.native:arm64+0x1000a2584)
    #9 0x000100e56124 in nl_main+0x4e68 (schema-nanolang-json-compiler-equality-main.native:arm64+0x100006124)
    #10 0x000100e508c4 in main+0x1c (schema-nanolang-json-compiler-equality-main.native:arm64+0x1000008c4)
    #11 0x0001828804e0 in start+0x1b4c (dyld:arm64e+0x204e0)

Indirect leak of 56 byte(s) in 8 object(s) allocated from:
    #0 0x000101f9140c in malloc+0x70 (libclang_rt.asan_osx_dynamic.dylib:arm64+0x5540c)
    #1 0x0001018bdda4 in cJSON_strdup+0x4c (libstd_json.dylib:arm64+0x1da4)
    #2 0x0001018c0b8c in cJSON_Duplicate_rec+0x110 (libstd_json.dylib:arm64+0x4b8c)
    #3 0x0001018c0a6c in cJSON_Duplicate+0x20 (libstd_json.dylib:arm64+0x4a6c)
    #4 0x0001018bd124 in nl_json_get+0x78 (libstd_json.dylib:arm64+0x1124)
    #5 0x000100f37a04 in nhost_json_4+0x340 (schema-nanolang-json-compiler-equality-main.native:arm64+0x1000e7a04)
    #6 0x000100efeb48 in nl___nano_module_1_get+0x898 (schema-nanolang-json-compiler-equality-main.native:arm64+0x1000aeb48)
    #7 0x000100e991fc in nl_gen_contracts+0x11974 (schema-nanolang-json-compiler-equality-main.native:arm64+0x1000491fc)
    #8 0x000100e55c30 in nl_main+0x4974 (schema-nanolang-json-compiler-equality-main.native:arm64+0x100005c30)
    #9 0x000100e508c4 in main+0x1c (schema-nanolang-json-compiler-equality-main.native:arm64+0x1000008c4)
    #10 0x0001828804e0 in start+0x1b4c (dyld:arm64e+0x204e0)

Indirect leak of 56 byte(s) in 8 object(s) allocated from:
    #0 0x000101f9140c in malloc+0x70 (libclang_rt.asan_osx_dynamic.dylib:arm64+0x5540c)
    #1 0x0001018bdda4 in cJSON_strdup+0x4c (libstd_json.dylib:arm64+0x1da4)
    #2 0x0001018c0b8c in cJSON_Duplicate_rec+0x110 (libstd_json.dylib:arm64+0x4b8c)
    #3 0x0001018c0a6c in cJSON_Duplicate+0x20 (libstd_json.dylib:arm64+0x4a6c)
    #4 0x0001018bd124 in nl_json_get+0x78 (libstd_json.dylib:arm64+0x1124)
    #5 0x000100f37a04 in nhost_json_4+0x340 (schema-nanolang-json-compiler-equality-main.native:arm64+0x1000e7a04)
    #6 0x000100efeb48 in nl___nano_module_1_get+0x898 (schema-nanolang-json-compiler-equality-main.native:arm64+0x1000aeb48)
    #7 0x000100e9a8c0 in nl_gen_contracts+0x13038 (schema-nanolang-json-compiler-equality-main.native:arm64+0x10004a8c0)
    #8 0x000100e55c30 in nl_main+0x4974 (schema-nanolang-json-compiler-equality-main.native:arm64+0x100005c30)
    #9 0x000100e508c4 in main+0x1c (schema-nanolang-json-compiler-equality-main.native:arm64+0x1000008c4)
    #10 0x0001828804e0 in start+0x1b4c (dyld:arm64e+0x204e0)

Indirect leak of 42 byte(s) in 3 object(s) allocated from:
    #0 0x000101f9140c in malloc+0x70 (libclang_rt.asan_osx_dynamic.dylib:arm64+0x5540c)
    #1 0x0001018bdda4 in cJSON_strdup+0x4c (libstd_json.dylib:arm64+0x1da4)
    #2 0x0001018c0b28 in cJSON_Duplicate_rec+0xac (libstd_json.dylib:arm64+0x4b28)
    #3 0x0001018c0c18 in cJSON_Duplicate_rec+0x19c (libstd_json.dylib:arm64+0x4c18)
    #4 0x0001018c0a6c in cJSON_Duplicate+0x20 (libstd_json.dylib:arm64+0x4a6c)
    #5 0x0001018bd520 in nl_json_get_index+0x7c (libstd_json.dylib:arm64+0x1520)
    #6 0x000100f382a4 in nhost_json_6+0x340 (schema-nanolang-json-compiler-equality-main.native:arm64+0x1000e82a4)
    #7 0x000100effd90 in nl___nano_module_1_get_index+0x928 (schema-nanolang-json-compiler-equality-main.native:arm64+0x1000afd90)
    #8 0x000100ec3a3c in nl_gen_c+0x204a4 (schema-nanolang-json-compiler-equality-main.native:arm64+0x100073a3c)
    #9 0x000100e56124 in nl_main+0x4e68 (schema-nanolang-json-compiler-equality-main.native:arm64+0x100006124)
    #10 0x000100e508c4 in main+0x1c (schema-nanolang-json-compiler-equality-main.native:arm64+0x1000008c4)
    #11 0x0001828804e0 in start+0x1b4c (dyld:arm64e+0x204e0)

Indirect leak of 42 byte(s) in 3 object(s) allocated from:
    #0 0x000101f9140c in malloc+0x70 (libclang_rt.asan_osx_dynamic.dylib:arm64+0x5540c)
    #1 0x0001018bdda4 in cJSON_strdup+0x4c (libstd_json.dylib:arm64+0x1da4)
    #2 0x0001018c0b28 in cJSON_Duplicate_rec+0xac (libstd_json.dylib:arm64+0x4b28)
    #3 0x0001018c0a6c in cJSON_Duplicate+0x20 (libstd_json.dylib:arm64+0x4a6c)
    #4 0x0001018bd124 in nl_json_get+0x78 (libstd_json.dylib:arm64+0x1124)
    #5 0x000100f37a04 in nhost_json_4+0x340 (schema-nanolang-json-compiler-equality-main.native:arm64+0x1000e7a04)
    #6 0x000100efeb48 in nl___nano_module_1_get+0x898 (schema-nanolang-json-compiler-equality-main.native:arm64+0x1000aeb48)
    #7 0x000100e8d5e4 in nl_gen_contracts+0x5d5c (schema-nanolang-json-compiler-equality-main.native:arm64+0x10003d5e4)
    #8 0x000100e55c30 in nl_main+0x4974 (schema-nanolang-json-compiler-equality-main.native:arm64+0x100005c30)
    #9 0x000100e508c4 in main+0x1c (schema-nanolang-json-compiler-equality-main.native:arm64+0x1000008c4)
    #10 0x0001828804e0 in start+0x1b4c (dyld:arm64e+0x204e0)

Indirect leak of 42 byte(s) in 3 object(s) allocated from:
    #0 0x000101f9140c in malloc+0x70 (libclang_rt.asan_osx_dynamic.dylib:arm64+0x5540c)
    #1 0x0001018bdda4 in cJSON_strdup+0x4c (libstd_json.dylib:arm64+0x1da4)
    #2 0x0001018c0b28 in cJSON_Duplicate_rec+0xac (libstd_json.dylib:arm64+0x4b28)
    #3 0x0001018c0c18 in cJSON_Duplicate_rec+0x19c (libstd_json.dylib:arm64+0x4c18)
    #4 0x0001018c0c18 in cJSON_Duplicate_rec+0x19c (libstd_json.dylib:arm64+0x4c18)
    #5 0x0001018c0a6c in cJSON_Duplicate+0x20 (libstd_json.dylib:arm64+0x4a6c)
    #6 0x0001018bd124 in nl_json_get+0x78 (libstd_json.dylib:arm64+0x1124)
    #7 0x000100f37a04 in nhost_json_4+0x340 (schema-nanolang-json-compiler-equality-main.native:arm64+0x1000e7a04)
    #8 0x000100efeb48 in nl___nano_module_1_get+0x898 (schema-nanolang-json-compiler-equality-main.native:arm64+0x1000aeb48)
    #9 0x000100ec1a60 in nl_gen_c+0x1e4c8 (schema-nanolang-json-compiler-equality-main.native:arm64+0x100071a60)
    #10 0x000100e56124 in nl_main+0x4e68 (schema-nanolang-json-compiler-equality-main.native:arm64+0x100006124)
    #11 0x000100e508c4 in main+0x1c (schema-nanolang-json-compiler-equality-main.native:arm64+0x1000008c4)
    #12 0x0001828804e0 in start+0x1b4c (dyld:arm64e+0x204e0)

Indirect leak of 42 byte(s) in 3 object(s) allocated from:
    #0 0x000101f9140c in malloc+0x70 (libclang_rt.asan_osx_dynamic.dylib:arm64+0x5540c)
    #1 0x0001018bdda4 in cJSON_strdup+0x4c (libstd_json.dylib:arm64+0x1da4)
    #2 0x0001018c0b28 in cJSON_Duplicate_rec+0xac (libstd_json.dylib:arm64+0x4b28)
    #3 0x0001018c0c18 in cJSON_Duplicate_rec+0x19c (libstd_json.dylib:arm64+0x4c18)
    #4 0x0001018c0a6c in cJSON_Duplicate+0x20 (libstd_json.dylib:arm64+0x4a6c)
    #5 0x0001018bd520 in nl_json_get_index+0x7c (libstd_json.dylib:arm64+0x1520)
    #6 0x000100f382a4 in nhost_json_6+0x340 (schema-nanolang-json-compiler-equality-main.native:arm64+0x1000e82a4)
    #7 0x000100effd90 in nl___nano_module_1_get_index+0x928 (schema-nanolang-json-compiler-equality-main.native:arm64+0x1000afd90)
    #8 0x000100e6f454 in nl_gen_nano_ast+0x3ea4 (schema-nanolang-json-compiler-equality-main.native:arm64+0x10001f454)
    #9 0x000100e5573c in nl_main+0x4480 (schema-nanolang-json-compiler-equality-main.native:arm64+0x10000573c)
    #10 0x000100e508c4 in main+0x1c (schema-nanolang-json-compiler-equality-main.native:arm64+0x1000008c4)
    #11 0x0001828804e0 in start+0x1b4c (dyld:arm64e+0x204e0)

Indirect leak of 42 byte(s) in 3 object(s) allocated from:
    #0 0x000101f9140c in malloc+0x70 (libclang_rt.asan_osx_dynamic.dylib:arm64+0x5540c)
    #1 0x0001018bdda4 in cJSON_strdup+0x4c (libstd_json.dylib:arm64+0x1da4)
    #2 0x0001018c0b28 in cJSON_Duplicate_rec+0xac (libstd_json.dylib:arm64+0x4b28)
    #3 0x0001018c0c18 in cJSON_Duplicate_rec+0x19c (libstd_json.dylib:arm64+0x4c18)
    #4 0x0001018c0a6c in cJSON_Duplicate+0x20 (libstd_json.dylib:arm64+0x4a6c)
    #5 0x0001018bd520 in nl_json_get_index+0x7c (libstd_json.dylib:arm64+0x1520)
    #6 0x000100f382a4 in nhost_json_6+0x340 (schema-nanolang-json-compiler-equality-main.native:arm64+0x1000e82a4)
    #7 0x000100effd90 in nl___nano_module_1_get_index+0x928 (schema-nanolang-json-compiler-equality-main.native:arm64+0x1000afd90)
    #8 0x000100e8b16c in nl_gen_contracts+0x38e4 (schema-nanolang-json-compiler-equality-main.native:arm64+0x10003b16c)
    #9 0x000100e55c30 in nl_main+0x4974 (schema-nanolang-json-compiler-equality-main.native:arm64+0x100005c30)
    #10 0x000100e508c4 in main+0x1c (schema-nanolang-json-compiler-equality-main.native:arm64+0x1000008c4)
    #11 0x0001828804e0 in start+0x1b4c (dyld:arm64e+0x204e0)

Indirect leak of 42 byte(s) in 3 object(s) allocated from:
    #0 0x000101f9140c in malloc+0x70 (libclang_rt.asan_osx_dynamic.dylib:arm64+0x5540c)
    #1 0x0001018bdda4 in cJSON_strdup+0x4c (libstd_json.dylib:arm64+0x1da4)
    #2 0x0001018c0b28 in cJSON_Duplicate_rec+0xac (libstd_json.dylib:arm64+0x4b28)
    #3 0x0001018c0c18 in cJSON_Duplicate_rec+0x19c (libstd_json.dylib:arm64+0x4c18)
    #4 0x0001018c0c18 in cJSON_Duplicate_rec+0x19c (libstd_json.dylib:arm64+0x4c18)
    #5 0x0001018c0a6c in cJSON_Duplicate+0x20 (libstd_json.dylib:arm64+0x4a6c)
    #6 0x0001018bd124 in nl_json_get+0x78 (libstd_json.dylib:arm64+0x1124)
    #7 0x000100f37a04 in nhost_json_4+0x340 (schema-nanolang-json-compiler-equality-main.native:arm64+0x1000e7a04)
    #8 0x000100efeb48 in nl___nano_module_1_get+0x898 (schema-nanolang-json-compiler-equality-main.native:arm64+0x1000aeb48)
    #9 0x000100e89b60 in nl_gen_contracts+0x22d8 (schema-nanolang-json-compiler-equality-main.native:arm64+0x100039b60)
    #10 0x000100e55c30 in nl_main+0x4974 (schema-nanolang-json-compiler-equality-main.native:arm64+0x100005c30)
    #11 0x000100e508c4 in main+0x1c (schema-nanolang-json-compiler-equality-main.native:arm64+0x1000008c4)
    #12 0x0001828804e0 in start+0x1b4c (dyld:arm64e+0x204e0)

Indirect leak of 42 byte(s) in 3 object(s) allocated from:
    #0 0x000101f9140c in malloc+0x70 (libclang_rt.asan_osx_dynamic.dylib:arm64+0x5540c)
    #1 0x0001018bdda4 in cJSON_strdup+0x4c (libstd_json.dylib:arm64+0x1da4)
    #2 0x0001018c0b28 in cJSON_Duplicate_rec+0xac (libstd_json.dylib:arm64+0x4b28)
    #3 0x0001018c0c18 in cJSON_Duplicate_rec+0x19c (libstd_json.dylib:arm64+0x4c18)
    #4 0x0001018c0c18 in cJSON_Duplicate_rec+0x19c (libstd_json.dylib:arm64+0x4c18)
    #5 0x0001018c0a6c in cJSON_Duplicate+0x20 (libstd_json.dylib:arm64+0x4a6c)
    #6 0x0001018bd124 in nl_json_get+0x78 (libstd_json.dylib:arm64+0x1124)
    #7 0x000100f37a04 in nhost_json_4+0x340 (schema-nanolang-json-compiler-equality-main.native:arm64+0x1000e7a04)
    #8 0x000100efeb48 in nl___nano_module_1_get+0x898 (schema-nanolang-json-compiler-equality-main.native:arm64+0x1000aeb48)
    #9 0x000100e6de48 in nl_gen_nano_ast+0x2898 (schema-nanolang-json-compiler-equality-main.native:arm64+0x10001de48)
    #10 0x000100e5573c in nl_main+0x4480 (schema-nanolang-json-compiler-equality-main.native:arm64+0x10000573c)
    #11 0x000100e508c4 in main+0x1c (schema-nanolang-json-compiler-equality-main.native:arm64+0x1000008c4)
    #12 0x0001828804e0 in start+0x1b4c (dyld:arm64e+0x204e0)

Indirect leak of 40 byte(s) in 5 object(s) allocated from:
    #0 0x000101f9140c in malloc+0x70 (libclang_rt.asan_osx_dynamic.dylib:arm64+0x5540c)
    #1 0x0001018bdda4 in cJSON_strdup+0x4c (libstd_json.dylib:arm64+0x1da4)
    #2 0x0001018c0b28 in cJSON_Duplicate_rec+0xac (libstd_json.dylib:arm64+0x4b28)
    #3 0x0001018c0c18 in cJSON_Duplicate_rec+0x19c (libstd_json.dylib:arm64+0x4c18)
    #4 0x0001018c0a6c in cJSON_Duplicate+0x20 (libstd_json.dylib:arm64+0x4a6c)
    #5 0x0001018bd124 in nl_json_get+0x78 (libstd_json.dylib:arm64+0x1124)
    #6 0x000100f37a04 in nhost_json_4+0x340 (schema-nanolang-json-compiler-equality-main.native:arm64+0x1000e7a04)
    #7 0x000100efeb48 in nl___nano_module_1_get+0x898 (schema-nanolang-json-compiler-equality-main.native:arm64+0x1000aeb48)
    #8 0x000100ef2584 in nl_gen_c+0x4efec (schema-nanolang-json-compiler-equality-main.native:arm64+0x1000a2584)
    #9 0x000100e56124 in nl_main+0x4e68 (schema-nanolang-json-compiler-equality-main.native:arm64+0x100006124)
    #10 0x000100e508c4 in main+0x1c (schema-nanolang-json-compiler-equality-main.native:arm64+0x1000008c4)
    #11 0x0001828804e0 in start+0x1b4c (dyld:arm64e+0x204e0)

Indirect leak of 40 byte(s) in 8 object(s) allocated from:
    #0 0x000101f9140c in malloc+0x70 (libclang_rt.asan_osx_dynamic.dylib:arm64+0x5540c)
    #1 0x0001018bdda4 in cJSON_strdup+0x4c (libstd_json.dylib:arm64+0x1da4)
    #2 0x0001018c0b8c in cJSON_Duplicate_rec+0x110 (libstd_json.dylib:arm64+0x4b8c)
    #3 0x0001018c0a6c in cJSON_Duplicate+0x20 (libstd_json.dylib:arm64+0x4a6c)
    #4 0x0001018bd124 in nl_json_get+0x78 (libstd_json.dylib:arm64+0x1124)
    #5 0x000100f37a04 in nhost_json_4+0x340 (schema-nanolang-json-compiler-equality-main.native:arm64+0x1000e7a04)
    #6 0x000100efeb48 in nl___nano_module_1_get+0x898 (schema-nanolang-json-compiler-equality-main.native:arm64+0x1000aeb48)
    #7 0x000100e985a0 in nl_gen_contracts+0x10d18 (schema-nanolang-json-compiler-equality-main.native:arm64+0x1000485a0)
    #8 0x000100e55c30 in nl_main+0x4974 (schema-nanolang-json-compiler-equality-main.native:arm64+0x100005c30)
    #9 0x000100e508c4 in main+0x1c (schema-nanolang-json-compiler-equality-main.native:arm64+0x1000008c4)
    #10 0x0001828804e0 in start+0x1b4c (dyld:arm64e+0x204e0)

Indirect leak of 33 byte(s) in 2 object(s) allocated from:
    #0 0x000101f9140c in malloc+0x70 (libclang_rt.asan_osx_dynamic.dylib:arm64+0x5540c)
    #1 0x0001018bdda4 in cJSON_strdup+0x4c (libstd_json.dylib:arm64+0x1da4)
    #2 0x0001018c0b28 in cJSON_Duplicate_rec+0xac (libstd_json.dylib:arm64+0x4b28)
    #3 0x0001018c0a6c in cJSON_Duplicate+0x20 (libstd_json.dylib:arm64+0x4a6c)
    #4 0x0001018bd124 in nl_json_get+0x78 (libstd_json.dylib:arm64+0x1124)
    #5 0x000100f37a04 in nhost_json_4+0x340 (schema-nanolang-json-compiler-equality-main.native:arm64+0x1000e7a04)
    #6 0x000100efeb48 in nl___nano_module_1_get+0x898 (schema-nanolang-json-compiler-equality-main.native:arm64+0x1000aeb48)
    #7 0x000100ec6cd4 in nl_gen_c+0x2373c (schema-nanolang-json-compiler-equality-main.native:arm64+0x100076cd4)
    #8 0x000100e56124 in nl_main+0x4e68 (schema-nanolang-json-compiler-equality-main.native:arm64+0x100006124)
    #9 0x000100e508c4 in main+0x1c (schema-nanolang-json-compiler-equality-main.native:arm64+0x1000008c4)
    #10 0x0001828804e0 in start+0x1b4c (dyld:arm64e+0x204e0)

Indirect leak of 30 byte(s) in 3 object(s) allocated from:
    #0 0x000101f9140c in malloc+0x70 (libclang_rt.asan_osx_dynamic.dylib:arm64+0x5540c)
    #1 0x0001018bdda4 in cJSON_strdup+0x4c (libstd_json.dylib:arm64+0x1da4)
    #2 0x0001018c0b8c in cJSON_Duplicate_rec+0x110 (libstd_json.dylib:arm64+0x4b8c)
    #3 0x0001018c0a6c in cJSON_Duplicate+0x20 (libstd_json.dylib:arm64+0x4a6c)
    #4 0x0001018bd124 in nl_json_get+0x78 (libstd_json.dylib:arm64+0x1124)
    #5 0x000100f37a04 in nhost_json_4+0x340 (schema-nanolang-json-compiler-equality-main.native:arm64+0x1000e7a04)
    #6 0x000100efeb48 in nl___nano_module_1_get+0x898 (schema-nanolang-json-compiler-equality-main.native:arm64+0x1000aeb48)
    #7 0x000100e70698 in nl_gen_nano_ast+0x50e8 (schema-nanolang-json-compiler-equality-main.native:arm64+0x100020698)
    #8 0x000100e5573c in nl_main+0x4480 (schema-nanolang-json-compiler-equality-main.native:arm64+0x10000573c)
    #9 0x000100e508c4 in main+0x1c (schema-nanolang-json-compiler-equality-main.native:arm64+0x1000008c4)
    #10 0x0001828804e0 in start+0x1b4c (dyld:arm64e+0x204e0)

Indirect leak of 30 byte(s) in 3 object(s) allocated from:
    #0 0x000101f9140c in malloc+0x70 (libclang_rt.asan_osx_dynamic.dylib:arm64+0x5540c)
    #1 0x0001018bdda4 in cJSON_strdup+0x4c (libstd_json.dylib:arm64+0x1da4)
    #2 0x0001018c0b8c in cJSON_Duplicate_rec+0x110 (libstd_json.dylib:arm64+0x4b8c)
    #3 0x0001018c0a6c in cJSON_Duplicate+0x20 (libstd_json.dylib:arm64+0x4a6c)
    #4 0x0001018bd124 in nl_json_get+0x78 (libstd_json.dylib:arm64+0x1124)
    #5 0x000100f37a04 in nhost_json_4+0x340 (schema-nanolang-json-compiler-equality-main.native:arm64+0x1000e7a04)
    #6 0x000100efeb48 in nl___nano_module_1_get+0x898 (schema-nanolang-json-compiler-equality-main.native:arm64+0x1000aeb48)
    #7 0x000100e8c3b0 in nl_gen_contracts+0x4b28 (schema-nanolang-json-compiler-equality-main.native:arm64+0x10003c3b0)
    #8 0x000100e55c30 in nl_main+0x4974 (schema-nanolang-json-compiler-equality-main.native:arm64+0x100005c30)
    #9 0x000100e508c4 in main+0x1c (schema-nanolang-json-compiler-equality-main.native:arm64+0x1000008c4)
    #10 0x0001828804e0 in start+0x1b4c (dyld:arm64e+0x204e0)

Indirect leak of 21 byte(s) in 3 object(s) allocated from:
    #0 0x000101f9140c in malloc+0x70 (libclang_rt.asan_osx_dynamic.dylib:arm64+0x5540c)
    #1 0x0001018bdda4 in cJSON_strdup+0x4c (libstd_json.dylib:arm64+0x1da4)
    #2 0x0001018c0b8c in cJSON_Duplicate_rec+0x110 (libstd_json.dylib:arm64+0x4b8c)
    #3 0x0001018c0a6c in cJSON_Duplicate+0x20 (libstd_json.dylib:arm64+0x4a6c)
    #4 0x0001018bd124 in nl_json_get+0x78 (libstd_json.dylib:arm64+0x1124)
    #5 0x000100f37a04 in nhost_json_4+0x340 (schema-nanolang-json-compiler-equality-main.native:arm64+0x1000e7a04)
    #6 0x000100efeb48 in nl___nano_module_1_get+0x898 (schema-nanolang-json-compiler-equality-main.native:arm64+0x1000aeb48)
    #7 0x000100e8e338 in nl_gen_contracts+0x6ab0 (schema-nanolang-json-compiler-equality-main.native:arm64+0x10003e338)
    #8 0x000100e55c30 in nl_main+0x4974 (schema-nanolang-json-compiler-equality-main.native:arm64+0x100005c30)
    #9 0x000100e508c4 in main+0x1c (schema-nanolang-json-compiler-equality-main.native:arm64+0x1000008c4)
    #10 0x0001828804e0 in start+0x1b4c (dyld:arm64e+0x204e0)

Indirect leak of 15 byte(s) in 3 object(s) allocated from:
    #0 0x000101f9140c in malloc+0x70 (libclang_rt.asan_osx_dynamic.dylib:arm64+0x5540c)
    #1 0x0001018bdda4 in cJSON_strdup+0x4c (libstd_json.dylib:arm64+0x1da4)
    #2 0x0001018c0b8c in cJSON_Duplicate_rec+0x110 (libstd_json.dylib:arm64+0x4b8c)
    #3 0x0001018c0a6c in cJSON_Duplicate+0x20 (libstd_json.dylib:arm64+0x4a6c)
    #4 0x0001018bd124 in nl_json_get+0x78 (libstd_json.dylib:arm64+0x1124)
    #5 0x000100f37a04 in nhost_json_4+0x340 (schema-nanolang-json-compiler-equality-main.native:arm64+0x1000e7a04)
    #6 0x000100efeb48 in nl___nano_module_1_get+0x898 (schema-nanolang-json-compiler-equality-main.native:arm64+0x1000aeb48)
    #7 0x000100e8d5e4 in nl_gen_contracts+0x5d5c (schema-nanolang-json-compiler-equality-main.native:arm64+0x10003d5e4)
    #8 0x000100e55c30 in nl_main+0x4974 (schema-nanolang-json-compiler-equality-main.native:arm64+0x100005c30)
    #9 0x000100e508c4 in main+0x1c (schema-nanolang-json-compiler-equality-main.native:arm64+0x1000008c4)
    #10 0x0001828804e0 in start+0x1b4c (dyld:arm64e+0x204e0)

Indirect leak of 14 byte(s) in 2 object(s) allocated from:
    #0 0x000101f9140c in malloc+0x70 (libclang_rt.asan_osx_dynamic.dylib:arm64+0x5540c)
    #1 0x0001018bdda4 in cJSON_strdup+0x4c (libstd_json.dylib:arm64+0x1da4)
    #2 0x0001018c0b8c in cJSON_Duplicate_rec+0x110 (libstd_json.dylib:arm64+0x4b8c)
    #3 0x0001018c0a6c in cJSON_Duplicate+0x20 (libstd_json.dylib:arm64+0x4a6c)
    #4 0x0001018bd124 in nl_json_get+0x78 (libstd_json.dylib:arm64+0x1124)
    #5 0x000100f37a04 in nhost_json_4+0x340 (schema-nanolang-json-compiler-equality-main.native:arm64+0x1000e7a04)
    #6 0x000100efeb48 in nl___nano_module_1_get+0x898 (schema-nanolang-json-compiler-equality-main.native:arm64+0x1000aeb48)
    #7 0x000100ec81e8 in nl_gen_c+0x24c50 (schema-nanolang-json-compiler-equality-main.native:arm64+0x1000781e8)
    #8 0x000100e56124 in nl_main+0x4e68 (schema-nanolang-json-compiler-equality-main.native:arm64+0x100006124)
    #9 0x000100e508c4 in main+0x1c (schema-nanolang-json-compiler-equality-main.native:arm64+0x1000008c4)
    #10 0x0001828804e0 in start+0x1b4c (dyld:arm64e+0x204e0)

Indirect leak of 14 byte(s) in 2 object(s) allocated from:
    #0 0x000101f9140c in malloc+0x70 (libclang_rt.asan_osx_dynamic.dylib:arm64+0x5540c)
    #1 0x0001018bdda4 in cJSON_strdup+0x4c (libstd_json.dylib:arm64+0x1da4)
    #2 0x0001018c0b8c in cJSON_Duplicate_rec+0x110 (libstd_json.dylib:arm64+0x4b8c)
    #3 0x0001018c0a6c in cJSON_Duplicate+0x20 (libstd_json.dylib:arm64+0x4a6c)
    #4 0x0001018bd124 in nl_json_get+0x78 (libstd_json.dylib:arm64+0x1124)
    #5 0x000100f37a04 in nhost_json_4+0x340 (schema-nanolang-json-compiler-equality-main.native:arm64+0x1000e7a04)
    #6 0x000100efeb48 in nl___nano_module_1_get+0x898 (schema-nanolang-json-compiler-equality-main.native:arm64+0x1000aeb48)
    #7 0x000100ec5554 in nl_gen_c+0x21fbc (schema-nanolang-json-compiler-equality-main.native:arm64+0x100075554)
    #8 0x000100e56124 in nl_main+0x4e68 (schema-nanolang-json-compiler-equality-main.native:arm64+0x100006124)
    #9 0x000100e508c4 in main+0x1c (schema-nanolang-json-compiler-equality-main.native:arm64+0x1000008c4)
    #10 0x0001828804e0 in start+0x1b4c (dyld:arm64e+0x204e0)

Indirect leak of 13 byte(s) in 1 object(s) allocated from:
    #0 0x000101f9140c in malloc+0x70 (libclang_rt.asan_osx_dynamic.dylib:arm64+0x5540c)
    #1 0x0001018bdda4 in cJSON_strdup+0x4c (libstd_json.dylib:arm64+0x1da4)
    #2 0x0001018c0b8c in cJSON_Duplicate_rec+0x110 (libstd_json.dylib:arm64+0x4b8c)
    #3 0x0001018c0a6c in cJSON_Duplicate+0x20 (libstd_json.dylib:arm64+0x4a6c)
    #4 0x0001018bd124 in nl_json_get+0x78 (libstd_json.dylib:arm64+0x1124)
    #5 0x000100f37a04 in nhost_json_4+0x340 (schema-nanolang-json-compiler-equality-main.native:arm64+0x1000e7a04)
    #6 0x000100efeb48 in nl___nano_module_1_get+0x898 (schema-nanolang-json-compiler-equality-main.native:arm64+0x1000aeb48)
    #7 0x000100e79188 in nl_gen_nano_ast+0xdbd8 (schema-nanolang-json-compiler-equality-main.native:arm64+0x100029188)
    #8 0x000100e5573c in nl_main+0x4480 (schema-nanolang-json-compiler-equality-main.native:arm64+0x10000573c)
    #9 0x000100e508c4 in main+0x1c (schema-nanolang-json-compiler-equality-main.native:arm64+0x1000008c4)
    #10 0x0001828804e0 in start+0x1b4c (dyld:arm64e+0x204e0)

Indirect leak of 13 byte(s) in 1 object(s) allocated from:
    #0 0x000101f9140c in malloc+0x70 (libclang_rt.asan_osx_dynamic.dylib:arm64+0x5540c)
    #1 0x0001018bdda4 in cJSON_strdup+0x4c (libstd_json.dylib:arm64+0x1da4)
    #2 0x0001018c0b8c in cJSON_Duplicate_rec+0x110 (libstd_json.dylib:arm64+0x4b8c)
    #3 0x0001018c0a6c in cJSON_Duplicate+0x20 (libstd_json.dylib:arm64+0x4a6c)
    #4 0x0001018bd124 in nl_json_get+0x78 (libstd_json.dylib:arm64+0x1124)
    #5 0x000100f37a04 in nhost_json_4+0x340 (schema-nanolang-json-compiler-equality-main.native:arm64+0x1000e7a04)
    #6 0x000100efeb48 in nl___nano_module_1_get+0x898 (schema-nanolang-json-compiler-equality-main.native:arm64+0x1000aeb48)
    #7 0x000100ee41f8 in nl_gen_c+0x40c60 (schema-nanolang-json-compiler-equality-main.native:arm64+0x1000941f8)
    #8 0x000100e56124 in nl_main+0x4e68 (schema-nanolang-json-compiler-equality-main.native:arm64+0x100006124)
    #9 0x000100e508c4 in main+0x1c (schema-nanolang-json-compiler-equality-main.native:arm64+0x1000008c4)
    #10 0x0001828804e0 in start+0x1b4c (dyld:arm64e+0x204e0)

Indirect leak of 13 byte(s) in 1 object(s) allocated from:
    #0 0x000101f9140c in malloc+0x70 (libclang_rt.asan_osx_dynamic.dylib:arm64+0x5540c)
    #1 0x0001018bdda4 in cJSON_strdup+0x4c (libstd_json.dylib:arm64+0x1da4)
    #2 0x0001018c0b8c in cJSON_Duplicate_rec+0x110 (libstd_json.dylib:arm64+0x4b8c)
    #3 0x0001018c0a6c in cJSON_Duplicate+0x20 (libstd_json.dylib:arm64+0x4a6c)
    #4 0x0001018bd124 in nl_json_get+0x78 (libstd_json.dylib:arm64+0x1124)
    #5 0x000100f37a04 in nhost_json_4+0x340 (schema-nanolang-json-compiler-equality-main.native:arm64+0x1000e7a04)
    #6 0x000100efeb48 in nl___nano_module_1_get+0x898 (schema-nanolang-json-compiler-equality-main.native:arm64+0x1000aeb48)
    #7 0x000100e94e9c in nl_gen_contracts+0xd614 (schema-nanolang-json-compiler-equality-main.native:arm64+0x100044e9c)
    #8 0x000100e55c30 in nl_main+0x4974 (schema-nanolang-json-compiler-equality-main.native:arm64+0x100005c30)
    #9 0x000100e508c4 in main+0x1c (schema-nanolang-json-compiler-equality-main.native:arm64+0x1000008c4)
    #10 0x0001828804e0 in start+0x1b4c (dyld:arm64e+0x204e0)

Indirect leak of 13 byte(s) in 1 object(s) allocated from:
    #0 0x000101f9140c in malloc+0x70 (libclang_rt.asan_osx_dynamic.dylib:arm64+0x5540c)
    #1 0x0001018bdda4 in cJSON_strdup+0x4c (libstd_json.dylib:arm64+0x1da4)
    #2 0x0001018c0b8c in cJSON_Duplicate_rec+0x110 (libstd_json.dylib:arm64+0x4b8c)
    #3 0x0001018c0a6c in cJSON_Duplicate+0x20 (libstd_json.dylib:arm64+0x4a6c)
    #4 0x0001018bd124 in nl_json_get+0x78 (libstd_json.dylib:arm64+0x1124)
    #5 0x000100f37a04 in nhost_json_4+0x340 (schema-nanolang-json-compiler-equality-main.native:arm64+0x1000e7a04)
    #6 0x000100efeb48 in nl___nano_module_1_get+0x898 (schema-nanolang-json-compiler-equality-main.native:arm64+0x1000aeb48)
    #7 0x000100eaa400 in nl_gen_c+0x6e68 (schema-nanolang-json-compiler-equality-main.native:arm64+0x10005a400)
    #8 0x000100e56124 in nl_main+0x4e68 (schema-nanolang-json-compiler-equality-main.native:arm64+0x100006124)
    #9 0x000100e508c4 in main+0x1c (schema-nanolang-json-compiler-equality-main.native:arm64+0x1000008c4)
    #10 0x0001828804e0 in start+0x1b4c (dyld:arm64e+0x204e0)

Indirect leak of 12 byte(s) in 1 object(s) allocated from:
    #0 0x000101f9140c in malloc+0x70 (libclang_rt.asan_osx_dynamic.dylib:arm64+0x5540c)
    #1 0x0001018bdda4 in cJSON_strdup+0x4c (libstd_json.dylib:arm64+0x1da4)
    #2 0x0001018c0b8c in cJSON_Duplicate_rec+0x110 (libstd_json.dylib:arm64+0x4b8c)
    #3 0x0001018c0a6c in cJSON_Duplicate+0x20 (libstd_json.dylib:arm64+0x4a6c)
    #4 0x0001018bd124 in nl_json_get+0x78 (libstd_json.dylib:arm64+0x1124)
    #5 0x000100f37a04 in nhost_json_4+0x340 (schema-nanolang-json-compiler-equality-main.native:arm64+0x1000e7a04)
    #6 0x000100efeb48 in nl___nano_module_1_get+0x898 (schema-nanolang-json-compiler-equality-main.native:arm64+0x1000aeb48)
    #7 0x000100ef3ca4 in nl_gen_c+0x5070c (schema-nanolang-json-compiler-equality-main.native:arm64+0x1000a3ca4)
    #8 0x000100e56124 in nl_main+0x4e68 (schema-nanolang-json-compiler-equality-main.native:arm64+0x100006124)
    #9 0x000100e508c4 in main+0x1c (schema-nanolang-json-compiler-equality-main.native:arm64+0x1000008c4)
    #10 0x0001828804e0 in start+0x1b4c (dyld:arm64e+0x204e0)

Indirect leak of 12 byte(s) in 1 object(s) allocated from:
    #0 0x000101f9140c in malloc+0x70 (libclang_rt.asan_osx_dynamic.dylib:arm64+0x5540c)
    #1 0x0001018bdda4 in cJSON_strdup+0x4c (libstd_json.dylib:arm64+0x1da4)
    #2 0x0001018c0b8c in cJSON_Duplicate_rec+0x110 (libstd_json.dylib:arm64+0x4b8c)
    #3 0x0001018c0c18 in cJSON_Duplicate_rec+0x19c (libstd_json.dylib:arm64+0x4c18)
    #4 0x0001018c0c18 in cJSON_Duplicate_rec+0x19c (libstd_json.dylib:arm64+0x4c18)
    #5 0x0001018c0a6c in cJSON_Duplicate+0x20 (libstd_json.dylib:arm64+0x4a6c)
    #6 0x0001018bd520 in nl_json_get_index+0x7c (libstd_json.dylib:arm64+0x1520)
    #7 0x000100f382a4 in nhost_json_6+0x340 (schema-nanolang-json-compiler-equality-main.native:arm64+0x1000e82a4)
    #8 0x000100effd90 in nl___nano_module_1_get_index+0x928 (schema-nanolang-json-compiler-equality-main.native:arm64+0x1000afd90)
    #9 0x000100ee5ce4 in nl_gen_c+0x4274c (schema-nanolang-json-compiler-equality-main.native:arm64+0x100095ce4)
    #10 0x000100e56124 in nl_main+0x4e68 (schema-nanolang-json-compiler-equality-main.native:arm64+0x100006124)
    #11 0x000100e508c4 in main+0x1c (schema-nanolang-json-compiler-equality-main.native:arm64+0x1000008c4)
    #12 0x0001828804e0 in start+0x1b4c (dyld:arm64e+0x204e0)

Indirect leak of 12 byte(s) in 1 object(s) allocated from:
    #0 0x000101f9140c in malloc+0x70 (libclang_rt.asan_osx_dynamic.dylib:arm64+0x5540c)
    #1 0x0001018bdda4 in cJSON_strdup+0x4c (libstd_json.dylib:arm64+0x1da4)
    #2 0x0001018c0b8c in cJSON_Duplicate_rec+0x110 (libstd_json.dylib:arm64+0x4b8c)
    #3 0x0001018c0c18 in cJSON_Duplicate_rec+0x19c (libstd_json.dylib:arm64+0x4c18)
    #4 0x0001018c0c18 in cJSON_Duplicate_rec+0x19c (libstd_json.dylib:arm64+0x4c18)
    #5 0x0001018c0a6c in cJSON_Duplicate+0x20 (libstd_json.dylib:arm64+0x4a6c)
    #6 0x0001018bd520 in nl_json_get_index+0x7c (libstd_json.dylib:arm64+0x1520)
    #7 0x000100f382a4 in nhost_json_6+0x340 (schema-nanolang-json-compiler-equality-main.native:arm64+0x1000e82a4)
    #8 0x000100effd90 in nl___nano_module_1_get_index+0x928 (schema-nanolang-json-compiler-equality-main.native:arm64+0x1000afd90)
    #9 0x000100e96370 in nl_gen_contracts+0xeae8 (schema-nanolang-json-compiler-equality-main.native:arm64+0x100046370)
    #10 0x000100e55c30 in nl_main+0x4974 (schema-nanolang-json-compiler-equality-main.native:arm64+0x100005c30)
    #11 0x000100e508c4 in main+0x1c (schema-nanolang-json-compiler-equality-main.native:arm64+0x1000008c4)
    #12 0x0001828804e0 in start+0x1b4c (dyld:arm64e+0x204e0)

Indirect leak of 12 byte(s) in 1 object(s) allocated from:
    #0 0x000101f9140c in malloc+0x70 (libclang_rt.asan_osx_dynamic.dylib:arm64+0x5540c)
    #1 0x0001018bdda4 in cJSON_strdup+0x4c (libstd_json.dylib:arm64+0x1da4)
    #2 0x0001018c0b8c in cJSON_Duplicate_rec+0x110 (libstd_json.dylib:arm64+0x4b8c)
    #3 0x0001018c0c18 in cJSON_Duplicate_rec+0x19c (libstd_json.dylib:arm64+0x4c18)
    #4 0x0001018c0c18 in cJSON_Duplicate_rec+0x19c (libstd_json.dylib:arm64+0x4c18)
    #5 0x0001018c0c18 in cJSON_Duplicate_rec+0x19c (libstd_json.dylib:arm64+0x4c18)
    #6 0x0001018c0a6c in cJSON_Duplicate+0x20 (libstd_json.dylib:arm64+0x4a6c)
    #7 0x0001018bd124 in nl_json_get+0x78 (libstd_json.dylib:arm64+0x1124)
    #8 0x000100f37a04 in nhost_json_4+0x340 (schema-nanolang-json-compiler-equality-main.native:arm64+0x1000e7a04)
    #9 0x000100efeb48 in nl___nano_module_1_get+0x898 (schema-nanolang-json-compiler-equality-main.native:arm64+0x1000aeb48)
    #10 0x000100ee41f8 in nl_gen_c+0x40c60 (schema-nanolang-json-compiler-equality-main.native:arm64+0x1000941f8)
    #11 0x000100e56124 in nl_main+0x4e68 (schema-nanolang-json-compiler-equality-main.native:arm64+0x100006124)
    #12 0x000100e508c4 in main+0x1c (schema-nanolang-json-compiler-equality-main.native:arm64+0x1000008c4)
    #13 0x0001828804e0 in start+0x1b4c (dyld:arm64e+0x204e0)

Indirect leak of 12 byte(s) in 1 object(s) allocated from:
    #0 0x000101f9140c in malloc+0x70 (libclang_rt.asan_osx_dynamic.dylib:arm64+0x5540c)
    #1 0x0001018bdda4 in cJSON_strdup+0x4c (libstd_json.dylib:arm64+0x1da4)
    #2 0x0001018c0b8c in cJSON_Duplicate_rec+0x110 (libstd_json.dylib:arm64+0x4b8c)
    #3 0x0001018c0c18 in cJSON_Duplicate_rec+0x19c (libstd_json.dylib:arm64+0x4c18)
    #4 0x0001018c0c18 in cJSON_Duplicate_rec+0x19c (libstd_json.dylib:arm64+0x4c18)
    #5 0x0001018c0c18 in cJSON_Duplicate_rec+0x19c (libstd_json.dylib:arm64+0x4c18)
    #6 0x0001018c0a6c in cJSON_Duplicate+0x20 (libstd_json.dylib:arm64+0x4a6c)
    #7 0x0001018bd124 in nl_json_get+0x78 (libstd_json.dylib:arm64+0x1124)
    #8 0x000100f37a04 in nhost_json_4+0x340 (schema-nanolang-json-compiler-equality-main.native:arm64+0x1000e7a04)
    #9 0x000100efeb48 in nl___nano_module_1_get+0x898 (schema-nanolang-json-compiler-equality-main.native:arm64+0x1000aeb48)
    #10 0x000100e94e9c in nl_gen_contracts+0xd614 (schema-nanolang-json-compiler-equality-main.native:arm64+0x100044e9c)
    #11 0x000100e55c30 in nl_main+0x4974 (schema-nanolang-json-compiler-equality-main.native:arm64+0x100005c30)
    #12 0x000100e508c4 in main+0x1c (schema-nanolang-json-compiler-equality-main.native:arm64+0x1000008c4)
    #13 0x0001828804e0 in start+0x1b4c (dyld:arm64e+0x204e0)

Indirect leak of 12 byte(s) in 1 object(s) allocated from:
    #0 0x000101f9140c in malloc+0x70 (libclang_rt.asan_osx_dynamic.dylib:arm64+0x5540c)
    #1 0x0001018bdda4 in cJSON_strdup+0x4c (libstd_json.dylib:arm64+0x1da4)
    #2 0x0001018c0b8c in cJSON_Duplicate_rec+0x110 (libstd_json.dylib:arm64+0x4b8c)
    #3 0x0001018c0a6c in cJSON_Duplicate+0x20 (libstd_json.dylib:arm64+0x4a6c)
    #4 0x0001018bd124 in nl_json_get+0x78 (libstd_json.dylib:arm64+0x1124)
    #5 0x000100f37a04 in nhost_json_4+0x340 (schema-nanolang-json-compiler-equality-main.native:arm64+0x1000e7a04)
    #6 0x000100efeb48 in nl___nano_module_1_get+0x898 (schema-nanolang-json-compiler-equality-main.native:arm64+0x1000aeb48)
    #7 0x000100edca18 in nl_gen_c+0x39480 (schema-nanolang-json-compiler-equality-main.native:arm64+0x10008ca18)
    #8 0x000100e56124 in nl_main+0x4e68 (schema-nanolang-json-compiler-equality-main.native:arm64+0x100006124)
    #9 0x000100e508c4 in main+0x1c (schema-nanolang-json-compiler-equality-main.native:arm64+0x1000008c4)
    #10 0x0001828804e0 in start+0x1b4c (dyld:arm64e+0x204e0)

Indirect leak of 12 byte(s) in 1 object(s) allocated from:
    #0 0x000101f9140c in malloc+0x70 (libclang_rt.asan_osx_dynamic.dylib:arm64+0x5540c)
    #1 0x0001018bdda4 in cJSON_strdup+0x4c (libstd_json.dylib:arm64+0x1da4)
    #2 0x0001018c0b8c in cJSON_Duplicate_rec+0x110 (libstd_json.dylib:arm64+0x4b8c)
    #3 0x0001018c0c18 in cJSON_Duplicate_rec+0x19c (libstd_json.dylib:arm64+0x4c18)
    #4 0x0001018c0c18 in cJSON_Duplicate_rec+0x19c (libstd_json.dylib:arm64+0x4c18)
    #5 0x0001018c0a6c in cJSON_Duplicate+0x20 (libstd_json.dylib:arm64+0x4a6c)
    #6 0x0001018bd520 in nl_json_get_index+0x7c (libstd_json.dylib:arm64+0x1520)
    #7 0x000100f382a4 in nhost_json_6+0x340 (schema-nanolang-json-compiler-equality-main.native:arm64+0x1000e82a4)
    #8 0x000100effd90 in nl___nano_module_1_get_index+0x928 (schema-nanolang-json-compiler-equality-main.native:arm64+0x1000afd90)
    #9 0x000100e7a65c in nl_gen_nano_ast+0xf0ac (schema-nanolang-json-compiler-equality-main.native:arm64+0x10002a65c)
    #10 0x000100e5573c in nl_main+0x4480 (schema-nanolang-json-compiler-equality-main.native:arm64+0x10000573c)
    #11 0x000100e508c4 in main+0x1c (schema-nanolang-json-compiler-equality-main.native:arm64+0x1000008c4)
    #12 0x0001828804e0 in start+0x1b4c (dyld:arm64e+0x204e0)

Indirect leak of 12 byte(s) in 1 object(s) allocated from:
    #0 0x000101f9140c in malloc+0x70 (libclang_rt.asan_osx_dynamic.dylib:arm64+0x5540c)
    #1 0x0001018bdda4 in cJSON_strdup+0x4c (libstd_json.dylib:arm64+0x1da4)
    #2 0x0001018c0b8c in cJSON_Duplicate_rec+0x110 (libstd_json.dylib:arm64+0x4b8c)
    #3 0x0001018c0c18 in cJSON_Duplicate_rec+0x19c (libstd_json.dylib:arm64+0x4c18)
    #4 0x0001018c0c18 in cJSON_Duplicate_rec+0x19c (libstd_json.dylib:arm64+0x4c18)
    #5 0x0001018c0c18 in cJSON_Duplicate_rec+0x19c (libstd_json.dylib:arm64+0x4c18)
    #6 0x0001018c0a6c in cJSON_Duplicate+0x20 (libstd_json.dylib:arm64+0x4a6c)
    #7 0x0001018bd124 in nl_json_get+0x78 (libstd_json.dylib:arm64+0x1124)
    #8 0x000100f37a04 in nhost_json_4+0x340 (schema-nanolang-json-compiler-equality-main.native:arm64+0x1000e7a04)
    #9 0x000100efeb48 in nl___nano_module_1_get+0x898 (schema-nanolang-json-compiler-equality-main.native:arm64+0x1000aeb48)
    #10 0x000100e79188 in nl_gen_nano_ast+0xdbd8 (schema-nanolang-json-compiler-equality-main.native:arm64+0x100029188)
    #11 0x000100e5573c in nl_main+0x4480 (schema-nanolang-json-compiler-equality-main.native:arm64+0x10000573c)
    #12 0x000100e508c4 in main+0x1c (schema-nanolang-json-compiler-equality-main.native:arm64+0x1000008c4)
    #13 0x0001828804e0 in start+0x1b4c (dyld:arm64e+0x204e0)

Indirect leak of 12 byte(s) in 1 object(s) allocated from:
    #0 0x000101f9140c in malloc+0x70 (libclang_rt.asan_osx_dynamic.dylib:arm64+0x5540c)
    #1 0x0001018bdda4 in cJSON_strdup+0x4c (libstd_json.dylib:arm64+0x1da4)
    #2 0x0001018c0b8c in cJSON_Duplicate_rec+0x110 (libstd_json.dylib:arm64+0x4b8c)
    #3 0x0001018c0c18 in cJSON_Duplicate_rec+0x19c (libstd_json.dylib:arm64+0x4c18)
    #4 0x0001018c0c18 in cJSON_Duplicate_rec+0x19c (libstd_json.dylib:arm64+0x4c18)
    #5 0x0001018c0a6c in cJSON_Duplicate+0x20 (libstd_json.dylib:arm64+0x4a6c)
    #6 0x0001018bd520 in nl_json_get_index+0x7c (libstd_json.dylib:arm64+0x1520)
    #7 0x000100f382a4 in nhost_json_6+0x340 (schema-nanolang-json-compiler-equality-main.native:arm64+0x1000e82a4)
    #8 0x000100effd90 in nl___nano_module_1_get_index+0x928 (schema-nanolang-json-compiler-equality-main.native:arm64+0x1000afd90)
    #9 0x000100eac174 in nl_gen_c+0x8bdc (schema-nanolang-json-compiler-equality-main.native:arm64+0x10005c174)
    #10 0x000100e56124 in nl_main+0x4e68 (schema-nanolang-json-compiler-equality-main.native:arm64+0x100006124)
    #11 0x000100e508c4 in main+0x1c (schema-nanolang-json-compiler-equality-main.native:arm64+0x1000008c4)
    #12 0x0001828804e0 in start+0x1b4c (dyld:arm64e+0x204e0)

Indirect leak of 12 byte(s) in 1 object(s) allocated from:
    #0 0x000101f9140c in malloc+0x70 (libclang_rt.asan_osx_dynamic.dylib:arm64+0x5540c)
    #1 0x0001018bdda4 in cJSON_strdup+0x4c (libstd_json.dylib:arm64+0x1da4)
    #2 0x0001018c0b8c in cJSON_Duplicate_rec+0x110 (libstd_json.dylib:arm64+0x4b8c)
    #3 0x0001018c0c18 in cJSON_Duplicate_rec+0x19c (libstd_json.dylib:arm64+0x4c18)
    #4 0x0001018c0c18 in cJSON_Duplicate_rec+0x19c (libstd_json.dylib:arm64+0x4c18)
    #5 0x0001018c0c18 in cJSON_Duplicate_rec+0x19c (libstd_json.dylib:arm64+0x4c18)
    #6 0x0001018c0a6c in cJSON_Duplicate+0x20 (libstd_json.dylib:arm64+0x4a6c)
    #7 0x0001018bd124 in nl_json_get+0x78 (libstd_json.dylib:arm64+0x1124)
    #8 0x000100f37a04 in nhost_json_4+0x340 (schema-nanolang-json-compiler-equality-main.native:arm64+0x1000e7a04)
    #9 0x000100efeb48 in nl___nano_module_1_get+0x898 (schema-nanolang-json-compiler-equality-main.native:arm64+0x1000aeb48)
    #10 0x000100eaa400 in nl_gen_c+0x6e68 (schema-nanolang-json-compiler-equality-main.native:arm64+0x10005a400)
    #11 0x000100e56124 in nl_main+0x4e68 (schema-nanolang-json-compiler-equality-main.native:arm64+0x100006124)
    #12 0x000100e508c4 in main+0x1c (schema-nanolang-json-compiler-equality-main.native:arm64+0x1000008c4)
    #13 0x0001828804e0 in start+0x1b4c (dyld:arm64e+0x204e0)

Indirect leak of 12 byte(s) in 1 object(s) allocated from:
    #0 0x000101f9140c in malloc+0x70 (libclang_rt.asan_osx_dynamic.dylib:arm64+0x5540c)
    #1 0x0001018bdda4 in cJSON_strdup+0x4c (libstd_json.dylib:arm64+0x1da4)
    #2 0x0001018c0b8c in cJSON_Duplicate_rec+0x110 (libstd_json.dylib:arm64+0x4b8c)
    #3 0x0001018c0a6c in cJSON_Duplicate+0x20 (libstd_json.dylib:arm64+0x4a6c)
    #4 0x0001018bd124 in nl_json_get+0x78 (libstd_json.dylib:arm64+0x1124)
    #5 0x000100f37a04 in nhost_json_4+0x340 (schema-nanolang-json-compiler-equality-main.native:arm64+0x1000e7a04)
    #6 0x000100efeb48 in nl___nano_module_1_get+0x898 (schema-nanolang-json-compiler-equality-main.native:arm64+0x1000aeb48)
    #7 0x000100e663a0 in nl_gen_nano_schema+0x8424 (schema-nanolang-json-compiler-equality-main.native:arm64+0x1000163a0)
    #8 0x000100e55248 in nl_main+0x3f8c (schema-nanolang-json-compiler-equality-main.native:arm64+0x100005248)
    #9 0x000100e508c4 in main+0x1c (schema-nanolang-json-compiler-equality-main.native:arm64+0x1000008c4)
    #10 0x0001828804e0 in start+0x1b4c (dyld:arm64e+0x204e0)

Indirect leak of 11 byte(s) in 1 object(s) allocated from:
    #0 0x000101f9140c in malloc+0x70 (libclang_rt.asan_osx_dynamic.dylib:arm64+0x5540c)
    #1 0x0001018bdda4 in cJSON_strdup+0x4c (libstd_json.dylib:arm64+0x1da4)
    #2 0x0001018c0b8c in cJSON_Duplicate_rec+0x110 (libstd_json.dylib:arm64+0x4b8c)
    #3 0x0001018c0a6c in cJSON_Duplicate+0x20 (libstd_json.dylib:arm64+0x4a6c)
    #4 0x0001018bd124 in nl_json_get+0x78 (libstd_json.dylib:arm64+0x1124)
    #5 0x000100f37a04 in nhost_json_4+0x340 (schema-nanolang-json-compiler-equality-main.native:arm64+0x1000e7a04)
    #6 0x000100efeb48 in nl___nano_module_1_get+0x898 (schema-nanolang-json-compiler-equality-main.native:arm64+0x1000aeb48)
    #7 0x000100e6de48 in nl_gen_nano_ast+0x2898 (schema-nanolang-json-compiler-equality-main.native:arm64+0x10001de48)
    #8 0x000100e5573c in nl_main+0x4480 (schema-nanolang-json-compiler-equality-main.native:arm64+0x10000573c)
    #9 0x000100e508c4 in main+0x1c (schema-nanolang-json-compiler-equality-main.native:arm64+0x1000008c4)
    #10 0x0001828804e0 in start+0x1b4c (dyld:arm64e+0x204e0)

Indirect leak of 11 byte(s) in 1 object(s) allocated from:
    #0 0x000101f9140c in malloc+0x70 (libclang_rt.asan_osx_dynamic.dylib:arm64+0x5540c)
    #1 0x0001018bdda4 in cJSON_strdup+0x4c (libstd_json.dylib:arm64+0x1da4)
    #2 0x0001018c0b8c in cJSON_Duplicate_rec+0x110 (libstd_json.dylib:arm64+0x4b8c)
    #3 0x0001018c0a6c in cJSON_Duplicate+0x20 (libstd_json.dylib:arm64+0x4a6c)
    #4 0x0001018bd124 in nl_json_get+0x78 (libstd_json.dylib:arm64+0x1124)
    #5 0x000100f37a04 in nhost_json_4+0x340 (schema-nanolang-json-compiler-equality-main.native:arm64+0x1000e7a04)
    #6 0x000100efeb48 in nl___nano_module_1_get+0x898 (schema-nanolang-json-compiler-equality-main.native:arm64+0x1000aeb48)
    #7 0x000100ec1a60 in nl_gen_c+0x1e4c8 (schema-nanolang-json-compiler-equality-main.native:arm64+0x100071a60)
    #8 0x000100e56124 in nl_main+0x4e68 (schema-nanolang-json-compiler-equality-main.native:arm64+0x100006124)
    #9 0x000100e508c4 in main+0x1c (schema-nanolang-json-compiler-equality-main.native:arm64+0x1000008c4)
    #10 0x0001828804e0 in start+0x1b4c (dyld:arm64e+0x204e0)

Indirect leak of 11 byte(s) in 1 object(s) allocated from:
    #0 0x000101f9140c in malloc+0x70 (libclang_rt.asan_osx_dynamic.dylib:arm64+0x5540c)
    #1 0x0001018bdda4 in cJSON_strdup+0x4c (libstd_json.dylib:arm64+0x1da4)
    #2 0x0001018c0b8c in cJSON_Duplicate_rec+0x110 (libstd_json.dylib:arm64+0x4b8c)
    #3 0x0001018c0a6c in cJSON_Duplicate+0x20 (libstd_json.dylib:arm64+0x4a6c)
    #4 0x0001018bd124 in nl_json_get+0x78 (libstd_json.dylib:arm64+0x1124)
    #5 0x000100f37a04 in nhost_json_4+0x340 (schema-nanolang-json-compiler-equality-main.native:arm64+0x1000e7a04)
    #6 0x000100efeb48 in nl___nano_module_1_get+0x898 (schema-nanolang-json-compiler-equality-main.native:arm64+0x1000aeb48)
    #7 0x000100e89b60 in nl_gen_contracts+0x22d8 (schema-nanolang-json-compiler-equality-main.native:arm64+0x100039b60)
    #8 0x000100e55c30 in nl_main+0x4974 (schema-nanolang-json-compiler-equality-main.native:arm64+0x100005c30)
    #9 0x000100e508c4 in main+0x1c (schema-nanolang-json-compiler-equality-main.native:arm64+0x1000008c4)
    #10 0x0001828804e0 in start+0x1b4c (dyld:arm64e+0x204e0)

Indirect leak of 10 byte(s) in 2 object(s) allocated from:
    #0 0x000101f9140c in malloc+0x70 (libclang_rt.asan_osx_dynamic.dylib:arm64+0x5540c)
    #1 0x0001018bdda4 in cJSON_strdup+0x4c (libstd_json.dylib:arm64+0x1da4)
    #2 0x0001018c0b8c in cJSON_Duplicate_rec+0x110 (libstd_json.dylib:arm64+0x4b8c)
    #3 0x0001018c0a6c in cJSON_Duplicate+0x20 (libstd_json.dylib:arm64+0x4a6c)
    #4 0x0001018bd124 in nl_json_get+0x78 (libstd_json.dylib:arm64+0x1124)
    #5 0x000100f37a04 in nhost_json_4+0x340 (schema-nanolang-json-compiler-equality-main.native:arm64+0x1000e7a04)
    #6 0x000100efeb48 in nl___nano_module_1_get+0x898 (schema-nanolang-json-compiler-equality-main.native:arm64+0x1000aeb48)
    #7 0x000100ec6cd4 in nl_gen_c+0x2373c (schema-nanolang-json-compiler-equality-main.native:arm64+0x100076cd4)
    #8 0x000100e56124 in nl_main+0x4e68 (schema-nanolang-json-compiler-equality-main.native:arm64+0x100006124)
    #9 0x000100e508c4 in main+0x1c (schema-nanolang-json-compiler-equality-main.native:arm64+0x1000008c4)
    #10 0x0001828804e0 in start+0x1b4c (dyld:arm64e+0x204e0)

Indirect leak of 8 byte(s) in 1 object(s) allocated from:
    #0 0x000101f9140c in malloc+0x70 (libclang_rt.asan_osx_dynamic.dylib:arm64+0x5540c)
    #1 0x0001018bdda4 in cJSON_strdup+0x4c (libstd_json.dylib:arm64+0x1da4)
    #2 0x0001018c0b28 in cJSON_Duplicate_rec+0xac (libstd_json.dylib:arm64+0x4b28)
    #3 0x0001018c0a6c in cJSON_Duplicate+0x20 (libstd_json.dylib:arm64+0x4a6c)
    #4 0x0001018bd124 in nl_json_get+0x78 (libstd_json.dylib:arm64+0x1124)
    #5 0x000100f37a04 in nhost_json_4+0x340 (schema-nanolang-json-compiler-equality-main.native:arm64+0x1000e7a04)
    #6 0x000100efeb48 in nl___nano_module_1_get+0x898 (schema-nanolang-json-compiler-equality-main.native:arm64+0x1000aeb48)
    #7 0x000100ef3ca4 in nl_gen_c+0x5070c (schema-nanolang-json-compiler-equality-main.native:arm64+0x1000a3ca4)
    #8 0x000100e56124 in nl_main+0x4e68 (schema-nanolang-json-compiler-equality-main.native:arm64+0x100006124)
    #9 0x000100e508c4 in main+0x1c (schema-nanolang-json-compiler-equality-main.native:arm64+0x1000008c4)
    #10 0x0001828804e0 in start+0x1b4c (dyld:arm64e+0x204e0)

Indirect leak of 8 byte(s) in 1 object(s) allocated from:
    #0 0x000101f9140c in malloc+0x70 (libclang_rt.asan_osx_dynamic.dylib:arm64+0x5540c)
    #1 0x0001018bdda4 in cJSON_strdup+0x4c (libstd_json.dylib:arm64+0x1da4)
    #2 0x0001018c0b28 in cJSON_Duplicate_rec+0xac (libstd_json.dylib:arm64+0x4b28)
    #3 0x0001018c0c18 in cJSON_Duplicate_rec+0x19c (libstd_json.dylib:arm64+0x4c18)
    #4 0x0001018c0c18 in cJSON_Duplicate_rec+0x19c (libstd_json.dylib:arm64+0x4c18)
    #5 0x0001018c0a6c in cJSON_Duplicate+0x20 (libstd_json.dylib:arm64+0x4a6c)
    #6 0x0001018bd520 in nl_json_get_index+0x7c (libstd_json.dylib:arm64+0x1520)
    #7 0x000100f382a4 in nhost_json_6+0x340 (schema-nanolang-json-compiler-equality-main.native:arm64+0x1000e82a4)
    #8 0x000100effd90 in nl___nano_module_1_get_index+0x928 (schema-nanolang-json-compiler-equality-main.native:arm64+0x1000afd90)
    #9 0x000100e96370 in nl_gen_contracts+0xeae8 (schema-nanolang-json-compiler-equality-main.native:arm64+0x100046370)
    #10 0x000100e55c30 in nl_main+0x4974 (schema-nanolang-json-compiler-equality-main.native:arm64+0x100005c30)
    #11 0x000100e508c4 in main+0x1c (schema-nanolang-json-compiler-equality-main.native:arm64+0x1000008c4)
    #12 0x0001828804e0 in start+0x1b4c (dyld:arm64e+0x204e0)

Indirect leak of 8 byte(s) in 1 object(s) allocated from:
    #0 0x000101f9140c in malloc+0x70 (libclang_rt.asan_osx_dynamic.dylib:arm64+0x5540c)
    #1 0x0001018bdda4 in cJSON_strdup+0x4c (libstd_json.dylib:arm64+0x1da4)
    #2 0x0001018c0b28 in cJSON_Duplicate_rec+0xac (libstd_json.dylib:arm64+0x4b28)
    #3 0x0001018c0c18 in cJSON_Duplicate_rec+0x19c (libstd_json.dylib:arm64+0x4c18)
    #4 0x0001018c0c18 in cJSON_Duplicate_rec+0x19c (libstd_json.dylib:arm64+0x4c18)
    #5 0x0001018c0a6c in cJSON_Duplicate+0x20 (libstd_json.dylib:arm64+0x4a6c)
    #6 0x0001018bd520 in nl_json_get_index+0x7c (libstd_json.dylib:arm64+0x1520)
    #7 0x000100f382a4 in nhost_json_6+0x340 (schema-nanolang-json-compiler-equality-main.native:arm64+0x1000e82a4)
    #8 0x000100effd90 in nl___nano_module_1_get_index+0x928 (schema-nanolang-json-compiler-equality-main.native:arm64+0x1000afd90)
    #9 0x000100ee5ce4 in nl_gen_c+0x4274c (schema-nanolang-json-compiler-equality-main.native:arm64+0x100095ce4)
    #10 0x000100e56124 in nl_main+0x4e68 (schema-nanolang-json-compiler-equality-main.native:arm64+0x100006124)
    #11 0x000100e508c4 in main+0x1c (schema-nanolang-json-compiler-equality-main.native:arm64+0x1000008c4)
    #12 0x0001828804e0 in start+0x1b4c (dyld:arm64e+0x204e0)

Indirect leak of 8 byte(s) in 1 object(s) allocated from:
    #0 0x000101f9140c in malloc+0x70 (libclang_rt.asan_osx_dynamic.dylib:arm64+0x5540c)
    #1 0x0001018bdda4 in cJSON_strdup+0x4c (libstd_json.dylib:arm64+0x1da4)
    #2 0x0001018c0b28 in cJSON_Duplicate_rec+0xac (libstd_json.dylib:arm64+0x4b28)
    #3 0x0001018c0c18 in cJSON_Duplicate_rec+0x19c (libstd_json.dylib:arm64+0x4c18)
    #4 0x0001018c0c18 in cJSON_Duplicate_rec+0x19c (libstd_json.dylib:arm64+0x4c18)
    #5 0x0001018c0c18 in cJSON_Duplicate_rec+0x19c (libstd_json.dylib:arm64+0x4c18)
    #6 0x0001018c0a6c in cJSON_Duplicate+0x20 (libstd_json.dylib:arm64+0x4a6c)
    #7 0x0001018bd124 in nl_json_get+0x78 (libstd_json.dylib:arm64+0x1124)
    #8 0x000100f37a04 in nhost_json_4+0x340 (schema-nanolang-json-compiler-equality-main.native:arm64+0x1000e7a04)
    #9 0x000100efeb48 in nl___nano_module_1_get+0x898 (schema-nanolang-json-compiler-equality-main.native:arm64+0x1000aeb48)
    #10 0x000100ee41f8 in nl_gen_c+0x40c60 (schema-nanolang-json-compiler-equality-main.native:arm64+0x1000941f8)
    #11 0x000100e56124 in nl_main+0x4e68 (schema-nanolang-json-compiler-equality-main.native:arm64+0x100006124)
    #12 0x000100e508c4 in main+0x1c (schema-nanolang-json-compiler-equality-main.native:arm64+0x1000008c4)
    #13 0x0001828804e0 in start+0x1b4c (dyld:arm64e+0x204e0)

Indirect leak of 8 byte(s) in 1 object(s) allocated from:
    #0 0x000101f9140c in malloc+0x70 (libclang_rt.asan_osx_dynamic.dylib:arm64+0x5540c)
    #1 0x0001018bdda4 in cJSON_strdup+0x4c (libstd_json.dylib:arm64+0x1da4)
    #2 0x0001018c0b28 in cJSON_Duplicate_rec+0xac (libstd_json.dylib:arm64+0x4b28)
    #3 0x0001018c0c18 in cJSON_Duplicate_rec+0x19c (libstd_json.dylib:arm64+0x4c18)
    #4 0x0001018c0c18 in cJSON_Duplicate_rec+0x19c (libstd_json.dylib:arm64+0x4c18)
    #5 0x0001018c0c18 in cJSON_Duplicate_rec+0x19c (libstd_json.dylib:arm64+0x4c18)
    #6 0x0001018c0a6c in cJSON_Duplicate+0x20 (libstd_json.dylib:arm64+0x4a6c)
    #7 0x0001018bd124 in nl_json_get+0x78 (libstd_json.dylib:arm64+0x1124)
    #8 0x000100f37a04 in nhost_json_4+0x340 (schema-nanolang-json-compiler-equality-main.native:arm64+0x1000e7a04)
    #9 0x000100efeb48 in nl___nano_module_1_get+0x898 (schema-nanolang-json-compiler-equality-main.native:arm64+0x1000aeb48)
    #10 0x000100e94e9c in nl_gen_contracts+0xd614 (schema-nanolang-json-compiler-equality-main.native:arm64+0x100044e9c)
    #11 0x000100e55c30 in nl_main+0x4974 (schema-nanolang-json-compiler-equality-main.native:arm64+0x100005c30)
    #12 0x000100e508c4 in main+0x1c (schema-nanolang-json-compiler-equality-main.native:arm64+0x1000008c4)
    #13 0x0001828804e0 in start+0x1b4c (dyld:arm64e+0x204e0)

Indirect leak of 8 byte(s) in 1 object(s) allocated from:
    #0 0x000101f9140c in malloc+0x70 (libclang_rt.asan_osx_dynamic.dylib:arm64+0x5540c)
    #1 0x0001018bdda4 in cJSON_strdup+0x4c (libstd_json.dylib:arm64+0x1da4)
    #2 0x0001018c0b28 in cJSON_Duplicate_rec+0xac (libstd_json.dylib:arm64+0x4b28)
    #3 0x0001018c0c18 in cJSON_Duplicate_rec+0x19c (libstd_json.dylib:arm64+0x4c18)
    #4 0x0001018c0c18 in cJSON_Duplicate_rec+0x19c (libstd_json.dylib:arm64+0x4c18)
    #5 0x0001018c0a6c in cJSON_Duplicate+0x20 (libstd_json.dylib:arm64+0x4a6c)
    #6 0x0001018bd520 in nl_json_get_index+0x7c (libstd_json.dylib:arm64+0x1520)
    #7 0x000100f382a4 in nhost_json_6+0x340 (schema-nanolang-json-compiler-equality-main.native:arm64+0x1000e82a4)
    #8 0x000100effd90 in nl___nano_module_1_get_index+0x928 (schema-nanolang-json-compiler-equality-main.native:arm64+0x1000afd90)
    #9 0x000100e7a65c in nl_gen_nano_ast+0xf0ac (schema-nanolang-json-compiler-equality-main.native:arm64+0x10002a65c)
    #10 0x000100e5573c in nl_main+0x4480 (schema-nanolang-json-compiler-equality-main.native:arm64+0x10000573c)
    #11 0x000100e508c4 in main+0x1c (schema-nanolang-json-compiler-equality-main.native:arm64+0x1000008c4)
    #12 0x0001828804e0 in start+0x1b4c (dyld:arm64e+0x204e0)

Indirect leak of 8 byte(s) in 1 object(s) allocated from:
    #0 0x000101f9140c in malloc+0x70 (libclang_rt.asan_osx_dynamic.dylib:arm64+0x5540c)
    #1 0x0001018bdda4 in cJSON_strdup+0x4c (libstd_json.dylib:arm64+0x1da4)
    #2 0x0001018c0b28 in cJSON_Duplicate_rec+0xac (libstd_json.dylib:arm64+0x4b28)
    #3 0x0001018c0c18 in cJSON_Duplicate_rec+0x19c (libstd_json.dylib:arm64+0x4c18)
    #4 0x0001018c0c18 in cJSON_Duplicate_rec+0x19c (libstd_json.dylib:arm64+0x4c18)
    #5 0x0001018c0a6c in cJSON_Duplicate+0x20 (libstd_json.dylib:arm64+0x4a6c)
    #6 0x0001018bd520 in nl_json_get_index+0x7c (libstd_json.dylib:arm64+0x1520)
    #7 0x000100f382a4 in nhost_json_6+0x340 (schema-nanolang-json-compiler-equality-main.native:arm64+0x1000e82a4)
    #8 0x000100effd90 in nl___nano_module_1_get_index+0x928 (schema-nanolang-json-compiler-equality-main.native:arm64+0x1000afd90)
    #9 0x000100eac174 in nl_gen_c+0x8bdc (schema-nanolang-json-compiler-equality-main.native:arm64+0x10005c174)
    #10 0x000100e56124 in nl_main+0x4e68 (schema-nanolang-json-compiler-equality-main.native:arm64+0x100006124)
    #11 0x000100e508c4 in main+0x1c (schema-nanolang-json-compiler-equality-main.native:arm64+0x1000008c4)
    #12 0x0001828804e0 in start+0x1b4c (dyld:arm64e+0x204e0)

Indirect leak of 8 byte(s) in 1 object(s) allocated from:
    #0 0x000101f9140c in malloc+0x70 (libclang_rt.asan_osx_dynamic.dylib:arm64+0x5540c)
    #1 0x0001018bdda4 in cJSON_strdup+0x4c (libstd_json.dylib:arm64+0x1da4)
    #2 0x0001018c0b28 in cJSON_Duplicate_rec+0xac (libstd_json.dylib:arm64+0x4b28)
    #3 0x0001018c0c18 in cJSON_Duplicate_rec+0x19c (libstd_json.dylib:arm64+0x4c18)
    #4 0x0001018c0c18 in cJSON_Duplicate_rec+0x19c (libstd_json.dylib:arm64+0x4c18)
    #5 0x0001018c0c18 in cJSON_Duplicate_rec+0x19c (libstd_json.dylib:arm64+0x4c18)
    #6 0x0001018c0a6c in cJSON_Duplicate+0x20 (libstd_json.dylib:arm64+0x4a6c)
    #7 0x0001018bd124 in nl_json_get+0x78 (libstd_json.dylib:arm64+0x1124)
    #8 0x000100f37a04 in nhost_json_4+0x340 (schema-nanolang-json-compiler-equality-main.native:arm64+0x1000e7a04)
    #9 0x000100efeb48 in nl___nano_module_1_get+0x898 (schema-nanolang-json-compiler-equality-main.native:arm64+0x1000aeb48)
    #10 0x000100eaa400 in nl_gen_c+0x6e68 (schema-nanolang-json-compiler-equality-main.native:arm64+0x10005a400)
    #11 0x000100e56124 in nl_main+0x4e68 (schema-nanolang-json-compiler-equality-main.native:arm64+0x100006124)
    #12 0x000100e508c4 in main+0x1c (schema-nanolang-json-compiler-equality-main.native:arm64+0x1000008c4)
    #13 0x0001828804e0 in start+0x1b4c (dyld:arm64e+0x204e0)

Indirect leak of 8 byte(s) in 1 object(s) allocated from:
    #0 0x000101f9140c in malloc+0x70 (libclang_rt.asan_osx_dynamic.dylib:arm64+0x5540c)
    #1 0x0001018bdda4 in cJSON_strdup+0x4c (libstd_json.dylib:arm64+0x1da4)
    #2 0x0001018c0b28 in cJSON_Duplicate_rec+0xac (libstd_json.dylib:arm64+0x4b28)
    #3 0x0001018c0c18 in cJSON_Duplicate_rec+0x19c (libstd_json.dylib:arm64+0x4c18)
    #4 0x0001018c0c18 in cJSON_Duplicate_rec+0x19c (libstd_json.dylib:arm64+0x4c18)
    #5 0x0001018c0c18 in cJSON_Duplicate_rec+0x19c (libstd_json.dylib:arm64+0x4c18)
    #6 0x0001018c0a6c in cJSON_Duplicate+0x20 (libstd_json.dylib:arm64+0x4a6c)
    #7 0x0001018bd124 in nl_json_get+0x78 (libstd_json.dylib:arm64+0x1124)
    #8 0x000100f37a04 in nhost_json_4+0x340 (schema-nanolang-json-compiler-equality-main.native:arm64+0x1000e7a04)
    #9 0x000100efeb48 in nl___nano_module_1_get+0x898 (schema-nanolang-json-compiler-equality-main.native:arm64+0x1000aeb48)
    #10 0x000100e79188 in nl_gen_nano_ast+0xdbd8 (schema-nanolang-json-compiler-equality-main.native:arm64+0x100029188)
    #11 0x000100e5573c in nl_main+0x4480 (schema-nanolang-json-compiler-equality-main.native:arm64+0x10000573c)
    #12 0x000100e508c4 in main+0x1c (schema-nanolang-json-compiler-equality-main.native:arm64+0x1000008c4)
    #13 0x0001828804e0 in start+0x1b4c (dyld:arm64e+0x204e0)

Indirect leak of 7 byte(s) in 1 object(s) allocated from:
    #0 0x000101f9140c in malloc+0x70 (libclang_rt.asan_osx_dynamic.dylib:arm64+0x5540c)
    #1 0x0001018bdda4 in cJSON_strdup+0x4c (libstd_json.dylib:arm64+0x1da4)
    #2 0x0001018c0b8c in cJSON_Duplicate_rec+0x110 (libstd_json.dylib:arm64+0x4b8c)
    #3 0x0001018c0a6c in cJSON_Duplicate+0x20 (libstd_json.dylib:arm64+0x4a6c)
    #4 0x0001018bd124 in nl_json_get+0x78 (libstd_json.dylib:arm64+0x1124)
    #5 0x000100f37a04 in nhost_json_4+0x340 (schema-nanolang-json-compiler-equality-main.native:arm64+0x1000e7a04)
    #6 0x000100efeb48 in nl___nano_module_1_get+0x898 (schema-nanolang-json-compiler-equality-main.native:arm64+0x1000aeb48)
    #7 0x000100ed37c4 in nl_gen_c+0x3022c (schema-nanolang-json-compiler-equality-main.native:arm64+0x1000837c4)
    #8 0x000100e56124 in nl_main+0x4e68 (schema-nanolang-json-compiler-equality-main.native:arm64+0x100006124)
    #9 0x000100e508c4 in main+0x1c (schema-nanolang-json-compiler-equality-main.native:arm64+0x1000008c4)
    #10 0x0001828804e0 in start+0x1b4c (dyld:arm64e+0x204e0)

Indirect leak of 7 byte(s) in 1 object(s) allocated from:
    #0 0x000101f9140c in malloc+0x70 (libclang_rt.asan_osx_dynamic.dylib:arm64+0x5540c)
    #1 0x0001018bdda4 in cJSON_strdup+0x4c (libstd_json.dylib:arm64+0x1da4)
    #2 0x0001018c0b8c in cJSON_Duplicate_rec+0x110 (libstd_json.dylib:arm64+0x4b8c)
    #3 0x0001018c0a6c in cJSON_Duplicate+0x20 (libstd_json.dylib:arm64+0x4a6c)
    #4 0x0001018bd124 in nl_json_get+0x78 (libstd_json.dylib:arm64+0x1124)
    #5 0x000100f37a04 in nhost_json_4+0x340 (schema-nanolang-json-compiler-equality-main.native:arm64+0x1000e7a04)
    #6 0x000100efeb48 in nl___nano_module_1_get+0x898 (schema-nanolang-json-compiler-equality-main.native:arm64+0x1000aeb48)
    #7 0x000100e5f6d0 in nl_gen_nano_schema+0x1754 (schema-nanolang-json-compiler-equality-main.native:arm64+0x10000f6d0)
    #8 0x000100e55248 in nl_main+0x3f8c (schema-nanolang-json-compiler-equality-main.native:arm64+0x100005248)
    #9 0x000100e508c4 in main+0x1c (schema-nanolang-json-compiler-equality-main.native:arm64+0x1000008c4)
    #10 0x0001828804e0 in start+0x1b4c (dyld:arm64e+0x204e0)

SUMMARY: AddressSanitizer: 1356799 byte(s) leaked in 33687 allocation(s).


----------------------------------------------------------------------
Ran 5 tests in 6.717s

FAILED (failures=2)
