/usr/bin/gcc -Wall -Wextra -Werror -std=c99 -g -O3 -ftree-vectorize -fPIC -Isrc -D_GNU_SOURCE  -MMD -MP -c src/nanovm/vmd_protocol.c -o obj/nanovm/vmd_protocol.o
/usr/bin/gcc -Wall -Wextra -Werror -std=c99 -g -O3 -ftree-vectorize -fPIC -Isrc -D_GNU_SOURCE  -MMD -MP -c src/nanovm/vmd_client.c -o obj/nanovm/vmd_client.o
/usr/bin/gcc -Wall -Wextra -Werror -std=c99 -g -O3 -ftree-vectorize -fPIC -Isrc -D_GNU_SOURCE  -MMD -MP -c src/nanovm/main.c -o obj/nanovm/main.o
/usr/bin/gcc -Wall -Wextra -Werror -std=c99 -g -O3 -ftree-vectorize -fPIC -Isrc -D_GNU_SOURCE  -MMD -MP -Isrc/nanoisa -c src/nanoisa/file_cli.c -o obj/nanoisa/file_cli.o
/usr/bin/gcc  -Wall -Wextra -Werror -std=c99 -g -O3 -ftree-vectorize -fPIC -Isrc -D_GNU_SOURCE  -MMD -MP -Isrc/nanoisa -std=c11 -c src/nanoisa/file_host_grant.c -o obj/nanoisa/file_host_grant.o
/usr/bin/gcc  -Wall -Wextra -Werror -std=c99 -g -O3 -ftree-vectorize -fPIC -Isrc -D_GNU_SOURCE  -MMD -MP -DNVM_FILE_PUBLIC_ENGINE -c src/nanoisa/file_runtime.c -o obj/nanoisa/file_runtime_public.o
/usr/bin/gcc -Wall -Wextra -Werror -std=c99 -g -O3 -ftree-vectorize -fPIC -Isrc -D_GNU_SOURCE  -MMD -MP -Isrc/nanoisa -c src/nanoisa/file_public_native.c -o obj/nanoisa/file_public_native.o
/usr/bin/gcc -Wall -Wextra -Werror -std=c99 -g -O3 -ftree-vectorize -fPIC -Isrc -D_GNU_SOURCE  -MMD -MP -c src/nanovm/file_public_vm.c -o obj/nanovm/file_public_vm.o
/usr/bin/gcc -Wall -Wextra -Werror -std=c99 -g -O3 -ftree-vectorize -fPIC -Isrc -D_GNU_SOURCE  -MMD -MP -Isrc/nanoisa -c src/nanoisa/file_cyclic_public_native.c -o obj/nanoisa/file_cyclic_public_native.o
/usr/bin/gcc -Wall -Wextra -Werror -std=c99 -g -O3 -ftree-vectorize -fPIC -Isrc -D_GNU_SOURCE  -MMD -MP -c src/nanovm/file_cyclic_public_vm.c -o obj/nanovm/file_cyclic_public_vm.o
/usr/bin/gcc -Wall -Wextra -Werror -std=c99 -g -O3 -ftree-vectorize -fPIC -Isrc -D_GNU_SOURCE  -MMD -MP -Isrc/nanoisa -c src/nanoisa/file_cyclic_public_abi.c -o obj/nanoisa/file_cyclic_public_abi.o
/usr/bin/gcc -Wall -Wextra -Werror -std=c99 -g -O3 -ftree-vectorize -fPIC -Isrc -D_GNU_SOURCE  -MMD -MP -c src/nsi_cap.c -o obj/nsi_cap.o
/usr/bin/gcc -Wall -Wextra -Werror -std=c99 -g -O3 -ftree-vectorize -fPIC -Isrc -D_GNU_SOURCE  -MMD -MP -c src/nsi_file.c -o obj/nsi_file.o
/usr/bin/gcc -Wall -Wextra -Werror -std=c99 -g -O3 -ftree-vectorize -fPIC -Isrc -D_GNU_SOURCE  -MMD -MP -c src/nsi_file_values.c -o obj/nsi_file_values.o
python3 scripts/embed_binary64_parser.py --check
/usr/bin/gcc -Wall -Wextra -Werror -std=c99 -g -O3 -ftree-vectorize -fPIC -Isrc -D_GNU_SOURCE  -MMD -MP -Isrc/nanoisa -Imodules/nanoisa -c src/nanoisa/nvm2c_main.c -o obj/nanoisa/nvm2c_main.o
✓ Bootstrap Stage 0: C reference compiler ready
/usr/bin/gcc -r -nostdlib -o bin/nano_aot_runtime.o obj/runtime/dyn_array.o obj/runtime/gc.o obj/runtime/gc_struct.o
/usr/bin/gcc -Wall -Wextra -Werror -std=c99 -g -O3 -ftree-vectorize -fPIC -Isrc -D_GNU_SOURCE  -o bin/nano_vm obj/nanovm/value.o obj/nanovm/heap.o obj/nanovm/heap_cycles.o obj/nanovm/vm.o obj/nanovm/vm_callback.o obj/nanovm/vm_ffi.o obj/nanovm/vm_builtins.o obj/nanovm/cop_protocol.o obj/nanovm/vm_ffi_arrays.o obj/nanovm/binding_state.o obj/runtime/callback_runtime.o obj/nanoisa/capture_bindings.o obj/nanoisa/file_flow.o obj/nanoisa/service_file_nominal.o obj/nanoisa/service_file_nominal_plan.o obj/nanoisa/service_bindings.o obj/nanoisa/service_bindings_module.o obj/nanoisa/mixed_float_proof.o obj/nanoisa/managed_array_shapes.o obj/nanoisa/local_bindings.o obj/nanoisa/affine_bytecode.o obj/nanoisa/affine_state.o obj/nanoisa/ownership_contracts.o obj/nanoisa/retained_layouts.o obj/nanoisa/reference_places.o obj/nanoisa/passive.o obj/nanoisa/isa.o obj/nanoisa/verifier_types.o obj/nanoisa/nvm_format.o obj/nanoisa/nvm_format_v2.o obj/nanoisa/nvm_v2_cursor.o obj/nanoisa/nvm_v2_constants.o obj/nanoisa/nvm_v2_signatures.o obj/nanoisa/nvm_v2_layouts.o obj/nanoisa/nvm_v2_functions.o obj/nanoisa/nvm_v2_imports.o obj/nanoisa/nvm_v2_module.o obj/nanoisa/nvm_v2_convert.o obj/nanoisa/assembler.o obj/nanoisa/disassembler.o obj/nanoisa/verifier.o obj/nanoisa/nvm2c.o obj/nanoisa/nvm2c_shape.o obj/nanoisa/frontend.o obj/nanoisa/nanoisa_facade.o obj/nanovm/vm_decode.o obj/nanovm/vm_dispatch.o obj/nsi_file_plan.o obj/lexer.o obj/parser.o obj/typechecker.o obj/transpiler.o obj/stdlib_runtime.o obj/env.o obj/builtins_registry.o obj/module.o obj/module_metadata.o obj/cJSON.o obj/toon_output.o obj/module_builder.o obj/resource_tracking.o obj/eval.o obj/eval/eval_hashmap.o obj/eval/eval_math.o obj/eval/eval_string.o obj/eval/eval_io.o obj/interpreter_ffi.o obj/json_diagnostics.o obj/reflection.o obj/nanocore_subset.o obj/nanocore_export.o obj/emit_typed_ast.o obj/type_infer.o obj/effects.o obj/fold_constants.o obj/dce_pass.o obj/par_let_pass.o obj/ptx_backend.o obj/opencl_backend.o obj/tco_pass.o obj/cps_pass.o obj/coroutine.o obj/pgo_pass.o obj/c_backend.o obj/bench.o obj/bench_native.o obj/riscv_backend.o obj/dwarf_info.o obj/docgen_md.o obj/docgen.o obj/fmt.o obj/channel.o obj/bcp47.o obj/locale.o obj/utf8.o obj/diag_id.o obj/catalog.o obj/resource_flow.o obj/nominal_types.o obj/runtime/list_int.o obj/runtime/list_string.o obj/runtime/list_LexerToken.o obj/runtime/list_token.o obj/runtime/list_CompilerDiagnostic.o obj/runtime/list_CompilerSourceLocation.o obj/runtime/list_ASTNumber.o obj/runtime/list_ASTFloat.o obj/runtime/list_ASTString.o obj/runtime/list_ASTBool.o obj/runtime/list_ASTIdentifier.o obj/runtime/list_ASTBinaryOp.o obj/runtime/list_ASTCall.o obj/runtime/list_ASTModuleQualifiedCall.o obj/runtime/list_ASTArrayLiteral.o obj/runtime/list_ASTLet.o obj/runtime/list_ASTSet.o obj/runtime/list_ASTStmtRef.o obj/runtime/list_ASTIf.o obj/runtime/list_ASTWhile.o obj/runtime/list_ASTFor.o obj/runtime/list_ASTReturn.o obj/runtime/list_ASTBlock.o obj/runtime/list_ASTUnsafeBlock.o obj/runtime/list_ASTPrint.o obj/runtime/list_ASTAssert.o obj/runtime/list_ASTFunction.o obj/runtime/list_ASTShadow.o obj/runtime/list_ASTStruct.o obj/runtime/list_ASTStructLiteral.o obj/runtime/list_ASTFieldAccess.o obj/runtime/list_ASTEnum.o obj/runtime/list_ASTUnion.o obj/runtime/list_ASTUnionConstruct.o obj/runtime/list_ASTMatch.o obj/runtime/list_ASTImport.o obj/runtime/list_ASTOpaqueType.o obj/runtime/list_ASTServiceDecl.o obj/runtime/list_ASTTupleLiteral.o obj/runtime/list_ASTTupleIndex.o obj/runtime/token_helpers.o obj/runtime/gc.o obj/runtime/effect_runtime.o obj/runtime/dyn_array.o obj/runtime/gc_struct.o obj/runtime/nl_string.o obj/runtime/ffi_loader.o obj/runtime/module_build_dir.o obj/runtime/cli.o obj/runtime/regex.o \
	obj/nanovm/vmd_protocol.o obj/nanovm/vmd_client.o \
	obj/nanovm/main.o obj/nanoisa/file_cli.o lib/libnano_file_runtime.a -lm -lcrypto -lffi  -rdynamic -rdynamic
/usr/bin/gcc -Wall -Wextra -Werror -std=c99 -g -O3 -ftree-vectorize -fPIC -Isrc -D_GNU_SOURCE  -o bin/nvm2c obj/nanoisa/nvm2c_main.o obj/nanoisa/capture_bindings.o obj/nanoisa/file_flow.o obj/nanoisa/service_file_nominal.o obj/nanoisa/service_file_nominal_plan.o obj/nanoisa/service_bindings.o obj/nanoisa/service_bindings_module.o obj/nanoisa/mixed_float_proof.o obj/nanoisa/managed_array_shapes.o obj/nanoisa/local_bindings.o obj/nanoisa/affine_bytecode.o obj/nanoisa/affine_state.o obj/nanoisa/ownership_contracts.o obj/nanoisa/retained_layouts.o obj/nanoisa/reference_places.o obj/nanoisa/passive.o obj/nanoisa/isa.o obj/nanoisa/verifier_types.o obj/nanoisa/nvm_format.o obj/nanoisa/nvm_format_v2.o obj/nanoisa/nvm_v2_cursor.o obj/nanoisa/nvm_v2_constants.o obj/nanoisa/nvm_v2_signatures.o obj/nanoisa/nvm_v2_layouts.o obj/nanoisa/nvm_v2_functions.o obj/nanoisa/nvm_v2_imports.o obj/nanoisa/nvm_v2_module.o obj/nanoisa/nvm_v2_convert.o obj/nanoisa/assembler.o obj/nanoisa/disassembler.o obj/nanoisa/verifier.o obj/nanoisa/nvm2c.o obj/nanoisa/nvm2c_shape.o obj/nanoisa/frontend.o obj/nanoisa/nanoisa_facade.o obj/nanovm/vm_decode.o obj/nanovm/vm_dispatch.o obj/nsi_file_plan.o obj/utf8.o obj/nanoisa/file_cli.o lib/libnano_file_runtime.a -lm -lcrypto -lffi  -rdynamic

==========================================
Bootstrap Stage 1: Self-Hosted Compiler
==========================================
Compiling nanoc_v06.nano with C compiler...
Warning at line 484, column 17: Unused variable 'dropped'
Warning at line 494, column 13: Unused variable 'dropped'
Warning at line 505, column 13: Unused variable 'dropped'
Warning at line 529, column 1: Unused variable 'owner'
Warning at line 529, column 1: Unused variable 'root'
Warning at line 109, column 1: Unused variable 'parser'
Warning at line 4910, column 5: Unused variable 'union_name'
Warning at line 175, column 9: Unused variable 'ignored'
Warning at line 2143, column 9: Unused variable 'rejected'
Warning at line 2272, column 9: Unused variable 'rejected'
Warning at line 2279, column 13: Unused variable 'rejected'
Warning at line 2360, column 9: Unused variable 'rejected'
Warning at line 2369, column 9: Unused variable 'rejected'
Warning at line 2374, column 13: Unused variable 'rejected'
Warning at line 2485, column 9: Unused variable 'rejected'
Warning at line 2489, column 9: Unused variable 'rejected'
Warning at line 2496, column 13: Unused variable 'rejected'
Warning at line 6249, column 21: Unused variable 'imported'
Warning at line 6399, column 13: Unused variable 'rejected'
Warning at line 6405, column 17: Unused variable 'rejected'
Generated list_CompilerDiagnostic.h and list_CompilerDiagnostic.c in /home/jkh/nanolang-qualification/native-full-609-linux/ordinary/tmp/nanolang-native-work-S3P4F1/objects-fp5tRf/.nano-module-dYaAGa
Generated list_CompilerDiagnostic_new.h and list_CompilerDiagnostic_new.c in /home/jkh/nanolang-qualification/native-full-609-linux/ordinary/tmp/nanolang-native-work-S3P4F1/objects-fp5tRf/.nano-module-dYaAGa
Generated list_CompilerDiagnostic_push.h and list_CompilerDiagnostic_push.c in /home/jkh/nanolang-qualification/native-full-609-linux/ordinary/tmp/nanolang-native-work-S3P4F1/objects-fp5tRf/.nano-module-dYaAGa
Generated list_CompilerDiagnostic_get.h and list_CompilerDiagnostic_get.c in /home/jkh/nanolang-qualification/native-full-609-linux/ordinary/tmp/nanolang-native-work-S3P4F1/objects-fp5tRf/.nano-module-dYaAGa
Generated list_CompilerDiagnostic_length.h and list_CompilerDiagnostic_length.c in /home/jkh/nanolang-qualification/native-full-609-linux/ordinary/tmp/nanolang-native-work-S3P4F1/objects-fp5tRf/.nano-module-dYaAGa
Generated list_CompilerDiagnostic.h and list_CompilerDiagnostic.c in /home/jkh/nanolang-qualification/native-full-609-linux/ordinary/tmp/nanolang-native-work-S3P4F1/objects-fp5tRf/.nano-module-Xchk22
Generated list_LexerToken.h and list_LexerToken.c in /home/jkh/nanolang-qualification/native-full-609-linux/ordinary/tmp/nanolang-native-work-S3P4F1/objects-fp5tRf/.nano-module-Xchk22
Generated list_ASTStmtRef.h and list_ASTStmtRef.c in /home/jkh/nanolang-qualification/native-full-609-linux/ordinary/tmp/nanolang-native-work-S3P4F1/objects-fp5tRf/.nano-module-Xchk22
Generated list_ASTNumber.h and list_ASTNumber.c in /home/jkh/nanolang-qualification/native-full-609-linux/ordinary/tmp/nanolang-native-work-S3P4F1/objects-fp5tRf/.nano-module-Xchk22
Generated list_ASTFloat.h and list_ASTFloat.c in /home/jkh/nanolang-qualification/native-full-609-linux/ordinary/tmp/nanolang-native-work-S3P4F1/objects-fp5tRf/.nano-module-Xchk22
Generated list_ASTString.h and list_ASTString.c in /home/jkh/nanolang-qualification/native-full-609-linux/ordinary/tmp/nanolang-native-work-S3P4F1/objects-fp5tRf/.nano-module-Xchk22
Generated list_ASTBool.h and list_ASTBool.c in /home/jkh/nanolang-qualification/native-full-609-linux/ordinary/tmp/nanolang-native-work-S3P4F1/objects-fp5tRf/.nano-module-Xchk22
Generated list_ASTIdentifier.h and list_ASTIdentifier.c in /home/jkh/nanolang-qualification/native-full-609-linux/ordinary/tmp/nanolang-native-work-S3P4F1/objects-fp5tRf/.nano-module-Xchk22
Generated list_ASTBinaryOp.h and list_ASTBinaryOp.c in /home/jkh/nanolang-qualification/native-full-609-linux/ordinary/tmp/nanolang-native-work-S3P4F1/objects-fp5tRf/.nano-module-Xchk22
Generated list_ASTCall.h and list_ASTCall.c in /home/jkh/nanolang-qualification/native-full-609-linux/ordinary/tmp/nanolang-native-work-S3P4F1/objects-fp5tRf/.nano-module-Xchk22
Generated list_ASTModuleQualifiedCall.h and list_ASTModuleQualifiedCall.c in /home/jkh/nanolang-qualification/native-full-609-linux/ordinary/tmp/nanolang-native-work-S3P4F1/objects-fp5tRf/.nano-module-Xchk22
Generated list_ASTArrayLiteral.h and list_ASTArrayLiteral.c in /home/jkh/nanolang-qualification/native-full-609-linux/ordinary/tmp/nanolang-native-work-S3P4F1/objects-fp5tRf/.nano-module-Xchk22
Generated list_ASTLet.h and list_ASTLet.c in /home/jkh/nanolang-qualification/native-full-609-linux/ordinary/tmp/nanolang-native-work-S3P4F1/objects-fp5tRf/.nano-module-Xchk22
Generated list_ASTSet.h and list_ASTSet.c in /home/jkh/nanolang-qualification/native-full-609-linux/ordinary/tmp/nanolang-native-work-S3P4F1/objects-fp5tRf/.nano-module-Xchk22
Generated list_ASTIf.h and list_ASTIf.c in /home/jkh/nanolang-qualification/native-full-609-linux/ordinary/tmp/nanolang-native-work-S3P4F1/objects-fp5tRf/.nano-module-Xchk22
Generated list_ASTWhile.h and list_ASTWhile.c in /home/jkh/nanolang-qualification/native-full-609-linux/ordinary/tmp/nanolang-native-work-S3P4F1/objects-fp5tRf/.nano-module-Xchk22
Generated list_ASTFor.h and list_ASTFor.c in /home/jkh/nanolang-qualification/native-full-609-linux/ordinary/tmp/nanolang-native-work-S3P4F1/objects-fp5tRf/.nano-module-Xchk22
Generated list_ASTReturn.h and list_ASTReturn.c in /home/jkh/nanolang-qualification/native-full-609-linux/ordinary/tmp/nanolang-native-work-S3P4F1/objects-fp5tRf/.nano-module-Xchk22
Generated list_ASTBlock.h and list_ASTBlock.c in /home/jkh/nanolang-qualification/native-full-609-linux/ordinary/tmp/nanolang-native-work-S3P4F1/objects-fp5tRf/.nano-module-Xchk22
Generated list_ASTUnsafeBlock.h and list_ASTUnsafeBlock.c in /home/jkh/nanolang-qualification/native-full-609-linux/ordinary/tmp/nanolang-native-work-S3P4F1/objects-fp5tRf/.nano-module-Xchk22
Generated list_ASTPrint.h and list_ASTPrint.c in /home/jkh/nanolang-qualification/native-full-609-linux/ordinary/tmp/nanolang-native-work-S3P4F1/objects-fp5tRf/.nano-module-Xchk22
Generated list_ASTAssert.h and list_ASTAssert.c in /home/jkh/nanolang-qualification/native-full-609-linux/ordinary/tmp/nanolang-native-work-S3P4F1/objects-fp5tRf/.nano-module-Xchk22
Generated list_ASTFunction.h and list_ASTFunction.c in /home/jkh/nanolang-qualification/native-full-609-linux/ordinary/tmp/nanolang-native-work-S3P4F1/objects-fp5tRf/.nano-module-Xchk22
Generated list_ASTShadow.h and list_ASTShadow.c in /home/jkh/nanolang-qualification/native-full-609-linux/ordinary/tmp/nanolang-native-work-S3P4F1/objects-fp5tRf/.nano-module-Xchk22
Generated list_ASTStruct.h and list_ASTStruct.c in /home/jkh/nanolang-qualification/native-full-609-linux/ordinary/tmp/nanolang-native-work-S3P4F1/objects-fp5tRf/.nano-module-Xchk22
Generated list_ASTStructLiteral.h and list_ASTStructLiteral.c in /home/jkh/nanolang-qualification/native-full-609-linux/ordinary/tmp/nanolang-native-work-S3P4F1/objects-fp5tRf/.nano-module-Xchk22
Generated list_ASTFieldAccess.h and list_ASTFieldAccess.c in /home/jkh/nanolang-qualification/native-full-609-linux/ordinary/tmp/nanolang-native-work-S3P4F1/objects-fp5tRf/.nano-module-Xchk22
Generated list_ASTEnum.h and list_ASTEnum.c in /home/jkh/nanolang-qualification/native-full-609-linux/ordinary/tmp/nanolang-native-work-S3P4F1/objects-fp5tRf/.nano-module-Xchk22
Generated list_ASTUnion.h and list_ASTUnion.c in /home/jkh/nanolang-qualification/native-full-609-linux/ordinary/tmp/nanolang-native-work-S3P4F1/objects-fp5tRf/.nano-module-Xchk22
Generated list_ASTUnionConstruct.h and list_ASTUnionConstruct.c in /home/jkh/nanolang-qualification/native-full-609-linux/ordinary/tmp/nanolang-native-work-S3P4F1/objects-fp5tRf/.nano-module-Xchk22
Generated list_ASTMatch.h and list_ASTMatch.c in /home/jkh/nanolang-qualification/native-full-609-linux/ordinary/tmp/nanolang-native-work-S3P4F1/objects-fp5tRf/.nano-module-Xchk22
Generated list_ASTImport.h and list_ASTImport.c in /home/jkh/nanolang-qualification/native-full-609-linux/ordinary/tmp/nanolang-native-work-S3P4F1/objects-fp5tRf/.nano-module-Xchk22
Generated list_ASTOpaqueType.h and list_ASTOpaqueType.c in /home/jkh/nanolang-qualification/native-full-609-linux/ordinary/tmp/nanolang-native-work-S3P4F1/objects-fp5tRf/.nano-module-Xchk22
Generated list_ASTTupleLiteral.h and list_ASTTupleLiteral.c in /home/jkh/nanolang-qualification/native-full-609-linux/ordinary/tmp/nanolang-native-work-S3P4F1/objects-fp5tRf/.nano-module-Xchk22
Generated list_ASTTupleIndex.h and list_ASTTupleIndex.c in /home/jkh/nanolang-qualification/native-full-609-linux/ordinary/tmp/nanolang-native-work-S3P4F1/objects-fp5tRf/.nano-module-Xchk22
Generated list_ASTServiceDecl.h and list_ASTServiceDecl.c in /home/jkh/nanolang-qualification/native-full-609-linux/ordinary/tmp/nanolang-native-work-S3P4F1/objects-fp5tRf/.nano-module-Xchk22
Generated list_CompilerDiagnostic_new.h and list_CompilerDiagnostic_new.c in /home/jkh/nanolang-qualification/native-full-609-linux/ordinary/tmp/nanolang-native-work-S3P4F1/objects-fp5tRf/.nano-module-Xchk22
Generated list_CompilerDiagnostic_push.h and list_CompilerDiagnostic_push.c in /home/jkh/nanolang-qualification/native-full-609-linux/ordinary/tmp/nanolang-native-work-S3P4F1/objects-fp5tRf/.nano-module-Xchk22
Generated list_CompilerDiagnostic_get.h and list_CompilerDiagnostic_get.c in /home/jkh/nanolang-qualification/native-full-609-linux/ordinary/tmp/nanolang-native-work-S3P4F1/objects-fp5tRf/.nano-module-Xchk22
Generated list_CompilerDiagnostic_length.h and list_CompilerDiagnostic_length.c in /home/jkh/nanolang-qualification/native-full-609-linux/ordinary/tmp/nanolang-native-work-S3P4F1/objects-fp5tRf/.nano-module-Xchk22
Generated list_LexerToken_new.h and list_LexerToken_new.c in /home/jkh/nanolang-qualification/native-full-609-linux/ordinary/tmp/nanolang-native-work-S3P4F1/objects-fp5tRf/.nano-module-Xchk22
Generated list_LexerToken_push.h and list_LexerToken_push.c in /home/jkh/nanolang-qualification/native-full-609-linux/ordinary/tmp/nanolang-native-work-S3P4F1/objects-fp5tRf/.nano-module-Xchk22
Generated list_LexerToken_get.h and list_LexerToken_get.c in /home/jkh/nanolang-qualification/native-full-609-linux/ordinary/tmp/nanolang-native-work-S3P4F1/objects-fp5tRf/.nano-module-Xchk22
Generated list_LexerToken_length.h and list_LexerToken_length.c in /home/jkh/nanolang-qualification/native-full-609-linux/ordinary/tmp/nanolang-native-work-S3P4F1/objects-fp5tRf/.nano-module-Xchk22
Generated list_ASTStmtRef_new.h and list_ASTStmtRef_new.c in /home/jkh/nanolang-qualification/native-full-609-linux/ordinary/tmp/nanolang-native-work-S3P4F1/objects-fp5tRf/.nano-module-Xchk22
Generated list_ASTStmtRef_push.h and list_ASTStmtRef_push.c in /home/jkh/nanolang-qualification/native-full-609-linux/ordinary/tmp/nanolang-native-work-S3P4F1/objects-fp5tRf/.nano-module-Xchk22
Generated list_ASTStmtRef_get.h and list_ASTStmtRef_get.c in /home/jkh/nanolang-qualification/native-full-609-linux/ordinary/tmp/nanolang-native-work-S3P4F1/objects-fp5tRf/.nano-module-Xchk22
Generated list_ASTStmtRef_length.h and list_ASTStmtRef_length.c in /home/jkh/nanolang-qualification/native-full-609-linux/ordinary/tmp/nanolang-native-work-S3P4F1/objects-fp5tRf/.nano-module-Xchk22
Generated list_ASTNumber_new.h and list_ASTNumber_new.c in /home/jkh/nanolang-qualification/native-full-609-linux/ordinary/tmp/nanolang-native-work-S3P4F1/objects-fp5tRf/.nano-module-Xchk22
Generated list_ASTNumber_push.h and list_ASTNumber_push.c in /home/jkh/nanolang-qualification/native-full-609-linux/ordinary/tmp/nanolang-native-work-S3P4F1/objects-fp5tRf/.nano-module-Xchk22
Generated list_ASTNumber_get.h and list_ASTNumber_get.c in /home/jkh/nanolang-qualification/native-full-609-linux/ordinary/tmp/nanolang-native-work-S3P4F1/objects-fp5tRf/.nano-module-Xchk22
Generated list_ASTNumber_length.h and list_ASTNumber_length.c in /home/jkh/nanolang-qualification/native-full-609-linux/ordinary/tmp/nanolang-native-work-S3P4F1/objects-fp5tRf/.nano-module-Xchk22
Generated list_ASTFloat_new.h and list_ASTFloat_new.c in /home/jkh/nanolang-qualification/native-full-609-linux/ordinary/tmp/nanolang-native-work-S3P4F1/objects-fp5tRf/.nano-module-Xchk22
Generated list_ASTFloat_push.h and list_ASTFloat_push.c in /home/jkh/nanolang-qualification/native-full-609-linux/ordinary/tmp/nanolang-native-work-S3P4F1/objects-fp5tRf/.nano-module-Xchk22
Generated list_ASTFloat_get.h and list_ASTFloat_get.c in /home/jkh/nanolang-qualification/native-full-609-linux/ordinary/tmp/nanolang-native-work-S3P4F1/objects-fp5tRf/.nano-module-Xchk22
Generated list_ASTFloat_length.h and list_ASTFloat_length.c in /home/jkh/nanolang-qualification/native-full-609-linux/ordinary/tmp/nanolang-native-work-S3P4F1/objects-fp5tRf/.nano-module-Xchk22
Generated list_ASTString_new.h and list_ASTString_new.c in /home/jkh/nanolang-qualification/native-full-609-linux/ordinary/tmp/nanolang-native-work-S3P4F1/objects-fp5tRf/.nano-module-Xchk22
Generated list_ASTString_push.h and list_ASTString_push.c in /home/jkh/nanolang-qualification/native-full-609-linux/ordinary/tmp/nanolang-native-work-S3P4F1/objects-fp5tRf/.nano-module-Xchk22
Generated list_ASTString_get.h and list_ASTString_get.c in /home/jkh/nanolang-qualification/native-full-609-linux/ordinary/tmp/nanolang-native-work-S3P4F1/objects-fp5tRf/.nano-module-Xchk22
Generated list_ASTString_length.h and list_ASTString_length.c in /home/jkh/nanolang-qualification/native-full-609-linux/ordinary/tmp/nanolang-native-work-S3P4F1/objects-fp5tRf/.nano-module-Xchk22
Generated list_ASTBool_new.h and list_ASTBool_new.c in /home/jkh/nanolang-qualification/native-full-609-linux/ordinary/tmp/nanolang-native-work-S3P4F1/objects-fp5tRf/.nano-module-Xchk22
Generated list_ASTBool_push.h and list_ASTBool_push.c in /home/jkh/nanolang-qualification/native-full-609-linux/ordinary/tmp/nanolang-native-work-S3P4F1/objects-fp5tRf/.nano-module-Xchk22
Generated list_ASTBool_get.h and list_ASTBool_get.c in /home/jkh/nanolang-qualification/native-full-609-linux/ordinary/tmp/nanolang-native-work-S3P4F1/objects-fp5tRf/.nano-module-Xchk22
Generated list_ASTBool_length.h and list_ASTBool_length.c in /home/jkh/nanolang-qualification/native-full-609-linux/ordinary/tmp/nanolang-native-work-S3P4F1/objects-fp5tRf/.nano-module-Xchk22
Generated list_CompilerDiagnostic.h and list_CompilerDiagnostic.c in /home/jkh/nanolang-qualification/native-full-609-linux/ordinary/tmp/nanolang-native-work-S3P4F1/objects-fp5tRf/.nano-module-WiQpPl
Generated list_LexerToken.h and list_LexerToken.c in /home/jkh/nanolang-qualification/native-full-609-linux/ordinary/tmp/nanolang-native-work-S3P4F1/objects-fp5tRf/.nano-module-WiQpPl
Generated list_ASTStmtRef.h and list_ASTStmtRef.c in /home/jkh/nanolang-qualification/native-full-609-linux/ordinary/tmp/nanolang-native-work-S3P4F1/objects-fp5tRf/.nano-module-WiQpPl
Generated list_ASTNumber.h and list_ASTNumber.c in /home/jkh/nanolang-qualification/native-full-609-linux/ordinary/tmp/nanolang-native-work-S3P4F1/objects-fp5tRf/.nano-module-WiQpPl
Generated list_ASTFloat.h and list_ASTFloat.c in /home/jkh/nanolang-qualification/native-full-609-linux/ordinary/tmp/nanolang-native-work-S3P4F1/objects-fp5tRf/.nano-module-WiQpPl
Generated list_ASTString.h and list_ASTString.c in /home/jkh/nanolang-qualification/native-full-609-linux/ordinary/tmp/nanolang-native-work-S3P4F1/objects-fp5tRf/.nano-module-WiQpPl
Generated list_ASTBool.h and list_ASTBool.c in /home/jkh/nanolang-qualification/native-full-609-linux/ordinary/tmp/nanolang-native-work-S3P4F1/objects-fp5tRf/.nano-module-WiQpPl
Generated list_ASTIdentifier.h and list_ASTIdentifier.c in /home/jkh/nanolang-qualification/native-full-609-linux/ordinary/tmp/nanolang-native-work-S3P4F1/objects-fp5tRf/.nano-module-WiQpPl
Generated list_ASTBinaryOp.h and list_ASTBinaryOp.c in /home/jkh/nanolang-qualification/native-full-609-linux/ordinary/tmp/nanolang-native-work-S3P4F1/objects-fp5tRf/.nano-module-WiQpPl
Generated list_ASTCall.h and list_ASTCall.c in /home/jkh/nanolang-qualification/native-full-609-linux/ordinary/tmp/nanolang-native-work-S3P4F1/objects-fp5tRf/.nano-module-WiQpPl
Generated list_ASTModuleQualifiedCall.h and list_ASTModuleQualifiedCall.c in /home/jkh/nanolang-qualification/native-full-609-linux/ordinary/tmp/nanolang-native-work-S3P4F1/objects-fp5tRf/.nano-module-WiQpPl
Generated list_ASTArrayLiteral.h and list_ASTArrayLiteral.c in /home/jkh/nanolang-qualification/native-full-609-linux/ordinary/tmp/nanolang-native-work-S3P4F1/objects-fp5tRf/.nano-module-WiQpPl
Generated list_ASTLet.h and list_ASTLet.c in /home/jkh/nanolang-qualification/native-full-609-linux/ordinary/tmp/nanolang-native-work-S3P4F1/objects-fp5tRf/.nano-module-WiQpPl
Generated list_ASTSet.h and list_ASTSet.c in /home/jkh/nanolang-qualification/native-full-609-linux/ordinary/tmp/nanolang-native-work-S3P4F1/objects-fp5tRf/.nano-module-WiQpPl
Generated list_ASTIf.h and list_ASTIf.c in /home/jkh/nanolang-qualification/native-full-609-linux/ordinary/tmp/nanolang-native-work-S3P4F1/objects-fp5tRf/.nano-module-WiQpPl
Generated list_ASTWhile.h and list_ASTWhile.c in /home/jkh/nanolang-qualification/native-full-609-linux/ordinary/tmp/nanolang-native-work-S3P4F1/objects-fp5tRf/.nano-module-WiQpPl
Generated list_ASTFor.h and list_ASTFor.c in /home/jkh/nanolang-qualification/native-full-609-linux/ordinary/tmp/nanolang-native-work-S3P4F1/objects-fp5tRf/.nano-module-WiQpPl
Generated list_ASTReturn.h and list_ASTReturn.c in /home/jkh/nanolang-qualification/native-full-609-linux/ordinary/tmp/nanolang-native-work-S3P4F1/objects-fp5tRf/.nano-module-WiQpPl
Generated list_ASTBlock.h and list_ASTBlock.c in /home/jkh/nanolang-qualification/native-full-609-linux/ordinary/tmp/nanolang-native-work-S3P4F1/objects-fp5tRf/.nano-module-WiQpPl
Generated list_ASTUnsafeBlock.h and list_ASTUnsafeBlock.c in /home/jkh/nanolang-qualification/native-full-609-linux/ordinary/tmp/nanolang-native-work-S3P4F1/objects-fp5tRf/.nano-module-WiQpPl
Generated list_ASTPrint.h and list_ASTPrint.c in /home/jkh/nanolang-qualification/native-full-609-linux/ordinary/tmp/nanolang-native-work-S3P4F1/objects-fp5tRf/.nano-module-WiQpPl
Generated list_ASTAssert.h and list_ASTAssert.c in /home/jkh/nanolang-qualification/native-full-609-linux/ordinary/tmp/nanolang-native-work-S3P4F1/objects-fp5tRf/.nano-module-WiQpPl
Generated list_ASTFunction.h and list_ASTFunction.c in /home/jkh/nanolang-qualification/native-full-609-linux/ordinary/tmp/nanolang-native-work-S3P4F1/objects-fp5tRf/.nano-module-WiQpPl
Generated list_ASTShadow.h and list_ASTShadow.c in /home/jkh/nanolang-qualification/native-full-609-linux/ordinary/tmp/nanolang-native-work-S3P4F1/objects-fp5tRf/.nano-module-WiQpPl
Generated list_ASTStruct.h and list_ASTStruct.c in /home/jkh/nanolang-qualification/native-full-609-linux/ordinary/tmp/nanolang-native-work-S3P4F1/objects-fp5tRf/.nano-module-WiQpPl
Generated list_ASTStructLiteral.h and list_ASTStructLiteral.c in /home/jkh/nanolang-qualification/native-full-609-linux/ordinary/tmp/nanolang-native-work-S3P4F1/objects-fp5tRf/.nano-module-WiQpPl
Generated list_ASTFieldAccess.h and list_ASTFieldAccess.c in /home/jkh/nanolang-qualification/native-full-609-linux/ordinary/tmp/nanolang-native-work-S3P4F1/objects-fp5tRf/.nano-module-WiQpPl
Generated list_ASTEnum.h and list_ASTEnum.c in /home/jkh/nanolang-qualification/native-full-609-linux/ordinary/tmp/nanolang-native-work-S3P4F1/objects-fp5tRf/.nano-module-WiQpPl
Generated list_ASTUnion.h and list_ASTUnion.c in /home/jkh/nanolang-qualification/native-full-609-linux/ordinary/tmp/nanolang-native-work-S3P4F1/objects-fp5tRf/.nano-module-WiQpPl
Generated list_ASTUnionConstruct.h and list_ASTUnionConstruct.c in /home/jkh/nanolang-qualification/native-full-609-linux/ordinary/tmp/nanolang-native-work-S3P4F1/objects-fp5tRf/.nano-module-WiQpPl
Generated list_ASTMatch.h and list_ASTMatch.c in /home/jkh/nanolang-qualification/native-full-609-linux/ordinary/tmp/nanolang-native-work-S3P4F1/objects-fp5tRf/.nano-module-WiQpPl
Generated list_ASTImport.h and list_ASTImport.c in /home/jkh/nanolang-qualification/native-full-609-linux/ordinary/tmp/nanolang-native-work-S3P4F1/objects-fp5tRf/.nano-module-WiQpPl
Generated list_ASTOpaqueType.h and list_ASTOpaqueType.c in /home/jkh/nanolang-qualification/native-full-609-linux/ordinary/tmp/nanolang-native-work-S3P4F1/objects-fp5tRf/.nano-module-WiQpPl
Generated list_ASTTupleLiteral.h and list_ASTTupleLiteral.c in /home/jkh/nanolang-qualification/native-full-609-linux/ordinary/tmp/nanolang-native-work-S3P4F1/objects-fp5tRf/.nano-module-WiQpPl
Generated list_ASTTupleIndex.h and list_ASTTupleIndex.c in /home/jkh/nanolang-qualification/native-full-609-linux/ordinary/tmp/nanolang-native-work-S3P4F1/objects-fp5tRf/.nano-module-WiQpPl
Generated list_ASTServiceDecl.h and list_ASTServiceDecl.c in /home/jkh/nanolang-qualification/native-full-609-linux/ordinary/tmp/nanolang-native-work-S3P4F1/objects-fp5tRf/.nano-module-WiQpPl
Generated list_CompilerDiagnostic_new.h and list_CompilerDiagnostic_new.c in /home/jkh/nanolang-qualification/native-full-609-linux/ordinary/tmp/nanolang-native-work-S3P4F1/objects-fp5tRf/.nano-module-WiQpPl
Generated list_CompilerDiagnostic_push.h and list_CompilerDiagnostic_push.c in /home/jkh/nanolang-qualification/native-full-609-linux/ordinary/tmp/nanolang-native-work-S3P4F1/objects-fp5tRf/.nano-module-WiQpPl
Generated list_CompilerDiagnostic_get.h and list_CompilerDiagnostic_get.c in /home/jkh/nanolang-qualification/native-full-609-linux/ordinary/tmp/nanolang-native-work-S3P4F1/objects-fp5tRf/.nano-module-WiQpPl
Generated list_CompilerDiagnostic_length.h and list_CompilerDiagnostic_length.c in /home/jkh/nanolang-qualification/native-full-609-linux/ordinary/tmp/nanolang-native-work-S3P4F1/objects-fp5tRf/.nano-module-WiQpPl
Generated list_LexerToken_new.h and list_LexerToken_new.c in /home/jkh/nanolang-qualification/native-full-609-linux/ordinary/tmp/nanolang-native-work-S3P4F1/objects-fp5tRf/.nano-module-WiQpPl
Generated list_LexerToken_push.h and list_LexerToken_push.c in /home/jkh/nanolang-qualification/native-full-609-linux/ordinary/tmp/nanolang-native-work-S3P4F1/objects-fp5tRf/.nano-module-WiQpPl
Generated list_LexerToken_get.h and list_LexerToken_get.c in /home/jkh/nanolang-qualification/native-full-609-linux/ordinary/tmp/nanolang-native-work-S3P4F1/objects-fp5tRf/.nano-module-WiQpPl
Generated list_LexerToken_length.h and list_LexerToken_length.c in /home/jkh/nanolang-qualification/native-full-609-linux/ordinary/tmp/nanolang-native-work-S3P4F1/objects-fp5tRf/.nano-module-WiQpPl
Generated list_ASTStmtRef_new.h and list_ASTStmtRef_new.c in /home/jkh/nanolang-qualification/native-full-609-linux/ordinary/tmp/nanolang-native-work-S3P4F1/objects-fp5tRf/.nano-module-WiQpPl
Generated list_ASTStmtRef_push.h and list_ASTStmtRef_push.c in /home/jkh/nanolang-qualification/native-full-609-linux/ordinary/tmp/nanolang-native-work-S3P4F1/objects-fp5tRf/.nano-module-WiQpPl
Generated list_ASTStmtRef_get.h and list_ASTStmtRef_get.c in /home/jkh/nanolang-qualification/native-full-609-linux/ordinary/tmp/nanolang-native-work-S3P4F1/objects-fp5tRf/.nano-module-WiQpPl
Generated list_ASTStmtRef_length.h and list_ASTStmtRef_length.c in /home/jkh/nanolang-qualification/native-full-609-linux/ordinary/tmp/nanolang-native-work-S3P4F1/objects-fp5tRf/.nano-module-WiQpPl
Generated list_ASTNumber_new.h and list_ASTNumber_new.c in /home/jkh/nanolang-qualification/native-full-609-linux/ordinary/tmp/nanolang-native-work-S3P4F1/objects-fp5tRf/.nano-module-WiQpPl
Generated list_ASTNumber_push.h and list_ASTNumber_push.c in /home/jkh/nanolang-qualification/native-full-609-linux/ordinary/tmp/nanolang-native-work-S3P4F1/objects-fp5tRf/.nano-module-WiQpPl
Generated list_ASTNumber_get.h and list_ASTNumber_get.c in /home/jkh/nanolang-qualification/native-full-609-linux/ordinary/tmp/nanolang-native-work-S3P4F1/objects-fp5tRf/.nano-module-WiQpPl
Generated list_ASTNumber_length.h and list_ASTNumber_length.c in /home/jkh/nanolang-qualification/native-full-609-linux/ordinary/tmp/nanolang-native-work-S3P4F1/objects-fp5tRf/.nano-module-WiQpPl
Generated list_ASTFloat_new.h and list_ASTFloat_new.c in /home/jkh/nanolang-qualification/native-full-609-linux/ordinary/tmp/nanolang-native-work-S3P4F1/objects-fp5tRf/.nano-module-WiQpPl
Generated list_ASTFloat_push.h and list_ASTFloat_push.c in /home/jkh/nanolang-qualification/native-full-609-linux/ordinary/tmp/nanolang-native-work-S3P4F1/objects-fp5tRf/.nano-module-WiQpPl
Generated list_ASTFloat_get.h and list_ASTFloat_get.c in /home/jkh/nanolang-qualification/native-full-609-linux/ordinary/tmp/nanolang-native-work-S3P4F1/objects-fp5tRf/.nano-module-WiQpPl
Generated list_ASTFloat_length.h and list_ASTFloat_length.c in /home/jkh/nanolang-qualification/native-full-609-linux/ordinary/tmp/nanolang-native-work-S3P4F1/objects-fp5tRf/.nano-module-WiQpPl
Generated list_ASTString_new.h and list_ASTString_new.c in /home/jkh/nanolang-qualification/native-full-609-linux/ordinary/tmp/nanolang-native-work-S3P4F1/objects-fp5tRf/.nano-module-WiQpPl
Generated list_ASTString_push.h and list_ASTString_push.c in /home/jkh/nanolang-qualification/native-full-609-linux/ordinary/tmp/nanolang-native-work-S3P4F1/objects-fp5tRf/.nano-module-WiQpPl
Generated list_ASTString_get.h and list_ASTString_get.c in /home/jkh/nanolang-qualification/native-full-609-linux/ordinary/tmp/nanolang-native-work-S3P4F1/objects-fp5tRf/.nano-module-WiQpPl
Generated list_ASTString_length.h and list_ASTString_length.c in /home/jkh/nanolang-qualification/native-full-609-linux/ordinary/tmp/nanolang-native-work-S3P4F1/objects-fp5tRf/.nano-module-WiQpPl
Generated list_ASTBool_new.h and list_ASTBool_new.c in /home/jkh/nanolang-qualification/native-full-609-linux/ordinary/tmp/nanolang-native-work-S3P4F1/objects-fp5tRf/.nano-module-WiQpPl
Generated list_ASTBool_push.h and list_ASTBool_push.c in /home/jkh/nanolang-qualification/native-full-609-linux/ordinary/tmp/nanolang-native-work-S3P4F1/objects-fp5tRf/.nano-module-WiQpPl
Generated list_ASTBool_get.h and list_ASTBool_get.c in /home/jkh/nanolang-qualification/native-full-609-linux/ordinary/tmp/nanolang-native-work-S3P4F1/objects-fp5tRf/.nano-module-WiQpPl
Generated list_ASTBool_length.h and list_ASTBool_length.c in /home/jkh/nanolang-qualification/native-full-609-linux/ordinary/tmp/nanolang-native-work-S3P4F1/objects-fp5tRf/.nano-module-WiQpPl
Generated list_CompilerDiagnostic.h and list_CompilerDiagnostic.c in /home/jkh/nanolang-qualification/native-full-609-linux/ordinary/tmp/nanolang-native-work-S3P4F1/objects-fp5tRf/.nano-module-sUbU56
Generated list_LexerToken.h and list_LexerToken.c in /home/jkh/nanolang-qualification/native-full-609-linux/ordinary/tmp/nanolang-native-work-S3P4F1/objects-fp5tRf/.nano-module-sUbU56
Generated list_ASTStmtRef.h and list_ASTStmtRef.c in /home/jkh/nanolang-qualification/native-full-609-linux/ordinary/tmp/nanolang-native-work-S3P4F1/objects-fp5tRf/.nano-module-sUbU56
Generated list_ASTNumber.h and list_ASTNumber.c in /home/jkh/nanolang-qualification/native-full-609-linux/ordinary/tmp/nanolang-native-work-S3P4F1/objects-fp5tRf/.nano-module-sUbU56
Generated list_ASTFloat.h and list_ASTFloat.c in /home/jkh/nanolang-qualification/native-full-609-linux/ordinary/tmp/nanolang-native-work-S3P4F1/objects-fp5tRf/.nano-module-sUbU56
Generated list_ASTString.h and list_ASTString.c in /home/jkh/nanolang-qualification/native-full-609-linux/ordinary/tmp/nanolang-native-work-S3P4F1/objects-fp5tRf/.nano-module-sUbU56
Generated list_ASTBool.h and list_ASTBool.c in /home/jkh/nanolang-qualification/native-full-609-linux/ordinary/tmp/nanolang-native-work-S3P4F1/objects-fp5tRf/.nano-module-sUbU56
Generated list_ASTIdentifier.h and list_ASTIdentifier.c in /home/jkh/nanolang-qualification/native-full-609-linux/ordinary/tmp/nanolang-native-work-S3P4F1/objects-fp5tRf/.nano-module-sUbU56
Generated list_ASTBinaryOp.h and list_ASTBinaryOp.c in /home/jkh/nanolang-qualification/native-full-609-linux/ordinary/tmp/nanolang-native-work-S3P4F1/objects-fp5tRf/.nano-module-sUbU56
Generated list_ASTCall.h and list_ASTCall.c in /home/jkh/nanolang-qualification/native-full-609-linux/ordinary/tmp/nanolang-native-work-S3P4F1/objects-fp5tRf/.nano-module-sUbU56
Generated list_ASTModuleQualifiedCall.h and list_ASTModuleQualifiedCall.c in /home/jkh/nanolang-qualification/native-full-609-linux/ordinary/tmp/nanolang-native-work-S3P4F1/objects-fp5tRf/.nano-module-sUbU56
Generated list_ASTArrayLiteral.h and list_ASTArrayLiteral.c in /home/jkh/nanolang-qualification/native-full-609-linux/ordinary/tmp/nanolang-native-work-S3P4F1/objects-fp5tRf/.nano-module-sUbU56
Generated list_ASTLet.h and list_ASTLet.c in /home/jkh/nanolang-qualification/native-full-609-linux/ordinary/tmp/nanolang-native-work-S3P4F1/objects-fp5tRf/.nano-module-sUbU56
Generated list_ASTSet.h and list_ASTSet.c in /home/jkh/nanolang-qualification/native-full-609-linux/ordinary/tmp/nanolang-native-work-S3P4F1/objects-fp5tRf/.nano-module-sUbU56
Generated list_ASTIf.h and list_ASTIf.c in /home/jkh/nanolang-qualification/native-full-609-linux/ordinary/tmp/nanolang-native-work-S3P4F1/objects-fp5tRf/.nano-module-sUbU56
Generated list_ASTWhile.h and list_ASTWhile.c in /home/jkh/nanolang-qualification/native-full-609-linux/ordinary/tmp/nanolang-native-work-S3P4F1/objects-fp5tRf/.nano-module-sUbU56
Generated list_ASTFor.h and list_ASTFor.c in /home/jkh/nanolang-qualification/native-full-609-linux/ordinary/tmp/nanolang-native-work-S3P4F1/objects-fp5tRf/.nano-module-sUbU56
Generated list_ASTReturn.h and list_ASTReturn.c in /home/jkh/nanolang-qualification/native-full-609-linux/ordinary/tmp/nanolang-native-work-S3P4F1/objects-fp5tRf/.nano-module-sUbU56
Generated list_ASTBlock.h and list_ASTBlock.c in /home/jkh/nanolang-qualification/native-full-609-linux/ordinary/tmp/nanolang-native-work-S3P4F1/objects-fp5tRf/.nano-module-sUbU56
Generated list_ASTUnsafeBlock.h and list_ASTUnsafeBlock.c in /home/jkh/nanolang-qualification/native-full-609-linux/ordinary/tmp/nanolang-native-work-S3P4F1/objects-fp5tRf/.nano-module-sUbU56
Generated list_ASTPrint.h and list_ASTPrint.c in /home/jkh/nanolang-qualification/native-full-609-linux/ordinary/tmp/nanolang-native-work-S3P4F1/objects-fp5tRf/.nano-module-sUbU56
Generated list_ASTAssert.h and list_ASTAssert.c in /home/jkh/nanolang-qualification/native-full-609-linux/ordinary/tmp/nanolang-native-work-S3P4F1/objects-fp5tRf/.nano-module-sUbU56
Generated list_ASTFunction.h and list_ASTFunction.c in /home/jkh/nanolang-qualification/native-full-609-linux/ordinary/tmp/nanolang-native-work-S3P4F1/objects-fp5tRf/.nano-module-sUbU56
Generated list_ASTShadow.h and list_ASTShadow.c in /home/jkh/nanolang-qualification/native-full-609-linux/ordinary/tmp/nanolang-native-work-S3P4F1/objects-fp5tRf/.nano-module-sUbU56
Generated list_ASTStruct.h and list_ASTStruct.c in /home/jkh/nanolang-qualification/native-full-609-linux/ordinary/tmp/nanolang-native-work-S3P4F1/objects-fp5tRf/.nano-module-sUbU56
Generated list_ASTStructLiteral.h and list_ASTStructLiteral.c in /home/jkh/nanolang-qualification/native-full-609-linux/ordinary/tmp/nanolang-native-work-S3P4F1/objects-fp5tRf/.nano-module-sUbU56
Generated list_ASTFieldAccess.h and list_ASTFieldAccess.c in /home/jkh/nanolang-qualification/native-full-609-linux/ordinary/tmp/nanolang-native-work-S3P4F1/objects-fp5tRf/.nano-module-sUbU56
Generated list_ASTEnum.h and list_ASTEnum.c in /home/jkh/nanolang-qualification/native-full-609-linux/ordinary/tmp/nanolang-native-work-S3P4F1/objects-fp5tRf/.nano-module-sUbU56
Generated list_ASTUnion.h and list_ASTUnion.c in /home/jkh/nanolang-qualification/native-full-609-linux/ordinary/tmp/nanolang-native-work-S3P4F1/objects-fp5tRf/.nano-module-sUbU56
Generated list_ASTUnionConstruct.h and list_ASTUnionConstruct.c in /home/jkh/nanolang-qualification/native-full-609-linux/ordinary/tmp/nanolang-native-work-S3P4F1/objects-fp5tRf/.nano-module-sUbU56
Generated list_ASTMatch.h and list_ASTMatch.c in /home/jkh/nanolang-qualification/native-full-609-linux/ordinary/tmp/nanolang-native-work-S3P4F1/objects-fp5tRf/.nano-module-sUbU56
Generated list_ASTImport.h and list_ASTImport.c in /home/jkh/nanolang-qualification/native-full-609-linux/ordinary/tmp/nanolang-native-work-S3P4F1/objects-fp5tRf/.nano-module-sUbU56
Generated list_ASTOpaqueType.h and list_ASTOpaqueType.c in /home/jkh/nanolang-qualification/native-full-609-linux/ordinary/tmp/nanolang-native-work-S3P4F1/objects-fp5tRf/.nano-module-sUbU56
Generated list_ASTTupleLiteral.h and list_ASTTupleLiteral.c in /home/jkh/nanolang-qualification/native-full-609-linux/ordinary/tmp/nanolang-native-work-S3P4F1/objects-fp5tRf/.nano-module-sUbU56
Generated list_ASTTupleIndex.h and list_ASTTupleIndex.c in /home/jkh/nanolang-qualification/native-full-609-linux/ordinary/tmp/nanolang-native-work-S3P4F1/objects-fp5tRf/.nano-module-sUbU56
Generated list_ASTServiceDecl.h and list_ASTServiceDecl.c in /home/jkh/nanolang-qualification/native-full-609-linux/ordinary/tmp/nanolang-native-work-S3P4F1/objects-fp5tRf/.nano-module-sUbU56
Generated list_CompilerDiagnostic_new.h and list_CompilerDiagnostic_new.c in /home/jkh/nanolang-qualification/native-full-609-linux/ordinary/tmp/nanolang-native-work-S3P4F1/objects-fp5tRf/.nano-module-sUbU56
Generated list_CompilerDiagnostic_push.h and list_CompilerDiagnostic_push.c in /home/jkh/nanolang-qualification/native-full-609-linux/ordinary/tmp/nanolang-native-work-S3P4F1/objects-fp5tRf/.nano-module-sUbU56
Generated list_CompilerDiagnostic_get.h and list_CompilerDiagnostic_get.c in /home/jkh/nanolang-qualification/native-full-609-linux/ordinary/tmp/nanolang-native-work-S3P4F1/objects-fp5tRf/.nano-module-sUbU56
Generated list_CompilerDiagnostic_length.h and list_CompilerDiagnostic_length.c in /home/jkh/nanolang-qualification/native-full-609-linux/ordinary/tmp/nanolang-native-work-S3P4F1/objects-fp5tRf/.nano-module-sUbU56
Generated list_LexerToken_new.h and list_LexerToken_new.c in /home/jkh/nanolang-qualification/native-full-609-linux/ordinary/tmp/nanolang-native-work-S3P4F1/objects-fp5tRf/.nano-module-sUbU56
Generated list_LexerToken_push.h and list_LexerToken_push.c in /home/jkh/nanolang-qualification/native-full-609-linux/ordinary/tmp/nanolang-native-work-S3P4F1/objects-fp5tRf/.nano-module-sUbU56
Generated list_LexerToken_get.h and list_LexerToken_get.c in /home/jkh/nanolang-qualification/native-full-609-linux/ordinary/tmp/nanolang-native-work-S3P4F1/objects-fp5tRf/.nano-module-sUbU56
Generated list_LexerToken_length.h and list_LexerToken_length.c in /home/jkh/nanolang-qualification/native-full-609-linux/ordinary/tmp/nanolang-native-work-S3P4F1/objects-fp5tRf/.nano-module-sUbU56
Generated list_ASTStmtRef_new.h and list_ASTStmtRef_new.c in /home/jkh/nanolang-qualification/native-full-609-linux/ordinary/tmp/nanolang-native-work-S3P4F1/objects-fp5tRf/.nano-module-sUbU56
Generated list_ASTStmtRef_push.h and list_ASTStmtRef_push.c in /home/jkh/nanolang-qualification/native-full-609-linux/ordinary/tmp/nanolang-native-work-S3P4F1/objects-fp5tRf/.nano-module-sUbU56
Generated list_ASTStmtRef_get.h and list_ASTStmtRef_get.c in /home/jkh/nanolang-qualification/native-full-609-linux/ordinary/tmp/nanolang-native-work-S3P4F1/objects-fp5tRf/.nano-module-sUbU56
Generated list_ASTStmtRef_length.h and list_ASTStmtRef_length.c in /home/jkh/nanolang-qualification/native-full-609-linux/ordinary/tmp/nanolang-native-work-S3P4F1/objects-fp5tRf/.nano-module-sUbU56
Generated list_ASTNumber_new.h and list_ASTNumber_new.c in /home/jkh/nanolang-qualification/native-full-609-linux/ordinary/tmp/nanolang-native-work-S3P4F1/objects-fp5tRf/.nano-module-sUbU56
Generated list_ASTNumber_push.h and list_ASTNumber_push.c in /home/jkh/nanolang-qualification/native-full-609-linux/ordinary/tmp/nanolang-native-work-S3P4F1/objects-fp5tRf/.nano-module-sUbU56
Generated list_ASTNumber_get.h and list_ASTNumber_get.c in /home/jkh/nanolang-qualification/native-full-609-linux/ordinary/tmp/nanolang-native-work-S3P4F1/objects-fp5tRf/.nano-module-sUbU56
Generated list_ASTNumber_length.h and list_ASTNumber_length.c in /home/jkh/nanolang-qualification/native-full-609-linux/ordinary/tmp/nanolang-native-work-S3P4F1/objects-fp5tRf/.nano-module-sUbU56
Generated list_ASTFloat_new.h and list_ASTFloat_new.c in /home/jkh/nanolang-qualification/native-full-609-linux/ordinary/tmp/nanolang-native-work-S3P4F1/objects-fp5tRf/.nano-module-sUbU56
Generated list_ASTFloat_push.h and list_ASTFloat_push.c in /home/jkh/nanolang-qualification/native-full-609-linux/ordinary/tmp/nanolang-native-work-S3P4F1/objects-fp5tRf/.nano-module-sUbU56
Generated list_ASTFloat_get.h and list_ASTFloat_get.c in /home/jkh/nanolang-qualification/native-full-609-linux/ordinary/tmp/nanolang-native-work-S3P4F1/objects-fp5tRf/.nano-module-sUbU56
Generated list_ASTFloat_length.h and list_ASTFloat_length.c in /home/jkh/nanolang-qualification/native-full-609-linux/ordinary/tmp/nanolang-native-work-S3P4F1/objects-fp5tRf/.nano-module-sUbU56
Generated list_ASTString_new.h and list_ASTString_new.c in /home/jkh/nanolang-qualification/native-full-609-linux/ordinary/tmp/nanolang-native-work-S3P4F1/objects-fp5tRf/.nano-module-sUbU56
Generated list_ASTString_push.h and list_ASTString_push.c in /home/jkh/nanolang-qualification/native-full-609-linux/ordinary/tmp/nanolang-native-work-S3P4F1/objects-fp5tRf/.nano-module-sUbU56
Generated list_ASTString_get.h and list_ASTString_get.c in /home/jkh/nanolang-qualification/native-full-609-linux/ordinary/tmp/nanolang-native-work-S3P4F1/objects-fp5tRf/.nano-module-sUbU56
Generated list_ASTString_length.h and list_ASTString_length.c in /home/jkh/nanolang-qualification/native-full-609-linux/ordinary/tmp/nanolang-native-work-S3P4F1/objects-fp5tRf/.nano-module-sUbU56
Generated list_ASTBool_new.h and list_ASTBool_new.c in /home/jkh/nanolang-qualification/native-full-609-linux/ordinary/tmp/nanolang-native-work-S3P4F1/objects-fp5tRf/.nano-module-sUbU56
Generated list_ASTBool_push.h and list_ASTBool_push.c in /home/jkh/nanolang-qualification/native-full-609-linux/ordinary/tmp/nanolang-native-work-S3P4F1/objects-fp5tRf/.nano-module-sUbU56
Generated list_ASTBool_get.h and list_ASTBool_get.c in /home/jkh/nanolang-qualification/native-full-609-linux/ordinary/tmp/nanolang-native-work-S3P4F1/objects-fp5tRf/.nano-module-sUbU56
Generated list_ASTBool_length.h and list_ASTBool_length.c in /home/jkh/nanolang-qualification/native-full-609-linux/ordinary/tmp/nanolang-native-work-S3P4F1/objects-fp5tRf/.nano-module-sUbU56
Generated list_CompilerDiagnostic.h and list_CompilerDiagnostic.c in /home/jkh/nanolang-qualification/native-full-609-linux/ordinary/tmp/nanolang-native-work-S3P4F1/objects-fp5tRf/.nano-module-aIK93L
Generated list_LexerToken.h and list_LexerToken.c in /home/jkh/nanolang-qualification/native-full-609-linux/ordinary/tmp/nanolang-native-work-S3P4F1/objects-fp5tRf/.nano-module-aIK93L
Generated list_ASTStmtRef.h and list_ASTStmtRef.c in /home/jkh/nanolang-qualification/native-full-609-linux/ordinary/tmp/nanolang-native-work-S3P4F1/objects-fp5tRf/.nano-module-aIK93L
Generated list_ASTNumber.h and list_ASTNumber.c in /home/jkh/nanolang-qualification/native-full-609-linux/ordinary/tmp/nanolang-native-work-S3P4F1/objects-fp5tRf/.nano-module-aIK93L
Generated list_ASTFloat.h and list_ASTFloat.c in /home/jkh/nanolang-qualification/native-full-609-linux/ordinary/tmp/nanolang-native-work-S3P4F1/objects-fp5tRf/.nano-module-aIK93L
Generated list_ASTString.h and list_ASTString.c in /home/jkh/nanolang-qualification/native-full-609-linux/ordinary/tmp/nanolang-native-work-S3P4F1/objects-fp5tRf/.nano-module-aIK93L
Generated list_ASTBool.h and list_ASTBool.c in /home/jkh/nanolang-qualification/native-full-609-linux/ordinary/tmp/nanolang-native-work-S3P4F1/objects-fp5tRf/.nano-module-aIK93L
Generated list_ASTIdentifier.h and list_ASTIdentifier.c in /home/jkh/nanolang-qualification/native-full-609-linux/ordinary/tmp/nanolang-native-work-S3P4F1/objects-fp5tRf/.nano-module-aIK93L
Generated list_ASTBinaryOp.h and list_ASTBinaryOp.c in /home/jkh/nanolang-qualification/native-full-609-linux/ordinary/tmp/nanolang-native-work-S3P4F1/objects-fp5tRf/.nano-module-aIK93L
Generated list_ASTCall.h and list_ASTCall.c in /home/jkh/nanolang-qualification/native-full-609-linux/ordinary/tmp/nanolang-native-work-S3P4F1/objects-fp5tRf/.nano-module-aIK93L
Generated list_ASTModuleQualifiedCall.h and list_ASTModuleQualifiedCall.c in /home/jkh/nanolang-qualification/native-full-609-linux/ordinary/tmp/nanolang-native-work-S3P4F1/objects-fp5tRf/.nano-module-aIK93L
Generated list_ASTArrayLiteral.h and list_ASTArrayLiteral.c in /home/jkh/nanolang-qualification/native-full-609-linux/ordinary/tmp/nanolang-native-work-S3P4F1/objects-fp5tRf/.nano-module-aIK93L
Generated list_ASTLet.h and list_ASTLet.c in /home/jkh/nanolang-qualification/native-full-609-linux/ordinary/tmp/nanolang-native-work-S3P4F1/objects-fp5tRf/.nano-module-aIK93L
Generated list_ASTSet.h and list_ASTSet.c in /home/jkh/nanolang-qualification/native-full-609-linux/ordinary/tmp/nanolang-native-work-S3P4F1/objects-fp5tRf/.nano-module-aIK93L
Generated list_ASTIf.h and list_ASTIf.c in /home/jkh/nanolang-qualification/native-full-609-linux/ordinary/tmp/nanolang-native-work-S3P4F1/objects-fp5tRf/.nano-module-aIK93L
Generated list_ASTWhile.h and list_ASTWhile.c in /home/jkh/nanolang-qualification/native-full-609-linux/ordinary/tmp/nanolang-native-work-S3P4F1/objects-fp5tRf/.nano-module-aIK93L
Generated list_ASTFor.h and list_ASTFor.c in /home/jkh/nanolang-qualification/native-full-609-linux/ordinary/tmp/nanolang-native-work-S3P4F1/objects-fp5tRf/.nano-module-aIK93L
Generated list_ASTReturn.h and list_ASTReturn.c in /home/jkh/nanolang-qualification/native-full-609-linux/ordinary/tmp/nanolang-native-work-S3P4F1/objects-fp5tRf/.nano-module-aIK93L
Generated list_ASTBlock.h and list_ASTBlock.c in /home/jkh/nanolang-qualification/native-full-609-linux/ordinary/tmp/nanolang-native-work-S3P4F1/objects-fp5tRf/.nano-module-aIK93L
Generated list_ASTUnsafeBlock.h and list_ASTUnsafeBlock.c in /home/jkh/nanolang-qualification/native-full-609-linux/ordinary/tmp/nanolang-native-work-S3P4F1/objects-fp5tRf/.nano-module-aIK93L
Generated list_ASTPrint.h and list_ASTPrint.c in /home/jkh/nanolang-qualification/native-full-609-linux/ordinary/tmp/nanolang-native-work-S3P4F1/objects-fp5tRf/.nano-module-aIK93L
Generated list_ASTAssert.h and list_ASTAssert.c in /home/jkh/nanolang-qualification/native-full-609-linux/ordinary/tmp/nanolang-native-work-S3P4F1/objects-fp5tRf/.nano-module-aIK93L
Generated list_ASTFunction.h and list_ASTFunction.c in /home/jkh/nanolang-qualification/native-full-609-linux/ordinary/tmp/nanolang-native-work-S3P4F1/objects-fp5tRf/.nano-module-aIK93L
Generated list_ASTShadow.h and list_ASTShadow.c in /home/jkh/nanolang-qualification/native-full-609-linux/ordinary/tmp/nanolang-native-work-S3P4F1/objects-fp5tRf/.nano-module-aIK93L
Generated list_ASTStruct.h and list_ASTStruct.c in /home/jkh/nanolang-qualification/native-full-609-linux/ordinary/tmp/nanolang-native-work-S3P4F1/objects-fp5tRf/.nano-module-aIK93L
Generated list_ASTStructLiteral.h and list_ASTStructLiteral.c in /home/jkh/nanolang-qualification/native-full-609-linux/ordinary/tmp/nanolang-native-work-S3P4F1/objects-fp5tRf/.nano-module-aIK93L
Generated list_ASTFieldAccess.h and list_ASTFieldAccess.c in /home/jkh/nanolang-qualification/native-full-609-linux/ordinary/tmp/nanolang-native-work-S3P4F1/objects-fp5tRf/.nano-module-aIK93L
Generated list_ASTEnum.h and list_ASTEnum.c in /home/jkh/nanolang-qualification/native-full-609-linux/ordinary/tmp/nanolang-native-work-S3P4F1/objects-fp5tRf/.nano-module-aIK93L
Generated list_ASTUnion.h and list_ASTUnion.c in /home/jkh/nanolang-qualification/native-full-609-linux/ordinary/tmp/nanolang-native-work-S3P4F1/objects-fp5tRf/.nano-module-aIK93L
Generated list_ASTUnionConstruct.h and list_ASTUnionConstruct.c in /home/jkh/nanolang-qualification/native-full-609-linux/ordinary/tmp/nanolang-native-work-S3P4F1/objects-fp5tRf/.nano-module-aIK93L
Generated list_ASTMatch.h and list_ASTMatch.c in /home/jkh/nanolang-qualification/native-full-609-linux/ordinary/tmp/nanolang-native-work-S3P4F1/objects-fp5tRf/.nano-module-aIK93L
Generated list_ASTImport.h and list_ASTImport.c in /home/jkh/nanolang-qualification/native-full-609-linux/ordinary/tmp/nanolang-native-work-S3P4F1/objects-fp5tRf/.nano-module-aIK93L
Generated list_ASTOpaqueType.h and list_ASTOpaqueType.c in /home/jkh/nanolang-qualification/native-full-609-linux/ordinary/tmp/nanolang-native-work-S3P4F1/objects-fp5tRf/.nano-module-aIK93L
Generated list_ASTTupleLiteral.h and list_ASTTupleLiteral.c in /home/jkh/nanolang-qualification/native-full-609-linux/ordinary/tmp/nanolang-native-work-S3P4F1/objects-fp5tRf/.nano-module-aIK93L
Generated list_ASTTupleIndex.h and list_ASTTupleIndex.c in /home/jkh/nanolang-qualification/native-full-609-linux/ordinary/tmp/nanolang-native-work-S3P4F1/objects-fp5tRf/.nano-module-aIK93L
Generated list_ASTServiceDecl.h and list_ASTServiceDecl.c in /home/jkh/nanolang-qualification/native-full-609-linux/ordinary/tmp/nanolang-native-work-S3P4F1/objects-fp5tRf/.nano-module-aIK93L
Generated list_CompilerDiagnostic_new.h and list_CompilerDiagnostic_new.c in /home/jkh/nanolang-qualification/native-full-609-linux/ordinary/tmp/nanolang-native-work-S3P4F1/objects-fp5tRf/.nano-module-aIK93L
Generated list_CompilerDiagnostic_push.h and list_CompilerDiagnostic_push.c in /home/jkh/nanolang-qualification/native-full-609-linux/ordinary/tmp/nanolang-native-work-S3P4F1/objects-fp5tRf/.nano-module-aIK93L
Generated list_CompilerDiagnostic_get.h and list_CompilerDiagnostic_get.c in /home/jkh/nanolang-qualification/native-full-609-linux/ordinary/tmp/nanolang-native-work-S3P4F1/objects-fp5tRf/.nano-module-aIK93L
Generated list_CompilerDiagnostic_length.h and list_CompilerDiagnostic_length.c in /home/jkh/nanolang-qualification/native-full-609-linux/ordinary/tmp/nanolang-native-work-S3P4F1/objects-fp5tRf/.nano-module-aIK93L
Generated list_LexerToken_new.h and list_LexerToken_new.c in /home/jkh/nanolang-qualification/native-full-609-linux/ordinary/tmp/nanolang-native-work-S3P4F1/objects-fp5tRf/.nano-module-aIK93L
Generated list_LexerToken_push.h and list_LexerToken_push.c in /home/jkh/nanolang-qualification/native-full-609-linux/ordinary/tmp/nanolang-native-work-S3P4F1/objects-fp5tRf/.nano-module-aIK93L
Generated list_LexerToken_get.h and list_LexerToken_get.c in /home/jkh/nanolang-qualification/native-full-609-linux/ordinary/tmp/nanolang-native-work-S3P4F1/objects-fp5tRf/.nano-module-aIK93L
Generated list_LexerToken_length.h and list_LexerToken_length.c in /home/jkh/nanolang-qualification/native-full-609-linux/ordinary/tmp/nanolang-native-work-S3P4F1/objects-fp5tRf/.nano-module-aIK93L
Generated list_ASTStmtRef_new.h and list_ASTStmtRef_new.c in /home/jkh/nanolang-qualification/native-full-609-linux/ordinary/tmp/nanolang-native-work-S3P4F1/objects-fp5tRf/.nano-module-aIK93L
Generated list_ASTStmtRef_push.h and list_ASTStmtRef_push.c in /home/jkh/nanolang-qualification/native-full-609-linux/ordinary/tmp/nanolang-native-work-S3P4F1/objects-fp5tRf/.nano-module-aIK93L
Generated list_ASTStmtRef_get.h and list_ASTStmtRef_get.c in /home/jkh/nanolang-qualification/native-full-609-linux/ordinary/tmp/nanolang-native-work-S3P4F1/objects-fp5tRf/.nano-module-aIK93L
Generated list_ASTStmtRef_length.h and list_ASTStmtRef_length.c in /home/jkh/nanolang-qualification/native-full-609-linux/ordinary/tmp/nanolang-native-work-S3P4F1/objects-fp5tRf/.nano-module-aIK93L
Generated list_ASTNumber_new.h and list_ASTNumber_new.c in /home/jkh/nanolang-qualification/native-full-609-linux/ordinary/tmp/nanolang-native-work-S3P4F1/objects-fp5tRf/.nano-module-aIK93L
Generated list_ASTNumber_push.h and list_ASTNumber_push.c in /home/jkh/nanolang-qualification/native-full-609-linux/ordinary/tmp/nanolang-native-work-S3P4F1/objects-fp5tRf/.nano-module-aIK93L
Generated list_ASTNumber_get.h and list_ASTNumber_get.c in /home/jkh/nanolang-qualification/native-full-609-linux/ordinary/tmp/nanolang-native-work-S3P4F1/objects-fp5tRf/.nano-module-aIK93L
Generated list_ASTNumber_length.h and list_ASTNumber_length.c in /home/jkh/nanolang-qualification/native-full-609-linux/ordinary/tmp/nanolang-native-work-S3P4F1/objects-fp5tRf/.nano-module-aIK93L
Generated list_ASTFloat_new.h and list_ASTFloat_new.c in /home/jkh/nanolang-qualification/native-full-609-linux/ordinary/tmp/nanolang-native-work-S3P4F1/objects-fp5tRf/.nano-module-aIK93L
Generated list_ASTFloat_push.h and list_ASTFloat_push.c in /home/jkh/nanolang-qualification/native-full-609-linux/ordinary/tmp/nanolang-native-work-S3P4F1/objects-fp5tRf/.nano-module-aIK93L
Generated list_ASTFloat_get.h and list_ASTFloat_get.c in /home/jkh/nanolang-qualification/native-full-609-linux/ordinary/tmp/nanolang-native-work-S3P4F1/objects-fp5tRf/.nano-module-aIK93L
Generated list_ASTFloat_length.h and list_ASTFloat_length.c in /home/jkh/nanolang-qualification/native-full-609-linux/ordinary/tmp/nanolang-native-work-S3P4F1/objects-fp5tRf/.nano-module-aIK93L
Generated list_ASTString_new.h and list_ASTString_new.c in /home/jkh/nanolang-qualification/native-full-609-linux/ordinary/tmp/nanolang-native-work-S3P4F1/objects-fp5tRf/.nano-module-aIK93L
Generated list_ASTString_push.h and list_ASTString_push.c in /home/jkh/nanolang-qualification/native-full-609-linux/ordinary/tmp/nanolang-native-work-S3P4F1/objects-fp5tRf/.nano-module-aIK93L
Generated list_ASTString_get.h and list_ASTString_get.c in /home/jkh/nanolang-qualification/native-full-609-linux/ordinary/tmp/nanolang-native-work-S3P4F1/objects-fp5tRf/.nano-module-aIK93L
Generated list_ASTString_length.h and list_ASTString_length.c in /home/jkh/nanolang-qualification/native-full-609-linux/ordinary/tmp/nanolang-native-work-S3P4F1/objects-fp5tRf/.nano-module-aIK93L
Generated list_ASTBool_new.h and list_ASTBool_new.c in /home/jkh/nanolang-qualification/native-full-609-linux/ordinary/tmp/nanolang-native-work-S3P4F1/objects-fp5tRf/.nano-module-aIK93L
Generated list_ASTBool_push.h and list_ASTBool_push.c in /home/jkh/nanolang-qualification/native-full-609-linux/ordinary/tmp/nanolang-native-work-S3P4F1/objects-fp5tRf/.nano-module-aIK93L
Generated list_ASTBool_get.h and list_ASTBool_get.c in /home/jkh/nanolang-qualification/native-full-609-linux/ordinary/tmp/nanolang-native-work-S3P4F1/objects-fp5tRf/.nano-module-aIK93L
Generated list_ASTBool_length.h and list_ASTBool_length.c in /home/jkh/nanolang-qualification/native-full-609-linux/ordinary/tmp/nanolang-native-work-S3P4F1/objects-fp5tRf/.nano-module-aIK93L
Generated list_CompilerDiagnostic.h and list_CompilerDiagnostic.c in /home/jkh/nanolang-qualification/native-full-609-linux/ordinary/tmp/nanolang-native-work-S3P4F1/objects-fp5tRf/.nano-module-bRoBFl
Generated list_LexerToken.h and list_LexerToken.c in /home/jkh/nanolang-qualification/native-full-609-linux/ordinary/tmp/nanolang-native-work-S3P4F1/objects-fp5tRf/.nano-module-bRoBFl
Generated list_ASTStmtRef.h and list_ASTStmtRef.c in /home/jkh/nanolang-qualification/native-full-609-linux/ordinary/tmp/nanolang-native-work-S3P4F1/objects-fp5tRf/.nano-module-bRoBFl
Generated list_ASTNumber.h and list_ASTNumber.c in /home/jkh/nanolang-qualification/native-full-609-linux/ordinary/tmp/nanolang-native-work-S3P4F1/objects-fp5tRf/.nano-module-bRoBFl
Generated list_ASTFloat.h and list_ASTFloat.c in /home/jkh/nanolang-qualification/native-full-609-linux/ordinary/tmp/nanolang-native-work-S3P4F1/objects-fp5tRf/.nano-module-bRoBFl
Generated list_ASTString.h and list_ASTString.c in /home/jkh/nanolang-qualification/native-full-609-linux/ordinary/tmp/nanolang-native-work-S3P4F1/objects-fp5tRf/.nano-module-bRoBFl
Generated list_ASTBool.h and list_ASTBool.c in /home/jkh/nanolang-qualification/native-full-609-linux/ordinary/tmp/nanolang-native-work-S3P4F1/objects-fp5tRf/.nano-module-bRoBFl
Generated list_ASTIdentifier.h and list_ASTIdentifier.c in /home/jkh/nanolang-qualification/native-full-609-linux/ordinary/tmp/nanolang-native-work-S3P4F1/objects-fp5tRf/.nano-module-bRoBFl
Generated list_ASTBinaryOp.h and list_ASTBinaryOp.c in /home/jkh/nanolang-qualification/native-full-609-linux/ordinary/tmp/nanolang-native-work-S3P4F1/objects-fp5tRf/.nano-module-bRoBFl
Generated list_ASTCall.h and list_ASTCall.c in /home/jkh/nanolang-qualification/native-full-609-linux/ordinary/tmp/nanolang-native-work-S3P4F1/objects-fp5tRf/.nano-module-bRoBFl
Generated list_ASTModuleQualifiedCall.h and list_ASTModuleQualifiedCall.c in /home/jkh/nanolang-qualification/native-full-609-linux/ordinary/tmp/nanolang-native-work-S3P4F1/objects-fp5tRf/.nano-module-bRoBFl
Generated list_ASTArrayLiteral.h and list_ASTArrayLiteral.c in /home/jkh/nanolang-qualification/native-full-609-linux/ordinary/tmp/nanolang-native-work-S3P4F1/objects-fp5tRf/.nano-module-bRoBFl
Generated list_ASTLet.h and list_ASTLet.c in /home/jkh/nanolang-qualification/native-full-609-linux/ordinary/tmp/nanolang-native-work-S3P4F1/objects-fp5tRf/.nano-module-bRoBFl
Generated list_ASTSet.h and list_ASTSet.c in /home/jkh/nanolang-qualification/native-full-609-linux/ordinary/tmp/nanolang-native-work-S3P4F1/objects-fp5tRf/.nano-module-bRoBFl
Generated list_ASTIf.h and list_ASTIf.c in /home/jkh/nanolang-qualification/native-full-609-linux/ordinary/tmp/nanolang-native-work-S3P4F1/objects-fp5tRf/.nano-module-bRoBFl
Generated list_ASTWhile.h and list_ASTWhile.c in /home/jkh/nanolang-qualification/native-full-609-linux/ordinary/tmp/nanolang-native-work-S3P4F1/objects-fp5tRf/.nano-module-bRoBFl
Generated list_ASTFor.h and list_ASTFor.c in /home/jkh/nanolang-qualification/native-full-609-linux/ordinary/tmp/nanolang-native-work-S3P4F1/objects-fp5tRf/.nano-module-bRoBFl
Generated list_ASTReturn.h and list_ASTReturn.c in /home/jkh/nanolang-qualification/native-full-609-linux/ordinary/tmp/nanolang-native-work-S3P4F1/objects-fp5tRf/.nano-module-bRoBFl
Generated list_ASTBlock.h and list_ASTBlock.c in /home/jkh/nanolang-qualification/native-full-609-linux/ordinary/tmp/nanolang-native-work-S3P4F1/objects-fp5tRf/.nano-module-bRoBFl
Generated list_ASTUnsafeBlock.h and list_ASTUnsafeBlock.c in /home/jkh/nanolang-qualification/native-full-609-linux/ordinary/tmp/nanolang-native-work-S3P4F1/objects-fp5tRf/.nano-module-bRoBFl
Generated list_ASTPrint.h and list_ASTPrint.c in /home/jkh/nanolang-qualification/native-full-609-linux/ordinary/tmp/nanolang-native-work-S3P4F1/objects-fp5tRf/.nano-module-bRoBFl
Generated list_ASTAssert.h and list_ASTAssert.c in /home/jkh/nanolang-qualification/native-full-609-linux/ordinary/tmp/nanolang-native-work-S3P4F1/objects-fp5tRf/.nano-module-bRoBFl
Generated list_ASTFunction.h and list_ASTFunction.c in /home/jkh/nanolang-qualification/native-full-609-linux/ordinary/tmp/nanolang-native-work-S3P4F1/objects-fp5tRf/.nano-module-bRoBFl
Generated list_ASTShadow.h and list_ASTShadow.c in /home/jkh/nanolang-qualification/native-full-609-linux/ordinary/tmp/nanolang-native-work-S3P4F1/objects-fp5tRf/.nano-module-bRoBFl
Generated list_ASTStruct.h and list_ASTStruct.c in /home/jkh/nanolang-qualification/native-full-609-linux/ordinary/tmp/nanolang-native-work-S3P4F1/objects-fp5tRf/.nano-module-bRoBFl
Generated list_ASTStructLiteral.h and list_ASTStructLiteral.c in /home/jkh/nanolang-qualification/native-full-609-linux/ordinary/tmp/nanolang-native-work-S3P4F1/objects-fp5tRf/.nano-module-bRoBFl
Generated list_ASTFieldAccess.h and list_ASTFieldAccess.c in /home/jkh/nanolang-qualification/native-full-609-linux/ordinary/tmp/nanolang-native-work-S3P4F1/objects-fp5tRf/.nano-module-bRoBFl
Generated list_ASTEnum.h and list_ASTEnum.c in /home/jkh/nanolang-qualification/native-full-609-linux/ordinary/tmp/nanolang-native-work-S3P4F1/objects-fp5tRf/.nano-module-bRoBFl
Generated list_ASTUnion.h and list_ASTUnion.c in /home/jkh/nanolang-qualification/native-full-609-linux/ordinary/tmp/nanolang-native-work-S3P4F1/objects-fp5tRf/.nano-module-bRoBFl
Generated list_ASTUnionConstruct.h and list_ASTUnionConstruct.c in /home/jkh/nanolang-qualification/native-full-609-linux/ordinary/tmp/nanolang-native-work-S3P4F1/objects-fp5tRf/.nano-module-bRoBFl
Generated list_ASTMatch.h and list_ASTMatch.c in /home/jkh/nanolang-qualification/native-full-609-linux/ordinary/tmp/nanolang-native-work-S3P4F1/objects-fp5tRf/.nano-module-bRoBFl
Generated list_ASTImport.h and list_ASTImport.c in /home/jkh/nanolang-qualification/native-full-609-linux/ordinary/tmp/nanolang-native-work-S3P4F1/objects-fp5tRf/.nano-module-bRoBFl
Generated list_ASTOpaqueType.h and list_ASTOpaqueType.c in /home/jkh/nanolang-qualification/native-full-609-linux/ordinary/tmp/nanolang-native-work-S3P4F1/objects-fp5tRf/.nano-module-bRoBFl
Generated list_ASTTupleLiteral.h and list_ASTTupleLiteral.c in /home/jkh/nanolang-qualification/native-full-609-linux/ordinary/tmp/nanolang-native-work-S3P4F1/objects-fp5tRf/.nano-module-bRoBFl
Generated list_ASTTupleIndex.h and list_ASTTupleIndex.c in /home/jkh/nanolang-qualification/native-full-609-linux/ordinary/tmp/nanolang-native-work-S3P4F1/objects-fp5tRf/.nano-module-bRoBFl
Generated list_ASTServiceDecl.h and list_ASTServiceDecl.c in /home/jkh/nanolang-qualification/native-full-609-linux/ordinary/tmp/nanolang-native-work-S3P4F1/objects-fp5tRf/.nano-module-bRoBFl
Generated list_CompilerDiagnostic_new.h and list_CompilerDiagnostic_new.c in /home/jkh/nanolang-qualification/native-full-609-linux/ordinary/tmp/nanolang-native-work-S3P4F1/objects-fp5tRf/.nano-module-bRoBFl
Generated list_CompilerDiagnostic_push.h and list_CompilerDiagnostic_push.c in /home/jkh/nanolang-qualification/native-full-609-linux/ordinary/tmp/nanolang-native-work-S3P4F1/objects-fp5tRf/.nano-module-bRoBFl
Generated list_CompilerDiagnostic_get.h and list_CompilerDiagnostic_get.c in /home/jkh/nanolang-qualification/native-full-609-linux/ordinary/tmp/nanolang-native-work-S3P4F1/objects-fp5tRf/.nano-module-bRoBFl
Generated list_CompilerDiagnostic_length.h and list_CompilerDiagnostic_length.c in /home/jkh/nanolang-qualification/native-full-609-linux/ordinary/tmp/nanolang-native-work-S3P4F1/objects-fp5tRf/.nano-module-bRoBFl
Generated list_LexerToken_new.h and list_LexerToken_new.c in /home/jkh/nanolang-qualification/native-full-609-linux/ordinary/tmp/nanolang-native-work-S3P4F1/objects-fp5tRf/.nano-module-bRoBFl
Generated list_LexerToken_push.h and list_LexerToken_push.c in /home/jkh/nanolang-qualification/native-full-609-linux/ordinary/tmp/nanolang-native-work-S3P4F1/objects-fp5tRf/.nano-module-bRoBFl
Generated list_LexerToken_get.h and list_LexerToken_get.c in /home/jkh/nanolang-qualification/native-full-609-linux/ordinary/tmp/nanolang-native-work-S3P4F1/objects-fp5tRf/.nano-module-bRoBFl
Generated list_LexerToken_length.h and list_LexerToken_length.c in /home/jkh/nanolang-qualification/native-full-609-linux/ordinary/tmp/nanolang-native-work-S3P4F1/objects-fp5tRf/.nano-module-bRoBFl
Generated list_ASTStmtRef_new.h and list_ASTStmtRef_new.c in /home/jkh/nanolang-qualification/native-full-609-linux/ordinary/tmp/nanolang-native-work-S3P4F1/objects-fp5tRf/.nano-module-bRoBFl
Generated list_ASTStmtRef_push.h and list_ASTStmtRef_push.c in /home/jkh/nanolang-qualification/native-full-609-linux/ordinary/tmp/nanolang-native-work-S3P4F1/objects-fp5tRf/.nano-module-bRoBFl
Generated list_ASTStmtRef_get.h and list_ASTStmtRef_get.c in /home/jkh/nanolang-qualification/native-full-609-linux/ordinary/tmp/nanolang-native-work-S3P4F1/objects-fp5tRf/.nano-module-bRoBFl
Generated list_ASTStmtRef_length.h and list_ASTStmtRef_length.c in /home/jkh/nanolang-qualification/native-full-609-linux/ordinary/tmp/nanolang-native-work-S3P4F1/objects-fp5tRf/.nano-module-bRoBFl
Generated list_ASTNumber_new.h and list_ASTNumber_new.c in /home/jkh/nanolang-qualification/native-full-609-linux/ordinary/tmp/nanolang-native-work-S3P4F1/objects-fp5tRf/.nano-module-bRoBFl
Generated list_ASTNumber_push.h and list_ASTNumber_push.c in /home/jkh/nanolang-qualification/native-full-609-linux/ordinary/tmp/nanolang-native-work-S3P4F1/objects-fp5tRf/.nano-module-bRoBFl
Generated list_ASTNumber_get.h and list_ASTNumber_get.c in /home/jkh/nanolang-qualification/native-full-609-linux/ordinary/tmp/nanolang-native-work-S3P4F1/objects-fp5tRf/.nano-module-bRoBFl
Generated list_ASTNumber_length.h and list_ASTNumber_length.c in /home/jkh/nanolang-qualification/native-full-609-linux/ordinary/tmp/nanolang-native-work-S3P4F1/objects-fp5tRf/.nano-module-bRoBFl
Generated list_ASTFloat_new.h and list_ASTFloat_new.c in /home/jkh/nanolang-qualification/native-full-609-linux/ordinary/tmp/nanolang-native-work-S3P4F1/objects-fp5tRf/.nano-module-bRoBFl
Generated list_ASTFloat_push.h and list_ASTFloat_push.c in /home/jkh/nanolang-qualification/native-full-609-linux/ordinary/tmp/nanolang-native-work-S3P4F1/objects-fp5tRf/.nano-module-bRoBFl
Generated list_ASTFloat_get.h and list_ASTFloat_get.c in /home/jkh/nanolang-qualification/native-full-609-linux/ordinary/tmp/nanolang-native-work-S3P4F1/objects-fp5tRf/.nano-module-bRoBFl
Generated list_ASTFloat_length.h and list_ASTFloat_length.c in /home/jkh/nanolang-qualification/native-full-609-linux/ordinary/tmp/nanolang-native-work-S3P4F1/objects-fp5tRf/.nano-module-bRoBFl
Generated list_ASTString_new.h and list_ASTString_new.c in /home/jkh/nanolang-qualification/native-full-609-linux/ordinary/tmp/nanolang-native-work-S3P4F1/objects-fp5tRf/.nano-module-bRoBFl
Generated list_ASTString_push.h and list_ASTString_push.c in /home/jkh/nanolang-qualification/native-full-609-linux/ordinary/tmp/nanolang-native-work-S3P4F1/objects-fp5tRf/.nano-module-bRoBFl
Generated list_ASTString_get.h and list_ASTString_get.c in /home/jkh/nanolang-qualification/native-full-609-linux/ordinary/tmp/nanolang-native-work-S3P4F1/objects-fp5tRf/.nano-module-bRoBFl
Generated list_ASTString_length.h and list_ASTString_length.c in /home/jkh/nanolang-qualification/native-full-609-linux/ordinary/tmp/nanolang-native-work-S3P4F1/objects-fp5tRf/.nano-module-bRoBFl
Generated list_ASTBool_new.h and list_ASTBool_new.c in /home/jkh/nanolang-qualification/native-full-609-linux/ordinary/tmp/nanolang-native-work-S3P4F1/objects-fp5tRf/.nano-module-bRoBFl
Generated list_ASTBool_push.h and list_ASTBool_push.c in /home/jkh/nanolang-qualification/native-full-609-linux/ordinary/tmp/nanolang-native-work-S3P4F1/objects-fp5tRf/.nano-module-bRoBFl
Generated list_ASTBool_get.h and list_ASTBool_get.c in /home/jkh/nanolang-qualification/native-full-609-linux/ordinary/tmp/nanolang-native-work-S3P4F1/objects-fp5tRf/.nano-module-bRoBFl
Generated list_ASTBool_length.h and list_ASTBool_length.c in /home/jkh/nanolang-qualification/native-full-609-linux/ordinary/tmp/nanolang-native-work-S3P4F1/objects-fp5tRf/.nano-module-bRoBFl
Generated list_CompilerDiagnostic.h and list_CompilerDiagnostic.c in /home/jkh/nanolang-qualification/native-full-609-linux/ordinary/tmp/nanolang-native-work-S3P4F1/objects-fp5tRf/.nano-module-B4DxGk
Generated list_LexerToken.h and list_LexerToken.c in /home/jkh/nanolang-qualification/native-full-609-linux/ordinary/tmp/nanolang-native-work-S3P4F1/objects-fp5tRf/.nano-module-B4DxGk
Generated list_ASTStmtRef.h and list_ASTStmtRef.c in /home/jkh/nanolang-qualification/native-full-609-linux/ordinary/tmp/nanolang-native-work-S3P4F1/objects-fp5tRf/.nano-module-B4DxGk
Generated list_ASTNumber.h and list_ASTNumber.c in /home/jkh/nanolang-qualification/native-full-609-linux/ordinary/tmp/nanolang-native-work-S3P4F1/objects-fp5tRf/.nano-module-B4DxGk
Generated list_ASTFloat.h and list_ASTFloat.c in /home/jkh/nanolang-qualification/native-full-609-linux/ordinary/tmp/nanolang-native-work-S3P4F1/objects-fp5tRf/.nano-module-B4DxGk
Generated list_ASTString.h and list_ASTString.c in /home/jkh/nanolang-qualification/native-full-609-linux/ordinary/tmp/nanolang-native-work-S3P4F1/objects-fp5tRf/.nano-module-B4DxGk
Generated list_ASTBool.h and list_ASTBool.c in /home/jkh/nanolang-qualification/native-full-609-linux/ordinary/tmp/nanolang-native-work-S3P4F1/objects-fp5tRf/.nano-module-B4DxGk
Generated list_ASTIdentifier.h and list_ASTIdentifier.c in /home/jkh/nanolang-qualification/native-full-609-linux/ordinary/tmp/nanolang-native-work-S3P4F1/objects-fp5tRf/.nano-module-B4DxGk
Generated list_ASTBinaryOp.h and list_ASTBinaryOp.c in /home/jkh/nanolang-qualification/native-full-609-linux/ordinary/tmp/nanolang-native-work-S3P4F1/objects-fp5tRf/.nano-module-B4DxGk
Generated list_ASTCall.h and list_ASTCall.c in /home/jkh/nanolang-qualification/native-full-609-linux/ordinary/tmp/nanolang-native-work-S3P4F1/objects-fp5tRf/.nano-module-B4DxGk
Generated list_ASTModuleQualifiedCall.h and list_ASTModuleQualifiedCall.c in /home/jkh/nanolang-qualification/native-full-609-linux/ordinary/tmp/nanolang-native-work-S3P4F1/objects-fp5tRf/.nano-module-B4DxGk
Generated list_ASTArrayLiteral.h and list_ASTArrayLiteral.c in /home/jkh/nanolang-qualification/native-full-609-linux/ordinary/tmp/nanolang-native-work-S3P4F1/objects-fp5tRf/.nano-module-B4DxGk
Generated list_ASTLet.h and list_ASTLet.c in /home/jkh/nanolang-qualification/native-full-609-linux/ordinary/tmp/nanolang-native-work-S3P4F1/objects-fp5tRf/.nano-module-B4DxGk
Generated list_ASTSet.h and list_ASTSet.c in /home/jkh/nanolang-qualification/native-full-609-linux/ordinary/tmp/nanolang-native-work-S3P4F1/objects-fp5tRf/.nano-module-B4DxGk
Generated list_ASTIf.h and list_ASTIf.c in /home/jkh/nanolang-qualification/native-full-609-linux/ordinary/tmp/nanolang-native-work-S3P4F1/objects-fp5tRf/.nano-module-B4DxGk
Generated list_ASTWhile.h and list_ASTWhile.c in /home/jkh/nanolang-qualification/native-full-609-linux/ordinary/tmp/nanolang-native-work-S3P4F1/objects-fp5tRf/.nano-module-B4DxGk
Generated list_ASTFor.h and list_ASTFor.c in /home/jkh/nanolang-qualification/native-full-609-linux/ordinary/tmp/nanolang-native-work-S3P4F1/objects-fp5tRf/.nano-module-B4DxGk
Generated list_ASTReturn.h and list_ASTReturn.c in /home/jkh/nanolang-qualification/native-full-609-linux/ordinary/tmp/nanolang-native-work-S3P4F1/objects-fp5tRf/.nano-module-B4DxGk
Generated list_ASTBlock.h and list_ASTBlock.c in /home/jkh/nanolang-qualification/native-full-609-linux/ordinary/tmp/nanolang-native-work-S3P4F1/objects-fp5tRf/.nano-module-B4DxGk
Generated list_ASTUnsafeBlock.h and list_ASTUnsafeBlock.c in /home/jkh/nanolang-qualification/native-full-609-linux/ordinary/tmp/nanolang-native-work-S3P4F1/objects-fp5tRf/.nano-module-B4DxGk
Generated list_ASTPrint.h and list_ASTPrint.c in /home/jkh/nanolang-qualification/native-full-609-linux/ordinary/tmp/nanolang-native-work-S3P4F1/objects-fp5tRf/.nano-module-B4DxGk
Generated list_ASTAssert.h and list_ASTAssert.c in /home/jkh/nanolang-qualification/native-full-609-linux/ordinary/tmp/nanolang-native-work-S3P4F1/objects-fp5tRf/.nano-module-B4DxGk
Generated list_ASTFunction.h and list_ASTFunction.c in /home/jkh/nanolang-qualification/native-full-609-linux/ordinary/tmp/nanolang-native-work-S3P4F1/objects-fp5tRf/.nano-module-B4DxGk
Generated list_ASTShadow.h and list_ASTShadow.c in /home/jkh/nanolang-qualification/native-full-609-linux/ordinary/tmp/nanolang-native-work-S3P4F1/objects-fp5tRf/.nano-module-B4DxGk
Generated list_ASTStruct.h and list_ASTStruct.c in /home/jkh/nanolang-qualification/native-full-609-linux/ordinary/tmp/nanolang-native-work-S3P4F1/objects-fp5tRf/.nano-module-B4DxGk
Generated list_ASTStructLiteral.h and list_ASTStructLiteral.c in /home/jkh/nanolang-qualification/native-full-609-linux/ordinary/tmp/nanolang-native-work-S3P4F1/objects-fp5tRf/.nano-module-B4DxGk
Generated list_ASTFieldAccess.h and list_ASTFieldAccess.c in /home/jkh/nanolang-qualification/native-full-609-linux/ordinary/tmp/nanolang-native-work-S3P4F1/objects-fp5tRf/.nano-module-B4DxGk
Generated list_ASTEnum.h and list_ASTEnum.c in /home/jkh/nanolang-qualification/native-full-609-linux/ordinary/tmp/nanolang-native-work-S3P4F1/objects-fp5tRf/.nano-module-B4DxGk
Generated list_ASTUnion.h and list_ASTUnion.c in /home/jkh/nanolang-qualification/native-full-609-linux/ordinary/tmp/nanolang-native-work-S3P4F1/objects-fp5tRf/.nano-module-B4DxGk
Generated list_ASTUnionConstruct.h and list_ASTUnionConstruct.c in /home/jkh/nanolang-qualification/native-full-609-linux/ordinary/tmp/nanolang-native-work-S3P4F1/objects-fp5tRf/.nano-module-B4DxGk
Generated list_ASTMatch.h and list_ASTMatch.c in /home/jkh/nanolang-qualification/native-full-609-linux/ordinary/tmp/nanolang-native-work-S3P4F1/objects-fp5tRf/.nano-module-B4DxGk
Generated list_ASTImport.h and list_ASTImport.c in /home/jkh/nanolang-qualification/native-full-609-linux/ordinary/tmp/nanolang-native-work-S3P4F1/objects-fp5tRf/.nano-module-B4DxGk
Generated list_ASTOpaqueType.h and list_ASTOpaqueType.c in /home/jkh/nanolang-qualification/native-full-609-linux/ordinary/tmp/nanolang-native-work-S3P4F1/objects-fp5tRf/.nano-module-B4DxGk
Generated list_ASTTupleLiteral.h and list_ASTTupleLiteral.c in /home/jkh/nanolang-qualification/native-full-609-linux/ordinary/tmp/nanolang-native-work-S3P4F1/objects-fp5tRf/.nano-module-B4DxGk
Generated list_ASTTupleIndex.h and list_ASTTupleIndex.c in /home/jkh/nanolang-qualification/native-full-609-linux/ordinary/tmp/nanolang-native-work-S3P4F1/objects-fp5tRf/.nano-module-B4DxGk
Generated list_ASTServiceDecl.h and list_ASTServiceDecl.c in /home/jkh/nanolang-qualification/native-full-609-linux/ordinary/tmp/nanolang-native-work-S3P4F1/objects-fp5tRf/.nano-module-B4DxGk
Generated list_CompilerDiagnostic_new.h and list_CompilerDiagnostic_new.c in /home/jkh/nanolang-qualification/native-full-609-linux/ordinary/tmp/nanolang-native-work-S3P4F1/objects-fp5tRf/.nano-module-B4DxGk
Generated list_CompilerDiagnostic_push.h and list_CompilerDiagnostic_push.c in /home/jkh/nanolang-qualification/native-full-609-linux/ordinary/tmp/nanolang-native-work-S3P4F1/objects-fp5tRf/.nano-module-B4DxGk
Generated list_CompilerDiagnostic_get.h and list_CompilerDiagnostic_get.c in /home/jkh/nanolang-qualification/native-full-609-linux/ordinary/tmp/nanolang-native-work-S3P4F1/objects-fp5tRf/.nano-module-B4DxGk
Generated list_CompilerDiagnostic_length.h and list_CompilerDiagnostic_length.c in /home/jkh/nanolang-qualification/native-full-609-linux/ordinary/tmp/nanolang-native-work-S3P4F1/objects-fp5tRf/.nano-module-B4DxGk
Generated list_LexerToken_new.h and list_LexerToken_new.c in /home/jkh/nanolang-qualification/native-full-609-linux/ordinary/tmp/nanolang-native-work-S3P4F1/objects-fp5tRf/.nano-module-B4DxGk
Generated list_LexerToken_push.h and list_LexerToken_push.c in /home/jkh/nanolang-qualification/native-full-609-linux/ordinary/tmp/nanolang-native-work-S3P4F1/objects-fp5tRf/.nano-module-B4DxGk
Generated list_LexerToken_get.h and list_LexerToken_get.c in /home/jkh/nanolang-qualification/native-full-609-linux/ordinary/tmp/nanolang-native-work-S3P4F1/objects-fp5tRf/.nano-module-B4DxGk
Generated list_LexerToken_length.h and list_LexerToken_length.c in /home/jkh/nanolang-qualification/native-full-609-linux/ordinary/tmp/nanolang-native-work-S3P4F1/objects-fp5tRf/.nano-module-B4DxGk
Generated list_ASTStmtRef_new.h and list_ASTStmtRef_new.c in /home/jkh/nanolang-qualification/native-full-609-linux/ordinary/tmp/nanolang-native-work-S3P4F1/objects-fp5tRf/.nano-module-B4DxGk
Generated list_ASTStmtRef_push.h and list_ASTStmtRef_push.c in /home/jkh/nanolang-qualification/native-full-609-linux/ordinary/tmp/nanolang-native-work-S3P4F1/objects-fp5tRf/.nano-module-B4DxGk
Generated list_ASTStmtRef_get.h and list_ASTStmtRef_get.c in /home/jkh/nanolang-qualification/native-full-609-linux/ordinary/tmp/nanolang-native-work-S3P4F1/objects-fp5tRf/.nano-module-B4DxGk
Generated list_ASTStmtRef_length.h and list_ASTStmtRef_length.c in /home/jkh/nanolang-qualification/native-full-609-linux/ordinary/tmp/nanolang-native-work-S3P4F1/objects-fp5tRf/.nano-module-B4DxGk
Generated list_ASTNumber_new.h and list_ASTNumber_new.c in /home/jkh/nanolang-qualification/native-full-609-linux/ordinary/tmp/nanolang-native-work-S3P4F1/objects-fp5tRf/.nano-module-B4DxGk
Generated list_ASTNumber_push.h and list_ASTNumber_push.c in /home/jkh/nanolang-qualification/native-full-609-linux/ordinary/tmp/nanolang-native-work-S3P4F1/objects-fp5tRf/.nano-module-B4DxGk
Generated list_ASTNumber_get.h and list_ASTNumber_get.c in /home/jkh/nanolang-qualification/native-full-609-linux/ordinary/tmp/nanolang-native-work-S3P4F1/objects-fp5tRf/.nano-module-B4DxGk
Generated list_ASTNumber_length.h and list_ASTNumber_length.c in /home/jkh/nanolang-qualification/native-full-609-linux/ordinary/tmp/nanolang-native-work-S3P4F1/objects-fp5tRf/.nano-module-B4DxGk
Generated list_ASTFloat_new.h and list_ASTFloat_new.c in /home/jkh/nanolang-qualification/native-full-609-linux/ordinary/tmp/nanolang-native-work-S3P4F1/objects-fp5tRf/.nano-module-B4DxGk
Generated list_ASTFloat_push.h and list_ASTFloat_push.c in /home/jkh/nanolang-qualification/native-full-609-linux/ordinary/tmp/nanolang-native-work-S3P4F1/objects-fp5tRf/.nano-module-B4DxGk
Generated list_ASTFloat_get.h and list_ASTFloat_get.c in /home/jkh/nanolang-qualification/native-full-609-linux/ordinary/tmp/nanolang-native-work-S3P4F1/objects-fp5tRf/.nano-module-B4DxGk
Generated list_ASTFloat_length.h and list_ASTFloat_length.c in /home/jkh/nanolang-qualification/native-full-609-linux/ordinary/tmp/nanolang-native-work-S3P4F1/objects-fp5tRf/.nano-module-B4DxGk
Generated list_ASTString_new.h and list_ASTString_new.c in /home/jkh/nanolang-qualification/native-full-609-linux/ordinary/tmp/nanolang-native-work-S3P4F1/objects-fp5tRf/.nano-module-B4DxGk
Generated list_ASTString_push.h and list_ASTString_push.c in /home/jkh/nanolang-qualification/native-full-609-linux/ordinary/tmp/nanolang-native-work-S3P4F1/objects-fp5tRf/.nano-module-B4DxGk
Generated list_ASTString_get.h and list_ASTString_get.c in /home/jkh/nanolang-qualification/native-full-609-linux/ordinary/tmp/nanolang-native-work-S3P4F1/objects-fp5tRf/.nano-module-B4DxGk
Generated list_ASTString_length.h and list_ASTString_length.c in /home/jkh/nanolang-qualification/native-full-609-linux/ordinary/tmp/nanolang-native-work-S3P4F1/objects-fp5tRf/.nano-module-B4DxGk
Generated list_ASTBool_new.h and list_ASTBool_new.c in /home/jkh/nanolang-qualification/native-full-609-linux/ordinary/tmp/nanolang-native-work-S3P4F1/objects-fp5tRf/.nano-module-B4DxGk
Generated list_ASTBool_push.h and list_ASTBool_push.c in /home/jkh/nanolang-qualification/native-full-609-linux/ordinary/tmp/nanolang-native-work-S3P4F1/objects-fp5tRf/.nano-module-B4DxGk
Generated list_ASTBool_get.h and list_ASTBool_get.c in /home/jkh/nanolang-qualification/native-full-609-linux/ordinary/tmp/nanolang-native-work-S3P4F1/objects-fp5tRf/.nano-module-B4DxGk
Generated list_ASTBool_length.h and list_ASTBool_length.c in /home/jkh/nanolang-qualification/native-full-609-linux/ordinary/tmp/nanolang-native-work-S3P4F1/objects-fp5tRf/.nano-module-B4DxGk
Warning at line 484, column 17: Unused variable 'dropped'
Warning at line 494, column 13: Unused variable 'dropped'
Warning at line 505, column 13: Unused variable 'dropped'
Warning at line 529, column 1: Unused variable 'owner'
Warning at line 529, column 1: Unused variable 'root'
Generated list_CompilerDiagnostic.h and list_CompilerDiagnostic.c in /home/jkh/nanolang-qualification/native-full-609-linux/ordinary/tmp/nanolang-native-work-S3P4F1/objects-fp5tRf/.nano-module-qphw1J
Generated list_LexerToken.h and list_LexerToken.c in /home/jkh/nanolang-qualification/native-full-609-linux/ordinary/tmp/nanolang-native-work-S3P4F1/objects-fp5tRf/.nano-module-qphw1J
Generated list_ASTStmtRef.h and list_ASTStmtRef.c in /home/jkh/nanolang-qualification/native-full-609-linux/ordinary/tmp/nanolang-native-work-S3P4F1/objects-fp5tRf/.nano-module-qphw1J
Generated list_ASTNumber.h and list_ASTNumber.c in /home/jkh/nanolang-qualification/native-full-609-linux/ordinary/tmp/nanolang-native-work-S3P4F1/objects-fp5tRf/.nano-module-qphw1J
Generated list_ASTFloat.h and list_ASTFloat.c in /home/jkh/nanolang-qualification/native-full-609-linux/ordinary/tmp/nanolang-native-work-S3P4F1/objects-fp5tRf/.nano-module-qphw1J
Generated list_ASTString.h and list_ASTString.c in /home/jkh/nanolang-qualification/native-full-609-linux/ordinary/tmp/nanolang-native-work-S3P4F1/objects-fp5tRf/.nano-module-qphw1J
Generated list_ASTBool.h and list_ASTBool.c in /home/jkh/nanolang-qualification/native-full-609-linux/ordinary/tmp/nanolang-native-work-S3P4F1/objects-fp5tRf/.nano-module-qphw1J
Generated list_ASTIdentifier.h and list_ASTIdentifier.c in /home/jkh/nanolang-qualification/native-full-609-linux/ordinary/tmp/nanolang-native-work-S3P4F1/objects-fp5tRf/.nano-module-qphw1J
Generated list_ASTBinaryOp.h and list_ASTBinaryOp.c in /home/jkh/nanolang-qualification/native-full-609-linux/ordinary/tmp/nanolang-native-work-S3P4F1/objects-fp5tRf/.nano-module-qphw1J
Generated list_ASTCall.h and list_ASTCall.c in /home/jkh/nanolang-qualification/native-full-609-linux/ordinary/tmp/nanolang-native-work-S3P4F1/objects-fp5tRf/.nano-module-qphw1J
Generated list_ASTModuleQualifiedCall.h and list_ASTModuleQualifiedCall.c in /home/jkh/nanolang-qualification/native-full-609-linux/ordinary/tmp/nanolang-native-work-S3P4F1/objects-fp5tRf/.nano-module-qphw1J
Generated list_ASTArrayLiteral.h and list_ASTArrayLiteral.c in /home/jkh/nanolang-qualification/native-full-609-linux/ordinary/tmp/nanolang-native-work-S3P4F1/objects-fp5tRf/.nano-module-qphw1J
Generated list_ASTLet.h and list_ASTLet.c in /home/jkh/nanolang-qualification/native-full-609-linux/ordinary/tmp/nanolang-native-work-S3P4F1/objects-fp5tRf/.nano-module-qphw1J
Generated list_ASTSet.h and list_ASTSet.c in /home/jkh/nanolang-qualification/native-full-609-linux/ordinary/tmp/nanolang-native-work-S3P4F1/objects-fp5tRf/.nano-module-qphw1J
Generated list_ASTIf.h and list_ASTIf.c in /home/jkh/nanolang-qualification/native-full-609-linux/ordinary/tmp/nanolang-native-work-S3P4F1/objects-fp5tRf/.nano-module-qphw1J
Generated list_ASTWhile.h and list_ASTWhile.c in /home/jkh/nanolang-qualification/native-full-609-linux/ordinary/tmp/nanolang-native-work-S3P4F1/objects-fp5tRf/.nano-module-qphw1J
Generated list_ASTFor.h and list_ASTFor.c in /home/jkh/nanolang-qualification/native-full-609-linux/ordinary/tmp/nanolang-native-work-S3P4F1/objects-fp5tRf/.nano-module-qphw1J
Generated list_ASTReturn.h and list_ASTReturn.c in /home/jkh/nanolang-qualification/native-full-609-linux/ordinary/tmp/nanolang-native-work-S3P4F1/objects-fp5tRf/.nano-module-qphw1J
Generated list_ASTBlock.h and list_ASTBlock.c in /home/jkh/nanolang-qualification/native-full-609-linux/ordinary/tmp/nanolang-native-work-S3P4F1/objects-fp5tRf/.nano-module-qphw1J
Generated list_ASTUnsafeBlock.h and list_ASTUnsafeBlock.c in /home/jkh/nanolang-qualification/native-full-609-linux/ordinary/tmp/nanolang-native-work-S3P4F1/objects-fp5tRf/.nano-module-qphw1J
Generated list_ASTPrint.h and list_ASTPrint.c in /home/jkh/nanolang-qualification/native-full-609-linux/ordinary/tmp/nanolang-native-work-S3P4F1/objects-fp5tRf/.nano-module-qphw1J
Generated list_ASTAssert.h and list_ASTAssert.c in /home/jkh/nanolang-qualification/native-full-609-linux/ordinary/tmp/nanolang-native-work-S3P4F1/objects-fp5tRf/.nano-module-qphw1J
Generated list_ASTFunction.h and list_ASTFunction.c in /home/jkh/nanolang-qualification/native-full-609-linux/ordinary/tmp/nanolang-native-work-S3P4F1/objects-fp5tRf/.nano-module-qphw1J
Generated list_ASTShadow.h and list_ASTShadow.c in /home/jkh/nanolang-qualification/native-full-609-linux/ordinary/tmp/nanolang-native-work-S3P4F1/objects-fp5tRf/.nano-module-qphw1J
Generated list_ASTStruct.h and list_ASTStruct.c in /home/jkh/nanolang-qualification/native-full-609-linux/ordinary/tmp/nanolang-native-work-S3P4F1/objects-fp5tRf/.nano-module-qphw1J
Generated list_ASTStructLiteral.h and list_ASTStructLiteral.c in /home/jkh/nanolang-qualification/native-full-609-linux/ordinary/tmp/nanolang-native-work-S3P4F1/objects-fp5tRf/.nano-module-qphw1J
Generated list_ASTFieldAccess.h and list_ASTFieldAccess.c in /home/jkh/nanolang-qualification/native-full-609-linux/ordinary/tmp/nanolang-native-work-S3P4F1/objects-fp5tRf/.nano-module-qphw1J
Generated list_ASTEnum.h and list_ASTEnum.c in /home/jkh/nanolang-qualification/native-full-609-linux/ordinary/tmp/nanolang-native-work-S3P4F1/objects-fp5tRf/.nano-module-qphw1J
Generated list_ASTUnion.h and list_ASTUnion.c in /home/jkh/nanolang-qualification/native-full-609-linux/ordinary/tmp/nanolang-native-work-S3P4F1/objects-fp5tRf/.nano-module-qphw1J
Generated list_ASTUnionConstruct.h and list_ASTUnionConstruct.c in /home/jkh/nanolang-qualification/native-full-609-linux/ordinary/tmp/nanolang-native-work-S3P4F1/objects-fp5tRf/.nano-module-qphw1J
Generated list_ASTMatch.h and list_ASTMatch.c in /home/jkh/nanolang-qualification/native-full-609-linux/ordinary/tmp/nanolang-native-work-S3P4F1/objects-fp5tRf/.nano-module-qphw1J
Generated list_ASTImport.h and list_ASTImport.c in /home/jkh/nanolang-qualification/native-full-609-linux/ordinary/tmp/nanolang-native-work-S3P4F1/objects-fp5tRf/.nano-module-qphw1J
Generated list_ASTOpaqueType.h and list_ASTOpaqueType.c in /home/jkh/nanolang-qualification/native-full-609-linux/ordinary/tmp/nanolang-native-work-S3P4F1/objects-fp5tRf/.nano-module-qphw1J
Generated list_ASTTupleLiteral.h and list_ASTTupleLiteral.c in /home/jkh/nanolang-qualification/native-full-609-linux/ordinary/tmp/nanolang-native-work-S3P4F1/objects-fp5tRf/.nano-module-qphw1J
Generated list_ASTTupleIndex.h and list_ASTTupleIndex.c in /home/jkh/nanolang-qualification/native-full-609-linux/ordinary/tmp/nanolang-native-work-S3P4F1/objects-fp5tRf/.nano-module-qphw1J
Generated list_ASTServiceDecl.h and list_ASTServiceDecl.c in /home/jkh/nanolang-qualification/native-full-609-linux/ordinary/tmp/nanolang-native-work-S3P4F1/objects-fp5tRf/.nano-module-qphw1J
Generated list_CompilerDiagnostic_new.h and list_CompilerDiagnostic_new.c in /home/jkh/nanolang-qualification/native-full-609-linux/ordinary/tmp/nanolang-native-work-S3P4F1/objects-fp5tRf/.nano-module-qphw1J
Generated list_CompilerDiagnostic_push.h and list_CompilerDiagnostic_push.c in /home/jkh/nanolang-qualification/native-full-609-linux/ordinary/tmp/nanolang-native-work-S3P4F1/objects-fp5tRf/.nano-module-qphw1J
Generated list_CompilerDiagnostic_get.h and list_CompilerDiagnostic_get.c in /home/jkh/nanolang-qualification/native-full-609-linux/ordinary/tmp/nanolang-native-work-S3P4F1/objects-fp5tRf/.nano-module-qphw1J
Generated list_CompilerDiagnostic_length.h and list_CompilerDiagnostic_length.c in /home/jkh/nanolang-qualification/native-full-609-linux/ordinary/tmp/nanolang-native-work-S3P4F1/objects-fp5tRf/.nano-module-qphw1J
Generated list_LexerToken_new.h and list_LexerToken_new.c in /home/jkh/nanolang-qualification/native-full-609-linux/ordinary/tmp/nanolang-native-work-S3P4F1/objects-fp5tRf/.nano-module-qphw1J
Generated list_LexerToken_push.h and list_LexerToken_push.c in /home/jkh/nanolang-qualification/native-full-609-linux/ordinary/tmp/nanolang-native-work-S3P4F1/objects-fp5tRf/.nano-module-qphw1J
Generated list_LexerToken_get.h and list_LexerToken_get.c in /home/jkh/nanolang-qualification/native-full-609-linux/ordinary/tmp/nanolang-native-work-S3P4F1/objects-fp5tRf/.nano-module-qphw1J
Generated list_LexerToken_length.h and list_LexerToken_length.c in /home/jkh/nanolang-qualification/native-full-609-linux/ordinary/tmp/nanolang-native-work-S3P4F1/objects-fp5tRf/.nano-module-qphw1J
Generated list_ASTStmtRef_new.h and list_ASTStmtRef_new.c in /home/jkh/nanolang-qualification/native-full-609-linux/ordinary/tmp/nanolang-native-work-S3P4F1/objects-fp5tRf/.nano-module-qphw1J
Generated list_ASTStmtRef_push.h and list_ASTStmtRef_push.c in /home/jkh/nanolang-qualification/native-full-609-linux/ordinary/tmp/nanolang-native-work-S3P4F1/objects-fp5tRf/.nano-module-qphw1J
Generated list_ASTStmtRef_get.h and list_ASTStmtRef_get.c in /home/jkh/nanolang-qualification/native-full-609-linux/ordinary/tmp/nanolang-native-work-S3P4F1/objects-fp5tRf/.nano-module-qphw1J
Generated list_ASTStmtRef_length.h and list_ASTStmtRef_length.c in /home/jkh/nanolang-qualification/native-full-609-linux/ordinary/tmp/nanolang-native-work-S3P4F1/objects-fp5tRf/.nano-module-qphw1J
Generated list_ASTNumber_new.h and list_ASTNumber_new.c in /home/jkh/nanolang-qualification/native-full-609-linux/ordinary/tmp/nanolang-native-work-S3P4F1/objects-fp5tRf/.nano-module-qphw1J
Generated list_ASTNumber_push.h and list_ASTNumber_push.c in /home/jkh/nanolang-qualification/native-full-609-linux/ordinary/tmp/nanolang-native-work-S3P4F1/objects-fp5tRf/.nano-module-qphw1J
Generated list_ASTNumber_get.h and list_ASTNumber_get.c in /home/jkh/nanolang-qualification/native-full-609-linux/ordinary/tmp/nanolang-native-work-S3P4F1/objects-fp5tRf/.nano-module-qphw1J
Generated list_ASTNumber_length.h and list_ASTNumber_length.c in /home/jkh/nanolang-qualification/native-full-609-linux/ordinary/tmp/nanolang-native-work-S3P4F1/objects-fp5tRf/.nano-module-qphw1J
Generated list_ASTFloat_new.h and list_ASTFloat_new.c in /home/jkh/nanolang-qualification/native-full-609-linux/ordinary/tmp/nanolang-native-work-S3P4F1/objects-fp5tRf/.nano-module-qphw1J
Generated list_ASTFloat_push.h and list_ASTFloat_push.c in /home/jkh/nanolang-qualification/native-full-609-linux/ordinary/tmp/nanolang-native-work-S3P4F1/objects-fp5tRf/.nano-module-qphw1J
Generated list_ASTFloat_get.h and list_ASTFloat_get.c in /home/jkh/nanolang-qualification/native-full-609-linux/ordinary/tmp/nanolang-native-work-S3P4F1/objects-fp5tRf/.nano-module-qphw1J
Generated list_ASTFloat_length.h and list_ASTFloat_length.c in /home/jkh/nanolang-qualification/native-full-609-linux/ordinary/tmp/nanolang-native-work-S3P4F1/objects-fp5tRf/.nano-module-qphw1J
Generated list_ASTString_new.h and list_ASTString_new.c in /home/jkh/nanolang-qualification/native-full-609-linux/ordinary/tmp/nanolang-native-work-S3P4F1/objects-fp5tRf/.nano-module-qphw1J
Generated list_ASTString_push.h and list_ASTString_push.c in /home/jkh/nanolang-qualification/native-full-609-linux/ordinary/tmp/nanolang-native-work-S3P4F1/objects-fp5tRf/.nano-module-qphw1J
Generated list_ASTString_get.h and list_ASTString_get.c in /home/jkh/nanolang-qualification/native-full-609-linux/ordinary/tmp/nanolang-native-work-S3P4F1/objects-fp5tRf/.nano-module-qphw1J
Generated list_ASTString_length.h and list_ASTString_length.c in /home/jkh/nanolang-qualification/native-full-609-linux/ordinary/tmp/nanolang-native-work-S3P4F1/objects-fp5tRf/.nano-module-qphw1J
Generated list_ASTBool_new.h and list_ASTBool_new.c in /home/jkh/nanolang-qualification/native-full-609-linux/ordinary/tmp/nanolang-native-work-S3P4F1/objects-fp5tRf/.nano-module-qphw1J
Generated list_ASTBool_push.h and list_ASTBool_push.c in /home/jkh/nanolang-qualification/native-full-609-linux/ordinary/tmp/nanolang-native-work-S3P4F1/objects-fp5tRf/.nano-module-qphw1J
Generated list_ASTBool_get.h and list_ASTBool_get.c in /home/jkh/nanolang-qualification/native-full-609-linux/ordinary/tmp/nanolang-native-work-S3P4F1/objects-fp5tRf/.nano-module-qphw1J
Generated list_ASTBool_length.h and list_ASTBool_length.c in /home/jkh/nanolang-qualification/native-full-609-linux/ordinary/tmp/nanolang-native-work-S3P4F1/objects-fp5tRf/.nano-module-qphw1J
Generated list_CompilerDiagnostic.h and list_CompilerDiagnostic.c in /home/jkh/nanolang-qualification/native-full-609-linux/ordinary/tmp/nanolang-native-work-S3P4F1/objects-fp5tRf/.nano-module-re5eM3
Generated list_LexerToken.h and list_LexerToken.c in /home/jkh/nanolang-qualification/native-full-609-linux/ordinary/tmp/nanolang-native-work-S3P4F1/objects-fp5tRf/.nano-module-re5eM3
Generated list_ASTStmtRef.h and list_ASTStmtRef.c in /home/jkh/nanolang-qualification/native-full-609-linux/ordinary/tmp/nanolang-native-work-S3P4F1/objects-fp5tRf/.nano-module-re5eM3
Generated list_ASTNumber.h and list_ASTNumber.c in /home/jkh/nanolang-qualification/native-full-609-linux/ordinary/tmp/nanolang-native-work-S3P4F1/objects-fp5tRf/.nano-module-re5eM3
Generated list_ASTFloat.h and list_ASTFloat.c in /home/jkh/nanolang-qualification/native-full-609-linux/ordinary/tmp/nanolang-native-work-S3P4F1/objects-fp5tRf/.nano-module-re5eM3
Generated list_ASTString.h and list_ASTString.c in /home/jkh/nanolang-qualification/native-full-609-linux/ordinary/tmp/nanolang-native-work-S3P4F1/objects-fp5tRf/.nano-module-re5eM3
Generated list_ASTBool.h and list_ASTBool.c in /home/jkh/nanolang-qualification/native-full-609-linux/ordinary/tmp/nanolang-native-work-S3P4F1/objects-fp5tRf/.nano-module-re5eM3
Generated list_ASTIdentifier.h and list_ASTIdentifier.c in /home/jkh/nanolang-qualification/native-full-609-linux/ordinary/tmp/nanolang-native-work-S3P4F1/objects-fp5tRf/.nano-module-re5eM3
Generated list_ASTBinaryOp.h and list_ASTBinaryOp.c in /home/jkh/nanolang-qualification/native-full-609-linux/ordinary/tmp/nanolang-native-work-S3P4F1/objects-fp5tRf/.nano-module-re5eM3
Generated list_ASTCall.h and list_ASTCall.c in /home/jkh/nanolang-qualification/native-full-609-linux/ordinary/tmp/nanolang-native-work-S3P4F1/objects-fp5tRf/.nano-module-re5eM3
Generated list_ASTModuleQualifiedCall.h and list_ASTModuleQualifiedCall.c in /home/jkh/nanolang-qualification/native-full-609-linux/ordinary/tmp/nanolang-native-work-S3P4F1/objects-fp5tRf/.nano-module-re5eM3
Generated list_ASTArrayLiteral.h and list_ASTArrayLiteral.c in /home/jkh/nanolang-qualification/native-full-609-linux/ordinary/tmp/nanolang-native-work-S3P4F1/objects-fp5tRf/.nano-module-re5eM3
Generated list_ASTLet.h and list_ASTLet.c in /home/jkh/nanolang-qualification/native-full-609-linux/ordinary/tmp/nanolang-native-work-S3P4F1/objects-fp5tRf/.nano-module-re5eM3
Generated list_ASTSet.h and list_ASTSet.c in /home/jkh/nanolang-qualification/native-full-609-linux/ordinary/tmp/nanolang-native-work-S3P4F1/objects-fp5tRf/.nano-module-re5eM3
Generated list_ASTIf.h and list_ASTIf.c in /home/jkh/nanolang-qualification/native-full-609-linux/ordinary/tmp/nanolang-native-work-S3P4F1/objects-fp5tRf/.nano-module-re5eM3
Generated list_ASTWhile.h and list_ASTWhile.c in /home/jkh/nanolang-qualification/native-full-609-linux/ordinary/tmp/nanolang-native-work-S3P4F1/objects-fp5tRf/.nano-module-re5eM3
Generated list_ASTFor.h and list_ASTFor.c in /home/jkh/nanolang-qualification/native-full-609-linux/ordinary/tmp/nanolang-native-work-S3P4F1/objects-fp5tRf/.nano-module-re5eM3
Generated list_ASTReturn.h and list_ASTReturn.c in /home/jkh/nanolang-qualification/native-full-609-linux/ordinary/tmp/nanolang-native-work-S3P4F1/objects-fp5tRf/.nano-module-re5eM3
Generated list_ASTBlock.h and list_ASTBlock.c in /home/jkh/nanolang-qualification/native-full-609-linux/ordinary/tmp/nanolang-native-work-S3P4F1/objects-fp5tRf/.nano-module-re5eM3
Generated list_ASTUnsafeBlock.h and list_ASTUnsafeBlock.c in /home/jkh/nanolang-qualification/native-full-609-linux/ordinary/tmp/nanolang-native-work-S3P4F1/objects-fp5tRf/.nano-module-re5eM3
Generated list_ASTPrint.h and list_ASTPrint.c in /home/jkh/nanolang-qualification/native-full-609-linux/ordinary/tmp/nanolang-native-work-S3P4F1/objects-fp5tRf/.nano-module-re5eM3
Generated list_ASTAssert.h and list_ASTAssert.c in /home/jkh/nanolang-qualification/native-full-609-linux/ordinary/tmp/nanolang-native-work-S3P4F1/objects-fp5tRf/.nano-module-re5eM3
Generated list_ASTFunction.h and list_ASTFunction.c in /home/jkh/nanolang-qualification/native-full-609-linux/ordinary/tmp/nanolang-native-work-S3P4F1/objects-fp5tRf/.nano-module-re5eM3
Generated list_ASTShadow.h and list_ASTShadow.c in /home/jkh/nanolang-qualification/native-full-609-linux/ordinary/tmp/nanolang-native-work-S3P4F1/objects-fp5tRf/.nano-module-re5eM3
Generated list_ASTStruct.h and list_ASTStruct.c in /home/jkh/nanolang-qualification/native-full-609-linux/ordinary/tmp/nanolang-native-work-S3P4F1/objects-fp5tRf/.nano-module-re5eM3
Generated list_ASTStructLiteral.h and list_ASTStructLiteral.c in /home/jkh/nanolang-qualification/native-full-609-linux/ordinary/tmp/nanolang-native-work-S3P4F1/objects-fp5tRf/.nano-module-re5eM3
Generated list_ASTFieldAccess.h and list_ASTFieldAccess.c in /home/jkh/nanolang-qualification/native-full-609-linux/ordinary/tmp/nanolang-native-work-S3P4F1/objects-fp5tRf/.nano-module-re5eM3
Generated list_ASTEnum.h and list_ASTEnum.c in /home/jkh/nanolang-qualification/native-full-609-linux/ordinary/tmp/nanolang-native-work-S3P4F1/objects-fp5tRf/.nano-module-re5eM3
Generated list_ASTUnion.h and list_ASTUnion.c in /home/jkh/nanolang-qualification/native-full-609-linux/ordinary/tmp/nanolang-native-work-S3P4F1/objects-fp5tRf/.nano-module-re5eM3
Generated list_ASTUnionConstruct.h and list_ASTUnionConstruct.c in /home/jkh/nanolang-qualification/native-full-609-linux/ordinary/tmp/nanolang-native-work-S3P4F1/objects-fp5tRf/.nano-module-re5eM3
Generated list_ASTMatch.h and list_ASTMatch.c in /home/jkh/nanolang-qualification/native-full-609-linux/ordinary/tmp/nanolang-native-work-S3P4F1/objects-fp5tRf/.nano-module-re5eM3
Generated list_ASTImport.h and list_ASTImport.c in /home/jkh/nanolang-qualification/native-full-609-linux/ordinary/tmp/nanolang-native-work-S3P4F1/objects-fp5tRf/.nano-module-re5eM3
Generated list_ASTOpaqueType.h and list_ASTOpaqueType.c in /home/jkh/nanolang-qualification/native-full-609-linux/ordinary/tmp/nanolang-native-work-S3P4F1/objects-fp5tRf/.nano-module-re5eM3
Generated list_ASTTupleLiteral.h and list_ASTTupleLiteral.c in /home/jkh/nanolang-qualification/native-full-609-linux/ordinary/tmp/nanolang-native-work-S3P4F1/objects-fp5tRf/.nano-module-re5eM3
Generated list_ASTTupleIndex.h and list_ASTTupleIndex.c in /home/jkh/nanolang-qualification/native-full-609-linux/ordinary/tmp/nanolang-native-work-S3P4F1/objects-fp5tRf/.nano-module-re5eM3
Generated list_ASTServiceDecl.h and list_ASTServiceDecl.c in /home/jkh/nanolang-qualification/native-full-609-linux/ordinary/tmp/nanolang-native-work-S3P4F1/objects-fp5tRf/.nano-module-re5eM3
Generated list_CompilerDiagnostic_new.h and list_CompilerDiagnostic_new.c in /home/jkh/nanolang-qualification/native-full-609-linux/ordinary/tmp/nanolang-native-work-S3P4F1/objects-fp5tRf/.nano-module-re5eM3
Generated list_CompilerDiagnostic_push.h and list_CompilerDiagnostic_push.c in /home/jkh/nanolang-qualification/native-full-609-linux/ordinary/tmp/nanolang-native-work-S3P4F1/objects-fp5tRf/.nano-module-re5eM3
Generated list_CompilerDiagnostic_get.h and list_CompilerDiagnostic_get.c in /home/jkh/nanolang-qualification/native-full-609-linux/ordinary/tmp/nanolang-native-work-S3P4F1/objects-fp5tRf/.nano-module-re5eM3
Generated list_CompilerDiagnostic_length.h and list_CompilerDiagnostic_length.c in /home/jkh/nanolang-qualification/native-full-609-linux/ordinary/tmp/nanolang-native-work-S3P4F1/objects-fp5tRf/.nano-module-re5eM3
Generated list_LexerToken_new.h and list_LexerToken_new.c in /home/jkh/nanolang-qualification/native-full-609-linux/ordinary/tmp/nanolang-native-work-S3P4F1/objects-fp5tRf/.nano-module-re5eM3
Generated list_LexerToken_push.h and list_LexerToken_push.c in /home/jkh/nanolang-qualification/native-full-609-linux/ordinary/tmp/nanolang-native-work-S3P4F1/objects-fp5tRf/.nano-module-re5eM3
Generated list_LexerToken_get.h and list_LexerToken_get.c in /home/jkh/nanolang-qualification/native-full-609-linux/ordinary/tmp/nanolang-native-work-S3P4F1/objects-fp5tRf/.nano-module-re5eM3
Generated list_LexerToken_length.h and list_LexerToken_length.c in /home/jkh/nanolang-qualification/native-full-609-linux/ordinary/tmp/nanolang-native-work-S3P4F1/objects-fp5tRf/.nano-module-re5eM3
Generated list_ASTStmtRef_new.h and list_ASTStmtRef_new.c in /home/jkh/nanolang-qualification/native-full-609-linux/ordinary/tmp/nanolang-native-work-S3P4F1/objects-fp5tRf/.nano-module-re5eM3
Generated list_ASTStmtRef_push.h and list_ASTStmtRef_push.c in /home/jkh/nanolang-qualification/native-full-609-linux/ordinary/tmp/nanolang-native-work-S3P4F1/objects-fp5tRf/.nano-module-re5eM3
Generated list_ASTStmtRef_get.h and list_ASTStmtRef_get.c in /home/jkh/nanolang-qualification/native-full-609-linux/ordinary/tmp/nanolang-native-work-S3P4F1/objects-fp5tRf/.nano-module-re5eM3
Generated list_ASTStmtRef_length.h and list_ASTStmtRef_length.c in /home/jkh/nanolang-qualification/native-full-609-linux/ordinary/tmp/nanolang-native-work-S3P4F1/objects-fp5tRf/.nano-module-re5eM3
Generated list_ASTNumber_new.h and list_ASTNumber_new.c in /home/jkh/nanolang-qualification/native-full-609-linux/ordinary/tmp/nanolang-native-work-S3P4F1/objects-fp5tRf/.nano-module-re5eM3
Generated list_ASTNumber_push.h and list_ASTNumber_push.c in /home/jkh/nanolang-qualification/native-full-609-linux/ordinary/tmp/nanolang-native-work-S3P4F1/objects-fp5tRf/.nano-module-re5eM3
Generated list_ASTNumber_get.h and list_ASTNumber_get.c in /home/jkh/nanolang-qualification/native-full-609-linux/ordinary/tmp/nanolang-native-work-S3P4F1/objects-fp5tRf/.nano-module-re5eM3
Generated list_ASTNumber_length.h and list_ASTNumber_length.c in /home/jkh/nanolang-qualification/native-full-609-linux/ordinary/tmp/nanolang-native-work-S3P4F1/objects-fp5tRf/.nano-module-re5eM3
Generated list_ASTFloat_new.h and list_ASTFloat_new.c in /home/jkh/nanolang-qualification/native-full-609-linux/ordinary/tmp/nanolang-native-work-S3P4F1/objects-fp5tRf/.nano-module-re5eM3
Generated list_ASTFloat_push.h and list_ASTFloat_push.c in /home/jkh/nanolang-qualification/native-full-609-linux/ordinary/tmp/nanolang-native-work-S3P4F1/objects-fp5tRf/.nano-module-re5eM3
Generated list_ASTFloat_get.h and list_ASTFloat_get.c in /home/jkh/nanolang-qualification/native-full-609-linux/ordinary/tmp/nanolang-native-work-S3P4F1/objects-fp5tRf/.nano-module-re5eM3
Generated list_ASTFloat_length.h and list_ASTFloat_length.c in /home/jkh/nanolang-qualification/native-full-609-linux/ordinary/tmp/nanolang-native-work-S3P4F1/objects-fp5tRf/.nano-module-re5eM3
Generated list_ASTString_new.h and list_ASTString_new.c in /home/jkh/nanolang-qualification/native-full-609-linux/ordinary/tmp/nanolang-native-work-S3P4F1/objects-fp5tRf/.nano-module-re5eM3
Generated list_ASTString_push.h and list_ASTString_push.c in /home/jkh/nanolang-qualification/native-full-609-linux/ordinary/tmp/nanolang-native-work-S3P4F1/objects-fp5tRf/.nano-module-re5eM3
Generated list_ASTString_get.h and list_ASTString_get.c in /home/jkh/nanolang-qualification/native-full-609-linux/ordinary/tmp/nanolang-native-work-S3P4F1/objects-fp5tRf/.nano-module-re5eM3
Generated list_ASTString_length.h and list_ASTString_length.c in /home/jkh/nanolang-qualification/native-full-609-linux/ordinary/tmp/nanolang-native-work-S3P4F1/objects-fp5tRf/.nano-module-re5eM3
Generated list_ASTBool_new.h and list_ASTBool_new.c in /home/jkh/nanolang-qualification/native-full-609-linux/ordinary/tmp/nanolang-native-work-S3P4F1/objects-fp5tRf/.nano-module-re5eM3
Generated list_ASTBool_push.h and list_ASTBool_push.c in /home/jkh/nanolang-qualification/native-full-609-linux/ordinary/tmp/nanolang-native-work-S3P4F1/objects-fp5tRf/.nano-module-re5eM3
Generated list_ASTBool_get.h and list_ASTBool_get.c in /home/jkh/nanolang-qualification/native-full-609-linux/ordinary/tmp/nanolang-native-work-S3P4F1/objects-fp5tRf/.nano-module-re5eM3
Generated list_ASTBool_length.h and list_ASTBool_length.c in /home/jkh/nanolang-qualification/native-full-609-linux/ordinary/tmp/nanolang-native-work-S3P4F1/objects-fp5tRf/.nano-module-re5eM3
Generated list_CompilerDiagnostic.h and list_CompilerDiagnostic.c in /home/jkh/nanolang-qualification/native-full-609-linux/ordinary/tmp/nanolang-native-work-S3P4F1/objects-fp5tRf/.nano-module-KBwoXL
Generated list_LexerToken.h and list_LexerToken.c in /home/jkh/nanolang-qualification/native-full-609-linux/ordinary/tmp/nanolang-native-work-S3P4F1/objects-fp5tRf/.nano-module-KBwoXL
Generated list_ASTStmtRef.h and list_ASTStmtRef.c in /home/jkh/nanolang-qualification/native-full-609-linux/ordinary/tmp/nanolang-native-work-S3P4F1/objects-fp5tRf/.nano-module-KBwoXL
Generated list_ASTNumber.h and list_ASTNumber.c in /home/jkh/nanolang-qualification/native-full-609-linux/ordinary/tmp/nanolang-native-work-S3P4F1/objects-fp5tRf/.nano-module-KBwoXL
Generated list_ASTFloat.h and list_ASTFloat.c in /home/jkh/nanolang-qualification/native-full-609-linux/ordinary/tmp/nanolang-native-work-S3P4F1/objects-fp5tRf/.nano-module-KBwoXL
Generated list_ASTString.h and list_ASTString.c in /home/jkh/nanolang-qualification/native-full-609-linux/ordinary/tmp/nanolang-native-work-S3P4F1/objects-fp5tRf/.nano-module-KBwoXL
Generated list_ASTBool.h and list_ASTBool.c in /home/jkh/nanolang-qualification/native-full-609-linux/ordinary/tmp/nanolang-native-work-S3P4F1/objects-fp5tRf/.nano-module-KBwoXL
Generated list_ASTIdentifier.h and list_ASTIdentifier.c in /home/jkh/nanolang-qualification/native-full-609-linux/ordinary/tmp/nanolang-native-work-S3P4F1/objects-fp5tRf/.nano-module-KBwoXL
Generated list_ASTBinaryOp.h and list_ASTBinaryOp.c in /home/jkh/nanolang-qualification/native-full-609-linux/ordinary/tmp/nanolang-native-work-S3P4F1/objects-fp5tRf/.nano-module-KBwoXL
Generated list_ASTCall.h and list_ASTCall.c in /home/jkh/nanolang-qualification/native-full-609-linux/ordinary/tmp/nanolang-native-work-S3P4F1/objects-fp5tRf/.nano-module-KBwoXL
Generated list_ASTModuleQualifiedCall.h and list_ASTModuleQualifiedCall.c in /home/jkh/nanolang-qualification/native-full-609-linux/ordinary/tmp/nanolang-native-work-S3P4F1/objects-fp5tRf/.nano-module-KBwoXL
Generated list_ASTArrayLiteral.h and list_ASTArrayLiteral.c in /home/jkh/nanolang-qualification/native-full-609-linux/ordinary/tmp/nanolang-native-work-S3P4F1/objects-fp5tRf/.nano-module-KBwoXL
Generated list_ASTLet.h and list_ASTLet.c in /home/jkh/nanolang-qualification/native-full-609-linux/ordinary/tmp/nanolang-native-work-S3P4F1/objects-fp5tRf/.nano-module-KBwoXL
Generated list_ASTSet.h and list_ASTSet.c in /home/jkh/nanolang-qualification/native-full-609-linux/ordinary/tmp/nanolang-native-work-S3P4F1/objects-fp5tRf/.nano-module-KBwoXL
Generated list_ASTIf.h and list_ASTIf.c in /home/jkh/nanolang-qualification/native-full-609-linux/ordinary/tmp/nanolang-native-work-S3P4F1/objects-fp5tRf/.nano-module-KBwoXL
Generated list_ASTWhile.h and list_ASTWhile.c in /home/jkh/nanolang-qualification/native-full-609-linux/ordinary/tmp/nanolang-native-work-S3P4F1/objects-fp5tRf/.nano-module-KBwoXL
Generated list_ASTFor.h and list_ASTFor.c in /home/jkh/nanolang-qualification/native-full-609-linux/ordinary/tmp/nanolang-native-work-S3P4F1/objects-fp5tRf/.nano-module-KBwoXL
Generated list_ASTReturn.h and list_ASTReturn.c in /home/jkh/nanolang-qualification/native-full-609-linux/ordinary/tmp/nanolang-native-work-S3P4F1/objects-fp5tRf/.nano-module-KBwoXL
Generated list_ASTBlock.h and list_ASTBlock.c in /home/jkh/nanolang-qualification/native-full-609-linux/ordinary/tmp/nanolang-native-work-S3P4F1/objects-fp5tRf/.nano-module-KBwoXL
Generated list_ASTUnsafeBlock.h and list_ASTUnsafeBlock.c in /home/jkh/nanolang-qualification/native-full-609-linux/ordinary/tmp/nanolang-native-work-S3P4F1/objects-fp5tRf/.nano-module-KBwoXL
Generated list_ASTPrint.h and list_ASTPrint.c in /home/jkh/nanolang-qualification/native-full-609-linux/ordinary/tmp/nanolang-native-work-S3P4F1/objects-fp5tRf/.nano-module-KBwoXL
Generated list_ASTAssert.h and list_ASTAssert.c in /home/jkh/nanolang-qualification/native-full-609-linux/ordinary/tmp/nanolang-native-work-S3P4F1/objects-fp5tRf/.nano-module-KBwoXL
Generated list_ASTFunction.h and list_ASTFunction.c in /home/jkh/nanolang-qualification/native-full-609-linux/ordinary/tmp/nanolang-native-work-S3P4F1/objects-fp5tRf/.nano-module-KBwoXL
Generated list_ASTShadow.h and list_ASTShadow.c in /home/jkh/nanolang-qualification/native-full-609-linux/ordinary/tmp/nanolang-native-work-S3P4F1/objects-fp5tRf/.nano-module-KBwoXL
Generated list_ASTStruct.h and list_ASTStruct.c in /home/jkh/nanolang-qualification/native-full-609-linux/ordinary/tmp/nanolang-native-work-S3P4F1/objects-fp5tRf/.nano-module-KBwoXL
Generated list_ASTStructLiteral.h and list_ASTStructLiteral.c in /home/jkh/nanolang-qualification/native-full-609-linux/ordinary/tmp/nanolang-native-work-S3P4F1/objects-fp5tRf/.nano-module-KBwoXL
Generated list_ASTFieldAccess.h and list_ASTFieldAccess.c in /home/jkh/nanolang-qualification/native-full-609-linux/ordinary/tmp/nanolang-native-work-S3P4F1/objects-fp5tRf/.nano-module-KBwoXL
Generated list_ASTEnum.h and list_ASTEnum.c in /home/jkh/nanolang-qualification/native-full-609-linux/ordinary/tmp/nanolang-native-work-S3P4F1/objects-fp5tRf/.nano-module-KBwoXL
Generated list_ASTUnion.h and list_ASTUnion.c in /home/jkh/nanolang-qualification/native-full-609-linux/ordinary/tmp/nanolang-native-work-S3P4F1/objects-fp5tRf/.nano-module-KBwoXL
Generated list_ASTUnionConstruct.h and list_ASTUnionConstruct.c in /home/jkh/nanolang-qualification/native-full-609-linux/ordinary/tmp/nanolang-native-work-S3P4F1/objects-fp5tRf/.nano-module-KBwoXL
Generated list_ASTMatch.h and list_ASTMatch.c in /home/jkh/nanolang-qualification/native-full-609-linux/ordinary/tmp/nanolang-native-work-S3P4F1/objects-fp5tRf/.nano-module-KBwoXL
Generated list_ASTImport.h and list_ASTImport.c in /home/jkh/nanolang-qualification/native-full-609-linux/ordinary/tmp/nanolang-native-work-S3P4F1/objects-fp5tRf/.nano-module-KBwoXL
Generated list_ASTOpaqueType.h and list_ASTOpaqueType.c in /home/jkh/nanolang-qualification/native-full-609-linux/ordinary/tmp/nanolang-native-work-S3P4F1/objects-fp5tRf/.nano-module-KBwoXL
Generated list_ASTTupleLiteral.h and list_ASTTupleLiteral.c in /home/jkh/nanolang-qualification/native-full-609-linux/ordinary/tmp/nanolang-native-work-S3P4F1/objects-fp5tRf/.nano-module-KBwoXL
Generated list_ASTTupleIndex.h and list_ASTTupleIndex.c in /home/jkh/nanolang-qualification/native-full-609-linux/ordinary/tmp/nanolang-native-work-S3P4F1/objects-fp5tRf/.nano-module-KBwoXL
Generated list_ASTServiceDecl.h and list_ASTServiceDecl.c in /home/jkh/nanolang-qualification/native-full-609-linux/ordinary/tmp/nanolang-native-work-S3P4F1/objects-fp5tRf/.nano-module-KBwoXL
Generated list_CompilerDiagnostic_new.h and list_CompilerDiagnostic_new.c in /home/jkh/nanolang-qualification/native-full-609-linux/ordinary/tmp/nanolang-native-work-S3P4F1/objects-fp5tRf/.nano-module-KBwoXL
Generated list_CompilerDiagnostic_push.h and list_CompilerDiagnostic_push.c in /home/jkh/nanolang-qualification/native-full-609-linux/ordinary/tmp/nanolang-native-work-S3P4F1/objects-fp5tRf/.nano-module-KBwoXL
Generated list_CompilerDiagnostic_get.h and list_CompilerDiagnostic_get.c in /home/jkh/nanolang-qualification/native-full-609-linux/ordinary/tmp/nanolang-native-work-S3P4F1/objects-fp5tRf/.nano-module-KBwoXL
Generated list_CompilerDiagnostic_length.h and list_CompilerDiagnostic_length.c in /home/jkh/nanolang-qualification/native-full-609-linux/ordinary/tmp/nanolang-native-work-S3P4F1/objects-fp5tRf/.nano-module-KBwoXL
Generated list_LexerToken_new.h and list_LexerToken_new.c in /home/jkh/nanolang-qualification/native-full-609-linux/ordinary/tmp/nanolang-native-work-S3P4F1/objects-fp5tRf/.nano-module-KBwoXL
Generated list_LexerToken_push.h and list_LexerToken_push.c in /home/jkh/nanolang-qualification/native-full-609-linux/ordinary/tmp/nanolang-native-work-S3P4F1/objects-fp5tRf/.nano-module-KBwoXL
Generated list_LexerToken_get.h and list_LexerToken_get.c in /home/jkh/nanolang-qualification/native-full-609-linux/ordinary/tmp/nanolang-native-work-S3P4F1/objects-fp5tRf/.nano-module-KBwoXL
Generated list_LexerToken_length.h and list_LexerToken_length.c in /home/jkh/nanolang-qualification/native-full-609-linux/ordinary/tmp/nanolang-native-work-S3P4F1/objects-fp5tRf/.nano-module-KBwoXL
Generated list_ASTStmtRef_new.h and list_ASTStmtRef_new.c in /home/jkh/nanolang-qualification/native-full-609-linux/ordinary/tmp/nanolang-native-work-S3P4F1/objects-fp5tRf/.nano-module-KBwoXL
Generated list_ASTStmtRef_push.h and list_ASTStmtRef_push.c in /home/jkh/nanolang-qualification/native-full-609-linux/ordinary/tmp/nanolang-native-work-S3P4F1/objects-fp5tRf/.nano-module-KBwoXL
Generated list_ASTStmtRef_get.h and list_ASTStmtRef_get.c in /home/jkh/nanolang-qualification/native-full-609-linux/ordinary/tmp/nanolang-native-work-S3P4F1/objects-fp5tRf/.nano-module-KBwoXL
Generated list_ASTStmtRef_length.h and list_ASTStmtRef_length.c in /home/jkh/nanolang-qualification/native-full-609-linux/ordinary/tmp/nanolang-native-work-S3P4F1/objects-fp5tRf/.nano-module-KBwoXL
Generated list_ASTNumber_new.h and list_ASTNumber_new.c in /home/jkh/nanolang-qualification/native-full-609-linux/ordinary/tmp/nanolang-native-work-S3P4F1/objects-fp5tRf/.nano-module-KBwoXL
Generated list_ASTNumber_push.h and list_ASTNumber_push.c in /home/jkh/nanolang-qualification/native-full-609-linux/ordinary/tmp/nanolang-native-work-S3P4F1/objects-fp5tRf/.nano-module-KBwoXL
Generated list_ASTNumber_get.h and list_ASTNumber_get.c in /home/jkh/nanolang-qualification/native-full-609-linux/ordinary/tmp/nanolang-native-work-S3P4F1/objects-fp5tRf/.nano-module-KBwoXL
Generated list_ASTNumber_length.h and list_ASTNumber_length.c in /home/jkh/nanolang-qualification/native-full-609-linux/ordinary/tmp/nanolang-native-work-S3P4F1/objects-fp5tRf/.nano-module-KBwoXL
Generated list_ASTFloat_new.h and list_ASTFloat_new.c in /home/jkh/nanolang-qualification/native-full-609-linux/ordinary/tmp/nanolang-native-work-S3P4F1/objects-fp5tRf/.nano-module-KBwoXL
Generated list_ASTFloat_push.h and list_ASTFloat_push.c in /home/jkh/nanolang-qualification/native-full-609-linux/ordinary/tmp/nanolang-native-work-S3P4F1/objects-fp5tRf/.nano-module-KBwoXL
Generated list_ASTFloat_get.h and list_ASTFloat_get.c in /home/jkh/nanolang-qualification/native-full-609-linux/ordinary/tmp/nanolang-native-work-S3P4F1/objects-fp5tRf/.nano-module-KBwoXL
Generated list_ASTFloat_length.h and list_ASTFloat_length.c in /home/jkh/nanolang-qualification/native-full-609-linux/ordinary/tmp/nanolang-native-work-S3P4F1/objects-fp5tRf/.nano-module-KBwoXL
Generated list_ASTString_new.h and list_ASTString_new.c in /home/jkh/nanolang-qualification/native-full-609-linux/ordinary/tmp/nanolang-native-work-S3P4F1/objects-fp5tRf/.nano-module-KBwoXL
Generated list_ASTString_push.h and list_ASTString_push.c in /home/jkh/nanolang-qualification/native-full-609-linux/ordinary/tmp/nanolang-native-work-S3P4F1/objects-fp5tRf/.nano-module-KBwoXL
Generated list_ASTString_get.h and list_ASTString_get.c in /home/jkh/nanolang-qualification/native-full-609-linux/ordinary/tmp/nanolang-native-work-S3P4F1/objects-fp5tRf/.nano-module-KBwoXL
Generated list_ASTString_length.h and list_ASTString_length.c in /home/jkh/nanolang-qualification/native-full-609-linux/ordinary/tmp/nanolang-native-work-S3P4F1/objects-fp5tRf/.nano-module-KBwoXL
Generated list_ASTBool_new.h and list_ASTBool_new.c in /home/jkh/nanolang-qualification/native-full-609-linux/ordinary/tmp/nanolang-native-work-S3P4F1/objects-fp5tRf/.nano-module-KBwoXL
Generated list_ASTBool_push.h and list_ASTBool_push.c in /home/jkh/nanolang-qualification/native-full-609-linux/ordinary/tmp/nanolang-native-work-S3P4F1/objects-fp5tRf/.nano-module-KBwoXL
Generated list_ASTBool_get.h and list_ASTBool_get.c in /home/jkh/nanolang-qualification/native-full-609-linux/ordinary/tmp/nanolang-native-work-S3P4F1/objects-fp5tRf/.nano-module-KBwoXL
Generated list_ASTBool_length.h and list_ASTBool_length.c in /home/jkh/nanolang-qualification/native-full-609-linux/ordinary/tmp/nanolang-native-work-S3P4F1/objects-fp5tRf/.nano-module-KBwoXL
Generated list_CompilerDiagnostic.h and list_CompilerDiagnostic.c in /home/jkh/nanolang-qualification/native-full-609-linux/ordinary/tmp/nanolang-native-work-S3P4F1/objects-fp5tRf/.nano-module-VPUw6g
Generated list_LexerToken.h and list_LexerToken.c in /home/jkh/nanolang-qualification/native-full-609-linux/ordinary/tmp/nanolang-native-work-S3P4F1/objects-fp5tRf/.nano-module-VPUw6g
Generated list_ASTStmtRef.h and list_ASTStmtRef.c in /home/jkh/nanolang-qualification/native-full-609-linux/ordinary/tmp/nanolang-native-work-S3P4F1/objects-fp5tRf/.nano-module-VPUw6g
Generated list_ASTNumber.h and list_ASTNumber.c in /home/jkh/nanolang-qualification/native-full-609-linux/ordinary/tmp/nanolang-native-work-S3P4F1/objects-fp5tRf/.nano-module-VPUw6g
Generated list_ASTFloat.h and list_ASTFloat.c in /home/jkh/nanolang-qualification/native-full-609-linux/ordinary/tmp/nanolang-native-work-S3P4F1/objects-fp5tRf/.nano-module-VPUw6g
Generated list_ASTString.h and list_ASTString.c in /home/jkh/nanolang-qualification/native-full-609-linux/ordinary/tmp/nanolang-native-work-S3P4F1/objects-fp5tRf/.nano-module-VPUw6g
Generated list_ASTBool.h and list_ASTBool.c in /home/jkh/nanolang-qualification/native-full-609-linux/ordinary/tmp/nanolang-native-work-S3P4F1/objects-fp5tRf/.nano-module-VPUw6g
Generated list_ASTIdentifier.h and list_ASTIdentifier.c in /home/jkh/nanolang-qualification/native-full-609-linux/ordinary/tmp/nanolang-native-work-S3P4F1/objects-fp5tRf/.nano-module-VPUw6g
Generated list_ASTBinaryOp.h and list_ASTBinaryOp.c in /home/jkh/nanolang-qualification/native-full-609-linux/ordinary/tmp/nanolang-native-work-S3P4F1/objects-fp5tRf/.nano-module-VPUw6g
Generated list_ASTCall.h and list_ASTCall.c in /home/jkh/nanolang-qualification/native-full-609-linux/ordinary/tmp/nanolang-native-work-S3P4F1/objects-fp5tRf/.nano-module-VPUw6g
Generated list_ASTModuleQualifiedCall.h and list_ASTModuleQualifiedCall.c in /home/jkh/nanolang-qualification/native-full-609-linux/ordinary/tmp/nanolang-native-work-S3P4F1/objects-fp5tRf/.nano-module-VPUw6g
Generated list_ASTArrayLiteral.h and list_ASTArrayLiteral.c in /home/jkh/nanolang-qualification/native-full-609-linux/ordinary/tmp/nanolang-native-work-S3P4F1/objects-fp5tRf/.nano-module-VPUw6g
Generated list_ASTLet.h and list_ASTLet.c in /home/jkh/nanolang-qualification/native-full-609-linux/ordinary/tmp/nanolang-native-work-S3P4F1/objects-fp5tRf/.nano-module-VPUw6g
Generated list_ASTSet.h and list_ASTSet.c in /home/jkh/nanolang-qualification/native-full-609-linux/ordinary/tmp/nanolang-native-work-S3P4F1/objects-fp5tRf/.nano-module-VPUw6g
Generated list_ASTIf.h and list_ASTIf.c in /home/jkh/nanolang-qualification/native-full-609-linux/ordinary/tmp/nanolang-native-work-S3P4F1/objects-fp5tRf/.nano-module-VPUw6g
Generated list_ASTWhile.h and list_ASTWhile.c in /home/jkh/nanolang-qualification/native-full-609-linux/ordinary/tmp/nanolang-native-work-S3P4F1/objects-fp5tRf/.nano-module-VPUw6g
Generated list_ASTFor.h and list_ASTFor.c in /home/jkh/nanolang-qualification/native-full-609-linux/ordinary/tmp/nanolang-native-work-S3P4F1/objects-fp5tRf/.nano-module-VPUw6g
Generated list_ASTReturn.h and list_ASTReturn.c in /home/jkh/nanolang-qualification/native-full-609-linux/ordinary/tmp/nanolang-native-work-S3P4F1/objects-fp5tRf/.nano-module-VPUw6g
Generated list_ASTBlock.h and list_ASTBlock.c in /home/jkh/nanolang-qualification/native-full-609-linux/ordinary/tmp/nanolang-native-work-S3P4F1/objects-fp5tRf/.nano-module-VPUw6g
Generated list_ASTUnsafeBlock.h and list_ASTUnsafeBlock.c in /home/jkh/nanolang-qualification/native-full-609-linux/ordinary/tmp/nanolang-native-work-S3P4F1/objects-fp5tRf/.nano-module-VPUw6g
Generated list_ASTPrint.h and list_ASTPrint.c in /home/jkh/nanolang-qualification/native-full-609-linux/ordinary/tmp/nanolang-native-work-S3P4F1/objects-fp5tRf/.nano-module-VPUw6g
Generated list_ASTAssert.h and list_ASTAssert.c in /home/jkh/nanolang-qualification/native-full-609-linux/ordinary/tmp/nanolang-native-work-S3P4F1/objects-fp5tRf/.nano-module-VPUw6g
Generated list_ASTFunction.h and list_ASTFunction.c in /home/jkh/nanolang-qualification/native-full-609-linux/ordinary/tmp/nanolang-native-work-S3P4F1/objects-fp5tRf/.nano-module-VPUw6g
Generated list_ASTShadow.h and list_ASTShadow.c in /home/jkh/nanolang-qualification/native-full-609-linux/ordinary/tmp/nanolang-native-work-S3P4F1/objects-fp5tRf/.nano-module-VPUw6g
Generated list_ASTStruct.h and list_ASTStruct.c in /home/jkh/nanolang-qualification/native-full-609-linux/ordinary/tmp/nanolang-native-work-S3P4F1/objects-fp5tRf/.nano-module-VPUw6g
Generated list_ASTStructLiteral.h and list_ASTStructLiteral.c in /home/jkh/nanolang-qualification/native-full-609-linux/ordinary/tmp/nanolang-native-work-S3P4F1/objects-fp5tRf/.nano-module-VPUw6g
Generated list_ASTFieldAccess.h and list_ASTFieldAccess.c in /home/jkh/nanolang-qualification/native-full-609-linux/ordinary/tmp/nanolang-native-work-S3P4F1/objects-fp5tRf/.nano-module-VPUw6g
Generated list_ASTEnum.h and list_ASTEnum.c in /home/jkh/nanolang-qualification/native-full-609-linux/ordinary/tmp/nanolang-native-work-S3P4F1/objects-fp5tRf/.nano-module-VPUw6g
Generated list_ASTUnion.h and list_ASTUnion.c in /home/jkh/nanolang-qualification/native-full-609-linux/ordinary/tmp/nanolang-native-work-S3P4F1/objects-fp5tRf/.nano-module-VPUw6g
Generated list_ASTUnionConstruct.h and list_ASTUnionConstruct.c in /home/jkh/nanolang-qualification/native-full-609-linux/ordinary/tmp/nanolang-native-work-S3P4F1/objects-fp5tRf/.nano-module-VPUw6g
Generated list_ASTMatch.h and list_ASTMatch.c in /home/jkh/nanolang-qualification/native-full-609-linux/ordinary/tmp/nanolang-native-work-S3P4F1/objects-fp5tRf/.nano-module-VPUw6g
Generated list_ASTImport.h and list_ASTImport.c in /home/jkh/nanolang-qualification/native-full-609-linux/ordinary/tmp/nanolang-native-work-S3P4F1/objects-fp5tRf/.nano-module-VPUw6g
Generated list_ASTOpaqueType.h and list_ASTOpaqueType.c in /home/jkh/nanolang-qualification/native-full-609-linux/ordinary/tmp/nanolang-native-work-S3P4F1/objects-fp5tRf/.nano-module-VPUw6g
Generated list_ASTTupleLiteral.h and list_ASTTupleLiteral.c in /home/jkh/nanolang-qualification/native-full-609-linux/ordinary/tmp/nanolang-native-work-S3P4F1/objects-fp5tRf/.nano-module-VPUw6g
Generated list_ASTTupleIndex.h and list_ASTTupleIndex.c in /home/jkh/nanolang-qualification/native-full-609-linux/ordinary/tmp/nanolang-native-work-S3P4F1/objects-fp5tRf/.nano-module-VPUw6g
Generated list_ASTServiceDecl.h and list_ASTServiceDecl.c in /home/jkh/nanolang-qualification/native-full-609-linux/ordinary/tmp/nanolang-native-work-S3P4F1/objects-fp5tRf/.nano-module-VPUw6g
Generated list_CompilerDiagnostic_new.h and list_CompilerDiagnostic_new.c in /home/jkh/nanolang-qualification/native-full-609-linux/ordinary/tmp/nanolang-native-work-S3P4F1/objects-fp5tRf/.nano-module-VPUw6g
Generated list_CompilerDiagnostic_push.h and list_CompilerDiagnostic_push.c in /home/jkh/nanolang-qualification/native-full-609-linux/ordinary/tmp/nanolang-native-work-S3P4F1/objects-fp5tRf/.nano-module-VPUw6g
Generated list_CompilerDiagnostic_get.h and list_CompilerDiagnostic_get.c in /home/jkh/nanolang-qualification/native-full-609-linux/ordinary/tmp/nanolang-native-work-S3P4F1/objects-fp5tRf/.nano-module-VPUw6g
Generated list_CompilerDiagnostic_length.h and list_CompilerDiagnostic_length.c in /home/jkh/nanolang-qualification/native-full-609-linux/ordinary/tmp/nanolang-native-work-S3P4F1/objects-fp5tRf/.nano-module-VPUw6g
Generated list_LexerToken_new.h and list_LexerToken_new.c in /home/jkh/nanolang-qualification/native-full-609-linux/ordinary/tmp/nanolang-native-work-S3P4F1/objects-fp5tRf/.nano-module-VPUw6g
Generated list_LexerToken_push.h and list_LexerToken_push.c in /home/jkh/nanolang-qualification/native-full-609-linux/ordinary/tmp/nanolang-native-work-S3P4F1/objects-fp5tRf/.nano-module-VPUw6g
Generated list_LexerToken_get.h and list_LexerToken_get.c in /home/jkh/nanolang-qualification/native-full-609-linux/ordinary/tmp/nanolang-native-work-S3P4F1/objects-fp5tRf/.nano-module-VPUw6g
Generated list_LexerToken_length.h and list_LexerToken_length.c in /home/jkh/nanolang-qualification/native-full-609-linux/ordinary/tmp/nanolang-native-work-S3P4F1/objects-fp5tRf/.nano-module-VPUw6g
Generated list_ASTStmtRef_new.h and list_ASTStmtRef_new.c in /home/jkh/nanolang-qualification/native-full-609-linux/ordinary/tmp/nanolang-native-work-S3P4F1/objects-fp5tRf/.nano-module-VPUw6g
Generated list_ASTStmtRef_push.h and list_ASTStmtRef_push.c in /home/jkh/nanolang-qualification/native-full-609-linux/ordinary/tmp/nanolang-native-work-S3P4F1/objects-fp5tRf/.nano-module-VPUw6g
Generated list_ASTStmtRef_get.h and list_ASTStmtRef_get.c in /home/jkh/nanolang-qualification/native-full-609-linux/ordinary/tmp/nanolang-native-work-S3P4F1/objects-fp5tRf/.nano-module-VPUw6g
Generated list_ASTStmtRef_length.h and list_ASTStmtRef_length.c in /home/jkh/nanolang-qualification/native-full-609-linux/ordinary/tmp/nanolang-native-work-S3P4F1/objects-fp5tRf/.nano-module-VPUw6g
Generated list_ASTNumber_new.h and list_ASTNumber_new.c in /home/jkh/nanolang-qualification/native-full-609-linux/ordinary/tmp/nanolang-native-work-S3P4F1/objects-fp5tRf/.nano-module-VPUw6g
Generated list_ASTNumber_push.h and list_ASTNumber_push.c in /home/jkh/nanolang-qualification/native-full-609-linux/ordinary/tmp/nanolang-native-work-S3P4F1/objects-fp5tRf/.nano-module-VPUw6g
Generated list_ASTNumber_get.h and list_ASTNumber_get.c in /home/jkh/nanolang-qualification/native-full-609-linux/ordinary/tmp/nanolang-native-work-S3P4F1/objects-fp5tRf/.nano-module-VPUw6g
Generated list_ASTNumber_length.h and list_ASTNumber_length.c in /home/jkh/nanolang-qualification/native-full-609-linux/ordinary/tmp/nanolang-native-work-S3P4F1/objects-fp5tRf/.nano-module-VPUw6g
Generated list_ASTFloat_new.h and list_ASTFloat_new.c in /home/jkh/nanolang-qualification/native-full-609-linux/ordinary/tmp/nanolang-native-work-S3P4F1/objects-fp5tRf/.nano-module-VPUw6g
Generated list_ASTFloat_push.h and list_ASTFloat_push.c in /home/jkh/nanolang-qualification/native-full-609-linux/ordinary/tmp/nanolang-native-work-S3P4F1/objects-fp5tRf/.nano-module-VPUw6g
Generated list_ASTFloat_get.h and list_ASTFloat_get.c in /home/jkh/nanolang-qualification/native-full-609-linux/ordinary/tmp/nanolang-native-work-S3P4F1/objects-fp5tRf/.nano-module-VPUw6g
Generated list_ASTFloat_length.h and list_ASTFloat_length.c in /home/jkh/nanolang-qualification/native-full-609-linux/ordinary/tmp/nanolang-native-work-S3P4F1/objects-fp5tRf/.nano-module-VPUw6g
Generated list_ASTString_new.h and list_ASTString_new.c in /home/jkh/nanolang-qualification/native-full-609-linux/ordinary/tmp/nanolang-native-work-S3P4F1/objects-fp5tRf/.nano-module-VPUw6g
Generated list_ASTString_push.h and list_ASTString_push.c in /home/jkh/nanolang-qualification/native-full-609-linux/ordinary/tmp/nanolang-native-work-S3P4F1/objects-fp5tRf/.nano-module-VPUw6g
Generated list_ASTString_get.h and list_ASTString_get.c in /home/jkh/nanolang-qualification/native-full-609-linux/ordinary/tmp/nanolang-native-work-S3P4F1/objects-fp5tRf/.nano-module-VPUw6g
Generated list_ASTString_length.h and list_ASTString_length.c in /home/jkh/nanolang-qualification/native-full-609-linux/ordinary/tmp/nanolang-native-work-S3P4F1/objects-fp5tRf/.nano-module-VPUw6g
Generated list_ASTBool_new.h and list_ASTBool_new.c in /home/jkh/nanolang-qualification/native-full-609-linux/ordinary/tmp/nanolang-native-work-S3P4F1/objects-fp5tRf/.nano-module-VPUw6g
Generated list_ASTBool_push.h and list_ASTBool_push.c in /home/jkh/nanolang-qualification/native-full-609-linux/ordinary/tmp/nanolang-native-work-S3P4F1/objects-fp5tRf/.nano-module-VPUw6g
Generated list_ASTBool_get.h and list_ASTBool_get.c in /home/jkh/nanolang-qualification/native-full-609-linux/ordinary/tmp/nanolang-native-work-S3P4F1/objects-fp5tRf/.nano-module-VPUw6g
Generated list_ASTBool_length.h and list_ASTBool_length.c in /home/jkh/nanolang-qualification/native-full-609-linux/ordinary/tmp/nanolang-native-work-S3P4F1/objects-fp5tRf/.nano-module-VPUw6g
Warning at line 109, column 1: Unused variable 'parser'
Generated list_CompilerDiagnostic.h and list_CompilerDiagnostic.c in /home/jkh/nanolang-qualification/native-full-609-linux/ordinary/tmp/nanolang-native-work-S3P4F1/objects-fp5tRf/.nano-module-luPh10
Generated list_LexerToken.h and list_LexerToken.c in /home/jkh/nanolang-qualification/native-full-609-linux/ordinary/tmp/nanolang-native-work-S3P4F1/objects-fp5tRf/.nano-module-luPh10
Generated list_ASTStmtRef.h and list_ASTStmtRef.c in /home/jkh/nanolang-qualification/native-full-609-linux/ordinary/tmp/nanolang-native-work-S3P4F1/objects-fp5tRf/.nano-module-luPh10
Generated list_ASTNumber.h and list_ASTNumber.c in /home/jkh/nanolang-qualification/native-full-609-linux/ordinary/tmp/nanolang-native-work-S3P4F1/objects-fp5tRf/.nano-module-luPh10
Generated list_ASTFloat.h and list_ASTFloat.c in /home/jkh/nanolang-qualification/native-full-609-linux/ordinary/tmp/nanolang-native-work-S3P4F1/objects-fp5tRf/.nano-module-luPh10
Generated list_ASTString.h and list_ASTString.c in /home/jkh/nanolang-qualification/native-full-609-linux/ordinary/tmp/nanolang-native-work-S3P4F1/objects-fp5tRf/.nano-module-luPh10
Generated list_ASTBool.h and list_ASTBool.c in /home/jkh/nanolang-qualification/native-full-609-linux/ordinary/tmp/nanolang-native-work-S3P4F1/objects-fp5tRf/.nano-module-luPh10
Generated list_ASTIdentifier.h and list_ASTIdentifier.c in /home/jkh/nanolang-qualification/native-full-609-linux/ordinary/tmp/nanolang-native-work-S3P4F1/objects-fp5tRf/.nano-module-luPh10
Generated list_ASTBinaryOp.h and list_ASTBinaryOp.c in /home/jkh/nanolang-qualification/native-full-609-linux/ordinary/tmp/nanolang-native-work-S3P4F1/objects-fp5tRf/.nano-module-luPh10
Generated list_ASTCall.h and list_ASTCall.c in /home/jkh/nanolang-qualification/native-full-609-linux/ordinary/tmp/nanolang-native-work-S3P4F1/objects-fp5tRf/.nano-module-luPh10
Generated list_ASTModuleQualifiedCall.h and list_ASTModuleQualifiedCall.c in /home/jkh/nanolang-qualification/native-full-609-linux/ordinary/tmp/nanolang-native-work-S3P4F1/objects-fp5tRf/.nano-module-luPh10
Generated list_ASTArrayLiteral.h and list_ASTArrayLiteral.c in /home/jkh/nanolang-qualification/native-full-609-linux/ordinary/tmp/nanolang-native-work-S3P4F1/objects-fp5tRf/.nano-module-luPh10
Generated list_ASTLet.h and list_ASTLet.c in /home/jkh/nanolang-qualification/native-full-609-linux/ordinary/tmp/nanolang-native-work-S3P4F1/objects-fp5tRf/.nano-module-luPh10
Generated list_ASTSet.h and list_ASTSet.c in /home/jkh/nanolang-qualification/native-full-609-linux/ordinary/tmp/nanolang-native-work-S3P4F1/objects-fp5tRf/.nano-module-luPh10
Generated list_ASTIf.h and list_ASTIf.c in /home/jkh/nanolang-qualification/native-full-609-linux/ordinary/tmp/nanolang-native-work-S3P4F1/objects-fp5tRf/.nano-module-luPh10
Generated list_ASTWhile.h and list_ASTWhile.c in /home/jkh/nanolang-qualification/native-full-609-linux/ordinary/tmp/nanolang-native-work-S3P4F1/objects-fp5tRf/.nano-module-luPh10
Generated list_ASTFor.h and list_ASTFor.c in /home/jkh/nanolang-qualification/native-full-609-linux/ordinary/tmp/nanolang-native-work-S3P4F1/objects-fp5tRf/.nano-module-luPh10
Generated list_ASTReturn.h and list_ASTReturn.c in /home/jkh/nanolang-qualification/native-full-609-linux/ordinary/tmp/nanolang-native-work-S3P4F1/objects-fp5tRf/.nano-module-luPh10
Generated list_ASTBlock.h and list_ASTBlock.c in /home/jkh/nanolang-qualification/native-full-609-linux/ordinary/tmp/nanolang-native-work-S3P4F1/objects-fp5tRf/.nano-module-luPh10
Generated list_ASTUnsafeBlock.h and list_ASTUnsafeBlock.c in /home/jkh/nanolang-qualification/native-full-609-linux/ordinary/tmp/nanolang-native-work-S3P4F1/objects-fp5tRf/.nano-module-luPh10
Generated list_ASTPrint.h and list_ASTPrint.c in /home/jkh/nanolang-qualification/native-full-609-linux/ordinary/tmp/nanolang-native-work-S3P4F1/objects-fp5tRf/.nano-module-luPh10
Generated list_ASTAssert.h and list_ASTAssert.c in /home/jkh/nanolang-qualification/native-full-609-linux/ordinary/tmp/nanolang-native-work-S3P4F1/objects-fp5tRf/.nano-module-luPh10
Generated list_ASTFunction.h and list_ASTFunction.c in /home/jkh/nanolang-qualification/native-full-609-linux/ordinary/tmp/nanolang-native-work-S3P4F1/objects-fp5tRf/.nano-module-luPh10
Generated list_ASTShadow.h and list_ASTShadow.c in /home/jkh/nanolang-qualification/native-full-609-linux/ordinary/tmp/nanolang-native-work-S3P4F1/objects-fp5tRf/.nano-module-luPh10
Generated list_ASTStruct.h and list_ASTStruct.c in /home/jkh/nanolang-qualification/native-full-609-linux/ordinary/tmp/nanolang-native-work-S3P4F1/objects-fp5tRf/.nano-module-luPh10
Generated list_ASTStructLiteral.h and list_ASTStructLiteral.c in /home/jkh/nanolang-qualification/native-full-609-linux/ordinary/tmp/nanolang-native-work-S3P4F1/objects-fp5tRf/.nano-module-luPh10
Generated list_ASTFieldAccess.h and list_ASTFieldAccess.c in /home/jkh/nanolang-qualification/native-full-609-linux/ordinary/tmp/nanolang-native-work-S3P4F1/objects-fp5tRf/.nano-module-luPh10
Generated list_ASTEnum.h and list_ASTEnum.c in /home/jkh/nanolang-qualification/native-full-609-linux/ordinary/tmp/nanolang-native-work-S3P4F1/objects-fp5tRf/.nano-module-luPh10
Generated list_ASTUnion.h and list_ASTUnion.c in /home/jkh/nanolang-qualification/native-full-609-linux/ordinary/tmp/nanolang-native-work-S3P4F1/objects-fp5tRf/.nano-module-luPh10
Generated list_ASTUnionConstruct.h and list_ASTUnionConstruct.c in /home/jkh/nanolang-qualification/native-full-609-linux/ordinary/tmp/nanolang-native-work-S3P4F1/objects-fp5tRf/.nano-module-luPh10
Generated list_ASTMatch.h and list_ASTMatch.c in /home/jkh/nanolang-qualification/native-full-609-linux/ordinary/tmp/nanolang-native-work-S3P4F1/objects-fp5tRf/.nano-module-luPh10
Generated list_ASTImport.h and list_ASTImport.c in /home/jkh/nanolang-qualification/native-full-609-linux/ordinary/tmp/nanolang-native-work-S3P4F1/objects-fp5tRf/.nano-module-luPh10
Generated list_ASTOpaqueType.h and list_ASTOpaqueType.c in /home/jkh/nanolang-qualification/native-full-609-linux/ordinary/tmp/nanolang-native-work-S3P4F1/objects-fp5tRf/.nano-module-luPh10
Generated list_ASTTupleLiteral.h and list_ASTTupleLiteral.c in /home/jkh/nanolang-qualification/native-full-609-linux/ordinary/tmp/nanolang-native-work-S3P4F1/objects-fp5tRf/.nano-module-luPh10
Generated list_ASTTupleIndex.h and list_ASTTupleIndex.c in /home/jkh/nanolang-qualification/native-full-609-linux/ordinary/tmp/nanolang-native-work-S3P4F1/objects-fp5tRf/.nano-module-luPh10
Generated list_ASTServiceDecl.h and list_ASTServiceDecl.c in /home/jkh/nanolang-qualification/native-full-609-linux/ordinary/tmp/nanolang-native-work-S3P4F1/objects-fp5tRf/.nano-module-luPh10
Generated list_CompilerDiagnostic_new.h and list_CompilerDiagnostic_new.c in /home/jkh/nanolang-qualification/native-full-609-linux/ordinary/tmp/nanolang-native-work-S3P4F1/objects-fp5tRf/.nano-module-luPh10
Generated list_CompilerDiagnostic_push.h and list_CompilerDiagnostic_push.c in /home/jkh/nanolang-qualification/native-full-609-linux/ordinary/tmp/nanolang-native-work-S3P4F1/objects-fp5tRf/.nano-module-luPh10
Generated list_CompilerDiagnostic_get.h and list_CompilerDiagnostic_get.c in /home/jkh/nanolang-qualification/native-full-609-linux/ordinary/tmp/nanolang-native-work-S3P4F1/objects-fp5tRf/.nano-module-luPh10
Generated list_CompilerDiagnostic_length.h and list_CompilerDiagnostic_length.c in /home/jkh/nanolang-qualification/native-full-609-linux/ordinary/tmp/nanolang-native-work-S3P4F1/objects-fp5tRf/.nano-module-luPh10
Generated list_LexerToken_new.h and list_LexerToken_new.c in /home/jkh/nanolang-qualification/native-full-609-linux/ordinary/tmp/nanolang-native-work-S3P4F1/objects-fp5tRf/.nano-module-luPh10
Generated list_LexerToken_push.h and list_LexerToken_push.c in /home/jkh/nanolang-qualification/native-full-609-linux/ordinary/tmp/nanolang-native-work-S3P4F1/objects-fp5tRf/.nano-module-luPh10
Generated list_LexerToken_get.h and list_LexerToken_get.c in /home/jkh/nanolang-qualification/native-full-609-linux/ordinary/tmp/nanolang-native-work-S3P4F1/objects-fp5tRf/.nano-module-luPh10
Generated list_LexerToken_length.h and list_LexerToken_length.c in /home/jkh/nanolang-qualification/native-full-609-linux/ordinary/tmp/nanolang-native-work-S3P4F1/objects-fp5tRf/.nano-module-luPh10
Generated list_ASTStmtRef_new.h and list_ASTStmtRef_new.c in /home/jkh/nanolang-qualification/native-full-609-linux/ordinary/tmp/nanolang-native-work-S3P4F1/objects-fp5tRf/.nano-module-luPh10
Generated list_ASTStmtRef_push.h and list_ASTStmtRef_push.c in /home/jkh/nanolang-qualification/native-full-609-linux/ordinary/tmp/nanolang-native-work-S3P4F1/objects-fp5tRf/.nano-module-luPh10
Generated list_ASTStmtRef_get.h and list_ASTStmtRef_get.c in /home/jkh/nanolang-qualification/native-full-609-linux/ordinary/tmp/nanolang-native-work-S3P4F1/objects-fp5tRf/.nano-module-luPh10
Generated list_ASTStmtRef_length.h and list_ASTStmtRef_length.c in /home/jkh/nanolang-qualification/native-full-609-linux/ordinary/tmp/nanolang-native-work-S3P4F1/objects-fp5tRf/.nano-module-luPh10
Generated list_ASTNumber_new.h and list_ASTNumber_new.c in /home/jkh/nanolang-qualification/native-full-609-linux/ordinary/tmp/nanolang-native-work-S3P4F1/objects-fp5tRf/.nano-module-luPh10
Generated list_ASTNumber_push.h and list_ASTNumber_push.c in /home/jkh/nanolang-qualification/native-full-609-linux/ordinary/tmp/nanolang-native-work-S3P4F1/objects-fp5tRf/.nano-module-luPh10
Generated list_ASTNumber_get.h and list_ASTNumber_get.c in /home/jkh/nanolang-qualification/native-full-609-linux/ordinary/tmp/nanolang-native-work-S3P4F1/objects-fp5tRf/.nano-module-luPh10
Generated list_ASTNumber_length.h and list_ASTNumber_length.c in /home/jkh/nanolang-qualification/native-full-609-linux/ordinary/tmp/nanolang-native-work-S3P4F1/objects-fp5tRf/.nano-module-luPh10
Generated list_ASTFloat_new.h and list_ASTFloat_new.c in /home/jkh/nanolang-qualification/native-full-609-linux/ordinary/tmp/nanolang-native-work-S3P4F1/objects-fp5tRf/.nano-module-luPh10
Generated list_ASTFloat_push.h and list_ASTFloat_push.c in /home/jkh/nanolang-qualification/native-full-609-linux/ordinary/tmp/nanolang-native-work-S3P4F1/objects-fp5tRf/.nano-module-luPh10
Generated list_ASTFloat_get.h and list_ASTFloat_get.c in /home/jkh/nanolang-qualification/native-full-609-linux/ordinary/tmp/nanolang-native-work-S3P4F1/objects-fp5tRf/.nano-module-luPh10
Generated list_ASTFloat_length.h and list_ASTFloat_length.c in /home/jkh/nanolang-qualification/native-full-609-linux/ordinary/tmp/nanolang-native-work-S3P4F1/objects-fp5tRf/.nano-module-luPh10
Generated list_ASTString_new.h and list_ASTString_new.c in /home/jkh/nanolang-qualification/native-full-609-linux/ordinary/tmp/nanolang-native-work-S3P4F1/objects-fp5tRf/.nano-module-luPh10
Generated list_ASTString_push.h and list_ASTString_push.c in /home/jkh/nanolang-qualification/native-full-609-linux/ordinary/tmp/nanolang-native-work-S3P4F1/objects-fp5tRf/.nano-module-luPh10
Generated list_ASTString_get.h and list_ASTString_get.c in /home/jkh/nanolang-qualification/native-full-609-linux/ordinary/tmp/nanolang-native-work-S3P4F1/objects-fp5tRf/.nano-module-luPh10
Generated list_ASTString_length.h and list_ASTString_length.c in /home/jkh/nanolang-qualification/native-full-609-linux/ordinary/tmp/nanolang-native-work-S3P4F1/objects-fp5tRf/.nano-module-luPh10
Generated list_ASTBool_new.h and list_ASTBool_new.c in /home/jkh/nanolang-qualification/native-full-609-linux/ordinary/tmp/nanolang-native-work-S3P4F1/objects-fp5tRf/.nano-module-luPh10
Generated list_ASTBool_push.h and list_ASTBool_push.c in /home/jkh/nanolang-qualification/native-full-609-linux/ordinary/tmp/nanolang-native-work-S3P4F1/objects-fp5tRf/.nano-module-luPh10
Generated list_ASTBool_get.h and list_ASTBool_get.c in /home/jkh/nanolang-qualification/native-full-609-linux/ordinary/tmp/nanolang-native-work-S3P4F1/objects-fp5tRf/.nano-module-luPh10
Generated list_ASTBool_length.h and list_ASTBool_length.c in /home/jkh/nanolang-qualification/native-full-609-linux/ordinary/tmp/nanolang-native-work-S3P4F1/objects-fp5tRf/.nano-module-luPh10
Generated list_CompilerDiagnostic.h and list_CompilerDiagnostic.c in /home/jkh/nanolang-qualification/native-full-609-linux/ordinary/tmp/nanolang-native-work-S3P4F1/objects-fp5tRf/.nano-module-Qsqdcw
Generated list_LexerToken.h and list_LexerToken.c in /home/jkh/nanolang-qualification/native-full-609-linux/ordinary/tmp/nanolang-native-work-S3P4F1/objects-fp5tRf/.nano-module-Qsqdcw
Generated list_ASTStmtRef.h and list_ASTStmtRef.c in /home/jkh/nanolang-qualification/native-full-609-linux/ordinary/tmp/nanolang-native-work-S3P4F1/objects-fp5tRf/.nano-module-Qsqdcw
Generated list_ASTNumber.h and list_ASTNumber.c in /home/jkh/nanolang-qualification/native-full-609-linux/ordinary/tmp/nanolang-native-work-S3P4F1/objects-fp5tRf/.nano-module-Qsqdcw
Generated list_ASTFloat.h and list_ASTFloat.c in /home/jkh/nanolang-qualification/native-full-609-linux/ordinary/tmp/nanolang-native-work-S3P4F1/objects-fp5tRf/.nano-module-Qsqdcw
Generated list_ASTString.h and list_ASTString.c in /home/jkh/nanolang-qualification/native-full-609-linux/ordinary/tmp/nanolang-native-work-S3P4F1/objects-fp5tRf/.nano-module-Qsqdcw
Generated list_ASTBool.h and list_ASTBool.c in /home/jkh/nanolang-qualification/native-full-609-linux/ordinary/tmp/nanolang-native-work-S3P4F1/objects-fp5tRf/.nano-module-Qsqdcw
Generated list_ASTIdentifier.h and list_ASTIdentifier.c in /home/jkh/nanolang-qualification/native-full-609-linux/ordinary/tmp/nanolang-native-work-S3P4F1/objects-fp5tRf/.nano-module-Qsqdcw
Generated list_ASTBinaryOp.h and list_ASTBinaryOp.c in /home/jkh/nanolang-qualification/native-full-609-linux/ordinary/tmp/nanolang-native-work-S3P4F1/objects-fp5tRf/.nano-module-Qsqdcw
Generated list_ASTCall.h and list_ASTCall.c in /home/jkh/nanolang-qualification/native-full-609-linux/ordinary/tmp/nanolang-native-work-S3P4F1/objects-fp5tRf/.nano-module-Qsqdcw
Generated list_ASTModuleQualifiedCall.h and list_ASTModuleQualifiedCall.c in /home/jkh/nanolang-qualification/native-full-609-linux/ordinary/tmp/nanolang-native-work-S3P4F1/objects-fp5tRf/.nano-module-Qsqdcw
Generated list_ASTArrayLiteral.h and list_ASTArrayLiteral.c in /home/jkh/nanolang-qualification/native-full-609-linux/ordinary/tmp/nanolang-native-work-S3P4F1/objects-fp5tRf/.nano-module-Qsqdcw
Generated list_ASTLet.h and list_ASTLet.c in /home/jkh/nanolang-qualification/native-full-609-linux/ordinary/tmp/nanolang-native-work-S3P4F1/objects-fp5tRf/.nano-module-Qsqdcw
Generated list_ASTSet.h and list_ASTSet.c in /home/jkh/nanolang-qualification/native-full-609-linux/ordinary/tmp/nanolang-native-work-S3P4F1/objects-fp5tRf/.nano-module-Qsqdcw
Generated list_ASTIf.h and list_ASTIf.c in /home/jkh/nanolang-qualification/native-full-609-linux/ordinary/tmp/nanolang-native-work-S3P4F1/objects-fp5tRf/.nano-module-Qsqdcw
Generated list_ASTWhile.h and list_ASTWhile.c in /home/jkh/nanolang-qualification/native-full-609-linux/ordinary/tmp/nanolang-native-work-S3P4F1/objects-fp5tRf/.nano-module-Qsqdcw
Generated list_ASTFor.h and list_ASTFor.c in /home/jkh/nanolang-qualification/native-full-609-linux/ordinary/tmp/nanolang-native-work-S3P4F1/objects-fp5tRf/.nano-module-Qsqdcw
Generated list_ASTReturn.h and list_ASTReturn.c in /home/jkh/nanolang-qualification/native-full-609-linux/ordinary/tmp/nanolang-native-work-S3P4F1/objects-fp5tRf/.nano-module-Qsqdcw
Generated list_ASTBlock.h and list_ASTBlock.c in /home/jkh/nanolang-qualification/native-full-609-linux/ordinary/tmp/nanolang-native-work-S3P4F1/objects-fp5tRf/.nano-module-Qsqdcw
Generated list_ASTUnsafeBlock.h and list_ASTUnsafeBlock.c in /home/jkh/nanolang-qualification/native-full-609-linux/ordinary/tmp/nanolang-native-work-S3P4F1/objects-fp5tRf/.nano-module-Qsqdcw
Generated list_ASTPrint.h and list_ASTPrint.c in /home/jkh/nanolang-qualification/native-full-609-linux/ordinary/tmp/nanolang-native-work-S3P4F1/objects-fp5tRf/.nano-module-Qsqdcw
Generated list_ASTAssert.h and list_ASTAssert.c in /home/jkh/nanolang-qualification/native-full-609-linux/ordinary/tmp/nanolang-native-work-S3P4F1/objects-fp5tRf/.nano-module-Qsqdcw
Generated list_ASTFunction.h and list_ASTFunction.c in /home/jkh/nanolang-qualification/native-full-609-linux/ordinary/tmp/nanolang-native-work-S3P4F1/objects-fp5tRf/.nano-module-Qsqdcw
Generated list_ASTShadow.h and list_ASTShadow.c in /home/jkh/nanolang-qualification/native-full-609-linux/ordinary/tmp/nanolang-native-work-S3P4F1/objects-fp5tRf/.nano-module-Qsqdcw
Generated list_ASTStruct.h and list_ASTStruct.c in /home/jkh/nanolang-qualification/native-full-609-linux/ordinary/tmp/nanolang-native-work-S3P4F1/objects-fp5tRf/.nano-module-Qsqdcw
Generated list_ASTStructLiteral.h and list_ASTStructLiteral.c in /home/jkh/nanolang-qualification/native-full-609-linux/ordinary/tmp/nanolang-native-work-S3P4F1/objects-fp5tRf/.nano-module-Qsqdcw
Generated list_ASTFieldAccess.h and list_ASTFieldAccess.c in /home/jkh/nanolang-qualification/native-full-609-linux/ordinary/tmp/nanolang-native-work-S3P4F1/objects-fp5tRf/.nano-module-Qsqdcw
Generated list_ASTEnum.h and list_ASTEnum.c in /home/jkh/nanolang-qualification/native-full-609-linux/ordinary/tmp/nanolang-native-work-S3P4F1/objects-fp5tRf/.nano-module-Qsqdcw
Generated list_ASTUnion.h and list_ASTUnion.c in /home/jkh/nanolang-qualification/native-full-609-linux/ordinary/tmp/nanolang-native-work-S3P4F1/objects-fp5tRf/.nano-module-Qsqdcw
Generated list_ASTUnionConstruct.h and list_ASTUnionConstruct.c in /home/jkh/nanolang-qualification/native-full-609-linux/ordinary/tmp/nanolang-native-work-S3P4F1/objects-fp5tRf/.nano-module-Qsqdcw
Generated list_ASTMatch.h and list_ASTMatch.c in /home/jkh/nanolang-qualification/native-full-609-linux/ordinary/tmp/nanolang-native-work-S3P4F1/objects-fp5tRf/.nano-module-Qsqdcw
Generated list_ASTImport.h and list_ASTImport.c in /home/jkh/nanolang-qualification/native-full-609-linux/ordinary/tmp/nanolang-native-work-S3P4F1/objects-fp5tRf/.nano-module-Qsqdcw
Generated list_ASTOpaqueType.h and list_ASTOpaqueType.c in /home/jkh/nanolang-qualification/native-full-609-linux/ordinary/tmp/nanolang-native-work-S3P4F1/objects-fp5tRf/.nano-module-Qsqdcw
Generated list_ASTTupleLiteral.h and list_ASTTupleLiteral.c in /home/jkh/nanolang-qualification/native-full-609-linux/ordinary/tmp/nanolang-native-work-S3P4F1/objects-fp5tRf/.nano-module-Qsqdcw
Generated list_ASTTupleIndex.h and list_ASTTupleIndex.c in /home/jkh/nanolang-qualification/native-full-609-linux/ordinary/tmp/nanolang-native-work-S3P4F1/objects-fp5tRf/.nano-module-Qsqdcw
Generated list_ASTServiceDecl.h and list_ASTServiceDecl.c in /home/jkh/nanolang-qualification/native-full-609-linux/ordinary/tmp/nanolang-native-work-S3P4F1/objects-fp5tRf/.nano-module-Qsqdcw
Generated list_CompilerDiagnostic_new.h and list_CompilerDiagnostic_new.c in /home/jkh/nanolang-qualification/native-full-609-linux/ordinary/tmp/nanolang-native-work-S3P4F1/objects-fp5tRf/.nano-module-Qsqdcw
Generated list_CompilerDiagnostic_push.h and list_CompilerDiagnostic_push.c in /home/jkh/nanolang-qualification/native-full-609-linux/ordinary/tmp/nanolang-native-work-S3P4F1/objects-fp5tRf/.nano-module-Qsqdcw
Generated list_CompilerDiagnostic_get.h and list_CompilerDiagnostic_get.c in /home/jkh/nanolang-qualification/native-full-609-linux/ordinary/tmp/nanolang-native-work-S3P4F1/objects-fp5tRf/.nano-module-Qsqdcw
Generated list_CompilerDiagnostic_length.h and list_CompilerDiagnostic_length.c in /home/jkh/nanolang-qualification/native-full-609-linux/ordinary/tmp/nanolang-native-work-S3P4F1/objects-fp5tRf/.nano-module-Qsqdcw
Generated list_LexerToken_new.h and list_LexerToken_new.c in /home/jkh/nanolang-qualification/native-full-609-linux/ordinary/tmp/nanolang-native-work-S3P4F1/objects-fp5tRf/.nano-module-Qsqdcw
Generated list_LexerToken_push.h and list_LexerToken_push.c in /home/jkh/nanolang-qualification/native-full-609-linux/ordinary/tmp/nanolang-native-work-S3P4F1/objects-fp5tRf/.nano-module-Qsqdcw
Generated list_LexerToken_get.h and list_LexerToken_get.c in /home/jkh/nanolang-qualification/native-full-609-linux/ordinary/tmp/nanolang-native-work-S3P4F1/objects-fp5tRf/.nano-module-Qsqdcw
Generated list_LexerToken_length.h and list_LexerToken_length.c in /home/jkh/nanolang-qualification/native-full-609-linux/ordinary/tmp/nanolang-native-work-S3P4F1/objects-fp5tRf/.nano-module-Qsqdcw
Generated list_ASTStmtRef_new.h and list_ASTStmtRef_new.c in /home/jkh/nanolang-qualification/native-full-609-linux/ordinary/tmp/nanolang-native-work-S3P4F1/objects-fp5tRf/.nano-module-Qsqdcw
Generated list_ASTStmtRef_push.h and list_ASTStmtRef_push.c in /home/jkh/nanolang-qualification/native-full-609-linux/ordinary/tmp/nanolang-native-work-S3P4F1/objects-fp5tRf/.nano-module-Qsqdcw
Generated list_ASTStmtRef_get.h and list_ASTStmtRef_get.c in /home/jkh/nanolang-qualification/native-full-609-linux/ordinary/tmp/nanolang-native-work-S3P4F1/objects-fp5tRf/.nano-module-Qsqdcw
Generated list_ASTStmtRef_length.h and list_ASTStmtRef_length.c in /home/jkh/nanolang-qualification/native-full-609-linux/ordinary/tmp/nanolang-native-work-S3P4F1/objects-fp5tRf/.nano-module-Qsqdcw
Generated list_ASTNumber_new.h and list_ASTNumber_new.c in /home/jkh/nanolang-qualification/native-full-609-linux/ordinary/tmp/nanolang-native-work-S3P4F1/objects-fp5tRf/.nano-module-Qsqdcw
Generated list_ASTNumber_push.h and list_ASTNumber_push.c in /home/jkh/nanolang-qualification/native-full-609-linux/ordinary/tmp/nanolang-native-work-S3P4F1/objects-fp5tRf/.nano-module-Qsqdcw
Generated list_ASTNumber_get.h and list_ASTNumber_get.c in /home/jkh/nanolang-qualification/native-full-609-linux/ordinary/tmp/nanolang-native-work-S3P4F1/objects-fp5tRf/.nano-module-Qsqdcw
Generated list_ASTNumber_length.h and list_ASTNumber_length.c in /home/jkh/nanolang-qualification/native-full-609-linux/ordinary/tmp/nanolang-native-work-S3P4F1/objects-fp5tRf/.nano-module-Qsqdcw
Generated list_ASTFloat_new.h and list_ASTFloat_new.c in /home/jkh/nanolang-qualification/native-full-609-linux/ordinary/tmp/nanolang-native-work-S3P4F1/objects-fp5tRf/.nano-module-Qsqdcw
Generated list_ASTFloat_push.h and list_ASTFloat_push.c in /home/jkh/nanolang-qualification/native-full-609-linux/ordinary/tmp/nanolang-native-work-S3P4F1/objects-fp5tRf/.nano-module-Qsqdcw
Generated list_ASTFloat_get.h and list_ASTFloat_get.c in /home/jkh/nanolang-qualification/native-full-609-linux/ordinary/tmp/nanolang-native-work-S3P4F1/objects-fp5tRf/.nano-module-Qsqdcw
Generated list_ASTFloat_length.h and list_ASTFloat_length.c in /home/jkh/nanolang-qualification/native-full-609-linux/ordinary/tmp/nanolang-native-work-S3P4F1/objects-fp5tRf/.nano-module-Qsqdcw
Generated list_ASTString_new.h and list_ASTString_new.c in /home/jkh/nanolang-qualification/native-full-609-linux/ordinary/tmp/nanolang-native-work-S3P4F1/objects-fp5tRf/.nano-module-Qsqdcw
Generated list_ASTString_push.h and list_ASTString_push.c in /home/jkh/nanolang-qualification/native-full-609-linux/ordinary/tmp/nanolang-native-work-S3P4F1/objects-fp5tRf/.nano-module-Qsqdcw
Generated list_ASTString_get.h and list_ASTString_get.c in /home/jkh/nanolang-qualification/native-full-609-linux/ordinary/tmp/nanolang-native-work-S3P4F1/objects-fp5tRf/.nano-module-Qsqdcw
Generated list_ASTString_length.h and list_ASTString_length.c in /home/jkh/nanolang-qualification/native-full-609-linux/ordinary/tmp/nanolang-native-work-S3P4F1/objects-fp5tRf/.nano-module-Qsqdcw
Generated list_ASTBool_new.h and list_ASTBool_new.c in /home/jkh/nanolang-qualification/native-full-609-linux/ordinary/tmp/nanolang-native-work-S3P4F1/objects-fp5tRf/.nano-module-Qsqdcw
Generated list_ASTBool_push.h and list_ASTBool_push.c in /home/jkh/nanolang-qualification/native-full-609-linux/ordinary/tmp/nanolang-native-work-S3P4F1/objects-fp5tRf/.nano-module-Qsqdcw
Generated list_ASTBool_get.h and list_ASTBool_get.c in /home/jkh/nanolang-qualification/native-full-609-linux/ordinary/tmp/nanolang-native-work-S3P4F1/objects-fp5tRf/.nano-module-Qsqdcw
Generated list_ASTBool_length.h and list_ASTBool_length.c in /home/jkh/nanolang-qualification/native-full-609-linux/ordinary/tmp/nanolang-native-work-S3P4F1/objects-fp5tRf/.nano-module-Qsqdcw
Warning at line 109, column 1: Unused variable 'parser'
Warning at line 4910, column 5: Unused variable 'union_name'
Generated list_CompilerDiagnostic.h and list_CompilerDiagnostic.c in /home/jkh/nanolang-qualification/native-full-609-linux/ordinary/tmp/nanolang-native-work-S3P4F1/objects-fp5tRf/.nano-module-iTzOch
Generated list_LexerToken.h and list_LexerToken.c in /home/jkh/nanolang-qualification/native-full-609-linux/ordinary/tmp/nanolang-native-work-S3P4F1/objects-fp5tRf/.nano-module-iTzOch
Generated list_ASTStmtRef.h and list_ASTStmtRef.c in /home/jkh/nanolang-qualification/native-full-609-linux/ordinary/tmp/nanolang-native-work-S3P4F1/objects-fp5tRf/.nano-module-iTzOch
Generated list_ASTNumber.h and list_ASTNumber.c in /home/jkh/nanolang-qualification/native-full-609-linux/ordinary/tmp/nanolang-native-work-S3P4F1/objects-fp5tRf/.nano-module-iTzOch
Generated list_ASTFloat.h and list_ASTFloat.c in /home/jkh/nanolang-qualification/native-full-609-linux/ordinary/tmp/nanolang-native-work-S3P4F1/objects-fp5tRf/.nano-module-iTzOch
Generated list_ASTString.h and list_ASTString.c in /home/jkh/nanolang-qualification/native-full-609-linux/ordinary/tmp/nanolang-native-work-S3P4F1/objects-fp5tRf/.nano-module-iTzOch
Generated list_ASTBool.h and list_ASTBool.c in /home/jkh/nanolang-qualification/native-full-609-linux/ordinary/tmp/nanolang-native-work-S3P4F1/objects-fp5tRf/.nano-module-iTzOch
Generated list_ASTIdentifier.h and list_ASTIdentifier.c in /home/jkh/nanolang-qualification/native-full-609-linux/ordinary/tmp/nanolang-native-work-S3P4F1/objects-fp5tRf/.nano-module-iTzOch
Generated list_ASTBinaryOp.h and list_ASTBinaryOp.c in /home/jkh/nanolang-qualification/native-full-609-linux/ordinary/tmp/nanolang-native-work-S3P4F1/objects-fp5tRf/.nano-module-iTzOch
Generated list_ASTCall.h and list_ASTCall.c in /home/jkh/nanolang-qualification/native-full-609-linux/ordinary/tmp/nanolang-native-work-S3P4F1/objects-fp5tRf/.nano-module-iTzOch
Generated list_ASTModuleQualifiedCall.h and list_ASTModuleQualifiedCall.c in /home/jkh/nanolang-qualification/native-full-609-linux/ordinary/tmp/nanolang-native-work-S3P4F1/objects-fp5tRf/.nano-module-iTzOch
Generated list_ASTArrayLiteral.h and list_ASTArrayLiteral.c in /home/jkh/nanolang-qualification/native-full-609-linux/ordinary/tmp/nanolang-native-work-S3P4F1/objects-fp5tRf/.nano-module-iTzOch
Generated list_ASTLet.h and list_ASTLet.c in /home/jkh/nanolang-qualification/native-full-609-linux/ordinary/tmp/nanolang-native-work-S3P4F1/objects-fp5tRf/.nano-module-iTzOch
Generated list_ASTSet.h and list_ASTSet.c in /home/jkh/nanolang-qualification/native-full-609-linux/ordinary/tmp/nanolang-native-work-S3P4F1/objects-fp5tRf/.nano-module-iTzOch
Generated list_ASTIf.h and list_ASTIf.c in /home/jkh/nanolang-qualification/native-full-609-linux/ordinary/tmp/nanolang-native-work-S3P4F1/objects-fp5tRf/.nano-module-iTzOch
Generated list_ASTWhile.h and list_ASTWhile.c in /home/jkh/nanolang-qualification/native-full-609-linux/ordinary/tmp/nanolang-native-work-S3P4F1/objects-fp5tRf/.nano-module-iTzOch
Generated list_ASTFor.h and list_ASTFor.c in /home/jkh/nanolang-qualification/native-full-609-linux/ordinary/tmp/nanolang-native-work-S3P4F1/objects-fp5tRf/.nano-module-iTzOch
Generated list_ASTReturn.h and list_ASTReturn.c in /home/jkh/nanolang-qualification/native-full-609-linux/ordinary/tmp/nanolang-native-work-S3P4F1/objects-fp5tRf/.nano-module-iTzOch
Generated list_ASTBlock.h and list_ASTBlock.c in /home/jkh/nanolang-qualification/native-full-609-linux/ordinary/tmp/nanolang-native-work-S3P4F1/objects-fp5tRf/.nano-module-iTzOch
Generated list_ASTUnsafeBlock.h and list_ASTUnsafeBlock.c in /home/jkh/nanolang-qualification/native-full-609-linux/ordinary/tmp/nanolang-native-work-S3P4F1/objects-fp5tRf/.nano-module-iTzOch
Generated list_ASTPrint.h and list_ASTPrint.c in /home/jkh/nanolang-qualification/native-full-609-linux/ordinary/tmp/nanolang-native-work-S3P4F1/objects-fp5tRf/.nano-module-iTzOch
Generated list_ASTAssert.h and list_ASTAssert.c in /home/jkh/nanolang-qualification/native-full-609-linux/ordinary/tmp/nanolang-native-work-S3P4F1/objects-fp5tRf/.nano-module-iTzOch
Generated list_ASTFunction.h and list_ASTFunction.c in /home/jkh/nanolang-qualification/native-full-609-linux/ordinary/tmp/nanolang-native-work-S3P4F1/objects-fp5tRf/.nano-module-iTzOch
Generated list_ASTShadow.h and list_ASTShadow.c in /home/jkh/nanolang-qualification/native-full-609-linux/ordinary/tmp/nanolang-native-work-S3P4F1/objects-fp5tRf/.nano-module-iTzOch
Generated list_ASTStruct.h and list_ASTStruct.c in /home/jkh/nanolang-qualification/native-full-609-linux/ordinary/tmp/nanolang-native-work-S3P4F1/objects-fp5tRf/.nano-module-iTzOch
Generated list_ASTStructLiteral.h and list_ASTStructLiteral.c in /home/jkh/nanolang-qualification/native-full-609-linux/ordinary/tmp/nanolang-native-work-S3P4F1/objects-fp5tRf/.nano-module-iTzOch
Generated list_ASTFieldAccess.h and list_ASTFieldAccess.c in /home/jkh/nanolang-qualification/native-full-609-linux/ordinary/tmp/nanolang-native-work-S3P4F1/objects-fp5tRf/.nano-module-iTzOch
Generated list_ASTEnum.h and list_ASTEnum.c in /home/jkh/nanolang-qualification/native-full-609-linux/ordinary/tmp/nanolang-native-work-S3P4F1/objects-fp5tRf/.nano-module-iTzOch
Generated list_ASTUnion.h and list_ASTUnion.c in /home/jkh/nanolang-qualification/native-full-609-linux/ordinary/tmp/nanolang-native-work-S3P4F1/objects-fp5tRf/.nano-module-iTzOch
Generated list_ASTUnionConstruct.h and list_ASTUnionConstruct.c in /home/jkh/nanolang-qualification/native-full-609-linux/ordinary/tmp/nanolang-native-work-S3P4F1/objects-fp5tRf/.nano-module-iTzOch
Generated list_ASTMatch.h and list_ASTMatch.c in /home/jkh/nanolang-qualification/native-full-609-linux/ordinary/tmp/nanolang-native-work-S3P4F1/objects-fp5tRf/.nano-module-iTzOch
Generated list_ASTImport.h and list_ASTImport.c in /home/jkh/nanolang-qualification/native-full-609-linux/ordinary/tmp/nanolang-native-work-S3P4F1/objects-fp5tRf/.nano-module-iTzOch
Generated list_ASTOpaqueType.h and list_ASTOpaqueType.c in /home/jkh/nanolang-qualification/native-full-609-linux/ordinary/tmp/nanolang-native-work-S3P4F1/objects-fp5tRf/.nano-module-iTzOch
Generated list_ASTTupleLiteral.h and list_ASTTupleLiteral.c in /home/jkh/nanolang-qualification/native-full-609-linux/ordinary/tmp/nanolang-native-work-S3P4F1/objects-fp5tRf/.nano-module-iTzOch
Generated list_ASTTupleIndex.h and list_ASTTupleIndex.c in /home/jkh/nanolang-qualification/native-full-609-linux/ordinary/tmp/nanolang-native-work-S3P4F1/objects-fp5tRf/.nano-module-iTzOch
Generated list_ASTServiceDecl.h and list_ASTServiceDecl.c in /home/jkh/nanolang-qualification/native-full-609-linux/ordinary/tmp/nanolang-native-work-S3P4F1/objects-fp5tRf/.nano-module-iTzOch
Generated list_CompilerDiagnostic_new.h and list_CompilerDiagnostic_new.c in /home/jkh/nanolang-qualification/native-full-609-linux/ordinary/tmp/nanolang-native-work-S3P4F1/objects-fp5tRf/.nano-module-iTzOch
Generated list_CompilerDiagnostic_push.h and list_CompilerDiagnostic_push.c in /home/jkh/nanolang-qualification/native-full-609-linux/ordinary/tmp/nanolang-native-work-S3P4F1/objects-fp5tRf/.nano-module-iTzOch
Generated list_CompilerDiagnostic_get.h and list_CompilerDiagnostic_get.c in /home/jkh/nanolang-qualification/native-full-609-linux/ordinary/tmp/nanolang-native-work-S3P4F1/objects-fp5tRf/.nano-module-iTzOch
Generated list_CompilerDiagnostic_length.h and list_CompilerDiagnostic_length.c in /home/jkh/nanolang-qualification/native-full-609-linux/ordinary/tmp/nanolang-native-work-S3P4F1/objects-fp5tRf/.nano-module-iTzOch
Generated list_LexerToken_new.h and list_LexerToken_new.c in /home/jkh/nanolang-qualification/native-full-609-linux/ordinary/tmp/nanolang-native-work-S3P4F1/objects-fp5tRf/.nano-module-iTzOch
Generated list_LexerToken_push.h and list_LexerToken_push.c in /home/jkh/nanolang-qualification/native-full-609-linux/ordinary/tmp/nanolang-native-work-S3P4F1/objects-fp5tRf/.nano-module-iTzOch
Generated list_LexerToken_get.h and list_LexerToken_get.c in /home/jkh/nanolang-qualification/native-full-609-linux/ordinary/tmp/nanolang-native-work-S3P4F1/objects-fp5tRf/.nano-module-iTzOch
Generated list_LexerToken_length.h and list_LexerToken_length.c in /home/jkh/nanolang-qualification/native-full-609-linux/ordinary/tmp/nanolang-native-work-S3P4F1/objects-fp5tRf/.nano-module-iTzOch
Generated list_ASTStmtRef_new.h and list_ASTStmtRef_new.c in /home/jkh/nanolang-qualification/native-full-609-linux/ordinary/tmp/nanolang-native-work-S3P4F1/objects-fp5tRf/.nano-module-iTzOch
Generated list_ASTStmtRef_push.h and list_ASTStmtRef_push.c in /home/jkh/nanolang-qualification/native-full-609-linux/ordinary/tmp/nanolang-native-work-S3P4F1/objects-fp5tRf/.nano-module-iTzOch
Generated list_ASTStmtRef_get.h and list_ASTStmtRef_get.c in /home/jkh/nanolang-qualification/native-full-609-linux/ordinary/tmp/nanolang-native-work-S3P4F1/objects-fp5tRf/.nano-module-iTzOch
Generated list_ASTStmtRef_length.h and list_ASTStmtRef_length.c in /home/jkh/nanolang-qualification/native-full-609-linux/ordinary/tmp/nanolang-native-work-S3P4F1/objects-fp5tRf/.nano-module-iTzOch
Generated list_ASTNumber_new.h and list_ASTNumber_new.c in /home/jkh/nanolang-qualification/native-full-609-linux/ordinary/tmp/nanolang-native-work-S3P4F1/objects-fp5tRf/.nano-module-iTzOch
Generated list_ASTNumber_push.h and list_ASTNumber_push.c in /home/jkh/nanolang-qualification/native-full-609-linux/ordinary/tmp/nanolang-native-work-S3P4F1/objects-fp5tRf/.nano-module-iTzOch
Generated list_ASTNumber_get.h and list_ASTNumber_get.c in /home/jkh/nanolang-qualification/native-full-609-linux/ordinary/tmp/nanolang-native-work-S3P4F1/objects-fp5tRf/.nano-module-iTzOch
Generated list_ASTNumber_length.h and list_ASTNumber_length.c in /home/jkh/nanolang-qualification/native-full-609-linux/ordinary/tmp/nanolang-native-work-S3P4F1/objects-fp5tRf/.nano-module-iTzOch
Generated list_ASTFloat_new.h and list_ASTFloat_new.c in /home/jkh/nanolang-qualification/native-full-609-linux/ordinary/tmp/nanolang-native-work-S3P4F1/objects-fp5tRf/.nano-module-iTzOch
Generated list_ASTFloat_push.h and list_ASTFloat_push.c in /home/jkh/nanolang-qualification/native-full-609-linux/ordinary/tmp/nanolang-native-work-S3P4F1/objects-fp5tRf/.nano-module-iTzOch
Generated list_ASTFloat_get.h and list_ASTFloat_get.c in /home/jkh/nanolang-qualification/native-full-609-linux/ordinary/tmp/nanolang-native-work-S3P4F1/objects-fp5tRf/.nano-module-iTzOch
Generated list_ASTFloat_length.h and list_ASTFloat_length.c in /home/jkh/nanolang-qualification/native-full-609-linux/ordinary/tmp/nanolang-native-work-S3P4F1/objects-fp5tRf/.nano-module-iTzOch
Generated list_ASTString_new.h and list_ASTString_new.c in /home/jkh/nanolang-qualification/native-full-609-linux/ordinary/tmp/nanolang-native-work-S3P4F1/objects-fp5tRf/.nano-module-iTzOch
Generated list_ASTString_push.h and list_ASTString_push.c in /home/jkh/nanolang-qualification/native-full-609-linux/ordinary/tmp/nanolang-native-work-S3P4F1/objects-fp5tRf/.nano-module-iTzOch
Generated list_ASTString_get.h and list_ASTString_get.c in /home/jkh/nanolang-qualification/native-full-609-linux/ordinary/tmp/nanolang-native-work-S3P4F1/objects-fp5tRf/.nano-module-iTzOch
Generated list_ASTString_length.h and list_ASTString_length.c in /home/jkh/nanolang-qualification/native-full-609-linux/ordinary/tmp/nanolang-native-work-S3P4F1/objects-fp5tRf/.nano-module-iTzOch
Generated list_ASTBool_new.h and list_ASTBool_new.c in /home/jkh/nanolang-qualification/native-full-609-linux/ordinary/tmp/nanolang-native-work-S3P4F1/objects-fp5tRf/.nano-module-iTzOch
Generated list_ASTBool_push.h and list_ASTBool_push.c in /home/jkh/nanolang-qualification/native-full-609-linux/ordinary/tmp/nanolang-native-work-S3P4F1/objects-fp5tRf/.nano-module-iTzOch
Generated list_ASTBool_get.h and list_ASTBool_get.c in /home/jkh/nanolang-qualification/native-full-609-linux/ordinary/tmp/nanolang-native-work-S3P4F1/objects-fp5tRf/.nano-module-iTzOch
Generated list_ASTBool_length.h and list_ASTBool_length.c in /home/jkh/nanolang-qualification/native-full-609-linux/ordinary/tmp/nanolang-native-work-S3P4F1/objects-fp5tRf/.nano-module-iTzOch
Generated list_CompilerDiagnostic.h and list_CompilerDiagnostic.c in /home/jkh/nanolang-qualification/native-full-609-linux/ordinary/tmp/nanolang-native-work-S3P4F1/objects-fp5tRf/.nano-module-L0ijJu
Generated list_LexerToken.h and list_LexerToken.c in /home/jkh/nanolang-qualification/native-full-609-linux/ordinary/tmp/nanolang-native-work-S3P4F1/objects-fp5tRf/.nano-module-L0ijJu
Generated list_ASTStmtRef.h and list_ASTStmtRef.c in /home/jkh/nanolang-qualification/native-full-609-linux/ordinary/tmp/nanolang-native-work-S3P4F1/objects-fp5tRf/.nano-module-L0ijJu
Generated list_ASTNumber.h and list_ASTNumber.c in /home/jkh/nanolang-qualification/native-full-609-linux/ordinary/tmp/nanolang-native-work-S3P4F1/objects-fp5tRf/.nano-module-L0ijJu
Generated list_ASTFloat.h and list_ASTFloat.c in /home/jkh/nanolang-qualification/native-full-609-linux/ordinary/tmp/nanolang-native-work-S3P4F1/objects-fp5tRf/.nano-module-L0ijJu
Generated list_ASTString.h and list_ASTString.c in /home/jkh/nanolang-qualification/native-full-609-linux/ordinary/tmp/nanolang-native-work-S3P4F1/objects-fp5tRf/.nano-module-L0ijJu
Generated list_ASTBool.h and list_ASTBool.c in /home/jkh/nanolang-qualification/native-full-609-linux/ordinary/tmp/nanolang-native-work-S3P4F1/objects-fp5tRf/.nano-module-L0ijJu
Generated list_ASTIdentifier.h and list_ASTIdentifier.c in /home/jkh/nanolang-qualification/native-full-609-linux/ordinary/tmp/nanolang-native-work-S3P4F1/objects-fp5tRf/.nano-module-L0ijJu
Generated list_ASTBinaryOp.h and list_ASTBinaryOp.c in /home/jkh/nanolang-qualification/native-full-609-linux/ordinary/tmp/nanolang-native-work-S3P4F1/objects-fp5tRf/.nano-module-L0ijJu
Generated list_ASTCall.h and list_ASTCall.c in /home/jkh/nanolang-qualification/native-full-609-linux/ordinary/tmp/nanolang-native-work-S3P4F1/objects-fp5tRf/.nano-module-L0ijJu
Generated list_ASTModuleQualifiedCall.h and list_ASTModuleQualifiedCall.c in /home/jkh/nanolang-qualification/native-full-609-linux/ordinary/tmp/nanolang-native-work-S3P4F1/objects-fp5tRf/.nano-module-L0ijJu
Generated list_ASTArrayLiteral.h and list_ASTArrayLiteral.c in /home/jkh/nanolang-qualification/native-full-609-linux/ordinary/tmp/nanolang-native-work-S3P4F1/objects-fp5tRf/.nano-module-L0ijJu
Generated list_ASTLet.h and list_ASTLet.c in /home/jkh/nanolang-qualification/native-full-609-linux/ordinary/tmp/nanolang-native-work-S3P4F1/objects-fp5tRf/.nano-module-L0ijJu
Generated list_ASTSet.h and list_ASTSet.c in /home/jkh/nanolang-qualification/native-full-609-linux/ordinary/tmp/nanolang-native-work-S3P4F1/objects-fp5tRf/.nano-module-L0ijJu
Generated list_ASTIf.h and list_ASTIf.c in /home/jkh/nanolang-qualification/native-full-609-linux/ordinary/tmp/nanolang-native-work-S3P4F1/objects-fp5tRf/.nano-module-L0ijJu
Generated list_ASTWhile.h and list_ASTWhile.c in /home/jkh/nanolang-qualification/native-full-609-linux/ordinary/tmp/nanolang-native-work-S3P4F1/objects-fp5tRf/.nano-module-L0ijJu
Generated list_ASTFor.h and list_ASTFor.c in /home/jkh/nanolang-qualification/native-full-609-linux/ordinary/tmp/nanolang-native-work-S3P4F1/objects-fp5tRf/.nano-module-L0ijJu
Generated list_ASTReturn.h and list_ASTReturn.c in /home/jkh/nanolang-qualification/native-full-609-linux/ordinary/tmp/nanolang-native-work-S3P4F1/objects-fp5tRf/.nano-module-L0ijJu
Generated list_ASTBlock.h and list_ASTBlock.c in /home/jkh/nanolang-qualification/native-full-609-linux/ordinary/tmp/nanolang-native-work-S3P4F1/objects-fp5tRf/.nano-module-L0ijJu
Generated list_ASTUnsafeBlock.h and list_ASTUnsafeBlock.c in /home/jkh/nanolang-qualification/native-full-609-linux/ordinary/tmp/nanolang-native-work-S3P4F1/objects-fp5tRf/.nano-module-L0ijJu
Generated list_ASTPrint.h and list_ASTPrint.c in /home/jkh/nanolang-qualification/native-full-609-linux/ordinary/tmp/nanolang-native-work-S3P4F1/objects-fp5tRf/.nano-module-L0ijJu
Generated list_ASTAssert.h and list_ASTAssert.c in /home/jkh/nanolang-qualification/native-full-609-linux/ordinary/tmp/nanolang-native-work-S3P4F1/objects-fp5tRf/.nano-module-L0ijJu
Generated list_ASTFunction.h and list_ASTFunction.c in /home/jkh/nanolang-qualification/native-full-609-linux/ordinary/tmp/nanolang-native-work-S3P4F1/objects-fp5tRf/.nano-module-L0ijJu
Generated list_ASTShadow.h and list_ASTShadow.c in /home/jkh/nanolang-qualification/native-full-609-linux/ordinary/tmp/nanolang-native-work-S3P4F1/objects-fp5tRf/.nano-module-L0ijJu
Generated list_ASTStruct.h and list_ASTStruct.c in /home/jkh/nanolang-qualification/native-full-609-linux/ordinary/tmp/nanolang-native-work-S3P4F1/objects-fp5tRf/.nano-module-L0ijJu
Generated list_ASTStructLiteral.h and list_ASTStructLiteral.c in /home/jkh/nanolang-qualification/native-full-609-linux/ordinary/tmp/nanolang-native-work-S3P4F1/objects-fp5tRf/.nano-module-L0ijJu
Generated list_ASTFieldAccess.h and list_ASTFieldAccess.c in /home/jkh/nanolang-qualification/native-full-609-linux/ordinary/tmp/nanolang-native-work-S3P4F1/objects-fp5tRf/.nano-module-L0ijJu
Generated list_ASTEnum.h and list_ASTEnum.c in /home/jkh/nanolang-qualification/native-full-609-linux/ordinary/tmp/nanolang-native-work-S3P4F1/objects-fp5tRf/.nano-module-L0ijJu
Generated list_ASTUnion.h and list_ASTUnion.c in /home/jkh/nanolang-qualification/native-full-609-linux/ordinary/tmp/nanolang-native-work-S3P4F1/objects-fp5tRf/.nano-module-L0ijJu
Generated list_ASTUnionConstruct.h and list_ASTUnionConstruct.c in /home/jkh/nanolang-qualification/native-full-609-linux/ordinary/tmp/nanolang-native-work-S3P4F1/objects-fp5tRf/.nano-module-L0ijJu
Generated list_ASTMatch.h and list_ASTMatch.c in /home/jkh/nanolang-qualification/native-full-609-linux/ordinary/tmp/nanolang-native-work-S3P4F1/objects-fp5tRf/.nano-module-L0ijJu
Generated list_ASTImport.h and list_ASTImport.c in /home/jkh/nanolang-qualification/native-full-609-linux/ordinary/tmp/nanolang-native-work-S3P4F1/objects-fp5tRf/.nano-module-L0ijJu
Generated list_ASTOpaqueType.h and list_ASTOpaqueType.c in /home/jkh/nanolang-qualification/native-full-609-linux/ordinary/tmp/nanolang-native-work-S3P4F1/objects-fp5tRf/.nano-module-L0ijJu
Generated list_ASTTupleLiteral.h and list_ASTTupleLiteral.c in /home/jkh/nanolang-qualification/native-full-609-linux/ordinary/tmp/nanolang-native-work-S3P4F1/objects-fp5tRf/.nano-module-L0ijJu
Generated list_ASTTupleIndex.h and list_ASTTupleIndex.c in /home/jkh/nanolang-qualification/native-full-609-linux/ordinary/tmp/nanolang-native-work-S3P4F1/objects-fp5tRf/.nano-module-L0ijJu
Generated list_ASTServiceDecl.h and list_ASTServiceDecl.c in /home/jkh/nanolang-qualification/native-full-609-linux/ordinary/tmp/nanolang-native-work-S3P4F1/objects-fp5tRf/.nano-module-L0ijJu
Generated list_CompilerDiagnostic_new.h and list_CompilerDiagnostic_new.c in /home/jkh/nanolang-qualification/native-full-609-linux/ordinary/tmp/nanolang-native-work-S3P4F1/objects-fp5tRf/.nano-module-L0ijJu
Generated list_CompilerDiagnostic_push.h and list_CompilerDiagnostic_push.c in /home/jkh/nanolang-qualification/native-full-609-linux/ordinary/tmp/nanolang-native-work-S3P4F1/objects-fp5tRf/.nano-module-L0ijJu
Generated list_CompilerDiagnostic_get.h and list_CompilerDiagnostic_get.c in /home/jkh/nanolang-qualification/native-full-609-linux/ordinary/tmp/nanolang-native-work-S3P4F1/objects-fp5tRf/.nano-module-L0ijJu
Generated list_CompilerDiagnostic_length.h and list_CompilerDiagnostic_length.c in /home/jkh/nanolang-qualification/native-full-609-linux/ordinary/tmp/nanolang-native-work-S3P4F1/objects-fp5tRf/.nano-module-L0ijJu
Generated list_LexerToken_new.h and list_LexerToken_new.c in /home/jkh/nanolang-qualification/native-full-609-linux/ordinary/tmp/nanolang-native-work-S3P4F1/objects-fp5tRf/.nano-module-L0ijJu
Generated list_LexerToken_push.h and list_LexerToken_push.c in /home/jkh/nanolang-qualification/native-full-609-linux/ordinary/tmp/nanolang-native-work-S3P4F1/objects-fp5tRf/.nano-module-L0ijJu
Generated list_LexerToken_get.h and list_LexerToken_get.c in /home/jkh/nanolang-qualification/native-full-609-linux/ordinary/tmp/nanolang-native-work-S3P4F1/objects-fp5tRf/.nano-module-L0ijJu
Generated list_LexerToken_length.h and list_LexerToken_length.c in /home/jkh/nanolang-qualification/native-full-609-linux/ordinary/tmp/nanolang-native-work-S3P4F1/objects-fp5tRf/.nano-module-L0ijJu
Generated list_ASTStmtRef_new.h and list_ASTStmtRef_new.c in /home/jkh/nanolang-qualification/native-full-609-linux/ordinary/tmp/nanolang-native-work-S3P4F1/objects-fp5tRf/.nano-module-L0ijJu
Generated list_ASTStmtRef_push.h and list_ASTStmtRef_push.c in /home/jkh/nanolang-qualification/native-full-609-linux/ordinary/tmp/nanolang-native-work-S3P4F1/objects-fp5tRf/.nano-module-L0ijJu
Generated list_ASTStmtRef_get.h and list_ASTStmtRef_get.c in /home/jkh/nanolang-qualification/native-full-609-linux/ordinary/tmp/nanolang-native-work-S3P4F1/objects-fp5tRf/.nano-module-L0ijJu
Generated list_ASTStmtRef_length.h and list_ASTStmtRef_length.c in /home/jkh/nanolang-qualification/native-full-609-linux/ordinary/tmp/nanolang-native-work-S3P4F1/objects-fp5tRf/.nano-module-L0ijJu
Generated list_ASTNumber_new.h and list_ASTNumber_new.c in /home/jkh/nanolang-qualification/native-full-609-linux/ordinary/tmp/nanolang-native-work-S3P4F1/objects-fp5tRf/.nano-module-L0ijJu
Generated list_ASTNumber_push.h and list_ASTNumber_push.c in /home/jkh/nanolang-qualification/native-full-609-linux/ordinary/tmp/nanolang-native-work-S3P4F1/objects-fp5tRf/.nano-module-L0ijJu
Generated list_ASTNumber_get.h and list_ASTNumber_get.c in /home/jkh/nanolang-qualification/native-full-609-linux/ordinary/tmp/nanolang-native-work-S3P4F1/objects-fp5tRf/.nano-module-L0ijJu
Generated list_ASTNumber_length.h and list_ASTNumber_length.c in /home/jkh/nanolang-qualification/native-full-609-linux/ordinary/tmp/nanolang-native-work-S3P4F1/objects-fp5tRf/.nano-module-L0ijJu
Generated list_ASTFloat_new.h and list_ASTFloat_new.c in /home/jkh/nanolang-qualification/native-full-609-linux/ordinary/tmp/nanolang-native-work-S3P4F1/objects-fp5tRf/.nano-module-L0ijJu
Generated list_ASTFloat_push.h and list_ASTFloat_push.c in /home/jkh/nanolang-qualification/native-full-609-linux/ordinary/tmp/nanolang-native-work-S3P4F1/objects-fp5tRf/.nano-module-L0ijJu
Generated list_ASTFloat_get.h and list_ASTFloat_get.c in /home/jkh/nanolang-qualification/native-full-609-linux/ordinary/tmp/nanolang-native-work-S3P4F1/objects-fp5tRf/.nano-module-L0ijJu
Generated list_ASTFloat_length.h and list_ASTFloat_length.c in /home/jkh/nanolang-qualification/native-full-609-linux/ordinary/tmp/nanolang-native-work-S3P4F1/objects-fp5tRf/.nano-module-L0ijJu
Generated list_ASTString_new.h and list_ASTString_new.c in /home/jkh/nanolang-qualification/native-full-609-linux/ordinary/tmp/nanolang-native-work-S3P4F1/objects-fp5tRf/.nano-module-L0ijJu
Generated list_ASTString_push.h and list_ASTString_push.c in /home/jkh/nanolang-qualification/native-full-609-linux/ordinary/tmp/nanolang-native-work-S3P4F1/objects-fp5tRf/.nano-module-L0ijJu
Generated list_ASTString_get.h and list_ASTString_get.c in /home/jkh/nanolang-qualification/native-full-609-linux/ordinary/tmp/nanolang-native-work-S3P4F1/objects-fp5tRf/.nano-module-L0ijJu
Generated list_ASTString_length.h and list_ASTString_length.c in /home/jkh/nanolang-qualification/native-full-609-linux/ordinary/tmp/nanolang-native-work-S3P4F1/objects-fp5tRf/.nano-module-L0ijJu
Generated list_ASTBool_new.h and list_ASTBool_new.c in /home/jkh/nanolang-qualification/native-full-609-linux/ordinary/tmp/nanolang-native-work-S3P4F1/objects-fp5tRf/.nano-module-L0ijJu
Generated list_ASTBool_push.h and list_ASTBool_push.c in /home/jkh/nanolang-qualification/native-full-609-linux/ordinary/tmp/nanolang-native-work-S3P4F1/objects-fp5tRf/.nano-module-L0ijJu
Generated list_ASTBool_get.h and list_ASTBool_get.c in /home/jkh/nanolang-qualification/native-full-609-linux/ordinary/tmp/nanolang-native-work-S3P4F1/objects-fp5tRf/.nano-module-L0ijJu
Generated list_ASTBool_length.h and list_ASTBool_length.c in /home/jkh/nanolang-qualification/native-full-609-linux/ordinary/tmp/nanolang-native-work-S3P4F1/objects-fp5tRf/.nano-module-L0ijJu
Warning at line 109, column 1: Unused variable 'parser'
Generated list_CompilerDiagnostic.h and list_CompilerDiagnostic.c in /home/jkh/nanolang-qualification/native-full-609-linux/ordinary/tmp/nanolang-native-work-S3P4F1/objects-fp5tRf/.nano-module-PxGi2F
Generated list_LexerToken.h and list_LexerToken.c in /home/jkh/nanolang-qualification/native-full-609-linux/ordinary/tmp/nanolang-native-work-S3P4F1/objects-fp5tRf/.nano-module-PxGi2F
Generated list_ASTStmtRef.h and list_ASTStmtRef.c in /home/jkh/nanolang-qualification/native-full-609-linux/ordinary/tmp/nanolang-native-work-S3P4F1/objects-fp5tRf/.nano-module-PxGi2F
Generated list_ASTNumber.h and list_ASTNumber.c in /home/jkh/nanolang-qualification/native-full-609-linux/ordinary/tmp/nanolang-native-work-S3P4F1/objects-fp5tRf/.nano-module-PxGi2F
Generated list_ASTFloat.h and list_ASTFloat.c in /home/jkh/nanolang-qualification/native-full-609-linux/ordinary/tmp/nanolang-native-work-S3P4F1/objects-fp5tRf/.nano-module-PxGi2F
Generated list_ASTString.h and list_ASTString.c in /home/jkh/nanolang-qualification/native-full-609-linux/ordinary/tmp/nanolang-native-work-S3P4F1/objects-fp5tRf/.nano-module-PxGi2F
Generated list_ASTBool.h and list_ASTBool.c in /home/jkh/nanolang-qualification/native-full-609-linux/ordinary/tmp/nanolang-native-work-S3P4F1/objects-fp5tRf/.nano-module-PxGi2F
Generated list_ASTIdentifier.h and list_ASTIdentifier.c in /home/jkh/nanolang-qualification/native-full-609-linux/ordinary/tmp/nanolang-native-work-S3P4F1/objects-fp5tRf/.nano-module-PxGi2F
Generated list_ASTBinaryOp.h and list_ASTBinaryOp.c in /home/jkh/nanolang-qualification/native-full-609-linux/ordinary/tmp/nanolang-native-work-S3P4F1/objects-fp5tRf/.nano-module-PxGi2F
Generated list_ASTCall.h and list_ASTCall.c in /home/jkh/nanolang-qualification/native-full-609-linux/ordinary/tmp/nanolang-native-work-S3P4F1/objects-fp5tRf/.nano-module-PxGi2F
Generated list_ASTModuleQualifiedCall.h and list_ASTModuleQualifiedCall.c in /home/jkh/nanolang-qualification/native-full-609-linux/ordinary/tmp/nanolang-native-work-S3P4F1/objects-fp5tRf/.nano-module-PxGi2F
Generated list_ASTArrayLiteral.h and list_ASTArrayLiteral.c in /home/jkh/nanolang-qualification/native-full-609-linux/ordinary/tmp/nanolang-native-work-S3P4F1/objects-fp5tRf/.nano-module-PxGi2F
Generated list_ASTLet.h and list_ASTLet.c in /home/jkh/nanolang-qualification/native-full-609-linux/ordinary/tmp/nanolang-native-work-S3P4F1/objects-fp5tRf/.nano-module-PxGi2F
Generated list_ASTSet.h and list_ASTSet.c in /home/jkh/nanolang-qualification/native-full-609-linux/ordinary/tmp/nanolang-native-work-S3P4F1/objects-fp5tRf/.nano-module-PxGi2F
Generated list_ASTIf.h and list_ASTIf.c in /home/jkh/nanolang-qualification/native-full-609-linux/ordinary/tmp/nanolang-native-work-S3P4F1/objects-fp5tRf/.nano-module-PxGi2F
Generated list_ASTWhile.h and list_ASTWhile.c in /home/jkh/nanolang-qualification/native-full-609-linux/ordinary/tmp/nanolang-native-work-S3P4F1/objects-fp5tRf/.nano-module-PxGi2F
Generated list_ASTFor.h and list_ASTFor.c in /home/jkh/nanolang-qualification/native-full-609-linux/ordinary/tmp/nanolang-native-work-S3P4F1/objects-fp5tRf/.nano-module-PxGi2F
Generated list_ASTReturn.h and list_ASTReturn.c in /home/jkh/nanolang-qualification/native-full-609-linux/ordinary/tmp/nanolang-native-work-S3P4F1/objects-fp5tRf/.nano-module-PxGi2F
Generated list_ASTBlock.h and list_ASTBlock.c in /home/jkh/nanolang-qualification/native-full-609-linux/ordinary/tmp/nanolang-native-work-S3P4F1/objects-fp5tRf/.nano-module-PxGi2F
Generated list_ASTUnsafeBlock.h and list_ASTUnsafeBlock.c in /home/jkh/nanolang-qualification/native-full-609-linux/ordinary/tmp/nanolang-native-work-S3P4F1/objects-fp5tRf/.nano-module-PxGi2F
Generated list_ASTPrint.h and list_ASTPrint.c in /home/jkh/nanolang-qualification/native-full-609-linux/ordinary/tmp/nanolang-native-work-S3P4F1/objects-fp5tRf/.nano-module-PxGi2F
Generated list_ASTAssert.h and list_ASTAssert.c in /home/jkh/nanolang-qualification/native-full-609-linux/ordinary/tmp/nanolang-native-work-S3P4F1/objects-fp5tRf/.nano-module-PxGi2F
Generated list_ASTFunction.h and list_ASTFunction.c in /home/jkh/nanolang-qualification/native-full-609-linux/ordinary/tmp/nanolang-native-work-S3P4F1/objects-fp5tRf/.nano-module-PxGi2F
Generated list_ASTShadow.h and list_ASTShadow.c in /home/jkh/nanolang-qualification/native-full-609-linux/ordinary/tmp/nanolang-native-work-S3P4F1/objects-fp5tRf/.nano-module-PxGi2F
Generated list_ASTStruct.h and list_ASTStruct.c in /home/jkh/nanolang-qualification/native-full-609-linux/ordinary/tmp/nanolang-native-work-S3P4F1/objects-fp5tRf/.nano-module-PxGi2F
Generated list_ASTStructLiteral.h and list_ASTStructLiteral.c in /home/jkh/nanolang-qualification/native-full-609-linux/ordinary/tmp/nanolang-native-work-S3P4F1/objects-fp5tRf/.nano-module-PxGi2F
Generated list_ASTFieldAccess.h and list_ASTFieldAccess.c in /home/jkh/nanolang-qualification/native-full-609-linux/ordinary/tmp/nanolang-native-work-S3P4F1/objects-fp5tRf/.nano-module-PxGi2F
Generated list_ASTEnum.h and list_ASTEnum.c in /home/jkh/nanolang-qualification/native-full-609-linux/ordinary/tmp/nanolang-native-work-S3P4F1/objects-fp5tRf/.nano-module-PxGi2F
Generated list_ASTUnion.h and list_ASTUnion.c in /home/jkh/nanolang-qualification/native-full-609-linux/ordinary/tmp/nanolang-native-work-S3P4F1/objects-fp5tRf/.nano-module-PxGi2F
Generated list_ASTUnionConstruct.h and list_ASTUnionConstruct.c in /home/jkh/nanolang-qualification/native-full-609-linux/ordinary/tmp/nanolang-native-work-S3P4F1/objects-fp5tRf/.nano-module-PxGi2F
Generated list_ASTMatch.h and list_ASTMatch.c in /home/jkh/nanolang-qualification/native-full-609-linux/ordinary/tmp/nanolang-native-work-S3P4F1/objects-fp5tRf/.nano-module-PxGi2F
Generated list_ASTImport.h and list_ASTImport.c in /home/jkh/nanolang-qualification/native-full-609-linux/ordinary/tmp/nanolang-native-work-S3P4F1/objects-fp5tRf/.nano-module-PxGi2F
Generated list_ASTOpaqueType.h and list_ASTOpaqueType.c in /home/jkh/nanolang-qualification/native-full-609-linux/ordinary/tmp/nanolang-native-work-S3P4F1/objects-fp5tRf/.nano-module-PxGi2F
Generated list_ASTTupleLiteral.h and list_ASTTupleLiteral.c in /home/jkh/nanolang-qualification/native-full-609-linux/ordinary/tmp/nanolang-native-work-S3P4F1/objects-fp5tRf/.nano-module-PxGi2F
Generated list_ASTTupleIndex.h and list_ASTTupleIndex.c in /home/jkh/nanolang-qualification/native-full-609-linux/ordinary/tmp/nanolang-native-work-S3P4F1/objects-fp5tRf/.nano-module-PxGi2F
Generated list_ASTServiceDecl.h and list_ASTServiceDecl.c in /home/jkh/nanolang-qualification/native-full-609-linux/ordinary/tmp/nanolang-native-work-S3P4F1/objects-fp5tRf/.nano-module-PxGi2F
Generated list_Token.h and list_Token.c in /home/jkh/nanolang-qualification/native-full-609-linux/ordinary/tmp/nanolang-native-work-S3P4F1/objects-fp5tRf/.nano-module-PxGi2F
Generated list_CompilerDiagnostic_new.h and list_CompilerDiagnostic_new.c in /home/jkh/nanolang-qualification/native-full-609-linux/ordinary/tmp/nanolang-native-work-S3P4F1/objects-fp5tRf/.nano-module-PxGi2F
Generated list_CompilerDiagnostic_push.h and list_CompilerDiagnostic_push.c in /home/jkh/nanolang-qualification/native-full-609-linux/ordinary/tmp/nanolang-native-work-S3P4F1/objects-fp5tRf/.nano-module-PxGi2F
Generated list_CompilerDiagnostic_get.h and list_CompilerDiagnostic_get.c in /home/jkh/nanolang-qualification/native-full-609-linux/ordinary/tmp/nanolang-native-work-S3P4F1/objects-fp5tRf/.nano-module-PxGi2F
Generated list_CompilerDiagnostic_length.h and list_CompilerDiagnostic_length.c in /home/jkh/nanolang-qualification/native-full-609-linux/ordinary/tmp/nanolang-native-work-S3P4F1/objects-fp5tRf/.nano-module-PxGi2F
Generated list_LexerToken_new.h and list_LexerToken_new.c in /home/jkh/nanolang-qualification/native-full-609-linux/ordinary/tmp/nanolang-native-work-S3P4F1/objects-fp5tRf/.nano-module-PxGi2F
Generated list_LexerToken_push.h and list_LexerToken_push.c in /home/jkh/nanolang-qualification/native-full-609-linux/ordinary/tmp/nanolang-native-work-S3P4F1/objects-fp5tRf/.nano-module-PxGi2F
Generated list_LexerToken_get.h and list_LexerToken_get.c in /home/jkh/nanolang-qualification/native-full-609-linux/ordinary/tmp/nanolang-native-work-S3P4F1/objects-fp5tRf/.nano-module-PxGi2F
Generated list_LexerToken_length.h and list_LexerToken_length.c in /home/jkh/nanolang-qualification/native-full-609-linux/ordinary/tmp/nanolang-native-work-S3P4F1/objects-fp5tRf/.nano-module-PxGi2F
Generated list_ASTStmtRef_new.h and list_ASTStmtRef_new.c in /home/jkh/nanolang-qualification/native-full-609-linux/ordinary/tmp/nanolang-native-work-S3P4F1/objects-fp5tRf/.nano-module-PxGi2F
Generated list_ASTStmtRef_push.h and list_ASTStmtRef_push.c in /home/jkh/nanolang-qualification/native-full-609-linux/ordinary/tmp/nanolang-native-work-S3P4F1/objects-fp5tRf/.nano-module-PxGi2F
Generated list_ASTStmtRef_get.h and list_ASTStmtRef_get.c in /home/jkh/nanolang-qualification/native-full-609-linux/ordinary/tmp/nanolang-native-work-S3P4F1/objects-fp5tRf/.nano-module-PxGi2F
Generated list_ASTStmtRef_length.h and list_ASTStmtRef_length.c in /home/jkh/nanolang-qualification/native-full-609-linux/ordinary/tmp/nanolang-native-work-S3P4F1/objects-fp5tRf/.nano-module-PxGi2F
Generated list_ASTNumber_new.h and list_ASTNumber_new.c in /home/jkh/nanolang-qualification/native-full-609-linux/ordinary/tmp/nanolang-native-work-S3P4F1/objects-fp5tRf/.nano-module-PxGi2F
Generated list_ASTNumber_push.h and list_ASTNumber_push.c in /home/jkh/nanolang-qualification/native-full-609-linux/ordinary/tmp/nanolang-native-work-S3P4F1/objects-fp5tRf/.nano-module-PxGi2F
Generated list_ASTNumber_get.h and list_ASTNumber_get.c in /home/jkh/nanolang-qualification/native-full-609-linux/ordinary/tmp/nanolang-native-work-S3P4F1/objects-fp5tRf/.nano-module-PxGi2F
Generated list_ASTNumber_length.h and list_ASTNumber_length.c in /home/jkh/nanolang-qualification/native-full-609-linux/ordinary/tmp/nanolang-native-work-S3P4F1/objects-fp5tRf/.nano-module-PxGi2F
Generated list_ASTFloat_new.h and list_ASTFloat_new.c in /home/jkh/nanolang-qualification/native-full-609-linux/ordinary/tmp/nanolang-native-work-S3P4F1/objects-fp5tRf/.nano-module-PxGi2F
Generated list_ASTFloat_push.h and list_ASTFloat_push.c in /home/jkh/nanolang-qualification/native-full-609-linux/ordinary/tmp/nanolang-native-work-S3P4F1/objects-fp5tRf/.nano-module-PxGi2F
Generated list_ASTFloat_get.h and list_ASTFloat_get.c in /home/jkh/nanolang-qualification/native-full-609-linux/ordinary/tmp/nanolang-native-work-S3P4F1/objects-fp5tRf/.nano-module-PxGi2F
Generated list_ASTFloat_length.h and list_ASTFloat_length.c in /home/jkh/nanolang-qualification/native-full-609-linux/ordinary/tmp/nanolang-native-work-S3P4F1/objects-fp5tRf/.nano-module-PxGi2F
Generated list_ASTString_new.h and list_ASTString_new.c in /home/jkh/nanolang-qualification/native-full-609-linux/ordinary/tmp/nanolang-native-work-S3P4F1/objects-fp5tRf/.nano-module-PxGi2F
Generated list_ASTString_push.h and list_ASTString_push.c in /home/jkh/nanolang-qualification/native-full-609-linux/ordinary/tmp/nanolang-native-work-S3P4F1/objects-fp5tRf/.nano-module-PxGi2F
Generated list_ASTString_get.h and list_ASTString_get.c in /home/jkh/nanolang-qualification/native-full-609-linux/ordinary/tmp/nanolang-native-work-S3P4F1/objects-fp5tRf/.nano-module-PxGi2F
Generated list_ASTString_length.h and list_ASTString_length.c in /home/jkh/nanolang-qualification/native-full-609-linux/ordinary/tmp/nanolang-native-work-S3P4F1/objects-fp5tRf/.nano-module-PxGi2F
Generated list_ASTBool_new.h and list_ASTBool_new.c in /home/jkh/nanolang-qualification/native-full-609-linux/ordinary/tmp/nanolang-native-work-S3P4F1/objects-fp5tRf/.nano-module-PxGi2F
Generated list_ASTBool_push.h and list_ASTBool_push.c in /home/jkh/nanolang-qualification/native-full-609-linux/ordinary/tmp/nanolang-native-work-S3P4F1/objects-fp5tRf/.nano-module-PxGi2F
Generated list_ASTBool_get.h and list_ASTBool_get.c in /home/jkh/nanolang-qualification/native-full-609-linux/ordinary/tmp/nanolang-native-work-S3P4F1/objects-fp5tRf/.nano-module-PxGi2F
Generated list_CompilerDiagnostic.h and list_CompilerDiagnostic.c in /home/jkh/nanolang-qualification/native-full-609-linux/ordinary/tmp/nanolang-native-work-S3P4F1/objects-fp5tRf/.nano-module-eDJQ12
Generated list_LexerToken.h and list_LexerToken.c in /home/jkh/nanolang-qualification/native-full-609-linux/ordinary/tmp/nanolang-native-work-S3P4F1/objects-fp5tRf/.nano-module-eDJQ12
Generated list_ASTStmtRef.h and list_ASTStmtRef.c in /home/jkh/nanolang-qualification/native-full-609-linux/ordinary/tmp/nanolang-native-work-S3P4F1/objects-fp5tRf/.nano-module-eDJQ12
Generated list_ASTNumber.h and list_ASTNumber.c in /home/jkh/nanolang-qualification/native-full-609-linux/ordinary/tmp/nanolang-native-work-S3P4F1/objects-fp5tRf/.nano-module-eDJQ12
Generated list_ASTFloat.h and list_ASTFloat.c in /home/jkh/nanolang-qualification/native-full-609-linux/ordinary/tmp/nanolang-native-work-S3P4F1/objects-fp5tRf/.nano-module-eDJQ12
Generated list_ASTString.h and list_ASTString.c in /home/jkh/nanolang-qualification/native-full-609-linux/ordinary/tmp/nanolang-native-work-S3P4F1/objects-fp5tRf/.nano-module-eDJQ12
Generated list_ASTBool.h and list_ASTBool.c in /home/jkh/nanolang-qualification/native-full-609-linux/ordinary/tmp/nanolang-native-work-S3P4F1/objects-fp5tRf/.nano-module-eDJQ12
Generated list_ASTIdentifier.h and list_ASTIdentifier.c in /home/jkh/nanolang-qualification/native-full-609-linux/ordinary/tmp/nanolang-native-work-S3P4F1/objects-fp5tRf/.nano-module-eDJQ12
Generated list_ASTBinaryOp.h and list_ASTBinaryOp.c in /home/jkh/nanolang-qualification/native-full-609-linux/ordinary/tmp/nanolang-native-work-S3P4F1/objects-fp5tRf/.nano-module-eDJQ12
Generated list_ASTCall.h and list_ASTCall.c in /home/jkh/nanolang-qualification/native-full-609-linux/ordinary/tmp/nanolang-native-work-S3P4F1/objects-fp5tRf/.nano-module-eDJQ12
Generated list_ASTModuleQualifiedCall.h and list_ASTModuleQualifiedCall.c in /home/jkh/nanolang-qualification/native-full-609-linux/ordinary/tmp/nanolang-native-work-S3P4F1/objects-fp5tRf/.nano-module-eDJQ12
Generated list_ASTArrayLiteral.h and list_ASTArrayLiteral.c in /home/jkh/nanolang-qualification/native-full-609-linux/ordinary/tmp/nanolang-native-work-S3P4F1/objects-fp5tRf/.nano-module-eDJQ12
Generated list_ASTLet.h and list_ASTLet.c in /home/jkh/nanolang-qualification/native-full-609-linux/ordinary/tmp/nanolang-native-work-S3P4F1/objects-fp5tRf/.nano-module-eDJQ12
Generated list_ASTSet.h and list_ASTSet.c in /home/jkh/nanolang-qualification/native-full-609-linux/ordinary/tmp/nanolang-native-work-S3P4F1/objects-fp5tRf/.nano-module-eDJQ12
Generated list_ASTIf.h and list_ASTIf.c in /home/jkh/nanolang-qualification/native-full-609-linux/ordinary/tmp/nanolang-native-work-S3P4F1/objects-fp5tRf/.nano-module-eDJQ12
Generated list_ASTWhile.h and list_ASTWhile.c in /home/jkh/nanolang-qualification/native-full-609-linux/ordinary/tmp/nanolang-native-work-S3P4F1/objects-fp5tRf/.nano-module-eDJQ12
Generated list_ASTFor.h and list_ASTFor.c in /home/jkh/nanolang-qualification/native-full-609-linux/ordinary/tmp/nanolang-native-work-S3P4F1/objects-fp5tRf/.nano-module-eDJQ12
Generated list_ASTReturn.h and list_ASTReturn.c in /home/jkh/nanolang-qualification/native-full-609-linux/ordinary/tmp/nanolang-native-work-S3P4F1/objects-fp5tRf/.nano-module-eDJQ12
Generated list_ASTBlock.h and list_ASTBlock.c in /home/jkh/nanolang-qualification/native-full-609-linux/ordinary/tmp/nanolang-native-work-S3P4F1/objects-fp5tRf/.nano-module-eDJQ12
Generated list_ASTUnsafeBlock.h and list_ASTUnsafeBlock.c in /home/jkh/nanolang-qualification/native-full-609-linux/ordinary/tmp/nanolang-native-work-S3P4F1/objects-fp5tRf/.nano-module-eDJQ12
Generated list_ASTPrint.h and list_ASTPrint.c in /home/jkh/nanolang-qualification/native-full-609-linux/ordinary/tmp/nanolang-native-work-S3P4F1/objects-fp5tRf/.nano-module-eDJQ12
Generated list_ASTAssert.h and list_ASTAssert.c in /home/jkh/nanolang-qualification/native-full-609-linux/ordinary/tmp/nanolang-native-work-S3P4F1/objects-fp5tRf/.nano-module-eDJQ12
Generated list_ASTFunction.h and list_ASTFunction.c in /home/jkh/nanolang-qualification/native-full-609-linux/ordinary/tmp/nanolang-native-work-S3P4F1/objects-fp5tRf/.nano-module-eDJQ12
Generated list_ASTShadow.h and list_ASTShadow.c in /home/jkh/nanolang-qualification/native-full-609-linux/ordinary/tmp/nanolang-native-work-S3P4F1/objects-fp5tRf/.nano-module-eDJQ12
Generated list_ASTStruct.h and list_ASTStruct.c in /home/jkh/nanolang-qualification/native-full-609-linux/ordinary/tmp/nanolang-native-work-S3P4F1/objects-fp5tRf/.nano-module-eDJQ12
Generated list_ASTStructLiteral.h and list_ASTStructLiteral.c in /home/jkh/nanolang-qualification/native-full-609-linux/ordinary/tmp/nanolang-native-work-S3P4F1/objects-fp5tRf/.nano-module-eDJQ12
Generated list_ASTFieldAccess.h and list_ASTFieldAccess.c in /home/jkh/nanolang-qualification/native-full-609-linux/ordinary/tmp/nanolang-native-work-S3P4F1/objects-fp5tRf/.nano-module-eDJQ12
Generated list_ASTEnum.h and list_ASTEnum.c in /home/jkh/nanolang-qualification/native-full-609-linux/ordinary/tmp/nanolang-native-work-S3P4F1/objects-fp5tRf/.nano-module-eDJQ12
Generated list_ASTUnion.h and list_ASTUnion.c in /home/jkh/nanolang-qualification/native-full-609-linux/ordinary/tmp/nanolang-native-work-S3P4F1/objects-fp5tRf/.nano-module-eDJQ12
Generated list_ASTUnionConstruct.h and list_ASTUnionConstruct.c in /home/jkh/nanolang-qualification/native-full-609-linux/ordinary/tmp/nanolang-native-work-S3P4F1/objects-fp5tRf/.nano-module-eDJQ12
Generated list_ASTMatch.h and list_ASTMatch.c in /home/jkh/nanolang-qualification/native-full-609-linux/ordinary/tmp/nanolang-native-work-S3P4F1/objects-fp5tRf/.nano-module-eDJQ12
Generated list_ASTImport.h and list_ASTImport.c in /home/jkh/nanolang-qualification/native-full-609-linux/ordinary/tmp/nanolang-native-work-S3P4F1/objects-fp5tRf/.nano-module-eDJQ12
Generated list_ASTOpaqueType.h and list_ASTOpaqueType.c in /home/jkh/nanolang-qualification/native-full-609-linux/ordinary/tmp/nanolang-native-work-S3P4F1/objects-fp5tRf/.nano-module-eDJQ12
Generated list_ASTTupleLiteral.h and list_ASTTupleLiteral.c in /home/jkh/nanolang-qualification/native-full-609-linux/ordinary/tmp/nanolang-native-work-S3P4F1/objects-fp5tRf/.nano-module-eDJQ12
Generated list_ASTTupleIndex.h and list_ASTTupleIndex.c in /home/jkh/nanolang-qualification/native-full-609-linux/ordinary/tmp/nanolang-native-work-S3P4F1/objects-fp5tRf/.nano-module-eDJQ12
Generated list_ASTServiceDecl.h and list_ASTServiceDecl.c in /home/jkh/nanolang-qualification/native-full-609-linux/ordinary/tmp/nanolang-native-work-S3P4F1/objects-fp5tRf/.nano-module-eDJQ12
Generated list_CompilerDiagnostic_new.h and list_CompilerDiagnostic_new.c in /home/jkh/nanolang-qualification/native-full-609-linux/ordinary/tmp/nanolang-native-work-S3P4F1/objects-fp5tRf/.nano-module-eDJQ12
Generated list_CompilerDiagnostic_push.h and list_CompilerDiagnostic_push.c in /home/jkh/nanolang-qualification/native-full-609-linux/ordinary/tmp/nanolang-native-work-S3P4F1/objects-fp5tRf/.nano-module-eDJQ12
Generated list_CompilerDiagnostic_get.h and list_CompilerDiagnostic_get.c in /home/jkh/nanolang-qualification/native-full-609-linux/ordinary/tmp/nanolang-native-work-S3P4F1/objects-fp5tRf/.nano-module-eDJQ12
Generated list_CompilerDiagnostic_length.h and list_CompilerDiagnostic_length.c in /home/jkh/nanolang-qualification/native-full-609-linux/ordinary/tmp/nanolang-native-work-S3P4F1/objects-fp5tRf/.nano-module-eDJQ12
Generated list_LexerToken_new.h and list_LexerToken_new.c in /home/jkh/nanolang-qualification/native-full-609-linux/ordinary/tmp/nanolang-native-work-S3P4F1/objects-fp5tRf/.nano-module-eDJQ12
Generated list_LexerToken_push.h and list_LexerToken_push.c in /home/jkh/nanolang-qualification/native-full-609-linux/ordinary/tmp/nanolang-native-work-S3P4F1/objects-fp5tRf/.nano-module-eDJQ12
Generated list_LexerToken_get.h and list_LexerToken_get.c in /home/jkh/nanolang-qualification/native-full-609-linux/ordinary/tmp/nanolang-native-work-S3P4F1/objects-fp5tRf/.nano-module-eDJQ12
Generated list_LexerToken_length.h and list_LexerToken_length.c in /home/jkh/nanolang-qualification/native-full-609-linux/ordinary/tmp/nanolang-native-work-S3P4F1/objects-fp5tRf/.nano-module-eDJQ12
Generated list_ASTStmtRef_new.h and list_ASTStmtRef_new.c in /home/jkh/nanolang-qualification/native-full-609-linux/ordinary/tmp/nanolang-native-work-S3P4F1/objects-fp5tRf/.nano-module-eDJQ12
Generated list_ASTStmtRef_push.h and list_ASTStmtRef_push.c in /home/jkh/nanolang-qualification/native-full-609-linux/ordinary/tmp/nanolang-native-work-S3P4F1/objects-fp5tRf/.nano-module-eDJQ12
Generated list_ASTStmtRef_get.h and list_ASTStmtRef_get.c in /home/jkh/nanolang-qualification/native-full-609-linux/ordinary/tmp/nanolang-native-work-S3P4F1/objects-fp5tRf/.nano-module-eDJQ12
Generated list_ASTStmtRef_length.h and list_ASTStmtRef_length.c in /home/jkh/nanolang-qualification/native-full-609-linux/ordinary/tmp/nanolang-native-work-S3P4F1/objects-fp5tRf/.nano-module-eDJQ12
Generated list_ASTNumber_new.h and list_ASTNumber_new.c in /home/jkh/nanolang-qualification/native-full-609-linux/ordinary/tmp/nanolang-native-work-S3P4F1/objects-fp5tRf/.nano-module-eDJQ12
Generated list_ASTNumber_push.h and list_ASTNumber_push.c in /home/jkh/nanolang-qualification/native-full-609-linux/ordinary/tmp/nanolang-native-work-S3P4F1/objects-fp5tRf/.nano-module-eDJQ12
Generated list_ASTNumber_get.h and list_ASTNumber_get.c in /home/jkh/nanolang-qualification/native-full-609-linux/ordinary/tmp/nanolang-native-work-S3P4F1/objects-fp5tRf/.nano-module-eDJQ12
Generated list_ASTNumber_length.h and list_ASTNumber_length.c in /home/jkh/nanolang-qualification/native-full-609-linux/ordinary/tmp/nanolang-native-work-S3P4F1/objects-fp5tRf/.nano-module-eDJQ12
Generated list_ASTFloat_new.h and list_ASTFloat_new.c in /home/jkh/nanolang-qualification/native-full-609-linux/ordinary/tmp/nanolang-native-work-S3P4F1/objects-fp5tRf/.nano-module-eDJQ12
Generated list_ASTFloat_push.h and list_ASTFloat_push.c in /home/jkh/nanolang-qualification/native-full-609-linux/ordinary/tmp/nanolang-native-work-S3P4F1/objects-fp5tRf/.nano-module-eDJQ12
Generated list_ASTFloat_get.h and list_ASTFloat_get.c in /home/jkh/nanolang-qualification/native-full-609-linux/ordinary/tmp/nanolang-native-work-S3P4F1/objects-fp5tRf/.nano-module-eDJQ12
Generated list_ASTFloat_length.h and list_ASTFloat_length.c in /home/jkh/nanolang-qualification/native-full-609-linux/ordinary/tmp/nanolang-native-work-S3P4F1/objects-fp5tRf/.nano-module-eDJQ12
Generated list_ASTString_new.h and list_ASTString_new.c in /home/jkh/nanolang-qualification/native-full-609-linux/ordinary/tmp/nanolang-native-work-S3P4F1/objects-fp5tRf/.nano-module-eDJQ12
Generated list_ASTString_push.h and list_ASTString_push.c in /home/jkh/nanolang-qualification/native-full-609-linux/ordinary/tmp/nanolang-native-work-S3P4F1/objects-fp5tRf/.nano-module-eDJQ12
Generated list_ASTString_get.h and list_ASTString_get.c in /home/jkh/nanolang-qualification/native-full-609-linux/ordinary/tmp/nanolang-native-work-S3P4F1/objects-fp5tRf/.nano-module-eDJQ12
Generated list_ASTString_length.h and list_ASTString_length.c in /home/jkh/nanolang-qualification/native-full-609-linux/ordinary/tmp/nanolang-native-work-S3P4F1/objects-fp5tRf/.nano-module-eDJQ12
Generated list_ASTBool_new.h and list_ASTBool_new.c in /home/jkh/nanolang-qualification/native-full-609-linux/ordinary/tmp/nanolang-native-work-S3P4F1/objects-fp5tRf/.nano-module-eDJQ12
Generated list_ASTBool_push.h and list_ASTBool_push.c in /home/jkh/nanolang-qualification/native-full-609-linux/ordinary/tmp/nanolang-native-work-S3P4F1/objects-fp5tRf/.nano-module-eDJQ12
Generated list_ASTBool_get.h and list_ASTBool_get.c in /home/jkh/nanolang-qualification/native-full-609-linux/ordinary/tmp/nanolang-native-work-S3P4F1/objects-fp5tRf/.nano-module-eDJQ12
Generated list_ASTBool_length.h and list_ASTBool_length.c in /home/jkh/nanolang-qualification/native-full-609-linux/ordinary/tmp/nanolang-native-work-S3P4F1/objects-fp5tRf/.nano-module-eDJQ12
Warning at line 175, column 9: Unused variable 'ignored'
Generated list_CompilerDiagnostic.h and list_CompilerDiagnostic.c in /home/jkh/nanolang-qualification/native-full-609-linux/ordinary/tmp/nanolang-native-work-S3P4F1/objects-fp5tRf/.nano-module-5JShQG
Generated list_LexerToken.h and list_LexerToken.c in /home/jkh/nanolang-qualification/native-full-609-linux/ordinary/tmp/nanolang-native-work-S3P4F1/objects-fp5tRf/.nano-module-5JShQG
Generated list_ASTStmtRef.h and list_ASTStmtRef.c in /home/jkh/nanolang-qualification/native-full-609-linux/ordinary/tmp/nanolang-native-work-S3P4F1/objects-fp5tRf/.nano-module-5JShQG
Generated list_ASTNumber.h and list_ASTNumber.c in /home/jkh/nanolang-qualification/native-full-609-linux/ordinary/tmp/nanolang-native-work-S3P4F1/objects-fp5tRf/.nano-module-5JShQG
Generated list_ASTFloat.h and list_ASTFloat.c in /home/jkh/nanolang-qualification/native-full-609-linux/ordinary/tmp/nanolang-native-work-S3P4F1/objects-fp5tRf/.nano-module-5JShQG
Generated list_ASTString.h and list_ASTString.c in /home/jkh/nanolang-qualification/native-full-609-linux/ordinary/tmp/nanolang-native-work-S3P4F1/objects-fp5tRf/.nano-module-5JShQG
Generated list_ASTBool.h and list_ASTBool.c in /home/jkh/nanolang-qualification/native-full-609-linux/ordinary/tmp/nanolang-native-work-S3P4F1/objects-fp5tRf/.nano-module-5JShQG
Generated list_ASTIdentifier.h and list_ASTIdentifier.c in /home/jkh/nanolang-qualification/native-full-609-linux/ordinary/tmp/nanolang-native-work-S3P4F1/objects-fp5tRf/.nano-module-5JShQG
Generated list_ASTBinaryOp.h and list_ASTBinaryOp.c in /home/jkh/nanolang-qualification/native-full-609-linux/ordinary/tmp/nanolang-native-work-S3P4F1/objects-fp5tRf/.nano-module-5JShQG
Generated list_ASTCall.h and list_ASTCall.c in /home/jkh/nanolang-qualification/native-full-609-linux/ordinary/tmp/nanolang-native-work-S3P4F1/objects-fp5tRf/.nano-module-5JShQG
Generated list_ASTModuleQualifiedCall.h and list_ASTModuleQualifiedCall.c in /home/jkh/nanolang-qualification/native-full-609-linux/ordinary/tmp/nanolang-native-work-S3P4F1/objects-fp5tRf/.nano-module-5JShQG
Generated list_ASTArrayLiteral.h and list_ASTArrayLiteral.c in /home/jkh/nanolang-qualification/native-full-609-linux/ordinary/tmp/nanolang-native-work-S3P4F1/objects-fp5tRf/.nano-module-5JShQG
Generated list_ASTLet.h and list_ASTLet.c in /home/jkh/nanolang-qualification/native-full-609-linux/ordinary/tmp/nanolang-native-work-S3P4F1/objects-fp5tRf/.nano-module-5JShQG
Generated list_ASTSet.h and list_ASTSet.c in /home/jkh/nanolang-qualification/native-full-609-linux/ordinary/tmp/nanolang-native-work-S3P4F1/objects-fp5tRf/.nano-module-5JShQG
Generated list_ASTIf.h and list_ASTIf.c in /home/jkh/nanolang-qualification/native-full-609-linux/ordinary/tmp/nanolang-native-work-S3P4F1/objects-fp5tRf/.nano-module-5JShQG
Generated list_ASTWhile.h and list_ASTWhile.c in /home/jkh/nanolang-qualification/native-full-609-linux/ordinary/tmp/nanolang-native-work-S3P4F1/objects-fp5tRf/.nano-module-5JShQG
Generated list_ASTFor.h and list_ASTFor.c in /home/jkh/nanolang-qualification/native-full-609-linux/ordinary/tmp/nanolang-native-work-S3P4F1/objects-fp5tRf/.nano-module-5JShQG
Generated list_ASTReturn.h and list_ASTReturn.c in /home/jkh/nanolang-qualification/native-full-609-linux/ordinary/tmp/nanolang-native-work-S3P4F1/objects-fp5tRf/.nano-module-5JShQG
Generated list_ASTBlock.h and list_ASTBlock.c in /home/jkh/nanolang-qualification/native-full-609-linux/ordinary/tmp/nanolang-native-work-S3P4F1/objects-fp5tRf/.nano-module-5JShQG
Generated list_ASTUnsafeBlock.h and list_ASTUnsafeBlock.c in /home/jkh/nanolang-qualification/native-full-609-linux/ordinary/tmp/nanolang-native-work-S3P4F1/objects-fp5tRf/.nano-module-5JShQG
Generated list_ASTPrint.h and list_ASTPrint.c in /home/jkh/nanolang-qualification/native-full-609-linux/ordinary/tmp/nanolang-native-work-S3P4F1/objects-fp5tRf/.nano-module-5JShQG
Generated list_ASTAssert.h and list_ASTAssert.c in /home/jkh/nanolang-qualification/native-full-609-linux/ordinary/tmp/nanolang-native-work-S3P4F1/objects-fp5tRf/.nano-module-5JShQG
Generated list_ASTFunction.h and list_ASTFunction.c in /home/jkh/nanolang-qualification/native-full-609-linux/ordinary/tmp/nanolang-native-work-S3P4F1/objects-fp5tRf/.nano-module-5JShQG
Generated list_ASTShadow.h and list_ASTShadow.c in /home/jkh/nanolang-qualification/native-full-609-linux/ordinary/tmp/nanolang-native-work-S3P4F1/objects-fp5tRf/.nano-module-5JShQG
Generated list_ASTStruct.h and list_ASTStruct.c in /home/jkh/nanolang-qualification/native-full-609-linux/ordinary/tmp/nanolang-native-work-S3P4F1/objects-fp5tRf/.nano-module-5JShQG
Generated list_ASTStructLiteral.h and list_ASTStructLiteral.c in /home/jkh/nanolang-qualification/native-full-609-linux/ordinary/tmp/nanolang-native-work-S3P4F1/objects-fp5tRf/.nano-module-5JShQG
Generated list_ASTFieldAccess.h and list_ASTFieldAccess.c in /home/jkh/nanolang-qualification/native-full-609-linux/ordinary/tmp/nanolang-native-work-S3P4F1/objects-fp5tRf/.nano-module-5JShQG
Generated list_ASTEnum.h and list_ASTEnum.c in /home/jkh/nanolang-qualification/native-full-609-linux/ordinary/tmp/nanolang-native-work-S3P4F1/objects-fp5tRf/.nano-module-5JShQG
Generated list_ASTUnion.h and list_ASTUnion.c in /home/jkh/nanolang-qualification/native-full-609-linux/ordinary/tmp/nanolang-native-work-S3P4F1/objects-fp5tRf/.nano-module-5JShQG
Generated list_ASTUnionConstruct.h and list_ASTUnionConstruct.c in /home/jkh/nanolang-qualification/native-full-609-linux/ordinary/tmp/nanolang-native-work-S3P4F1/objects-fp5tRf/.nano-module-5JShQG
Generated list_ASTMatch.h and list_ASTMatch.c in /home/jkh/nanolang-qualification/native-full-609-linux/ordinary/tmp/nanolang-native-work-S3P4F1/objects-fp5tRf/.nano-module-5JShQG
Generated list_ASTImport.h and list_ASTImport.c in /home/jkh/nanolang-qualification/native-full-609-linux/ordinary/tmp/nanolang-native-work-S3P4F1/objects-fp5tRf/.nano-module-5JShQG
Generated list_ASTOpaqueType.h and list_ASTOpaqueType.c in /home/jkh/nanolang-qualification/native-full-609-linux/ordinary/tmp/nanolang-native-work-S3P4F1/objects-fp5tRf/.nano-module-5JShQG
Generated list_ASTTupleLiteral.h and list_ASTTupleLiteral.c in /home/jkh/nanolang-qualification/native-full-609-linux/ordinary/tmp/nanolang-native-work-S3P4F1/objects-fp5tRf/.nano-module-5JShQG
Generated list_ASTTupleIndex.h and list_ASTTupleIndex.c in /home/jkh/nanolang-qualification/native-full-609-linux/ordinary/tmp/nanolang-native-work-S3P4F1/objects-fp5tRf/.nano-module-5JShQG
Generated list_ASTServiceDecl.h and list_ASTServiceDecl.c in /home/jkh/nanolang-qualification/native-full-609-linux/ordinary/tmp/nanolang-native-work-S3P4F1/objects-fp5tRf/.nano-module-5JShQG
Generated list_CompilerDiagnostic_new.h and list_CompilerDiagnostic_new.c in /home/jkh/nanolang-qualification/native-full-609-linux/ordinary/tmp/nanolang-native-work-S3P4F1/objects-fp5tRf/.nano-module-5JShQG
Generated list_CompilerDiagnostic_push.h and list_CompilerDiagnostic_push.c in /home/jkh/nanolang-qualification/native-full-609-linux/ordinary/tmp/nanolang-native-work-S3P4F1/objects-fp5tRf/.nano-module-5JShQG
Generated list_CompilerDiagnostic_get.h and list_CompilerDiagnostic_get.c in /home/jkh/nanolang-qualification/native-full-609-linux/ordinary/tmp/nanolang-native-work-S3P4F1/objects-fp5tRf/.nano-module-5JShQG
Generated list_CompilerDiagnostic_length.h and list_CompilerDiagnostic_length.c in /home/jkh/nanolang-qualification/native-full-609-linux/ordinary/tmp/nanolang-native-work-S3P4F1/objects-fp5tRf/.nano-module-5JShQG
Generated list_LexerToken_new.h and list_LexerToken_new.c in /home/jkh/nanolang-qualification/native-full-609-linux/ordinary/tmp/nanolang-native-work-S3P4F1/objects-fp5tRf/.nano-module-5JShQG
Generated list_LexerToken_push.h and list_LexerToken_push.c in /home/jkh/nanolang-qualification/native-full-609-linux/ordinary/tmp/nanolang-native-work-S3P4F1/objects-fp5tRf/.nano-module-5JShQG
Generated list_LexerToken_get.h and list_LexerToken_get.c in /home/jkh/nanolang-qualification/native-full-609-linux/ordinary/tmp/nanolang-native-work-S3P4F1/objects-fp5tRf/.nano-module-5JShQG
Generated list_LexerToken_length.h and list_LexerToken_length.c in /home/jkh/nanolang-qualification/native-full-609-linux/ordinary/tmp/nanolang-native-work-S3P4F1/objects-fp5tRf/.nano-module-5JShQG
Generated list_ASTStmtRef_new.h and list_ASTStmtRef_new.c in /home/jkh/nanolang-qualification/native-full-609-linux/ordinary/tmp/nanolang-native-work-S3P4F1/objects-fp5tRf/.nano-module-5JShQG
Generated list_ASTStmtRef_push.h and list_ASTStmtRef_push.c in /home/jkh/nanolang-qualification/native-full-609-linux/ordinary/tmp/nanolang-native-work-S3P4F1/objects-fp5tRf/.nano-module-5JShQG
Generated list_ASTStmtRef_get.h and list_ASTStmtRef_get.c in /home/jkh/nanolang-qualification/native-full-609-linux/ordinary/tmp/nanolang-native-work-S3P4F1/objects-fp5tRf/.nano-module-5JShQG
Generated list_ASTStmtRef_length.h and list_ASTStmtRef_length.c in /home/jkh/nanolang-qualification/native-full-609-linux/ordinary/tmp/nanolang-native-work-S3P4F1/objects-fp5tRf/.nano-module-5JShQG
Generated list_ASTNumber_new.h and list_ASTNumber_new.c in /home/jkh/nanolang-qualification/native-full-609-linux/ordinary/tmp/nanolang-native-work-S3P4F1/objects-fp5tRf/.nano-module-5JShQG
Generated list_ASTNumber_push.h and list_ASTNumber_push.c in /home/jkh/nanolang-qualification/native-full-609-linux/ordinary/tmp/nanolang-native-work-S3P4F1/objects-fp5tRf/.nano-module-5JShQG
Generated list_ASTNumber_get.h and list_ASTNumber_get.c in /home/jkh/nanolang-qualification/native-full-609-linux/ordinary/tmp/nanolang-native-work-S3P4F1/objects-fp5tRf/.nano-module-5JShQG
Generated list_ASTNumber_length.h and list_ASTNumber_length.c in /home/jkh/nanolang-qualification/native-full-609-linux/ordinary/tmp/nanolang-native-work-S3P4F1/objects-fp5tRf/.nano-module-5JShQG
Generated list_ASTFloat_new.h and list_ASTFloat_new.c in /home/jkh/nanolang-qualification/native-full-609-linux/ordinary/tmp/nanolang-native-work-S3P4F1/objects-fp5tRf/.nano-module-5JShQG
Generated list_ASTFloat_push.h and list_ASTFloat_push.c in /home/jkh/nanolang-qualification/native-full-609-linux/ordinary/tmp/nanolang-native-work-S3P4F1/objects-fp5tRf/.nano-module-5JShQG
Generated list_ASTFloat_get.h and list_ASTFloat_get.c in /home/jkh/nanolang-qualification/native-full-609-linux/ordinary/tmp/nanolang-native-work-S3P4F1/objects-fp5tRf/.nano-module-5JShQG
Generated list_ASTFloat_length.h and list_ASTFloat_length.c in /home/jkh/nanolang-qualification/native-full-609-linux/ordinary/tmp/nanolang-native-work-S3P4F1/objects-fp5tRf/.nano-module-5JShQG
Generated list_ASTString_new.h and list_ASTString_new.c in /home/jkh/nanolang-qualification/native-full-609-linux/ordinary/tmp/nanolang-native-work-S3P4F1/objects-fp5tRf/.nano-module-5JShQG
Generated list_ASTString_push.h and list_ASTString_push.c in /home/jkh/nanolang-qualification/native-full-609-linux/ordinary/tmp/nanolang-native-work-S3P4F1/objects-fp5tRf/.nano-module-5JShQG
Generated list_ASTString_get.h and list_ASTString_get.c in /home/jkh/nanolang-qualification/native-full-609-linux/ordinary/tmp/nanolang-native-work-S3P4F1/objects-fp5tRf/.nano-module-5JShQG
Generated list_ASTString_length.h and list_ASTString_length.c in /home/jkh/nanolang-qualification/native-full-609-linux/ordinary/tmp/nanolang-native-work-S3P4F1/objects-fp5tRf/.nano-module-5JShQG
Generated list_ASTBool_new.h and list_ASTBool_new.c in /home/jkh/nanolang-qualification/native-full-609-linux/ordinary/tmp/nanolang-native-work-S3P4F1/objects-fp5tRf/.nano-module-5JShQG
Generated list_ASTBool_push.h and list_ASTBool_push.c in /home/jkh/nanolang-qualification/native-full-609-linux/ordinary/tmp/nanolang-native-work-S3P4F1/objects-fp5tRf/.nano-module-5JShQG
Generated list_ASTBool_get.h and list_ASTBool_get.c in /home/jkh/nanolang-qualification/native-full-609-linux/ordinary/tmp/nanolang-native-work-S3P4F1/objects-fp5tRf/.nano-module-5JShQG
Generated list_ASTBool_length.h and list_ASTBool_length.c in /home/jkh/nanolang-qualification/native-full-609-linux/ordinary/tmp/nanolang-native-work-S3P4F1/objects-fp5tRf/.nano-module-5JShQG
Generated list_CompilerDiagnostic.h and list_CompilerDiagnostic.c in /home/jkh/nanolang-qualification/native-full-609-linux/ordinary/tmp/nanolang-native-work-S3P4F1/objects-fp5tRf/.nano-module-zm4mOh
Generated list_LexerToken.h and list_LexerToken.c in /home/jkh/nanolang-qualification/native-full-609-linux/ordinary/tmp/nanolang-native-work-S3P4F1/objects-fp5tRf/.nano-module-zm4mOh
Generated list_ASTStmtRef.h and list_ASTStmtRef.c in /home/jkh/nanolang-qualification/native-full-609-linux/ordinary/tmp/nanolang-native-work-S3P4F1/objects-fp5tRf/.nano-module-zm4mOh
Generated list_ASTNumber.h and list_ASTNumber.c in /home/jkh/nanolang-qualification/native-full-609-linux/ordinary/tmp/nanolang-native-work-S3P4F1/objects-fp5tRf/.nano-module-zm4mOh
Generated list_ASTFloat.h and list_ASTFloat.c in /home/jkh/nanolang-qualification/native-full-609-linux/ordinary/tmp/nanolang-native-work-S3P4F1/objects-fp5tRf/.nano-module-zm4mOh
Generated list_ASTString.h and list_ASTString.c in /home/jkh/nanolang-qualification/native-full-609-linux/ordinary/tmp/nanolang-native-work-S3P4F1/objects-fp5tRf/.nano-module-zm4mOh
Generated list_ASTBool.h and list_ASTBool.c in /home/jkh/nanolang-qualification/native-full-609-linux/ordinary/tmp/nanolang-native-work-S3P4F1/objects-fp5tRf/.nano-module-zm4mOh
Generated list_ASTIdentifier.h and list_ASTIdentifier.c in /home/jkh/nanolang-qualification/native-full-609-linux/ordinary/tmp/nanolang-native-work-S3P4F1/objects-fp5tRf/.nano-module-zm4mOh
Generated list_ASTBinaryOp.h and list_ASTBinaryOp.c in /home/jkh/nanolang-qualification/native-full-609-linux/ordinary/tmp/nanolang-native-work-S3P4F1/objects-fp5tRf/.nano-module-zm4mOh
Generated list_ASTCall.h and list_ASTCall.c in /home/jkh/nanolang-qualification/native-full-609-linux/ordinary/tmp/nanolang-native-work-S3P4F1/objects-fp5tRf/.nano-module-zm4mOh
Generated list_ASTModuleQualifiedCall.h and list_ASTModuleQualifiedCall.c in /home/jkh/nanolang-qualification/native-full-609-linux/ordinary/tmp/nanolang-native-work-S3P4F1/objects-fp5tRf/.nano-module-zm4mOh
Generated list_ASTArrayLiteral.h and list_ASTArrayLiteral.c in /home/jkh/nanolang-qualification/native-full-609-linux/ordinary/tmp/nanolang-native-work-S3P4F1/objects-fp5tRf/.nano-module-zm4mOh
Generated list_ASTLet.h and list_ASTLet.c in /home/jkh/nanolang-qualification/native-full-609-linux/ordinary/tmp/nanolang-native-work-S3P4F1/objects-fp5tRf/.nano-module-zm4mOh
Generated list_ASTSet.h and list_ASTSet.c in /home/jkh/nanolang-qualification/native-full-609-linux/ordinary/tmp/nanolang-native-work-S3P4F1/objects-fp5tRf/.nano-module-zm4mOh
Generated list_ASTIf.h and list_ASTIf.c in /home/jkh/nanolang-qualification/native-full-609-linux/ordinary/tmp/nanolang-native-work-S3P4F1/objects-fp5tRf/.nano-module-zm4mOh
Generated list_ASTWhile.h and list_ASTWhile.c in /home/jkh/nanolang-qualification/native-full-609-linux/ordinary/tmp/nanolang-native-work-S3P4F1/objects-fp5tRf/.nano-module-zm4mOh
Generated list_ASTFor.h and list_ASTFor.c in /home/jkh/nanolang-qualification/native-full-609-linux/ordinary/tmp/nanolang-native-work-S3P4F1/objects-fp5tRf/.nano-module-zm4mOh
Generated list_ASTReturn.h and list_ASTReturn.c in /home/jkh/nanolang-qualification/native-full-609-linux/ordinary/tmp/nanolang-native-work-S3P4F1/objects-fp5tRf/.nano-module-zm4mOh
Generated list_ASTBlock.h and list_ASTBlock.c in /home/jkh/nanolang-qualification/native-full-609-linux/ordinary/tmp/nanolang-native-work-S3P4F1/objects-fp5tRf/.nano-module-zm4mOh
Generated list_ASTUnsafeBlock.h and list_ASTUnsafeBlock.c in /home/jkh/nanolang-qualification/native-full-609-linux/ordinary/tmp/nanolang-native-work-S3P4F1/objects-fp5tRf/.nano-module-zm4mOh
Generated list_ASTPrint.h and list_ASTPrint.c in /home/jkh/nanolang-qualification/native-full-609-linux/ordinary/tmp/nanolang-native-work-S3P4F1/objects-fp5tRf/.nano-module-zm4mOh
Generated list_ASTAssert.h and list_ASTAssert.c in /home/jkh/nanolang-qualification/native-full-609-linux/ordinary/tmp/nanolang-native-work-S3P4F1/objects-fp5tRf/.nano-module-zm4mOh
Generated list_ASTFunction.h and list_ASTFunction.c in /home/jkh/nanolang-qualification/native-full-609-linux/ordinary/tmp/nanolang-native-work-S3P4F1/objects-fp5tRf/.nano-module-zm4mOh
Generated list_ASTShadow.h and list_ASTShadow.c in /home/jkh/nanolang-qualification/native-full-609-linux/ordinary/tmp/nanolang-native-work-S3P4F1/objects-fp5tRf/.nano-module-zm4mOh
Generated list_ASTStruct.h and list_ASTStruct.c in /home/jkh/nanolang-qualification/native-full-609-linux/ordinary/tmp/nanolang-native-work-S3P4F1/objects-fp5tRf/.nano-module-zm4mOh
Generated list_ASTStructLiteral.h and list_ASTStructLiteral.c in /home/jkh/nanolang-qualification/native-full-609-linux/ordinary/tmp/nanolang-native-work-S3P4F1/objects-fp5tRf/.nano-module-zm4mOh
Generated list_ASTFieldAccess.h and list_ASTFieldAccess.c in /home/jkh/nanolang-qualification/native-full-609-linux/ordinary/tmp/nanolang-native-work-S3P4F1/objects-fp5tRf/.nano-module-zm4mOh
Generated list_ASTEnum.h and list_ASTEnum.c in /home/jkh/nanolang-qualification/native-full-609-linux/ordinary/tmp/nanolang-native-work-S3P4F1/objects-fp5tRf/.nano-module-zm4mOh
Generated list_ASTUnion.h and list_ASTUnion.c in /home/jkh/nanolang-qualification/native-full-609-linux/ordinary/tmp/nanolang-native-work-S3P4F1/objects-fp5tRf/.nano-module-zm4mOh
Generated list_ASTUnionConstruct.h and list_ASTUnionConstruct.c in /home/jkh/nanolang-qualification/native-full-609-linux/ordinary/tmp/nanolang-native-work-S3P4F1/objects-fp5tRf/.nano-module-zm4mOh
Generated list_ASTMatch.h and list_ASTMatch.c in /home/jkh/nanolang-qualification/native-full-609-linux/ordinary/tmp/nanolang-native-work-S3P4F1/objects-fp5tRf/.nano-module-zm4mOh
Generated list_ASTImport.h and list_ASTImport.c in /home/jkh/nanolang-qualification/native-full-609-linux/ordinary/tmp/nanolang-native-work-S3P4F1/objects-fp5tRf/.nano-module-zm4mOh
Generated list_ASTOpaqueType.h and list_ASTOpaqueType.c in /home/jkh/nanolang-qualification/native-full-609-linux/ordinary/tmp/nanolang-native-work-S3P4F1/objects-fp5tRf/.nano-module-zm4mOh
Generated list_ASTTupleLiteral.h and list_ASTTupleLiteral.c in /home/jkh/nanolang-qualification/native-full-609-linux/ordinary/tmp/nanolang-native-work-S3P4F1/objects-fp5tRf/.nano-module-zm4mOh
Generated list_ASTTupleIndex.h and list_ASTTupleIndex.c in /home/jkh/nanolang-qualification/native-full-609-linux/ordinary/tmp/nanolang-native-work-S3P4F1/objects-fp5tRf/.nano-module-zm4mOh
Generated list_ASTServiceDecl.h and list_ASTServiceDecl.c in /home/jkh/nanolang-qualification/native-full-609-linux/ordinary/tmp/nanolang-native-work-S3P4F1/objects-fp5tRf/.nano-module-zm4mOh
Generated list_CompilerDiagnostic_new.h and list_CompilerDiagnostic_new.c in /home/jkh/nanolang-qualification/native-full-609-linux/ordinary/tmp/nanolang-native-work-S3P4F1/objects-fp5tRf/.nano-module-zm4mOh
Generated list_CompilerDiagnostic_push.h and list_CompilerDiagnostic_push.c in /home/jkh/nanolang-qualification/native-full-609-linux/ordinary/tmp/nanolang-native-work-S3P4F1/objects-fp5tRf/.nano-module-zm4mOh
Generated list_CompilerDiagnostic_get.h and list_CompilerDiagnostic_get.c in /home/jkh/nanolang-qualification/native-full-609-linux/ordinary/tmp/nanolang-native-work-S3P4F1/objects-fp5tRf/.nano-module-zm4mOh
Generated list_CompilerDiagnostic_length.h and list_CompilerDiagnostic_length.c in /home/jkh/nanolang-qualification/native-full-609-linux/ordinary/tmp/nanolang-native-work-S3P4F1/objects-fp5tRf/.nano-module-zm4mOh
Generated list_LexerToken_new.h and list_LexerToken_new.c in /home/jkh/nanolang-qualification/native-full-609-linux/ordinary/tmp/nanolang-native-work-S3P4F1/objects-fp5tRf/.nano-module-zm4mOh
Generated list_LexerToken_push.h and list_LexerToken_push.c in /home/jkh/nanolang-qualification/native-full-609-linux/ordinary/tmp/nanolang-native-work-S3P4F1/objects-fp5tRf/.nano-module-zm4mOh
Generated list_LexerToken_get.h and list_LexerToken_get.c in /home/jkh/nanolang-qualification/native-full-609-linux/ordinary/tmp/nanolang-native-work-S3P4F1/objects-fp5tRf/.nano-module-zm4mOh
Generated list_LexerToken_length.h and list_LexerToken_length.c in /home/jkh/nanolang-qualification/native-full-609-linux/ordinary/tmp/nanolang-native-work-S3P4F1/objects-fp5tRf/.nano-module-zm4mOh
Generated list_ASTStmtRef_new.h and list_ASTStmtRef_new.c in /home/jkh/nanolang-qualification/native-full-609-linux/ordinary/tmp/nanolang-native-work-S3P4F1/objects-fp5tRf/.nano-module-zm4mOh
Generated list_ASTStmtRef_push.h and list_ASTStmtRef_push.c in /home/jkh/nanolang-qualification/native-full-609-linux/ordinary/tmp/nanolang-native-work-S3P4F1/objects-fp5tRf/.nano-module-zm4mOh
Generated list_ASTStmtRef_get.h and list_ASTStmtRef_get.c in /home/jkh/nanolang-qualification/native-full-609-linux/ordinary/tmp/nanolang-native-work-S3P4F1/objects-fp5tRf/.nano-module-zm4mOh
Generated list_ASTStmtRef_length.h and list_ASTStmtRef_length.c in /home/jkh/nanolang-qualification/native-full-609-linux/ordinary/tmp/nanolang-native-work-S3P4F1/objects-fp5tRf/.nano-module-zm4mOh
Generated list_ASTNumber_new.h and list_ASTNumber_new.c in /home/jkh/nanolang-qualification/native-full-609-linux/ordinary/tmp/nanolang-native-work-S3P4F1/objects-fp5tRf/.nano-module-zm4mOh
Generated list_ASTNumber_push.h and list_ASTNumber_push.c in /home/jkh/nanolang-qualification/native-full-609-linux/ordinary/tmp/nanolang-native-work-S3P4F1/objects-fp5tRf/.nano-module-zm4mOh
Generated list_ASTNumber_get.h and list_ASTNumber_get.c in /home/jkh/nanolang-qualification/native-full-609-linux/ordinary/tmp/nanolang-native-work-S3P4F1/objects-fp5tRf/.nano-module-zm4mOh
Generated list_ASTNumber_length.h and list_ASTNumber_length.c in /home/jkh/nanolang-qualification/native-full-609-linux/ordinary/tmp/nanolang-native-work-S3P4F1/objects-fp5tRf/.nano-module-zm4mOh
Generated list_ASTFloat_new.h and list_ASTFloat_new.c in /home/jkh/nanolang-qualification/native-full-609-linux/ordinary/tmp/nanolang-native-work-S3P4F1/objects-fp5tRf/.nano-module-zm4mOh
Generated list_ASTFloat_push.h and list_ASTFloat_push.c in /home/jkh/nanolang-qualification/native-full-609-linux/ordinary/tmp/nanolang-native-work-S3P4F1/objects-fp5tRf/.nano-module-zm4mOh
Generated list_ASTFloat_get.h and list_ASTFloat_get.c in /home/jkh/nanolang-qualification/native-full-609-linux/ordinary/tmp/nanolang-native-work-S3P4F1/objects-fp5tRf/.nano-module-zm4mOh
Generated list_ASTFloat_length.h and list_ASTFloat_length.c in /home/jkh/nanolang-qualification/native-full-609-linux/ordinary/tmp/nanolang-native-work-S3P4F1/objects-fp5tRf/.nano-module-zm4mOh
Generated list_ASTString_new.h and list_ASTString_new.c in /home/jkh/nanolang-qualification/native-full-609-linux/ordinary/tmp/nanolang-native-work-S3P4F1/objects-fp5tRf/.nano-module-zm4mOh
Generated list_ASTString_push.h and list_ASTString_push.c in /home/jkh/nanolang-qualification/native-full-609-linux/ordinary/tmp/nanolang-native-work-S3P4F1/objects-fp5tRf/.nano-module-zm4mOh
Generated list_ASTString_get.h and list_ASTString_get.c in /home/jkh/nanolang-qualification/native-full-609-linux/ordinary/tmp/nanolang-native-work-S3P4F1/objects-fp5tRf/.nano-module-zm4mOh
Generated list_ASTString_length.h and list_ASTString_length.c in /home/jkh/nanolang-qualification/native-full-609-linux/ordinary/tmp/nanolang-native-work-S3P4F1/objects-fp5tRf/.nano-module-zm4mOh
Generated list_ASTBool_new.h and list_ASTBool_new.c in /home/jkh/nanolang-qualification/native-full-609-linux/ordinary/tmp/nanolang-native-work-S3P4F1/objects-fp5tRf/.nano-module-zm4mOh
Generated list_ASTBool_push.h and list_ASTBool_push.c in /home/jkh/nanolang-qualification/native-full-609-linux/ordinary/tmp/nanolang-native-work-S3P4F1/objects-fp5tRf/.nano-module-zm4mOh
Generated list_ASTBool_get.h and list_ASTBool_get.c in /home/jkh/nanolang-qualification/native-full-609-linux/ordinary/tmp/nanolang-native-work-S3P4F1/objects-fp5tRf/.nano-module-zm4mOh
Generated list_ASTBool_length.h and list_ASTBool_length.c in /home/jkh/nanolang-qualification/native-full-609-linux/ordinary/tmp/nanolang-native-work-S3P4F1/objects-fp5tRf/.nano-module-zm4mOh
Warning at line 175, column 9: Unused variable 'ignored'
Warning at line 2143, column 9: Unused variable 'rejected'
Warning at line 2272, column 9: Unused variable 'rejected'
Warning at line 2279, column 13: Unused variable 'rejected'
Warning at line 2360, column 9: Unused variable 'rejected'
Warning at line 2369, column 9: Unused variable 'rejected'
Warning at line 2374, column 13: Unused variable 'rejected'
Warning at line 2485, column 9: Unused variable 'rejected'
Warning at line 2489, column 9: Unused variable 'rejected'
Warning at line 2496, column 13: Unused variable 'rejected'
Warning at line 6249, column 21: Unused variable 'imported'
Warning at line 6399, column 13: Unused variable 'rejected'
Warning at line 6405, column 17: Unused variable 'rejected'
Generated list_CompilerDiagnostic.h and list_CompilerDiagnostic.c in /home/jkh/nanolang-qualification/native-full-609-linux/ordinary/tmp/nanolang-native-work-S3P4F1/objects-fp5tRf/.nano-module-oDP6Gz
Generated list_LexerToken.h and list_LexerToken.c in /home/jkh/nanolang-qualification/native-full-609-linux/ordinary/tmp/nanolang-native-work-S3P4F1/objects-fp5tRf/.nano-module-oDP6Gz
Generated list_ASTStmtRef.h and list_ASTStmtRef.c in /home/jkh/nanolang-qualification/native-full-609-linux/ordinary/tmp/nanolang-native-work-S3P4F1/objects-fp5tRf/.nano-module-oDP6Gz
Generated list_ASTNumber.h and list_ASTNumber.c in /home/jkh/nanolang-qualification/native-full-609-linux/ordinary/tmp/nanolang-native-work-S3P4F1/objects-fp5tRf/.nano-module-oDP6Gz
Generated list_ASTFloat.h and list_ASTFloat.c in /home/jkh/nanolang-qualification/native-full-609-linux/ordinary/tmp/nanolang-native-work-S3P4F1/objects-fp5tRf/.nano-module-oDP6Gz
Generated list_ASTString.h and list_ASTString.c in /home/jkh/nanolang-qualification/native-full-609-linux/ordinary/tmp/nanolang-native-work-S3P4F1/objects-fp5tRf/.nano-module-oDP6Gz
Generated list_ASTBool.h and list_ASTBool.c in /home/jkh/nanolang-qualification/native-full-609-linux/ordinary/tmp/nanolang-native-work-S3P4F1/objects-fp5tRf/.nano-module-oDP6Gz
Generated list_ASTIdentifier.h and list_ASTIdentifier.c in /home/jkh/nanolang-qualification/native-full-609-linux/ordinary/tmp/nanolang-native-work-S3P4F1/objects-fp5tRf/.nano-module-oDP6Gz
Generated list_ASTBinaryOp.h and list_ASTBinaryOp.c in /home/jkh/nanolang-qualification/native-full-609-linux/ordinary/tmp/nanolang-native-work-S3P4F1/objects-fp5tRf/.nano-module-oDP6Gz
Generated list_ASTCall.h and list_ASTCall.c in /home/jkh/nanolang-qualification/native-full-609-linux/ordinary/tmp/nanolang-native-work-S3P4F1/objects-fp5tRf/.nano-module-oDP6Gz
Generated list_ASTModuleQualifiedCall.h and list_ASTModuleQualifiedCall.c in /home/jkh/nanolang-qualification/native-full-609-linux/ordinary/tmp/nanolang-native-work-S3P4F1/objects-fp5tRf/.nano-module-oDP6Gz
Generated list_ASTArrayLiteral.h and list_ASTArrayLiteral.c in /home/jkh/nanolang-qualification/native-full-609-linux/ordinary/tmp/nanolang-native-work-S3P4F1/objects-fp5tRf/.nano-module-oDP6Gz
Generated list_ASTLet.h and list_ASTLet.c in /home/jkh/nanolang-qualification/native-full-609-linux/ordinary/tmp/nanolang-native-work-S3P4F1/objects-fp5tRf/.nano-module-oDP6Gz
Generated list_ASTSet.h and list_ASTSet.c in /home/jkh/nanolang-qualification/native-full-609-linux/ordinary/tmp/nanolang-native-work-S3P4F1/objects-fp5tRf/.nano-module-oDP6Gz
Generated list_ASTIf.h and list_ASTIf.c in /home/jkh/nanolang-qualification/native-full-609-linux/ordinary/tmp/nanolang-native-work-S3P4F1/objects-fp5tRf/.nano-module-oDP6Gz
Generated list_ASTWhile.h and list_ASTWhile.c in /home/jkh/nanolang-qualification/native-full-609-linux/ordinary/tmp/nanolang-native-work-S3P4F1/objects-fp5tRf/.nano-module-oDP6Gz
Generated list_ASTFor.h and list_ASTFor.c in /home/jkh/nanolang-qualification/native-full-609-linux/ordinary/tmp/nanolang-native-work-S3P4F1/objects-fp5tRf/.nano-module-oDP6Gz
Generated list_ASTReturn.h and list_ASTReturn.c in /home/jkh/nanolang-qualification/native-full-609-linux/ordinary/tmp/nanolang-native-work-S3P4F1/objects-fp5tRf/.nano-module-oDP6Gz
Generated list_ASTBlock.h and list_ASTBlock.c in /home/jkh/nanolang-qualification/native-full-609-linux/ordinary/tmp/nanolang-native-work-S3P4F1/objects-fp5tRf/.nano-module-oDP6Gz
Generated list_ASTUnsafeBlock.h and list_ASTUnsafeBlock.c in /home/jkh/nanolang-qualification/native-full-609-linux/ordinary/tmp/nanolang-native-work-S3P4F1/objects-fp5tRf/.nano-module-oDP6Gz
Generated list_ASTPrint.h and list_ASTPrint.c in /home/jkh/nanolang-qualification/native-full-609-linux/ordinary/tmp/nanolang-native-work-S3P4F1/objects-fp5tRf/.nano-module-oDP6Gz
Generated list_ASTAssert.h and list_ASTAssert.c in /home/jkh/nanolang-qualification/native-full-609-linux/ordinary/tmp/nanolang-native-work-S3P4F1/objects-fp5tRf/.nano-module-oDP6Gz
Generated list_ASTFunction.h and list_ASTFunction.c in /home/jkh/nanolang-qualification/native-full-609-linux/ordinary/tmp/nanolang-native-work-S3P4F1/objects-fp5tRf/.nano-module-oDP6Gz
Generated list_ASTShadow.h and list_ASTShadow.c in /home/jkh/nanolang-qualification/native-full-609-linux/ordinary/tmp/nanolang-native-work-S3P4F1/objects-fp5tRf/.nano-module-oDP6Gz
Generated list_ASTStruct.h and list_ASTStruct.c in /home/jkh/nanolang-qualification/native-full-609-linux/ordinary/tmp/nanolang-native-work-S3P4F1/objects-fp5tRf/.nano-module-oDP6Gz
Generated list_ASTStructLiteral.h and list_ASTStructLiteral.c in /home/jkh/nanolang-qualification/native-full-609-linux/ordinary/tmp/nanolang-native-work-S3P4F1/objects-fp5tRf/.nano-module-oDP6Gz
Generated list_ASTFieldAccess.h and list_ASTFieldAccess.c in /home/jkh/nanolang-qualification/native-full-609-linux/ordinary/tmp/nanolang-native-work-S3P4F1/objects-fp5tRf/.nano-module-oDP6Gz
Generated list_ASTEnum.h and list_ASTEnum.c in /home/jkh/nanolang-qualification/native-full-609-linux/ordinary/tmp/nanolang-native-work-S3P4F1/objects-fp5tRf/.nano-module-oDP6Gz
Generated list_ASTUnion.h and list_ASTUnion.c in /home/jkh/nanolang-qualification/native-full-609-linux/ordinary/tmp/nanolang-native-work-S3P4F1/objects-fp5tRf/.nano-module-oDP6Gz
Generated list_ASTUnionConstruct.h and list_ASTUnionConstruct.c in /home/jkh/nanolang-qualification/native-full-609-linux/ordinary/tmp/nanolang-native-work-S3P4F1/objects-fp5tRf/.nano-module-oDP6Gz
Generated list_ASTMatch.h and list_ASTMatch.c in /home/jkh/nanolang-qualification/native-full-609-linux/ordinary/tmp/nanolang-native-work-S3P4F1/objects-fp5tRf/.nano-module-oDP6Gz
Generated list_ASTImport.h and list_ASTImport.c in /home/jkh/nanolang-qualification/native-full-609-linux/ordinary/tmp/nanolang-native-work-S3P4F1/objects-fp5tRf/.nano-module-oDP6Gz
Generated list_ASTOpaqueType.h and list_ASTOpaqueType.c in /home/jkh/nanolang-qualification/native-full-609-linux/ordinary/tmp/nanolang-native-work-S3P4F1/objects-fp5tRf/.nano-module-oDP6Gz
Generated list_ASTTupleLiteral.h and list_ASTTupleLiteral.c in /home/jkh/nanolang-qualification/native-full-609-linux/ordinary/tmp/nanolang-native-work-S3P4F1/objects-fp5tRf/.nano-module-oDP6Gz
Generated list_ASTTupleIndex.h and list_ASTTupleIndex.c in /home/jkh/nanolang-qualification/native-full-609-linux/ordinary/tmp/nanolang-native-work-S3P4F1/objects-fp5tRf/.nano-module-oDP6Gz
Generated list_ASTServiceDecl.h and list_ASTServiceDecl.c in /home/jkh/nanolang-qualification/native-full-609-linux/ordinary/tmp/nanolang-native-work-S3P4F1/objects-fp5tRf/.nano-module-oDP6Gz
Generated list_CompilerDiagnostic_new.h and list_CompilerDiagnostic_new.c in /home/jkh/nanolang-qualification/native-full-609-linux/ordinary/tmp/nanolang-native-work-S3P4F1/objects-fp5tRf/.nano-module-oDP6Gz
Generated list_CompilerDiagnostic_push.h and list_CompilerDiagnostic_push.c in /home/jkh/nanolang-qualification/native-full-609-linux/ordinary/tmp/nanolang-native-work-S3P4F1/objects-fp5tRf/.nano-module-oDP6Gz
Generated list_CompilerDiagnostic_get.h and list_CompilerDiagnostic_get.c in /home/jkh/nanolang-qualification/native-full-609-linux/ordinary/tmp/nanolang-native-work-S3P4F1/objects-fp5tRf/.nano-module-oDP6Gz
Generated list_CompilerDiagnostic_length.h and list_CompilerDiagnostic_length.c in /home/jkh/nanolang-qualification/native-full-609-linux/ordinary/tmp/nanolang-native-work-S3P4F1/objects-fp5tRf/.nano-module-oDP6Gz
Generated list_LexerToken_new.h and list_LexerToken_new.c in /home/jkh/nanolang-qualification/native-full-609-linux/ordinary/tmp/nanolang-native-work-S3P4F1/objects-fp5tRf/.nano-module-oDP6Gz
Generated list_LexerToken_push.h and list_LexerToken_push.c in /home/jkh/nanolang-qualification/native-full-609-linux/ordinary/tmp/nanolang-native-work-S3P4F1/objects-fp5tRf/.nano-module-oDP6Gz
Generated list_LexerToken_get.h and list_LexerToken_get.c in /home/jkh/nanolang-qualification/native-full-609-linux/ordinary/tmp/nanolang-native-work-S3P4F1/objects-fp5tRf/.nano-module-oDP6Gz
Generated list_LexerToken_length.h and list_LexerToken_length.c in /home/jkh/nanolang-qualification/native-full-609-linux/ordinary/tmp/nanolang-native-work-S3P4F1/objects-fp5tRf/.nano-module-oDP6Gz
Generated list_ASTStmtRef_new.h and list_ASTStmtRef_new.c in /home/jkh/nanolang-qualification/native-full-609-linux/ordinary/tmp/nanolang-native-work-S3P4F1/objects-fp5tRf/.nano-module-oDP6Gz
Generated list_ASTStmtRef_push.h and list_ASTStmtRef_push.c in /home/jkh/nanolang-qualification/native-full-609-linux/ordinary/tmp/nanolang-native-work-S3P4F1/objects-fp5tRf/.nano-module-oDP6Gz
Generated list_ASTStmtRef_get.h and list_ASTStmtRef_get.c in /home/jkh/nanolang-qualification/native-full-609-linux/ordinary/tmp/nanolang-native-work-S3P4F1/objects-fp5tRf/.nano-module-oDP6Gz
Generated list_ASTStmtRef_length.h and list_ASTStmtRef_length.c in /home/jkh/nanolang-qualification/native-full-609-linux/ordinary/tmp/nanolang-native-work-S3P4F1/objects-fp5tRf/.nano-module-oDP6Gz
Generated list_ASTNumber_new.h and list_ASTNumber_new.c in /home/jkh/nanolang-qualification/native-full-609-linux/ordinary/tmp/nanolang-native-work-S3P4F1/objects-fp5tRf/.nano-module-oDP6Gz
Generated list_ASTNumber_push.h and list_ASTNumber_push.c in /home/jkh/nanolang-qualification/native-full-609-linux/ordinary/tmp/nanolang-native-work-S3P4F1/objects-fp5tRf/.nano-module-oDP6Gz
Generated list_ASTNumber_get.h and list_ASTNumber_get.c in /home/jkh/nanolang-qualification/native-full-609-linux/ordinary/tmp/nanolang-native-work-S3P4F1/objects-fp5tRf/.nano-module-oDP6Gz
Generated list_ASTNumber_length.h and list_ASTNumber_length.c in /home/jkh/nanolang-qualification/native-full-609-linux/ordinary/tmp/nanolang-native-work-S3P4F1/objects-fp5tRf/.nano-module-oDP6Gz
Generated list_ASTFloat_new.h and list_ASTFloat_new.c in /home/jkh/nanolang-qualification/native-full-609-linux/ordinary/tmp/nanolang-native-work-S3P4F1/objects-fp5tRf/.nano-module-oDP6Gz
Generated list_ASTFloat_push.h and list_ASTFloat_push.c in /home/jkh/nanolang-qualification/native-full-609-linux/ordinary/tmp/nanolang-native-work-S3P4F1/objects-fp5tRf/.nano-module-oDP6Gz
Generated list_ASTFloat_get.h and list_ASTFloat_get.c in /home/jkh/nanolang-qualification/native-full-609-linux/ordinary/tmp/nanolang-native-work-S3P4F1/objects-fp5tRf/.nano-module-oDP6Gz
Generated list_ASTFloat_length.h and list_ASTFloat_length.c in /home/jkh/nanolang-qualification/native-full-609-linux/ordinary/tmp/nanolang-native-work-S3P4F1/objects-fp5tRf/.nano-module-oDP6Gz
Generated list_ASTString_new.h and list_ASTString_new.c in /home/jkh/nanolang-qualification/native-full-609-linux/ordinary/tmp/nanolang-native-work-S3P4F1/objects-fp5tRf/.nano-module-oDP6Gz
Generated list_ASTString_push.h and list_ASTString_push.c in /home/jkh/nanolang-qualification/native-full-609-linux/ordinary/tmp/nanolang-native-work-S3P4F1/objects-fp5tRf/.nano-module-oDP6Gz
Generated list_ASTString_get.h and list_ASTString_get.c in /home/jkh/nanolang-qualification/native-full-609-linux/ordinary/tmp/nanolang-native-work-S3P4F1/objects-fp5tRf/.nano-module-oDP6Gz
Generated list_ASTString_length.h and list_ASTString_length.c in /home/jkh/nanolang-qualification/native-full-609-linux/ordinary/tmp/nanolang-native-work-S3P4F1/objects-fp5tRf/.nano-module-oDP6Gz
Generated list_ASTBool_new.h and list_ASTBool_new.c in /home/jkh/nanolang-qualification/native-full-609-linux/ordinary/tmp/nanolang-native-work-S3P4F1/objects-fp5tRf/.nano-module-oDP6Gz
Generated list_ASTBool_push.h and list_ASTBool_push.c in /home/jkh/nanolang-qualification/native-full-609-linux/ordinary/tmp/nanolang-native-work-S3P4F1/objects-fp5tRf/.nano-module-oDP6Gz
Generated list_ASTBool_get.h and list_ASTBool_get.c in /home/jkh/nanolang-qualification/native-full-609-linux/ordinary/tmp/nanolang-native-work-S3P4F1/objects-fp5tRf/.nano-module-oDP6Gz
Generated list_ASTBool_length.h and list_ASTBool_length.c in /home/jkh/nanolang-qualification/native-full-609-linux/ordinary/tmp/nanolang-native-work-S3P4F1/objects-fp5tRf/.nano-module-oDP6Gz
Warning at line 109, column 1: Unused variable 'parser'
Warning at line 4910, column 5: Unused variable 'union_name'
Generated list_CompilerDiagnostic.h and list_CompilerDiagnostic.c in /home/jkh/nanolang-qualification/native-full-609-linux/ordinary/tmp/nanolang-native-work-S3P4F1/objects-fp5tRf/.nano-module-Iq1B54
Generated list_LexerToken.h and list_LexerToken.c in /home/jkh/nanolang-qualification/native-full-609-linux/ordinary/tmp/nanolang-native-work-S3P4F1/objects-fp5tRf/.nano-module-Iq1B54
Generated list_ASTStmtRef.h and list_ASTStmtRef.c in /home/jkh/nanolang-qualification/native-full-609-linux/ordinary/tmp/nanolang-native-work-S3P4F1/objects-fp5tRf/.nano-module-Iq1B54
Generated list_ASTNumber.h and list_ASTNumber.c in /home/jkh/nanolang-qualification/native-full-609-linux/ordinary/tmp/nanolang-native-work-S3P4F1/objects-fp5tRf/.nano-module-Iq1B54
Generated list_ASTFloat.h and list_ASTFloat.c in /home/jkh/nanolang-qualification/native-full-609-linux/ordinary/tmp/nanolang-native-work-S3P4F1/objects-fp5tRf/.nano-module-Iq1B54
Generated list_ASTString.h and list_ASTString.c in /home/jkh/nanolang-qualification/native-full-609-linux/ordinary/tmp/nanolang-native-work-S3P4F1/objects-fp5tRf/.nano-module-Iq1B54
Generated list_ASTBool.h and list_ASTBool.c in /home/jkh/nanolang-qualification/native-full-609-linux/ordinary/tmp/nanolang-native-work-S3P4F1/objects-fp5tRf/.nano-module-Iq1B54
Generated list_ASTIdentifier.h and list_ASTIdentifier.c in /home/jkh/nanolang-qualification/native-full-609-linux/ordinary/tmp/nanolang-native-work-S3P4F1/objects-fp5tRf/.nano-module-Iq1B54
Generated list_ASTBinaryOp.h and list_ASTBinaryOp.c in /home/jkh/nanolang-qualification/native-full-609-linux/ordinary/tmp/nanolang-native-work-S3P4F1/objects-fp5tRf/.nano-module-Iq1B54
Generated list_ASTCall.h and list_ASTCall.c in /home/jkh/nanolang-qualification/native-full-609-linux/ordinary/tmp/nanolang-native-work-S3P4F1/objects-fp5tRf/.nano-module-Iq1B54
Generated list_ASTModuleQualifiedCall.h and list_ASTModuleQualifiedCall.c in /home/jkh/nanolang-qualification/native-full-609-linux/ordinary/tmp/nanolang-native-work-S3P4F1/objects-fp5tRf/.nano-module-Iq1B54
Generated list_ASTArrayLiteral.h and list_ASTArrayLiteral.c in /home/jkh/nanolang-qualification/native-full-609-linux/ordinary/tmp/nanolang-native-work-S3P4F1/objects-fp5tRf/.nano-module-Iq1B54
Generated list_ASTLet.h and list_ASTLet.c in /home/jkh/nanolang-qualification/native-full-609-linux/ordinary/tmp/nanolang-native-work-S3P4F1/objects-fp5tRf/.nano-module-Iq1B54
Generated list_ASTSet.h and list_ASTSet.c in /home/jkh/nanolang-qualification/native-full-609-linux/ordinary/tmp/nanolang-native-work-S3P4F1/objects-fp5tRf/.nano-module-Iq1B54
Generated list_ASTIf.h and list_ASTIf.c in /home/jkh/nanolang-qualification/native-full-609-linux/ordinary/tmp/nanolang-native-work-S3P4F1/objects-fp5tRf/.nano-module-Iq1B54
Generated list_ASTWhile.h and list_ASTWhile.c in /home/jkh/nanolang-qualification/native-full-609-linux/ordinary/tmp/nanolang-native-work-S3P4F1/objects-fp5tRf/.nano-module-Iq1B54
Generated list_ASTFor.h and list_ASTFor.c in /home/jkh/nanolang-qualification/native-full-609-linux/ordinary/tmp/nanolang-native-work-S3P4F1/objects-fp5tRf/.nano-module-Iq1B54
Generated list_ASTReturn.h and list_ASTReturn.c in /home/jkh/nanolang-qualification/native-full-609-linux/ordinary/tmp/nanolang-native-work-S3P4F1/objects-fp5tRf/.nano-module-Iq1B54
Generated list_ASTBlock.h and list_ASTBlock.c in /home/jkh/nanolang-qualification/native-full-609-linux/ordinary/tmp/nanolang-native-work-S3P4F1/objects-fp5tRf/.nano-module-Iq1B54
Generated list_ASTUnsafeBlock.h and list_ASTUnsafeBlock.c in /home/jkh/nanolang-qualification/native-full-609-linux/ordinary/tmp/nanolang-native-work-S3P4F1/objects-fp5tRf/.nano-module-Iq1B54
Generated list_ASTPrint.h and list_ASTPrint.c in /home/jkh/nanolang-qualification/native-full-609-linux/ordinary/tmp/nanolang-native-work-S3P4F1/objects-fp5tRf/.nano-module-Iq1B54
Generated list_ASTAssert.h and list_ASTAssert.c in /home/jkh/nanolang-qualification/native-full-609-linux/ordinary/tmp/nanolang-native-work-S3P4F1/objects-fp5tRf/.nano-module-Iq1B54
Generated list_ASTFunction.h and list_ASTFunction.c in /home/jkh/nanolang-qualification/native-full-609-linux/ordinary/tmp/nanolang-native-work-S3P4F1/objects-fp5tRf/.nano-module-Iq1B54
Generated list_ASTShadow.h and list_ASTShadow.c in /home/jkh/nanolang-qualification/native-full-609-linux/ordinary/tmp/nanolang-native-work-S3P4F1/objects-fp5tRf/.nano-module-Iq1B54
Generated list_ASTStruct.h and list_ASTStruct.c in /home/jkh/nanolang-qualification/native-full-609-linux/ordinary/tmp/nanolang-native-work-S3P4F1/objects-fp5tRf/.nano-module-Iq1B54
Generated list_ASTStructLiteral.h and list_ASTStructLiteral.c in /home/jkh/nanolang-qualification/native-full-609-linux/ordinary/tmp/nanolang-native-work-S3P4F1/objects-fp5tRf/.nano-module-Iq1B54
Generated list_ASTFieldAccess.h and list_ASTFieldAccess.c in /home/jkh/nanolang-qualification/native-full-609-linux/ordinary/tmp/nanolang-native-work-S3P4F1/objects-fp5tRf/.nano-module-Iq1B54
Generated list_ASTEnum.h and list_ASTEnum.c in /home/jkh/nanolang-qualification/native-full-609-linux/ordinary/tmp/nanolang-native-work-S3P4F1/objects-fp5tRf/.nano-module-Iq1B54
Generated list_ASTUnion.h and list_ASTUnion.c in /home/jkh/nanolang-qualification/native-full-609-linux/ordinary/tmp/nanolang-native-work-S3P4F1/objects-fp5tRf/.nano-module-Iq1B54
Generated list_ASTUnionConstruct.h and list_ASTUnionConstruct.c in /home/jkh/nanolang-qualification/native-full-609-linux/ordinary/tmp/nanolang-native-work-S3P4F1/objects-fp5tRf/.nano-module-Iq1B54
Generated list_ASTMatch.h and list_ASTMatch.c in /home/jkh/nanolang-qualification/native-full-609-linux/ordinary/tmp/nanolang-native-work-S3P4F1/objects-fp5tRf/.nano-module-Iq1B54
Generated list_ASTImport.h and list_ASTImport.c in /home/jkh/nanolang-qualification/native-full-609-linux/ordinary/tmp/nanolang-native-work-S3P4F1/objects-fp5tRf/.nano-module-Iq1B54
Generated list_ASTOpaqueType.h and list_ASTOpaqueType.c in /home/jkh/nanolang-qualification/native-full-609-linux/ordinary/tmp/nanolang-native-work-S3P4F1/objects-fp5tRf/.nano-module-Iq1B54
Generated list_ASTTupleLiteral.h and list_ASTTupleLiteral.c in /home/jkh/nanolang-qualification/native-full-609-linux/ordinary/tmp/nanolang-native-work-S3P4F1/objects-fp5tRf/.nano-module-Iq1B54
Generated list_ASTTupleIndex.h and list_ASTTupleIndex.c in /home/jkh/nanolang-qualification/native-full-609-linux/ordinary/tmp/nanolang-native-work-S3P4F1/objects-fp5tRf/.nano-module-Iq1B54
Generated list_ASTServiceDecl.h and list_ASTServiceDecl.c in /home/jkh/nanolang-qualification/native-full-609-linux/ordinary/tmp/nanolang-native-work-S3P4F1/objects-fp5tRf/.nano-module-Iq1B54
Generated list_CompilerDiagnostic_new.h and list_CompilerDiagnostic_new.c in /home/jkh/nanolang-qualification/native-full-609-linux/ordinary/tmp/nanolang-native-work-S3P4F1/objects-fp5tRf/.nano-module-Iq1B54
Generated list_CompilerDiagnostic_push.h and list_CompilerDiagnostic_push.c in /home/jkh/nanolang-qualification/native-full-609-linux/ordinary/tmp/nanolang-native-work-S3P4F1/objects-fp5tRf/.nano-module-Iq1B54
Generated list_CompilerDiagnostic_get.h and list_CompilerDiagnostic_get.c in /home/jkh/nanolang-qualification/native-full-609-linux/ordinary/tmp/nanolang-native-work-S3P4F1/objects-fp5tRf/.nano-module-Iq1B54
Generated list_CompilerDiagnostic_length.h and list_CompilerDiagnostic_length.c in /home/jkh/nanolang-qualification/native-full-609-linux/ordinary/tmp/nanolang-native-work-S3P4F1/objects-fp5tRf/.nano-module-Iq1B54
Generated list_LexerToken_new.h and list_LexerToken_new.c in /home/jkh/nanolang-qualification/native-full-609-linux/ordinary/tmp/nanolang-native-work-S3P4F1/objects-fp5tRf/.nano-module-Iq1B54
Generated list_LexerToken_push.h and list_LexerToken_push.c in /home/jkh/nanolang-qualification/native-full-609-linux/ordinary/tmp/nanolang-native-work-S3P4F1/objects-fp5tRf/.nano-module-Iq1B54
Generated list_LexerToken_get.h and list_LexerToken_get.c in /home/jkh/nanolang-qualification/native-full-609-linux/ordinary/tmp/nanolang-native-work-S3P4F1/objects-fp5tRf/.nano-module-Iq1B54
Generated list_LexerToken_length.h and list_LexerToken_length.c in /home/jkh/nanolang-qualification/native-full-609-linux/ordinary/tmp/nanolang-native-work-S3P4F1/objects-fp5tRf/.nano-module-Iq1B54
Generated list_ASTStmtRef_new.h and list_ASTStmtRef_new.c in /home/jkh/nanolang-qualification/native-full-609-linux/ordinary/tmp/nanolang-native-work-S3P4F1/objects-fp5tRf/.nano-module-Iq1B54
Generated list_ASTStmtRef_push.h and list_ASTStmtRef_push.c in /home/jkh/nanolang-qualification/native-full-609-linux/ordinary/tmp/nanolang-native-work-S3P4F1/objects-fp5tRf/.nano-module-Iq1B54
Generated list_ASTStmtRef_get.h and list_ASTStmtRef_get.c in /home/jkh/nanolang-qualification/native-full-609-linux/ordinary/tmp/nanolang-native-work-S3P4F1/objects-fp5tRf/.nano-module-Iq1B54
Generated list_ASTStmtRef_length.h and list_ASTStmtRef_length.c in /home/jkh/nanolang-qualification/native-full-609-linux/ordinary/tmp/nanolang-native-work-S3P4F1/objects-fp5tRf/.nano-module-Iq1B54
Generated list_ASTNumber_new.h and list_ASTNumber_new.c in /home/jkh/nanolang-qualification/native-full-609-linux/ordinary/tmp/nanolang-native-work-S3P4F1/objects-fp5tRf/.nano-module-Iq1B54
Generated list_ASTNumber_push.h and list_ASTNumber_push.c in /home/jkh/nanolang-qualification/native-full-609-linux/ordinary/tmp/nanolang-native-work-S3P4F1/objects-fp5tRf/.nano-module-Iq1B54
Generated list_ASTNumber_get.h and list_ASTNumber_get.c in /home/jkh/nanolang-qualification/native-full-609-linux/ordinary/tmp/nanolang-native-work-S3P4F1/objects-fp5tRf/.nano-module-Iq1B54
Generated list_ASTNumber_length.h and list_ASTNumber_length.c in /home/jkh/nanolang-qualification/native-full-609-linux/ordinary/tmp/nanolang-native-work-S3P4F1/objects-fp5tRf/.nano-module-Iq1B54
Generated list_ASTFloat_new.h and list_ASTFloat_new.c in /home/jkh/nanolang-qualification/native-full-609-linux/ordinary/tmp/nanolang-native-work-S3P4F1/objects-fp5tRf/.nano-module-Iq1B54
Generated list_ASTFloat_push.h and list_ASTFloat_push.c in /home/jkh/nanolang-qualification/native-full-609-linux/ordinary/tmp/nanolang-native-work-S3P4F1/objects-fp5tRf/.nano-module-Iq1B54
Generated list_ASTFloat_get.h and list_ASTFloat_get.c in /home/jkh/nanolang-qualification/native-full-609-linux/ordinary/tmp/nanolang-native-work-S3P4F1/objects-fp5tRf/.nano-module-Iq1B54
Generated list_ASTFloat_length.h and list_ASTFloat_length.c in /home/jkh/nanolang-qualification/native-full-609-linux/ordinary/tmp/nanolang-native-work-S3P4F1/objects-fp5tRf/.nano-module-Iq1B54
Generated list_ASTString_new.h and list_ASTString_new.c in /home/jkh/nanolang-qualification/native-full-609-linux/ordinary/tmp/nanolang-native-work-S3P4F1/objects-fp5tRf/.nano-module-Iq1B54
Generated list_ASTString_push.h and list_ASTString_push.c in /home/jkh/nanolang-qualification/native-full-609-linux/ordinary/tmp/nanolang-native-work-S3P4F1/objects-fp5tRf/.nano-module-Iq1B54
Generated list_ASTString_get.h and list_ASTString_get.c in /home/jkh/nanolang-qualification/native-full-609-linux/ordinary/tmp/nanolang-native-work-S3P4F1/objects-fp5tRf/.nano-module-Iq1B54
Generated list_ASTString_length.h and list_ASTString_length.c in /home/jkh/nanolang-qualification/native-full-609-linux/ordinary/tmp/nanolang-native-work-S3P4F1/objects-fp5tRf/.nano-module-Iq1B54
Generated list_ASTBool_new.h and list_ASTBool_new.c in /home/jkh/nanolang-qualification/native-full-609-linux/ordinary/tmp/nanolang-native-work-S3P4F1/objects-fp5tRf/.nano-module-Iq1B54
Generated list_ASTBool_push.h and list_ASTBool_push.c in /home/jkh/nanolang-qualification/native-full-609-linux/ordinary/tmp/nanolang-native-work-S3P4F1/objects-fp5tRf/.nano-module-Iq1B54
Generated list_ASTBool_get.h and list_ASTBool_get.c in /home/jkh/nanolang-qualification/native-full-609-linux/ordinary/tmp/nanolang-native-work-S3P4F1/objects-fp5tRf/.nano-module-Iq1B54
Generated list_ASTBool_length.h and list_ASTBool_length.c in /home/jkh/nanolang-qualification/native-full-609-linux/ordinary/tmp/nanolang-native-work-S3P4F1/objects-fp5tRf/.nano-module-Iq1B54
I stopped shadow execution after 10 seconds.
Shadow tests failed
make: *** [Makefile.gnu:3768: .bootstrap1.built] Error 1
