2026-10-09T09:11:02.4567072Z Current runner version: '2.337.0'
2026-10-09T09:11:02.4592518Z ##[group]Runner Image Provisioner
2026-10-09T09:11:02.4593410Z Hosted Compute Agent
2026-10-09T09:11:02.4594011Z Version: 20261002.596
2026-10-09T09:11:02.4594972Z Commit: c3d12f3313a95f25162a1503be624f3b0617f8c0
2026-10-09T09:11:02.4595775Z Build Date: 2026-10-02T22:28:27Z
2026-10-09T09:11:02.4596518Z Worker ID: {03388c32-c761-4b47-9128-dbab1992362f}
2026-10-09T09:11:02.4597259Z Region: centralus
2026-10-09T09:11:02.4597850Z Cloud: Azure
2026-10-09T09:11:02.4598494Z ##[endgroup]
2026-10-09T09:11:02.4600107Z ##[group]Operating System
2026-10-09T09:11:02.4600819Z Ubuntu
2026-10-09T09:11:02.4601380Z 24.04.5
2026-10-09T09:11:02.4601943Z LTS
2026-10-09T09:11:02.4602556Z ##[endgroup]
2026-10-09T09:11:02.4603139Z ##[group]Runner Image
2026-10-09T09:11:02.4603754Z Image: ubuntu-24.04
2026-10-09T09:11:02.4604401Z Version: 20261004.327.1
2026-10-09T09:11:02.4605908Z Included Software: https://github.com/actions/runner-images/blob/ubuntu24/20261004.327/images/ubuntu/Ubuntu2404-Readme.md
2026-10-09T09:11:02.4607609Z Image Release: https://github.com/actions/runner-images/releases/tag/ubuntu24%2F20261004.327
2026-10-09T09:11:02.4608596Z ##[endgroup]
2026-10-09T09:11:02.4609915Z ##[group]GITHUB_TOKEN Permissions
2026-10-09T09:11:02.4612231Z Contents: read
2026-10-09T09:11:02.4612892Z Metadata: read
2026-10-09T09:11:02.4613493Z PullRequests: write
2026-10-09T09:11:02.4614152Z ##[endgroup]
2026-10-09T09:11:02.4616705Z Secret source: Actions
2026-10-09T09:11:02.4617830Z Cache mode: write
2026-10-09T09:11:02.4618890Z Prepare workflow directory
2026-10-09T09:11:02.5028805Z Prepare all required actions
2026-10-09T09:11:02.5078843Z Getting action download info
2026-10-09T09:11:02.7928403Z Download action repository 'actions/checkout@v4' (SHA:11d5960a326750d5838078e36cf38b85af677262)
2026-10-09T09:11:02.8925302Z Download action repository 'actions/upload-artifact@v4' (SHA:ea165f8d65b6e75b540449e92b4886f43607fa02)
2026-10-09T09:11:02.9995918Z Download action repository 'actions/github-script@v7' (SHA:f28e40c7f34bde8b3046d885e986cb6290c5673b)
2026-10-09T09:11:03.4664976Z Complete job name: Code Coverage
2026-10-09T09:11:03.5477244Z ##[group]Run actions/checkout@v4
2026-10-09T09:11:03.5478141Z with:
2026-10-09T09:11:03.5478635Z   repository: jordanhubbard/nanolang
2026-10-09T09:11:03.5482794Z   token: ***
2026-10-09T09:11:03.5483245Z   ssh-strict: true
2026-10-09T09:11:03.5483707Z   ssh-user: git
2026-10-09T09:11:03.5484181Z   persist-credentials: true
2026-10-09T09:11:03.5484883Z   clean: true
2026-10-09T09:11:03.5485379Z   sparse-checkout-cone-mode: true
2026-10-09T09:11:03.5485928Z   fetch-depth: 1
2026-10-09T09:11:03.5486387Z   fetch-tags: false
2026-10-09T09:11:03.5486859Z   show-progress: true
2026-10-09T09:11:03.5487320Z   lfs: false
2026-10-09T09:11:03.5487768Z   submodules: false
2026-10-09T09:11:03.5488260Z   set-safe-directory: true
2026-10-09T09:11:03.5488799Z   allow-unsafe-pr-checkout: false
2026-10-09T09:11:03.5489643Z env:
2026-10-09T09:11:03.5490205Z   NANO_VERIFY_CORPUS_LOG_ROOT: .test_output/verifier-corpus
2026-10-09T09:11:03.5490926Z   NANO_SHADOW_TIMEOUT_SECONDS: 60
2026-10-09T09:11:03.5491502Z ##[endgroup]
2026-10-09T09:11:03.6591086Z Syncing repository: jordanhubbard/nanolang
2026-10-09T09:11:03.6594128Z ##[group]Getting Git version info
2026-10-09T09:11:03.6599214Z Working directory is '/home/runner/work/nanolang/nanolang'
2026-10-09T09:11:03.6600818Z [command]/usr/bin/git version
2026-10-09T09:11:03.6601622Z git version 2.55.0
2026-10-09T09:11:03.6618065Z ##[endgroup]
2026-10-09T09:11:03.6633427Z Temporarily overriding HOME='/home/runner/work/_temp/656b7b42-7bbb-4ccb-b958-899ba2065b6f' before making global git config changes
2026-10-09T09:11:03.6636112Z Adding repository directory to the temporary git global config as a safe directory
2026-10-09T09:11:03.6639318Z [command]/usr/bin/git config --global --add safe.directory /home/runner/work/nanolang/nanolang
2026-10-09T09:11:03.6701113Z Deleting the contents of '/home/runner/work/nanolang/nanolang'
2026-10-09T09:11:03.6705122Z ##[group]Initializing the repository
2026-10-09T09:11:03.6709317Z [command]/usr/bin/git init /home/runner/work/nanolang/nanolang
2026-10-09T09:11:03.6849128Z hint: Using 'master' as the name for the initial branch. This default branch name
2026-10-09T09:11:03.6851004Z hint: will change to "main" in Git 3.0. To configure the initial branch name
2026-10-09T09:11:03.6852670Z hint: to use in all of your new repositories, which will suppress this warning,
2026-10-09T09:11:03.6853972Z hint: call:
2026-10-09T09:11:03.6855299Z hint:
2026-10-09T09:11:03.6856282Z hint: 	git config --global init.defaultBranch <name>
2026-10-09T09:11:03.6857290Z hint:
2026-10-09T09:11:03.6858220Z hint: Names commonly chosen instead of 'master' are 'main', 'trunk' and
2026-10-09T09:11:03.6859735Z hint: 'development'. The just-created branch can be renamed via this command:
2026-10-09T09:11:03.6861018Z hint:
2026-10-09T09:11:03.6861751Z hint: 	git branch -m <name>
2026-10-09T09:11:03.6862534Z hint:
2026-10-09T09:11:03.6863576Z hint: Disable this message with "git config set advice.defaultBranchName false"
2026-10-09T09:11:03.6865442Z Initialized empty Git repository in /home/runner/work/nanolang/nanolang/.git/
2026-10-09T09:11:03.6868165Z [command]/usr/bin/git remote add origin https://github.com/jordanhubbard/nanolang
2026-10-09T09:11:03.6917892Z ##[endgroup]
2026-10-09T09:11:03.6919202Z ##[group]Disabling automatic garbage collection
2026-10-09T09:11:03.6921308Z [command]/usr/bin/git config --local gc.auto 0
2026-10-09T09:11:03.6953355Z ##[endgroup]
2026-10-09T09:11:03.6954594Z ##[group]Setting up auth
2026-10-09T09:11:03.6960125Z [command]/usr/bin/git config --local --name-only --get-regexp core\.sshCommand
2026-10-09T09:11:03.6993429Z [command]/usr/bin/git submodule foreach --recursive sh -c "git config --local --name-only --get-regexp 'core\.sshCommand' && git config --local --unset-all 'core.sshCommand' || :"
2026-10-09T09:11:03.7409286Z [command]/usr/bin/git config --local --name-only --get-regexp http\.https\:\/\/github\.com\/\.extraheader
2026-10-09T09:11:03.7447023Z [command]/usr/bin/git submodule foreach --recursive sh -c "git config --local --name-only --get-regexp 'http\.https\:\/\/github\.com\/\.extraheader' && git config --local --unset-all 'http.https://github.com/.extraheader' || :"
2026-10-09T09:11:03.7673227Z [command]/usr/bin/git config --local --name-only --get-regexp ^includeIf\.gitdir:
2026-10-09T09:11:03.7711750Z [command]/usr/bin/git submodule foreach --recursive git config --local --show-origin --name-only --get-regexp remote.origin.url
2026-10-09T09:11:03.7936892Z [command]/usr/bin/git config --local http.https://github.com/.extraheader AUTHORIZATION: basic ***
2026-10-09T09:11:03.7977678Z ##[endgroup]
2026-10-09T09:11:03.7978806Z ##[group]Fetching the repository
2026-10-09T09:11:03.7988135Z [command]/usr/bin/git -c protocol.version=2 fetch --no-tags --prune --no-recurse-submodules --depth=1 origin +0c5184b9437e9e9f3fc81799116f7c38c30f36f4:refs/remotes/pull/974/merge
2026-10-09T09:11:09.3935616Z From https://github.com/jordanhubbard/nanolang
2026-10-09T09:11:09.3936644Z  * [new ref]           0c5184b9437e9e9f3fc81799116f7c38c30f36f4 -> pull/974/merge
2026-10-09T09:11:09.3939703Z ##[endgroup]
2026-10-09T09:11:09.3940420Z ##[group]Determining the checkout info
2026-10-09T09:11:09.3942995Z ##[endgroup]
2026-10-09T09:11:09.3949993Z [command]/usr/bin/git sparse-checkout disable
2026-10-09T09:11:09.4013069Z [command]/usr/bin/git config --local --unset-all extensions.worktreeConfig
2026-10-09T09:11:09.4045050Z ##[group]Checking out the ref
2026-10-09T09:11:09.4050394Z [command]/usr/bin/git checkout --progress --force refs/remotes/pull/974/merge
2026-10-09T09:11:10.4784440Z Updating files:   6% (5301/77036)
2026-10-09T09:11:10.5987886Z Updating files:   7% (5393/77036)
2026-10-09T09:11:10.6570849Z Updating files:   8% (6163/77036)
2026-10-09T09:11:10.7126968Z Updating files:   9% (6934/77036)
2026-10-09T09:11:10.7763023Z Updating files:  10% (7704/77036)
2026-10-09T09:11:11.0890215Z Updating files:  11% (8474/77036)
2026-10-09T09:11:11.3538119Z Updating files:  12% (9245/77036)
2026-10-09T09:11:11.4666538Z Updating files:  13% (10015/77036)
2026-10-09T09:11:11.8241335Z Updating files:  13% (10237/77036)
2026-10-09T09:11:12.0051839Z Updating files:  14% (10786/77036)
2026-10-09T09:11:12.3876888Z Updating files:  15% (11556/77036)
2026-10-09T09:11:12.4630965Z Updating files:  16% (12326/77036)
2026-10-09T09:11:12.5309344Z Updating files:  16% (12623/77036)
2026-10-09T09:11:12.5739054Z Updating files:  17% (13097/77036)
2026-10-09T09:11:12.9757560Z Updating files:  18% (13867/77036)
2026-10-09T09:11:13.4265318Z Updating files:  19% (14637/77036)
2026-10-09T09:11:13.4673167Z Updating files:  20% (15408/77036)
2026-10-09T09:11:13.5761060Z Updating files:  20% (15476/77036)
2026-10-09T09:11:13.6307400Z Updating files:  21% (16178/77036)
2026-10-09T09:11:13.6708365Z Updating files:  22% (16948/77036)
2026-10-09T09:11:13.7526186Z Updating files:  23% (17719/77036)
2026-10-09T09:11:13.7923958Z Updating files:  24% (18489/77036)
2026-10-09T09:11:13.8306320Z Updating files:  25% (19259/77036)
2026-10-09T09:11:13.8746503Z Updating files:  26% (20030/77036)
2026-10-09T09:11:13.9201803Z Updating files:  27% (20800/77036)
2026-10-09T09:11:13.9533770Z Updating files:  28% (21571/77036)
2026-10-09T09:11:14.0076097Z Updating files:  29% (22341/77036)
2026-10-09T09:11:14.0570444Z Updating files:  30% (23111/77036)
2026-10-09T09:11:14.0892571Z Updating files:  31% (23882/77036)
2026-10-09T09:11:14.1327078Z Updating files:  32% (24652/77036)
2026-10-09T09:11:14.2038311Z Updating files:  33% (25422/77036)
2026-10-09T09:11:14.2542095Z Updating files:  34% (26193/77036)
2026-10-09T09:11:14.2916269Z Updating files:  35% (26963/77036)
2026-10-09T09:11:14.4888436Z Updating files:  36% (27733/77036)
2026-10-09T09:11:14.5117987Z Updating files:  36% (28001/77036)
2026-10-09T09:11:14.5471677Z Updating files:  37% (28504/77036)
2026-10-09T09:11:14.5848948Z Updating files:  38% (29274/77036)
2026-10-09T09:11:14.6258821Z Updating files:  39% (30045/77036)
2026-10-09T09:11:14.6623386Z Updating files:  40% (30815/77036)
2026-10-09T09:11:14.7016015Z Updating files:  41% (31585/77036)
2026-10-09T09:11:14.7571805Z Updating files:  42% (32356/77036)
2026-10-09T09:11:14.7933563Z Updating files:  43% (33126/77036)
2026-10-09T09:11:14.8291383Z Updating files:  44% (33896/77036)
2026-10-09T09:11:14.8662518Z Updating files:  45% (34667/77036)
2026-10-09T09:11:14.9075714Z Updating files:  46% (35437/77036)
2026-10-09T09:11:14.9401093Z Updating files:  47% (36207/77036)
2026-10-09T09:11:14.9734933Z Updating files:  48% (36978/77036)
2026-10-09T09:11:15.0104870Z Updating files:  49% (37748/77036)
2026-10-09T09:11:15.0966063Z Updating files:  50% (38518/77036)
2026-10-09T09:11:15.1699967Z Updating files:  51% (39289/77036)
2026-10-09T09:11:15.3243260Z Updating files:  52% (40059/77036)
2026-10-09T09:11:15.4020357Z Updating files:  53% (40830/77036)
2026-10-09T09:11:15.4561052Z Updating files:  54% (41600/77036)
2026-10-09T09:11:15.4627929Z Updating files:  55% (42370/77036)
2026-10-09T09:11:15.5139003Z Updating files:  55% (42520/77036)
2026-10-09T09:11:15.5627129Z Updating files:  56% (43141/77036)
2026-10-09T09:11:15.6432244Z Updating files:  57% (43911/77036)
2026-10-09T09:11:15.7105175Z Updating files:  58% (44681/77036)
2026-10-09T09:11:15.7408690Z Updating files:  59% (45452/77036)
2026-10-09T09:11:15.7861897Z Updating files:  60% (46222/77036)
2026-10-09T09:11:16.2175461Z Updating files:  61% (46992/77036)
2026-10-09T09:11:16.3140665Z Updating files:  62% (47763/77036)
2026-10-09T09:11:16.4320449Z Updating files:  63% (48533/77036)
2026-10-09T09:11:16.4578350Z Updating files:  64% (49304/77036)
2026-10-09T09:11:16.4627499Z Updating files:  65% (50074/77036)
2026-10-09T09:11:16.4825152Z Updating files:  65% (50228/77036)
2026-10-09T09:11:16.6055955Z Updating files:  66% (50844/77036)
2026-10-09T09:11:16.6298974Z Updating files:  67% (51615/77036)
2026-10-09T09:11:16.9045308Z Updating files:  68% (52385/77036)
2026-10-09T09:11:17.4629418Z Updating files:  69% (53155/77036)
2026-10-09T09:11:18.0161858Z Updating files:  69% (53370/77036)
2026-10-09T09:11:18.4643390Z Updating files:  70% (53926/77036)
2026-10-09T09:11:18.7241736Z Updating files:  70% (54257/77036)
2026-10-09T09:11:18.7893918Z Updating files:  71% (54696/77036)
2026-10-09T09:11:18.8640520Z Updating files:  72% (55466/77036)
2026-10-09T09:11:18.9978018Z Updating files:  73% (56237/77036)
2026-10-09T09:11:19.1346870Z Updating files:  74% (57007/77036)
2026-10-09T09:11:19.2281352Z Updating files:  75% (57777/77036)
2026-10-09T09:11:19.3816015Z Updating files:  76% (58548/77036)
2026-10-09T09:11:19.4638916Z Updating files:  77% (59318/77036)
2026-10-09T09:11:19.5341971Z Updating files:  77% (59744/77036)
2026-10-09T09:11:19.6807785Z Updating files:  78% (60089/77036)
2026-10-09T09:11:19.7753189Z Updating files:  79% (60859/77036)
2026-10-09T09:11:19.8389398Z Updating files:  80% (61629/77036)
2026-10-09T09:11:19.8683645Z Updating files:  81% (62400/77036)
2026-10-09T09:11:19.9394364Z Updating files:  82% (63170/77036)
2026-10-09T09:11:19.9683732Z Updating files:  83% (63940/77036)
2026-10-09T09:11:19.9999503Z Updating files:  84% (64711/77036)
2026-10-09T09:11:20.0233422Z Updating files:  85% (65481/77036)
2026-10-09T09:11:20.0487970Z Updating files:  86% (66251/77036)
2026-10-09T09:11:20.0798072Z Updating files:  87% (67022/77036)
2026-10-09T09:11:20.1092605Z Updating files:  88% (67792/77036)
2026-10-09T09:11:20.4646045Z Updating files:  89% (68563/77036)
2026-10-09T09:11:20.5224343Z Updating files:  89% (69303/77036)
2026-10-09T09:11:20.8374326Z Updating files:  90% (69333/77036)
2026-10-09T09:11:20.8854528Z Updating files:  91% (70103/77036)
2026-10-09T09:11:21.1223791Z Updating files:  92% (70874/77036)
2026-10-09T09:11:21.4712749Z Updating files:  93% (71644/77036)
2026-10-09T09:11:21.4997802Z Updating files:  93% (72351/77036)
2026-10-09T09:11:21.8845788Z Updating files:  94% (72414/77036)
2026-10-09T09:11:22.0340435Z Updating files:  95% (73185/77036)
2026-10-09T09:11:22.0793426Z Updating files:  96% (73955/77036)
2026-10-09T09:11:22.1444631Z Updating files:  97% (74725/77036)
2026-10-09T09:11:22.1951711Z Updating files:  98% (75496/77036)
2026-10-09T09:11:22.2519363Z Updating files:  99% (76266/77036)
2026-10-09T09:11:22.2520216Z Updating files: 100% (77036/77036)
2026-10-09T09:11:22.2520647Z Updating files: 100% (77036/77036), done.
2026-10-09T09:11:22.5447120Z Note: switching to 'refs/remotes/pull/974/merge'.
2026-10-09T09:11:22.5448060Z 
2026-10-09T09:11:22.5448940Z You are in 'detached HEAD' state. You can look around, make experimental
2026-10-09T09:11:22.5450076Z changes and commit them, and you can discard any commits you make in this
2026-10-09T09:11:22.5450862Z state without impacting any branches by switching back to a branch.
2026-10-09T09:11:22.5451320Z 
2026-10-09T09:11:22.5451626Z If you want to create a new branch to retain commits you create, you may
2026-10-09T09:11:22.5452347Z do so (now or later) by using -c with the switch command. Example:
2026-10-09T09:11:22.5452772Z 
2026-10-09T09:11:22.5452962Z   git switch -c <new-branch-name>
2026-10-09T09:11:22.5453246Z 
2026-10-09T09:11:22.5453399Z Or undo this operation with:
2026-10-09T09:11:22.5453797Z 
2026-10-09T09:11:22.5454030Z   git switch -
2026-10-09T09:11:22.5454294Z 
2026-10-09T09:11:22.5455089Z Turn off this advice by setting config variable advice.detachedHead to false
2026-10-09T09:11:22.5455922Z 
2026-10-09T09:11:22.5456637Z HEAD is now at 0c5184b9 Merge a88c45c3ba13435c00899c12f15f41ba7441c9b4 into 1bbae0bb051efb1c6b356a98d12be0494b9ff935
2026-10-09T09:11:22.5536424Z ##[endgroup]
2026-10-09T09:11:22.5583049Z [command]/usr/bin/git log -1 --format=%H
2026-10-09T09:11:22.5610217Z 0c5184b9437e9e9f3fc81799116f7c38c30f36f4
2026-10-09T09:11:22.8408467Z ##[group]Run # Already satisfied on some images; skip rather than fight the
2026-10-09T09:11:22.8409083Z # Already satisfied on some images; skip rather than fight the
2026-10-09T09:11:22.8409534Z # environment. Where pip refuses under PEP 668
2026-10-09T09:11:22.8410001Z # (externally-managed-environment, seen on the arm64 runners), retry
2026-10-09T09:11:22.8410741Z # with --break-system-packages: this is a throwaway CI environment,
2026-10-09T09:11:22.8411181Z # not a system Python worth protecting.
2026-10-09T09:11:22.8411535Z python3 -c 'import yaml' 2>/dev/null && exit 0
2026-10-09T09:11:22.8411908Z python3 -m pip install --user --upgrade pyyaml \
2026-10-09T09:11:22.8412396Z   || python3 -m pip install --user --break-system-packages --upgrade pyyaml
2026-10-09T09:11:22.8412829Z python3 -c 'import yaml'
2026-10-09T09:11:24.1277516Z shell: /usr/bin/bash --noprofile --norc -e -o pipefail {0}
2026-10-09T09:11:24.1278515Z env:
2026-10-09T09:11:24.1279149Z   NANO_VERIFY_CORPUS_LOG_ROOT: .test_output/verifier-corpus
2026-10-09T09:11:24.1280036Z   NANO_SHADOW_TIMEOUT_SECONDS: 60
2026-10-09T09:11:24.1280585Z ##[endgroup]
2026-10-09T09:11:24.2363234Z ##[group]Run ./scripts/ci-apt-install.sh \
2026-10-09T09:11:24.2363933Z ./scripts/ci-apt-install.sh \
2026-10-09T09:11:24.2364523Z   build-essential \
2026-10-09T09:11:24.2365169Z   lcov \
2026-10-09T09:11:24.2365524Z   bc \
2026-10-09T09:11:24.2365874Z   pkg-config \
2026-10-09T09:11:24.2366330Z   libssl-dev libffi-dev libsqlite3-dev \
2026-10-09T09:11:24.2366858Z   libsdl2-dev \
2026-10-09T09:11:24.2367137Z   libsdl2-image-dev \
2026-10-09T09:11:24.2367405Z   libsdl2-mixer-dev \
2026-10-09T09:11:24.2367659Z   libsdl2-ttf-dev \
2026-10-09T09:11:24.2367924Z   libutf8proc-dev \
2026-10-09T09:11:24.2368203Z   libncurses-dev libreadline-dev \
2026-10-09T09:11:24.2368545Z   libevent-dev libuv1-dev libbullet-dev \
2026-10-09T09:11:24.2368897Z   libglfw3-dev libglew-dev freeglut3-dev \
2026-10-09T09:11:24.2369207Z   gforth
2026-10-09T09:11:24.2437325Z shell: /usr/bin/bash -e {0}
2026-10-09T09:11:24.2437607Z env:
2026-10-09T09:11:24.2437907Z   NANO_VERIFY_CORPUS_LOG_ROOT: .test_output/verifier-corpus
2026-10-09T09:11:24.2438293Z   NANO_SHADOW_TIMEOUT_SECONDS: 60
2026-10-09T09:11:24.2438571Z ##[endgroup]
2026-10-09T09:11:24.3808156Z apt install attempt 1/3 (timeout 180s): build-essential lcov bc pkg-config libssl-dev libffi-dev libsqlite3-dev libsdl2-dev libsdl2-image-dev libsdl2-mixer-dev libsdl2-ttf-dev libutf8proc-dev libncurses-dev libreadline-dev libevent-dev libuv1-dev libbullet-dev libglfw3-dev libglew-dev freeglut3-dev gforth
2026-10-09T09:11:29.2929151Z Reading package lists...
2026-10-09T09:11:29.4641500Z Building dependency tree...
2026-10-09T09:11:29.4649033Z Reading state information...
2026-10-09T09:11:29.6054607Z bc is already the newest version (1.07.1-3ubuntu4).
2026-10-09T09:11:29.6055869Z bc set to manually installed.
2026-10-09T09:11:29.6056648Z pkg-config is already the newest version (1.8.1-2build1).
2026-10-09T09:11:29.6057711Z libssl-dev is already the newest version (3.0.13-0ubuntu3.16).
2026-10-09T09:11:29.6058741Z libffi-dev is already the newest version (3.4.6-1build1).
2026-10-09T09:11:29.6059588Z libffi-dev set to manually installed.
2026-10-09T09:11:29.6060482Z libsqlite3-dev is already the newest version (3.45.1-1ubuntu2.8).
2026-10-09T09:11:29.6061653Z libncurses-dev is already the newest version (6.4+20240113-1ubuntu2.2).
2026-10-09T09:11:29.6062659Z libncurses-dev set to manually installed.
2026-10-09T09:11:29.6063491Z The following additional packages will be installed:
2026-10-09T09:11:29.6064868Z   bzip2-doc gforth-common gforth-lib gir1.2-freedesktop gir1.2-freedesktop-dev
2026-10-09T09:11:29.6066128Z   gir1.2-glib-2.0-dev gir1.2-harfbuzz-0.0 gir1.2-ibus-1.0 libalgorithm-c3-perl
2026-10-09T09:11:29.6067212Z   libasound2-dev libasyncns0 libb-hooks-endofscope-perl
2026-10-09T09:11:29.6068248Z   libb-hooks-op-check-perl libblkid-dev libbrotli-dev libbullet3.24t64
2026-10-09T09:11:29.6069437Z   libbz2-dev libcapture-tiny-perl libclass-c3-perl libclass-c3-xs-perl
2026-10-09T09:11:29.6070423Z   libclass-data-inheritable-perl libclass-inspector-perl
2026-10-09T09:11:29.6070999Z   libclass-method-modifiers-perl libclass-singleton-perl
2026-10-09T09:11:29.6071663Z   libclass-xsaccessor-perl libdata-optlist-perl libdatetime-locale-perl
2026-10-09T09:11:29.6072601Z   libdatetime-perl libdatetime-timezone-perl libdbus-1-dev libdecor-0-0
2026-10-09T09:11:29.6073235Z   libdecor-0-dev libdecor-0-plugin-1-gtk libdeflate-dev
2026-10-09T09:11:29.6073862Z   libdevel-callchecker-perl libdevel-caller-perl libdevel-lexalias-perl
2026-10-09T09:11:29.6074575Z   libdevel-stacktrace-perl libdrm-dev libdrm-nouveau2 libdrm-radeon1
2026-10-09T09:11:29.6075501Z   libdynaloader-functions-perl libegl-dev libegl-mesa0 libegl1
2026-10-09T09:11:29.6075962Z   libegl1-mesa-dev libeval-closure-perl libevent-2.1-7t64
2026-10-09T09:11:29.6076436Z   libevent-extra-2.1-7t64 libevent-openssl-2.1-7t64 libexception-class-perl
2026-10-09T09:11:29.6077263Z   libfile-sharedir-perl libflac-dev libflac12t64 libfluidsynth-dev
2026-10-09T09:11:29.6077750Z   libfluidsynth3 libfreetype-dev libfreetype6 libgbm-dev libgd-perl
2026-10-09T09:11:29.6078220Z   libgirepository-2.0-0 libgl-dev libgl1-mesa-dev libgles-dev libgles1
2026-10-09T09:11:29.6078713Z   libgles2 libglew2.2 libglfw3 libglib2.0-dev libglib2.0-dev-bin libglu1-mesa
2026-10-09T09:11:29.6079305Z   libglu1-mesa-dev libglut-dev libglut3.12 libglvnd-core-dev libglvnd-dev
2026-10-09T09:11:29.6079775Z   libglx-dev libgraphite2-dev libharfbuzz-cairo0 libharfbuzz-dev
2026-10-09T09:11:29.6080240Z   libharfbuzz-gobject0 libharfbuzz-icu0 libharfbuzz-subset0 libibus-1.0-5
2026-10-09T09:11:29.6080748Z   libibus-1.0-dev libice-dev libinstpatch-1.0-2 libinstpatch-dev libjack-dev
2026-10-09T09:11:29.6081257Z   libjack0 libjbig-dev libjpeg-dev libjpeg-turbo8-dev libjpeg8-dev liblerc-dev
2026-10-09T09:11:29.6081753Z   liblzma-dev libmodplug-dev libmodplug1 libmodule-implementation-perl
2026-10-09T09:11:29.6082265Z   libmodule-runtime-perl libmount-dev libmp3lame0 libmpg123-0t64 libmpg123-dev
2026-10-09T09:11:29.6082789Z   libmro-compat-perl libnamespace-autoclean-perl libnamespace-clean-perl
2026-10-09T09:11:29.6083299Z   libogg-dev libopengl-dev libopengl0 libopus-dev libopus0 libopusfile-dev
2026-10-09T09:11:29.6083806Z   libopusfile0 libout123-0t64 libpackage-stash-perl libpackage-stash-xs-perl
2026-10-09T09:11:29.6084288Z   libpadwalker-perl libparams-classify-perl libparams-util-perl
2026-10-09T09:11:29.6085090Z   libparams-validationcompiler-perl libpciaccess-dev libperlio-gzip-perl
2026-10-09T09:11:29.6085610Z   libpipewire-0.3-0t64 libpipewire-0.3-common libpipewire-0.3-dev libpng-dev
2026-10-09T09:11:29.6086079Z   libpng-tools libpng16-16t64 libpthread-stubs0-dev libpulse-dev
2026-10-09T09:11:29.6086531Z   libpulse-mainloop-glib0 libpulse0 libreadonly-perl libref-util-perl
2026-10-09T09:11:29.6087020Z   libref-util-xs-perl librole-tiny-perl libsamplerate0 libsamplerate0-dev
2026-10-09T09:11:29.6087522Z   libsdl2-2.0-0 libsdl2-image-2.0-0 libsdl2-mixer-2.0-0 libsdl2-ttf-2.0-0
2026-10-09T09:11:29.6087995Z   libselinux1-dev libsepol-dev libsharpyuv-dev libsm-dev libsndfile1
2026-10-09T09:11:29.6088475Z   libsndfile1-dev libsndio-dev libsndio7.0 libspa-0.2-dev libspa-0.2-modules
2026-10-09T09:11:29.6089079Z   libspecio-perl libsub-exporter-perl libsub-exporter-progressive-perl
2026-10-09T09:11:29.6089599Z   libsub-identify-perl libsub-install-perl libsub-name-perl libsub-quote-perl
2026-10-09T09:11:29.6090108Z   libsyn123-0t64 libsystemd-dev libtiff-dev libtiffxx6 libtry-tiny-perl
2026-10-09T09:11:29.6090604Z   libudev-dev libutf8proc3 libvariable-magic-perl libvorbis-dev libvorbisenc2
2026-10-09T09:11:29.6091116Z   libvulkan-dev libwayland-bin libwayland-dev libwayland-server0 libwebp-dev
2026-10-09T09:11:29.6091607Z   libwebpdecoder3 libwebrtc-audio-processing1 libx11-dev libxau-dev
2026-10-09T09:11:29.6092093Z   libxcb1-dev libxcursor-dev libxdmcp-dev libxext-dev libxfixes-dev libxi-dev
2026-10-09T09:11:29.6092607Z   libxinerama-dev libxkbcommon-dev libxrandr-dev libxrender-dev libxss-dev
2026-10-09T09:11:29.6093272Z   libxstring-perl libxt-dev libxv-dev libxv1 libxxf86vm-dev timgm6mb-soundfont
2026-10-09T09:11:29.6093725Z   uuid-dev x11proto-dev xorg-sgml-doctools xtrans-dev
2026-10-09T09:11:29.6094038Z Suggested packages:
2026-10-09T09:11:29.6094340Z   libasound2-doc freetype2-doc glew-utils libosmesa6 libglfw3-doc
2026-10-09T09:11:29.6094994Z   libglib2.0-doc libgdk-pixbuf2.0-bin libxml2-utils libgraphite2-utils
2026-10-09T09:11:29.6095479Z   libice-doc jackd1 liblzma-doc opus-tools libscalar-number-perl pipewire
2026-10-09T09:11:29.6095977Z   pipewire-doc pulseaudio readline-doc libsm-doc sndiod libtest-fatal-perl
2026-10-09T09:11:29.6096428Z   libwayland-doc libx11-doc libxcb-doc libxext-doc libxt-doc
2026-10-09T09:11:29.6096760Z   fluid-soundfont-gm
2026-10-09T09:11:29.6819570Z The following NEW packages will be installed:
2026-10-09T09:11:29.6821010Z   build-essential bzip2-doc freeglut3-dev gforth gforth-common gforth-lib
2026-10-09T09:11:29.6822053Z   gir1.2-freedesktop gir1.2-freedesktop-dev gir1.2-glib-2.0-dev
2026-10-09T09:11:29.6823036Z   gir1.2-harfbuzz-0.0 gir1.2-ibus-1.0 lcov libalgorithm-c3-perl libasound2-dev
2026-10-09T09:11:29.6824303Z   libasyncns0 libb-hooks-endofscope-perl libb-hooks-op-check-perl libblkid-dev
2026-10-09T09:11:29.6826650Z   libbrotli-dev libbullet-dev libbullet3.24t64 libbz2-dev libcapture-tiny-perl
2026-10-09T09:11:29.6827910Z   libclass-c3-perl libclass-c3-xs-perl libclass-data-inheritable-perl
2026-10-09T09:11:29.6828970Z   libclass-inspector-perl libclass-method-modifiers-perl
2026-10-09T09:11:29.6830053Z   libclass-singleton-perl libclass-xsaccessor-perl libdata-optlist-perl
2026-10-09T09:11:29.6831328Z   libdatetime-locale-perl libdatetime-perl libdatetime-timezone-perl
2026-10-09T09:11:29.6832454Z   libdbus-1-dev libdecor-0-0 libdecor-0-dev libdecor-0-plugin-1-gtk
2026-10-09T09:11:29.6833518Z   libdeflate-dev libdevel-callchecker-perl libdevel-caller-perl
2026-10-09T09:11:29.6834688Z   libdevel-lexalias-perl libdevel-stacktrace-perl libdrm-dev libdrm-nouveau2
2026-10-09T09:11:29.6836227Z   libdrm-radeon1 libdynaloader-functions-perl libegl-dev libegl-mesa0 libegl1
2026-10-09T09:11:29.6837276Z   libegl1-mesa-dev libeval-closure-perl libevent-2.1-7t64 libevent-dev
2026-10-09T09:11:29.6838284Z   libevent-extra-2.1-7t64 libevent-openssl-2.1-7t64 libexception-class-perl
2026-10-09T09:11:29.6838845Z   libfile-sharedir-perl libflac-dev libflac12t64 libfluidsynth-dev
2026-10-09T09:11:29.6839359Z   libfluidsynth3 libfreetype-dev libgbm-dev libgd-perl libgirepository-2.0-0
2026-10-09T09:11:29.6839863Z   libgl-dev libgl1-mesa-dev libgles-dev libgles1 libgles2 libglew-dev
2026-10-09T09:11:29.6840314Z   libglew2.2 libglfw3 libglfw3-dev libglib2.0-dev libglib2.0-dev-bin
2026-10-09T09:11:29.6840783Z   libglu1-mesa libglu1-mesa-dev libglut-dev libglut3.12 libglvnd-core-dev
2026-10-09T09:11:29.6841306Z   libglvnd-dev libglx-dev libgraphite2-dev libharfbuzz-cairo0 libharfbuzz-dev
2026-10-09T09:11:29.6842112Z   libharfbuzz-gobject0 libharfbuzz-icu0 libharfbuzz-subset0 libibus-1.0-5
2026-10-09T09:11:29.6843029Z   libibus-1.0-dev libice-dev libinstpatch-1.0-2 libinstpatch-dev libjack-dev
2026-10-09T09:11:29.6843934Z   libjack0 libjbig-dev libjpeg-dev libjpeg-turbo8-dev libjpeg8-dev liblerc-dev
2026-10-09T09:11:29.6845039Z   liblzma-dev libmodplug-dev libmodplug1 libmodule-implementation-perl
2026-10-09T09:11:29.6845931Z   libmodule-runtime-perl libmount-dev libmp3lame0 libmpg123-0t64 libmpg123-dev
2026-10-09T09:11:29.6846480Z   libmro-compat-perl libnamespace-autoclean-perl libnamespace-clean-perl
2026-10-09T09:11:29.6846998Z   libogg-dev libopengl-dev libopengl0 libopus-dev libopus0 libopusfile-dev
2026-10-09T09:11:29.6847524Z   libopusfile0 libout123-0t64 libpackage-stash-perl libpackage-stash-xs-perl
2026-10-09T09:11:29.6848013Z   libpadwalker-perl libparams-classify-perl libparams-util-perl
2026-10-09T09:11:29.6848496Z   libparams-validationcompiler-perl libpciaccess-dev libperlio-gzip-perl
2026-10-09T09:11:29.6849032Z   libpipewire-0.3-0t64 libpipewire-0.3-common libpipewire-0.3-dev libpng-dev
2026-10-09T09:11:29.6849766Z   libpng-tools libpthread-stubs0-dev libpulse-dev libpulse-mainloop-glib0
2026-10-09T09:11:29.6850239Z   libpulse0 libreadline-dev libreadonly-perl libref-util-perl
2026-10-09T09:11:29.6850723Z   libref-util-xs-perl librole-tiny-perl libsamplerate0 libsamplerate0-dev
2026-10-09T09:11:29.6851191Z   libsdl2-2.0-0 libsdl2-dev libsdl2-image-2.0-0 libsdl2-image-dev
2026-10-09T09:11:29.6851642Z   libsdl2-mixer-2.0-0 libsdl2-mixer-dev libsdl2-ttf-2.0-0 libsdl2-ttf-dev
2026-10-09T09:11:29.6852109Z   libselinux1-dev libsepol-dev libsharpyuv-dev libsm-dev libsndfile1
2026-10-09T09:11:29.6852586Z   libsndfile1-dev libsndio-dev libsndio7.0 libspa-0.2-dev libspa-0.2-modules
2026-10-09T09:11:29.6853088Z   libspecio-perl libsub-exporter-perl libsub-exporter-progressive-perl
2026-10-09T09:11:29.6853621Z   libsub-identify-perl libsub-install-perl libsub-name-perl libsub-quote-perl
2026-10-09T09:11:29.6854264Z   libsyn123-0t64 libsystemd-dev libtiff-dev libtiffxx6 libtry-tiny-perl
2026-10-09T09:11:29.6855039Z   libudev-dev libutf8proc-dev libutf8proc3 libuv1-dev libvariable-magic-perl
2026-10-09T09:11:29.6855554Z   libvorbis-dev libvorbisenc2 libvulkan-dev libwayland-bin libwayland-dev
2026-10-09T09:11:29.6856060Z   libwayland-server0 libwebp-dev libwebpdecoder3 libwebrtc-audio-processing1
2026-10-09T09:11:29.6856582Z   libx11-dev libxau-dev libxcb1-dev libxcursor-dev libxdmcp-dev libxext-dev
2026-10-09T09:11:29.6857070Z   libxfixes-dev libxi-dev libxinerama-dev libxkbcommon-dev libxrandr-dev
2026-10-09T09:11:29.6857544Z   libxrender-dev libxss-dev libxstring-perl libxt-dev libxv-dev libxv1
2026-10-09T09:11:29.6858029Z   libxxf86vm-dev timgm6mb-soundfont uuid-dev x11proto-dev xorg-sgml-doctools
2026-10-09T09:11:29.6858408Z   xtrans-dev
2026-10-09T09:11:29.6858628Z The following packages will be upgraded:
2026-10-09T09:11:29.6858921Z   libfreetype6 libpng16-16t64
2026-10-09T09:11:29.7061967Z 2 upgraded, 213 newly installed, 0 to remove and 21 not upgraded.
2026-10-09T09:11:29.7062640Z Need to get 39.1 MB of archives.
2026-10-09T09:11:29.7063248Z After this operation, 192 MB of additional disk space will be used.
2026-10-09T09:11:29.7063961Z Get:1 file:/etc/apt/apt-mirrors.txt Mirrorlist [144 B]
2026-10-09T09:11:29.7554711Z Get:2 http://azure.archive.ubuntu.com/ubuntu noble-updates/main amd64 libpng16-16t64 amd64 1.6.43-5ubuntu0.7 [189 kB]
2026-10-09T09:11:29.7920126Z Get:3 http://azure.archive.ubuntu.com/ubuntu noble/main amd64 build-essential amd64 12.10ubuntu1 [4928 B]
2026-10-09T09:11:29.8266478Z Get:4 http://azure.archive.ubuntu.com/ubuntu noble-updates/main amd64 bzip2-doc all 1.0.8-5.1ubuntu0.1 [499 kB]
2026-10-09T09:11:29.8641318Z Get:5 http://azure.archive.ubuntu.com/ubuntu noble/universe amd64 libglut3.12 amd64 3.4.0-1build1 [98.0 kB]
2026-10-09T09:11:29.8995620Z Get:6 http://azure.archive.ubuntu.com/ubuntu noble/main amd64 xorg-sgml-doctools all 1:1.11-1.1 [10.9 kB]
2026-10-09T09:11:29.9416389Z Get:7 http://azure.archive.ubuntu.com/ubuntu noble/main amd64 x11proto-dev all 2023.2-1 [602 kB]
2026-10-09T09:11:29.9871927Z Get:8 http://azure.archive.ubuntu.com/ubuntu noble/main amd64 libxau-dev amd64 1:1.0.9-1build6 [9570 B]
2026-10-09T09:11:30.0291003Z Get:9 http://azure.archive.ubuntu.com/ubuntu noble/main amd64 libxdmcp-dev amd64 1:1.1.3-0ubuntu6 [26.5 kB]
2026-10-09T09:11:30.0713203Z Get:10 http://azure.archive.ubuntu.com/ubuntu noble/main amd64 xtrans-dev all 1.4.0-1 [68.9 kB]
2026-10-09T09:11:30.1139385Z Get:11 http://azure.archive.ubuntu.com/ubuntu noble/main amd64 libpthread-stubs0-dev amd64 0.4-1build3 [4746 B]
2026-10-09T09:11:30.1559839Z Get:12 http://azure.archive.ubuntu.com/ubuntu noble/main amd64 libxcb1-dev amd64 1.15-1ubuntu2 [85.8 kB]
2026-10-09T09:11:30.1987909Z Get:13 http://azure.archive.ubuntu.com/ubuntu noble/main amd64 libx11-dev amd64 2:1.8.7-1build1 [732 kB]
2026-10-09T09:11:30.2451776Z Get:14 http://azure.archive.ubuntu.com/ubuntu noble/main amd64 libglx-dev amd64 1.7.0-1build1 [14.2 kB]
2026-10-09T09:11:30.2872772Z Get:15 http://azure.archive.ubuntu.com/ubuntu noble/main amd64 libgl-dev amd64 1.7.0-1build1 [102 kB]
2026-10-09T09:11:30.3299204Z Get:16 http://azure.archive.ubuntu.com/ubuntu noble/main amd64 libglvnd-core-dev amd64 1.7.0-1build1 [13.6 kB]
2026-10-09T09:11:30.3723331Z Get:17 http://azure.archive.ubuntu.com/ubuntu noble-updates/main amd64 libegl-mesa0 amd64 25.2.8-0ubuntu0.24.04.4 [117 kB]
2026-10-09T09:11:30.4150499Z Get:18 http://azure.archive.ubuntu.com/ubuntu noble/main amd64 libegl1 amd64 1.7.0-1build1 [28.7 kB]
2026-10-09T09:11:30.4572419Z Get:19 http://azure.archive.ubuntu.com/ubuntu noble/main amd64 libegl-dev amd64 1.7.0-1build1 [18.2 kB]
2026-10-09T09:11:30.4998477Z Get:20 http://azure.archive.ubuntu.com/ubuntu noble/main amd64 libgles1 amd64 1.7.0-1build1 [11.6 kB]
2026-10-09T09:11:30.5349493Z Get:21 http://azure.archive.ubuntu.com/ubuntu noble/main amd64 libgles2 amd64 1.7.0-1build1 [17.1 kB]
2026-10-09T09:11:30.5710447Z Get:22 http://azure.archive.ubuntu.com/ubuntu noble/main amd64 libgles-dev amd64 1.7.0-1build1 [50.5 kB]
2026-10-09T09:11:30.6061567Z Get:23 http://azure.archive.ubuntu.com/ubuntu noble/main amd64 libopengl0 amd64 1.7.0-1build1 [32.8 kB]
2026-10-09T09:11:30.6438841Z Get:24 http://azure.archive.ubuntu.com/ubuntu noble/main amd64 libopengl-dev amd64 1.7.0-1build1 [3454 B]
2026-10-09T09:11:30.6717108Z Get:25 http://azure.archive.ubuntu.com/ubuntu noble/main amd64 libglvnd-dev amd64 1.7.0-1build1 [3198 B]
2026-10-09T09:11:30.6997163Z Get:26 http://azure.archive.ubuntu.com/ubuntu noble-updates/main amd64 libgl1-mesa-dev amd64 25.2.8-0ubuntu0.24.04.4 [22.8 kB]
2026-10-09T09:11:30.7278875Z Get:27 http://azure.archive.ubuntu.com/ubuntu noble/main amd64 libglu1-mesa amd64 9.0.2-1.1build1 [152 kB]
2026-10-09T09:11:30.7568798Z Get:28 http://azure.archive.ubuntu.com/ubuntu noble/main amd64 libglu1-mesa-dev amd64 9.0.2-1.1build1 [237 kB]
2026-10-09T09:11:30.7932027Z Get:29 http://azure.archive.ubuntu.com/ubuntu noble/main amd64 libxext-dev amd64 2:1.3.4-1build2 [83.5 kB]
2026-10-09T09:11:30.8282553Z Get:30 http://azure.archive.ubuntu.com/ubuntu noble/main amd64 libice-dev amd64 2:1.0.10-1build3 [51.0 kB]
2026-10-09T09:11:30.8632719Z Get:31 http://azure.archive.ubuntu.com/ubuntu noble/main amd64 libsm-dev amd64 2:1.2.3-1build3 [17.8 kB]
2026-10-09T09:11:30.8981256Z Get:32 http://azure.archive.ubuntu.com/ubuntu noble/main amd64 libxt-dev amd64 1:1.2.1-1.2build1 [394 kB]
2026-10-09T09:11:30.9352395Z Get:33 http://azure.archive.ubuntu.com/ubuntu noble/universe amd64 libglut-dev amd64 3.4.0-1build1 [125 kB]
2026-10-09T09:11:30.9709368Z Get:34 http://azure.archive.ubuntu.com/ubuntu noble/universe amd64 freeglut3-dev amd64 3.4.0-1build1 [2022 B]
2026-10-09T09:11:31.0066136Z Get:35 http://azure.archive.ubuntu.com/ubuntu noble/universe amd64 gforth-common all 0.7.3+dfsg-9build4.1 [329 kB]
2026-10-09T09:11:31.0405656Z Get:36 http://azure.archive.ubuntu.com/ubuntu noble/universe amd64 gforth-lib amd64 0.7.3+dfsg-9build4.1 [150 kB]
2026-10-09T09:11:31.0710951Z Get:37 http://azure.archive.ubuntu.com/ubuntu noble/universe amd64 gforth amd64 0.7.3+dfsg-9build4.1 [139 kB]
2026-10-09T09:11:31.1012152Z Get:38 http://azure.archive.ubuntu.com/ubuntu noble/main amd64 gir1.2-freedesktop amd64 1.80.1-1 [49.7 kB]
2026-10-09T09:11:31.1723856Z Get:39 http://azure.archive.ubuntu.com/ubuntu noble-updates/main amd64 gir1.2-glib-2.0-dev amd64 2.80.0-6ubuntu3.9 [848 kB]
2026-10-09T09:11:31.2049615Z Get:40 http://azure.archive.ubuntu.com/ubuntu noble/main amd64 gir1.2-freedesktop-dev amd64 1.80.1-1 [28.8 kB]
2026-10-09T09:11:31.2328826Z Get:41 http://azure.archive.ubuntu.com/ubuntu noble/main amd64 libharfbuzz-gobject0 amd64 8.3.0-2build2 [34.3 kB]
2026-10-09T09:11:31.2611643Z Get:42 http://azure.archive.ubuntu.com/ubuntu noble/main amd64 gir1.2-harfbuzz-0.0 amd64 8.3.0-2build2 [44.5 kB]
2026-10-09T09:11:31.2892778Z Get:43 http://azure.archive.ubuntu.com/ubuntu noble/main amd64 libibus-1.0-5 amd64 1.5.29-2 [181 kB]
2026-10-09T09:11:31.3206670Z Get:44 http://azure.archive.ubuntu.com/ubuntu noble/main amd64 gir1.2-ibus-1.0 amd64 1.5.29-2 [86.3 kB]
2026-10-09T09:11:31.3559144Z Get:45 http://azure.archive.ubuntu.com/ubuntu noble/main amd64 libcapture-tiny-perl all 0.48-2 [20.2 kB]
2026-10-09T09:11:31.3859075Z Get:46 http://azure.archive.ubuntu.com/ubuntu noble/main amd64 libclass-inspector-perl all 1.36-3 [15.4 kB]
2026-10-09T09:11:31.4162844Z Get:47 http://azure.archive.ubuntu.com/ubuntu noble/main amd64 libfile-sharedir-perl all 1.118-3 [14.0 kB]
2026-10-09T09:11:31.4466379Z Get:48 http://azure.archive.ubuntu.com/ubuntu noble/main amd64 libb-hooks-op-check-perl amd64 0.22-3build1 [9518 B]
2026-10-09T09:11:31.4783595Z Get:49 http://azure.archive.ubuntu.com/ubuntu noble/main amd64 libdynaloader-functions-perl all 0.003-3 [12.1 kB]
2026-10-09T09:11:31.5090192Z Get:50 http://azure.archive.ubuntu.com/ubuntu noble/main amd64 libdevel-callchecker-perl amd64 0.008-2build3 [13.2 kB]
2026-10-09T09:11:31.5393761Z Get:51 http://azure.archive.ubuntu.com/ubuntu noble/main amd64 libparams-classify-perl amd64 0.015-2build5 [20.1 kB]
2026-10-09T09:11:31.5698089Z Get:52 http://azure.archive.ubuntu.com/ubuntu noble/main amd64 libmodule-runtime-perl all 0.016-2 [16.4 kB]
2026-10-09T09:11:31.6003827Z Get:53 http://azure.archive.ubuntu.com/ubuntu noble/main amd64 libtry-tiny-perl all 0.31-2 [20.8 kB]
2026-10-09T09:11:31.6309812Z Get:54 http://azure.archive.ubuntu.com/ubuntu noble/main amd64 libmodule-implementation-perl all 0.09-2 [12.0 kB]
2026-10-09T09:11:31.6613913Z Get:55 http://azure.archive.ubuntu.com/ubuntu noble/main amd64 libsub-exporter-progressive-perl all 0.001013-3 [6718 B]
2026-10-09T09:11:31.6915133Z Get:56 http://azure.archive.ubuntu.com/ubuntu noble/main amd64 libvariable-magic-perl amd64 0.63-1build3 [35.1 kB]
2026-10-09T09:11:31.7906194Z Get:57 http://azure.archive.ubuntu.com/ubuntu noble/main amd64 libb-hooks-endofscope-perl all 0.28-1 [15.8 kB]
2026-10-09T09:11:31.8452375Z Get:58 http://azure.archive.ubuntu.com/ubuntu noble/main amd64 libpackage-stash-perl all 0.40-1 [19.5 kB]
2026-10-09T09:11:31.8828331Z Get:59 http://azure.archive.ubuntu.com/ubuntu noble/main amd64 libsub-identify-perl amd64 0.14-3build3 [9786 B]
2026-10-09T09:11:31.9154639Z Get:60 http://azure.archive.ubuntu.com/ubuntu noble/main amd64 libsub-name-perl amd64 0.27-1build3 [10.8 kB]
2026-10-09T09:11:31.9482367Z Get:61 http://azure.archive.ubuntu.com/ubuntu noble/main amd64 libnamespace-clean-perl all 0.27-2 [14.0 kB]
2026-10-09T09:11:31.9826816Z Get:62 http://azure.archive.ubuntu.com/ubuntu noble/universe amd64 libnamespace-autoclean-perl all 0.29-2 [11.7 kB]
2026-10-09T09:11:32.0130079Z Get:63 http://azure.archive.ubuntu.com/ubuntu noble/main amd64 libparams-util-perl amd64 1.102-2build3 [21.2 kB]
2026-10-09T09:11:32.0434343Z Get:64 http://azure.archive.ubuntu.com/ubuntu noble/main amd64 libsub-install-perl all 0.929-1 [9764 B]
2026-10-09T09:11:32.0737694Z Get:65 http://azure.archive.ubuntu.com/ubuntu noble/main amd64 libdata-optlist-perl all 0.114-1 [9708 B]
2026-10-09T09:11:32.1040783Z Get:66 http://azure.archive.ubuntu.com/ubuntu noble/main amd64 libsub-exporter-perl all 0.990-1 [49.0 kB]
2026-10-09T09:11:32.1350379Z Get:67 http://azure.archive.ubuntu.com/ubuntu noble/universe amd64 libeval-closure-perl all 0.14-3 [10.1 kB]
2026-10-09T09:11:32.1696475Z Get:68 http://azure.archive.ubuntu.com/ubuntu noble/main amd64 libclass-data-inheritable-perl all 0.08-3 [8084 B]
2026-10-09T09:11:32.2040602Z Get:69 http://azure.archive.ubuntu.com/ubuntu noble/main amd64 libdevel-stacktrace-perl all 2.0500-1 [22.1 kB]
2026-10-09T09:11:32.2387050Z Get:70 http://azure.archive.ubuntu.com/ubuntu noble/main amd64 libexception-class-perl all 1.45-1 [28.6 kB]
2026-10-09T09:11:32.2735284Z Get:71 http://azure.archive.ubuntu.com/ubuntu noble/universe amd64 libparams-validationcompiler-perl all 0.31-1 [28.3 kB]
2026-10-09T09:11:32.3081194Z Get:72 http://azure.archive.ubuntu.com/ubuntu noble/universe amd64 libalgorithm-c3-perl all 0.11-2 [10.2 kB]
2026-10-09T09:11:32.3425597Z Get:73 http://azure.archive.ubuntu.com/ubuntu noble/universe amd64 libclass-c3-perl all 0.35-2 [18.4 kB]
2026-10-09T09:11:32.4190750Z Get:74 http://azure.archive.ubuntu.com/ubuntu noble/universe amd64 libmro-compat-perl all 0.15-2 [10.1 kB]
2026-10-09T09:11:32.4540157Z Get:75 http://azure.archive.ubuntu.com/ubuntu noble/main amd64 libclass-method-modifiers-perl all 2.15-1 [16.1 kB]
2026-10-09T09:11:32.4888258Z Get:76 http://azure.archive.ubuntu.com/ubuntu noble/main amd64 librole-tiny-perl all 2.002004-1 [16.3 kB]
2026-10-09T09:11:32.5236095Z Get:77 http://azure.archive.ubuntu.com/ubuntu noble/main amd64 libsub-quote-perl all 2.006008-1ubuntu1 [20.7 kB]
2026-10-09T09:11:32.5585521Z Get:78 http://azure.archive.ubuntu.com/ubuntu noble/universe amd64 libxstring-perl amd64 0.005-2build3 [7852 B]
2026-10-09T09:11:32.5933507Z Get:79 http://azure.archive.ubuntu.com/ubuntu noble/universe amd64 libspecio-perl all 0.48-1 [137 kB]
2026-10-09T09:11:32.6293484Z Get:80 http://azure.archive.ubuntu.com/ubuntu noble/universe amd64 libdatetime-locale-perl all 1:1.37-1 [2833 kB]
2026-10-09T09:11:32.6923452Z Get:81 http://azure.archive.ubuntu.com/ubuntu noble/universe amd64 libclass-singleton-perl all 1.6-2 [11.5 kB]
2026-10-09T09:11:32.7208919Z Get:82 http://azure.archive.ubuntu.com/ubuntu noble/universe amd64 libdatetime-timezone-perl all 1:2.62-1+2024a [262 kB]
2026-10-09T09:11:32.7503247Z Get:83 http://azure.archive.ubuntu.com/ubuntu noble/universe amd64 libdatetime-perl amd64 2:1.65-1build2 [95.8 kB]
2026-10-09T09:11:32.7857145Z Get:84 http://azure.archive.ubuntu.com/ubuntu noble/main amd64 libperlio-gzip-perl amd64 0.20-1build4 [14.6 kB]
2026-10-09T09:11:32.8204072Z Get:85 http://azure.archive.ubuntu.com/ubuntu noble/universe amd64 lcov all 2.0-4ubuntu2 [223 kB]
2026-10-09T09:11:32.8588253Z Get:86 http://azure.archive.ubuntu.com/ubuntu noble-updates/main amd64 libasound2-dev amd64 1.2.11-1ubuntu0.3 [115 kB]
2026-10-09T09:11:32.8946073Z Get:87 http://azure.archive.ubuntu.com/ubuntu noble/main amd64 libasyncns0 amd64 0.8-6build4 [11.3 kB]
2026-10-09T09:11:32.9294402Z Get:88 http://azure.archive.ubuntu.com/ubuntu noble/main amd64 libbrotli-dev amd64 1.1.0-2build2 [353 kB]
2026-10-09T09:11:32.9752814Z Get:89 http://azure.archive.ubuntu.com/ubuntu noble/universe amd64 libbullet3.24t64 amd64 3.24+dfsg-2.1build1 [1802 kB]
2026-10-09T09:11:33.0436126Z Get:90 http://azure.archive.ubuntu.com/ubuntu noble-updates/main amd64 libbz2-dev amd64 1.0.8-5.1ubuntu0.1 [33.6 kB]
2026-10-09T09:11:33.0781889Z Get:91 http://azure.archive.ubuntu.com/ubuntu noble/universe amd64 libclass-c3-xs-perl amd64 0.15-1build6 [16.3 kB]
2026-10-09T09:11:33.1482446Z Get:92 http://azure.archive.ubuntu.com/ubuntu noble/main amd64 libclass-xsaccessor-perl amd64 1.19-4build4 [33.1 kB]
2026-10-09T09:11:33.1762066Z Get:93 http://azure.archive.ubuntu.com/ubuntu noble-updates/main amd64 libdbus-1-dev amd64 1.14.10-4ubuntu4.1 [190 kB]
2026-10-09T09:11:33.2118812Z Get:94 http://azure.archive.ubuntu.com/ubuntu noble/main amd64 libdecor-0-0 amd64 0.2.2-1build2 [16.5 kB]
2026-10-09T09:11:33.2465562Z Get:95 http://azure.archive.ubuntu.com/ubuntu noble/main amd64 libwayland-server0 amd64 1.22.0-2.1build1 [33.9 kB]
2026-10-09T09:11:33.2812244Z Get:96 http://azure.archive.ubuntu.com/ubuntu noble/main amd64 libwayland-bin amd64 1.22.0-2.1build1 [20.6 kB]
2026-10-09T09:11:33.3158151Z Get:97 http://azure.archive.ubuntu.com/ubuntu noble/main amd64 libwayland-dev amd64 1.22.0-2.1build1 [71.3 kB]
2026-10-09T09:11:33.3509622Z Get:98 http://azure.archive.ubuntu.com/ubuntu noble/main amd64 libdecor-0-dev amd64 0.2.2-1build2 [5726 B]
2026-10-09T09:11:33.3859421Z Get:99 http://azure.archive.ubuntu.com/ubuntu noble/main amd64 libdecor-0-plugin-1-gtk amd64 0.2.2-1build2 [22.2 kB]
2026-10-09T09:11:33.4206579Z Get:100 http://azure.archive.ubuntu.com/ubuntu noble-updates/main amd64 libdeflate-dev amd64 1.19-1build1.1 [50.9 kB]
2026-10-09T09:11:33.4553130Z Get:101 http://azure.archive.ubuntu.com/ubuntu noble/universe amd64 libpadwalker-perl amd64 2.5-1build6 [15.5 kB]
2026-10-09T09:11:33.4900044Z Get:102 http://azure.archive.ubuntu.com/ubuntu noble/universe amd64 libdevel-caller-perl amd64 2.07-1build3 [9766 B]
2026-10-09T09:11:33.5193695Z Get:103 http://azure.archive.ubuntu.com/ubuntu noble/universe amd64 libdevel-lexalias-perl amd64 0.05-3build4 [8014 B]
2026-10-09T09:11:33.5476518Z Get:104 http://azure.archive.ubuntu.com/ubuntu noble-updates/main amd64 libdrm-radeon1 amd64 2.4.125-1ubuntu0.1~24.04.2 [20.8 kB]
2026-10-09T09:11:33.5756180Z Get:105 http://azure.archive.ubuntu.com/ubuntu noble-updates/main amd64 libdrm-nouveau2 amd64 2.4.125-1ubuntu0.1~24.04.2 [17.6 kB]
2026-10-09T09:11:33.6034998Z Get:106 http://azure.archive.ubuntu.com/ubuntu noble-updates/main amd64 libpciaccess-dev amd64 0.17-3ubuntu0.24.04.3 [22.0 kB]
2026-10-09T09:11:33.6315008Z Get:107 http://azure.archive.ubuntu.com/ubuntu noble-updates/main amd64 libdrm-dev amd64 2.4.125-1ubuntu0.1~24.04.2 [314 kB]
2026-10-09T09:11:33.6618839Z Get:108 http://azure.archive.ubuntu.com/ubuntu noble-updates/main amd64 libegl1-mesa-dev amd64 25.2.8-0ubuntu0.24.04.4 [26.8 kB]
2026-10-09T09:11:33.6898745Z Get:109 http://azure.archive.ubuntu.com/ubuntu noble-updates/main amd64 libevent-2.1-7t64 amd64 2.1.12-stable-9ubuntu2.2 [146 kB]
2026-10-09T09:11:33.7187137Z Get:110 http://azure.archive.ubuntu.com/ubuntu noble-updates/main amd64 libevent-extra-2.1-7t64 amd64 2.1.12-stable-9ubuntu2.2 [64.6 kB]
2026-10-09T09:11:33.7468479Z Get:111 http://azure.archive.ubuntu.com/ubuntu noble-updates/main amd64 libevent-openssl-2.1-7t64 amd64 2.1.12-stable-9ubuntu2.2 [15.8 kB]
2026-10-09T09:11:33.7750384Z Get:112 http://azure.archive.ubuntu.com/ubuntu noble-updates/main amd64 libevent-dev amd64 2.1.12-stable-9ubuntu2.2 [274 kB]
2026-10-09T09:11:33.8049579Z Get:113 http://azure.archive.ubuntu.com/ubuntu noble/main amd64 libflac12t64 amd64 1.4.3+ds-2.1ubuntu2 [197 kB]
2026-10-09T09:11:33.8340244Z Get:114 http://azure.archive.ubuntu.com/ubuntu noble/main amd64 libogg-dev amd64 1.3.5-3build1 [161 kB]
2026-10-09T09:11:33.8630983Z Get:115 http://azure.archive.ubuntu.com/ubuntu noble/main amd64 libflac-dev amd64 1.4.3+ds-2.1ubuntu2 [247 kB]
2026-10-09T09:11:33.8990621Z Get:116 http://azure.archive.ubuntu.com/ubuntu noble/main amd64 libmp3lame0 amd64 3.100-6build1 [142 kB]
2026-10-09T09:11:33.9385245Z Get:117 http://azure.archive.ubuntu.com/ubuntu noble-updates/main amd64 libmpg123-0t64 amd64 1.32.5-1ubuntu1.1 [169 kB]
2026-10-09T09:11:33.9746477Z Get:118 http://azure.archive.ubuntu.com/ubuntu noble/main amd64 libopus0 amd64 1.4-1build1 [208 kB]
2026-10-09T09:11:34.0148496Z Get:119 http://azure.archive.ubuntu.com/ubuntu noble/main amd64 libvorbisenc2 amd64 1.3.7-1build3 [80.8 kB]
2026-10-09T09:11:34.0499917Z Get:120 http://azure.archive.ubuntu.com/ubuntu noble-updates/main amd64 libsndfile1 amd64 1.2.2-1ubuntu5.24.04.1 [209 kB]
2026-10-09T09:11:34.1307708Z Get:121 http://azure.archive.ubuntu.com/ubuntu noble/universe amd64 libinstpatch-1.0-2 amd64 1.1.6-1build2 [251 kB]
2026-10-09T09:11:34.1679962Z Get:122 http://azure.archive.ubuntu.com/ubuntu noble/universe amd64 libjack0 amd64 1:0.126.0-2build3 [101 kB]
2026-10-09T09:11:34.2039303Z Get:123 http://azure.archive.ubuntu.com/ubuntu noble/main amd64 libwebrtc-audio-processing1 amd64 0.3.1-0ubuntu6 [290 kB]
2026-10-09T09:11:34.2407079Z Get:124 http://azure.archive.ubuntu.com/ubuntu noble-updates/main amd64 libspa-0.2-modules amd64 1.0.5-1ubuntu3.3 [628 kB]
2026-10-09T09:11:34.2795949Z Get:125 http://azure.archive.ubuntu.com/ubuntu noble-updates/main amd64 libpipewire-0.3-0t64 amd64 1.0.5-1ubuntu3.3 [252 kB]
2026-10-09T09:11:34.3162923Z Get:126 http://azure.archive.ubuntu.com/ubuntu noble-updates/main amd64 libpulse0 amd64 1:16.1+dfsg1-2ubuntu10.1 [292 kB]
2026-10-09T09:11:34.3531706Z Get:127 http://azure.archive.ubuntu.com/ubuntu noble/main amd64 libsamplerate0 amd64 0.2.2-4build1 [1344 kB]
2026-10-09T09:11:34.3957063Z Get:128 http://azure.archive.ubuntu.com/ubuntu noble-updates/main amd64 libsdl2-2.0-0 amd64 2.30.0+dfsg-1ubuntu3.1 [686 kB]
2026-10-09T09:11:34.4343728Z Get:129 http://azure.archive.ubuntu.com/ubuntu noble/universe amd64 timgm6mb-soundfont all 1.3-5 [5427 kB]
2026-10-09T09:11:34.5149861Z Get:130 http://azure.archive.ubuntu.com/ubuntu noble/universe amd64 libfluidsynth3 amd64 2.3.4-1build3 [249 kB]
2026-10-09T09:11:34.5510616Z Get:131 http://azure.archive.ubuntu.com/ubuntu noble-updates/main amd64 libglib2.0-dev-bin amd64 2.80.0-6ubuntu3.9 [138 kB]
2026-10-09T09:11:34.5863578Z Get:132 http://azure.archive.ubuntu.com/ubuntu noble-updates/main amd64 uuid-dev amd64 2.39.3-9ubuntu6.6 [33.5 kB]
2026-10-09T09:11:34.6210590Z Get:133 http://azure.archive.ubuntu.com/ubuntu noble-updates/main amd64 libblkid-dev amd64 2.39.3-9ubuntu6.6 [205 kB]
2026-10-09T09:11:34.6569872Z Get:134 http://azure.archive.ubuntu.com/ubuntu noble/main amd64 libsepol-dev amd64 3.5-2build1 [384 kB]
2026-10-09T09:11:34.6939597Z Get:135 http://azure.archive.ubuntu.com/ubuntu noble-updates/main amd64 libselinux1-dev amd64 3.5-2ubuntu2.1 [164 kB]
2026-10-09T09:11:34.7225526Z Get:136 http://azure.archive.ubuntu.com/ubuntu noble-updates/main amd64 libmount-dev amd64 2.39.3-9ubuntu6.6 [14.9 kB]
2026-10-09T09:11:34.7507253Z Get:137 http://azure.archive.ubuntu.com/ubuntu noble-updates/main amd64 libgirepository-2.0-0 amd64 2.80.0-6ubuntu3.9 [73.5 kB]
2026-10-09T09:11:34.7791273Z Get:138 http://azure.archive.ubuntu.com/ubuntu noble-updates/main amd64 libglib2.0-dev amd64 2.80.0-6ubuntu3.9 [1860 kB]
2026-10-09T09:11:34.8674208Z Get:139 http://azure.archive.ubuntu.com/ubuntu noble-updates/main amd64 libout123-0t64 amd64 1.32.5-1ubuntu1.1 [31.1 kB]
2026-10-09T09:11:34.9020547Z Get:140 http://azure.archive.ubuntu.com/ubuntu noble-updates/main amd64 libsyn123-0t64 amd64 1.32.5-1ubuntu1.1 [95.4 kB]
2026-10-09T09:11:34.9370771Z Get:141 http://azure.archive.ubuntu.com/ubuntu noble-updates/main amd64 libmpg123-dev amd64 1.32.5-1ubuntu1.1 [60.9 kB]
2026-10-09T09:11:34.9720297Z Get:142 http://azure.archive.ubuntu.com/ubuntu noble/main amd64 libopus-dev amd64 1.4-1build1 [267 kB]
2026-10-09T09:11:35.0086283Z Get:143 http://azure.archive.ubuntu.com/ubuntu noble/main amd64 libvorbis-dev amd64 1.3.7-1build3 [342 kB]
2026-10-09T09:11:35.0450050Z Get:144 http://azure.archive.ubuntu.com/ubuntu noble-updates/main amd64 libsndfile1-dev amd64 1.2.2-1ubuntu5.24.04.1 [287 kB]
2026-10-09T09:11:35.0812335Z Get:145 http://azure.archive.ubuntu.com/ubuntu noble/universe amd64 libinstpatch-dev amd64 1.1.6-1build2 [55.6 kB]
2026-10-09T09:11:35.1162670Z Get:146 http://azure.archive.ubuntu.com/ubuntu noble/universe amd64 libjack-dev amd64 1:0.126.0-2build3 [140 kB]
2026-10-09T09:11:35.1602167Z Get:147 http://azure.archive.ubuntu.com/ubuntu noble-updates/main amd64 libspa-0.2-dev amd64 1.0.5-1ubuntu3.3 [109 kB]
2026-10-09T09:11:35.2021357Z Get:148 http://azure.archive.ubuntu.com/ubuntu noble-updates/main amd64 libpipewire-0.3-dev amd64 1.0.5-1ubuntu3.3 [53.3 kB]
2026-10-09T09:11:35.2846394Z Get:149 http://azure.archive.ubuntu.com/ubuntu noble-updates/main amd64 libpulse-mainloop-glib0 amd64 1:16.1+dfsg1-2ubuntu10.1 [12.2 kB]
2026-10-09T09:11:35.3260050Z Get:150 http://azure.archive.ubuntu.com/ubuntu noble-updates/universe amd64 libpulse-dev amd64 1:16.1+dfsg1-2ubuntu10.1 [75.6 kB]
2026-10-09T09:11:35.4503903Z Get:151 http://azure.archive.ubuntu.com/ubuntu noble/main amd64 libreadline-dev amd64 8.2-4build1 [167 kB]
2026-10-09T09:11:35.5603432Z Get:152 http://azure.archive.ubuntu.com/ubuntu noble-updates/main amd64 libgbm-dev amd64 25.2.8-0ubuntu0.24.04.4 [12.7 kB]
2026-10-09T09:11:35.6027851Z Get:153 http://azure.archive.ubuntu.com/ubuntu noble/universe amd64 libibus-1.0-dev amd64 1.5.29-2 [187 kB]
2026-10-09T09:11:35.6707783Z Get:154 http://azure.archive.ubuntu.com/ubuntu noble/main amd64 libsamplerate0-dev amd64 0.2.2-4build1 [61.5 kB]
2026-10-09T09:11:35.7184589Z Get:155 http://azure.archive.ubuntu.com/ubuntu noble/universe amd64 libsndio7.0 amd64 1.9.0-0.3build3 [29.6 kB]
2026-10-09T09:11:35.7558763Z Get:156 http://azure.archive.ubuntu.com/ubuntu noble/universe amd64 libsndio-dev amd64 1.9.0-0.3build3 [17.7 kB]
2026-10-09T09:11:35.8385666Z Get:157 http://azure.archive.ubuntu.com/ubuntu noble-updates/main amd64 libudev-dev amd64 255.4-1ubuntu8.17 [22.0 kB]
2026-10-09T09:11:35.8807211Z Get:158 http://azure.archive.ubuntu.com/ubuntu noble/main amd64 libxrender-dev amd64 1:0.9.10-1.1build1 [26.3 kB]
2026-10-09T09:11:35.9236698Z Get:159 http://azure.archive.ubuntu.com/ubuntu noble/main amd64 libxfixes-dev amd64 1:6.0.0-2build1 [12.1 kB]
2026-10-09T09:11:35.9652158Z Get:160 http://azure.archive.ubuntu.com/ubuntu noble/main amd64 libxcursor-dev amd64 1:1.2.1-1build1 [31.8 kB]
2026-10-09T09:11:36.0083525Z Get:161 http://azure.archive.ubuntu.com/ubuntu noble/main amd64 libxi-dev amd64 2:1.8.1-1build1 [194 kB]
2026-10-09T09:11:36.0686019Z Get:162 http://azure.archive.ubuntu.com/ubuntu noble/main amd64 libxinerama-dev amd64 2:1.1.4-3build1 [7988 B]
2026-10-09T09:11:36.1106294Z Get:163 http://azure.archive.ubuntu.com/ubuntu noble/main amd64 libxkbcommon-dev amd64 1.6.0-1build1 [56.3 kB]
2026-10-09T09:11:36.1554447Z Get:164 http://azure.archive.ubuntu.com/ubuntu noble/main amd64 libxrandr-dev amd64 2:1.5.2-2build1 [26.4 kB]
2026-10-09T09:11:36.1986845Z Get:165 http://azure.archive.ubuntu.com/ubuntu noble/main amd64 libxss-dev amd64 1:1.2.3-1build3 [12.1 kB]
2026-10-09T09:11:36.2398171Z Get:166 http://azure.archive.ubuntu.com/ubuntu noble/main amd64 libxv1 amd64 2:1.0.11-1.1build1 [10.7 kB]
2026-10-09T09:11:36.2815440Z Get:167 http://azure.archive.ubuntu.com/ubuntu noble/main amd64 libxv-dev amd64 2:1.0.11-1.1build1 [33.3 kB]
2026-10-09T09:11:36.3245281Z Get:168 http://azure.archive.ubuntu.com/ubuntu noble/main amd64 libxxf86vm-dev amd64 1:1.1.4-1build4 [13.8 kB]
2026-10-09T09:11:36.3599994Z Get:169 http://azure.archive.ubuntu.com/ubuntu noble-updates/universe amd64 libsdl2-dev amd64 2.30.0+dfsg-1ubuntu3.1 [1141 kB]
2026-10-09T09:11:36.4018681Z Get:170 http://azure.archive.ubuntu.com/ubuntu noble-updates/main amd64 libsystemd-dev amd64 255.4-1ubuntu8.17 [1239 kB]
2026-10-09T09:11:36.4452620Z Get:171 http://azure.archive.ubuntu.com/ubuntu noble/universe amd64 libfluidsynth-dev amd64 2.3.4-1build3 [39.4 kB]
2026-10-09T09:11:36.4806840Z Get:172 http://azure.archive.ubuntu.com/ubuntu noble-updates/main amd64 libfreetype6 amd64 2.13.2+dfsg-1ubuntu0.2 [403 kB]
2026-10-09T09:11:36.5182955Z Get:173 http://azure.archive.ubuntu.com/ubuntu noble-updates/main amd64 libpng-dev amd64 1.6.43-5ubuntu0.7 [265 kB]
2026-10-09T09:11:36.5550697Z Get:174 http://azure.archive.ubuntu.com/ubuntu noble-updates/main amd64 libfreetype-dev amd64 2.13.2+dfsg-1ubuntu0.2 [574 kB]
2026-10-09T09:11:36.5936135Z Get:175 http://azure.archive.ubuntu.com/ubuntu noble/universe amd64 libglew2.2 amd64 2.2.0-4build1 [187 kB]
2026-10-09T09:11:36.6716666Z Get:176 http://azure.archive.ubuntu.com/ubuntu noble/universe amd64 libglew-dev amd64 2.2.0-4build1 [280 kB]
2026-10-09T09:11:36.7080712Z Get:177 http://azure.archive.ubuntu.com/ubuntu noble/universe amd64 libglfw3 amd64 3.3.10-1build1 [80.5 kB]
2026-10-09T09:11:36.7432626Z Get:178 http://azure.archive.ubuntu.com/ubuntu noble/universe amd64 libglfw3-dev amd64 3.3.10-1build1 [41.5 kB]
2026-10-09T09:11:36.7782487Z Get:179 http://azure.archive.ubuntu.com/ubuntu noble-updates/main amd64 libgraphite2-dev amd64 1.3.14-2ubuntu0.24.04.1 [14.7 kB]
2026-10-09T09:11:36.8130825Z Get:180 http://azure.archive.ubuntu.com/ubuntu noble/main amd64 libharfbuzz-cairo0 amd64 8.3.0-2build2 [26.2 kB]
2026-10-09T09:11:36.8478147Z Get:181 http://azure.archive.ubuntu.com/ubuntu noble/main amd64 libharfbuzz-icu0 amd64 8.3.0-2build2 [13.3 kB]
2026-10-09T09:11:36.8835562Z Get:182 http://azure.archive.ubuntu.com/ubuntu noble/main amd64 libharfbuzz-subset0 amd64 8.3.0-2build2 [448 kB]
2026-10-09T09:11:36.9275526Z Get:183 http://azure.archive.ubuntu.com/ubuntu noble/main amd64 libharfbuzz-dev amd64 8.3.0-2build2 [142 kB]
2026-10-09T09:11:36.9698294Z Get:184 http://azure.archive.ubuntu.com/ubuntu noble/main amd64 libjpeg-turbo8-dev amd64 2.1.5-2ubuntu2 [295 kB]
2026-10-09T09:11:37.0131567Z Get:185 http://azure.archive.ubuntu.com/ubuntu noble/main amd64 libjpeg8-dev amd64 8c-2ubuntu11 [1484 B]
2026-10-09T09:11:37.0545615Z Get:186 http://azure.archive.ubuntu.com/ubuntu noble/main amd64 libjpeg-dev amd64 8c-2ubuntu11 [1482 B]
2026-10-09T09:11:37.0959243Z Get:187 http://azure.archive.ubuntu.com/ubuntu noble/main amd64 liblerc-dev amd64 4.0.0+ds-4ubuntu2 [182 kB]
2026-10-09T09:11:37.1384156Z Get:188 http://azure.archive.ubuntu.com/ubuntu noble/universe amd64 libmodplug1 amd64 1:0.8.9.0-3build1 [166 kB]
2026-10-09T09:11:37.1740073Z Get:189 http://azure.archive.ubuntu.com/ubuntu noble/universe amd64 libmodplug-dev amd64 1:0.8.9.0-3build1 [14.9 kB]
2026-10-09T09:11:37.2086395Z Get:190 http://azure.archive.ubuntu.com/ubuntu noble/universe amd64 libopusfile0 amd64 0.12-4build3 [44.7 kB]
2026-10-09T09:11:37.2432937Z Get:191 http://azure.archive.ubuntu.com/ubuntu noble/universe amd64 libopusfile-dev amd64 0.12-4build3 [63.1 kB]
2026-10-09T09:11:37.2783660Z Get:192 http://azure.archive.ubuntu.com/ubuntu noble/main amd64 libpackage-stash-xs-perl amd64 0.30-1build4 [18.7 kB]
2026-10-09T09:11:37.3129748Z Get:193 http://azure.archive.ubuntu.com/ubuntu noble-updates/main amd64 libpipewire-0.3-common all 1.0.5-1ubuntu3.3 [19.5 kB]
2026-10-09T09:11:37.3921655Z Get:194 http://azure.archive.ubuntu.com/ubuntu noble-updates/main amd64 libpng-tools amd64 1.6.43-5ubuntu0.7 [28.5 kB]
2026-10-09T09:11:37.4274276Z Get:195 http://azure.archive.ubuntu.com/ubuntu noble/universe amd64 libreadonly-perl all 2.050-3 [19.9 kB]
2026-10-09T09:11:37.4625697Z Get:196 http://azure.archive.ubuntu.com/ubuntu noble/universe amd64 libref-util-perl all 0.204-2 [15.1 kB]
2026-10-09T09:11:37.5040561Z Get:197 http://azure.archive.ubuntu.com/ubuntu noble/universe amd64 libref-util-xs-perl amd64 0.117-2build4 [12.6 kB]
2026-10-09T09:11:37.5495821Z Get:198 http://azure.archive.ubuntu.com/ubuntu noble/universe amd64 libsdl2-image-2.0-0 amd64 2.8.2+dfsg-1build2 [65.1 kB]
2026-10-09T09:11:37.5914657Z Get:199 http://azure.archive.ubuntu.com/ubuntu noble/main amd64 libjbig-dev amd64 2.1-6.1ubuntu2 [27.9 kB]
2026-10-09T09:11:37.6262821Z Get:200 http://azure.archive.ubuntu.com/ubuntu noble-updates/main amd64 liblzma-dev amd64 5.6.1+really5.4.5-1ubuntu0.3 [176 kB]
2026-10-09T09:11:37.6618532Z Get:201 http://azure.archive.ubuntu.com/ubuntu noble/main amd64 libwebpdecoder3 amd64 1.3.2-0.4build3 [114 kB]
2026-10-09T09:11:37.6971700Z Get:202 http://azure.archive.ubuntu.com/ubuntu noble/main amd64 libsharpyuv-dev amd64 1.3.2-0.4build3 [16.0 kB]
2026-10-09T09:11:37.7318387Z Get:203 http://azure.archive.ubuntu.com/ubuntu noble/main amd64 libwebp-dev amd64 1.3.2-0.4build3 [367 kB]
2026-10-09T09:11:37.7766764Z Get:204 http://azure.archive.ubuntu.com/ubuntu noble-updates/main amd64 libtiffxx6 amd64 4.5.1+git230720-4ubuntu2.5 [5642 B]
2026-10-09T09:11:37.8176994Z Get:205 http://azure.archive.ubuntu.com/ubuntu noble-updates/main amd64 libtiff-dev amd64 4.5.1+git230720-4ubuntu2.5 [338 kB]
2026-10-09T09:11:37.8620130Z Get:206 http://azure.archive.ubuntu.com/ubuntu noble/universe amd64 libsdl2-image-dev amd64 2.8.2+dfsg-1build2 [77.1 kB]
2026-10-09T09:11:37.9036297Z Get:207 http://azure.archive.ubuntu.com/ubuntu noble/universe amd64 libsdl2-mixer-2.0-0 amd64 2.8.0+dfsg-1build3 [81.8 kB]
2026-10-09T09:11:37.9458852Z Get:208 http://azure.archive.ubuntu.com/ubuntu noble/universe amd64 libsdl2-mixer-dev amd64 2.8.0+dfsg-1build3 [116 kB]
2026-10-09T09:11:37.9880960Z Get:209 http://azure.archive.ubuntu.com/ubuntu noble/universe amd64 libsdl2-ttf-2.0-0 amd64 2.22.0+dfsg-1 [35.7 kB]
2026-10-09T09:11:38.0163928Z Get:210 http://azure.archive.ubuntu.com/ubuntu noble/universe amd64 libsdl2-ttf-dev amd64 2.22.0+dfsg-1 [45.8 kB]
2026-10-09T09:11:38.0455900Z Get:211 http://azure.archive.ubuntu.com/ubuntu noble/universe amd64 libutf8proc3 amd64 2.9.0-1build1 [70.6 kB]
2026-10-09T09:11:38.0749221Z Get:212 http://azure.archive.ubuntu.com/ubuntu noble/universe amd64 libutf8proc-dev amd64 2.9.0-1build1 [74.1 kB]
2026-10-09T09:11:38.1039330Z Get:213 http://azure.archive.ubuntu.com/ubuntu noble/main amd64 libuv1-dev amd64 1.48.0-1.1build1 [136 kB]
2026-10-09T09:11:38.1357827Z Get:214 http://azure.archive.ubuntu.com/ubuntu noble/main amd64 libvulkan-dev amd64 1.3.275.0-1build1 [1239 kB]
2026-10-09T09:11:38.2339249Z Get:215 http://azure.archive.ubuntu.com/ubuntu noble/universe amd64 libbullet-dev amd64 3.24+dfsg-2.1build1 [397 kB]
2026-10-09T09:11:38.4196903Z Get:216 http://azure.archive.ubuntu.com/ubuntu noble-updates/main amd64 libgd-perl amd64 2.78-1ubuntu0.24.04.1 [129 kB]
2026-10-09T09:11:38.8482110Z Fetched 39.1 MB in 9s (4481 kB/s)
2026-10-09T09:11:40.0350713Z (Reading database ... 203191 files and directories currently installed.)
2026-10-09T09:11:40.0391366Z Preparing to unpack .../000-libpng16-16t64_1.6.43-5ubuntu0.7_amd64.deb ...
2026-10-09T09:11:40.0442264Z Unpacking libpng16-16t64:amd64 (1.6.43-5ubuntu0.7) over (1.6.43-5ubuntu0.6) ...
2026-10-09T09:11:40.0859798Z Selecting previously unselected package build-essential.
2026-10-09T09:11:40.0986019Z Preparing to unpack .../001-build-essential_12.10ubuntu1_amd64.deb ...
2026-10-09T09:11:40.0993146Z Unpacking build-essential (12.10ubuntu1) ...
2026-10-09T09:11:40.1178484Z Selecting previously unselected package bzip2-doc.
2026-10-09T09:11:40.1300848Z Preparing to unpack .../002-bzip2-doc_1.0.8-5.1ubuntu0.1_all.deb ...
2026-10-09T09:11:40.1308545Z Unpacking bzip2-doc (1.0.8-5.1ubuntu0.1) ...
2026-10-09T09:11:40.1541673Z Selecting previously unselected package libglut3.12:amd64.
2026-10-09T09:11:40.1660629Z Preparing to unpack .../003-libglut3.12_3.4.0-1build1_amd64.deb ...
2026-10-09T09:11:40.1667694Z Unpacking libglut3.12:amd64 (3.4.0-1build1) ...
2026-10-09T09:11:40.1865042Z Selecting previously unselected package xorg-sgml-doctools.
2026-10-09T09:11:40.1985588Z Preparing to unpack .../004-xorg-sgml-doctools_1%3a1.11-1.1_all.deb ...
2026-10-09T09:11:40.1992051Z Unpacking xorg-sgml-doctools (1:1.11-1.1) ...
2026-10-09T09:11:40.2227626Z Selecting previously unselected package x11proto-dev.
2026-10-09T09:11:40.2348257Z Preparing to unpack .../005-x11proto-dev_2023.2-1_all.deb ...
2026-10-09T09:11:40.2358157Z Unpacking x11proto-dev (2023.2-1) ...
2026-10-09T09:11:40.2856270Z Selecting previously unselected package libxau-dev:amd64.
2026-10-09T09:11:40.2976998Z Preparing to unpack .../006-libxau-dev_1%3a1.0.9-1build6_amd64.deb ...
2026-10-09T09:11:40.2984386Z Unpacking libxau-dev:amd64 (1:1.0.9-1build6) ...
2026-10-09T09:11:40.3269960Z Selecting previously unselected package libxdmcp-dev:amd64.
2026-10-09T09:11:40.3389505Z Preparing to unpack .../007-libxdmcp-dev_1%3a1.1.3-0ubuntu6_amd64.deb ...
2026-10-09T09:11:40.3396219Z Unpacking libxdmcp-dev:amd64 (1:1.1.3-0ubuntu6) ...
2026-10-09T09:11:40.3578007Z Selecting previously unselected package xtrans-dev.
2026-10-09T09:11:40.3696678Z Preparing to unpack .../008-xtrans-dev_1.4.0-1_all.deb ...
2026-10-09T09:11:40.3703211Z Unpacking xtrans-dev (1.4.0-1) ...
2026-10-09T09:11:40.3929521Z Selecting previously unselected package libpthread-stubs0-dev:amd64.
2026-10-09T09:11:40.4049031Z Preparing to unpack .../009-libpthread-stubs0-dev_0.4-1build3_amd64.deb ...
2026-10-09T09:11:40.4055969Z Unpacking libpthread-stubs0-dev:amd64 (0.4-1build3) ...
2026-10-09T09:11:40.4230454Z Selecting previously unselected package libxcb1-dev:amd64.
2026-10-09T09:11:40.4350396Z Preparing to unpack .../010-libxcb1-dev_1.15-1ubuntu2_amd64.deb ...
2026-10-09T09:11:40.4357678Z Unpacking libxcb1-dev:amd64 (1.15-1ubuntu2) ...
2026-10-09T09:11:40.4566434Z Selecting previously unselected package libx11-dev:amd64.
2026-10-09T09:11:40.4686131Z Preparing to unpack .../011-libx11-dev_2%3a1.8.7-1build1_amd64.deb ...
2026-10-09T09:11:40.4692965Z Unpacking libx11-dev:amd64 (2:1.8.7-1build1) ...
2026-10-09T09:11:40.4977352Z Selecting previously unselected package libglx-dev:amd64.
2026-10-09T09:11:40.5098384Z Preparing to unpack .../012-libglx-dev_1.7.0-1build1_amd64.deb ...
2026-10-09T09:11:40.5104650Z Unpacking libglx-dev:amd64 (1.7.0-1build1) ...
2026-10-09T09:11:40.5297153Z Selecting previously unselected package libgl-dev:amd64.
2026-10-09T09:11:40.5418366Z Preparing to unpack .../013-libgl-dev_1.7.0-1build1_amd64.deb ...
2026-10-09T09:11:40.5425871Z Unpacking libgl-dev:amd64 (1.7.0-1build1) ...
2026-10-09T09:11:40.5653633Z Selecting previously unselected package libglvnd-core-dev:amd64.
2026-10-09T09:11:40.5775480Z Preparing to unpack .../014-libglvnd-core-dev_1.7.0-1build1_amd64.deb ...
2026-10-09T09:11:40.5782286Z Unpacking libglvnd-core-dev:amd64 (1.7.0-1build1) ...
2026-10-09T09:11:40.5982426Z Selecting previously unselected package libegl-mesa0:amd64.
2026-10-09T09:11:40.6102187Z Preparing to unpack .../015-libegl-mesa0_25.2.8-0ubuntu0.24.04.4_amd64.deb ...
2026-10-09T09:11:40.6112920Z Unpacking libegl-mesa0:amd64 (25.2.8-0ubuntu0.24.04.4) ...
2026-10-09T09:11:40.6328276Z Selecting previously unselected package libegl1:amd64.
2026-10-09T09:11:40.6450930Z Preparing to unpack .../016-libegl1_1.7.0-1build1_amd64.deb ...
2026-10-09T09:11:40.6459862Z Unpacking libegl1:amd64 (1.7.0-1build1) ...
2026-10-09T09:11:40.6652724Z Selecting previously unselected package libegl-dev:amd64.
2026-10-09T09:11:40.6772469Z Preparing to unpack .../017-libegl-dev_1.7.0-1build1_amd64.deb ...
2026-10-09T09:11:40.6779101Z Unpacking libegl-dev:amd64 (1.7.0-1build1) ...
2026-10-09T09:11:40.6981311Z Selecting previously unselected package libgles1:amd64.
2026-10-09T09:11:40.7103659Z Preparing to unpack .../018-libgles1_1.7.0-1build1_amd64.deb ...
2026-10-09T09:11:40.7109993Z Unpacking libgles1:amd64 (1.7.0-1build1) ...
2026-10-09T09:11:40.7313491Z Selecting previously unselected package libgles2:amd64.
2026-10-09T09:11:40.7432455Z Preparing to unpack .../019-libgles2_1.7.0-1build1_amd64.deb ...
2026-10-09T09:11:40.7439373Z Unpacking libgles2:amd64 (1.7.0-1build1) ...
2026-10-09T09:11:40.7649353Z Selecting previously unselected package libgles-dev:amd64.
2026-10-09T09:11:40.7769280Z Preparing to unpack .../020-libgles-dev_1.7.0-1build1_amd64.deb ...
2026-10-09T09:11:40.7776611Z Unpacking libgles-dev:amd64 (1.7.0-1build1) ...
2026-10-09T09:11:40.8026644Z Selecting previously unselected package libopengl0:amd64.
2026-10-09T09:11:40.8146128Z Preparing to unpack .../021-libopengl0_1.7.0-1build1_amd64.deb ...
2026-10-09T09:11:40.8155163Z Unpacking libopengl0:amd64 (1.7.0-1build1) ...
2026-10-09T09:11:40.8349363Z Selecting previously unselected package libopengl-dev:amd64.
2026-10-09T09:11:40.8467910Z Preparing to unpack .../022-libopengl-dev_1.7.0-1build1_amd64.deb ...
2026-10-09T09:11:40.8473998Z Unpacking libopengl-dev:amd64 (1.7.0-1build1) ...
2026-10-09T09:11:40.8658940Z Selecting previously unselected package libglvnd-dev:amd64.
2026-10-09T09:11:40.8787362Z Preparing to unpack .../023-libglvnd-dev_1.7.0-1build1_amd64.deb ...
2026-10-09T09:11:40.8794358Z Unpacking libglvnd-dev:amd64 (1.7.0-1build1) ...
2026-10-09T09:11:40.8984045Z Selecting previously unselected package libgl1-mesa-dev:amd64.
2026-10-09T09:11:40.9105064Z Preparing to unpack .../024-libgl1-mesa-dev_25.2.8-0ubuntu0.24.04.4_amd64.deb ...
2026-10-09T09:11:40.9112554Z Unpacking libgl1-mesa-dev:amd64 (25.2.8-0ubuntu0.24.04.4) ...
2026-10-09T09:11:40.9300898Z Selecting previously unselected package libglu1-mesa:amd64.
2026-10-09T09:11:40.9422797Z Preparing to unpack .../025-libglu1-mesa_9.0.2-1.1build1_amd64.deb ...
2026-10-09T09:11:40.9429577Z Unpacking libglu1-mesa:amd64 (9.0.2-1.1build1) ...
2026-10-09T09:11:40.9629393Z Selecting previously unselected package libglu1-mesa-dev:amd64.
2026-10-09T09:11:40.9752850Z Preparing to unpack .../026-libglu1-mesa-dev_9.0.2-1.1build1_amd64.deb ...
2026-10-09T09:11:40.9759626Z Unpacking libglu1-mesa-dev:amd64 (9.0.2-1.1build1) ...
2026-10-09T09:11:40.9983182Z Selecting previously unselected package libxext-dev:amd64.
2026-10-09T09:11:41.0105117Z Preparing to unpack .../027-libxext-dev_2%3a1.3.4-1build2_amd64.deb ...
2026-10-09T09:11:41.0112810Z Unpacking libxext-dev:amd64 (2:1.3.4-1build2) ...
2026-10-09T09:11:41.0395386Z Selecting previously unselected package libice-dev:amd64.
2026-10-09T09:11:41.0516274Z Preparing to unpack .../028-libice-dev_2%3a1.0.10-1build3_amd64.deb ...
2026-10-09T09:11:41.0522998Z Unpacking libice-dev:amd64 (2:1.0.10-1build3) ...
2026-10-09T09:11:41.0732592Z Selecting previously unselected package libsm-dev:amd64.
2026-10-09T09:11:41.0857284Z Preparing to unpack .../029-libsm-dev_2%3a1.2.3-1build3_amd64.deb ...
2026-10-09T09:11:41.0863746Z Unpacking libsm-dev:amd64 (2:1.2.3-1build3) ...
2026-10-09T09:11:41.1053918Z Selecting previously unselected package libxt-dev:amd64.
2026-10-09T09:11:41.1180597Z Preparing to unpack .../030-libxt-dev_1%3a1.2.1-1.2build1_amd64.deb ...
2026-10-09T09:11:41.1186816Z Unpacking libxt-dev:amd64 (1:1.2.1-1.2build1) ...
2026-10-09T09:11:41.1734248Z Selecting previously unselected package libglut-dev:amd64.
2026-10-09T09:11:41.1861212Z Preparing to unpack .../031-libglut-dev_3.4.0-1build1_amd64.deb ...
2026-10-09T09:11:41.1867109Z Unpacking libglut-dev:amd64 (3.4.0-1build1) ...
2026-10-09T09:11:41.2091547Z Selecting previously unselected package freeglut3-dev:amd64.
2026-10-09T09:11:41.2215993Z Preparing to unpack .../032-freeglut3-dev_3.4.0-1build1_amd64.deb ...
2026-10-09T09:11:41.2222521Z Unpacking freeglut3-dev:amd64 (3.4.0-1build1) ...
2026-10-09T09:11:41.2399742Z Selecting previously unselected package gforth-common.
2026-10-09T09:11:41.2524490Z Preparing to unpack .../033-gforth-common_0.7.3+dfsg-9build4.1_all.deb ...
2026-10-09T09:11:41.2531320Z Unpacking gforth-common (0.7.3+dfsg-9build4.1) ...
2026-10-09T09:11:41.3050487Z Selecting previously unselected package gforth-lib:amd64.
2026-10-09T09:11:41.3179742Z Preparing to unpack .../034-gforth-lib_0.7.3+dfsg-9build4.1_amd64.deb ...
2026-10-09T09:11:41.3187925Z Unpacking gforth-lib:amd64 (0.7.3+dfsg-9build4.1) ...
2026-10-09T09:11:41.3423934Z Selecting previously unselected package gforth.
2026-10-09T09:11:41.3548930Z Preparing to unpack .../035-gforth_0.7.3+dfsg-9build4.1_amd64.deb ...
2026-10-09T09:11:41.4248138Z Unpacking gforth (0.7.3+dfsg-9build4.1) ...
2026-10-09T09:11:41.4694316Z Selecting previously unselected package gir1.2-freedesktop:amd64.
2026-10-09T09:11:41.4824348Z Preparing to unpack .../036-gir1.2-freedesktop_1.80.1-1_amd64.deb ...
2026-10-09T09:11:41.4830998Z Unpacking gir1.2-freedesktop:amd64 (1.80.1-1) ...
2026-10-09T09:11:41.5036565Z Selecting previously unselected package gir1.2-glib-2.0-dev:amd64.
2026-10-09T09:11:41.5166031Z Preparing to unpack .../037-gir1.2-glib-2.0-dev_2.80.0-6ubuntu3.9_amd64.deb ...
2026-10-09T09:11:41.5172813Z Unpacking gir1.2-glib-2.0-dev:amd64 (2.80.0-6ubuntu3.9) ...
2026-10-09T09:11:41.5666971Z Selecting previously unselected package gir1.2-freedesktop-dev:amd64.
2026-10-09T09:11:41.5797988Z Preparing to unpack .../038-gir1.2-freedesktop-dev_1.80.1-1_amd64.deb ...
2026-10-09T09:11:41.5804900Z Unpacking gir1.2-freedesktop-dev:amd64 (1.80.1-1) ...
2026-10-09T09:11:41.6020687Z Selecting previously unselected package libharfbuzz-gobject0:amd64.
2026-10-09T09:11:41.6147979Z Preparing to unpack .../039-libharfbuzz-gobject0_8.3.0-2build2_amd64.deb ...
2026-10-09T09:11:41.6155468Z Unpacking libharfbuzz-gobject0:amd64 (8.3.0-2build2) ...
2026-10-09T09:11:41.6359019Z Selecting previously unselected package gir1.2-harfbuzz-0.0:amd64.
2026-10-09T09:11:41.6488676Z Preparing to unpack .../040-gir1.2-harfbuzz-0.0_8.3.0-2build2_amd64.deb ...
2026-10-09T09:11:41.6496667Z Unpacking gir1.2-harfbuzz-0.0:amd64 (8.3.0-2build2) ...
2026-10-09T09:11:41.6699788Z Selecting previously unselected package libibus-1.0-5:amd64.
2026-10-09T09:11:41.6842043Z Preparing to unpack .../041-libibus-1.0-5_1.5.29-2_amd64.deb ...
2026-10-09T09:11:41.6849995Z Unpacking libibus-1.0-5:amd64 (1.5.29-2) ...
2026-10-09T09:11:41.7065282Z Selecting previously unselected package gir1.2-ibus-1.0:amd64.
2026-10-09T09:11:41.7190776Z Preparing to unpack .../042-gir1.2-ibus-1.0_1.5.29-2_amd64.deb ...
2026-10-09T09:11:41.7198261Z Unpacking gir1.2-ibus-1.0:amd64 (1.5.29-2) ...
2026-10-09T09:11:41.7397170Z Selecting previously unselected package libcapture-tiny-perl.
2026-10-09T09:11:41.7522217Z Preparing to unpack .../043-libcapture-tiny-perl_0.48-2_all.deb ...
2026-10-09T09:11:41.7529276Z Unpacking libcapture-tiny-perl (0.48-2) ...
2026-10-09T09:11:41.7717244Z Selecting previously unselected package libclass-inspector-perl.
2026-10-09T09:11:41.7838393Z Preparing to unpack .../044-libclass-inspector-perl_1.36-3_all.deb ...
2026-10-09T09:11:41.7846103Z Unpacking libclass-inspector-perl (1.36-3) ...
2026-10-09T09:11:41.8033002Z Selecting previously unselected package libfile-sharedir-perl.
2026-10-09T09:11:41.8155085Z Preparing to unpack .../045-libfile-sharedir-perl_1.118-3_all.deb ...
2026-10-09T09:11:41.8161374Z Unpacking libfile-sharedir-perl (1.118-3) ...
2026-10-09T09:11:41.8355303Z Selecting previously unselected package libb-hooks-op-check-perl:amd64.
2026-10-09T09:11:41.8474625Z Preparing to unpack .../046-libb-hooks-op-check-perl_0.22-3build1_amd64.deb ...
2026-10-09T09:11:41.8481357Z Unpacking libb-hooks-op-check-perl:amd64 (0.22-3build1) ...
2026-10-09T09:11:41.8690874Z Selecting previously unselected package libdynaloader-functions-perl.
2026-10-09T09:11:41.8808014Z Preparing to unpack .../047-libdynaloader-functions-perl_0.003-3_all.deb ...
2026-10-09T09:11:41.8814789Z Unpacking libdynaloader-functions-perl (0.003-3) ...
2026-10-09T09:11:41.8996329Z Selecting previously unselected package libdevel-callchecker-perl:amd64.
2026-10-09T09:11:41.9115229Z Preparing to unpack .../048-libdevel-callchecker-perl_0.008-2build3_amd64.deb ...
2026-10-09T09:11:41.9121315Z Unpacking libdevel-callchecker-perl:amd64 (0.008-2build3) ...
2026-10-09T09:11:41.9310142Z Selecting previously unselected package libparams-classify-perl:amd64.
2026-10-09T09:11:41.9429171Z Preparing to unpack .../049-libparams-classify-perl_0.015-2build5_amd64.deb ...
2026-10-09T09:11:41.9436693Z Unpacking libparams-classify-perl:amd64 (0.015-2build5) ...
2026-10-09T09:11:41.9622864Z Selecting previously unselected package libmodule-runtime-perl.
2026-10-09T09:11:41.9739782Z Preparing to unpack .../050-libmodule-runtime-perl_0.016-2_all.deb ...
2026-10-09T09:11:41.9746249Z Unpacking libmodule-runtime-perl (0.016-2) ...
2026-10-09T09:11:41.9934867Z Selecting previously unselected package libtry-tiny-perl.
2026-10-09T09:11:42.0052826Z Preparing to unpack .../051-libtry-tiny-perl_0.31-2_all.deb ...
2026-10-09T09:11:42.0058914Z Unpacking libtry-tiny-perl (0.31-2) ...
2026-10-09T09:11:42.0249539Z Selecting previously unselected package libmodule-implementation-perl.
2026-10-09T09:11:42.0368643Z Preparing to unpack .../052-libmodule-implementation-perl_0.09-2_all.deb ...
2026-10-09T09:11:42.0375426Z Unpacking libmodule-implementation-perl (0.09-2) ...
2026-10-09T09:11:42.0557524Z Selecting previously unselected package libsub-exporter-progressive-perl.
2026-10-09T09:11:42.0682225Z Preparing to unpack .../053-libsub-exporter-progressive-perl_0.001013-3_all.deb ...
2026-10-09T09:11:42.0689457Z Unpacking libsub-exporter-progressive-perl (0.001013-3) ...
2026-10-09T09:11:42.0888386Z Selecting previously unselected package libvariable-magic-perl.
2026-10-09T09:11:42.1010811Z Preparing to unpack .../054-libvariable-magic-perl_0.63-1build3_amd64.deb ...
2026-10-09T09:11:42.1017937Z Unpacking libvariable-magic-perl (0.63-1build3) ...
2026-10-09T09:11:42.1219894Z Selecting previously unselected package libb-hooks-endofscope-perl.
2026-10-09T09:11:42.1342006Z Preparing to unpack .../055-libb-hooks-endofscope-perl_0.28-1_all.deb ...
2026-10-09T09:11:42.1349222Z Unpacking libb-hooks-endofscope-perl (0.28-1) ...
2026-10-09T09:11:42.1546980Z Selecting previously unselected package libpackage-stash-perl.
2026-10-09T09:11:42.1672245Z Preparing to unpack .../056-libpackage-stash-perl_0.40-1_all.deb ...
2026-10-09T09:11:42.1679322Z Unpacking libpackage-stash-perl (0.40-1) ...
2026-10-09T09:11:42.1872859Z Selecting previously unselected package libsub-identify-perl.
2026-10-09T09:11:42.1996245Z Preparing to unpack .../057-libsub-identify-perl_0.14-3build3_amd64.deb ...
2026-10-09T09:11:42.2003537Z Unpacking libsub-identify-perl (0.14-3build3) ...
2026-10-09T09:11:42.2192303Z Selecting previously unselected package libsub-name-perl:amd64.
2026-10-09T09:11:42.2316433Z Preparing to unpack .../058-libsub-name-perl_0.27-1build3_amd64.deb ...
2026-10-09T09:11:42.2325342Z Unpacking libsub-name-perl:amd64 (0.27-1build3) ...
2026-10-09T09:11:42.2510548Z Selecting previously unselected package libnamespace-clean-perl.
2026-10-09T09:11:42.2631013Z Preparing to unpack .../059-libnamespace-clean-perl_0.27-2_all.deb ...
2026-10-09T09:11:42.2638444Z Unpacking libnamespace-clean-perl (0.27-2) ...
2026-10-09T09:11:42.2826156Z Selecting previously unselected package libnamespace-autoclean-perl.
2026-10-09T09:11:42.2945389Z Preparing to unpack .../060-libnamespace-autoclean-perl_0.29-2_all.deb ...
2026-10-09T09:11:42.2952114Z Unpacking libnamespace-autoclean-perl (0.29-2) ...
2026-10-09T09:11:42.3136562Z Selecting previously unselected package libparams-util-perl.
2026-10-09T09:11:42.3255439Z Preparing to unpack .../061-libparams-util-perl_1.102-2build3_amd64.deb ...
2026-10-09T09:11:42.3262974Z Unpacking libparams-util-perl (1.102-2build3) ...
2026-10-09T09:11:42.3456566Z Selecting previously unselected package libsub-install-perl.
2026-10-09T09:11:42.3579174Z Preparing to unpack .../062-libsub-install-perl_0.929-1_all.deb ...
2026-10-09T09:11:42.3588712Z Unpacking libsub-install-perl (0.929-1) ...
2026-10-09T09:11:42.3776498Z Selecting previously unselected package libdata-optlist-perl.
2026-10-09T09:11:42.3902209Z Preparing to unpack .../063-libdata-optlist-perl_0.114-1_all.deb ...
2026-10-09T09:11:42.3909685Z Unpacking libdata-optlist-perl (0.114-1) ...
2026-10-09T09:11:42.4092065Z Selecting previously unselected package libsub-exporter-perl.
2026-10-09T09:11:42.4217047Z Preparing to unpack .../064-libsub-exporter-perl_0.990-1_all.deb ...
2026-10-09T09:11:42.4224020Z Unpacking libsub-exporter-perl (0.990-1) ...
2026-10-09T09:11:42.4426470Z Selecting previously unselected package libeval-closure-perl.
2026-10-09T09:11:42.4548904Z Preparing to unpack .../065-libeval-closure-perl_0.14-3_all.deb ...
2026-10-09T09:11:42.4555791Z Unpacking libeval-closure-perl (0.14-3) ...
2026-10-09T09:11:42.4736776Z Selecting previously unselected package libclass-data-inheritable-perl.
2026-10-09T09:11:42.4859458Z Preparing to unpack .../066-libclass-data-inheritable-perl_0.08-3_all.deb ...
2026-10-09T09:11:42.4866617Z Unpacking libclass-data-inheritable-perl (0.08-3) ...
2026-10-09T09:11:42.5054361Z Selecting previously unselected package libdevel-stacktrace-perl.
2026-10-09T09:11:42.5177058Z Preparing to unpack .../067-libdevel-stacktrace-perl_2.0500-1_all.deb ...
2026-10-09T09:11:42.5186329Z Unpacking libdevel-stacktrace-perl (2.0500-1) ...
2026-10-09T09:11:42.5376597Z Selecting previously unselected package libexception-class-perl.
2026-10-09T09:11:42.5498081Z Preparing to unpack .../068-libexception-class-perl_1.45-1_all.deb ...
2026-10-09T09:11:42.5505377Z Unpacking libexception-class-perl (1.45-1) ...
2026-10-09T09:11:42.5701241Z Selecting previously unselected package libparams-validationcompiler-perl.
2026-10-09T09:11:42.5824598Z Preparing to unpack .../069-libparams-validationcompiler-perl_0.31-1_all.deb ...
2026-10-09T09:11:42.5831591Z Unpacking libparams-validationcompiler-perl (0.31-1) ...
2026-10-09T09:11:42.6036549Z Selecting previously unselected package libalgorithm-c3-perl.
2026-10-09T09:11:42.6159200Z Preparing to unpack .../070-libalgorithm-c3-perl_0.11-2_all.deb ...
2026-10-09T09:11:42.6166422Z Unpacking libalgorithm-c3-perl (0.11-2) ...
2026-10-09T09:11:42.6467677Z Selecting previously unselected package libclass-c3-perl.
2026-10-09T09:11:42.6590919Z Preparing to unpack .../071-libclass-c3-perl_0.35-2_all.deb ...
2026-10-09T09:11:42.6599715Z Unpacking libclass-c3-perl (0.35-2) ...
2026-10-09T09:11:42.6904784Z Selecting previously unselected package libmro-compat-perl.
2026-10-09T09:11:42.7028400Z Preparing to unpack .../072-libmro-compat-perl_0.15-2_all.deb ...
2026-10-09T09:11:42.7035725Z Unpacking libmro-compat-perl (0.15-2) ...
2026-10-09T09:11:42.7222958Z Selecting previously unselected package libclass-method-modifiers-perl.
2026-10-09T09:11:42.7344240Z Preparing to unpack .../073-libclass-method-modifiers-perl_2.15-1_all.deb ...
2026-10-09T09:11:42.7351834Z Unpacking libclass-method-modifiers-perl (2.15-1) ...
2026-10-09T09:11:42.7541993Z Selecting previously unselected package librole-tiny-perl.
2026-10-09T09:11:42.7662814Z Preparing to unpack .../074-librole-tiny-perl_2.002004-1_all.deb ...
2026-10-09T09:11:42.7670376Z Unpacking librole-tiny-perl (2.002004-1) ...
2026-10-09T09:11:42.7875685Z Selecting previously unselected package libsub-quote-perl.
2026-10-09T09:11:42.7998654Z Preparing to unpack .../075-libsub-quote-perl_2.006008-1ubuntu1_all.deb ...
2026-10-09T09:11:42.8006807Z Unpacking libsub-quote-perl (2.006008-1ubuntu1) ...
2026-10-09T09:11:42.8192820Z Selecting previously unselected package libxstring-perl:amd64.
2026-10-09T09:11:42.8318797Z Preparing to unpack .../076-libxstring-perl_0.005-2build3_amd64.deb ...
2026-10-09T09:11:42.8334545Z Unpacking libxstring-perl:amd64 (0.005-2build3) ...
2026-10-09T09:11:42.8528486Z Selecting previously unselected package libspecio-perl.
2026-10-09T09:11:42.8653825Z Preparing to unpack .../077-libspecio-perl_0.48-1_all.deb ...
2026-10-09T09:11:42.8660691Z Unpacking libspecio-perl (0.48-1) ...
2026-10-09T09:11:42.8980332Z Selecting previously unselected package libdatetime-locale-perl.
2026-10-09T09:11:42.9103462Z Preparing to unpack .../078-libdatetime-locale-perl_1%3a1.37-1_all.deb ...
2026-10-09T09:11:42.9110535Z Unpacking libdatetime-locale-perl (1:1.37-1) ...
2026-10-09T09:11:43.3582032Z Selecting previously unselected package libclass-singleton-perl.
2026-10-09T09:11:43.3725354Z Preparing to unpack .../079-libclass-singleton-perl_1.6-2_all.deb ...
2026-10-09T09:11:43.3734093Z Unpacking libclass-singleton-perl (1.6-2) ...
2026-10-09T09:11:43.3926957Z Selecting previously unselected package libdatetime-timezone-perl.
2026-10-09T09:11:43.4060951Z Preparing to unpack .../080-libdatetime-timezone-perl_1%3a2.62-1+2024a_all.deb ...
2026-10-09T09:11:43.4068454Z Unpacking libdatetime-timezone-perl (1:2.62-1+2024a) ...
2026-10-09T09:11:43.5194469Z Selecting previously unselected package libdatetime-perl.
2026-10-09T09:11:43.5327563Z Preparing to unpack .../081-libdatetime-perl_2%3a1.65-1build2_amd64.deb ...
2026-10-09T09:11:43.5334647Z Unpacking libdatetime-perl (2:1.65-1build2) ...
2026-10-09T09:11:43.5563370Z Selecting previously unselected package libperlio-gzip-perl.
2026-10-09T09:11:43.5690657Z Preparing to unpack .../082-libperlio-gzip-perl_0.20-1build4_amd64.deb ...
2026-10-09T09:11:43.5698200Z Unpacking libperlio-gzip-perl (0.20-1build4) ...
2026-10-09T09:11:43.5895404Z Selecting previously unselected package lcov.
2026-10-09T09:11:43.6019728Z Preparing to unpack .../083-lcov_2.0-4ubuntu2_all.deb ...
2026-10-09T09:11:43.6026815Z Unpacking lcov (2.0-4ubuntu2) ...
2026-10-09T09:11:43.6333590Z Selecting previously unselected package libasound2-dev:amd64.
2026-10-09T09:11:43.6458433Z Preparing to unpack .../084-libasound2-dev_1.2.11-1ubuntu0.3_amd64.deb ...
2026-10-09T09:11:43.6489590Z Unpacking libasound2-dev:amd64 (1.2.11-1ubuntu0.3) ...
2026-10-09T09:11:43.6807350Z Selecting previously unselected package libasyncns0:amd64.
2026-10-09T09:11:43.6930923Z Preparing to unpack .../085-libasyncns0_0.8-6build4_amd64.deb ...
2026-10-09T09:11:43.6937852Z Unpacking libasyncns0:amd64 (0.8-6build4) ...
2026-10-09T09:11:43.7149549Z Selecting previously unselected package libbrotli-dev:amd64.
2026-10-09T09:11:43.7275595Z Preparing to unpack .../086-libbrotli-dev_1.1.0-2build2_amd64.deb ...
2026-10-09T09:11:43.7282880Z Unpacking libbrotli-dev:amd64 (1.1.0-2build2) ...
2026-10-09T09:11:43.7524179Z Selecting previously unselected package libbullet3.24t64:amd64.
2026-10-09T09:11:43.7648175Z Preparing to unpack .../087-libbullet3.24t64_3.24+dfsg-2.1build1_amd64.deb ...
2026-10-09T09:11:43.7654412Z Unpacking libbullet3.24t64:amd64 (3.24+dfsg-2.1build1) ...
2026-10-09T09:11:43.8104233Z Selecting previously unselected package libbz2-dev:amd64.
2026-10-09T09:11:43.8232492Z Preparing to unpack .../088-libbz2-dev_1.0.8-5.1ubuntu0.1_amd64.deb ...
2026-10-09T09:11:43.8239641Z Unpacking libbz2-dev:amd64 (1.0.8-5.1ubuntu0.1) ...
2026-10-09T09:11:43.8480990Z Selecting previously unselected package libclass-c3-xs-perl.
2026-10-09T09:11:43.8609343Z Preparing to unpack .../089-libclass-c3-xs-perl_0.15-1build6_amd64.deb ...
2026-10-09T09:11:43.8616968Z Unpacking libclass-c3-xs-perl (0.15-1build6) ...
2026-10-09T09:11:43.8817537Z Selecting previously unselected package libclass-xsaccessor-perl.
2026-10-09T09:11:43.8943811Z Preparing to unpack .../090-libclass-xsaccessor-perl_1.19-4build4_amd64.deb ...
2026-10-09T09:11:43.8949929Z Unpacking libclass-xsaccessor-perl (1.19-4build4) ...
2026-10-09T09:11:43.9158151Z Selecting previously unselected package libdbus-1-dev:amd64.
2026-10-09T09:11:43.9281845Z Preparing to unpack .../091-libdbus-1-dev_1.14.10-4ubuntu4.1_amd64.deb ...
2026-10-09T09:11:43.9287959Z Unpacking libdbus-1-dev:amd64 (1.14.10-4ubuntu4.1) ...
2026-10-09T09:11:43.9570882Z Selecting previously unselected package libdecor-0-0:amd64.
2026-10-09T09:11:43.9695076Z Preparing to unpack .../092-libdecor-0-0_0.2.2-1build2_amd64.deb ...
2026-10-09T09:11:43.9702399Z Unpacking libdecor-0-0:amd64 (0.2.2-1build2) ...
2026-10-09T09:11:43.9902386Z Selecting previously unselected package libwayland-server0:amd64.
2026-10-09T09:11:44.0026135Z Preparing to unpack .../093-libwayland-server0_1.22.0-2.1build1_amd64.deb ...
2026-10-09T09:11:44.0033256Z Unpacking libwayland-server0:amd64 (1.22.0-2.1build1) ...
2026-10-09T09:11:44.0231381Z Selecting previously unselected package libwayland-bin.
2026-10-09T09:11:44.0353825Z Preparing to unpack .../094-libwayland-bin_1.22.0-2.1build1_amd64.deb ...
2026-10-09T09:11:44.0361056Z Unpacking libwayland-bin (1.22.0-2.1build1) ...
2026-10-09T09:11:44.0552760Z Selecting previously unselected package libwayland-dev:amd64.
2026-10-09T09:11:44.0680334Z Preparing to unpack .../095-libwayland-dev_1.22.0-2.1build1_amd64.deb ...
2026-10-09T09:11:44.0693266Z Unpacking libwayland-dev:amd64 (1.22.0-2.1build1) ...
2026-10-09T09:11:44.0935930Z Selecting previously unselected package libdecor-0-dev:amd64.
2026-10-09T09:11:44.1060758Z Preparing to unpack .../096-libdecor-0-dev_0.2.2-1build2_amd64.deb ...
2026-10-09T09:11:44.1067726Z Unpacking libdecor-0-dev:amd64 (0.2.2-1build2) ...
2026-10-09T09:11:44.1262705Z Selecting previously unselected package libdecor-0-plugin-1-gtk:amd64.
2026-10-09T09:11:44.1389091Z Preparing to unpack .../097-libdecor-0-plugin-1-gtk_0.2.2-1build2_amd64.deb ...
2026-10-09T09:11:44.1396418Z Unpacking libdecor-0-plugin-1-gtk:amd64 (0.2.2-1build2) ...
2026-10-09T09:11:44.1590935Z Selecting previously unselected package libdeflate-dev:amd64.
2026-10-09T09:11:44.1716333Z Preparing to unpack .../098-libdeflate-dev_1.19-1build1.1_amd64.deb ...
2026-10-09T09:11:44.1723738Z Unpacking libdeflate-dev:amd64 (1.19-1build1.1) ...
2026-10-09T09:11:44.1933267Z Selecting previously unselected package libpadwalker-perl.
2026-10-09T09:11:44.2058097Z Preparing to unpack .../099-libpadwalker-perl_2.5-1build6_amd64.deb ...
2026-10-09T09:11:44.2064465Z Unpacking libpadwalker-perl (2.5-1build6) ...
2026-10-09T09:11:44.2264109Z Selecting previously unselected package libdevel-caller-perl:amd64.
2026-10-09T09:11:44.2388348Z Preparing to unpack .../100-libdevel-caller-perl_2.07-1build3_amd64.deb ...
2026-10-09T09:11:44.2395422Z Unpacking libdevel-caller-perl:amd64 (2.07-1build3) ...
2026-10-09T09:11:44.2588395Z Selecting previously unselected package libdevel-lexalias-perl.
2026-10-09T09:11:44.2711618Z Preparing to unpack .../101-libdevel-lexalias-perl_0.05-3build4_amd64.deb ...
2026-10-09T09:11:44.2718393Z Unpacking libdevel-lexalias-perl (0.05-3build4) ...
2026-10-09T09:11:44.2928943Z Selecting previously unselected package libdrm-radeon1:amd64.
2026-10-09T09:11:44.3052298Z Preparing to unpack .../102-libdrm-radeon1_2.4.125-1ubuntu0.1~24.04.2_amd64.deb ...
2026-10-09T09:11:44.3060974Z Unpacking libdrm-radeon1:amd64 (2.4.125-1ubuntu0.1~24.04.2) ...
2026-10-09T09:11:44.3259105Z Selecting previously unselected package libdrm-nouveau2:amd64.
2026-10-09T09:11:44.3383862Z Preparing to unpack .../103-libdrm-nouveau2_2.4.125-1ubuntu0.1~24.04.2_amd64.deb ...
2026-10-09T09:11:44.3391612Z Unpacking libdrm-nouveau2:amd64 (2.4.125-1ubuntu0.1~24.04.2) ...
2026-10-09T09:11:44.3585603Z Selecting previously unselected package libpciaccess-dev:amd64.
2026-10-09T09:11:44.3708753Z Preparing to unpack .../104-libpciaccess-dev_0.17-3ubuntu0.24.04.3_amd64.deb ...
2026-10-09T09:11:44.3714374Z Unpacking libpciaccess-dev:amd64 (0.17-3ubuntu0.24.04.3) ...
2026-10-09T09:11:44.3906001Z Selecting previously unselected package libdrm-dev:amd64.
2026-10-09T09:11:44.4029065Z Preparing to unpack .../105-libdrm-dev_2.4.125-1ubuntu0.1~24.04.2_amd64.deb ...
2026-10-09T09:11:44.4035524Z Unpacking libdrm-dev:amd64 (2.4.125-1ubuntu0.1~24.04.2) ...
2026-10-09T09:11:44.4364608Z Selecting previously unselected package libegl1-mesa-dev:amd64.
2026-10-09T09:11:44.4490297Z Preparing to unpack .../106-libegl1-mesa-dev_25.2.8-0ubuntu0.24.04.4_amd64.deb ...
2026-10-09T09:11:44.4496746Z Unpacking libegl1-mesa-dev:amd64 (25.2.8-0ubuntu0.24.04.4) ...
2026-10-09T09:11:44.4701253Z Selecting previously unselected package libevent-2.1-7t64:amd64.
2026-10-09T09:11:44.4825238Z Preparing to unpack .../107-libevent-2.1-7t64_2.1.12-stable-9ubuntu2.2_amd64.deb ...
2026-10-09T09:11:44.4834432Z Unpacking libevent-2.1-7t64:amd64 (2.1.12-stable-9ubuntu2.2) ...
2026-10-09T09:11:44.5069977Z Selecting previously unselected package libevent-extra-2.1-7t64:amd64.
2026-10-09T09:11:44.5195246Z Preparing to unpack .../108-libevent-extra-2.1-7t64_2.1.12-stable-9ubuntu2.2_amd64.deb ...
2026-10-09T09:11:44.5202290Z Unpacking libevent-extra-2.1-7t64:amd64 (2.1.12-stable-9ubuntu2.2) ...
2026-10-09T09:11:44.5422081Z Selecting previously unselected package libevent-openssl-2.1-7t64:amd64.
2026-10-09T09:11:44.5544987Z Preparing to unpack .../109-libevent-openssl-2.1-7t64_2.1.12-stable-9ubuntu2.2_amd64.deb ...
2026-10-09T09:11:44.5552715Z Unpacking libevent-openssl-2.1-7t64:amd64 (2.1.12-stable-9ubuntu2.2) ...
2026-10-09T09:11:44.5749307Z Selecting previously unselected package libevent-dev.
2026-10-09T09:11:44.5872916Z Preparing to unpack .../110-libevent-dev_2.1.12-stable-9ubuntu2.2_amd64.deb ...
2026-10-09T09:11:44.5881970Z Unpacking libevent-dev (2.1.12-stable-9ubuntu2.2) ...
2026-10-09T09:11:44.6252396Z Selecting previously unselected package libflac12t64:amd64.
2026-10-09T09:11:44.6378260Z Preparing to unpack .../111-libflac12t64_1.4.3+ds-2.1ubuntu2_amd64.deb ...
2026-10-09T09:11:44.6385647Z Unpacking libflac12t64:amd64 (1.4.3+ds-2.1ubuntu2) ...
2026-10-09T09:11:44.6605150Z Selecting previously unselected package libogg-dev:amd64.
2026-10-09T09:11:44.6729900Z Preparing to unpack .../112-libogg-dev_1.3.5-3build1_amd64.deb ...
2026-10-09T09:11:44.6736610Z Unpacking libogg-dev:amd64 (1.3.5-3build1) ...
2026-10-09T09:11:44.7066075Z Selecting previously unselected package libflac-dev:amd64.
2026-10-09T09:11:44.7191449Z Preparing to unpack .../113-libflac-dev_1.4.3+ds-2.1ubuntu2_amd64.deb ...
2026-10-09T09:11:44.7198164Z Unpacking libflac-dev:amd64 (1.4.3+ds-2.1ubuntu2) ...
2026-10-09T09:11:44.7447330Z Selecting previously unselected package libmp3lame0:amd64.
2026-10-09T09:11:44.7571782Z Preparing to unpack .../114-libmp3lame0_3.100-6build1_amd64.deb ...
2026-10-09T09:11:44.7578786Z Unpacking libmp3lame0:amd64 (3.100-6build1) ...
2026-10-09T09:11:44.7801051Z Selecting previously unselected package libmpg123-0t64:amd64.
2026-10-09T09:11:44.7924965Z Preparing to unpack .../115-libmpg123-0t64_1.32.5-1ubuntu1.1_amd64.deb ...
2026-10-09T09:11:44.7935140Z Unpacking libmpg123-0t64:amd64 (1.32.5-1ubuntu1.1) ...
2026-10-09T09:11:44.8157051Z Selecting previously unselected package libopus0:amd64.
2026-10-09T09:11:44.8281042Z Preparing to unpack .../116-libopus0_1.4-1build1_amd64.deb ...
2026-10-09T09:11:44.8288482Z Unpacking libopus0:amd64 (1.4-1build1) ...
2026-10-09T09:11:44.8509447Z Selecting previously unselected package libvorbisenc2:amd64.
2026-10-09T09:11:44.8631411Z Preparing to unpack .../117-libvorbisenc2_1.3.7-1build3_amd64.deb ...
2026-10-09T09:11:44.8638108Z Unpacking libvorbisenc2:amd64 (1.3.7-1build3) ...
2026-10-09T09:11:44.8864683Z Selecting previously unselected package libsndfile1:amd64.
2026-10-09T09:11:44.8986790Z Preparing to unpack .../118-libsndfile1_1.2.2-1ubuntu5.24.04.1_amd64.deb ...
2026-10-09T09:11:44.8993418Z Unpacking libsndfile1:amd64 (1.2.2-1ubuntu5.24.04.1) ...
2026-10-09T09:11:44.9229390Z Selecting previously unselected package libinstpatch-1.0-2:amd64.
2026-10-09T09:11:44.9353911Z Preparing to unpack .../119-libinstpatch-1.0-2_1.1.6-1build2_amd64.deb ...
2026-10-09T09:11:44.9379566Z Unpacking libinstpatch-1.0-2:amd64 (1.1.6-1build2) ...
2026-10-09T09:11:44.9613590Z Selecting previously unselected package libjack0:amd64.
2026-10-09T09:11:44.9735713Z Preparing to unpack .../120-libjack0_1%3a0.126.0-2build3_amd64.deb ...
2026-10-09T09:11:44.9744737Z Unpacking libjack0:amd64 (1:0.126.0-2build3) ...
2026-10-09T09:11:44.9969977Z Selecting previously unselected package libwebrtc-audio-processing1:amd64.
2026-10-09T09:11:45.0094464Z Preparing to unpack .../121-libwebrtc-audio-processing1_0.3.1-0ubuntu6_amd64.deb ...
2026-10-09T09:11:45.0100996Z Unpacking libwebrtc-audio-processing1:amd64 (0.3.1-0ubuntu6) ...
2026-10-09T09:11:45.0319356Z Selecting previously unselected package libspa-0.2-modules:amd64.
2026-10-09T09:11:45.0446444Z Preparing to unpack .../122-libspa-0.2-modules_1.0.5-1ubuntu3.3_amd64.deb ...
2026-10-09T09:11:45.0453759Z Unpacking libspa-0.2-modules:amd64 (1.0.5-1ubuntu3.3) ...
2026-10-09T09:11:45.0771127Z Selecting previously unselected package libpipewire-0.3-0t64:amd64.
2026-10-09T09:11:45.0895456Z Preparing to unpack .../123-libpipewire-0.3-0t64_1.0.5-1ubuntu3.3_amd64.deb ...
2026-10-09T09:11:45.0904339Z Unpacking libpipewire-0.3-0t64:amd64 (1.0.5-1ubuntu3.3) ...
2026-10-09T09:11:45.1152416Z Selecting previously unselected package libpulse0:amd64.
2026-10-09T09:11:45.1276915Z Preparing to unpack .../124-libpulse0_1%3a16.1+dfsg1-2ubuntu10.1_amd64.deb ...
2026-10-09T09:11:45.1348489Z Unpacking libpulse0:amd64 (1:16.1+dfsg1-2ubuntu10.1) ...
2026-10-09T09:11:45.1603126Z Selecting previously unselected package libsamplerate0:amd64.
2026-10-09T09:11:45.1728642Z Preparing to unpack .../125-libsamplerate0_0.2.2-4build1_amd64.deb ...
2026-10-09T09:11:45.1736012Z Unpacking libsamplerate0:amd64 (0.2.2-4build1) ...
2026-10-09T09:11:45.2003696Z Selecting previously unselected package libsdl2-2.0-0:amd64.
2026-10-09T09:11:45.2127310Z Preparing to unpack .../126-libsdl2-2.0-0_2.30.0+dfsg-1ubuntu3.1_amd64.deb ...
2026-10-09T09:11:45.2134357Z Unpacking libsdl2-2.0-0:amd64 (2.30.0+dfsg-1ubuntu3.1) ...
2026-10-09T09:11:45.2431487Z Selecting previously unselected package timgm6mb-soundfont.
2026-10-09T09:11:45.2557144Z Preparing to unpack .../127-timgm6mb-soundfont_1.3-5_all.deb ...
2026-10-09T09:11:45.2564698Z Unpacking timgm6mb-soundfont (1.3-5) ...
2026-10-09T09:11:45.5933771Z Selecting previously unselected package libfluidsynth3:amd64.
2026-10-09T09:11:45.6065485Z Preparing to unpack .../128-libfluidsynth3_2.3.4-1build3_amd64.deb ...
2026-10-09T09:11:45.6072620Z Unpacking libfluidsynth3:amd64 (2.3.4-1build3) ...
2026-10-09T09:11:45.6303384Z Selecting previously unselected package libglib2.0-dev-bin.
2026-10-09T09:11:45.6433118Z Preparing to unpack .../129-libglib2.0-dev-bin_2.80.0-6ubuntu3.9_amd64.deb ...
2026-10-09T09:11:45.6440500Z Unpacking libglib2.0-dev-bin (2.80.0-6ubuntu3.9) ...
2026-10-09T09:11:45.6732878Z Selecting previously unselected package uuid-dev:amd64.
2026-10-09T09:11:45.6862396Z Preparing to unpack .../130-uuid-dev_2.39.3-9ubuntu6.6_amd64.deb ...
2026-10-09T09:11:45.6869216Z Unpacking uuid-dev:amd64 (2.39.3-9ubuntu6.6) ...
2026-10-09T09:11:45.7083371Z Selecting previously unselected package libblkid-dev:amd64.
2026-10-09T09:11:45.7214912Z Preparing to unpack .../131-libblkid-dev_2.39.3-9ubuntu6.6_amd64.deb ...
2026-10-09T09:11:45.7222101Z Unpacking libblkid-dev:amd64 (2.39.3-9ubuntu6.6) ...
2026-10-09T09:11:45.7450403Z Selecting previously unselected package libsepol-dev:amd64.
2026-10-09T09:11:45.7579808Z Preparing to unpack .../132-libsepol-dev_3.5-2build1_amd64.deb ...
2026-10-09T09:11:45.7586381Z Unpacking libsepol-dev:amd64 (3.5-2build1) ...
2026-10-09T09:11:45.7897690Z Selecting previously unselected package libselinux1-dev:amd64.
2026-10-09T09:11:45.8024909Z Preparing to unpack .../133-libselinux1-dev_3.5-2ubuntu2.1_amd64.deb ...
2026-10-09T09:11:45.8032010Z Unpacking libselinux1-dev:amd64 (3.5-2ubuntu2.1) ...
2026-10-09T09:11:45.8488565Z Selecting previously unselected package libmount-dev:amd64.
2026-10-09T09:11:45.8624489Z Preparing to unpack .../134-libmount-dev_2.39.3-9ubuntu6.6_amd64.deb ...
2026-10-09T09:11:45.8630860Z Unpacking libmount-dev:amd64 (2.39.3-9ubuntu6.6) ...
2026-10-09T09:11:45.8843936Z Selecting previously unselected package libgirepository-2.0-0:amd64.
2026-10-09T09:11:45.8972577Z Preparing to unpack .../135-libgirepository-2.0-0_2.80.0-6ubuntu3.9_amd64.deb ...
2026-10-09T09:11:45.8981295Z Unpacking libgirepository-2.0-0:amd64 (2.80.0-6ubuntu3.9) ...
2026-10-09T09:11:45.9187991Z Selecting previously unselected package libglib2.0-dev:amd64.
2026-10-09T09:11:45.9318993Z Preparing to unpack .../136-libglib2.0-dev_2.80.0-6ubuntu3.9_amd64.deb ...
2026-10-09T09:11:45.9326393Z Unpacking libglib2.0-dev:amd64 (2.80.0-6ubuntu3.9) ...
2026-10-09T09:11:46.0354523Z Selecting previously unselected package libout123-0t64:amd64.
2026-10-09T09:11:46.0476278Z Preparing to unpack .../137-libout123-0t64_1.32.5-1ubuntu1.1_amd64.deb ...
2026-10-09T09:11:46.0485660Z Unpacking libout123-0t64:amd64 (1.32.5-1ubuntu1.1) ...
2026-10-09T09:11:46.0698101Z Selecting previously unselected package libsyn123-0t64:amd64.
2026-10-09T09:11:46.0830651Z Preparing to unpack .../138-libsyn123-0t64_1.32.5-1ubuntu1.1_amd64.deb ...
2026-10-09T09:11:46.0862636Z Unpacking libsyn123-0t64:amd64 (1.32.5-1ubuntu1.1) ...
2026-10-09T09:11:46.1075934Z Selecting previously unselected package libmpg123-dev:amd64.
2026-10-09T09:11:46.1203743Z Preparing to unpack .../139-libmpg123-dev_1.32.5-1ubuntu1.1_amd64.deb ...
2026-10-09T09:11:46.1210449Z Unpacking libmpg123-dev:amd64 (1.32.5-1ubuntu1.1) ...
2026-10-09T09:11:46.1520952Z Selecting previously unselected package libopus-dev:amd64.
2026-10-09T09:11:46.1650888Z Preparing to unpack .../140-libopus-dev_1.4-1build1_amd64.deb ...
2026-10-09T09:11:46.1658156Z Unpacking libopus-dev:amd64 (1.4-1build1) ...
2026-10-09T09:11:46.1978001Z Selecting previously unselected package libvorbis-dev:amd64.
2026-10-09T09:11:46.2107894Z Preparing to unpack .../141-libvorbis-dev_1.3.7-1build3_amd64.deb ...
2026-10-09T09:11:46.2114403Z Unpacking libvorbis-dev:amd64 (1.3.7-1build3) ...
2026-10-09T09:11:46.2593696Z Selecting previously unselected package libsndfile1-dev:amd64.
2026-10-09T09:11:46.2724277Z Preparing to unpack .../142-libsndfile1-dev_1.2.2-1ubuntu5.24.04.1_amd64.deb ...
2026-10-09T09:11:46.2730599Z Unpacking libsndfile1-dev:amd64 (1.2.2-1ubuntu5.24.04.1) ...
2026-10-09T09:11:46.3113181Z Selecting previously unselected package libinstpatch-dev:amd64.
2026-10-09T09:11:46.3242609Z Preparing to unpack .../143-libinstpatch-dev_1.1.6-1build2_amd64.deb ...
2026-10-09T09:11:46.3249958Z Unpacking libinstpatch-dev:amd64 (1.1.6-1build2) ...
2026-10-09T09:11:46.3609156Z Selecting previously unselected package libjack-dev:amd64.
2026-10-09T09:11:46.3743193Z Preparing to unpack .../144-libjack-dev_1%3a0.126.0-2build3_amd64.deb ...
2026-10-09T09:11:46.3753789Z Unpacking libjack-dev:amd64 (1:0.126.0-2build3) ...
2026-10-09T09:11:46.4150446Z Selecting previously unselected package libspa-0.2-dev:amd64.
2026-10-09T09:11:46.4279163Z Preparing to unpack .../145-libspa-0.2-dev_1.0.5-1ubuntu3.3_amd64.deb ...
2026-10-09T09:11:46.4286395Z Unpacking libspa-0.2-dev:amd64 (1.0.5-1ubuntu3.3) ...
2026-10-09T09:11:46.4672773Z Selecting previously unselected package libpipewire-0.3-dev:amd64.
2026-10-09T09:11:46.4802247Z Preparing to unpack .../146-libpipewire-0.3-dev_1.0.5-1ubuntu3.3_amd64.deb ...
2026-10-09T09:11:46.4887046Z Unpacking libpipewire-0.3-dev:amd64 (1.0.5-1ubuntu3.3) ...
2026-10-09T09:11:46.5166715Z Selecting previously unselected package libpulse-mainloop-glib0:amd64.
2026-10-09T09:11:46.5297536Z Preparing to unpack .../147-libpulse-mainloop-glib0_1%3a16.1+dfsg1-2ubuntu10.1_amd64.deb ...
2026-10-09T09:11:46.5347838Z Unpacking libpulse-mainloop-glib0:amd64 (1:16.1+dfsg1-2ubuntu10.1) ...
2026-10-09T09:11:46.5535817Z Selecting previously unselected package libpulse-dev:amd64.
2026-10-09T09:11:46.5663228Z Preparing to unpack .../148-libpulse-dev_1%3a16.1+dfsg1-2ubuntu10.1_amd64.deb ...
2026-10-09T09:11:46.5670010Z Unpacking libpulse-dev:amd64 (1:16.1+dfsg1-2ubuntu10.1) ...
2026-10-09T09:11:46.6023917Z Selecting previously unselected package libreadline-dev:amd64.
2026-10-09T09:11:46.6152568Z Preparing to unpack .../149-libreadline-dev_8.2-4build1_amd64.deb ...
2026-10-09T09:11:46.6160111Z Unpacking libreadline-dev:amd64 (8.2-4build1) ...
2026-10-09T09:11:46.6449815Z Selecting previously unselected package libgbm-dev:amd64.
2026-10-09T09:11:46.6581145Z Preparing to unpack .../150-libgbm-dev_25.2.8-0ubuntu0.24.04.4_amd64.deb ...
2026-10-09T09:11:46.6588709Z Unpacking libgbm-dev:amd64 (25.2.8-0ubuntu0.24.04.4) ...
2026-10-09T09:11:46.6793104Z Selecting previously unselected package libibus-1.0-dev:amd64.
2026-10-09T09:11:46.6922792Z Preparing to unpack .../151-libibus-1.0-dev_1.5.29-2_amd64.deb ...
2026-10-09T09:11:46.6939323Z Unpacking libibus-1.0-dev:amd64 (1.5.29-2) ...
2026-10-09T09:11:46.7273537Z Selecting previously unselected package libsamplerate0-dev:amd64.
2026-10-09T09:11:46.7405693Z Preparing to unpack .../152-libsamplerate0-dev_0.2.2-4build1_amd64.deb ...
2026-10-09T09:11:46.7412966Z Unpacking libsamplerate0-dev:amd64 (0.2.2-4build1) ...
2026-10-09T09:11:46.7652281Z Selecting previously unselected package libsndio7.0:amd64.
2026-10-09T09:11:46.7780252Z Preparing to unpack .../153-libsndio7.0_1.9.0-0.3build3_amd64.deb ...
2026-10-09T09:11:46.7790382Z Unpacking libsndio7.0:amd64 (1.9.0-0.3build3) ...
2026-10-09T09:11:46.8022445Z Selecting previously unselected package libsndio-dev:amd64.
2026-10-09T09:11:46.8152151Z Preparing to unpack .../154-libsndio-dev_1.9.0-0.3build3_amd64.deb ...
2026-10-09T09:11:46.8159877Z Unpacking libsndio-dev:amd64 (1.9.0-0.3build3) ...
2026-10-09T09:11:46.8456414Z Selecting previously unselected package libudev-dev:amd64.
2026-10-09T09:11:46.8585959Z Preparing to unpack .../155-libudev-dev_255.4-1ubuntu8.17_amd64.deb ...
2026-10-09T09:11:46.8592991Z Unpacking libudev-dev:amd64 (255.4-1ubuntu8.17) ...
2026-10-09T09:11:46.8862347Z Selecting previously unselected package libxrender-dev:amd64.
2026-10-09T09:11:46.8995960Z Preparing to unpack .../156-libxrender-dev_1%3a0.9.10-1.1build1_amd64.deb ...
2026-10-09T09:11:46.9005017Z Unpacking libxrender-dev:amd64 (1:0.9.10-1.1build1) ...
2026-10-09T09:11:46.9242294Z Selecting previously unselected package libxfixes-dev:amd64.
2026-10-09T09:11:46.9370802Z Preparing to unpack .../157-libxfixes-dev_1%3a6.0.0-2build1_amd64.deb ...
2026-10-09T09:11:46.9442940Z Unpacking libxfixes-dev:amd64 (1:6.0.0-2build1) ...
2026-10-09T09:11:46.9642504Z Selecting previously unselected package libxcursor-dev:amd64.
2026-10-09T09:11:46.9771605Z Preparing to unpack .../158-libxcursor-dev_1%3a1.2.1-1build1_amd64.deb ...
2026-10-09T09:11:46.9778771Z Unpacking libxcursor-dev:amd64 (1:1.2.1-1build1) ...
2026-10-09T09:11:47.0062032Z Selecting previously unselected package libxi-dev:amd64.
2026-10-09T09:11:47.0188453Z Preparing to unpack .../159-libxi-dev_2%3a1.8.1-1build1_amd64.deb ...
2026-10-09T09:11:47.0195150Z Unpacking libxi-dev:amd64 (2:1.8.1-1build1) ...
2026-10-09T09:11:47.0578362Z Selecting previously unselected package libxinerama-dev:amd64.
2026-10-09T09:11:47.0711720Z Preparing to unpack .../160-libxinerama-dev_2%3a1.1.4-3build1_amd64.deb ...
2026-10-09T09:11:47.0719784Z Unpacking libxinerama-dev:amd64 (2:1.1.4-3build1) ...
2026-10-09T09:11:47.1001224Z Selecting previously unselected package libxkbcommon-dev:amd64.
2026-10-09T09:11:47.1129829Z Preparing to unpack .../161-libxkbcommon-dev_1.6.0-1build1_amd64.deb ...
2026-10-09T09:11:47.1136577Z Unpacking libxkbcommon-dev:amd64 (1.6.0-1build1) ...
2026-10-09T09:11:47.1348024Z Selecting previously unselected package libxrandr-dev:amd64.
2026-10-09T09:11:47.1477643Z Preparing to unpack .../162-libxrandr-dev_2%3a1.5.2-2build1_amd64.deb ...
2026-10-09T09:11:47.1483850Z Unpacking libxrandr-dev:amd64 (2:1.5.2-2build1) ...
2026-10-09T09:11:47.1708203Z Selecting previously unselected package libxss-dev:amd64.
2026-10-09T09:11:47.1835613Z Preparing to unpack .../163-libxss-dev_1%3a1.2.3-1build3_amd64.deb ...
2026-10-09T09:11:47.2117260Z Unpacking libxss-dev:amd64 (1:1.2.3-1build3) ...
2026-10-09T09:11:47.2338760Z Selecting previously unselected package libxv1:amd64.
2026-10-09T09:11:47.2466810Z Preparing to unpack .../164-libxv1_2%3a1.0.11-1.1build1_amd64.deb ...
2026-10-09T09:11:47.2474075Z Unpacking libxv1:amd64 (2:1.0.11-1.1build1) ...
2026-10-09T09:11:47.2686531Z Selecting previously unselected package libxv-dev:amd64.
2026-10-09T09:11:47.2812531Z Preparing to unpack .../165-libxv-dev_2%3a1.0.11-1.1build1_amd64.deb ...
2026-10-09T09:11:47.2820162Z Unpacking libxv-dev:amd64 (2:1.0.11-1.1build1) ...
2026-10-09T09:11:47.3097966Z Selecting previously unselected package libxxf86vm-dev:amd64.
2026-10-09T09:11:47.3228470Z Preparing to unpack .../166-libxxf86vm-dev_1%3a1.1.4-1build4_amd64.deb ...
2026-10-09T09:11:47.3236522Z Unpacking libxxf86vm-dev:amd64 (1:1.1.4-1build4) ...
2026-10-09T09:11:47.3522055Z Selecting previously unselected package libsdl2-dev:amd64.
2026-10-09T09:11:47.3651486Z Preparing to unpack .../167-libsdl2-dev_2.30.0+dfsg-1ubuntu3.1_amd64.deb ...
2026-10-09T09:11:47.3705032Z Unpacking libsdl2-dev:amd64 (2.30.0+dfsg-1ubuntu3.1) ...
2026-10-09T09:11:47.4226809Z Selecting previously unselected package libsystemd-dev:amd64.
2026-10-09T09:11:47.4359710Z Preparing to unpack .../168-libsystemd-dev_255.4-1ubuntu8.17_amd64.deb ...
2026-10-09T09:11:47.4365995Z Unpacking libsystemd-dev:amd64 (255.4-1ubuntu8.17) ...
2026-10-09T09:11:47.5503679Z Selecting previously unselected package libfluidsynth-dev:amd64.
2026-10-09T09:11:47.5640473Z Preparing to unpack .../169-libfluidsynth-dev_2.3.4-1build3_amd64.deb ...
2026-10-09T09:11:47.5647918Z Unpacking libfluidsynth-dev:amd64 (2.3.4-1build3) ...
2026-10-09T09:11:47.6132539Z Preparing to unpack .../170-libfreetype6_2.13.2+dfsg-1ubuntu0.2_amd64.deb ...
2026-10-09T09:11:47.6155002Z Unpacking libfreetype6:amd64 (2.13.2+dfsg-1ubuntu0.2) over (2.13.2+dfsg-1ubuntu0.1) ...
2026-10-09T09:11:47.6413596Z Selecting previously unselected package libpng-dev:amd64.
2026-10-09T09:11:47.6546466Z Preparing to unpack .../171-libpng-dev_1.6.43-5ubuntu0.7_amd64.deb ...
2026-10-09T09:11:47.6552999Z Unpacking libpng-dev:amd64 (1.6.43-5ubuntu0.7) ...
2026-10-09T09:11:47.6864918Z Selecting previously unselected package libfreetype-dev:amd64.
2026-10-09T09:11:47.6995524Z Preparing to unpack .../172-libfreetype-dev_2.13.2+dfsg-1ubuntu0.2_amd64.deb ...
2026-10-09T09:11:47.7002090Z Unpacking libfreetype-dev:amd64 (2.13.2+dfsg-1ubuntu0.2) ...
2026-10-09T09:11:47.7350868Z Selecting previously unselected package libglew2.2:amd64.
2026-10-09T09:11:47.7480847Z Preparing to unpack .../173-libglew2.2_2.2.0-4build1_amd64.deb ...
2026-10-09T09:11:47.7496241Z Unpacking libglew2.2:amd64 (2.2.0-4build1) ...
2026-10-09T09:11:47.7713939Z Selecting previously unselected package libglew-dev:amd64.
2026-10-09T09:11:47.7842181Z Preparing to unpack .../174-libglew-dev_2.2.0-4build1_amd64.deb ...
2026-10-09T09:11:47.7849565Z Unpacking libglew-dev:amd64 (2.2.0-4build1) ...
2026-10-09T09:11:47.8166180Z Selecting previously unselected package libglfw3:amd64.
2026-10-09T09:11:47.8295466Z Preparing to unpack .../175-libglfw3_3.3.10-1build1_amd64.deb ...
2026-10-09T09:11:47.8302715Z Unpacking libglfw3:amd64 (3.3.10-1build1) ...
2026-10-09T09:11:47.8591864Z Selecting previously unselected package libglfw3-dev:amd64.
2026-10-09T09:11:47.8719907Z Preparing to unpack .../176-libglfw3-dev_3.3.10-1build1_amd64.deb ...
2026-10-09T09:11:47.8726563Z Unpacking libglfw3-dev:amd64 (3.3.10-1build1) ...
2026-10-09T09:11:47.9043830Z Selecting previously unselected package libgraphite2-dev:amd64.
2026-10-09T09:11:47.9173281Z Preparing to unpack .../177-libgraphite2-dev_1.3.14-2ubuntu0.24.04.1_amd64.deb ...
2026-10-09T09:11:47.9182438Z Unpacking libgraphite2-dev:amd64 (1.3.14-2ubuntu0.24.04.1) ...
2026-10-09T09:11:47.9396686Z Selecting previously unselected package libharfbuzz-cairo0:amd64.
2026-10-09T09:11:47.9524467Z Preparing to unpack .../178-libharfbuzz-cairo0_8.3.0-2build2_amd64.deb ...
2026-10-09T09:11:47.9531133Z Unpacking libharfbuzz-cairo0:amd64 (8.3.0-2build2) ...
2026-10-09T09:11:47.9738010Z Selecting previously unselected package libharfbuzz-icu0:amd64.
2026-10-09T09:11:47.9867832Z Preparing to unpack .../179-libharfbuzz-icu0_8.3.0-2build2_amd64.deb ...
2026-10-09T09:11:47.9881673Z Unpacking libharfbuzz-icu0:amd64 (8.3.0-2build2) ...
2026-10-09T09:11:48.0087442Z Selecting previously unselected package libharfbuzz-subset0:amd64.
2026-10-09T09:11:48.0213278Z Preparing to unpack .../180-libharfbuzz-subset0_8.3.0-2build2_amd64.deb ...
2026-10-09T09:11:48.0220570Z Unpacking libharfbuzz-subset0:amd64 (8.3.0-2build2) ...
2026-10-09T09:11:48.0471755Z Selecting previously unselected package libharfbuzz-dev:amd64.
2026-10-09T09:11:48.0602307Z Preparing to unpack .../181-libharfbuzz-dev_8.3.0-2build2_amd64.deb ...
2026-10-09T09:11:48.0614979Z Unpacking libharfbuzz-dev:amd64 (8.3.0-2build2) ...
2026-10-09T09:11:48.0958995Z Selecting previously unselected package libjpeg-turbo8-dev:amd64.
2026-10-09T09:11:48.1089754Z Preparing to unpack .../182-libjpeg-turbo8-dev_2.1.5-2ubuntu2_amd64.deb ...
2026-10-09T09:11:48.1096924Z Unpacking libjpeg-turbo8-dev:amd64 (2.1.5-2ubuntu2) ...
2026-10-09T09:11:48.1405738Z Selecting previously unselected package libjpeg8-dev:amd64.
2026-10-09T09:11:48.1537036Z Preparing to unpack .../183-libjpeg8-dev_8c-2ubuntu11_amd64.deb ...
2026-10-09T09:11:48.1548666Z Unpacking libjpeg8-dev:amd64 (8c-2ubuntu11) ...
2026-10-09T09:11:48.1735239Z Selecting previously unselected package libjpeg-dev:amd64.
2026-10-09T09:11:48.1865163Z Preparing to unpack .../184-libjpeg-dev_8c-2ubuntu11_amd64.deb ...
2026-10-09T09:11:48.1930054Z Unpacking libjpeg-dev:amd64 (8c-2ubuntu11) ...
2026-10-09T09:11:48.2110666Z Selecting previously unselected package liblerc-dev:amd64.
2026-10-09T09:11:48.2236877Z Preparing to unpack .../185-liblerc-dev_4.0.0+ds-4ubuntu2_amd64.deb ...
2026-10-09T09:11:48.2243146Z Unpacking liblerc-dev:amd64 (4.0.0+ds-4ubuntu2) ...
2026-10-09T09:11:48.2541005Z Selecting previously unselected package libmodplug1:amd64.
2026-10-09T09:11:48.2680060Z Preparing to unpack .../186-libmodplug1_1%3a0.8.9.0-3build1_amd64.deb ...
2026-10-09T09:11:48.2687839Z Unpacking libmodplug1:amd64 (1:0.8.9.0-3build1) ...
2026-10-09T09:11:48.2900101Z Selecting previously unselected package libmodplug-dev:amd64.
2026-10-09T09:11:48.3026903Z Preparing to unpack .../187-libmodplug-dev_1%3a0.8.9.0-3build1_amd64.deb ...
2026-10-09T09:11:48.3034529Z Unpacking libmodplug-dev:amd64 (1:0.8.9.0-3build1) ...
2026-10-09T09:11:48.3235878Z Selecting previously unselected package libopusfile0:amd64.
2026-10-09T09:11:48.3361266Z Preparing to unpack .../188-libopusfile0_0.12-4build3_amd64.deb ...
2026-10-09T09:11:48.3371558Z Unpacking libopusfile0:amd64 (0.12-4build3) ...
2026-10-09T09:11:48.3585634Z Selecting previously unselected package libopusfile-dev:amd64.
2026-10-09T09:11:48.3705751Z Preparing to unpack .../189-libopusfile-dev_0.12-4build3_amd64.deb ...
2026-10-09T09:11:48.3716083Z Unpacking libopusfile-dev:amd64 (0.12-4build3) ...
2026-10-09T09:11:48.3925602Z Selecting previously unselected package libpackage-stash-xs-perl:amd64.
2026-10-09T09:11:48.4049773Z Preparing to unpack .../190-libpackage-stash-xs-perl_0.30-1build4_amd64.deb ...
2026-10-09T09:11:48.4056287Z Unpacking libpackage-stash-xs-perl:amd64 (0.30-1build4) ...
2026-10-09T09:11:48.4255450Z Selecting previously unselected package libpipewire-0.3-common.
2026-10-09T09:11:48.4380514Z Preparing to unpack .../191-libpipewire-0.3-common_1.0.5-1ubuntu3.3_all.deb ...
2026-10-09T09:11:48.4387832Z Unpacking libpipewire-0.3-common (1.0.5-1ubuntu3.3) ...
2026-10-09T09:11:48.4575174Z Selecting previously unselected package libpng-tools.
2026-10-09T09:11:48.4703108Z Preparing to unpack .../192-libpng-tools_1.6.43-5ubuntu0.7_amd64.deb ...
2026-10-09T09:11:48.4710931Z Unpacking libpng-tools (1.6.43-5ubuntu0.7) ...
2026-10-09T09:11:48.4905612Z Selecting previously unselected package libreadonly-perl.
2026-10-09T09:11:48.5031029Z Preparing to unpack .../193-libreadonly-perl_2.050-3_all.deb ...
2026-10-09T09:11:48.5037981Z Unpacking libreadonly-perl (2.050-3) ...
2026-10-09T09:11:48.5247718Z Selecting previously unselected package libref-util-perl.
2026-10-09T09:11:48.5374015Z Preparing to unpack .../194-libref-util-perl_0.204-2_all.deb ...
2026-10-09T09:11:48.5380943Z Unpacking libref-util-perl (0.204-2) ...
2026-10-09T09:11:48.5573545Z Selecting previously unselected package libref-util-xs-perl.
2026-10-09T09:11:48.5696678Z Preparing to unpack .../195-libref-util-xs-perl_0.117-2build4_amd64.deb ...
2026-10-09T09:11:48.5706694Z Unpacking libref-util-xs-perl (0.117-2build4) ...
2026-10-09T09:11:48.5916265Z Selecting previously unselected package libsdl2-image-2.0-0:amd64.
2026-10-09T09:11:48.6037062Z Preparing to unpack .../196-libsdl2-image-2.0-0_2.8.2+dfsg-1build2_amd64.deb ...
2026-10-09T09:11:48.6044094Z Unpacking libsdl2-image-2.0-0:amd64 (2.8.2+dfsg-1build2) ...
2026-10-09T09:11:48.6247622Z Selecting previously unselected package libjbig-dev:amd64.
2026-10-09T09:11:48.6370307Z Preparing to unpack .../197-libjbig-dev_2.1-6.1ubuntu2_amd64.deb ...
2026-10-09T09:11:48.6376706Z Unpacking libjbig-dev:amd64 (2.1-6.1ubuntu2) ...
2026-10-09T09:11:48.6572401Z Selecting previously unselected package liblzma-dev:amd64.
2026-10-09T09:11:48.6695223Z Preparing to unpack .../198-liblzma-dev_5.6.1+really5.4.5-1ubuntu0.3_amd64.deb ...
2026-10-09T09:11:48.6702649Z Unpacking liblzma-dev:amd64 (5.6.1+really5.4.5-1ubuntu0.3) ...
2026-10-09T09:11:48.6965736Z Selecting previously unselected package libwebpdecoder3:amd64.
2026-10-09T09:11:48.7090280Z Preparing to unpack .../199-libwebpdecoder3_1.3.2-0.4build3_amd64.deb ...
2026-10-09T09:11:48.7097863Z Unpacking libwebpdecoder3:amd64 (1.3.2-0.4build3) ...
2026-10-09T09:11:48.7309107Z Selecting previously unselected package libsharpyuv-dev:amd64.
2026-10-09T09:11:48.7432945Z Preparing to unpack .../200-libsharpyuv-dev_1.3.2-0.4build3_amd64.deb ...
2026-10-09T09:11:48.7439937Z Unpacking libsharpyuv-dev:amd64 (1.3.2-0.4build3) ...
2026-10-09T09:11:48.7639803Z Selecting previously unselected package libwebp-dev:amd64.
2026-10-09T09:11:48.7763300Z Preparing to unpack .../201-libwebp-dev_1.3.2-0.4build3_amd64.deb ...
2026-10-09T09:11:48.7770290Z Unpacking libwebp-dev:amd64 (1.3.2-0.4build3) ...
2026-10-09T09:11:48.8094446Z Selecting previously unselected package libtiffxx6:amd64.
2026-10-09T09:11:48.8217925Z Preparing to unpack .../202-libtiffxx6_4.5.1+git230720-4ubuntu2.5_amd64.deb ...
2026-10-09T09:11:48.8225757Z Unpacking libtiffxx6:amd64 (4.5.1+git230720-4ubuntu2.5) ...
2026-10-09T09:11:48.8421465Z Selecting previously unselected package libtiff-dev:amd64.
2026-10-09T09:11:48.8547036Z Preparing to unpack .../203-libtiff-dev_4.5.1+git230720-4ubuntu2.5_amd64.deb ...
2026-10-09T09:11:48.8553459Z Unpacking libtiff-dev:amd64 (4.5.1+git230720-4ubuntu2.5) ...
2026-10-09T09:11:48.8887747Z Selecting previously unselected package libsdl2-image-dev:amd64.
2026-10-09T09:11:48.9013287Z Preparing to unpack .../204-libsdl2-image-dev_2.8.2+dfsg-1build2_amd64.deb ...
2026-10-09T09:11:48.9019411Z Unpacking libsdl2-image-dev:amd64 (2.8.2+dfsg-1build2) ...
2026-10-09T09:11:48.9252457Z Selecting previously unselected package libsdl2-mixer-2.0-0:amd64.
2026-10-09T09:11:48.9378474Z Preparing to unpack .../205-libsdl2-mixer-2.0-0_2.8.0+dfsg-1build3_amd64.deb ...
2026-10-09T09:11:48.9384864Z Unpacking libsdl2-mixer-2.0-0:amd64 (2.8.0+dfsg-1build3) ...
2026-10-09T09:11:48.9584583Z Selecting previously unselected package libsdl2-mixer-dev:amd64.
2026-10-09T09:11:48.9708436Z Preparing to unpack .../206-libsdl2-mixer-dev_2.8.0+dfsg-1build3_amd64.deb ...
2026-10-09T09:11:48.9715413Z Unpacking libsdl2-mixer-dev:amd64 (2.8.0+dfsg-1build3) ...
2026-10-09T09:11:48.9947284Z Selecting previously unselected package libsdl2-ttf-2.0-0:amd64.
2026-10-09T09:11:49.0071712Z Preparing to unpack .../207-libsdl2-ttf-2.0-0_2.22.0+dfsg-1_amd64.deb ...
2026-10-09T09:11:49.0078239Z Unpacking libsdl2-ttf-2.0-0:amd64 (2.22.0+dfsg-1) ...
2026-10-09T09:11:49.0276048Z Selecting previously unselected package libsdl2-ttf-dev:amd64.
2026-10-09T09:11:49.0401861Z Preparing to unpack .../208-libsdl2-ttf-dev_2.22.0+dfsg-1_amd64.deb ...
2026-10-09T09:11:49.0412988Z Unpacking libsdl2-ttf-dev:amd64 (2.22.0+dfsg-1) ...
2026-10-09T09:11:49.0636692Z Selecting previously unselected package libutf8proc3:amd64.
2026-10-09T09:11:49.0768802Z Preparing to unpack .../209-libutf8proc3_2.9.0-1build1_amd64.deb ...
2026-10-09T09:11:49.0776510Z Unpacking libutf8proc3:amd64 (2.9.0-1build1) ...
2026-10-09T09:11:49.0992970Z Selecting previously unselected package libutf8proc-dev:amd64.
2026-10-09T09:11:49.1125277Z Preparing to unpack .../210-libutf8proc-dev_2.9.0-1build1_amd64.deb ...
2026-10-09T09:11:49.1135526Z Unpacking libutf8proc-dev:amd64 (2.9.0-1build1) ...
2026-10-09T09:11:49.1352502Z Selecting previously unselected package libuv1-dev:amd64.
2026-10-09T09:11:49.1485448Z Preparing to unpack .../211-libuv1-dev_1.48.0-1.1build1_amd64.deb ...
2026-10-09T09:11:49.1496385Z Unpacking libuv1-dev:amd64 (1.48.0-1.1build1) ...
2026-10-09T09:11:49.1736949Z Selecting previously unselected package libvulkan-dev:amd64.
2026-10-09T09:11:49.1867274Z Preparing to unpack .../212-libvulkan-dev_1.3.275.0-1build1_amd64.deb ...
2026-10-09T09:11:49.1873183Z Unpacking libvulkan-dev:amd64 (1.3.275.0-1build1) ...
2026-10-09T09:11:49.2783132Z Selecting previously unselected package libbullet-dev:amd64.
2026-10-09T09:11:49.2922529Z Preparing to unpack .../213-libbullet-dev_3.24+dfsg-2.1build1_amd64.deb ...
2026-10-09T09:11:49.2929262Z Unpacking libbullet-dev:amd64 (3.24+dfsg-2.1build1) ...
2026-10-09T09:11:49.3786760Z Selecting previously unselected package libgd-perl.
2026-10-09T09:11:49.3923138Z Preparing to unpack .../214-libgd-perl_2.78-1ubuntu0.24.04.1_amd64.deb ...
2026-10-09T09:11:49.3929902Z Unpacking libgd-perl (2.78-1ubuntu0.24.04.1) ...
2026-10-09T09:11:49.4536876Z Setting up libpipewire-0.3-common (1.0.5-1ubuntu3.3) ...
2026-10-09T09:11:49.4562714Z Setting up libuv1-dev:amd64 (1.48.0-1.1build1) ...
2026-10-09T09:11:49.4580123Z Setting up libglib2.0-dev-bin (2.80.0-6ubuntu3.9) ...
2026-10-09T09:11:49.6040950Z Setting up libglfw3:amd64 (3.3.10-1build1) ...
2026-10-09T09:11:49.6058273Z Setting up libmodplug1:amd64 (1:0.8.9.0-3build1) ...
2026-10-09T09:11:49.6078079Z Setting up bzip2-doc (1.0.8-5.1ubuntu0.1) ...
2026-10-09T09:11:49.6095029Z Setting up libwayland-server0:amd64 (1.22.0-2.1build1) ...
2026-10-09T09:11:49.6116228Z Setting up libjpeg-turbo8-dev:amd64 (2.1.5-2ubuntu2) ...
2026-10-09T09:11:49.6134310Z Setting up libvulkan-dev:amd64 (1.3.275.0-1build1) ...
2026-10-09T09:11:49.6150879Z Setting up libmodplug-dev:amd64 (1:0.8.9.0-3build1) ...
2026-10-09T09:11:49.6172666Z Setting up libdrm-nouveau2:amd64 (2.4.125-1ubuntu0.1~24.04.2) ...
2026-10-09T09:11:49.6190424Z Setting up gir1.2-freedesktop:amd64 (1.80.1-1) ...
2026-10-09T09:11:49.6208217Z Setting up libharfbuzz-icu0:amd64 (8.3.0-2build2) ...
2026-10-09T09:11:49.6227445Z Setting up libpciaccess-dev:amd64 (0.17-3ubuntu0.24.04.3) ...
2026-10-09T09:11:49.6243517Z Setting up libglvnd-core-dev:amd64 (1.7.0-1build1) ...
2026-10-09T09:11:49.6259781Z Setting up libclass-inspector-perl (1.36-3) ...
2026-10-09T09:11:49.6277845Z Setting up libdynaloader-functions-perl (0.003-3) ...
2026-10-09T09:11:49.6294872Z Setting up libclass-method-modifiers-perl (2.15-1) ...
2026-10-09T09:11:49.6315133Z Setting up libref-util-xs-perl (0.117-2build4) ...
2026-10-09T09:11:49.6340645Z Setting up libutf8proc3:amd64 (2.9.0-1build1) ...
2026-10-09T09:11:49.6370640Z Setting up libgirepository-2.0-0:amd64 (2.80.0-6ubuntu3.9) ...
2026-10-09T09:11:49.6388313Z Setting up libsub-identify-perl (0.14-3build3) ...
2026-10-09T09:11:49.6407588Z Setting up libdrm-radeon1:amd64 (2.4.125-1ubuntu0.1~24.04.2) ...
2026-10-09T09:11:49.6425313Z Setting up libxkbcommon-dev:amd64 (1.6.0-1build1) ...
2026-10-09T09:11:49.6447276Z Setting up libevent-openssl-2.1-7t64:amd64 (2.1.12-stable-9ubuntu2.2) ...
2026-10-09T09:11:49.6465668Z Setting up libibus-1.0-5:amd64 (1.5.29-2) ...
2026-10-09T09:11:49.6489945Z Setting up libtry-tiny-perl (0.31-2) ...
2026-10-09T09:11:49.6508726Z Setting up libjbig-dev:amd64 (2.1-6.1ubuntu2) ...
2026-10-09T09:11:49.6529151Z Setting up libwebrtc-audio-processing1:amd64 (0.3.1-0ubuntu6) ...
2026-10-09T09:11:49.6550733Z Setting up libwebpdecoder3:amd64 (1.3.2-0.4build3) ...
2026-10-09T09:11:49.6570472Z Setting up libevent-2.1-7t64:amd64 (2.1.12-stable-9ubuntu2.2) ...
2026-10-09T09:11:49.6593017Z Setting up libclass-singleton-perl (1.6-2) ...
2026-10-09T09:11:49.6611508Z Setting up libpadwalker-perl (2.5-1build6) ...
2026-10-09T09:11:49.6633709Z Setting up libharfbuzz-gobject0:amd64 (8.3.0-2build2) ...
2026-10-09T09:11:49.6655178Z Setting up libogg-dev:amd64 (1.3.5-3build1) ...
2026-10-09T09:11:49.6674271Z Setting up libreadline-dev:amd64 (8.2-4build1) ...
2026-10-09T09:11:49.6695094Z Setting up libxstring-perl:amd64 (0.005-2build3) ...
2026-10-09T09:11:49.6716478Z Setting up libmpg123-0t64:amd64 (1.32.5-1ubuntu1.1) ...
2026-10-09T09:11:49.6735956Z Setting up libutf8proc-dev:amd64 (2.9.0-1build1) ...
2026-10-09T09:11:49.6759481Z Setting up gir1.2-harfbuzz-0.0:amd64 (8.3.0-2build2) ...
2026-10-09T09:11:49.6776922Z Setting up libpthread-stubs0-dev:amd64 (0.4-1build3) ...
2026-10-09T09:11:49.6819702Z Setting up libclass-c3-xs-perl (0.15-1build6) ...
2026-10-09T09:11:49.6840362Z Setting up libgbm-dev:amd64 (25.2.8-0ubuntu0.24.04.4) ...
2026-10-09T09:11:49.6859759Z Setting up libdevel-caller-perl:amd64 (2.07-1build3) ...
2026-10-09T09:11:49.6881136Z Setting up libopengl0:amd64 (1.7.0-1build1) ...
2026-10-09T09:11:49.6900209Z Setting up libsub-install-perl (0.929-1) ...
2026-10-09T09:11:49.6921031Z Setting up libbullet3.24t64:amd64 (3.24+dfsg-2.1build1) ...
2026-10-09T09:11:49.6939780Z Setting up libgd-perl (2.78-1ubuntu0.24.04.1) ...
2026-10-09T09:11:49.6958419Z Setting up libreadonly-perl (2.050-3) ...
2026-10-09T09:11:49.6980487Z Setting up xtrans-dev (1.4.0-1) ...
2026-10-09T09:11:49.6999936Z Setting up libdevel-lexalias-perl (0.05-3build4) ...
2026-10-09T09:11:49.7021656Z Setting up libwayland-bin (1.22.0-2.1build1) ...
2026-10-09T09:11:49.7040436Z Setting up libgraphite2-dev:amd64 (1.3.14-2ubuntu0.24.04.1) ...
2026-10-09T09:11:49.7060013Z Setting up libpackage-stash-xs-perl:amd64 (0.30-1build4) ...
2026-10-09T09:11:49.7078146Z Setting up libegl-mesa0:amd64 (25.2.8-0ubuntu0.24.04.4) ...
2026-10-09T09:11:49.7096142Z Setting up libclass-data-inheritable-perl (0.08-3) ...
2026-10-09T09:11:49.7117852Z Setting up gforth-common (0.7.3+dfsg-9build4.1) ...
2026-10-09T09:11:49.7135152Z Setting up libalgorithm-c3-perl (0.11-2) ...
2026-10-09T09:11:49.7155959Z Setting up libgles2:amd64 (1.7.0-1build1) ...
2026-10-09T09:11:49.7175984Z Setting up libharfbuzz-cairo0:amd64 (8.3.0-2build2) ...
2026-10-09T09:11:49.7194402Z Setting up libdbus-1-dev:amd64 (1.14.10-4ubuntu4.1) ...
2026-10-09T09:11:49.9184940Z Setting up libsyn123-0t64:amd64 (1.32.5-1ubuntu1.1) ...
2026-10-09T09:11:49.9204523Z Setting up libspa-0.2-modules:amd64 (1.0.5-1ubuntu3.3) ...
2026-10-09T09:11:49.9226373Z Setting up libref-util-perl (0.204-2) ...
2026-10-09T09:11:49.9243573Z Setting up libjack0:amd64 (1:0.126.0-2build3) ...
2026-10-09T09:11:49.9265090Z Setting up libglut3.12:amd64 (3.4.0-1build1) ...
2026-10-09T09:11:49.9284827Z Setting up uuid-dev:amd64 (2.39.3-9ubuntu6.6) ...
2026-10-09T09:11:49.9303983Z Setting up libgles1:amd64 (1.7.0-1build1) ...
2026-10-09T09:11:49.9326495Z Setting up libopus0:amd64 (1.4-1build1) ...
2026-10-09T09:11:49.9356040Z Setting up libxv1:amd64 (2:1.0.11-1.1build1) ...
2026-10-09T09:11:49.9377466Z Setting up libpng16-16t64:amd64 (1.6.43-5ubuntu0.7) ...
2026-10-09T09:11:49.9399285Z Setting up libvariable-magic-perl (0.63-1build3) ...
2026-10-09T09:11:49.9419062Z Setting up libb-hooks-op-check-perl:amd64 (0.22-3build1) ...
2026-10-09T09:11:49.9438936Z Setting up libudev-dev:amd64 (255.4-1ubuntu8.17) ...
2026-10-09T09:11:49.9457927Z Setting up libsepol-dev:amd64 (3.5-2build1) ...
2026-10-09T09:11:49.9477994Z Setting up liblerc-dev:amd64 (4.0.0+ds-4ubuntu2) ...
2026-10-09T09:11:49.9498750Z Setting up libglew2.2:amd64 (2.2.0-4build1) ...
2026-10-09T09:11:49.9517098Z Setting up libparams-util-perl (1.102-2build3) ...
2026-10-09T09:11:49.9538211Z Setting up libsub-exporter-progressive-perl (0.001013-3) ...
2026-10-09T09:11:49.9556402Z Setting up libevent-extra-2.1-7t64:amd64 (2.1.12-stable-9ubuntu2.2) ...
2026-10-09T09:11:49.9573919Z Setting up libcapture-tiny-perl (0.48-2) ...
2026-10-09T09:11:49.9594254Z Setting up liblzma-dev:amd64 (5.6.1+really5.4.5-1ubuntu0.3) ...
2026-10-09T09:11:49.9615659Z Setting up libsndio7.0:amd64 (1.9.0-0.3build3) ...
2026-10-09T09:11:49.9633633Z Setting up libsub-name-perl:amd64 (0.27-1build3) ...
2026-10-09T09:11:49.9907972Z Setting up libout123-0t64:amd64 (1.32.5-1ubuntu1.1) ...
2026-10-09T09:11:49.9926454Z Setting up gir1.2-glib-2.0-dev:amd64 (2.80.0-6ubuntu3.9) ...
2026-10-09T09:11:49.9944060Z Setting up libasyncns0:amd64 (0.8-6build4) ...
2026-10-09T09:11:49.9967782Z Setting up libbullet-dev:amd64 (3.24+dfsg-2.1build1) ...
2026-10-09T09:11:49.9984825Z Setting up libegl1:amd64 (1.7.0-1build1) ...
2026-10-09T09:11:50.0005385Z Setting up librole-tiny-perl (2.002004-1) ...
2026-10-09T09:11:50.0023543Z Setting up libdecor-0-0:amd64 (0.2.2-1build2) ...
2026-10-09T09:11:50.0041874Z Setting up libharfbuzz-subset0:amd64 (8.3.0-2build2) ...
2026-10-09T09:11:50.0060782Z Setting up libfile-sharedir-perl (1.118-3) ...
2026-10-09T09:11:50.0077616Z Setting up build-essential (12.10ubuntu1) ...
2026-10-09T09:11:50.0096136Z Setting up xorg-sgml-doctools (1:1.11-1.1) ...
2026-10-09T09:11:50.0128945Z Setting up libsub-quote-perl (2.006008-1ubuntu1) ...
2026-10-09T09:11:50.0149293Z Setting up libdevel-stacktrace-perl (2.0500-1) ...
2026-10-09T09:11:50.0170802Z Setting up libclass-xsaccessor-perl (1.19-4build4) ...
2026-10-09T09:11:50.0188083Z Setting up libglu1-mesa:amd64 (9.0.2-1.1build1) ...
2026-10-09T09:11:50.0205929Z Setting up libflac12t64:amd64 (1.4.3+ds-2.1ubuntu2) ...
2026-10-09T09:11:50.0227917Z Setting up libjack-dev:amd64 (1:0.126.0-2build3) ...
2026-10-09T09:11:50.0246300Z Setting up libopengl-dev:amd64 (1.7.0-1build1) ...
2026-10-09T09:11:50.0264667Z Setting up libjpeg8-dev:amd64 (8c-2ubuntu11) ...
2026-10-09T09:11:50.0294443Z Setting up gforth-lib:amd64 (0.7.3+dfsg-9build4.1) ...
2026-10-09T09:11:50.0311813Z Setting up libspa-0.2-dev:amd64 (1.0.5-1ubuntu3.3) ...
2026-10-09T09:11:50.0330009Z Setting up libasound2-dev:amd64 (1.2.11-1ubuntu0.3) ...
2026-10-09T09:11:50.0349753Z Setting up libsharpyuv-dev:amd64 (1.3.2-0.4build3) ...
2026-10-09T09:11:50.0366295Z Setting up libsamplerate0:amd64 (0.2.2-4build1) ...
2026-10-09T09:11:50.0386049Z Setting up timgm6mb-soundfont (1.3-5) ...
2026-10-09T09:11:50.0470661Z update-alternatives: using /usr/share/sounds/sf2/TimGM6mb.sf2 to provide /usr/share/sounds/sf2/default-GM.sf2 (default-GM.sf2) in auto mode
2026-10-09T09:11:50.0514831Z update-alternatives: using /usr/share/sounds/sf2/TimGM6mb.sf2 to provide /usr/share/sounds/sf3/default-GM.sf3 (default-GM.sf3) in auto mode
2026-10-09T09:11:50.0529861Z Setting up libtiffxx6:amd64 (4.5.1+git230720-4ubuntu2.5) ...
2026-10-09T09:11:50.0548769Z Setting up libdeflate-dev:amd64 (1.19-1build1.1) ...
2026-10-09T09:11:50.0569362Z Setting up libperlio-gzip-perl (0.20-1build4) ...
2026-10-09T09:11:50.0591025Z Setting up gir1.2-ibus-1.0:amd64 (1.5.29-2) ...
2026-10-09T09:11:50.0618509Z Setting up libopusfile0:amd64 (0.12-4build3) ...
2026-10-09T09:11:50.0640913Z Setting up libpipewire-0.3-0t64:amd64 (1.0.5-1ubuntu3.3) ...
2026-10-09T09:11:50.0661632Z Setting up libdecor-0-plugin-1-gtk:amd64 (0.2.2-1build2) ...
2026-10-09T09:11:50.0684960Z Setting up libsystemd-dev:amd64 (255.4-1ubuntu8.17) ...
2026-10-09T09:11:50.0704214Z Setting up libbrotli-dev:amd64 (1.1.0-2build2) ...
2026-10-09T09:11:50.0726171Z Setting up libmp3lame0:amd64 (3.100-6build1) ...
2026-10-09T09:11:50.0746267Z Setting up libvorbisenc2:amd64 (1.3.7-1build3) ...
2026-10-09T09:11:50.0766348Z Setting up libbz2-dev:amd64 (1.0.8-5.1ubuntu0.1) ...
2026-10-09T09:11:50.0785177Z Setting up libvorbis-dev:amd64 (1.3.7-1build3) ...
2026-10-09T09:11:50.0803620Z Setting up libblkid-dev:amd64 (2.39.3-9ubuntu6.6) ...
2026-10-09T09:11:50.0822837Z Setting up libflac-dev:amd64 (1.4.3+ds-2.1ubuntu2) ...
2026-10-09T09:11:50.0840542Z Setting up libdrm-dev:amd64 (2.4.125-1ubuntu0.1~24.04.2) ...
2026-10-09T09:11:50.0861330Z Setting up libsndio-dev:amd64 (1.9.0-0.3build3) ...
2026-10-09T09:11:50.0880651Z Setting up libpng-tools (1.6.43-5ubuntu0.7) ...
2026-10-09T09:11:50.0900971Z Setting up libselinux1-dev:amd64 (3.5-2ubuntu2.1) ...
2026-10-09T09:11:50.0921110Z Setting up libsamplerate0-dev:amd64 (0.2.2-4build1) ...
2026-10-09T09:11:50.0938927Z Setting up libpng-dev:amd64 (1.6.43-5ubuntu0.7) ...
2026-10-09T09:11:50.0960368Z Setting up libjpeg-dev:amd64 (8c-2ubuntu11) ...
2026-10-09T09:11:50.0978462Z Setting up libexception-class-perl (1.45-1) ...
2026-10-09T09:11:50.1000917Z Setting up libclass-c3-perl (0.35-2) ...
2026-10-09T09:11:50.1020662Z Setting up libdevel-callchecker-perl:amd64 (0.008-2build3) ...
2026-10-09T09:11:50.1038113Z Setting up libwayland-dev:amd64 (1.22.0-2.1build1) ...
2026-10-09T09:11:50.1061437Z Setting up libopus-dev:amd64 (1.4-1build1) ...
2026-10-09T09:11:50.1079808Z Setting up libmpg123-dev:amd64 (1.32.5-1ubuntu1.1) ...
2026-10-09T09:11:50.1102363Z Setting up libdecor-0-dev:amd64 (0.2.2-1build2) ...
2026-10-09T09:11:50.1120613Z Setting up libwebp-dev:amd64 (1.3.2-0.4build3) ...
2026-10-09T09:11:50.1138304Z Setting up libfreetype6:amd64 (2.13.2+dfsg-1ubuntu0.2) ...
2026-10-09T09:11:50.1158746Z Setting up libtiff-dev:amd64 (4.5.1+git230720-4ubuntu2.5) ...
2026-10-09T09:11:50.1177289Z Setting up gir1.2-freedesktop-dev:amd64 (1.80.1-1) ...
2026-10-09T09:11:50.1198199Z Setting up libevent-dev (2.1.12-stable-9ubuntu2.2) ...
2026-10-09T09:11:50.1228532Z Setting up libdata-optlist-perl (0.114-1) ...
2026-10-09T09:11:50.1249047Z Setting up libpipewire-0.3-dev:amd64 (1.0.5-1ubuntu3.3) ...
2026-10-09T09:11:50.1267596Z Setting up gforth (0.7.3+dfsg-9build4.1) ...
2026-10-09T09:11:50.1721734Z Setting up libsndfile1:amd64 (1.2.2-1ubuntu5.24.04.1) ...
2026-10-09T09:11:50.1741564Z Setting up libmro-compat-perl (0.15-2) ...
2026-10-09T09:11:50.1762841Z Setting up libinstpatch-1.0-2:amd64 (1.1.6-1build2) ...
2026-10-09T09:11:50.1786084Z Setting up libmount-dev:amd64 (2.39.3-9ubuntu6.6) ...
2026-10-09T09:11:50.1804617Z Setting up libsub-exporter-perl (0.990-1) ...
2026-10-09T09:11:50.1822842Z Setting up libeval-closure-perl (0.14-3) ...
2026-10-09T09:11:50.1848444Z Setting up libparams-validationcompiler-perl (0.31-1) ...
2026-10-09T09:11:50.1869010Z Setting up libpulse0:amd64 (1:16.1+dfsg1-2ubuntu10.1) ...
2026-10-09T09:11:50.1941429Z Setting up libparams-classify-perl:amd64 (0.015-2build5) ...
2026-10-09T09:11:50.1961750Z Setting up libopusfile-dev:amd64 (0.12-4build3) ...
2026-10-09T09:11:50.1982163Z Setting up libfreetype-dev:amd64 (2.13.2+dfsg-1ubuntu0.2) ...
2026-10-09T09:11:50.2003104Z Setting up libglib2.0-dev:amd64 (2.80.0-6ubuntu3.9) ...
2026-10-09T09:11:50.2023085Z Setting up libmodule-runtime-perl (0.016-2) ...
2026-10-09T09:11:50.2046392Z Setting up libsndfile1-dev:amd64 (1.2.2-1ubuntu5.24.04.1) ...
2026-10-09T09:11:50.2067868Z Setting up libpulse-mainloop-glib0:amd64 (1:16.1+dfsg1-2ubuntu10.1) ...
2026-10-09T09:11:50.2091722Z Setting up libsdl2-2.0-0:amd64 (2.30.0+dfsg-1ubuntu3.1) ...
2026-10-09T09:11:50.2109883Z Setting up libfluidsynth3:amd64 (2.3.4-1build3) ...
2026-10-09T09:11:50.2129883Z Setting up libsdl2-image-2.0-0:amd64 (2.8.2+dfsg-1build2) ...
2026-10-09T09:11:50.2150524Z Setting up libmodule-implementation-perl (0.09-2) ...
2026-10-09T09:11:50.2174966Z Setting up libpackage-stash-perl (0.40-1) ...
2026-10-09T09:11:50.2197343Z Setting up libspecio-perl (0.48-1) ...
2026-10-09T09:11:50.2471409Z Setting up libsdl2-mixer-2.0-0:amd64 (2.8.0+dfsg-1build3) ...
2026-10-09T09:11:50.2492144Z Setting up libsdl2-ttf-2.0-0:amd64 (2.22.0+dfsg-1) ...
2026-10-09T09:11:50.2513728Z Setting up libb-hooks-endofscope-perl (0.28-1) ...
2026-10-09T09:11:50.2530510Z Setting up libnamespace-clean-perl (0.27-2) ...
2026-10-09T09:11:50.2548051Z Setting up libnamespace-autoclean-perl (0.29-2) ...
2026-10-09T09:11:50.2564634Z Setting up libdatetime-locale-perl (1:1.37-1) ...
2026-10-09T09:11:50.2584000Z Setting up libdatetime-timezone-perl (1:2.62-1+2024a) ...
2026-10-09T09:11:50.2603224Z Setting up libdatetime-perl (2:1.65-1build2) ...
2026-10-09T09:11:50.2622641Z Setting up lcov (2.0-4ubuntu2) ...
2026-10-09T09:11:50.2957676Z Processing triggers for man-db (2.12.0-4build2) ...
2026-10-09T09:11:50.2981019Z Not building database; man-db/auto-update is not 'true'.
2026-10-09T09:11:50.3021642Z Processing triggers for libglib2.0-0t64:amd64 (2.80.0-6ubuntu3.9) ...
2026-10-09T09:11:50.3529115Z Setting up libpulse-dev:amd64 (1:16.1+dfsg1-2ubuntu10.1) ...
2026-10-09T09:11:50.3557537Z Processing triggers for sgml-base (1.31) ...
2026-10-09T09:11:50.4028856Z Processing triggers for install-info (7.1-3build2) ...
2026-10-09T09:11:50.5126328Z Setting up libinstpatch-dev:amd64 (1.1.6-1build2) ...
2026-10-09T09:11:50.5163356Z Setting up x11proto-dev (2023.2-1) ...
2026-10-09T09:11:50.5185217Z Setting up libharfbuzz-dev:amd64 (8.3.0-2build2) ...
2026-10-09T09:11:50.5215316Z Setting up libxau-dev:amd64 (1:1.0.9-1build6) ...
2026-10-09T09:11:50.5246029Z Setting up libice-dev:amd64 (2:1.0.10-1build3) ...
2026-10-09T09:11:50.5267996Z Setting up libsm-dev:amd64 (2:1.2.3-1build3) ...
2026-10-09T09:11:50.5291488Z Processing triggers for libc-bin (2.39-0ubuntu8.9) ...
2026-10-09T09:11:50.5696776Z Setting up libibus-1.0-dev:amd64 (1.5.29-2) ...
2026-10-09T09:11:50.5734140Z Setting up libxdmcp-dev:amd64 (1:1.1.3-0ubuntu6) ...
2026-10-09T09:11:50.5837444Z Setting up libxcb1-dev:amd64 (1.15-1ubuntu2) ...
2026-10-09T09:11:50.5877248Z Setting up libx11-dev:amd64 (2:1.8.7-1build1) ...
2026-10-09T09:11:50.5905138Z Setting up libxfixes-dev:amd64 (1:6.0.0-2build1) ...
2026-10-09T09:11:50.5959471Z Setting up libxt-dev:amd64 (1:1.2.1-1.2build1) ...
2026-10-09T09:11:50.5993535Z Setting up libxext-dev:amd64 (2:1.3.4-1build2) ...
2026-10-09T09:11:50.6027482Z Setting up libglx-dev:amd64 (1.7.0-1build1) ...
2026-10-09T09:11:50.6061631Z Setting up libxi-dev:amd64 (2:1.8.1-1build1) ...
2026-10-09T09:11:50.6090064Z Setting up libxrender-dev:amd64 (1:0.9.10-1.1build1) ...
2026-10-09T09:11:50.6116923Z Setting up libgl-dev:amd64 (1.7.0-1build1) ...
2026-10-09T09:11:50.6160952Z Setting up libegl-dev:amd64 (1.7.0-1build1) ...
2026-10-09T09:11:50.6186640Z Setting up libxcursor-dev:amd64 (1:1.2.1-1build1) ...
2026-10-09T09:11:50.6207569Z Setting up libxxf86vm-dev:amd64 (1:1.1.4-1build4) ...
2026-10-09T09:11:50.6238541Z Setting up libxss-dev:amd64 (1:1.2.3-1build3) ...
2026-10-09T09:11:50.6281816Z Setting up libxv-dev:amd64 (2:1.0.11-1.1build1) ...
2026-10-09T09:11:50.6323306Z Setting up libxrandr-dev:amd64 (2:1.5.2-2build1) ...
2026-10-09T09:11:50.6357581Z Setting up libglu1-mesa-dev:amd64 (9.0.2-1.1build1) ...
2026-10-09T09:11:50.6387605Z Setting up libxinerama-dev:amd64 (2:1.1.4-3build1) ...
2026-10-09T09:11:50.6435390Z Setting up libgles-dev:amd64 (1.7.0-1build1) ...
2026-10-09T09:11:50.6479389Z Setting up libsdl2-dev:amd64 (2.30.0+dfsg-1ubuntu3.1) ...
2026-10-09T09:11:50.6509512Z Setting up libglvnd-dev:amd64 (1.7.0-1build1) ...
2026-10-09T09:11:50.6540650Z Setting up libfluidsynth-dev:amd64 (2.3.4-1build3) ...
2026-10-09T09:11:50.6573154Z Setting up libglew-dev:amd64 (2.2.0-4build1) ...
2026-10-09T09:11:50.6603406Z Setting up libsdl2-ttf-dev:amd64 (2.22.0+dfsg-1) ...
2026-10-09T09:11:50.6630275Z Setting up libsdl2-mixer-dev:amd64 (2.8.0+dfsg-1build3) ...
2026-10-09T09:11:50.6651448Z Setting up libgl1-mesa-dev:amd64 (25.2.8-0ubuntu0.24.04.4) ...
2026-10-09T09:11:50.6681898Z Setting up libsdl2-image-dev:amd64 (2.8.2+dfsg-1build2) ...
2026-10-09T09:11:50.6704096Z Setting up libglut-dev:amd64 (3.4.0-1build1) ...
2026-10-09T09:11:50.6744638Z Setting up libegl1-mesa-dev:amd64 (25.2.8-0ubuntu0.24.04.4) ...
2026-10-09T09:11:50.6766790Z Setting up libglfw3-dev:amd64 (3.3.10-1build1) ...
2026-10-09T09:11:50.6789540Z Setting up freeglut3-dev:amd64 (3.4.0-1build1) ...
2026-10-09T09:11:51.3465963Z 
2026-10-09T09:11:51.3466632Z Running kernel seems to be up-to-date.
2026-10-09T09:11:51.3467168Z 
2026-10-09T09:11:51.3467389Z Restarting services...
2026-10-09T09:11:51.3543514Z  systemctl restart php8.3-fpm.service
2026-10-09T09:11:51.4672462Z 
2026-10-09T09:11:51.4674076Z No containers need to be restarted.
2026-10-09T09:11:51.4674510Z 
2026-10-09T09:11:51.4679610Z No user sessions are running outdated binaries.
2026-10-09T09:11:51.4680103Z 
2026-10-09T09:11:51.4680645Z No VM guests are running outdated hypervisor (qemu) binaries on this host.
2026-10-09T09:11:52.5432975Z apt install succeeded on attempt 1
2026-10-09T09:11:52.6907994Z ##[group]Run make coverage
2026-10-09T09:11:52.6908334Z make coverage
2026-10-09T09:11:52.6973251Z shell: /usr/bin/bash -e {0}
2026-10-09T09:11:52.6973575Z env:
2026-10-09T09:11:52.6973920Z   NANO_VERIFY_CORPUS_LOG_ROOT: .test_output/verifier-corpus
2026-10-09T09:11:52.6974387Z   NANO_SHADOW_TIMEOUT_SECONDS: 60
2026-10-09T09:11:52.6974850Z ##[endgroup]
2026-10-09T09:11:53.0606206Z rm -f "lib/libnano_file_runtime.a"
2026-10-09T09:11:53.0653825Z I clean compiler artifacts and retain module runtime caches.
2026-10-09T09:11:53.0656003Z python3 scripts/clean_build_trees.py --root "obj" --root "obj/build_bootstrap" \
2026-10-09T09:11:53.0656617Z 	--root "coverage" --root "bin" \
2026-10-09T09:11:53.0657406Z 	--cache "obj/module_cache" --cache "/home/runner/work/nanolang/nanolang/obj/module_cache" \
2026-10-09T09:11:53.0659647Z 	--file ".stage1.built" --file ".stage2.built" --file ".stage3.built" --file ".bootstrap0.built" --file ".bootstrap1.built" --file ".bootstrap2.built" --file ".bootstrap3.built" \
2026-10-09T09:11:53.0661553Z 	--file "obj/build_bootstrap/schema.stamp" --file coverage.info --file test.nano \
2026-10-09T09:11:53.0662686Z 	--file test_output.c --file test_program --root .test_output \
2026-10-09T09:11:53.0663685Z 	--glob '*.out' --glob '*.out.c' --glob 'tests/**/*.out' --glob 'tests/**/*.out.c' \
2026-10-09T09:11:53.0664624Z 	--glob '*.gcda' --glob '*.gcno' --glob '*.gcov' \
2026-10-09T09:11:53.0665670Z 	--glob 'formal/*.vo' --glob 'formal/*.vok' --glob 'formal/*.vos' \
2026-10-09T09:11:53.0666421Z 	--glob 'formal/*.glob' --glob 'formal/.*.aux'
2026-10-09T09:11:53.1166944Z ✅ Clean complete - ready for fresh build
2026-10-09T09:11:53.1176436Z mkdir -p obj/build_bootstrap
2026-10-09T09:11:53.1225023Z [schema] Generating compiler schema artifacts...
2026-10-09T09:11:53.1244980Z [schema] Using Python version (bootstrap)...
2026-10-09T09:11:53.1663795Z [tool] Building module index generator (C)...
2026-10-09T09:11:55.2966283Z [modules] Generating module index from manifests...
2026-10-09T09:11:55.3068863Z Generating module index...
2026-10-09T09:11:55.3069375Z Found 47 module manifests
2026-10-09T09:11:55.3070124Z   ✓ audio_viz
2026-10-09T09:11:55.3070650Z   ✓ pybridge_matplotlib
2026-10-09T09:11:55.3071197Z   ✓ openai
2026-10-09T09:11:55.3071641Z   ✓ stdlib
2026-10-09T09:11:55.3072083Z   ✓ github
2026-10-09T09:11:55.3072537Z   ✓ pybridge
2026-10-09T09:11:55.3073000Z   ✓ sqlite
2026-10-09T09:11:55.3073606Z   ✓ pt2_audio
2026-10-09T09:11:55.3074079Z   ✓ sdl_image
2026-10-09T09:11:55.3074549Z   ✓ sdl_helpers
2026-10-09T09:11:55.3075261Z   ✓ event
2026-10-09T09:11:55.3075596Z   ✓ nano_tools
2026-10-09T09:11:55.3075892Z   ✓ sdl
2026-10-09T09:11:55.3076324Z   ✓ tools
2026-10-09T09:11:55.3076810Z   ✓ preferences
2026-10-09T09:11:55.3077358Z   ✓ readline
2026-10-09T09:11:55.3077898Z   ✓ proptest
2026-10-09T09:11:55.3078395Z   ✓ nano_highlight
2026-10-09T09:11:55.3078901Z   ✓ glew
2026-10-09T09:11:55.3079369Z   ✓ pt2_state
2026-10-09T09:11:55.3079669Z   ✓ sdl_mixer
2026-10-09T09:11:55.3079969Z   ✓ nanoisa
2026-10-09T09:11:55.3080250Z   ✓ filesystem
2026-10-09T09:11:55.3080539Z   ✓ mujoco
2026-10-09T09:11:55.3081034Z   ✓ unicode
2026-10-09T09:11:55.3081319Z   ✓ ui_widgets
2026-10-09T09:11:55.3081603Z   ✓ pty
2026-10-09T09:11:55.3081885Z   ✓ http_server
2026-10-09T09:11:55.3082177Z   ✓ std
2026-10-09T09:11:55.3082446Z   ✓ curl
2026-10-09T09:11:55.3082721Z   ✓ sdl_ttf
2026-10-09T09:11:55.3083005Z   ✓ math_ext
2026-10-09T09:11:55.3083305Z   ✓ glfw
2026-10-09T09:11:55.3083577Z   ✓ sdl_term
2026-10-09T09:11:55.3083869Z   ✓ pybridge_warp
2026-10-09T09:11:55.3084434Z   ✓ pt2_module
2026-10-09T09:11:55.3084980Z   ✓ uv
2026-10-09T09:11:55.3085371Z   ✓ nano_eval
2026-10-09T09:11:55.3095738Z   ✓ forth_see
2026-10-09T09:11:55.3096180Z   ✓ vector2d
2026-10-09T09:11:55.3096553Z   ✓ ncurses
2026-10-09T09:11:55.3096898Z   ✓ stdio
2026-10-09T09:11:55.3097223Z   ✓ opengl
2026-10-09T09:11:55.3097556Z   ✓ bullet
2026-10-09T09:11:55.3097836Z   ✓ glut
2026-10-09T09:11:55.3098056Z   ✓ audio_helpers
2026-10-09T09:11:55.3098529Z   ✓ log
2026-10-09T09:11:55.3098652Z 
2026-10-09T09:11:55.3098792Z ✓ Generated modules/index.json
2026-10-09T09:11:55.3099045Z   47 modules indexed
2026-10-09T09:11:55.3103240Z mkdir -p obj/runtime
2026-10-09T09:11:55.3133599Z mkdir -p obj/eval
2026-10-09T09:11:55.3194627Z cc -Wall -Wextra -Werror -std=c99 -g -O3 -ftree-vectorize -fPIC -Isrc -D_GNU_SOURCE  -fprofile-arcs -ftest-coverage -MMD -MP -c src/bcp47.c -o obj/bcp47.o
2026-10-09T09:11:55.4628275Z cc -Wall -Wextra -Werror -std=c99 -g -O3 -ftree-vectorize -fPIC -Isrc -D_GNU_SOURCE  -fprofile-arcs -ftest-coverage -MMD -MP -c src/bench.c -o obj/bench.o
2026-10-09T09:11:55.6189410Z cc -Wall -Wextra -Werror -std=c99 -g -O3 -ftree-vectorize -fPIC -Isrc -D_GNU_SOURCE  -fprofile-arcs -ftest-coverage -MMD -MP -c src/bench_native.c -o obj/bench_native.o
2026-10-09T09:11:55.6677767Z cc -Wall -Wextra -Werror -std=c99 -g -O3 -ftree-vectorize -fPIC -Isrc -D_GNU_SOURCE  -fprofile-arcs -ftest-coverage -MMD -MP -c src/builtins_registry.c -o obj/builtins_registry.o
2026-10-09T09:11:55.7030595Z cc -Wall -Wextra -Werror -std=c99 -g -O3 -ftree-vectorize -fPIC -Isrc -D_GNU_SOURCE  -fprofile-arcs -ftest-coverage -MMD -MP -c src/cJSON.c -o obj/cJSON.o
2026-10-09T09:11:56.4886778Z cc -Wall -Wextra -Werror -std=c99 -g -O3 -ftree-vectorize -fPIC -Isrc -D_GNU_SOURCE  -fprofile-arcs -ftest-coverage -MMD -MP -c src/c_backend.c -o obj/c_backend.o
2026-10-09T09:11:58.4370024Z cc -Wall -Wextra -Werror -std=c99 -g -O3 -ftree-vectorize -fPIC -Isrc -D_GNU_SOURCE  -fprofile-arcs -ftest-coverage -MMD -MP -c src/catalog.c -o obj/catalog.o
2026-10-09T09:11:58.6920268Z cc -Wall -Wextra -Werror -std=c99 -g -O3 -ftree-vectorize -fPIC -Isrc -D_GNU_SOURCE  -fprofile-arcs -ftest-coverage -MMD -MP -c src/channel.c -o obj/channel.o
2026-10-09T09:11:58.7821019Z cc -Wall -Wextra -Werror -std=c99 -g -O3 -ftree-vectorize -fPIC -Isrc -D_GNU_SOURCE  -fprofile-arcs -ftest-coverage -MMD -MP -c src/coroutine.c -o obj/coroutine.o
2026-10-09T09:11:58.9384292Z cc -Wall -Wextra -Werror -std=c99 -g -O3 -ftree-vectorize -fPIC -Isrc -D_GNU_SOURCE  -fprofile-arcs -ftest-coverage -MMD -MP -c src/cps_pass.c -o obj/cps_pass.o
2026-10-09T09:11:59.0342806Z cc -Wall -Wextra -Werror -std=c99 -g -O3 -ftree-vectorize -fPIC -Isrc -D_GNU_SOURCE  -fprofile-arcs -ftest-coverage -MMD -MP -c src/dce_pass.c -o obj/dce_pass.o
2026-10-09T09:11:59.2342763Z cc -Wall -Wextra -Werror -std=c99 -g -O3 -ftree-vectorize -fPIC -Isrc -D_GNU_SOURCE  -fprofile-arcs -ftest-coverage -MMD -MP -c src/diag_id.c -o obj/diag_id.o
2026-10-09T09:11:59.2622753Z cc -Wall -Wextra -Werror -std=c99 -g -O3 -ftree-vectorize -fPIC -Isrc -D_GNU_SOURCE  -fprofile-arcs -ftest-coverage -MMD -MP -c src/docgen.c -o obj/docgen.o
2026-10-09T09:11:59.6235572Z cc -Wall -Wextra -Werror -std=c99 -g -O3 -ftree-vectorize -fPIC -Isrc -D_GNU_SOURCE  -fprofile-arcs -ftest-coverage -MMD -MP -c src/docgen_md.c -o obj/docgen_md.o
2026-10-09T09:11:59.9526394Z cc -Wall -Wextra -Werror -std=c99 -g -O3 -ftree-vectorize -fPIC -Isrc -D_GNU_SOURCE  -fprofile-arcs -ftest-coverage -MMD -MP -c src/dwarf_info.c -o obj/dwarf_info.o
2026-10-09T09:12:00.0361897Z cc -Wall -Wextra -Werror -std=c99 -g -O3 -ftree-vectorize -fPIC -Isrc -D_GNU_SOURCE  -fprofile-arcs -ftest-coverage -MMD -MP -c src/effects.c -o obj/effects.o
2026-10-09T09:12:00.3442356Z cc -Wall -Wextra -Werror -std=c99 -g -O3 -ftree-vectorize -fPIC -Isrc -D_GNU_SOURCE  -fprofile-arcs -ftest-coverage -MMD -MP -c src/emit_typed_ast.c -o obj/emit_typed_ast.o
2026-10-09T09:12:00.6077809Z cc -Wall -Wextra -Werror -std=c99 -g -O3 -ftree-vectorize -fPIC -Isrc -D_GNU_SOURCE  -fprofile-arcs -ftest-coverage -MMD -MP -c src/env.c -o obj/env.o
2026-10-09T09:12:01.8460742Z cc -Wall -Wextra -Werror -std=c99 -g -O3 -ftree-vectorize -fPIC -Isrc -D_GNU_SOURCE  -fprofile-arcs -ftest-coverage -MMD -MP -ffp-contract=off -fno-fast-math -c src/eval.c -o obj/eval.o
2026-10-09T09:12:05.5711504Z cc -Wall -Wextra -Werror -std=c99 -g -O3 -ftree-vectorize -fPIC -Isrc -D_GNU_SOURCE  -fprofile-arcs -ftest-coverage -MMD -MP -c src/eval/eval_hashmap.c -o obj/eval/eval_hashmap.o
2026-10-09T09:12:05.6867980Z cc -Wall -Wextra -Werror -std=c99 -g -O3 -ftree-vectorize -fPIC -Isrc -D_GNU_SOURCE  -fprofile-arcs -ftest-coverage -MMD -MP -c src/eval/eval_io.c -o obj/eval/eval_io.o
2026-10-09T09:12:06.0955114Z cc -Wall -Wextra -Werror -std=c99 -g -O3 -ftree-vectorize -fPIC -Isrc -D_GNU_SOURCE  -fprofile-arcs -ftest-coverage -MMD -MP -c src/eval/eval_math.c -o obj/eval/eval_math.o
2026-10-09T09:12:06.2203795Z cc -Wall -Wextra -Werror -std=c99 -g -O3 -ftree-vectorize -fPIC -Isrc -D_GNU_SOURCE  -fprofile-arcs -ftest-coverage -MMD -MP -c src/eval/eval_string.c -o obj/eval/eval_string.o
2026-10-09T09:12:06.3955669Z cc -Wall -Wextra -Werror -std=c99 -g -O3 -ftree-vectorize -fPIC -Isrc -D_GNU_SOURCE  -fprofile-arcs -ftest-coverage -MMD -MP -c src/fmt.c -o obj/fmt.o
2026-10-09T09:12:06.6283719Z cc -Wall -Wextra -Werror -std=c99 -g -O3 -ftree-vectorize -fPIC -Isrc -D_GNU_SOURCE  -fprofile-arcs -ftest-coverage -MMD -MP -c src/fold_constants.c -o obj/fold_constants.o
2026-10-09T09:12:06.8578221Z cc -Wall -Wextra -Werror -std=c99 -g -O3 -ftree-vectorize -fPIC -Isrc -D_GNU_SOURCE  -fprofile-arcs -ftest-coverage -MMD -MP -c src/interpreter_ffi.c -o obj/interpreter_ffi.o
2026-10-09T09:12:07.0467101Z cc -Wall -Wextra -Werror -std=c99 -g -O3 -ftree-vectorize -fPIC -Isrc -D_GNU_SOURCE  -fprofile-arcs -ftest-coverage -MMD -MP -c src/json_diagnostics.c -o obj/json_diagnostics.o
2026-10-09T09:12:07.1630327Z cc -Wall -Wextra -Werror -std=c99 -g -O3 -ftree-vectorize -fPIC -Isrc -D_GNU_SOURCE  -fprofile-arcs -ftest-coverage -MMD -MP -c src/lexer.c -o obj/lexer.o
2026-10-09T09:12:07.6310173Z cc -Wall -Wextra -Werror -std=c99 -g -O3 -ftree-vectorize -fPIC -Isrc -D_GNU_SOURCE  -fprofile-arcs -ftest-coverage -MMD -MP -c src/locale.c -o obj/locale.o
2026-10-09T09:12:07.7240717Z cc -Wall -Wextra -Werror -std=c99 -g -O3 -ftree-vectorize -fPIC -Isrc -D_GNU_SOURCE  -fprofile-arcs -ftest-coverage -MMD -MP -c src/main.c -o obj/main.o
2026-10-09T09:12:08.6296776Z cc -Wall -Wextra -Werror -std=c99 -g -O3 -ftree-vectorize -fPIC -Isrc -D_GNU_SOURCE  -fprofile-arcs -ftest-coverage -MMD -MP -c src/module.c -o obj/module.o
2026-10-09T09:12:09.8346212Z cc -Wall -Wextra -Werror -std=c99 -g -O3 -ftree-vectorize -fPIC -Isrc -D_GNU_SOURCE  -fprofile-arcs -ftest-coverage -MMD -MP -c src/module_builder.c -o obj/module_builder.o
2026-10-09T09:12:14.9361014Z cc -Wall -Wextra -Werror -std=c99 -g -O3 -ftree-vectorize -fPIC -Isrc -D_GNU_SOURCE  -fprofile-arcs -ftest-coverage -MMD -MP -c src/module_metadata.c -o obj/module_metadata.o
2026-10-09T09:12:16.1391980Z cc -Wall -Wextra -Werror -std=c99 -g -O3 -ftree-vectorize -fPIC -Isrc -D_GNU_SOURCE  -fprofile-arcs -ftest-coverage -MMD -MP -c src/nanocore_export.c -o obj/nanocore_export.o
2026-10-09T09:12:16.4361607Z cc -Wall -Wextra -Werror -std=c99 -g -O3 -ftree-vectorize -fPIC -Isrc -D_GNU_SOURCE  -fprofile-arcs -ftest-coverage -MMD -MP -c src/nanocore_subset.c -o obj/nanocore_subset.o
2026-10-09T09:12:16.6284686Z mkdir -p obj/nanoisa
2026-10-09T09:12:16.6362463Z cc -Wall -Wextra -Werror -std=c99 -g -O3 -ftree-vectorize -fPIC -Isrc -D_GNU_SOURCE  -fprofile-arcs -ftest-coverage -MMD -MP -Isrc/nanoisa -c src/nanoisa/affine_bytecode.c -o obj/nanoisa/affine_bytecode.o
2026-10-09T09:12:17.6109504Z cc -Wall -Wextra -Werror -std=c99 -g -O3 -ftree-vectorize -fPIC -Isrc -D_GNU_SOURCE  -fprofile-arcs -ftest-coverage -MMD -MP -Isrc/nanoisa -c src/nanoisa/affine_state.c -o obj/nanoisa/affine_state.o
2026-10-09T09:12:19.8681241Z cc -Wall -Wextra -Werror -std=c99 -g -O3 -ftree-vectorize -fPIC -Isrc -D_GNU_SOURCE  -fprofile-arcs -ftest-coverage -MMD -MP -Isrc/nanoisa -c src/nanoisa/assembler.c -o obj/nanoisa/assembler.o
2026-10-09T09:12:20.7778552Z cc -Wall -Wextra -Werror -std=c99 -g -O3 -ftree-vectorize -fPIC -Isrc -D_GNU_SOURCE  -fprofile-arcs -ftest-coverage -MMD -MP -Isrc/nanoisa -c src/nanoisa/disassembler.c -o obj/nanoisa/disassembler.o
2026-10-09T09:12:21.0572847Z cc -Wall -Wextra -Werror -std=c99 -g -O3 -ftree-vectorize -fPIC -Isrc -D_GNU_SOURCE  -fprofile-arcs -ftest-coverage -MMD -MP -Isrc/nanoisa -c src/nanoisa/file_flow.c -o obj/nanoisa/file_flow.o
2026-10-09T09:12:24.8921451Z cc -Wall -Wextra -Werror -std=c99 -g -O3 -ftree-vectorize -fPIC -Isrc -D_GNU_SOURCE  -fprofile-arcs -ftest-coverage -MMD -MP -Isrc/nanoisa -c src/nanoisa/frontend.c -o obj/nanoisa/frontend.o
2026-10-09T09:12:25.0290698Z cc -Wall -Wextra -Werror -std=c99 -g -O3 -ftree-vectorize -fPIC -Isrc -D_GNU_SOURCE  -fprofile-arcs -ftest-coverage -MMD -MP -Isrc/nanoisa -c src/nanoisa/isa.c -o obj/nanoisa/isa.o
2026-10-09T09:12:25.1385289Z cc -Wall -Wextra -Werror -std=c99 -g -O3 -ftree-vectorize -fPIC -Isrc -D_GNU_SOURCE  -fprofile-arcs -ftest-coverage -MMD -MP -Isrc/nanoisa -c src/nanoisa/local_bindings.c -o obj/nanoisa/local_bindings.o
2026-10-09T09:12:25.2712252Z cc -Wall -Wextra -Werror -std=c99 -g -O3 -ftree-vectorize -fPIC -Isrc -D_GNU_SOURCE  -fprofile-arcs -ftest-coverage -MMD -MP -Isrc/nanoisa -c src/nanoisa/managed_array_shapes.c -o obj/nanoisa/managed_array_shapes.o
2026-10-09T09:12:27.1780065Z cc -Wall -Wextra -Werror -std=c99 -g -O3 -ftree-vectorize -fPIC -Isrc -D_GNU_SOURCE  -fprofile-arcs -ftest-coverage -MMD -MP -Isrc/nanoisa -c src/nanoisa/mixed_float_proof.c -o obj/nanoisa/mixed_float_proof.o
2026-10-09T09:12:27.8363097Z cc -Wall -Wextra -Werror -std=c99 -g -O3 -ftree-vectorize -fPIC -Isrc -D_GNU_SOURCE  -fprofile-arcs -ftest-coverage -MMD -MP -Isrc/nanoisa -Imodules/nanoisa -c modules/nanoisa/nanoisa.c -o obj/nanoisa/nanoisa_facade.o
2026-10-09T09:12:28.0988324Z cc -Wall -Wextra -Werror -std=c99 -g -O3 -ftree-vectorize -fPIC -Isrc -D_GNU_SOURCE  -fprofile-arcs -ftest-coverage -MMD -MP -Isrc/nanoisa -c src/nanoisa/nvm2c.c -o obj/nanoisa/nvm2c.o
2026-10-09T09:12:34.2755485Z cc -Wall -Wextra -Werror -std=c99 -g -O3 -ftree-vectorize -fPIC -Isrc -D_GNU_SOURCE  -fprofile-arcs -ftest-coverage -MMD -MP -Isrc/nanoisa -c src/nanoisa/nvm2c_callables.c -o obj/nanoisa/nvm2c_callables.o
2026-10-09T09:12:34.7541262Z cc -Wall -Wextra -Werror -std=c99 -g -O3 -ftree-vectorize -fPIC -Isrc -D_GNU_SOURCE  -fprofile-arcs -ftest-coverage -MMD -MP -Isrc/nanoisa -c src/nanoisa/nvm2c_shape.c -o obj/nanoisa/nvm2c_shape.o
2026-10-09T09:12:35.1892281Z cc -Wall -Wextra -Werror -std=c99 -g -O3 -ftree-vectorize -fPIC -Isrc -D_GNU_SOURCE  -fprofile-arcs -ftest-coverage -MMD -MP -Isrc/nanoisa -c src/nanoisa/nvm_format.c -o obj/nanoisa/nvm_format.o
2026-10-09T09:12:35.7548048Z cc -Wall -Wextra -Werror -std=c99 -g -O3 -ftree-vectorize -fPIC -Isrc -D_GNU_SOURCE  -fprofile-arcs -ftest-coverage -MMD -MP -Isrc/nanoisa -c src/nanoisa/nvm_format_v2.c -o obj/nanoisa/nvm_format_v2.o
2026-10-09T09:12:35.8615675Z cc -Wall -Wextra -Werror -std=c99 -g -O3 -ftree-vectorize -fPIC -Isrc -D_GNU_SOURCE  -fprofile-arcs -ftest-coverage -MMD -MP -Isrc/nanoisa -c src/nanoisa/nvm_v2_constants.c -o obj/nanoisa/nvm_v2_constants.o
2026-10-09T09:12:35.9387903Z cc -Wall -Wextra -Werror -std=c99 -g -O3 -ftree-vectorize -fPIC -Isrc -D_GNU_SOURCE  -fprofile-arcs -ftest-coverage -MMD -MP -Isrc/nanoisa -c src/nanoisa/nvm_v2_convert.c -o obj/nanoisa/nvm_v2_convert.o
2026-10-09T09:12:36.3837680Z cc -Wall -Wextra -Werror -std=c99 -g -O3 -ftree-vectorize -fPIC -Isrc -D_GNU_SOURCE  -fprofile-arcs -ftest-coverage -MMD -MP -Isrc/nanoisa -c src/nanoisa/nvm_v2_cursor.c -o obj/nanoisa/nvm_v2_cursor.o
2026-10-09T09:12:36.4328946Z cc -Wall -Wextra -Werror -std=c99 -g -O3 -ftree-vectorize -fPIC -Isrc -D_GNU_SOURCE  -fprofile-arcs -ftest-coverage -MMD -MP -Isrc/nanoisa -c src/nanoisa/nvm_v2_functions.c -o obj/nanoisa/nvm_v2_functions.o
2026-10-09T09:12:36.5426172Z cc -Wall -Wextra -Werror -std=c99 -g -O3 -ftree-vectorize -fPIC -Isrc -D_GNU_SOURCE  -fprofile-arcs -ftest-coverage -MMD -MP -Isrc/nanoisa -c src/nanoisa/nvm_v2_imports.c -o obj/nanoisa/nvm_v2_imports.o
2026-10-09T09:12:36.7238450Z cc -Wall -Wextra -Werror -std=c99 -g -O3 -ftree-vectorize -fPIC -Isrc -D_GNU_SOURCE  -fprofile-arcs -ftest-coverage -MMD -MP -Isrc/nanoisa -c src/nanoisa/nvm_v2_layouts.c -o obj/nanoisa/nvm_v2_layouts.o
2026-10-09T09:12:36.9327669Z cc -Wall -Wextra -Werror -std=c99 -g -O3 -ftree-vectorize -fPIC -Isrc -D_GNU_SOURCE  -fprofile-arcs -ftest-coverage -MMD -MP -Isrc/nanoisa -c src/nanoisa/nvm_v2_module.c -o obj/nanoisa/nvm_v2_module.o
2026-10-09T09:12:37.2461697Z cc -Wall -Wextra -Werror -std=c99 -g -O3 -ftree-vectorize -fPIC -Isrc -D_GNU_SOURCE  -fprofile-arcs -ftest-coverage -MMD -MP -Isrc/nanoisa -c src/nanoisa/nvm_v2_signatures.c -o obj/nanoisa/nvm_v2_signatures.o
2026-10-09T09:12:37.3316383Z cc -Wall -Wextra -Werror -std=c99 -g -O3 -ftree-vectorize -fPIC -Isrc -D_GNU_SOURCE  -fprofile-arcs -ftest-coverage -MMD -MP -Isrc/nanoisa -c src/nanoisa/ownership_contracts.c -o obj/nanoisa/ownership_contracts.o
2026-10-09T09:12:38.2147207Z cc -Wall -Wextra -Werror -std=c99 -g -O3 -ftree-vectorize -fPIC -Isrc -D_GNU_SOURCE  -fprofile-arcs -ftest-coverage -MMD -MP -Isrc/nanoisa -c src/nanoisa/passive.c -o obj/nanoisa/passive.o
2026-10-09T09:12:38.9053613Z cc -Wall -Wextra -Werror -std=c99 -g -O3 -ftree-vectorize -fPIC -Isrc -D_GNU_SOURCE  -fprofile-arcs -ftest-coverage -MMD -MP -Isrc/nanoisa -c src/nanoisa/reference_places.c -o obj/nanoisa/reference_places.o
2026-10-09T09:12:39.0796050Z cc -Wall -Wextra -Werror -std=c99 -g -O3 -ftree-vectorize -fPIC -Isrc -D_GNU_SOURCE  -fprofile-arcs -ftest-coverage -MMD -MP -Isrc/nanoisa -c src/nanoisa/retained_layouts.c -o obj/nanoisa/retained_layouts.o
2026-10-09T09:12:40.5676584Z cc -Wall -Wextra -Werror -std=c99 -g -O3 -ftree-vectorize -fPIC -Isrc -D_GNU_SOURCE  -fprofile-arcs -ftest-coverage -MMD -MP -Isrc/nanoisa -c src/nanoisa/service_bindings.c -o obj/nanoisa/service_bindings.o
2026-10-09T09:12:40.6274315Z cc -Wall -Wextra -Werror -std=c99 -g -O3 -ftree-vectorize -fPIC -Isrc -D_GNU_SOURCE  -fprofile-arcs -ftest-coverage -MMD -MP -Isrc/nanoisa -c src/nanoisa/service_bindings_module.c -o obj/nanoisa/service_bindings_module.o
2026-10-09T09:12:40.9022194Z cc -Wall -Wextra -Werror -std=c99 -g -O3 -ftree-vectorize -fPIC -Isrc -D_GNU_SOURCE  -fprofile-arcs -ftest-coverage -MMD -MP -Isrc/nanoisa -c src/nanoisa/service_file_nominal.c -o obj/nanoisa/service_file_nominal.o
2026-10-09T09:12:40.9895772Z cc -Wall -Wextra -Werror -std=c99 -g -O3 -ftree-vectorize -fPIC -Isrc -D_GNU_SOURCE  -fprofile-arcs -ftest-coverage -MMD -MP -Isrc/nanoisa -c src/nanoisa/service_file_nominal_plan.c -o obj/nanoisa/service_file_nominal_plan.o
2026-10-09T09:12:41.2362433Z cc -Wall -Wextra -Werror -std=c99 -g -O3 -ftree-vectorize -fPIC -Isrc -D_GNU_SOURCE  -fprofile-arcs -ftest-coverage -MMD -MP -Isrc/nanoisa -c src/nanoisa/verifier.c -o obj/nanoisa/verifier.o
2026-10-09T09:12:42.5507788Z cc -Wall -Wextra -Werror -std=c99 -g -O3 -ftree-vectorize -fPIC -Isrc -D_GNU_SOURCE  -fprofile-arcs -ftest-coverage -MMD -MP -Isrc/nanoisa -c src/nanoisa/verifier_types.c -o obj/nanoisa/verifier_types.o
2026-10-09T09:12:42.8122760Z mkdir -p obj/nanovirt
2026-10-09T09:12:42.8186041Z cc -Wall -Wextra -Werror -std=c99 -g -O3 -ftree-vectorize -fPIC -Isrc -D_GNU_SOURCE  -fprofile-arcs -ftest-coverage -MMD -MP -c src/nanovirt/codegen.c -o obj/nanovirt/codegen.o
2026-10-09T09:12:48.4267740Z cc -Wall -Wextra -Werror -std=c99 -g -O3 -ftree-vectorize -fPIC -Isrc -D_GNU_SOURCE  -fprofile-arcs -ftest-coverage -MMD -MP -c src/nanovirt/shadow_runner.c -o obj/nanovirt/shadow_runner.o
2026-10-09T09:12:48.6808701Z cc -Wall -Wextra -Werror -std=c99 -g -O3 -ftree-vectorize -fPIC -Isrc -D_GNU_SOURCE  -fprofile-arcs -ftest-coverage -MMD -MP  -DNANO_WRAPPER_INSTRUMENT_FLAGS='"-fprofile-arcs -ftest-coverage"' -c src/nanovirt/wrapper_gen.c -o obj/nanovirt/wrapper_gen.o
2026-10-09T09:12:49.0302236Z mkdir -p obj/nanovm
2026-10-09T09:12:49.0365678Z cc -Wall -Wextra -Werror -std=c99 -g -O3 -ftree-vectorize -fPIC -Isrc -D_GNU_SOURCE  -fprofile-arcs -ftest-coverage -MMD -MP -c src/nanovm/cop_protocol.c -o obj/nanovm/cop_protocol.o
2026-10-09T09:12:49.5470079Z cc -Wall -Wextra -Werror -std=c99 -g -O3 -ftree-vectorize -fPIC -Isrc -D_GNU_SOURCE  -fprofile-arcs -ftest-coverage -MMD -MP -c src/nanovm/heap.c -o obj/nanovm/heap.o
2026-10-09T09:12:49.9263769Z cc -Wall -Wextra -Werror -std=c99 -g -O3 -ftree-vectorize -fPIC -Isrc -D_GNU_SOURCE  -fprofile-arcs -ftest-coverage -MMD -MP -c src/nanovm/heap_cycles.c -o obj/nanovm/heap_cycles.o
2026-10-09T09:12:50.1168729Z cc -Wall -Wextra -Werror -std=c99 -g -O3 -ftree-vectorize -fPIC -Isrc -D_GNU_SOURCE  -fprofile-arcs -ftest-coverage -MMD -MP -c src/nanovm/value.c -o obj/nanovm/value.o
2026-10-09T09:12:50.2576104Z cc -Wall -Wextra -Werror -std=c99 -g -O3 -ftree-vectorize -fPIC -Isrc -D_GNU_SOURCE  -fprofile-arcs -ftest-coverage -MMD -MP -ffp-contract=off -fno-fast-math -c src/nanovm/vm.c -o obj/nanovm/vm.o
2026-10-09T09:12:57.7895834Z cc -Wall -Wextra -Werror -std=c99 -g -O3 -ftree-vectorize -fPIC -Isrc -D_GNU_SOURCE  -fprofile-arcs -ftest-coverage -MMD -MP -c src/nanovm/vm_builtins.c -o obj/nanovm/vm_builtins.o
2026-10-09T09:12:58.1106743Z cc -Wall -Wextra -Werror -std=c99 -g -O3 -ftree-vectorize -fPIC -Isrc -D_GNU_SOURCE  -fprofile-arcs -ftest-coverage -MMD -MP -c src/nanovm/vm_callback.c -o obj/nanovm/vm_callback.o
2026-10-09T09:12:58.2184450Z cc -Wall -Wextra -Werror -std=c99 -g -O3 -ftree-vectorize -fPIC -Isrc -D_GNU_SOURCE  -fprofile-arcs -ftest-coverage -MMD -MP -c src/nanovm/vm_decode.c -o obj/nanovm/vm_decode.o
2026-10-09T09:12:58.3311108Z cc -Wall -Wextra -Werror -std=c99 -g -O3 -ftree-vectorize -fPIC -Isrc -D_GNU_SOURCE  -fprofile-arcs -ftest-coverage -MMD -MP -c src/nanovm/vm_dispatch.c -o obj/nanovm/vm_dispatch.o
2026-10-09T09:12:58.4865366Z cc -Wall -Wextra -Werror -std=c99 -g -O3 -ftree-vectorize -fPIC -Isrc -D_GNU_SOURCE  -fprofile-arcs -ftest-coverage -MMD -MP -c src/nanovm/vm_ffi.c -o obj/nanovm/vm_ffi.o
2026-10-09T09:12:59.6936606Z cc -Wall -Wextra -Werror -std=c99 -g -O3 -ftree-vectorize -fPIC -Isrc -D_GNU_SOURCE  -fprofile-arcs -ftest-coverage -MMD -MP -c src/nanovm/vm_ffi_arrays.c -o obj/nanovm/vm_ffi_arrays.o
2026-10-09T09:12:59.8576924Z cc -Wall -Wextra -Werror -std=c99 -g -O3 -ftree-vectorize -fPIC -Isrc -D_GNU_SOURCE  -fprofile-arcs -ftest-coverage -MMD -MP -c src/nominal_types.c -o obj/nominal_types.o
2026-10-09T09:13:00.2100238Z cc -Wall -Wextra -Werror -std=c99 -g -O3 -ftree-vectorize -fPIC -Isrc -D_GNU_SOURCE  -fprofile-arcs -ftest-coverage -MMD -MP -c src/nsi_file_plan.c -o obj/nsi_file_plan.o
2026-10-09T09:13:00.3216558Z cc -Wall -Wextra -Werror -std=c99 -g -O3 -ftree-vectorize -fPIC -Isrc -D_GNU_SOURCE  -fprofile-arcs -ftest-coverage -MMD -MP -c src/opencl_backend.c -o obj/opencl_backend.o
2026-10-09T09:13:00.5844670Z cc -Wall -Wextra -Werror -std=c99 -g -O3 -ftree-vectorize -fPIC -Isrc -D_GNU_SOURCE  -fprofile-arcs -ftest-coverage -MMD -MP -c src/par_let_pass.c -o obj/par_let_pass.o
2026-10-09T09:13:00.6853007Z cc -Wall -Wextra -Werror -std=c99 -g -O3 -ftree-vectorize -fPIC -Isrc -D_GNU_SOURCE  -fprofile-arcs -ftest-coverage -MMD -MP -c src/parser.c -o obj/parser.o
2026-10-09T09:13:03.6894116Z cc -Wall -Wextra -Werror -std=c99 -g -O3 -ftree-vectorize -fPIC -Isrc -D_GNU_SOURCE  -fprofile-arcs -ftest-coverage -MMD -MP -c src/pgo_pass.c -o obj/pgo_pass.o
2026-10-09T09:13:03.9436341Z cc -Wall -Wextra -Werror -std=c99 -g -O3 -ftree-vectorize -fPIC -Isrc -D_GNU_SOURCE  -fprofile-arcs -ftest-coverage -MMD -MP -c src/ptx_backend.c -o obj/ptx_backend.o
2026-10-09T09:13:04.2031713Z cc -Wall -Wextra -Werror -std=c99 -g -O3 -ftree-vectorize -fPIC -Isrc -D_GNU_SOURCE  -fprofile-arcs -ftest-coverage -MMD -MP -c src/reflection.c -o obj/reflection.o
2026-10-09T09:13:04.3728767Z cc -Wall -Wextra -Werror -std=c99 -g -O3 -ftree-vectorize -fPIC -Isrc -D_GNU_SOURCE  -fprofile-arcs -ftest-coverage -MMD -MP -c src/resource_flow.c -o obj/resource_flow.o
2026-10-09T09:13:05.4200079Z cc -Wall -Wextra -Werror -std=c99 -g -O3 -ftree-vectorize -fPIC -Isrc -D_GNU_SOURCE  -fprofile-arcs -ftest-coverage -MMD -MP -c src/resource_tracking.c -o obj/resource_tracking.o
2026-10-09T09:13:05.8354953Z cc -Wall -Wextra -Werror -std=c99 -g -O3 -ftree-vectorize -fPIC -Isrc -D_GNU_SOURCE  -fprofile-arcs -ftest-coverage -MMD -MP -c src/riscv_backend.c -o obj/riscv_backend.o
2026-10-09T09:13:06.0421740Z cc -Wall -Wextra -Werror -std=c99 -g -O3 -ftree-vectorize -fPIC -Isrc -D_GNU_SOURCE  -fprofile-arcs -ftest-coverage -MMD -MP -c src/runtime/callback_runtime.c -o obj/runtime/callback_runtime.o
2026-10-09T09:13:06.1947095Z cc -Wall -Wextra -Werror -std=c99 -g -O3 -ftree-vectorize -fPIC -Isrc -D_GNU_SOURCE  -fprofile-arcs -ftest-coverage -MMD -MP -c src/runtime/cli.c -o obj/runtime/cli.o
2026-10-09T09:13:06.2313288Z cc -Wall -Wextra -Werror -std=c99 -g -O3 -ftree-vectorize -fPIC -Isrc -D_GNU_SOURCE  -fprofile-arcs -ftest-coverage -MMD -MP -c src/runtime/dyn_array.c -o obj/runtime/dyn_array.o
2026-10-09T09:13:06.5262663Z cc -Wall -Wextra -Werror -std=c99 -g -O3 -ftree-vectorize -fPIC -Isrc -D_GNU_SOURCE  -fprofile-arcs -ftest-coverage -MMD -MP -c src/runtime/effect_runtime.c -o obj/runtime/effect_runtime.o
2026-10-09T09:13:06.5539110Z cc -Wall -Wextra -Werror -std=c99 -g -O3 -ftree-vectorize -fPIC -Isrc -D_GNU_SOURCE  -fprofile-arcs -ftest-coverage -MMD -MP -c src/runtime/ffi_loader.c -o obj/runtime/ffi_loader.o
2026-10-09T09:13:06.7513237Z cc -Wall -Wextra -Werror -std=c99 -g -O3 -ftree-vectorize -fPIC -Isrc -D_GNU_SOURCE  -fprofile-arcs -ftest-coverage -MMD -MP -c src/runtime/gc.c -o obj/runtime/gc.o
2026-10-09T09:13:06.8843038Z cc -Wall -Wextra -Werror -std=c99 -g -O3 -ftree-vectorize -fPIC -Isrc -D_GNU_SOURCE  -fprofile-arcs -ftest-coverage -MMD -MP -c src/runtime/gc_struct.c -o obj/runtime/gc_struct.o
2026-10-09T09:13:06.9700882Z cc -Wall -Wextra -Werror -std=c99 -g -O3 -ftree-vectorize -fPIC -Isrc -D_GNU_SOURCE  -fprofile-arcs -ftest-coverage -MMD -MP -c src/runtime/list_ASTArrayLiteral.c -o obj/runtime/list_ASTArrayLiteral.o
2026-10-09T09:13:07.0641206Z cc -Wall -Wextra -Werror -std=c99 -g -O3 -ftree-vectorize -fPIC -Isrc -D_GNU_SOURCE  -fprofile-arcs -ftest-coverage -MMD -MP -c src/runtime/list_ASTAssert.c -o obj/runtime/list_ASTAssert.o
2026-10-09T09:13:07.1590812Z cc -Wall -Wextra -Werror -std=c99 -g -O3 -ftree-vectorize -fPIC -Isrc -D_GNU_SOURCE  -fprofile-arcs -ftest-coverage -MMD -MP -c src/runtime/list_ASTBinaryOp.c -o obj/runtime/list_ASTBinaryOp.o
2026-10-09T09:13:07.2557524Z cc -Wall -Wextra -Werror -std=c99 -g -O3 -ftree-vectorize -fPIC -Isrc -D_GNU_SOURCE  -fprofile-arcs -ftest-coverage -MMD -MP -c src/runtime/list_ASTBlock.c -o obj/runtime/list_ASTBlock.o
2026-10-09T09:13:07.3484185Z cc -Wall -Wextra -Werror -std=c99 -g -O3 -ftree-vectorize -fPIC -Isrc -D_GNU_SOURCE  -fprofile-arcs -ftest-coverage -MMD -MP -c src/runtime/list_ASTBool.c -o obj/runtime/list_ASTBool.o
2026-10-09T09:13:07.4400215Z cc -Wall -Wextra -Werror -std=c99 -g -O3 -ftree-vectorize -fPIC -Isrc -D_GNU_SOURCE  -fprofile-arcs -ftest-coverage -MMD -MP -c src/runtime/list_ASTCall.c -o obj/runtime/list_ASTCall.o
2026-10-09T09:13:07.5338913Z cc -Wall -Wextra -Werror -std=c99 -g -O3 -ftree-vectorize -fPIC -Isrc -D_GNU_SOURCE  -fprofile-arcs -ftest-coverage -MMD -MP -c src/runtime/list_ASTEnum.c -o obj/runtime/list_ASTEnum.o
2026-10-09T09:13:07.6287187Z cc -Wall -Wextra -Werror -std=c99 -g -O3 -ftree-vectorize -fPIC -Isrc -D_GNU_SOURCE  -fprofile-arcs -ftest-coverage -MMD -MP -c src/runtime/list_ASTFieldAccess.c -o obj/runtime/list_ASTFieldAccess.o
2026-10-09T09:13:07.7234412Z cc -Wall -Wextra -Werror -std=c99 -g -O3 -ftree-vectorize -fPIC -Isrc -D_GNU_SOURCE  -fprofile-arcs -ftest-coverage -MMD -MP -c src/runtime/list_ASTFloat.c -o obj/runtime/list_ASTFloat.o
2026-10-09T09:13:07.8174329Z cc -Wall -Wextra -Werror -std=c99 -g -O3 -ftree-vectorize -fPIC -Isrc -D_GNU_SOURCE  -fprofile-arcs -ftest-coverage -MMD -MP -c src/runtime/list_ASTFor.c -o obj/runtime/list_ASTFor.o
2026-10-09T09:13:07.9127164Z cc -Wall -Wextra -Werror -std=c99 -g -O3 -ftree-vectorize -fPIC -Isrc -D_GNU_SOURCE  -fprofile-arcs -ftest-coverage -MMD -MP -c src/runtime/list_ASTFunction.c -o obj/runtime/list_ASTFunction.o
2026-10-09T09:13:08.0076983Z cc -Wall -Wextra -Werror -std=c99 -g -O3 -ftree-vectorize -fPIC -Isrc -D_GNU_SOURCE  -fprofile-arcs -ftest-coverage -MMD -MP -c src/runtime/list_ASTIdentifier.c -o obj/runtime/list_ASTIdentifier.o
2026-10-09T09:13:08.1028519Z cc -Wall -Wextra -Werror -std=c99 -g -O3 -ftree-vectorize -fPIC -Isrc -D_GNU_SOURCE  -fprofile-arcs -ftest-coverage -MMD -MP -c src/runtime/list_ASTIf.c -o obj/runtime/list_ASTIf.o
2026-10-09T09:13:08.1978762Z cc -Wall -Wextra -Werror -std=c99 -g -O3 -ftree-vectorize -fPIC -Isrc -D_GNU_SOURCE  -fprofile-arcs -ftest-coverage -MMD -MP -c src/runtime/list_ASTImport.c -o obj/runtime/list_ASTImport.o
2026-10-09T09:13:08.2925885Z cc -Wall -Wextra -Werror -std=c99 -g -O3 -ftree-vectorize -fPIC -Isrc -D_GNU_SOURCE  -fprofile-arcs -ftest-coverage -MMD -MP -c src/runtime/list_ASTLet.c -o obj/runtime/list_ASTLet.o
2026-10-09T09:13:08.3895741Z cc -Wall -Wextra -Werror -std=c99 -g -O3 -ftree-vectorize -fPIC -Isrc -D_GNU_SOURCE  -fprofile-arcs -ftest-coverage -MMD -MP -c src/runtime/list_ASTMatch.c -o obj/runtime/list_ASTMatch.o
2026-10-09T09:13:08.4858425Z cc -Wall -Wextra -Werror -std=c99 -g -O3 -ftree-vectorize -fPIC -Isrc -D_GNU_SOURCE  -fprofile-arcs -ftest-coverage -MMD -MP -c src/runtime/list_ASTModuleQualifiedCall.c -o obj/runtime/list_ASTModuleQualifiedCall.o
2026-10-09T09:13:08.5808496Z cc -Wall -Wextra -Werror -std=c99 -g -O3 -ftree-vectorize -fPIC -Isrc -D_GNU_SOURCE  -fprofile-arcs -ftest-coverage -MMD -MP -c src/runtime/list_ASTNumber.c -o obj/runtime/list_ASTNumber.o
2026-10-09T09:13:08.6748975Z cc -Wall -Wextra -Werror -std=c99 -g -O3 -ftree-vectorize -fPIC -Isrc -D_GNU_SOURCE  -fprofile-arcs -ftest-coverage -MMD -MP -c src/runtime/list_ASTOpaqueType.c -o obj/runtime/list_ASTOpaqueType.o
2026-10-09T09:13:08.7684065Z cc -Wall -Wextra -Werror -std=c99 -g -O3 -ftree-vectorize -fPIC -Isrc -D_GNU_SOURCE  -fprofile-arcs -ftest-coverage -MMD -MP -c src/runtime/list_ASTPrint.c -o obj/runtime/list_ASTPrint.o
2026-10-09T09:13:08.8613925Z cc -Wall -Wextra -Werror -std=c99 -g -O3 -ftree-vectorize -fPIC -Isrc -D_GNU_SOURCE  -fprofile-arcs -ftest-coverage -MMD -MP -c src/runtime/list_ASTReturn.c -o obj/runtime/list_ASTReturn.o
2026-10-09T09:13:08.9544043Z cc -Wall -Wextra -Werror -std=c99 -g -O3 -ftree-vectorize -fPIC -Isrc -D_GNU_SOURCE  -fprofile-arcs -ftest-coverage -MMD -MP -c src/runtime/list_ASTServiceDecl.c -o obj/runtime/list_ASTServiceDecl.o
2026-10-09T09:13:09.0501469Z cc -Wall -Wextra -Werror -std=c99 -g -O3 -ftree-vectorize -fPIC -Isrc -D_GNU_SOURCE  -fprofile-arcs -ftest-coverage -MMD -MP -c src/runtime/list_ASTSet.c -o obj/runtime/list_ASTSet.o
2026-10-09T09:13:09.1466543Z cc -Wall -Wextra -Werror -std=c99 -g -O3 -ftree-vectorize -fPIC -Isrc -D_GNU_SOURCE  -fprofile-arcs -ftest-coverage -MMD -MP -c src/runtime/list_ASTShadow.c -o obj/runtime/list_ASTShadow.o
2026-10-09T09:13:09.2432011Z cc -Wall -Wextra -Werror -std=c99 -g -O3 -ftree-vectorize -fPIC -Isrc -D_GNU_SOURCE  -fprofile-arcs -ftest-coverage -MMD -MP -c src/runtime/list_ASTStmtRef.c -o obj/runtime/list_ASTStmtRef.o
2026-10-09T09:13:09.3346708Z cc -Wall -Wextra -Werror -std=c99 -g -O3 -ftree-vectorize -fPIC -Isrc -D_GNU_SOURCE  -fprofile-arcs -ftest-coverage -MMD -MP -c src/runtime/list_ASTString.c -o obj/runtime/list_ASTString.o
2026-10-09T09:13:09.4274487Z cc -Wall -Wextra -Werror -std=c99 -g -O3 -ftree-vectorize -fPIC -Isrc -D_GNU_SOURCE  -fprofile-arcs -ftest-coverage -MMD -MP -c src/runtime/list_ASTStruct.c -o obj/runtime/list_ASTStruct.o
2026-10-09T09:13:09.5239678Z cc -Wall -Wextra -Werror -std=c99 -g -O3 -ftree-vectorize -fPIC -Isrc -D_GNU_SOURCE  -fprofile-arcs -ftest-coverage -MMD -MP -c src/runtime/list_ASTStructLiteral.c -o obj/runtime/list_ASTStructLiteral.o
2026-10-09T09:13:09.6195248Z cc -Wall -Wextra -Werror -std=c99 -g -O3 -ftree-vectorize -fPIC -Isrc -D_GNU_SOURCE  -fprofile-arcs -ftest-coverage -MMD -MP -c src/runtime/list_ASTTupleIndex.c -o obj/runtime/list_ASTTupleIndex.o
2026-10-09T09:13:09.7139787Z cc -Wall -Wextra -Werror -std=c99 -g -O3 -ftree-vectorize -fPIC -Isrc -D_GNU_SOURCE  -fprofile-arcs -ftest-coverage -MMD -MP -c src/runtime/list_ASTTupleLiteral.c -o obj/runtime/list_ASTTupleLiteral.o
2026-10-09T09:13:09.8097845Z cc -Wall -Wextra -Werror -std=c99 -g -O3 -ftree-vectorize -fPIC -Isrc -D_GNU_SOURCE  -fprofile-arcs -ftest-coverage -MMD -MP -c src/runtime/list_ASTUnion.c -o obj/runtime/list_ASTUnion.o
2026-10-09T09:13:09.9064939Z cc -Wall -Wextra -Werror -std=c99 -g -O3 -ftree-vectorize -fPIC -Isrc -D_GNU_SOURCE  -fprofile-arcs -ftest-coverage -MMD -MP -c src/runtime/list_ASTUnionConstruct.c -o obj/runtime/list_ASTUnionConstruct.o
2026-10-09T09:13:10.0010552Z cc -Wall -Wextra -Werror -std=c99 -g -O3 -ftree-vectorize -fPIC -Isrc -D_GNU_SOURCE  -fprofile-arcs -ftest-coverage -MMD -MP -c src/runtime/list_ASTUnsafeBlock.c -o obj/runtime/list_ASTUnsafeBlock.o
2026-10-09T09:13:10.0955294Z cc -Wall -Wextra -Werror -std=c99 -g -O3 -ftree-vectorize -fPIC -Isrc -D_GNU_SOURCE  -fprofile-arcs -ftest-coverage -MMD -MP -c src/runtime/list_ASTWhile.c -o obj/runtime/list_ASTWhile.o
2026-10-09T09:13:10.1898682Z cc -Wall -Wextra -Werror -std=c99 -g -O3 -ftree-vectorize -fPIC -Isrc -D_GNU_SOURCE  -fprofile-arcs -ftest-coverage -MMD -MP -c src/runtime/list_CompilerDiagnostic.c -o obj/runtime/list_CompilerDiagnostic.o
2026-10-09T09:13:10.2855741Z cc -Wall -Wextra -Werror -std=c99 -g -O3 -ftree-vectorize -fPIC -Isrc -D_GNU_SOURCE  -fprofile-arcs -ftest-coverage -MMD -MP -c src/runtime/list_CompilerSourceLocation.c -o obj/runtime/list_CompilerSourceLocation.o
2026-10-09T09:13:10.3773839Z cc -Wall -Wextra -Werror -std=c99 -g -O3 -ftree-vectorize -fPIC -Isrc -D_GNU_SOURCE  -fprofile-arcs -ftest-coverage -MMD -MP -c src/runtime/list_LexerToken.c -o obj/runtime/list_LexerToken.o
2026-10-09T09:13:10.4705333Z cc -Wall -Wextra -Werror -std=c99 -g -O3 -ftree-vectorize -fPIC -Isrc -D_GNU_SOURCE  -fprofile-arcs -ftest-coverage -MMD -MP -c src/runtime/list_bool.c -o obj/runtime/list_bool.o
2026-10-09T09:13:10.5585991Z cc -Wall -Wextra -Werror -std=c99 -g -O3 -ftree-vectorize -fPIC -Isrc -D_GNU_SOURCE  -fprofile-arcs -ftest-coverage -MMD -MP -c src/runtime/list_int.c -o obj/runtime/list_int.o
2026-10-09T09:13:10.6472555Z cc -Wall -Wextra -Werror -std=c99 -g -O3 -ftree-vectorize -fPIC -Isrc -D_GNU_SOURCE  -fprofile-arcs -ftest-coverage -MMD -MP -c src/runtime/list_string.c -o obj/runtime/list_string.o
2026-10-09T09:13:10.7494359Z cc -Wall -Wextra -Werror -std=c99 -g -O3 -ftree-vectorize -fPIC -Isrc -D_GNU_SOURCE  -fprofile-arcs -ftest-coverage -MMD -MP -c src/runtime/list_token.c -o obj/runtime/list_token.o
2026-10-09T09:13:10.8411246Z cc -Wall -Wextra -Werror -std=c99 -g -O3 -ftree-vectorize -fPIC -Isrc -D_GNU_SOURCE  -fprofile-arcs -ftest-coverage -MMD -MP -c src/runtime/module_build_dir.c -o obj/runtime/module_build_dir.o
2026-10-09T09:13:10.9493625Z cc -Wall -Wextra -Werror -std=c99 -g -O3 -ftree-vectorize -fPIC -Isrc -D_GNU_SOURCE  -fprofile-arcs -ftest-coverage -MMD -MP -c src/runtime/nl_string.c -o obj/runtime/nl_string.o
2026-10-09T09:13:11.1386595Z cc -Wall -Wextra -Werror -std=c99 -g -O3 -ftree-vectorize -fPIC -Isrc -D_GNU_SOURCE  -fprofile-arcs -ftest-coverage -MMD -MP -c src/runtime/regex.c -o obj/runtime/regex.o
2026-10-09T09:13:11.2409690Z cc -Wall -Wextra -Werror -std=c99 -g -O3 -ftree-vectorize -fPIC -Isrc -D_GNU_SOURCE  -fprofile-arcs -ftest-coverage -MMD -MP -c src/runtime/token_helpers.c -o obj/runtime/token_helpers.o
2026-10-09T09:13:11.2924500Z cc -Wall -Wextra -Werror -std=c99 -g -O3 -ftree-vectorize -fPIC -Isrc -D_GNU_SOURCE  -fprofile-arcs -ftest-coverage -MMD -MP -c src/stdlib_runtime.c -o obj/stdlib_runtime.o
2026-10-09T09:13:11.8659005Z cc -Wall -Wextra -Werror -std=c99 -g -O3 -ftree-vectorize -fPIC -Isrc -D_GNU_SOURCE  -fprofile-arcs -ftest-coverage -MMD -MP -c src/tco_pass.c -o obj/tco_pass.o
2026-10-09T09:13:12.2378216Z cc -Wall -Wextra -Werror -std=c99 -g -O3 -ftree-vectorize -fPIC -Isrc -D_GNU_SOURCE  -fprofile-arcs -ftest-coverage -MMD -MP -c src/toon_output.c -o obj/toon_output.o
2026-10-09T09:13:12.3244195Z cc -Wall -Wextra -Werror -std=c99 -g -O3 -ftree-vectorize -fPIC -Isrc -D_GNU_SOURCE  -fprofile-arcs -ftest-coverage -MMD -MP -c src/transpiler.c -o obj/transpiler.o
2026-10-09T09:13:16.8759451Z cc -Wall -Wextra -Werror -std=c99 -g -O3 -ftree-vectorize -fPIC -Isrc -D_GNU_SOURCE  -fprofile-arcs -ftest-coverage -MMD -MP -c src/type_infer.c -o obj/type_infer.o
2026-10-09T09:13:17.5548424Z cc -Wall -Wextra -Werror -std=c99 -g -O3 -ftree-vectorize -fPIC -Isrc -D_GNU_SOURCE  -fprofile-arcs -ftest-coverage -MMD -MP -c src/typechecker.c -o obj/typechecker.o
2026-10-09T09:13:22.1075651Z cc -Wall -Wextra -Werror -std=c99 -g -O3 -ftree-vectorize -fPIC -Isrc -D_GNU_SOURCE  -fprofile-arcs -ftest-coverage -MMD -MP -c src/utf8.c -o obj/utf8.o
2026-10-09T09:13:22.2305217Z cc  -Wall -Wextra -Werror -std=c99 -g -O3 -ftree-vectorize -fPIC -Isrc -D_GNU_SOURCE -fprofile-arcs -ftest-coverage -fPIC -shared -o bin/nano_as_capture.so src/runtime/assembler_capture.c -lm -lcrypto -lffi -rdynamic -fprofile-arcs -ftest-coverage -ldl
2026-10-09T09:13:22.5556708Z Stage 1: Building C reference compiler...
2026-10-09T09:13:23.3209104Z   (Coverage instrumentation detected in objects - linking with coverage flags)
2026-10-09T09:13:23.5008021Z ✓ C Compiler: bin/nanoc_c
2026-10-09T09:13:23.5039918Z ✓ Compiler: bin/nanoc -> bin/nanoc_c (C reference)
2026-10-09T09:13:23.5075760Z cc -Wall -Wextra -Werror -std=c99 -g -O3 -ftree-vectorize -fPIC -Isrc -D_GNU_SOURCE  -fprofile-arcs -ftest-coverage -MMD -MP -c src/ffi_bindgen.c -o obj/ffi_bindgen.o
2026-10-09T09:13:23.7648140Z cc -Wall -Wextra -Werror -std=c99 -g -O3 -ftree-vectorize -fPIC -Isrc -D_GNU_SOURCE  -fprofile-arcs -ftest-coverage -o bin/nanoc-ffi obj/ffi_bindgen.o obj/utf8.o -lm -lcrypto -lffi  -rdynamic -fprofile-arcs -ftest-coverage
2026-10-09T09:13:23.7938552Z ✓ Stage 1 complete (C reference binaries)
2026-10-09T09:13:23.8788557Z 
2026-10-09T09:13:23.8807912Z ==========================================
2026-10-09T09:13:23.8827164Z Stage 2: Building Self-Hosted Components
2026-10-09T09:13:23.8846356Z ==========================================
2026-10-09T09:13:23.8865554Z Compiling components with bin/nanoc...
2026-10-09T09:13:23.8884488Z 
2026-10-09T09:13:23.9323548Z   Building parser...
2026-10-09T09:13:37.5224035Z     ✓ parser compiled successfully
2026-10-09T09:13:37.5224522Z 
2026-10-09T09:13:37.5224915Z   Building typecheck...
2026-10-09T09:14:03.5866608Z     ✓ typecheck compiled successfully
2026-10-09T09:14:03.5867049Z 
2026-10-09T09:14:03.5867192Z   Building nanoisa_emitter...
2026-10-09T09:14:40.7954081Z     ✓ nanoisa_emitter compiled successfully
2026-10-09T09:14:40.7954430Z 
2026-10-09T09:14:40.7955842Z ✓ Stage 2: 3/3 components built successfully
2026-10-09T09:14:40.7985556Z 
2026-10-09T09:14:40.8005077Z ==========================================
2026-10-09T09:14:40.8024606Z Stage 3: Bootstrap Validation
2026-10-09T09:14:40.8043682Z ==========================================
2026-10-09T09:14:40.8063412Z Validating self-hosted components...
2026-10-09T09:14:40.8082398Z 
2026-10-09T09:14:40.8121431Z   Checking parser entry assertions...
2026-10-09T09:14:40.8203215Z     ✓ parser entry assertions passed
2026-10-09T09:14:40.8297011Z   Checking typecheck entry assertions...
2026-10-09T09:14:40.8297711Z     ✓ typecheck entry assertions passed
2026-10-09T09:14:40.8298262Z   Checking nanoisa_emitter entry assertions...
2026-10-09T09:14:40.8388626Z     ✓ nanoisa_emitter entry assertions passed
2026-10-09T09:14:40.8388950Z 
2026-10-09T09:14:40.8389335Z ✓ Stage 3: 3/3 component entry checks passed; imported shadows are separate
2026-10-09T09:14:40.8433397Z cc -Wall -Wextra -Werror -std=c99 -g -O3 -ftree-vectorize -fPIC -Isrc -D_GNU_SOURCE  -fprofile-arcs -ftest-coverage -MMD -MP -c src/nano_main.c -o obj/nano_main.o
2026-10-09T09:14:40.9711543Z cc -Wall -Wextra -Werror -std=c99 -g -O3 -ftree-vectorize -fPIC -Isrc -D_GNU_SOURCE  -fprofile-arcs -ftest-coverage -MMD -MP -c src/proptest.c -o obj/proptest.o
2026-10-09T09:14:41.2634475Z cc -Wall -Wextra -Werror -std=c99 -g -O3 -ftree-vectorize -fPIC -Isrc -D_GNU_SOURCE  -fprofile-arcs -ftest-coverage -o bin/nano obj/lexer.o obj/parser.o obj/typechecker.o obj/transpiler.o obj/stdlib_runtime.o obj/env.o obj/builtins_registry.o obj/module.o obj/module_metadata.o obj/cJSON.o obj/toon_output.o obj/module_builder.o obj/resource_tracking.o obj/eval.o obj/eval/eval_hashmap.o obj/eval/eval_math.o obj/eval/eval_string.o obj/eval/eval_io.o obj/interpreter_ffi.o obj/json_diagnostics.o obj/reflection.o obj/nanocore_subset.o obj/nanocore_export.o obj/emit_typed_ast.o obj/type_infer.o obj/effects.o obj/fold_constants.o obj/dce_pass.o obj/par_let_pass.o obj/ptx_backend.o obj/opencl_backend.o obj/tco_pass.o obj/cps_pass.o obj/coroutine.o obj/pgo_pass.o obj/c_backend.o obj/bench.o obj/bench_native.o obj/riscv_backend.o obj/dwarf_info.o obj/docgen_md.o obj/docgen.o obj/fmt.o obj/channel.o obj/bcp47.o obj/locale.o obj/utf8.o obj/diag_id.o obj/catalog.o obj/resource_flow.o obj/nominal_types.o obj/runtime/list_int.o obj/runtime/list_bool.o obj/runtime/list_string.o obj/runtime/list_LexerToken.o obj/runtime/list_token.o obj/runtime/list_CompilerDiagnostic.o obj/runtime/list_CompilerSourceLocation.o obj/runtime/list_ASTNumber.o obj/runtime/list_ASTFloat.o obj/runtime/list_ASTString.o obj/runtime/list_ASTBool.o obj/runtime/list_ASTIdentifier.o obj/runtime/list_ASTBinaryOp.o obj/runtime/list_ASTCall.o obj/runtime/list_ASTModuleQualifiedCall.o obj/runtime/list_ASTArrayLiteral.o obj/runtime/list_ASTLet.o obj/runtime/list_ASTSet.o obj/runtime/list_ASTStmtRef.o obj/runtime/list_ASTIf.o obj/runtime/list_ASTWhile.o obj/runtime/list_ASTFor.o obj/runtime/list_ASTReturn.o obj/runtime/list_ASTBlock.o obj/runtime/list_ASTUnsafeBlock.o obj/runtime/list_ASTPrint.o obj/runtime/list_ASTAssert.o obj/runtime/list_ASTFunction.o obj/runtime/list_ASTShadow.o obj/runtime/list_ASTStruct.o obj/runtime/list_ASTStructLiteral.o obj/runtime/list_ASTFieldAccess.o obj/runtime/list_ASTEnum.o obj/runtime/list_ASTUnion.o obj/runtime/list_ASTUnionConstruct.o obj/runtime/list_ASTMatch.o obj/runtime/list_ASTImport.o obj/runtime/list_ASTOpaqueType.o obj/runtime/list_ASTServiceDecl.o obj/runtime/list_ASTTupleLiteral.o obj/runtime/list_ASTTupleIndex.o obj/runtime/token_helpers.o obj/runtime/gc.o obj/runtime/effect_runtime.o obj/runtime/dyn_array.o obj/runtime/gc_struct.o obj/runtime/nl_string.o obj/runtime/ffi_loader.o obj/runtime/module_build_dir.o obj/runtime/cli.o obj/runtime/regex.o obj/nano_main.o obj/proptest.o -lm -lcrypto -lffi  -rdynamic -fprofile-arcs -ftest-coverage
2026-10-09T09:14:41.3988054Z ✓ Interpreter: bin/nano
2026-10-09T09:14:41.4007321Z 
2026-10-09T09:14:41.4026689Z ==========================================
2026-10-09T09:14:41.4046306Z ✅ Build Complete (3-Stage Bootstrap)
2026-10-09T09:14:41.4065871Z ==========================================
2026-10-09T09:14:41.4096620Z make[1]: Entering directory '/home/runner/work/nanolang/nanolang'
2026-10-09T09:14:41.5064933Z Build Status:
2026-10-09T09:14:41.5084189Z 
2026-10-09T09:14:41.5104063Z   ✅ Stage 1: C reference compiler (bin/nanoc)
2026-10-09T09:14:41.5123300Z   ✅ Stage 2: Self-hosted components compiled
2026-10-09T09:14:41.5123838Z     • parser
2026-10-09T09:14:41.5124112Z     • typecheck
2026-10-09T09:14:41.5124559Z     • nanoisa_emitter
2026-10-09T09:14:41.5143506Z   ✅ Stage 3: Bootstrap validated
2026-10-09T09:14:41.5162577Z 
2026-10-09T09:14:41.5165157Z make[1]: Leaving directory '/home/runner/work/nanolang/nanolang'
2026-10-09T09:14:41.5186958Z 
2026-10-09T09:14:41.5248682Z ##[group]Run make build CFLAGS="-Wall -Wextra -Werror -std=c99 -g -Isrc -D_GNU_SOURCE -fprofile-arcs -ftest-coverage"
2026-10-09T09:14:41.5249559Z make build CFLAGS="-Wall -Wextra -Werror -std=c99 -g -Isrc -D_GNU_SOURCE -fprofile-arcs -ftest-coverage"
2026-10-09T09:14:41.5314282Z shell: /usr/bin/bash -e {0}
2026-10-09T09:14:41.5314532Z env:
2026-10-09T09:14:41.5315033Z   NANO_VERIFY_CORPUS_LOG_ROOT: .test_output/verifier-corpus
2026-10-09T09:14:41.5315384Z   NANO_SHADOW_TIMEOUT_SECONDS: 60
2026-10-09T09:14:41.5315632Z ##[endgroup]
2026-10-09T09:14:41.7378956Z 
2026-10-09T09:14:41.7398389Z ==========================================
2026-10-09T09:14:41.7417749Z ✅ Build Complete (3-Stage Bootstrap)
2026-10-09T09:14:41.7437167Z ==========================================
2026-10-09T09:14:41.7468400Z make[1]: Entering directory '/home/runner/work/nanolang/nanolang'
2026-10-09T09:14:41.8413222Z Build Status:
2026-10-09T09:14:41.8432281Z 
2026-10-09T09:14:41.8452718Z   ✅ Stage 1: C reference compiler (bin/nanoc)
2026-10-09T09:14:41.8472133Z   ✅ Stage 2: Self-hosted components compiled
2026-10-09T09:14:41.8472713Z     • parser
2026-10-09T09:14:41.8473099Z     • typecheck
2026-10-09T09:14:41.8473495Z     • nanoisa_emitter
2026-10-09T09:14:41.8492253Z   ✅ Stage 3: Bootstrap validated
2026-10-09T09:14:41.8511350Z 
2026-10-09T09:14:41.8513633Z make[1]: Leaving directory '/home/runner/work/nanolang/nanolang'
2026-10-09T09:14:41.8535961Z 
2026-10-09T09:14:41.8579306Z ##[group]Run make test-quick CFLAGS="-Wall -Wextra -Werror -std=c99 -g -Isrc -D_GNU_SOURCE -fprofile-arcs -ftest-coverage" LDFLAGS="-lm -lcrypto -fprofile-arcs -ftest-coverage"
2026-10-09T09:14:41.8580527Z make test-quick CFLAGS="-Wall -Wextra -Werror -std=c99 -g -Isrc -D_GNU_SOURCE -fprofile-arcs -ftest-coverage" LDFLAGS="-lm -lcrypto -fprofile-arcs -ftest-coverage"
2026-10-09T09:14:41.8646150Z shell: /usr/bin/bash -e {0}
2026-10-09T09:14:41.8646407Z env:
2026-10-09T09:14:41.8646678Z   NANO_VERIFY_CORPUS_LOG_ROOT: .test_output/verifier-corpus
2026-10-09T09:14:41.8647035Z   NANO_SHADOW_TIMEOUT_SECONDS: 60
2026-10-09T09:14:41.8647319Z   NANO_VM_EXAMPLE_SHADOW_TIMEOUT_SECONDS: 60
2026-10-09T09:14:41.8647604Z ##[endgroup]
2026-10-09T09:14:42.0756874Z 
2026-10-09T09:14:42.0777473Z ==========================================
2026-10-09T09:14:42.0798365Z ✅ Build Complete (3-Stage Bootstrap)
2026-10-09T09:14:42.0819104Z ==========================================
2026-10-09T09:14:42.0850027Z make[1]: Entering directory '/home/runner/work/nanolang/nanolang'
2026-10-09T09:14:42.1832933Z Build Status:
2026-10-09T09:14:42.1852125Z 
2026-10-09T09:14:42.1871904Z   ✅ Stage 1: C reference compiler (bin/nanoc)
2026-10-09T09:14:42.1891423Z   ✅ Stage 2: Self-hosted components compiled
2026-10-09T09:14:42.1891984Z     • parser
2026-10-09T09:14:42.1892243Z     • typecheck
2026-10-09T09:14:42.1892525Z     • nanoisa_emitter
2026-10-09T09:14:42.1911297Z   ✅ Stage 3: Bootstrap validated
2026-10-09T09:14:42.1930295Z 
2026-10-09T09:14:42.1932788Z make[1]: Leaving directory '/home/runner/work/nanolang/nanolang'
2026-10-09T09:14:42.1956355Z 
2026-10-09T09:14:42.1958490Z python3 -m unittest -v tests.test_github_issue_tracking
2026-10-09T09:14:42.3412165Z test_create_preserves_literal_multiline_body_and_deduplicates_run (tests.test_github_issue_tracking.GitHubTracking.test_create_preserves_literal_multiline_body_and_deduplicates_run) ... ok
2026-10-09T09:14:42.3423445Z test_dry_run_never_contacts_github (tests.test_github_issue_tracking.GitHubTracking.test_dry_run_never_contacts_github) ... ok
2026-10-09T09:14:42.3431208Z test_fingerprint_finds_issue_after_title_change (tests.test_github_issue_tracking.GitHubTracking.test_fingerprint_finds_issue_after_title_change) ... ok
2026-10-09T09:14:42.3953852Z test_legacy_entry_point_routes_to_github_without_network_in_dry_run (tests.test_github_issue_tracking.GitHubTracking.test_legacy_entry_point_routes_to_github_without_network_in_dry_run) ... ok
2026-10-09T09:14:42.3963437Z test_new_issue_limit_does_not_suppress_existing_updates (tests.test_github_issue_tracking.GitHubTracking.test_new_issue_limit_does_not_suppress_existing_updates) ... ok
2026-10-09T09:14:42.3999886Z test_offline_preserves_failure_and_still_runs_examples (tests.test_github_issue_tracking.GitHubTracking.test_offline_preserves_failure_and_still_runs_examples) ... ok
2026-10-09T09:14:42.4005216Z test_paginated_issues_exclude_pull_requests (tests.test_github_issue_tracking.GitHubTracking.test_paginated_issues_exclude_pull_requests) ... ok
2026-10-09T09:14:42.4013083Z test_recurrence_reopens_closed_issue_without_creating_duplicate (tests.test_github_issue_tracking.GitHubTracking.test_recurrence_reopens_closed_issue_without_creating_duplicate) ... ok
2026-10-09T09:14:42.4023502Z test_success_never_creates_summary_and_closes_only_managed_issue (tests.test_github_issue_tracking.GitHubTracking.test_success_never_creates_summary_and_closes_only_managed_issue) ... ok
2026-10-09T09:14:42.4031343Z test_summary_failure_reopens_and_records_nonzero_exit (tests.test_github_issue_tracking.GitHubTracking.test_summary_failure_reopens_and_records_nonzero_exit) ... ok
2026-10-09T09:14:42.4037319Z test_summary_zero_limit_leaves_failure_unfiled (tests.test_github_issue_tracking.GitHubTracking.test_summary_zero_limit_leaves_failure_unfiled) ... ok
2026-10-09T09:14:42.4038044Z 
2026-10-09T09:14:42.4038230Z ----------------------------------------------------------------------
2026-10-09T09:14:42.4038916Z Ran 11 tests in 0.064s
2026-10-09T09:14:42.4039091Z 
2026-10-09T09:14:42.4039181Z OK
2026-10-09T09:14:42.4270605Z 
2026-10-09T09:14:42.4271395Z ========================================
2026-10-09T09:14:42.4271946Z NANOLANG COMPREHENSIVE TEST SUITE
2026-10-09T09:14:42.4272511Z ========================================
2026-10-09T09:14:42.4273030Z Backend: c
2026-10-09T09:14:42.4273411Z Native compiler: ./bin/nanoc
2026-10-09T09:14:42.4273682Z 
2026-10-09T09:14:42.4273948Z === CORE LANGUAGE TESTS (nl_*) ===
2026-10-09T09:14:42.4274295Z 
2026-10-09T09:14:42.4274488Z -- Syntax --
2026-10-09T09:14:44.1385975Z ✅ nl_syntax_literals.nano
2026-10-09T09:14:45.8415449Z ✅ nl_syntax_operators.nano
2026-10-09T09:14:45.8430840Z 
2026-10-09T09:14:45.8431067Z -- Types --
2026-10-09T09:14:47.5368801Z ✅ nl_types_bool_list.nano
2026-10-09T09:14:49.2541653Z ✅ nl_types_enum.nano
2026-10-09T09:14:50.9689258Z ✅ nl_types_struct.nano
2026-10-09T09:14:52.6829035Z ✅ nl_types_tuple.nano
2026-10-09T09:14:52.6845490Z 
2026-10-09T09:14:52.6845913Z -- Control Flow --
2026-10-09T09:14:54.4066112Z ✅ nl_control_array_elements.nano
2026-10-09T09:14:56.1127836Z ✅ nl_control_flow.nano
2026-10-09T09:14:57.8101532Z ✅ nl_control_match.nano
2026-10-09T09:14:59.5201645Z ✅ nl_control_while.nano
2026-10-09T09:14:59.5218477Z 
2026-10-09T09:14:59.5218728Z -- Functions --
2026-10-09T09:15:01.2225636Z ✅ nl_functions_array_param.nano
2026-10-09T09:15:03.7648396Z ✅ nl_functions_audio_examples_default_args.nano
2026-10-09T09:15:05.4930862Z ✅ nl_functions_filter.nano
2026-10-09T09:15:07.1901098Z ✅ nl_functions_map_reduce.nano
2026-10-09T09:15:09.1192722Z ✅ nl_functions_module_introspection_flags.nano
2026-10-09T09:15:11.0779526Z ✅ nl_functions_module_metadata.nano
2026-10-09T09:15:13.5688808Z ✅ nl_functions_nanoamp_default_args.nano
2026-10-09T09:15:15.5639977Z ✅ nl_functions_relative_import.nano
2026-10-09T09:15:17.2933309Z ✅ nl_functions_string_edges.nano
2026-10-09T09:15:17.2948871Z 
2026-10-09T09:15:17.2949451Z Language Tests: 19 passed, 0 failed
2026-10-09T09:15:17.2949819Z 
2026-10-09T09:15:17.2951251Z ========================================
2026-10-09T09:15:17.2951684Z TEST RESULTS SUMMARY
2026-10-09T09:15:17.2952208Z ========================================
2026-10-09T09:15:17.2952578Z 
2026-10-09T09:15:17.2953000Z Core Language (nl_*):  19 passed, 0 failed
2026-10-09T09:15:17.2953459Z 
2026-10-09T09:15:17.2959321Z TOTAL: 19 passed, 0 failed, 0 skipped
2026-10-09T09:15:17.2959827Z 
2026-10-09T09:15:17.2960113Z ✅ All runnable tests passed!
2026-10-09T09:15:17.6364901Z .s.
2026-10-09T09:15:17.6365447Z ----------------------------------------------------------------------
2026-10-09T09:15:17.6366060Z Ran 3 tests in 0.198s
2026-10-09T09:15:17.6366281Z 
2026-10-09T09:15:17.6366408Z OK (skipped=1)
2026-10-09T09:15:17.7630636Z cc -Wall -Wextra -Werror -std=c99 -g -Isrc -D_GNU_SOURCE -fprofile-arcs -ftest-coverage  -MMD -MP -c src/nanovirt/main.c -o obj/nanovirt/main.o
2026-10-09T09:15:17.8454312Z cc -Wall -Wextra -Werror -std=c99 -g -Isrc -D_GNU_SOURCE -fprofile-arcs -ftest-coverage  -o bin/nano_virt obj/nanovirt/codegen.o obj/nanovirt/wrapper_gen.o obj/nanovirt/shadow_runner.o obj/nanovm/value.o obj/nanovm/heap.o obj/nanovm/heap_cycles.o obj/nanovm/vm.o obj/nanovm/vm_callback.o obj/nanovm/vm_ffi.o obj/nanovm/vm_builtins.o obj/nanovm/cop_protocol.o obj/nanovm/vm_ffi_arrays.o obj/runtime/callback_runtime.o obj/nanoisa/file_flow.o obj/nanoisa/service_file_nominal.o obj/nanoisa/service_file_nominal_plan.o obj/nanoisa/service_bindings.o obj/nanoisa/service_bindings_module.o obj/nanoisa/mixed_float_proof.o obj/nanoisa/managed_array_shapes.o obj/nanoisa/local_bindings.o obj/nanoisa/affine_bytecode.o obj/nanoisa/affine_state.o obj/nanoisa/ownership_contracts.o obj/nanoisa/retained_layouts.o obj/nanoisa/reference_places.o obj/nanoisa/passive.o obj/nanoisa/isa.o obj/nanoisa/verifier_types.o obj/nanoisa/nvm_format.o obj/nanoisa/nvm_format_v2.o obj/nanoisa/nvm_v2_cursor.o obj/nanoisa/nvm_v2_constants.o obj/nanoisa/nvm_v2_signatures.o obj/nanoisa/nvm_v2_layouts.o obj/nanoisa/nvm_v2_functions.o obj/nanoisa/nvm_v2_imports.o obj/nanoisa/nvm_v2_module.o obj/nanoisa/nvm_v2_convert.o obj/nanoisa/assembler.o obj/nanoisa/disassembler.o obj/nanoisa/verifier.o obj/nanoisa/nvm2c.o obj/nanoisa/nvm2c_shape.o obj/nanoisa/nvm2c_callables.o obj/nanoisa/frontend.o obj/nanoisa/nanoisa_facade.o obj/nanovm/vm_decode.o obj/nanovm/vm_dispatch.o obj/nsi_file_plan.o \
2026-10-09T09:15:17.8479110Z 	obj/lexer.o obj/parser.o obj/typechecker.o obj/transpiler.o obj/stdlib_runtime.o obj/env.o obj/builtins_registry.o obj/module.o obj/module_metadata.o obj/cJSON.o obj/toon_output.o obj/module_builder.o obj/resource_tracking.o obj/eval.o obj/eval/eval_hashmap.o obj/eval/eval_math.o obj/eval/eval_string.o obj/eval/eval_io.o obj/interpreter_ffi.o obj/json_diagnostics.o obj/reflection.o obj/nanocore_subset.o obj/nanocore_export.o obj/emit_typed_ast.o obj/type_infer.o obj/effects.o obj/fold_constants.o obj/dce_pass.o obj/par_let_pass.o obj/ptx_backend.o obj/opencl_backend.o obj/tco_pass.o obj/cps_pass.o obj/coroutine.o obj/pgo_pass.o obj/c_backend.o obj/bench.o obj/bench_native.o obj/riscv_backend.o obj/dwarf_info.o obj/docgen_md.o obj/docgen.o obj/fmt.o obj/channel.o obj/bcp47.o obj/locale.o obj/utf8.o obj/diag_id.o obj/catalog.o obj/resource_flow.o obj/nominal_types.o obj/runtime/list_int.o obj/runtime/list_bool.o obj/runtime/list_string.o obj/runtime/list_LexerToken.o obj/runtime/list_token.o obj/runtime/list_CompilerDiagnostic.o obj/runtime/list_CompilerSourceLocation.o obj/runtime/list_ASTNumber.o obj/runtime/list_ASTFloat.o obj/runtime/list_ASTString.o obj/runtime/list_ASTBool.o obj/runtime/list_ASTIdentifier.o obj/runtime/list_ASTBinaryOp.o obj/runtime/list_ASTCall.o obj/runtime/list_ASTModuleQualifiedCall.o obj/runtime/list_ASTArrayLiteral.o obj/runtime/list_ASTLet.o obj/runtime/list_ASTSet.o obj/runtime/list_ASTStmtRef.o obj/runtime/list_ASTIf.o obj/runtime/list_ASTWhile.o obj/runtime/list_ASTFor.o obj/runtime/list_ASTReturn.o obj/runtime/list_ASTBlock.o obj/runtime/list_ASTUnsafeBlock.o obj/runtime/list_ASTPrint.o obj/runtime/list_ASTAssert.o obj/runtime/list_ASTFunction.o obj/runtime/list_ASTShadow.o obj/runtime/list_ASTStruct.o obj/runtime/list_ASTStructLiteral.o obj/runtime/list_ASTFieldAccess.o obj/runtime/list_ASTEnum.o obj/runtime/list_ASTUnion.o obj/runtime/list_ASTUnionConstruct.o obj/runtime/list_ASTMatch.o obj/runtime/list_ASTImport.o obj/runtime/list_ASTOpaqueType.o obj/runtime/list_ASTServiceDecl.o obj/runtime/list_ASTTupleLiteral.o obj/runtime/list_ASTTupleIndex.o obj/runtime/token_helpers.o obj/runtime/gc.o obj/runtime/effect_runtime.o obj/runtime/dyn_array.o obj/runtime/gc_struct.o obj/runtime/nl_string.o obj/runtime/ffi_loader.o obj/runtime/module_build_dir.o obj/runtime/cli.o obj/runtime/regex.o obj/nanovirt/main.o -lm -lcrypto -fprofile-arcs -ftest-coverage -lcrypto -lffi  -rdynamic
2026-10-09T09:15:18.0302650Z cc -Wall -Wextra -Werror -std=c99 -g -Isrc -D_GNU_SOURCE -fprofile-arcs -ftest-coverage  -MMD -MP -c src/nanovm/vmd_protocol.c -o obj/nanovm/vmd_protocol.o
2026-10-09T09:15:18.0794058Z cc -Wall -Wextra -Werror -std=c99 -g -Isrc -D_GNU_SOURCE -fprofile-arcs -ftest-coverage  -MMD -MP -c src/nanovm/vmd_client.c -o obj/nanovm/vmd_client.o
2026-10-09T09:15:18.1306866Z cc -Wall -Wextra -Werror -std=c99 -g -Isrc -D_GNU_SOURCE -fprofile-arcs -ftest-coverage  -MMD -MP -c src/nanovm/main.c -o obj/nanovm/main.o
2026-10-09T09:15:18.2177621Z cc -Wall -Wextra -Werror -std=c99 -g -Isrc -D_GNU_SOURCE -fprofile-arcs -ftest-coverage  -MMD -MP -Isrc/nanoisa -c src/nanoisa/file_cli.c -o obj/nanoisa/file_cli.o
2026-10-09T09:15:18.2630006Z cc  -Wall -Wextra -Werror -std=c99 -g -Isrc -D_GNU_SOURCE -fprofile-arcs -ftest-coverage  -MMD -MP -Isrc/nanoisa -std=c11 -c src/nanoisa/file_host_grant.c -o obj/nanoisa/file_host_grant.o
2026-10-09T09:15:18.2947001Z cc  -Wall -Wextra -Werror -std=c99 -g -Isrc -D_GNU_SOURCE -fprofile-arcs -ftest-coverage  -MMD -MP -DNVM_FILE_PUBLIC_ENGINE -c src/nanoisa/file_runtime.c -o obj/nanoisa/file_runtime_public.o
2026-10-09T09:15:18.5677971Z cc -Wall -Wextra -Werror -std=c99 -g -Isrc -D_GNU_SOURCE -fprofile-arcs -ftest-coverage  -MMD -MP -Isrc/nanoisa -c src/nanoisa/file_public_native.c -o obj/nanoisa/file_public_native.o
2026-10-09T09:15:18.6591246Z cc -Wall -Wextra -Werror -std=c99 -g -Isrc -D_GNU_SOURCE -fprofile-arcs -ftest-coverage  -MMD -MP -c src/nanovm/file_public_vm.c -o obj/nanovm/file_public_vm.o
2026-10-09T09:15:18.7400391Z cc -Wall -Wextra -Werror -std=c99 -g -Isrc -D_GNU_SOURCE -fprofile-arcs -ftest-coverage  -MMD -MP -Isrc/nanoisa -c src/nanoisa/file_cyclic_public_native.c -o obj/nanoisa/file_cyclic_public_native.o
2026-10-09T09:15:18.8465953Z cc -Wall -Wextra -Werror -std=c99 -g -Isrc -D_GNU_SOURCE -fprofile-arcs -ftest-coverage  -MMD -MP -c src/nanovm/file_cyclic_public_vm.c -o obj/nanovm/file_cyclic_public_vm.o
2026-10-09T09:15:18.9331030Z cc -Wall -Wextra -Werror -std=c99 -g -Isrc -D_GNU_SOURCE -fprofile-arcs -ftest-coverage  -MMD -MP -Isrc/nanoisa -c src/nanoisa/file_cyclic_public_abi.c -o obj/nanoisa/file_cyclic_public_abi.o
2026-10-09T09:15:18.9610739Z cc -Wall -Wextra -Werror -std=c99 -g -Isrc -D_GNU_SOURCE -fprofile-arcs -ftest-coverage  -MMD -MP -c src/nsi_cap.c -o obj/nsi_cap.o
2026-10-09T09:15:19.0315599Z cc -Wall -Wextra -Werror -std=c99 -g -Isrc -D_GNU_SOURCE -fprofile-arcs -ftest-coverage  -MMD -MP -c src/nsi_file.c -o obj/nsi_file.o
2026-10-09T09:15:19.0867745Z cc -Wall -Wextra -Werror -std=c99 -g -Isrc -D_GNU_SOURCE -fprofile-arcs -ftest-coverage  -MMD -MP -c src/nsi_file_values.c -o obj/nsi_file_values.o
2026-10-09T09:15:19.2297462Z cc -Wall -Wextra -Werror -std=c99 -g -Isrc -D_GNU_SOURCE -fprofile-arcs -ftest-coverage  -o bin/nano_vm obj/nanovm/value.o obj/nanovm/heap.o obj/nanovm/heap_cycles.o obj/nanovm/vm.o obj/nanovm/vm_callback.o obj/nanovm/vm_ffi.o obj/nanovm/vm_builtins.o obj/nanovm/cop_protocol.o obj/nanovm/vm_ffi_arrays.o obj/runtime/callback_runtime.o obj/nanoisa/file_flow.o obj/nanoisa/service_file_nominal.o obj/nanoisa/service_file_nominal_plan.o obj/nanoisa/service_bindings.o obj/nanoisa/service_bindings_module.o obj/nanoisa/mixed_float_proof.o obj/nanoisa/managed_array_shapes.o obj/nanoisa/local_bindings.o obj/nanoisa/affine_bytecode.o obj/nanoisa/affine_state.o obj/nanoisa/ownership_contracts.o obj/nanoisa/retained_layouts.o obj/nanoisa/reference_places.o obj/nanoisa/passive.o obj/nanoisa/isa.o obj/nanoisa/verifier_types.o obj/nanoisa/nvm_format.o obj/nanoisa/nvm_format_v2.o obj/nanoisa/nvm_v2_cursor.o obj/nanoisa/nvm_v2_constants.o obj/nanoisa/nvm_v2_signatures.o obj/nanoisa/nvm_v2_layouts.o obj/nanoisa/nvm_v2_functions.o obj/nanoisa/nvm_v2_imports.o obj/nanoisa/nvm_v2_module.o obj/nanoisa/nvm_v2_convert.o obj/nanoisa/assembler.o obj/nanoisa/disassembler.o obj/nanoisa/verifier.o obj/nanoisa/nvm2c.o obj/nanoisa/nvm2c_shape.o obj/nanoisa/nvm2c_callables.o obj/nanoisa/frontend.o obj/nanoisa/nanoisa_facade.o obj/nanovm/vm_decode.o obj/nanovm/vm_dispatch.o obj/nsi_file_plan.o obj/lexer.o obj/parser.o obj/typechecker.o obj/transpiler.o obj/stdlib_runtime.o obj/env.o obj/builtins_registry.o obj/module.o obj/module_metadata.o obj/cJSON.o obj/toon_output.o obj/module_builder.o obj/resource_tracking.o obj/eval.o obj/eval/eval_hashmap.o obj/eval/eval_math.o obj/eval/eval_string.o obj/eval/eval_io.o obj/interpreter_ffi.o obj/json_diagnostics.o obj/reflection.o obj/nanocore_subset.o obj/nanocore_export.o obj/emit_typed_ast.o obj/type_infer.o obj/effects.o obj/fold_constants.o obj/dce_pass.o obj/par_let_pass.o obj/ptx_backend.o obj/opencl_backend.o obj/tco_pass.o obj/cps_pass.o obj/coroutine.o obj/pgo_pass.o obj/c_backend.o obj/bench.o obj/bench_native.o obj/riscv_backend.o obj/dwarf_info.o obj/docgen_md.o obj/docgen.o obj/fmt.o obj/channel.o obj/bcp47.o obj/locale.o obj/utf8.o obj/diag_id.o obj/catalog.o obj/resource_flow.o obj/nominal_types.o obj/runtime/list_int.o obj/runtime/list_bool.o obj/runtime/list_string.o obj/runtime/list_LexerToken.o obj/runtime/list_token.o obj/runtime/list_CompilerDiagnostic.o obj/runtime/list_CompilerSourceLocation.o obj/runtime/list_ASTNumber.o obj/runtime/list_ASTFloat.o obj/runtime/list_ASTString.o obj/runtime/list_ASTBool.o obj/runtime/list_ASTIdentifier.o obj/runtime/list_ASTBinaryOp.o obj/runtime/list_ASTCall.o obj/runtime/list_ASTModuleQualifiedCall.o obj/runtime/list_ASTArrayLiteral.o obj/runtime/list_ASTLet.o obj/runtime/list_ASTSet.o obj/runtime/list_ASTStmtRef.o obj/runtime/list_ASTIf.o obj/runtime/list_ASTWhile.o obj/runtime/list_ASTFor.o obj/runtime/list_ASTReturn.o obj/runtime/list_ASTBlock.o obj/runtime/list_ASTUnsafeBlock.o obj/runtime/list_ASTPrint.o obj/runtime/list_ASTAssert.o obj/runtime/list_ASTFunction.o obj/runtime/list_ASTShadow.o obj/runtime/list_ASTStruct.o obj/runtime/list_ASTStructLiteral.o obj/runtime/list_ASTFieldAccess.o obj/runtime/list_ASTEnum.o obj/runtime/list_ASTUnion.o obj/runtime/list_ASTUnionConstruct.o obj/runtime/list_ASTMatch.o obj/runtime/list_ASTImport.o obj/runtime/list_ASTOpaqueType.o obj/runtime/list_ASTServiceDecl.o obj/runtime/list_ASTTupleLiteral.o obj/runtime/list_ASTTupleIndex.o obj/runtime/token_helpers.o obj/runtime/gc.o obj/runtime/effect_runtime.o obj/runtime/dyn_array.o obj/runtime/gc_struct.o obj/runtime/nl_string.o obj/runtime/ffi_loader.o obj/runtime/module_build_dir.o obj/runtime/cli.o obj/runtime/regex.o \
2026-10-09T09:15:19.2310946Z 	obj/nanovm/vmd_protocol.o obj/nanovm/vmd_client.o \
2026-10-09T09:15:19.2311739Z 	obj/nanovm/main.o obj/nanoisa/file_cli.o lib/libnano_file_runtime.a -lm -lcrypto -fprofile-arcs -ftest-coverage -lcrypto -lffi  -rdynamic -rdynamic
2026-10-09T09:15:19.4022102Z python3 scripts/embed_binary64_parser.py --check
2026-10-09T09:15:19.4427353Z cc -Wall -Wextra -Werror -std=c99 -g -Isrc -D_GNU_SOURCE -fprofile-arcs -ftest-coverage  -MMD -MP -Isrc/nanoisa -Imodules/nanoisa -c src/nanoisa/nvm2c_main.c -o obj/nanoisa/nvm2c_main.o
2026-10-09T09:15:19.4906371Z cc -Wall -Wextra -Werror -std=c99 -g -Isrc -D_GNU_SOURCE -fprofile-arcs -ftest-coverage  -o bin/nvm2c obj/nanoisa/nvm2c_main.o obj/nanoisa/file_flow.o obj/nanoisa/service_file_nominal.o obj/nanoisa/service_file_nominal_plan.o obj/nanoisa/service_bindings.o obj/nanoisa/service_bindings_module.o obj/nanoisa/mixed_float_proof.o obj/nanoisa/managed_array_shapes.o obj/nanoisa/local_bindings.o obj/nanoisa/affine_bytecode.o obj/nanoisa/affine_state.o obj/nanoisa/ownership_contracts.o obj/nanoisa/retained_layouts.o obj/nanoisa/reference_places.o obj/nanoisa/passive.o obj/nanoisa/isa.o obj/nanoisa/verifier_types.o obj/nanoisa/nvm_format.o obj/nanoisa/nvm_format_v2.o obj/nanoisa/nvm_v2_cursor.o obj/nanoisa/nvm_v2_constants.o obj/nanoisa/nvm_v2_signatures.o obj/nanoisa/nvm_v2_layouts.o obj/nanoisa/nvm_v2_functions.o obj/nanoisa/nvm_v2_imports.o obj/nanoisa/nvm_v2_module.o obj/nanoisa/nvm_v2_convert.o obj/nanoisa/assembler.o obj/nanoisa/disassembler.o obj/nanoisa/verifier.o obj/nanoisa/nvm2c.o obj/nanoisa/nvm2c_shape.o obj/nanoisa/nvm2c_callables.o obj/nanoisa/frontend.o obj/nanoisa/nanoisa_facade.o obj/nanovm/vm_decode.o obj/nanovm/vm_dispatch.o obj/nsi_file_plan.o obj/utf8.o obj/nanoisa/file_cli.o lib/libnano_file_runtime.a -lm -lcrypto -fprofile-arcs -ftest-coverage -lcrypto -lffi  -rdynamic
2026-10-09T09:15:19.5556310Z cc -r -nostdlib -o bin/nano_aot_runtime.o obj/runtime/dyn_array.o obj/runtime/gc.o obj/runtime/gc_struct.o
2026-10-09T09:18:34.4655026Z ...F
2026-10-09T09:18:34.4656949Z ======================================================================
2026-10-09T09:18:34.4658355Z FAIL: test_real_emitter_driver_executes_in_vm_and_sanitized_native (tests.test_bootstrap_components.BootstrapComponents.test_real_emitter_driver_executes_in_vm_and_sanitized_native)
2026-10-09T09:18:34.4659594Z ----------------------------------------------------------------------
2026-10-09T09:18:34.4660112Z Traceback (most recent call last):
2026-10-09T09:18:34.4661331Z   File "/home/runner/work/nanolang/nanolang/tests/test_bootstrap_components.py", line 69, in test_real_emitter_driver_executes_in_vm_and_sanitized_native
2026-10-09T09:18:34.4662468Z     self.assertEqual(result.returncode, 0, result.stdout + result.stderr)
2026-10-09T09:18:34.4663463Z AssertionError: 1 != 0 : /usr/bin/ld: /home/runner/work/nanolang/nanolang/bin/nano_aot_runtime.o: in function `_sub_I_00100_0':
2026-10-09T09:18:34.4665015Z /home/runner/work/nanolang/nanolang/src/runtime/dyn_array.c:679:(.text.startup+0xc): undefined reference to `__gcov_init'
2026-10-09T09:18:34.4666240Z /usr/bin/ld: /home/runner/work/nanolang/nanolang/bin/nano_aot_runtime.o: in function `_sub_I_00100_0':
2026-10-09T09:18:34.4667338Z /home/runner/work/nanolang/nanolang/src/runtime/gc.c:470:(.text.startup+0x1c): undefined reference to `__gcov_init'
2026-10-09T09:18:34.4668417Z /usr/bin/ld: /home/runner/work/nanolang/nanolang/bin/nano_aot_runtime.o: in function `_sub_I_00100_0':
2026-10-09T09:18:34.4669420Z /home/runner/work/nanolang/nanolang/src/runtime/gc_struct.c:149:(.text.startup+0x2c): undefined reference to `__gcov_init'
2026-10-09T09:18:34.4670195Z /usr/bin/ld: /home/runner/work/nanolang/nanolang/bin/nano_aot_runtime.o: in function `_sub_D_00100_1':
2026-10-09T09:18:34.4670948Z /home/runner/work/nanolang/nanolang/src/runtime/dyn_array.c:679:(.text.exit+0x5): undefined reference to `__gcov_exit'
2026-10-09T09:18:34.4671688Z /usr/bin/ld: /home/runner/work/nanolang/nanolang/bin/nano_aot_runtime.o: in function `_sub_D_00100_1':
2026-10-09T09:18:34.4672405Z /home/runner/work/nanolang/nanolang/src/runtime/gc.c:470:(.text.exit+0x15): undefined reference to `__gcov_exit'
2026-10-09T09:18:34.4673115Z /usr/bin/ld: /home/runner/work/nanolang/nanolang/bin/nano_aot_runtime.o: in function `_sub_D_00100_1':
2026-10-09T09:18:34.4673853Z /home/runner/work/nanolang/nanolang/src/runtime/gc_struct.c:149:(.text.exit+0x25): undefined reference to `__gcov_exit'
2026-10-09T09:18:34.4674898Z /usr/bin/ld: /home/runner/work/nanolang/nanolang/bin/nano_aot_runtime.o:(.data.rel+0x20): undefined reference to `__gcov_merge_add'
2026-10-09T09:18:34.4675827Z /usr/bin/ld: /home/runner/work/nanolang/nanolang/bin/nano_aot_runtime.o:(.data.rel+0xa0): undefined reference to `__gcov_merge_add'
2026-10-09T09:18:34.4676716Z /usr/bin/ld: /home/runner/work/nanolang/nanolang/bin/nano_aot_runtime.o:(.data.rel+0x120): undefined reference to `__gcov_merge_add'
2026-10-09T09:18:34.4677327Z collect2: error: ld returned 1 exit status
2026-10-09T09:18:34.4677529Z 
2026-10-09T09:18:34.4677533Z 
2026-10-09T09:18:34.4677685Z ----------------------------------------------------------------------
2026-10-09T09:18:34.4678024Z Ran 4 tests in 194.848s
2026-10-09T09:18:34.4678166Z 
2026-10-09T09:18:34.4678249Z FAILED (failures=1)
2026-10-09T09:18:34.4731955Z make[1]: *** [Makefile.gnu:537: test-bootstrap-components] Error 1
2026-10-09T09:18:34.4736730Z make: *** [Makefile.gnu:3146: test-quick] Error 2
2026-10-09T09:18:34.4755718Z ##[error]Process completed with exit code 2.
2026-10-09T09:18:34.4838739Z ##[group]Run actions/upload-artifact@v4
2026-10-09T09:18:34.4839038Z with:
2026-10-09T09:18:34.4839251Z   name: verifier-corpus-coverage
2026-10-09T09:18:34.4839530Z   path: .test_output/verifier-corpus/
2026-10-09T09:18:34.4839811Z   include-hidden-files: true
2026-10-09T09:18:34.4840244Z   if-no-files-found: ignore
2026-10-09T09:18:34.4840475Z   retention-days: 7
2026-10-09T09:18:34.4840688Z   compression-level: 6
2026-10-09T09:18:34.4840908Z   overwrite: false
2026-10-09T09:18:34.4841103Z env:
2026-10-09T09:18:34.4841353Z   NANO_VERIFY_CORPUS_LOG_ROOT: .test_output/verifier-corpus
2026-10-09T09:18:34.4841686Z   NANO_SHADOW_TIMEOUT_SECONDS: 60
2026-10-09T09:18:34.4841929Z ##[endgroup]
2026-10-09T09:18:34.6506716Z (node:36703) [DEP0040] DeprecationWarning: The `punycode` module is deprecated. Please use a userland alternative instead.
2026-10-09T09:18:34.6507537Z (Use `node --trace-deprecation ...` to show where the warning was created)
2026-10-09T09:18:34.6524056Z No files were found with the provided path: .test_output/verifier-corpus/. No artifacts will be uploaded.
2026-10-09T09:18:34.6691319Z ##[group]Run echo "=== Showing first failed test logs ==="
2026-10-09T09:18:34.6691758Z echo "=== Showing first failed test logs ==="
2026-10-09T09:18:34.6692106Z for log in .test_output/*.compile.log; do
2026-10-09T09:18:34.6692430Z   if [ -f "$log" ]; then
2026-10-09T09:18:34.6692688Z     echo "=== $log ==="
2026-10-09T09:18:34.6692927Z     cat "$log"
2026-10-09T09:18:34.6693147Z     echo ""
2026-10-09T09:18:34.6693347Z   fi
2026-10-09T09:18:34.6693545Z done | head -200
2026-10-09T09:18:34.6756927Z shell: /usr/bin/bash --noprofile --norc -e -o pipefail {0}
2026-10-09T09:18:34.6757403Z env:
2026-10-09T09:18:34.6757670Z   NANO_VERIFY_CORPUS_LOG_ROOT: .test_output/verifier-corpus
2026-10-09T09:18:34.6758019Z   NANO_SHADOW_TIMEOUT_SECONDS: 60
2026-10-09T09:18:34.6758270Z ##[endgroup]
2026-10-09T09:18:34.6868001Z === Showing first failed test logs ===
2026-10-09T09:18:34.7060616Z Post job cleanup.
2026-10-09T09:18:34.7996883Z [command]/usr/bin/git version
2026-10-09T09:18:34.8032429Z git version 2.55.0
2026-10-09T09:18:34.8080654Z Temporarily overriding HOME='/home/runner/work/_temp/cfba30c8-5734-488a-983a-0afaaf14a297' before making global git config changes
2026-10-09T09:18:34.8082129Z Adding repository directory to the temporary git global config as a safe directory
2026-10-09T09:18:34.8090077Z [command]/usr/bin/git config --global --add safe.directory /home/runner/work/nanolang/nanolang
2026-10-09T09:18:34.8137726Z [command]/usr/bin/git config --local --name-only --get-regexp core\.sshCommand
2026-10-09T09:18:34.8188463Z [command]/usr/bin/git submodule foreach --recursive sh -c "git config --local --name-only --get-regexp 'core\.sshCommand' && git config --local --unset-all 'core.sshCommand' || :"
2026-10-09T09:18:34.8499156Z [command]/usr/bin/git config --local --name-only --get-regexp http\.https\:\/\/github\.com\/\.extraheader
2026-10-09T09:18:34.8544136Z http.https://github.com/.extraheader
2026-10-09T09:18:34.8556660Z [command]/usr/bin/git config --local --unset-all http.https://github.com/.extraheader
2026-10-09T09:18:34.8591835Z [command]/usr/bin/git submodule foreach --recursive sh -c "git config --local --name-only --get-regexp 'http\.https\:\/\/github\.com\/\.extraheader' && git config --local --unset-all 'http.https://github.com/.extraheader' || :"
2026-10-09T09:18:34.8910243Z [command]/usr/bin/git config --local --name-only --get-regexp ^includeIf\.gitdir:
2026-10-09T09:18:34.8948911Z [command]/usr/bin/git submodule foreach --recursive git config --local --show-origin --name-only --get-regexp remote.origin.url
2026-10-09T09:18:34.9390981Z Cleaning up orphan processes
2026-10-09T09:18:34.9736661Z ##[warning]Node.js 20 is deprecated. The following actions target Node.js 20 but are being forced to run on Node.js 24: actions/checkout@v4, actions/upload-artifact@v4. For more information see: https://github.blog/changelog/2025-09-19-deprecation-of-node-20-on-github-actions-runners/
