I require service STRING catalog 1 from STRING.
Error at line 1, column 5: 'pub' keyword must be followed by fn, pure, struct, enum, union, use, opaque, or effect
I require service STRING catalog 1 from STRING.
Error at line 1, column 9: Expected import, struct, enum, union, extern, function, constant or shadow-test definition
Error at line 1, column 35: Expected import, struct, enum, union, extern, function, constant or shadow-test definition
Error at line 1, column 43: Expected import, struct, enum, union, extern, function, constant or shadow-test definition
Error at line 1, column 51: Expected 'import' after module path in 'from' statement (got EOF)
I require service STRING catalog 1 from STRING.
Error at line 1, column 9: Expected import, struct, enum, union, extern, function, constant or shadow-test definition
Error at line 1, column 35: Expected import, struct, enum, union, extern, function, constant or shadow-test definition
Error at line 1, column 43: Expected import, struct, enum, union, extern, function, constant or shadow-test definition
Error at line 1, column 52: Expected 'import' after module path in 'from' statement (got EOF)
I require service STRING catalog 1 from STRING.
Error at line 1, column 9: Expected import, struct, enum, union, extern, function, constant or shadow-test definition
Error at line 1, column 35: Expected import, struct, enum, union, extern, function, constant or shadow-test definition
Error at line 1, column 43: Expected import, struct, enum, union, extern, function, constant or shadow-test definition
Error at line 1, column 50: Expected 'import' after module path in 'from' statement (got EOF)
I cannot retain this complete counted service declaration.
Error at line 1, column 9: Expected import, struct, enum, union, extern, function, constant or shadow-test definition
Error at line 1, column 35: Expected import, struct, enum, union, extern, function, constant or shadow-test definition
Error at line 1, column 43: Expected import, struct, enum, union, extern, function, constant or shadow-test definition
Error at line 1, column 50: Expected 'import' after module path in 'from' statement (got EOF)
I cannot retain this complete counted service declaration.
Error at line 1, column 9: Expected import, struct, enum, union, extern, function, constant or shadow-test definition
Error at line 1, column 35: Expected import, struct, enum, union, extern, function, constant or shadow-test definition
Error at line 1, column 43: Expected import, struct, enum, union, extern, function, constant or shadow-test definition
Error at line 1, column 50: Expected 'import' after module path in 'from' statement (got EOF)
I cannot retain this complete counted service declaration.
Error at line 1, column 9: Expected import, struct, enum, union, extern, function, constant or shadow-test definition
Error at line 1, column 35: Expected import, struct, enum, union, extern, function, constant or shadow-test definition
Error at line 1, column 43: Expected import, struct, enum, union, extern, function, constant or shadow-test definition
I cannot use a NUL byte in a module path.
I require the end of this service declaration line.
Error at line 1, column 9: Expected import, struct, enum, union, extern, function, constant or shadow-test definition
Error at line 1, column 35: Expected import, struct, enum, union, extern, function, constant or shadow-test definition
Error at line 1, column 43: Expected import, struct, enum, union, extern, function, constant or shadow-test definition
Error at line 1, column 54: Expected 'import' after module path in 'from' statement (got IDENTIFIER)
I require one service declaration line.
Error at line 1, column 9: Expected import, struct, enum, union, extern, function, constant or shadow-test definition
Error at line 2, column 1: Expected import, struct, enum, union, extern, function, constant or shadow-test definition
Error at line 2, column 9: Expected import, struct, enum, union, extern, function, constant or shadow-test definition
Error at line 2, column 16: Expected 'import' after module path in 'from' statement (got EOF)
I cannot retain this complete counted service declaration.
Error at line 1, column 9: Expected import, struct, enum, union, extern, function, constant or shadow-test definition
Error at line 1, column 35: Expected import, struct, enum, union, extern, function, constant or shadow-test definition
Error at line 1, column 43: Expected import, struct, enum, union, extern, function, constant or shadow-test definition
Error at line 1, column 50: Expected 'import' after module path in 'from' statement (got EOF)
I cannot retain this complete counted service declaration.
Error at line 1, column 9: Expected import, struct, enum, union, extern, function, constant or shadow-test definition
Error at line 1, column 35: Expected import, struct, enum, union, extern, function, constant or shadow-test definition
Error at line 1, column 43: Expected import, struct, enum, union, extern, function, constant or shadow-test definition
Error at line 1, column 50: Expected 'import' after module path in 'from' statement (got EOF)
I cannot retain this complete counted service declaration.
Error at line 1, column 9: Expected import, struct, enum, union, extern, function, constant or shadow-test definition
Error at line 1, column 35: Expected import, struct, enum, union, extern, function, constant or shadow-test definition
Error at line 1, column 43: Expected import, struct, enum, union, extern, function, constant or shadow-test definition
Error at line 1, column 50: Expected 'import' after module path in 'from' statement (got EOF)
I cannot retain this complete counted service declaration.
Error at line 1, column 9: Expected import, struct, enum, union, extern, function, constant or shadow-test definition
Error at line 1, column 35: Expected import, struct, enum, union, extern, function, constant or shadow-test definition
Error at line 1, column 43: Expected import, struct, enum, union, extern, function, constant or shadow-test definition
Error at line 1, column 50: Expected 'import' after module path in 'from' statement (got EOF)
I cannot retain this complete counted service declaration.
Error at line 1, column 9: Expected import, struct, enum, union, extern, function, constant or shadow-test definition
Error at line 1, column 35: Expected import, struct, enum, union, extern, function, constant or shadow-test definition
Error at line 1, column 43: Expected import, struct, enum, union, extern, function, constant or shadow-test definition
Error at line 1, column 50: Expected 'import' after module path in 'from' statement (got EOF)
I cannot retain this complete counted service declaration.
Error at line 1, column 9: Expected import, struct, enum, union, extern, function, constant or shadow-test definition
Error at line 1, column 35: Expected import, struct, enum, union, extern, function, constant or shadow-test definition
Error at line 1, column 43: Expected import, struct, enum, union, extern, function, constant or shadow-test definition
Error at line 1, column 50: Expected 'import' after module path in 'from' statement (got EOF)
I cannot retain this complete counted service declaration.
Error at line 1, column 9: Expected import, struct, enum, union, extern, function, constant or shadow-test definition
Error at line 1, column 35: Expected import, struct, enum, union, extern, function, constant or shadow-test definition
Error at line 1, column 43: Expected import, struct, enum, union, extern, function, constant or shadow-test definition
Error at line 1, column 50: Expected 'import' after module path in 'from' statement (got EOF)
I cannot retain this complete counted service declaration.
Error at line 1, column 9: Expected import, struct, enum, union, extern, function, constant or shadow-test definition
Error at line 1, column 35: Expected import, struct, enum, union, extern, function, constant or shadow-test definition
Error at line 1, column 43: Expected import, struct, enum, union, extern, function, constant or shadow-test definition
Error at line 1, column 50: Expected 'import' after module path in 'from' statement (got EOF)
I cannot retain this complete counted service declaration.
Error at line 1, column 9: Expected import, struct, enum, union, extern, function, constant or shadow-test definition
Error at line 1, column 35: Expected import, struct, enum, union, extern, function, constant or shadow-test definition
Error at line 1, column 43: Expected import, struct, enum, union, extern, function, constant or shadow-test definition
Error at line 1, column 50: Expected 'import' after module path in 'from' statement (got EOF)
I cannot retain this complete counted service declaration.
Error at line 1, column 9: Expected import, struct, enum, union, extern, function, constant or shadow-test definition
Error at line 1, column 35: Expected import, struct, enum, union, extern, function, constant or shadow-test definition
Error at line 1, column 43: Expected import, struct, enum, union, extern, function, constant or shadow-test definition
Error at line 1, column 50: Expected 'import' after module path in 'from' statement (got EOF)
I cannot retain this complete counted service declaration.
Error at line 1, column 9: Expected import, struct, enum, union, extern, function, constant or shadow-test definition
Error at line 1, column 35: Expected import, struct, enum, union, extern, function, constant or shadow-test definition
Error at line 1, column 43: Expected import, struct, enum, union, extern, function, constant or shadow-test definition
Error at line 2, column 1: Expected 'import' after module path in 'from' statement (got IDENTIFIER)
Error at line 2, column 9: Expected import, struct, enum, union, extern, function, constant or shadow-test definition
Error at line 2, column 35: Expected import, struct, enum, union, extern, function, constant or shadow-test definition
Error at line 2, column 43: Expected import, struct, enum, union, extern, function, constant or shadow-test definition
Error at line 3, column 1: Expected 'import' after module path in 'from' statement (got IDENTIFIER)
Error at line 3, column 9: Expected import, struct, enum, union, extern, function, constant or shadow-test definition
Error at line 3, column 35: Expected import, struct, enum, union, extern, function, constant or shadow-test definition
Error at line 3, column 43: Expected import, struct, enum, union, extern, function, constant or shadow-test definition
Error at line 4, column 1: Expected 'import' after module path in 'from' statement (got IDENTIFIER)
Error at line 4, column 9: Expected import, struct, enum, union, extern, function, constant or shadow-test definition
Error at line 4, column 35: Expected import, struct, enum, union, extern, function, constant or shadow-test definition
Error at line 4, column 43: Expected import, struct, enum, union, extern, function, constant or shadow-test definition
Error at line 5, column 1: Expected 'import' after module path in 'from' statement (got IDENTIFIER)
Error at line 5, column 9: Expected import, struct, enum, union, extern, function, constant or shadow-test definition
Error at line 5, column 35: Expected import, struct, enum, union, extern, function, constant or shadow-test definition
Error at line 5, column 43: Expected import, struct, enum, union, extern, function, constant or shadow-test definition
... stopping after 20 errors
I cannot retain this complete counted service declaration.
Error at line 1, column 9: Expected import, struct, enum, union, extern, function, constant or shadow-test definition
Error at line 1, column 35: Expected import, struct, enum, union, extern, function, constant or shadow-test definition
Error at line 1, column 43: Expected import, struct, enum, union, extern, function, constant or shadow-test definition
Error at line 2, column 1: Expected 'import' after module path in 'from' statement (got IDENTIFIER)
Error at line 2, column 9: Expected import, struct, enum, union, extern, function, constant or shadow-test definition
Error at line 2, column 35: Expected import, struct, enum, union, extern, function, constant or shadow-test definition
Error at line 2, column 43: Expected import, struct, enum, union, extern, function, constant or shadow-test definition
Error at line 3, column 1: Expected 'import' after module path in 'from' statement (got IDENTIFIER)
Error at line 3, column 9: Expected import, struct, enum, union, extern, function, constant or shadow-test definition
Error at line 3, column 35: Expected import, struct, enum, union, extern, function, constant or shadow-test definition
Error at line 3, column 43: Expected import, struct, enum, union, extern, function, constant or shadow-test definition
Error at line 4, column 1: Expected 'import' after module path in 'from' statement (got IDENTIFIER)
Error at line 4, column 9: Expected import, struct, enum, union, extern, function, constant or shadow-test definition
Error at line 4, column 35: Expected import, struct, enum, union, extern, function, constant or shadow-test definition
Error at line 4, column 43: Expected import, struct, enum, union, extern, function, constant or shadow-test definition
Error at line 5, column 1: Expected 'import' after module path in 'from' statement (got IDENTIFIER)
Error at line 5, column 9: Expected import, struct, enum, union, extern, function, constant or shadow-test definition
Error at line 5, column 35: Expected import, struct, enum, union, extern, function, constant or shadow-test definition
Error at line 5, column 43: Expected import, struct, enum, union, extern, function, constant or shadow-test definition
... stopping after 20 errors
I cannot retain this complete counted service declaration.
Error at line 1, column 9: Expected import, struct, enum, union, extern, function, constant or shadow-test definition
Error at line 1, column 35: Expected import, struct, enum, union, extern, function, constant or shadow-test definition
Error at line 1, column 43: Expected import, struct, enum, union, extern, function, constant or shadow-test definition
Error at line 2, column 1: Expected 'import' after module path in 'from' statement (got IDENTIFIER)
Error at line 2, column 9: Expected import, struct, enum, union, extern, function, constant or shadow-test definition
Error at line 2, column 35: Expected import, struct, enum, union, extern, function, constant or shadow-test definition
Error at line 2, column 43: Expected import, struct, enum, union, extern, function, constant or shadow-test definition
Error at line 3, column 1: Expected 'import' after module path in 'from' statement (got IDENTIFIER)
Error at line 3, column 9: Expected import, struct, enum, union, extern, function, constant or shadow-test definition
Error at line 3, column 35: Expected import, struct, enum, union, extern, function, constant or shadow-test definition
Error at line 3, column 43: Expected import, struct, enum, union, extern, function, constant or shadow-test definition
Error at line 4, column 1: Expected 'import' after module path in 'from' statement (got IDENTIFIER)
Error at line 4, column 9: Expected import, struct, enum, union, extern, function, constant or shadow-test definition
Error at line 4, column 35: Expected import, struct, enum, union, extern, function, constant or shadow-test definition
Error at line 4, column 43: Expected import, struct, enum, union, extern, function, constant or shadow-test definition
Error at line 5, column 1: Expected 'import' after module path in 'from' statement (got IDENTIFIER)
Error at line 5, column 9: Expected import, struct, enum, union, extern, function, constant or shadow-test definition
Error at line 5, column 35: Expected import, struct, enum, union, extern, function, constant or shadow-test definition
Error at line 5, column 43: Expected import, struct, enum, union, extern, function, constant or shadow-test definition
... stopping after 20 errors
I cannot retain this complete counted service declaration.
Error at line 2, column 9: Expected import, struct, enum, union, extern, function, constant or shadow-test definition
Error at line 2, column 35: Expected import, struct, enum, union, extern, function, constant or shadow-test definition
Error at line 2, column 43: Expected import, struct, enum, union, extern, function, constant or shadow-test definition
Error at line 3, column 1: Expected 'import' after module path in 'from' statement (got IDENTIFIER)
Error at line 3, column 9: Expected import, struct, enum, union, extern, function, constant or shadow-test definition
Error at line 3, column 35: Expected import, struct, enum, union, extern, function, constant or shadow-test definition
Error at line 3, column 43: Expected import, struct, enum, union, extern, function, constant or shadow-test definition
Error at line 4, column 1: Expected 'import' after module path in 'from' statement (got IDENTIFIER)
Error at line 4, column 9: Expected import, struct, enum, union, extern, function, constant or shadow-test definition
Error at line 4, column 35: Expected import, struct, enum, union, extern, function, constant or shadow-test definition
Error at line 4, column 43: Expected import, struct, enum, union, extern, function, constant or shadow-test definition
Error at line 5, column 1: Expected 'import' after module path in 'from' statement (got IDENTIFIER)
Error at line 5, column 9: Expected import, struct, enum, union, extern, function, constant or shadow-test definition
Error at line 5, column 35: Expected import, struct, enum, union, extern, function, constant or shadow-test definition
Error at line 5, column 43: Expected import, struct, enum, union, extern, function, constant or shadow-test definition
Error at line 6, column 1: Expected 'import' after module path in 'from' statement (got IDENTIFIER)
Error at line 6, column 9: Expected import, struct, enum, union, extern, function, constant or shadow-test definition
Error at line 6, column 35: Expected import, struct, enum, union, extern, function, constant or shadow-test definition
Error at line 6, column 43: Expected import, struct, enum, union, extern, function, constant or shadow-test definition
... stopping after 20 errors
I cannot retain this complete counted service declaration.
Error at line 2, column 9: Expected import, struct, enum, union, extern, function, constant or shadow-test definition
Error at line 2, column 35: Expected import, struct, enum, union, extern, function, constant or shadow-test definition
Error at line 2, column 43: Expected import, struct, enum, union, extern, function, constant or shadow-test definition
Error at line 3, column 1: Expected 'import' after module path in 'from' statement (got IDENTIFIER)
Error at line 3, column 9: Expected import, struct, enum, union, extern, function, constant or shadow-test definition
Error at line 3, column 35: Expected import, struct, enum, union, extern, function, constant or shadow-test definition
Error at line 3, column 43: Expected import, struct, enum, union, extern, function, constant or shadow-test definition
Error at line 4, column 1: Expected 'import' after module path in 'from' statement (got IDENTIFIER)
Error at line 4, column 9: Expected import, struct, enum, union, extern, function, constant or shadow-test definition
Error at line 4, column 35: Expected import, struct, enum, union, extern, function, constant or shadow-test definition
Error at line 4, column 43: Expected import, struct, enum, union, extern, function, constant or shadow-test definition
Error at line 5, column 1: Expected 'import' after module path in 'from' statement (got IDENTIFIER)
Error at line 5, column 9: Expected import, struct, enum, union, extern, function, constant or shadow-test definition
Error at line 5, column 35: Expected import, struct, enum, union, extern, function, constant or shadow-test definition
Error at line 5, column 43: Expected import, struct, enum, union, extern, function, constant or shadow-test definition
Error at line 6, column 1: Expected 'import' after module path in 'from' statement (got IDENTIFIER)
Error at line 6, column 9: Expected import, struct, enum, union, extern, function, constant or shadow-test definition
Error at line 6, column 35: Expected import, struct, enum, union, extern, function, constant or shadow-test definition
Error at line 6, column 43: Expected import, struct, enum, union, extern, function, constant or shadow-test definition
... stopping after 20 errors
I cannot retain this complete counted service declaration.
Error at line 2, column 9: Expected import, struct, enum, union, extern, function, constant or shadow-test definition
Error at line 2, column 35: Expected import, struct, enum, union, extern, function, constant or shadow-test definition
Error at line 2, column 43: Expected import, struct, enum, union, extern, function, constant or shadow-test definition
Error at line 3, column 1: Expected 'import' after module path in 'from' statement (got IDENTIFIER)
Error at line 3, column 9: Expected import, struct, enum, union, extern, function, constant or shadow-test definition
Error at line 3, column 35: Expected import, struct, enum, union, extern, function, constant or shadow-test definition
Error at line 3, column 43: Expected import, struct, enum, union, extern, function, constant or shadow-test definition
Error at line 4, column 1: Expected 'import' after module path in 'from' statement (got IDENTIFIER)
Error at line 4, column 9: Expected import, struct, enum, union, extern, function, constant or shadow-test definition
Error at line 4, column 35: Expected import, struct, enum, union, extern, function, constant or shadow-test definition
Error at line 4, column 43: Expected import, struct, enum, union, extern, function, constant or shadow-test definition
Error at line 5, column 1: Expected 'import' after module path in 'from' statement (got IDENTIFIER)
Error at line 5, column 9: Expected import, struct, enum, union, extern, function, constant or shadow-test definition
Error at line 5, column 35: Expected import, struct, enum, union, extern, function, constant or shadow-test definition
Error at line 5, column 43: Expected import, struct, enum, union, extern, function, constant or shadow-test definition
Error at line 6, column 1: Expected 'import' after module path in 'from' statement (got IDENTIFIER)
Error at line 6, column 9: Expected import, struct, enum, union, extern, function, constant or shadow-test definition
Error at line 6, column 35: Expected import, struct, enum, union, extern, function, constant or shadow-test definition
Error at line 6, column 43: Expected import, struct, enum, union, extern, function, constant or shadow-test definition
... stopping after 20 errors
I cannot retain this complete counted service declaration.
Error at line 3, column 9: Expected import, struct, enum, union, extern, function, constant or shadow-test definition
Error at line 3, column 35: Expected import, struct, enum, union, extern, function, constant or shadow-test definition
Error at line 3, column 43: Expected import, struct, enum, union, extern, function, constant or shadow-test definition
Error at line 4, column 1: Expected 'import' after module path in 'from' statement (got IDENTIFIER)
Error at line 4, column 9: Expected import, struct, enum, union, extern, function, constant or shadow-test definition
Error at line 4, column 35: Expected import, struct, enum, union, extern, function, constant or shadow-test definition
Error at line 4, column 43: Expected import, struct, enum, union, extern, function, constant or shadow-test definition
Error at line 5, column 1: Expected 'import' after module path in 'from' statement (got IDENTIFIER)
Error at line 5, column 9: Expected import, struct, enum, union, extern, function, constant or shadow-test definition
Error at line 5, column 35: Expected import, struct, enum, union, extern, function, constant or shadow-test definition
Error at line 5, column 43: Expected import, struct, enum, union, extern, function, constant or shadow-test definition
Error at line 6, column 1: Expected 'import' after module path in 'from' statement (got IDENTIFIER)
Error at line 6, column 9: Expected import, struct, enum, union, extern, function, constant or shadow-test definition
Error at line 6, column 35: Expected import, struct, enum, union, extern, function, constant or shadow-test definition
Error at line 6, column 43: Expected import, struct, enum, union, extern, function, constant or shadow-test definition
Error at line 7, column 1: Expected 'import' after module path in 'from' statement (got IDENTIFIER)
Error at line 7, column 9: Expected import, struct, enum, union, extern, function, constant or shadow-test definition
Error at line 7, column 35: Expected import, struct, enum, union, extern, function, constant or shadow-test definition
Error at line 7, column 43: Expected import, struct, enum, union, extern, function, constant or shadow-test definition
... stopping after 20 errors
I cannot retain this complete counted service declaration.
Error at line 3, column 9: Expected import, struct, enum, union, extern, function, constant or shadow-test definition
Error at line 3, column 35: Expected import, struct, enum, union, extern, function, constant or shadow-test definition
Error at line 3, column 43: Expected import, struct, enum, union, extern, function, constant or shadow-test definition
Error at line 4, column 1: Expected 'import' after module path in 'from' statement (got IDENTIFIER)
Error at line 4, column 9: Expected import, struct, enum, union, extern, function, constant or shadow-test definition
Error at line 4, column 35: Expected import, struct, enum, union, extern, function, constant or shadow-test definition
Error at line 4, column 43: Expected import, struct, enum, union, extern, function, constant or shadow-test definition
Error at line 5, column 1: Expected 'import' after module path in 'from' statement (got IDENTIFIER)
Error at line 5, column 9: Expected import, struct, enum, union, extern, function, constant or shadow-test definition
Error at line 5, column 35: Expected import, struct, enum, union, extern, function, constant or shadow-test definition
Error at line 5, column 43: Expected import, struct, enum, union, extern, function, constant or shadow-test definition
Error at line 6, column 1: Expected 'import' after module path in 'from' statement (got IDENTIFIER)
Error at line 6, column 9: Expected import, struct, enum, union, extern, function, constant or shadow-test definition
Error at line 6, column 35: Expected import, struct, enum, union, extern, function, constant or shadow-test definition
Error at line 6, column 43: Expected import, struct, enum, union, extern, function, constant or shadow-test definition
Error at line 7, column 1: Expected 'import' after module path in 'from' statement (got IDENTIFIER)
Error at line 7, column 9: Expected import, struct, enum, union, extern, function, constant or shadow-test definition
Error at line 7, column 35: Expected import, struct, enum, union, extern, function, constant or shadow-test definition
Error at line 7, column 43: Expected import, struct, enum, union, extern, function, constant or shadow-test definition
... stopping after 20 errors
I cannot retain this complete counted service declaration.
Error at line 3, column 9: Expected import, struct, enum, union, extern, function, constant or shadow-test definition
Error at line 3, column 35: Expected import, struct, enum, union, extern, function, constant or shadow-test definition
Error at line 3, column 43: Expected import, struct, enum, union, extern, function, constant or shadow-test definition
Error at line 4, column 1: Expected 'import' after module path in 'from' statement (got IDENTIFIER)
Error at line 4, column 9: Expected import, struct, enum, union, extern, function, constant or shadow-test definition
Error at line 4, column 35: Expected import, struct, enum, union, extern, function, constant or shadow-test definition
Error at line 4, column 43: Expected import, struct, enum, union, extern, function, constant or shadow-test definition
Error at line 5, column 1: Expected 'import' after module path in 'from' statement (got IDENTIFIER)
Error at line 5, column 9: Expected import, struct, enum, union, extern, function, constant or shadow-test definition
Error at line 5, column 35: Expected import, struct, enum, union, extern, function, constant or shadow-test definition
Error at line 5, column 43: Expected import, struct, enum, union, extern, function, constant or shadow-test definition
Error at line 6, column 1: Expected 'import' after module path in 'from' statement (got IDENTIFIER)
Error at line 6, column 9: Expected import, struct, enum, union, extern, function, constant or shadow-test definition
Error at line 6, column 35: Expected import, struct, enum, union, extern, function, constant or shadow-test definition
Error at line 6, column 43: Expected import, struct, enum, union, extern, function, constant or shadow-test definition
Error at line 7, column 1: Expected 'import' after module path in 'from' statement (got IDENTIFIER)
Error at line 7, column 9: Expected import, struct, enum, union, extern, function, constant or shadow-test definition
Error at line 7, column 35: Expected import, struct, enum, union, extern, function, constant or shadow-test definition
Error at line 7, column 43: Expected import, struct, enum, union, extern, function, constant or shadow-test definition
... stopping after 20 errors
I cannot retain this complete counted service declaration.
Error at line 4, column 9: Expected import, struct, enum, union, extern, function, constant or shadow-test definition
Error at line 4, column 35: Expected import, struct, enum, union, extern, function, constant or shadow-test definition
Error at line 4, column 43: Expected import, struct, enum, union, extern, function, constant or shadow-test definition
Error at line 5, column 1: Expected 'import' after module path in 'from' statement (got IDENTIFIER)
Error at line 5, column 9: Expected import, struct, enum, union, extern, function, constant or shadow-test definition
Error at line 5, column 35: Expected import, struct, enum, union, extern, function, constant or shadow-test definition
Error at line 5, column 43: Expected import, struct, enum, union, extern, function, constant or shadow-test definition
Error at line 6, column 1: Expected 'import' after module path in 'from' statement (got IDENTIFIER)
Error at line 6, column 9: Expected import, struct, enum, union, extern, function, constant or shadow-test definition
Error at line 6, column 35: Expected import, struct, enum, union, extern, function, constant or shadow-test definition
Error at line 6, column 43: Expected import, struct, enum, union, extern, function, constant or shadow-test definition
Error at line 7, column 1: Expected 'import' after module path in 'from' statement (got IDENTIFIER)
Error at line 7, column 9: Expected import, struct, enum, union, extern, function, constant or shadow-test definition
Error at line 7, column 35: Expected import, struct, enum, union, extern, function, constant or shadow-test definition
Error at line 7, column 43: Expected import, struct, enum, union, extern, function, constant or shadow-test definition
Error at line 8, column 1: Expected 'import' after module path in 'from' statement (got IDENTIFIER)
Error at line 8, column 9: Expected import, struct, enum, union, extern, function, constant or shadow-test definition
Error at line 8, column 35: Expected import, struct, enum, union, extern, function, constant or shadow-test definition
Error at line 8, column 43: Expected import, struct, enum, union, extern, function, constant or shadow-test definition
... stopping after 20 errors
I cannot retain this complete counted service declaration.
Error at line 4, column 9: Expected import, struct, enum, union, extern, function, constant or shadow-test definition
Error at line 4, column 35: Expected import, struct, enum, union, extern, function, constant or shadow-test definition
Error at line 4, column 43: Expected import, struct, enum, union, extern, function, constant or shadow-test definition
Error at line 5, column 1: Expected 'import' after module path in 'from' statement (got IDENTIFIER)
Error at line 5, column 9: Expected import, struct, enum, union, extern, function, constant or shadow-test definition
Error at line 5, column 35: Expected import, struct, enum, union, extern, function, constant or shadow-test definition
Error at line 5, column 43: Expected import, struct, enum, union, extern, function, constant or shadow-test definition
Error at line 6, column 1: Expected 'import' after module path in 'from' statement (got IDENTIFIER)
Error at line 6, column 9: Expected import, struct, enum, union, extern, function, constant or shadow-test definition
Error at line 6, column 35: Expected import, struct, enum, union, extern, function, constant or shadow-test definition
Error at line 6, column 43: Expected import, struct, enum, union, extern, function, constant or shadow-test definition
Error at line 7, column 1: Expected 'import' after module path in 'from' statement (got IDENTIFIER)
Error at line 7, column 9: Expected import, struct, enum, union, extern, function, constant or shadow-test definition
Error at line 7, column 35: Expected import, struct, enum, union, extern, function, constant or shadow-test definition
Error at line 7, column 43: Expected import, struct, enum, union, extern, function, constant or shadow-test definition
Error at line 8, column 1: Expected 'import' after module path in 'from' statement (got IDENTIFIER)
Error at line 8, column 9: Expected import, struct, enum, union, extern, function, constant or shadow-test definition
Error at line 8, column 35: Expected import, struct, enum, union, extern, function, constant or shadow-test definition
Error at line 8, column 43: Expected import, struct, enum, union, extern, function, constant or shadow-test definition
... stopping after 20 errors
I cannot retain this complete counted service declaration.
Error at line 4, column 9: Expected import, struct, enum, union, extern, function, constant or shadow-test definition
Error at line 4, column 35: Expected import, struct, enum, union, extern, function, constant or shadow-test definition
Error at line 4, column 43: Expected import, struct, enum, union, extern, function, constant or shadow-test definition
Error at line 5, column 1: Expected 'import' after module path in 'from' statement (got IDENTIFIER)
Error at line 5, column 9: Expected import, struct, enum, union, extern, function, constant or shadow-test definition
Error at line 5, column 35: Expected import, struct, enum, union, extern, function, constant or shadow-test definition
Error at line 5, column 43: Expected import, struct, enum, union, extern, function, constant or shadow-test definition
Error at line 6, column 1: Expected 'import' after module path in 'from' statement (got IDENTIFIER)
Error at line 6, column 9: Expected import, struct, enum, union, extern, function, constant or shadow-test definition
Error at line 6, column 35: Expected import, struct, enum, union, extern, function, constant or shadow-test definition
Error at line 6, column 43: Expected import, struct, enum, union, extern, function, constant or shadow-test definition
Error at line 7, column 1: Expected 'import' after module path in 'from' statement (got IDENTIFIER)
Error at line 7, column 9: Expected import, struct, enum, union, extern, function, constant or shadow-test definition
Error at line 7, column 35: Expected import, struct, enum, union, extern, function, constant or shadow-test definition
Error at line 7, column 43: Expected import, struct, enum, union, extern, function, constant or shadow-test definition
Error at line 8, column 1: Expected 'import' after module path in 'from' statement (got IDENTIFIER)
Error at line 8, column 9: Expected import, struct, enum, union, extern, function, constant or shadow-test definition
Error at line 8, column 35: Expected import, struct, enum, union, extern, function, constant or shadow-test definition
Error at line 8, column 43: Expected import, struct, enum, union, extern, function, constant or shadow-test definition
... stopping after 20 errors
I cannot retain this complete counted service declaration.
Error at line 5, column 9: Expected import, struct, enum, union, extern, function, constant or shadow-test definition
Error at line 5, column 35: Expected import, struct, enum, union, extern, function, constant or shadow-test definition
Error at line 5, column 43: Expected import, struct, enum, union, extern, function, constant or shadow-test definition
Error at line 6, column 1: Expected 'import' after module path in 'from' statement (got IDENTIFIER)
Error at line 6, column 9: Expected import, struct, enum, union, extern, function, constant or shadow-test definition
Error at line 6, column 35: Expected import, struct, enum, union, extern, function, constant or shadow-test definition
Error at line 6, column 43: Expected import, struct, enum, union, extern, function, constant or shadow-test definition
Error at line 7, column 1: Expected 'import' after module path in 'from' statement (got IDENTIFIER)
Error at line 7, column 9: Expected import, struct, enum, union, extern, function, constant or shadow-test definition
Error at line 7, column 35: Expected import, struct, enum, union, extern, function, constant or shadow-test definition
Error at line 7, column 43: Expected import, struct, enum, union, extern, function, constant or shadow-test definition
Error at line 8, column 1: Expected 'import' after module path in 'from' statement (got IDENTIFIER)
Error at line 8, column 9: Expected import, struct, enum, union, extern, function, constant or shadow-test definition
Error at line 8, column 35: Expected import, struct, enum, union, extern, function, constant or shadow-test definition
Error at line 8, column 43: Expected import, struct, enum, union, extern, function, constant or shadow-test definition
Error at line 9, column 1: Expected 'import' after module path in 'from' statement (got IDENTIFIER)
Error at line 9, column 9: Expected import, struct, enum, union, extern, function, constant or shadow-test definition
Error at line 9, column 35: Expected import, struct, enum, union, extern, function, constant or shadow-test definition
Error at line 9, column 43: Expected import, struct, enum, union, extern, function, constant or shadow-test definition
... stopping after 20 errors
I cannot retain this complete counted service declaration.
Error at line 5, column 9: Expected import, struct, enum, union, extern, function, constant or shadow-test definition
Error at line 5, column 35: Expected import, struct, enum, union, extern, function, constant or shadow-test definition
Error at line 5, column 43: Expected import, struct, enum, union, extern, function, constant or shadow-test definition
Error at line 6, column 1: Expected 'import' after module path in 'from' statement (got IDENTIFIER)
Error at line 6, column 9: Expected import, struct, enum, union, extern, function, constant or shadow-test definition
Error at line 6, column 35: Expected import, struct, enum, union, extern, function, constant or shadow-test definition
Error at line 6, column 43: Expected import, struct, enum, union, extern, function, constant or shadow-test definition
Error at line 7, column 1: Expected 'import' after module path in 'from' statement (got IDENTIFIER)
Error at line 7, column 9: Expected import, struct, enum, union, extern, function, constant or shadow-test definition
Error at line 7, column 35: Expected import, struct, enum, union, extern, function, constant or shadow-test definition
Error at line 7, column 43: Expected import, struct, enum, union, extern, function, constant or shadow-test definition
Error at line 8, column 1: Expected 'import' after module path in 'from' statement (got IDENTIFIER)
Error at line 8, column 9: Expected import, struct, enum, union, extern, function, constant or shadow-test definition
Error at line 8, column 35: Expected import, struct, enum, union, extern, function, constant or shadow-test definition
Error at line 8, column 43: Expected import, struct, enum, union, extern, function, constant or shadow-test definition
Error at line 9, column 1: Expected 'import' after module path in 'from' statement (got IDENTIFIER)
Error at line 9, column 9: Expected import, struct, enum, union, extern, function, constant or shadow-test definition
Error at line 9, column 35: Expected import, struct, enum, union, extern, function, constant or shadow-test definition
Error at line 9, column 43: Expected import, struct, enum, union, extern, function, constant or shadow-test definition
... stopping after 20 errors
I cannot retain this complete counted service declaration.
Error at line 5, column 9: Expected import, struct, enum, union, extern, function, constant or shadow-test definition
Error at line 5, column 35: Expected import, struct, enum, union, extern, function, constant or shadow-test definition
Error at line 5, column 43: Expected import, struct, enum, union, extern, function, constant or shadow-test definition
Error at line 6, column 1: Expected 'import' after module path in 'from' statement (got IDENTIFIER)
Error at line 6, column 9: Expected import, struct, enum, union, extern, function, constant or shadow-test definition
Error at line 6, column 35: Expected import, struct, enum, union, extern, function, constant or shadow-test definition
Error at line 6, column 43: Expected import, struct, enum, union, extern, function, constant or shadow-test definition
Error at line 7, column 1: Expected 'import' after module path in 'from' statement (got IDENTIFIER)
Error at line 7, column 9: Expected import, struct, enum, union, extern, function, constant or shadow-test definition
Error at line 7, column 35: Expected import, struct, enum, union, extern, function, constant or shadow-test definition
Error at line 7, column 43: Expected import, struct, enum, union, extern, function, constant or shadow-test definition
Error at line 8, column 1: Expected 'import' after module path in 'from' statement (got IDENTIFIER)
Error at line 8, column 9: Expected import, struct, enum, union, extern, function, constant or shadow-test definition
Error at line 8, column 35: Expected import, struct, enum, union, extern, function, constant or shadow-test definition
Error at line 8, column 43: Expected import, struct, enum, union, extern, function, constant or shadow-test definition
Error at line 9, column 1: Expected 'import' after module path in 'from' statement (got IDENTIFIER)
Error at line 9, column 9: Expected import, struct, enum, union, extern, function, constant or shadow-test definition
Error at line 9, column 35: Expected import, struct, enum, union, extern, function, constant or shadow-test definition
Error at line 9, column 43: Expected import, struct, enum, union, extern, function, constant or shadow-test definition
... stopping after 20 errors
I cannot retain this complete counted service declaration.
Error at line 6, column 9: Expected import, struct, enum, union, extern, function, constant or shadow-test definition
Error at line 6, column 35: Expected import, struct, enum, union, extern, function, constant or shadow-test definition
Error at line 6, column 43: Expected import, struct, enum, union, extern, function, constant or shadow-test definition
Error at line 7, column 1: Expected 'import' after module path in 'from' statement (got IDENTIFIER)
Error at line 7, column 9: Expected import, struct, enum, union, extern, function, constant or shadow-test definition
Error at line 7, column 35: Expected import, struct, enum, union, extern, function, constant or shadow-test definition
Error at line 7, column 43: Expected import, struct, enum, union, extern, function, constant or shadow-test definition
Error at line 8, column 1: Expected 'import' after module path in 'from' statement (got IDENTIFIER)
Error at line 8, column 9: Expected import, struct, enum, union, extern, function, constant or shadow-test definition
Error at line 8, column 35: Expected import, struct, enum, union, extern, function, constant or shadow-test definition
Error at line 8, column 43: Expected import, struct, enum, union, extern, function, constant or shadow-test definition
Error at line 9, column 1: Expected 'import' after module path in 'from' statement (got IDENTIFIER)
Error at line 9, column 9: Expected import, struct, enum, union, extern, function, constant or shadow-test definition
Error at line 9, column 35: Expected import, struct, enum, union, extern, function, constant or shadow-test definition
Error at line 9, column 43: Expected import, struct, enum, union, extern, function, constant or shadow-test definition
Error at line 10, column 1: Expected 'import' after module path in 'from' statement (got IDENTIFIER)
Error at line 10, column 9: Expected import, struct, enum, union, extern, function, constant or shadow-test definition
Error at line 10, column 35: Expected import, struct, enum, union, extern, function, constant or shadow-test definition
Error at line 10, column 43: Expected import, struct, enum, union, extern, function, constant or shadow-test definition
... stopping after 20 errors
I cannot retain this complete counted service declaration.
Error at line 6, column 9: Expected import, struct, enum, union, extern, function, constant or shadow-test definition
Error at line 6, column 35: Expected import, struct, enum, union, extern, function, constant or shadow-test definition
Error at line 6, column 43: Expected import, struct, enum, union, extern, function, constant or shadow-test definition
Error at line 7, column 1: Expected 'import' after module path in 'from' statement (got IDENTIFIER)
Error at line 7, column 9: Expected import, struct, enum, union, extern, function, constant or shadow-test definition
Error at line 7, column 35: Expected import, struct, enum, union, extern, function, constant or shadow-test definition
Error at line 7, column 43: Expected import, struct, enum, union, extern, function, constant or shadow-test definition
Error at line 8, column 1: Expected 'import' after module path in 'from' statement (got IDENTIFIER)
Error at line 8, column 9: Expected import, struct, enum, union, extern, function, constant or shadow-test definition
Error at line 8, column 35: Expected import, struct, enum, union, extern, function, constant or shadow-test definition
Error at line 8, column 43: Expected import, struct, enum, union, extern, function, constant or shadow-test definition
Error at line 9, column 1: Expected 'import' after module path in 'from' statement (got IDENTIFIER)
Error at line 9, column 9: Expected import, struct, enum, union, extern, function, constant or shadow-test definition
Error at line 9, column 35: Expected import, struct, enum, union, extern, function, constant or shadow-test definition
Error at line 9, column 43: Expected import, struct, enum, union, extern, function, constant or shadow-test definition
Error at line 10, column 1: Expected 'import' after module path in 'from' statement (got IDENTIFIER)
Error at line 10, column 9: Expected import, struct, enum, union, extern, function, constant or shadow-test definition
Error at line 10, column 35: Expected import, struct, enum, union, extern, function, constant or shadow-test definition
Error at line 10, column 43: Expected import, struct, enum, union, extern, function, constant or shadow-test definition
... stopping after 20 errors
I cannot retain this complete counted service declaration.
Error at line 6, column 9: Expected import, struct, enum, union, extern, function, constant or shadow-test definition
Error at line 6, column 35: Expected import, struct, enum, union, extern, function, constant or shadow-test definition
Error at line 6, column 43: Expected import, struct, enum, union, extern, function, constant or shadow-test definition
Error at line 7, column 1: Expected 'import' after module path in 'from' statement (got IDENTIFIER)
Error at line 7, column 9: Expected import, struct, enum, union, extern, function, constant or shadow-test definition
Error at line 7, column 35: Expected import, struct, enum, union, extern, function, constant or shadow-test definition
Error at line 7, column 43: Expected import, struct, enum, union, extern, function, constant or shadow-test definition
Error at line 8, column 1: Expected 'import' after module path in 'from' statement (got IDENTIFIER)
Error at line 8, column 9: Expected import, struct, enum, union, extern, function, constant or shadow-test definition
Error at line 8, column 35: Expected import, struct, enum, union, extern, function, constant or shadow-test definition
Error at line 8, column 43: Expected import, struct, enum, union, extern, function, constant or shadow-test definition
Error at line 9, column 1: Expected 'import' after module path in 'from' statement (got IDENTIFIER)
Error at line 9, column 9: Expected import, struct, enum, union, extern, function, constant or shadow-test definition
Error at line 9, column 35: Expected import, struct, enum, union, extern, function, constant or shadow-test definition
Error at line 9, column 43: Expected import, struct, enum, union, extern, function, constant or shadow-test definition
Error at line 10, column 1: Expected 'import' after module path in 'from' statement (got IDENTIFIER)
Error at line 10, column 9: Expected import, struct, enum, union, extern, function, constant or shadow-test definition
Error at line 10, column 35: Expected import, struct, enum, union, extern, function, constant or shadow-test definition
Error at line 10, column 43: Expected import, struct, enum, union, extern, function, constant or shadow-test definition
... stopping after 20 errors
I cannot retain this complete counted service declaration.
Error at line 7, column 9: Expected import, struct, enum, union, extern, function, constant or shadow-test definition
Error at line 7, column 35: Expected import, struct, enum, union, extern, function, constant or shadow-test definition
Error at line 7, column 43: Expected import, struct, enum, union, extern, function, constant or shadow-test definition
Error at line 8, column 1: Expected 'import' after module path in 'from' statement (got IDENTIFIER)
Error at line 8, column 9: Expected import, struct, enum, union, extern, function, constant or shadow-test definition
Error at line 8, column 35: Expected import, struct, enum, union, extern, function, constant or shadow-test definition
Error at line 8, column 43: Expected import, struct, enum, union, extern, function, constant or shadow-test definition
Error at line 9, column 1: Expected 'import' after module path in 'from' statement (got IDENTIFIER)
Error at line 9, column 9: Expected import, struct, enum, union, extern, function, constant or shadow-test definition
Error at line 9, column 35: Expected import, struct, enum, union, extern, function, constant or shadow-test definition
Error at line 9, column 43: Expected import, struct, enum, union, extern, function, constant or shadow-test definition
Error at line 10, column 1: Expected 'import' after module path in 'from' statement (got IDENTIFIER)
Error at line 10, column 9: Expected import, struct, enum, union, extern, function, constant or shadow-test definition
Error at line 10, column 35: Expected import, struct, enum, union, extern, function, constant or shadow-test definition
Error at line 10, column 43: Expected import, struct, enum, union, extern, function, constant or shadow-test definition
Error at line 11, column 1: Expected 'import' after module path in 'from' statement (got IDENTIFIER)
Error at line 11, column 9: Expected import, struct, enum, union, extern, function, constant or shadow-test definition
Error at line 11, column 35: Expected import, struct, enum, union, extern, function, constant or shadow-test definition
Error at line 11, column 43: Expected import, struct, enum, union, extern, function, constant or shadow-test definition
... stopping after 20 errors
I cannot retain this complete counted service declaration.
Error at line 7, column 9: Expected import, struct, enum, union, extern, function, constant or shadow-test definition
Error at line 7, column 35: Expected import, struct, enum, union, extern, function, constant or shadow-test definition
Error at line 7, column 43: Expected import, struct, enum, union, extern, function, constant or shadow-test definition
Error at line 8, column 1: Expected 'import' after module path in 'from' statement (got IDENTIFIER)
Error at line 8, column 9: Expected import, struct, enum, union, extern, function, constant or shadow-test definition
Error at line 8, column 35: Expected import, struct, enum, union, extern, function, constant or shadow-test definition
Error at line 8, column 43: Expected import, struct, enum, union, extern, function, constant or shadow-test definition
Error at line 9, column 1: Expected 'import' after module path in 'from' statement (got IDENTIFIER)
Error at line 9, column 9: Expected import, struct, enum, union, extern, function, constant or shadow-test definition
Error at line 9, column 35: Expected import, struct, enum, union, extern, function, constant or shadow-test definition
Error at line 9, column 43: Expected import, struct, enum, union, extern, function, constant or shadow-test definition
Error at line 10, column 1: Expected 'import' after module path in 'from' statement (got IDENTIFIER)
Error at line 10, column 9: Expected import, struct, enum, union, extern, function, constant or shadow-test definition
Error at line 10, column 35: Expected import, struct, enum, union, extern, function, constant or shadow-test definition
Error at line 10, column 43: Expected import, struct, enum, union, extern, function, constant or shadow-test definition
Error at line 11, column 1: Expected 'import' after module path in 'from' statement (got IDENTIFIER)
Error at line 11, column 9: Expected import, struct, enum, union, extern, function, constant or shadow-test definition
Error at line 11, column 35: Expected import, struct, enum, union, extern, function, constant or shadow-test definition
Error at line 11, column 43: Expected import, struct, enum, union, extern, function, constant or shadow-test definition
... stopping after 20 errors
I cannot retain this complete counted service declaration.
Error at line 7, column 9: Expected import, struct, enum, union, extern, function, constant or shadow-test definition
Error at line 7, column 35: Expected import, struct, enum, union, extern, function, constant or shadow-test definition
Error at line 7, column 43: Expected import, struct, enum, union, extern, function, constant or shadow-test definition
Error at line 8, column 1: Expected 'import' after module path in 'from' statement (got IDENTIFIER)
Error at line 8, column 9: Expected import, struct, enum, union, extern, function, constant or shadow-test definition
Error at line 8, column 35: Expected import, struct, enum, union, extern, function, constant or shadow-test definition
Error at line 8, column 43: Expected import, struct, enum, union, extern, function, constant or shadow-test definition
Error at line 9, column 1: Expected 'import' after module path in 'from' statement (got IDENTIFIER)
Error at line 9, column 9: Expected import, struct, enum, union, extern, function, constant or shadow-test definition
Error at line 9, column 35: Expected import, struct, enum, union, extern, function, constant or shadow-test definition
Error at line 9, column 43: Expected import, struct, enum, union, extern, function, constant or shadow-test definition
Error at line 10, column 1: Expected 'import' after module path in 'from' statement (got IDENTIFIER)
Error at line 10, column 9: Expected import, struct, enum, union, extern, function, constant or shadow-test definition
Error at line 10, column 35: Expected import, struct, enum, union, extern, function, constant or shadow-test definition
Error at line 10, column 43: Expected import, struct, enum, union, extern, function, constant or shadow-test definition
Error at line 11, column 1: Expected 'import' after module path in 'from' statement (got IDENTIFIER)
Error at line 11, column 9: Expected import, struct, enum, union, extern, function, constant or shadow-test definition
Error at line 11, column 35: Expected import, struct, enum, union, extern, function, constant or shadow-test definition
Error at line 11, column 43: Expected import, struct, enum, union, extern, function, constant or shadow-test definition
... stopping after 20 errors
I cannot retain this complete counted service declaration.
Error at line 8, column 9: Expected import, struct, enum, union, extern, function, constant or shadow-test definition
Error at line 8, column 35: Expected import, struct, enum, union, extern, function, constant or shadow-test definition
Error at line 8, column 43: Expected import, struct, enum, union, extern, function, constant or shadow-test definition
Error at line 9, column 1: Expected 'import' after module path in 'from' statement (got IDENTIFIER)
Error at line 9, column 9: Expected import, struct, enum, union, extern, function, constant or shadow-test definition
Error at line 9, column 35: Expected import, struct, enum, union, extern, function, constant or shadow-test definition
Error at line 9, column 43: Expected import, struct, enum, union, extern, function, constant or shadow-test definition
Error at line 10, column 1: Expected 'import' after module path in 'from' statement (got IDENTIFIER)
Error at line 10, column 9: Expected import, struct, enum, union, extern, function, constant or shadow-test definition
Error at line 10, column 35: Expected import, struct, enum, union, extern, function, constant or shadow-test definition
Error at line 10, column 43: Expected import, struct, enum, union, extern, function, constant or shadow-test definition
Error at line 11, column 1: Expected 'import' after module path in 'from' statement (got IDENTIFIER)
Error at line 11, column 9: Expected import, struct, enum, union, extern, function, constant or shadow-test definition
Error at line 11, column 35: Expected import, struct, enum, union, extern, function, constant or shadow-test definition
Error at line 11, column 43: Expected import, struct, enum, union, extern, function, constant or shadow-test definition
Error at line 12, column 1: Expected 'import' after module path in 'from' statement (got IDENTIFIER)
Error at line 12, column 9: Expected import, struct, enum, union, extern, function, constant or shadow-test definition
Error at line 12, column 35: Expected import, struct, enum, union, extern, function, constant or shadow-test definition
Error at line 12, column 43: Expected import, struct, enum, union, extern, function, constant or shadow-test definition
... stopping after 20 errors
I cannot retain this complete counted service declaration.
Error at line 8, column 9: Expected import, struct, enum, union, extern, function, constant or shadow-test definition
Error at line 8, column 35: Expected import, struct, enum, union, extern, function, constant or shadow-test definition
Error at line 8, column 43: Expected import, struct, enum, union, extern, function, constant or shadow-test definition
Error at line 9, column 1: Expected 'import' after module path in 'from' statement (got IDENTIFIER)
Error at line 9, column 9: Expected import, struct, enum, union, extern, function, constant or shadow-test definition
Error at line 9, column 35: Expected import, struct, enum, union, extern, function, constant or shadow-test definition
Error at line 9, column 43: Expected import, struct, enum, union, extern, function, constant or shadow-test definition
Error at line 10, column 1: Expected 'import' after module path in 'from' statement (got IDENTIFIER)
Error at line 10, column 9: Expected import, struct, enum, union, extern, function, constant or shadow-test definition
Error at line 10, column 35: Expected import, struct, enum, union, extern, function, constant or shadow-test definition
Error at line 10, column 43: Expected import, struct, enum, union, extern, function, constant or shadow-test definition
Error at line 11, column 1: Expected 'import' after module path in 'from' statement (got IDENTIFIER)
Error at line 11, column 9: Expected import, struct, enum, union, extern, function, constant or shadow-test definition
Error at line 11, column 35: Expected import, struct, enum, union, extern, function, constant or shadow-test definition
Error at line 11, column 43: Expected import, struct, enum, union, extern, function, constant or shadow-test definition
Error at line 12, column 1: Expected 'import' after module path in 'from' statement (got IDENTIFIER)
Error at line 12, column 9: Expected import, struct, enum, union, extern, function, constant or shadow-test definition
Error at line 12, column 35: Expected import, struct, enum, union, extern, function, constant or shadow-test definition
Error at line 12, column 43: Expected import, struct, enum, union, extern, function, constant or shadow-test definition
... stopping after 20 errors
I cannot retain this complete counted service declaration.
Error at line 8, column 9: Expected import, struct, enum, union, extern, function, constant or shadow-test definition
Error at line 8, column 35: Expected import, struct, enum, union, extern, function, constant or shadow-test definition
Error at line 8, column 43: Expected import, struct, enum, union, extern, function, constant or shadow-test definition
Error at line 9, column 1: Expected 'import' after module path in 'from' statement (got IDENTIFIER)
Error at line 9, column 9: Expected import, struct, enum, union, extern, function, constant or shadow-test definition
Error at line 9, column 35: Expected import, struct, enum, union, extern, function, constant or shadow-test definition
Error at line 9, column 43: Expected import, struct, enum, union, extern, function, constant or shadow-test definition
Error at line 10, column 1: Expected 'import' after module path in 'from' statement (got IDENTIFIER)
Error at line 10, column 9: Expected import, struct, enum, union, extern, function, constant or shadow-test definition
Error at line 10, column 35: Expected import, struct, enum, union, extern, function, constant or shadow-test definition
Error at line 10, column 43: Expected import, struct, enum, union, extern, function, constant or shadow-test definition
Error at line 11, column 1: Expected 'import' after module path in 'from' statement (got IDENTIFIER)
Error at line 11, column 9: Expected import, struct, enum, union, extern, function, constant or shadow-test definition
Error at line 11, column 35: Expected import, struct, enum, union, extern, function, constant or shadow-test definition
Error at line 11, column 43: Expected import, struct, enum, union, extern, function, constant or shadow-test definition
Error at line 12, column 1: Expected 'import' after module path in 'from' statement (got IDENTIFIER)
Error at line 12, column 9: Expected import, struct, enum, union, extern, function, constant or shadow-test definition
Error at line 12, column 35: Expected import, struct, enum, union, extern, function, constant or shadow-test definition
Error at line 12, column 43: Expected import, struct, enum, union, extern, function, constant or shadow-test definition
... stopping after 20 errors
I cannot retain this complete counted service declaration.
Error at line 9, column 9: Expected import, struct, enum, union, extern, function, constant or shadow-test definition
Error at line 9, column 35: Expected import, struct, enum, union, extern, function, constant or shadow-test definition
Error at line 9, column 43: Expected import, struct, enum, union, extern, function, constant or shadow-test definition
Error at line 10, column 1: Expected 'import' after module path in 'from' statement (got IDENTIFIER)
Error at line 10, column 9: Expected import, struct, enum, union, extern, function, constant or shadow-test definition
Error at line 10, column 35: Expected import, struct, enum, union, extern, function, constant or shadow-test definition
Error at line 10, column 43: Expected import, struct, enum, union, extern, function, constant or shadow-test definition
Error at line 11, column 1: Expected 'import' after module path in 'from' statement (got IDENTIFIER)
Error at line 11, column 9: Expected import, struct, enum, union, extern, function, constant or shadow-test definition
Error at line 11, column 35: Expected import, struct, enum, union, extern, function, constant or shadow-test definition
Error at line 11, column 43: Expected import, struct, enum, union, extern, function, constant or shadow-test definition
Error at line 12, column 1: Expected 'import' after module path in 'from' statement (got IDENTIFIER)
Error at line 12, column 9: Expected import, struct, enum, union, extern, function, constant or shadow-test definition
Error at line 12, column 35: Expected import, struct, enum, union, extern, function, constant or shadow-test definition
Error at line 12, column 43: Expected import, struct, enum, union, extern, function, constant or shadow-test definition
Error at line 13, column 1: Expected 'import' after module path in 'from' statement (got IDENTIFIER)
Error at line 13, column 9: Expected import, struct, enum, union, extern, function, constant or shadow-test definition
Error at line 13, column 35: Expected import, struct, enum, union, extern, function, constant or shadow-test definition
Error at line 13, column 43: Expected import, struct, enum, union, extern, function, constant or shadow-test definition
... stopping after 20 errors
I cannot retain this complete counted service declaration.
Error at line 9, column 9: Expected import, struct, enum, union, extern, function, constant or shadow-test definition
Error at line 9, column 35: Expected import, struct, enum, union, extern, function, constant or shadow-test definition
Error at line 9, column 43: Expected import, struct, enum, union, extern, function, constant or shadow-test definition
Error at line 10, column 1: Expected 'import' after module path in 'from' statement (got IDENTIFIER)
Error at line 10, column 9: Expected import, struct, enum, union, extern, function, constant or shadow-test definition
Error at line 10, column 35: Expected import, struct, enum, union, extern, function, constant or shadow-test definition
Error at line 10, column 43: Expected import, struct, enum, union, extern, function, constant or shadow-test definition
Error at line 11, column 1: Expected 'import' after module path in 'from' statement (got IDENTIFIER)
Error at line 11, column 9: Expected import, struct, enum, union, extern, function, constant or shadow-test definition
Error at line 11, column 35: Expected import, struct, enum, union, extern, function, constant or shadow-test definition
Error at line 11, column 43: Expected import, struct, enum, union, extern, function, constant or shadow-test definition
Error at line 12, column 1: Expected 'import' after module path in 'from' statement (got IDENTIFIER)
Error at line 12, column 9: Expected import, struct, enum, union, extern, function, constant or shadow-test definition
Error at line 12, column 35: Expected import, struct, enum, union, extern, function, constant or shadow-test definition
Error at line 12, column 43: Expected import, struct, enum, union, extern, function, constant or shadow-test definition
Error at line 13, column 1: Expected 'import' after module path in 'from' statement (got IDENTIFIER)
Error at line 13, column 9: Expected import, struct, enum, union, extern, function, constant or shadow-test definition
Error at line 13, column 35: Expected import, struct, enum, union, extern, function, constant or shadow-test definition
Error at line 13, column 43: Expected import, struct, enum, union, extern, function, constant or shadow-test definition
... stopping after 20 errors
I cannot retain this complete counted service declaration.
Error at line 9, column 9: Expected import, struct, enum, union, extern, function, constant or shadow-test definition
Error at line 9, column 35: Expected import, struct, enum, union, extern, function, constant or shadow-test definition
Error at line 9, column 43: Expected import, struct, enum, union, extern, function, constant or shadow-test definition
Error at line 10, column 1: Expected 'import' after module path in 'from' statement (got IDENTIFIER)
Error at line 10, column 9: Expected import, struct, enum, union, extern, function, constant or shadow-test definition
Error at line 10, column 35: Expected import, struct, enum, union, extern, function, constant or shadow-test definition
Error at line 10, column 43: Expected import, struct, enum, union, extern, function, constant or shadow-test definition
Error at line 11, column 1: Expected 'import' after module path in 'from' statement (got IDENTIFIER)
Error at line 11, column 9: Expected import, struct, enum, union, extern, function, constant or shadow-test definition
Error at line 11, column 35: Expected import, struct, enum, union, extern, function, constant or shadow-test definition
Error at line 11, column 43: Expected import, struct, enum, union, extern, function, constant or shadow-test definition
Error at line 12, column 1: Expected 'import' after module path in 'from' statement (got IDENTIFIER)
Error at line 12, column 9: Expected import, struct, enum, union, extern, function, constant or shadow-test definition
Error at line 12, column 35: Expected import, struct, enum, union, extern, function, constant or shadow-test definition
Error at line 12, column 43: Expected import, struct, enum, union, extern, function, constant or shadow-test definition
Error at line 13, column 1: Expected 'import' after module path in 'from' statement (got IDENTIFIER)
Error at line 13, column 9: Expected import, struct, enum, union, extern, function, constant or shadow-test definition
Error at line 13, column 35: Expected import, struct, enum, union, extern, function, constant or shadow-test definition
Error at line 13, column 43: Expected import, struct, enum, union, extern, function, constant or shadow-test definition
... stopping after 20 errors
I cannot retain this complete counted service declaration.
Error at line 10, column 9: Expected import, struct, enum, union, extern, function, constant or shadow-test definition
Error at line 10, column 35: Expected import, struct, enum, union, extern, function, constant or shadow-test definition
Error at line 10, column 43: Expected import, struct, enum, union, extern, function, constant or shadow-test definition
Error at line 11, column 1: Expected 'import' after module path in 'from' statement (got IDENTIFIER)
Error at line 11, column 9: Expected import, struct, enum, union, extern, function, constant or shadow-test definition
Error at line 11, column 35: Expected import, struct, enum, union, extern, function, constant or shadow-test definition
Error at line 11, column 43: Expected import, struct, enum, union, extern, function, constant or shadow-test definition
Error at line 12, column 1: Expected 'import' after module path in 'from' statement (got IDENTIFIER)
Error at line 12, column 9: Expected import, struct, enum, union, extern, function, constant or shadow-test definition
Error at line 12, column 35: Expected import, struct, enum, union, extern, function, constant or shadow-test definition
Error at line 12, column 43: Expected import, struct, enum, union, extern, function, constant or shadow-test definition
Error at line 13, column 1: Expected 'import' after module path in 'from' statement (got IDENTIFIER)
Error at line 13, column 9: Expected import, struct, enum, union, extern, function, constant or shadow-test definition
Error at line 13, column 35: Expected import, struct, enum, union, extern, function, constant or shadow-test definition
Error at line 13, column 43: Expected import, struct, enum, union, extern, function, constant or shadow-test definition
Error at line 14, column 1: Expected 'import' after module path in 'from' statement (got IDENTIFIER)
Error at line 14, column 9: Expected import, struct, enum, union, extern, function, constant or shadow-test definition
Error at line 14, column 35: Expected import, struct, enum, union, extern, function, constant or shadow-test definition
Error at line 14, column 43: Expected import, struct, enum, union, extern, function, constant or shadow-test definition
... stopping after 20 errors
I cannot retain this complete counted service declaration.
Error at line 10, column 9: Expected import, struct, enum, union, extern, function, constant or shadow-test definition
Error at line 10, column 35: Expected import, struct, enum, union, extern, function, constant or shadow-test definition
Error at line 10, column 43: Expected import, struct, enum, union, extern, function, constant or shadow-test definition
Error at line 11, column 1: Expected 'import' after module path in 'from' statement (got IDENTIFIER)
Error at line 11, column 9: Expected import, struct, enum, union, extern, function, constant or shadow-test definition
Error at line 11, column 35: Expected import, struct, enum, union, extern, function, constant or shadow-test definition
Error at line 11, column 43: Expected import, struct, enum, union, extern, function, constant or shadow-test definition
Error at line 12, column 1: Expected 'import' after module path in 'from' statement (got IDENTIFIER)
Error at line 12, column 9: Expected import, struct, enum, union, extern, function, constant or shadow-test definition
Error at line 12, column 35: Expected import, struct, enum, union, extern, function, constant or shadow-test definition
Error at line 12, column 43: Expected import, struct, enum, union, extern, function, constant or shadow-test definition
Error at line 13, column 1: Expected 'import' after module path in 'from' statement (got IDENTIFIER)
Error at line 13, column 9: Expected import, struct, enum, union, extern, function, constant or shadow-test definition
Error at line 13, column 35: Expected import, struct, enum, union, extern, function, constant or shadow-test definition
Error at line 13, column 43: Expected import, struct, enum, union, extern, function, constant or shadow-test definition
Error at line 14, column 1: Expected 'import' after module path in 'from' statement (got IDENTIFIER)
Error at line 14, column 9: Expected import, struct, enum, union, extern, function, constant or shadow-test definition
Error at line 14, column 35: Expected import, struct, enum, union, extern, function, constant or shadow-test definition
Error at line 14, column 43: Expected import, struct, enum, union, extern, function, constant or shadow-test definition
... stopping after 20 errors
I cannot retain this complete counted service declaration.
Error at line 10, column 9: Expected import, struct, enum, union, extern, function, constant or shadow-test definition
Error at line 10, column 35: Expected import, struct, enum, union, extern, function, constant or shadow-test definition
Error at line 10, column 43: Expected import, struct, enum, union, extern, function, constant or shadow-test definition
Error at line 11, column 1: Expected 'import' after module path in 'from' statement (got IDENTIFIER)
Error at line 11, column 9: Expected import, struct, enum, union, extern, function, constant or shadow-test definition
Error at line 11, column 35: Expected import, struct, enum, union, extern, function, constant or shadow-test definition
Error at line 11, column 43: Expected import, struct, enum, union, extern, function, constant or shadow-test definition
Error at line 12, column 1: Expected 'import' after module path in 'from' statement (got IDENTIFIER)
Error at line 12, column 9: Expected import, struct, enum, union, extern, function, constant or shadow-test definition
Error at line 12, column 35: Expected import, struct, enum, union, extern, function, constant or shadow-test definition
Error at line 12, column 43: Expected import, struct, enum, union, extern, function, constant or shadow-test definition
Error at line 13, column 1: Expected 'import' after module path in 'from' statement (got IDENTIFIER)
Error at line 13, column 9: Expected import, struct, enum, union, extern, function, constant or shadow-test definition
Error at line 13, column 35: Expected import, struct, enum, union, extern, function, constant or shadow-test definition
Error at line 13, column 43: Expected import, struct, enum, union, extern, function, constant or shadow-test definition
Error at line 14, column 1: Expected 'import' after module path in 'from' statement (got IDENTIFIER)
Error at line 14, column 9: Expected import, struct, enum, union, extern, function, constant or shadow-test definition
Error at line 14, column 35: Expected import, struct, enum, union, extern, function, constant or shadow-test definition
Error at line 14, column 43: Expected import, struct, enum, union, extern, function, constant or shadow-test definition
... stopping after 20 errors
I cannot retain this complete counted service declaration.
Error at line 11, column 9: Expected import, struct, enum, union, extern, function, constant or shadow-test definition
Error at line 11, column 35: Expected import, struct, enum, union, extern, function, constant or shadow-test definition
Error at line 11, column 43: Expected import, struct, enum, union, extern, function, constant or shadow-test definition
Error at line 12, column 1: Expected 'import' after module path in 'from' statement (got IDENTIFIER)
Error at line 12, column 9: Expected import, struct, enum, union, extern, function, constant or shadow-test definition
Error at line 12, column 35: Expected import, struct, enum, union, extern, function, constant or shadow-test definition
Error at line 12, column 43: Expected import, struct, enum, union, extern, function, constant or shadow-test definition
Error at line 13, column 1: Expected 'import' after module path in 'from' statement (got IDENTIFIER)
Error at line 13, column 9: Expected import, struct, enum, union, extern, function, constant or shadow-test definition
Error at line 13, column 35: Expected import, struct, enum, union, extern, function, constant or shadow-test definition
Error at line 13, column 43: Expected import, struct, enum, union, extern, function, constant or shadow-test definition
Error at line 14, column 1: Expected 'import' after module path in 'from' statement (got IDENTIFIER)
Error at line 14, column 9: Expected import, struct, enum, union, extern, function, constant or shadow-test definition
Error at line 14, column 35: Expected import, struct, enum, union, extern, function, constant or shadow-test definition
Error at line 14, column 43: Expected import, struct, enum, union, extern, function, constant or shadow-test definition
Error at line 15, column 1: Expected 'import' after module path in 'from' statement (got IDENTIFIER)
Error at line 15, column 9: Expected import, struct, enum, union, extern, function, constant or shadow-test definition
Error at line 15, column 35: Expected import, struct, enum, union, extern, function, constant or shadow-test definition
Error at line 15, column 43: Expected import, struct, enum, union, extern, function, constant or shadow-test definition
... stopping after 20 errors
I cannot retain this complete counted service declaration.
Error at line 11, column 9: Expected import, struct, enum, union, extern, function, constant or shadow-test definition
Error at line 11, column 35: Expected import, struct, enum, union, extern, function, constant or shadow-test definition
Error at line 11, column 43: Expected import, struct, enum, union, extern, function, constant or shadow-test definition
Error at line 12, column 1: Expected 'import' after module path in 'from' statement (got IDENTIFIER)
Error at line 12, column 9: Expected import, struct, enum, union, extern, function, constant or shadow-test definition
Error at line 12, column 35: Expected import, struct, enum, union, extern, function, constant or shadow-test definition
Error at line 12, column 43: Expected import, struct, enum, union, extern, function, constant or shadow-test definition
Error at line 13, column 1: Expected 'import' after module path in 'from' statement (got IDENTIFIER)
Error at line 13, column 9: Expected import, struct, enum, union, extern, function, constant or shadow-test definition
Error at line 13, column 35: Expected import, struct, enum, union, extern, function, constant or shadow-test definition
Error at line 13, column 43: Expected import, struct, enum, union, extern, function, constant or shadow-test definition
Error at line 14, column 1: Expected 'import' after module path in 'from' statement (got IDENTIFIER)
Error at line 14, column 9: Expected import, struct, enum, union, extern, function, constant or shadow-test definition
Error at line 14, column 35: Expected import, struct, enum, union, extern, function, constant or shadow-test definition
Error at line 14, column 43: Expected import, struct, enum, union, extern, function, constant or shadow-test definition
Error at line 15, column 1: Expected 'import' after module path in 'from' statement (got IDENTIFIER)
Error at line 15, column 9: Expected import, struct, enum, union, extern, function, constant or shadow-test definition
Error at line 15, column 35: Expected import, struct, enum, union, extern, function, constant or shadow-test definition
Error at line 15, column 43: Expected import, struct, enum, union, extern, function, constant or shadow-test definition
... stopping after 20 errors
I cannot retain this complete counted service declaration.
Error at line 11, column 9: Expected import, struct, enum, union, extern, function, constant or shadow-test definition
Error at line 11, column 35: Expected import, struct, enum, union, extern, function, constant or shadow-test definition
Error at line 11, column 43: Expected import, struct, enum, union, extern, function, constant or shadow-test definition
Error at line 12, column 1: Expected 'import' after module path in 'from' statement (got IDENTIFIER)
Error at line 12, column 9: Expected import, struct, enum, union, extern, function, constant or shadow-test definition
Error at line 12, column 35: Expected import, struct, enum, union, extern, function, constant or shadow-test definition
Error at line 12, column 43: Expected import, struct, enum, union, extern, function, constant or shadow-test definition
Error at line 13, column 1: Expected 'import' after module path in 'from' statement (got IDENTIFIER)
Error at line 13, column 9: Expected import, struct, enum, union, extern, function, constant or shadow-test definition
Error at line 13, column 35: Expected import, struct, enum, union, extern, function, constant or shadow-test definition
Error at line 13, column 43: Expected import, struct, enum, union, extern, function, constant or shadow-test definition
Error at line 14, column 1: Expected 'import' after module path in 'from' statement (got IDENTIFIER)
Error at line 14, column 9: Expected import, struct, enum, union, extern, function, constant or shadow-test definition
Error at line 14, column 35: Expected import, struct, enum, union, extern, function, constant or shadow-test definition
Error at line 14, column 43: Expected import, struct, enum, union, extern, function, constant or shadow-test definition
Error at line 15, column 1: Expected 'import' after module path in 'from' statement (got IDENTIFIER)
Error at line 15, column 9: Expected import, struct, enum, union, extern, function, constant or shadow-test definition
Error at line 15, column 35: Expected import, struct, enum, union, extern, function, constant or shadow-test definition
Error at line 15, column 43: Expected import, struct, enum, union, extern, function, constant or shadow-test definition
... stopping after 20 errors
I cannot retain this complete counted service declaration.
Error at line 12, column 9: Expected import, struct, enum, union, extern, function, constant or shadow-test definition
Error at line 12, column 35: Expected import, struct, enum, union, extern, function, constant or shadow-test definition
Error at line 12, column 43: Expected import, struct, enum, union, extern, function, constant or shadow-test definition
Error at line 13, column 1: Expected 'import' after module path in 'from' statement (got IDENTIFIER)
Error at line 13, column 9: Expected import, struct, enum, union, extern, function, constant or shadow-test definition
Error at line 13, column 35: Expected import, struct, enum, union, extern, function, constant or shadow-test definition
Error at line 13, column 43: Expected import, struct, enum, union, extern, function, constant or shadow-test definition
Error at line 14, column 1: Expected 'import' after module path in 'from' statement (got IDENTIFIER)
Error at line 14, column 9: Expected import, struct, enum, union, extern, function, constant or shadow-test definition
Error at line 14, column 35: Expected import, struct, enum, union, extern, function, constant or shadow-test definition
Error at line 14, column 43: Expected import, struct, enum, union, extern, function, constant or shadow-test definition
Error at line 15, column 1: Expected 'import' after module path in 'from' statement (got IDENTIFIER)
Error at line 15, column 9: Expected import, struct, enum, union, extern, function, constant or shadow-test definition
Error at line 15, column 35: Expected import, struct, enum, union, extern, function, constant or shadow-test definition
Error at line 15, column 43: Expected import, struct, enum, union, extern, function, constant or shadow-test definition
Error at line 16, column 1: Expected 'import' after module path in 'from' statement (got IDENTIFIER)
Error at line 16, column 9: Expected import, struct, enum, union, extern, function, constant or shadow-test definition
Error at line 16, column 35: Expected import, struct, enum, union, extern, function, constant or shadow-test definition
Error at line 16, column 43: Expected import, struct, enum, union, extern, function, constant or shadow-test definition
... stopping after 20 errors
I cannot retain this complete counted service declaration.
Error at line 12, column 9: Expected import, struct, enum, union, extern, function, constant or shadow-test definition
Error at line 12, column 35: Expected import, struct, enum, union, extern, function, constant or shadow-test definition
Error at line 12, column 43: Expected import, struct, enum, union, extern, function, constant or shadow-test definition
Error at line 13, column 1: Expected 'import' after module path in 'from' statement (got IDENTIFIER)
Error at line 13, column 9: Expected import, struct, enum, union, extern, function, constant or shadow-test definition
Error at line 13, column 35: Expected import, struct, enum, union, extern, function, constant or shadow-test definition
Error at line 13, column 43: Expected import, struct, enum, union, extern, function, constant or shadow-test definition
Error at line 14, column 1: Expected 'import' after module path in 'from' statement (got IDENTIFIER)
Error at line 14, column 9: Expected import, struct, enum, union, extern, function, constant or shadow-test definition
Error at line 14, column 35: Expected import, struct, enum, union, extern, function, constant or shadow-test definition
Error at line 14, column 43: Expected import, struct, enum, union, extern, function, constant or shadow-test definition
Error at line 15, column 1: Expected 'import' after module path in 'from' statement (got IDENTIFIER)
Error at line 15, column 9: Expected import, struct, enum, union, extern, function, constant or shadow-test definition
Error at line 15, column 35: Expected import, struct, enum, union, extern, function, constant or shadow-test definition
Error at line 15, column 43: Expected import, struct, enum, union, extern, function, constant or shadow-test definition
Error at line 16, column 1: Expected 'import' after module path in 'from' statement (got IDENTIFIER)
Error at line 16, column 9: Expected import, struct, enum, union, extern, function, constant or shadow-test definition
Error at line 16, column 35: Expected import, struct, enum, union, extern, function, constant or shadow-test definition
Error at line 16, column 43: Expected import, struct, enum, union, extern, function, constant or shadow-test definition
... stopping after 20 errors
I cannot retain this complete counted service declaration.
Error at line 12, column 9: Expected import, struct, enum, union, extern, function, constant or shadow-test definition
Error at line 12, column 35: Expected import, struct, enum, union, extern, function, constant or shadow-test definition
Error at line 12, column 43: Expected import, struct, enum, union, extern, function, constant or shadow-test definition
Error at line 13, column 1: Expected 'import' after module path in 'from' statement (got IDENTIFIER)
Error at line 13, column 9: Expected import, struct, enum, union, extern, function, constant or shadow-test definition
Error at line 13, column 35: Expected import, struct, enum, union, extern, function, constant or shadow-test definition
Error at line 13, column 43: Expected import, struct, enum, union, extern, function, constant or shadow-test definition
Error at line 14, column 1: Expected 'import' after module path in 'from' statement (got IDENTIFIER)
Error at line 14, column 9: Expected import, struct, enum, union, extern, function, constant or shadow-test definition
Error at line 14, column 35: Expected import, struct, enum, union, extern, function, constant or shadow-test definition
Error at line 14, column 43: Expected import, struct, enum, union, extern, function, constant or shadow-test definition
Error at line 15, column 1: Expected 'import' after module path in 'from' statement (got IDENTIFIER)
Error at line 15, column 9: Expected import, struct, enum, union, extern, function, constant or shadow-test definition
Error at line 15, column 35: Expected import, struct, enum, union, extern, function, constant or shadow-test definition
Error at line 15, column 43: Expected import, struct, enum, union, extern, function, constant or shadow-test definition
Error at line 16, column 1: Expected 'import' after module path in 'from' statement (got IDENTIFIER)
Error at line 16, column 9: Expected import, struct, enum, union, extern, function, constant or shadow-test definition
Error at line 16, column 35: Expected import, struct, enum, union, extern, function, constant or shadow-test definition
Error at line 16, column 43: Expected import, struct, enum, union, extern, function, constant or shadow-test definition
... stopping after 20 errors
I cannot retain this complete counted service declaration.
Error at line 13, column 9: Expected import, struct, enum, union, extern, function, constant or shadow-test definition
Error at line 13, column 35: Expected import, struct, enum, union, extern, function, constant or shadow-test definition
Error at line 13, column 43: Expected import, struct, enum, union, extern, function, constant or shadow-test definition
Error at line 14, column 1: Expected 'import' after module path in 'from' statement (got IDENTIFIER)
Error at line 14, column 9: Expected import, struct, enum, union, extern, function, constant or shadow-test definition
Error at line 14, column 35: Expected import, struct, enum, union, extern, function, constant or shadow-test definition
Error at line 14, column 43: Expected import, struct, enum, union, extern, function, constant or shadow-test definition
Error at line 15, column 1: Expected 'import' after module path in 'from' statement (got IDENTIFIER)
Error at line 15, column 9: Expected import, struct, enum, union, extern, function, constant or shadow-test definition
Error at line 15, column 35: Expected import, struct, enum, union, extern, function, constant or shadow-test definition
Error at line 15, column 43: Expected import, struct, enum, union, extern, function, constant or shadow-test definition
Error at line 16, column 1: Expected 'import' after module path in 'from' statement (got IDENTIFIER)
Error at line 16, column 9: Expected import, struct, enum, union, extern, function, constant or shadow-test definition
Error at line 16, column 35: Expected import, struct, enum, union, extern, function, constant or shadow-test definition
Error at line 16, column 43: Expected import, struct, enum, union, extern, function, constant or shadow-test definition
Error at line 17, column 1: Expected 'import' after module path in 'from' statement (got IDENTIFIER)
Error at line 17, column 9: Expected import, struct, enum, union, extern, function, constant or shadow-test definition
Error at line 17, column 35: Expected import, struct, enum, union, extern, function, constant or shadow-test definition
Error at line 17, column 43: Expected import, struct, enum, union, extern, function, constant or shadow-test definition
... stopping after 20 errors
I cannot retain this complete counted service declaration.
Error at line 13, column 9: Expected import, struct, enum, union, extern, function, constant or shadow-test definition
Error at line 13, column 35: Expected import, struct, enum, union, extern, function, constant or shadow-test definition
Error at line 13, column 43: Expected import, struct, enum, union, extern, function, constant or shadow-test definition
Error at line 14, column 1: Expected 'import' after module path in 'from' statement (got IDENTIFIER)
Error at line 14, column 9: Expected import, struct, enum, union, extern, function, constant or shadow-test definition
Error at line 14, column 35: Expected import, struct, enum, union, extern, function, constant or shadow-test definition
Error at line 14, column 43: Expected import, struct, enum, union, extern, function, constant or shadow-test definition
Error at line 15, column 1: Expected 'import' after module path in 'from' statement (got IDENTIFIER)
Error at line 15, column 9: Expected import, struct, enum, union, extern, function, constant or shadow-test definition
Error at line 15, column 35: Expected import, struct, enum, union, extern, function, constant or shadow-test definition
Error at line 15, column 43: Expected import, struct, enum, union, extern, function, constant or shadow-test definition
Error at line 16, column 1: Expected 'import' after module path in 'from' statement (got IDENTIFIER)
Error at line 16, column 9: Expected import, struct, enum, union, extern, function, constant or shadow-test definition
Error at line 16, column 35: Expected import, struct, enum, union, extern, function, constant or shadow-test definition
Error at line 16, column 43: Expected import, struct, enum, union, extern, function, constant or shadow-test definition
Error at line 17, column 1: Expected 'import' after module path in 'from' statement (got IDENTIFIER)
Error at line 17, column 9: Expected import, struct, enum, union, extern, function, constant or shadow-test definition
Error at line 17, column 35: Expected import, struct, enum, union, extern, function, constant or shadow-test definition
Error at line 17, column 43: Expected import, struct, enum, union, extern, function, constant or shadow-test definition
... stopping after 20 errors
I cannot retain this complete counted service declaration.
Error at line 13, column 9: Expected import, struct, enum, union, extern, function, constant or shadow-test definition
Error at line 13, column 35: Expected import, struct, enum, union, extern, function, constant or shadow-test definition
Error at line 13, column 43: Expected import, struct, enum, union, extern, function, constant or shadow-test definition
Error at line 14, column 1: Expected 'import' after module path in 'from' statement (got IDENTIFIER)
Error at line 14, column 9: Expected import, struct, enum, union, extern, function, constant or shadow-test definition
Error at line 14, column 35: Expected import, struct, enum, union, extern, function, constant or shadow-test definition
Error at line 14, column 43: Expected import, struct, enum, union, extern, function, constant or shadow-test definition
Error at line 15, column 1: Expected 'import' after module path in 'from' statement (got IDENTIFIER)
Error at line 15, column 9: Expected import, struct, enum, union, extern, function, constant or shadow-test definition
Error at line 15, column 35: Expected import, struct, enum, union, extern, function, constant or shadow-test definition
Error at line 15, column 43: Expected import, struct, enum, union, extern, function, constant or shadow-test definition
Error at line 16, column 1: Expected 'import' after module path in 'from' statement (got IDENTIFIER)
Error at line 16, column 9: Expected import, struct, enum, union, extern, function, constant or shadow-test definition
Error at line 16, column 35: Expected import, struct, enum, union, extern, function, constant or shadow-test definition
Error at line 16, column 43: Expected import, struct, enum, union, extern, function, constant or shadow-test definition
Error at line 17, column 1: Expected 'import' after module path in 'from' statement (got IDENTIFIER)
Error at line 17, column 9: Expected import, struct, enum, union, extern, function, constant or shadow-test definition
Error at line 17, column 35: Expected import, struct, enum, union, extern, function, constant or shadow-test definition
Error at line 17, column 43: Expected import, struct, enum, union, extern, function, constant or shadow-test definition
... stopping after 20 errors
I cannot retain this complete counted service declaration.
Error at line 14, column 9: Expected import, struct, enum, union, extern, function, constant or shadow-test definition
Error at line 14, column 35: Expected import, struct, enum, union, extern, function, constant or shadow-test definition
Error at line 14, column 43: Expected import, struct, enum, union, extern, function, constant or shadow-test definition
Error at line 15, column 1: Expected 'import' after module path in 'from' statement (got IDENTIFIER)
Error at line 15, column 9: Expected import, struct, enum, union, extern, function, constant or shadow-test definition
Error at line 15, column 35: Expected import, struct, enum, union, extern, function, constant or shadow-test definition
Error at line 15, column 43: Expected import, struct, enum, union, extern, function, constant or shadow-test definition
Error at line 16, column 1: Expected 'import' after module path in 'from' statement (got IDENTIFIER)
Error at line 16, column 9: Expected import, struct, enum, union, extern, function, constant or shadow-test definition
Error at line 16, column 35: Expected import, struct, enum, union, extern, function, constant or shadow-test definition
Error at line 16, column 43: Expected import, struct, enum, union, extern, function, constant or shadow-test definition
Error at line 17, column 1: Expected 'import' after module path in 'from' statement (got IDENTIFIER)
Error at line 17, column 9: Expected import, struct, enum, union, extern, function, constant or shadow-test definition
Error at line 17, column 35: Expected import, struct, enum, union, extern, function, constant or shadow-test definition
Error at line 17, column 43: Expected import, struct, enum, union, extern, function, constant or shadow-test definition
Error at line 18, column 1: Expected 'import' after module path in 'from' statement (got IDENTIFIER)
Error at line 18, column 9: Expected import, struct, enum, union, extern, function, constant or shadow-test definition
Error at line 18, column 35: Expected import, struct, enum, union, extern, function, constant or shadow-test definition
Error at line 18, column 43: Expected import, struct, enum, union, extern, function, constant or shadow-test definition
... stopping after 20 errors
I cannot retain this complete counted service declaration.
Error at line 14, column 9: Expected import, struct, enum, union, extern, function, constant or shadow-test definition
Error at line 14, column 35: Expected import, struct, enum, union, extern, function, constant or shadow-test definition
Error at line 14, column 43: Expected import, struct, enum, union, extern, function, constant or shadow-test definition
Error at line 15, column 1: Expected 'import' after module path in 'from' statement (got IDENTIFIER)
Error at line 15, column 9: Expected import, struct, enum, union, extern, function, constant or shadow-test definition
Error at line 15, column 35: Expected import, struct, enum, union, extern, function, constant or shadow-test definition
Error at line 15, column 43: Expected import, struct, enum, union, extern, function, constant or shadow-test definition
Error at line 16, column 1: Expected 'import' after module path in 'from' statement (got IDENTIFIER)
Error at line 16, column 9: Expected import, struct, enum, union, extern, function, constant or shadow-test definition
Error at line 16, column 35: Expected import, struct, enum, union, extern, function, constant or shadow-test definition
Error at line 16, column 43: Expected import, struct, enum, union, extern, function, constant or shadow-test definition
Error at line 17, column 1: Expected 'import' after module path in 'from' statement (got IDENTIFIER)
Error at line 17, column 9: Expected import, struct, enum, union, extern, function, constant or shadow-test definition
Error at line 17, column 35: Expected import, struct, enum, union, extern, function, constant or shadow-test definition
Error at line 17, column 43: Expected import, struct, enum, union, extern, function, constant or shadow-test definition
Error at line 18, column 1: Expected 'import' after module path in 'from' statement (got IDENTIFIER)
Error at line 18, column 9: Expected import, struct, enum, union, extern, function, constant or shadow-test definition
Error at line 18, column 35: Expected import, struct, enum, union, extern, function, constant or shadow-test definition
Error at line 18, column 43: Expected import, struct, enum, union, extern, function, constant or shadow-test definition
... stopping after 20 errors
I cannot retain this complete counted service declaration.
Error at line 14, column 9: Expected import, struct, enum, union, extern, function, constant or shadow-test definition
Error at line 14, column 35: Expected import, struct, enum, union, extern, function, constant or shadow-test definition
Error at line 14, column 43: Expected import, struct, enum, union, extern, function, constant or shadow-test definition
Error at line 15, column 1: Expected 'import' after module path in 'from' statement (got IDENTIFIER)
Error at line 15, column 9: Expected import, struct, enum, union, extern, function, constant or shadow-test definition
Error at line 15, column 35: Expected import, struct, enum, union, extern, function, constant or shadow-test definition
Error at line 15, column 43: Expected import, struct, enum, union, extern, function, constant or shadow-test definition
Error at line 16, column 1: Expected 'import' after module path in 'from' statement (got IDENTIFIER)
Error at line 16, column 9: Expected import, struct, enum, union, extern, function, constant or shadow-test definition
Error at line 16, column 35: Expected import, struct, enum, union, extern, function, constant or shadow-test definition
Error at line 16, column 43: Expected import, struct, enum, union, extern, function, constant or shadow-test definition
Error at line 17, column 1: Expected 'import' after module path in 'from' statement (got IDENTIFIER)
Error at line 17, column 9: Expected import, struct, enum, union, extern, function, constant or shadow-test definition
Error at line 17, column 35: Expected import, struct, enum, union, extern, function, constant or shadow-test definition
Error at line 17, column 43: Expected import, struct, enum, union, extern, function, constant or shadow-test definition
Error at line 18, column 1: Expected 'import' after module path in 'from' statement (got IDENTIFIER)
Error at line 18, column 9: Expected import, struct, enum, union, extern, function, constant or shadow-test definition
Error at line 18, column 35: Expected import, struct, enum, union, extern, function, constant or shadow-test definition
Error at line 18, column 43: Expected import, struct, enum, union, extern, function, constant or shadow-test definition
... stopping after 20 errors
I cannot retain this complete counted service declaration.
Error at line 15, column 9: Expected import, struct, enum, union, extern, function, constant or shadow-test definition
Error at line 15, column 35: Expected import, struct, enum, union, extern, function, constant or shadow-test definition
Error at line 15, column 43: Expected import, struct, enum, union, extern, function, constant or shadow-test definition
Error at line 16, column 1: Expected 'import' after module path in 'from' statement (got IDENTIFIER)
Error at line 16, column 9: Expected import, struct, enum, union, extern, function, constant or shadow-test definition
Error at line 16, column 35: Expected import, struct, enum, union, extern, function, constant or shadow-test definition
Error at line 16, column 43: Expected import, struct, enum, union, extern, function, constant or shadow-test definition
Error at line 17, column 1: Expected 'import' after module path in 'from' statement (got IDENTIFIER)
Error at line 17, column 9: Expected import, struct, enum, union, extern, function, constant or shadow-test definition
Error at line 17, column 35: Expected import, struct, enum, union, extern, function, constant or shadow-test definition
Error at line 17, column 43: Expected import, struct, enum, union, extern, function, constant or shadow-test definition
Error at line 18, column 1: Expected 'import' after module path in 'from' statement (got IDENTIFIER)
Error at line 18, column 9: Expected import, struct, enum, union, extern, function, constant or shadow-test definition
Error at line 18, column 35: Expected import, struct, enum, union, extern, function, constant or shadow-test definition
Error at line 18, column 43: Expected import, struct, enum, union, extern, function, constant or shadow-test definition
Error at line 19, column 1: Expected 'import' after module path in 'from' statement (got IDENTIFIER)
Error at line 19, column 9: Expected import, struct, enum, union, extern, function, constant or shadow-test definition
Error at line 19, column 35: Expected import, struct, enum, union, extern, function, constant or shadow-test definition
Error at line 19, column 43: Expected import, struct, enum, union, extern, function, constant or shadow-test definition
... stopping after 20 errors
I cannot retain this complete counted service declaration.
Error at line 15, column 9: Expected import, struct, enum, union, extern, function, constant or shadow-test definition
Error at line 15, column 35: Expected import, struct, enum, union, extern, function, constant or shadow-test definition
Error at line 15, column 43: Expected import, struct, enum, union, extern, function, constant or shadow-test definition
Error at line 16, column 1: Expected 'import' after module path in 'from' statement (got IDENTIFIER)
Error at line 16, column 9: Expected import, struct, enum, union, extern, function, constant or shadow-test definition
Error at line 16, column 35: Expected import, struct, enum, union, extern, function, constant or shadow-test definition
Error at line 16, column 43: Expected import, struct, enum, union, extern, function, constant or shadow-test definition
Error at line 17, column 1: Expected 'import' after module path in 'from' statement (got IDENTIFIER)
Error at line 17, column 9: Expected import, struct, enum, union, extern, function, constant or shadow-test definition
Error at line 17, column 35: Expected import, struct, enum, union, extern, function, constant or shadow-test definition
Error at line 17, column 43: Expected import, struct, enum, union, extern, function, constant or shadow-test definition
Error at line 18, column 1: Expected 'import' after module path in 'from' statement (got IDENTIFIER)
Error at line 18, column 9: Expected import, struct, enum, union, extern, function, constant or shadow-test definition
Error at line 18, column 35: Expected import, struct, enum, union, extern, function, constant or shadow-test definition
Error at line 18, column 43: Expected import, struct, enum, union, extern, function, constant or shadow-test definition
Error at line 19, column 1: Expected 'import' after module path in 'from' statement (got IDENTIFIER)
Error at line 19, column 9: Expected import, struct, enum, union, extern, function, constant or shadow-test definition
Error at line 19, column 35: Expected import, struct, enum, union, extern, function, constant or shadow-test definition
Error at line 19, column 43: Expected import, struct, enum, union, extern, function, constant or shadow-test definition
... stopping after 20 errors
I cannot retain this complete counted service declaration.
Error at line 15, column 9: Expected import, struct, enum, union, extern, function, constant or shadow-test definition
Error at line 15, column 35: Expected import, struct, enum, union, extern, function, constant or shadow-test definition
Error at line 15, column 43: Expected import, struct, enum, union, extern, function, constant or shadow-test definition
Error at line 16, column 1: Expected 'import' after module path in 'from' statement (got IDENTIFIER)
Error at line 16, column 9: Expected import, struct, enum, union, extern, function, constant or shadow-test definition
Error at line 16, column 35: Expected import, struct, enum, union, extern, function, constant or shadow-test definition
Error at line 16, column 43: Expected import, struct, enum, union, extern, function, constant or shadow-test definition
Error at line 17, column 1: Expected 'import' after module path in 'from' statement (got IDENTIFIER)
Error at line 17, column 9: Expected import, struct, enum, union, extern, function, constant or shadow-test definition
Error at line 17, column 35: Expected import, struct, enum, union, extern, function, constant or shadow-test definition
Error at line 17, column 43: Expected import, struct, enum, union, extern, function, constant or shadow-test definition
Error at line 18, column 1: Expected 'import' after module path in 'from' statement (got IDENTIFIER)
Error at line 18, column 9: Expected import, struct, enum, union, extern, function, constant or shadow-test definition
Error at line 18, column 35: Expected import, struct, enum, union, extern, function, constant or shadow-test definition
Error at line 18, column 43: Expected import, struct, enum, union, extern, function, constant or shadow-test definition
Error at line 19, column 1: Expected 'import' after module path in 'from' statement (got IDENTIFIER)
Error at line 19, column 9: Expected import, struct, enum, union, extern, function, constant or shadow-test definition
Error at line 19, column 35: Expected import, struct, enum, union, extern, function, constant or shadow-test definition
Error at line 19, column 43: Expected import, struct, enum, union, extern, function, constant or shadow-test definition
... stopping after 20 errors
I cannot retain this complete counted service declaration.
Error at line 16, column 9: Expected import, struct, enum, union, extern, function, constant or shadow-test definition
Error at line 16, column 35: Expected import, struct, enum, union, extern, function, constant or shadow-test definition
Error at line 16, column 43: Expected import, struct, enum, union, extern, function, constant or shadow-test definition
Error at line 17, column 1: Expected 'import' after module path in 'from' statement (got IDENTIFIER)
Error at line 17, column 9: Expected import, struct, enum, union, extern, function, constant or shadow-test definition
Error at line 17, column 35: Expected import, struct, enum, union, extern, function, constant or shadow-test definition
Error at line 17, column 43: Expected import, struct, enum, union, extern, function, constant or shadow-test definition
Error at line 18, column 1: Expected 'import' after module path in 'from' statement (got IDENTIFIER)
Error at line 18, column 9: Expected import, struct, enum, union, extern, function, constant or shadow-test definition
Error at line 18, column 35: Expected import, struct, enum, union, extern, function, constant or shadow-test definition
Error at line 18, column 43: Expected import, struct, enum, union, extern, function, constant or shadow-test definition
Error at line 19, column 1: Expected 'import' after module path in 'from' statement (got IDENTIFIER)
Error at line 19, column 9: Expected import, struct, enum, union, extern, function, constant or shadow-test definition
Error at line 19, column 35: Expected import, struct, enum, union, extern, function, constant or shadow-test definition
Error at line 19, column 43: Expected import, struct, enum, union, extern, function, constant or shadow-test definition
Error at line 20, column 1: Expected 'import' after module path in 'from' statement (got IDENTIFIER)
Error at line 20, column 9: Expected import, struct, enum, union, extern, function, constant or shadow-test definition
Error at line 20, column 35: Expected import, struct, enum, union, extern, function, constant or shadow-test definition
Error at line 20, column 43: Expected import, struct, enum, union, extern, function, constant or shadow-test definition
... stopping after 20 errors
I cannot retain this complete counted service declaration.
Error at line 16, column 9: Expected import, struct, enum, union, extern, function, constant or shadow-test definition
Error at line 16, column 35: Expected import, struct, enum, union, extern, function, constant or shadow-test definition
Error at line 16, column 43: Expected import, struct, enum, union, extern, function, constant or shadow-test definition
Error at line 17, column 1: Expected 'import' after module path in 'from' statement (got IDENTIFIER)
Error at line 17, column 9: Expected import, struct, enum, union, extern, function, constant or shadow-test definition
Error at line 17, column 35: Expected import, struct, enum, union, extern, function, constant or shadow-test definition
Error at line 17, column 43: Expected import, struct, enum, union, extern, function, constant or shadow-test definition
Error at line 18, column 1: Expected 'import' after module path in 'from' statement (got IDENTIFIER)
Error at line 18, column 9: Expected import, struct, enum, union, extern, function, constant or shadow-test definition
Error at line 18, column 35: Expected import, struct, enum, union, extern, function, constant or shadow-test definition
Error at line 18, column 43: Expected import, struct, enum, union, extern, function, constant or shadow-test definition
Error at line 19, column 1: Expected 'import' after module path in 'from' statement (got IDENTIFIER)
Error at line 19, column 9: Expected import, struct, enum, union, extern, function, constant or shadow-test definition
Error at line 19, column 35: Expected import, struct, enum, union, extern, function, constant or shadow-test definition
Error at line 19, column 43: Expected import, struct, enum, union, extern, function, constant or shadow-test definition
Error at line 20, column 1: Expected 'import' after module path in 'from' statement (got IDENTIFIER)
Error at line 20, column 9: Expected import, struct, enum, union, extern, function, constant or shadow-test definition
Error at line 20, column 35: Expected import, struct, enum, union, extern, function, constant or shadow-test definition
Error at line 20, column 43: Expected import, struct, enum, union, extern, function, constant or shadow-test definition
... stopping after 20 errors
I cannot retain this complete counted service declaration.
Error at line 16, column 9: Expected import, struct, enum, union, extern, function, constant or shadow-test definition
Error at line 16, column 35: Expected import, struct, enum, union, extern, function, constant or shadow-test definition
Error at line 16, column 43: Expected import, struct, enum, union, extern, function, constant or shadow-test definition
Error at line 17, column 1: Expected 'import' after module path in 'from' statement (got IDENTIFIER)
Error at line 17, column 9: Expected import, struct, enum, union, extern, function, constant or shadow-test definition
Error at line 17, column 35: Expected import, struct, enum, union, extern, function, constant or shadow-test definition
Error at line 17, column 43: Expected import, struct, enum, union, extern, function, constant or shadow-test definition
Error at line 18, column 1: Expected 'import' after module path in 'from' statement (got IDENTIFIER)
Error at line 18, column 9: Expected import, struct, enum, union, extern, function, constant or shadow-test definition
Error at line 18, column 35: Expected import, struct, enum, union, extern, function, constant or shadow-test definition
Error at line 18, column 43: Expected import, struct, enum, union, extern, function, constant or shadow-test definition
Error at line 19, column 1: Expected 'import' after module path in 'from' statement (got IDENTIFIER)
Error at line 19, column 9: Expected import, struct, enum, union, extern, function, constant or shadow-test definition
Error at line 19, column 35: Expected import, struct, enum, union, extern, function, constant or shadow-test definition
Error at line 19, column 43: Expected import, struct, enum, union, extern, function, constant or shadow-test definition
Error at line 20, column 1: Expected 'import' after module path in 'from' statement (got IDENTIFIER)
Error at line 20, column 9: Expected import, struct, enum, union, extern, function, constant or shadow-test definition
Error at line 20, column 35: Expected import, struct, enum, union, extern, function, constant or shadow-test definition
Error at line 20, column 43: Expected import, struct, enum, union, extern, function, constant or shadow-test definition
... stopping after 20 errors
I cannot allocate this program declaration table.
I cannot retain this complete counted service declaration.
Error at line 17, column 9: Expected import, struct, enum, union, extern, function, constant or shadow-test definition
Error at line 17, column 35: Expected import, struct, enum, union, extern, function, constant or shadow-test definition
Error at line 17, column 43: Expected import, struct, enum, union, extern, function, constant or shadow-test definition
Error at line 18, column 1: Expected 'import' after module path in 'from' statement (got IDENTIFIER)
Error at line 18, column 9: Expected import, struct, enum, union, extern, function, constant or shadow-test definition
Error at line 18, column 35: Expected import, struct, enum, union, extern, function, constant or shadow-test definition
Error at line 18, column 43: Expected import, struct, enum, union, extern, function, constant or shadow-test definition
Error at line 19, column 1: Expected 'import' after module path in 'from' statement (got IDENTIFIER)
Error at line 19, column 9: Expected import, struct, enum, union, extern, function, constant or shadow-test definition
Error at line 19, column 35: Expected import, struct, enum, union, extern, function, constant or shadow-test definition
Error at line 19, column 43: Expected import, struct, enum, union, extern, function, constant or shadow-test definition
Error at line 20, column 1: Expected 'import' after module path in 'from' statement (got IDENTIFIER)
Error at line 20, column 9: Expected import, struct, enum, union, extern, function, constant or shadow-test definition
Error at line 20, column 35: Expected import, struct, enum, union, extern, function, constant or shadow-test definition
Error at line 20, column 43: Expected import, struct, enum, union, extern, function, constant or shadow-test definition
Error at line 21, column 1: Expected 'import' after module path in 'from' statement (got IDENTIFIER)
Error at line 21, column 9: Expected import, struct, enum, union, extern, function, constant or shadow-test definition
Error at line 21, column 35: Expected import, struct, enum, union, extern, function, constant or shadow-test definition
Error at line 21, column 43: Expected import, struct, enum, union, extern, function, constant or shadow-test definition
... stopping after 20 errors
I cannot retain this complete counted service declaration.
Error at line 17, column 9: Expected import, struct, enum, union, extern, function, constant or shadow-test definition
Error at line 17, column 35: Expected import, struct, enum, union, extern, function, constant or shadow-test definition
Error at line 17, column 43: Expected import, struct, enum, union, extern, function, constant or shadow-test definition
Error at line 18, column 1: Expected 'import' after module path in 'from' statement (got IDENTIFIER)
Error at line 18, column 9: Expected import, struct, enum, union, extern, function, constant or shadow-test definition
Error at line 18, column 35: Expected import, struct, enum, union, extern, function, constant or shadow-test definition
Error at line 18, column 43: Expected import, struct, enum, union, extern, function, constant or shadow-test definition
Error at line 19, column 1: Expected 'import' after module path in 'from' statement (got IDENTIFIER)
Error at line 19, column 9: Expected import, struct, enum, union, extern, function, constant or shadow-test definition
Error at line 19, column 35: Expected import, struct, enum, union, extern, function, constant or shadow-test definition
Error at line 19, column 43: Expected import, struct, enum, union, extern, function, constant or shadow-test definition
Error at line 20, column 1: Expected 'import' after module path in 'from' statement (got IDENTIFIER)
Error at line 20, column 9: Expected import, struct, enum, union, extern, function, constant or shadow-test definition
Error at line 20, column 35: Expected import, struct, enum, union, extern, function, constant or shadow-test definition
Error at line 20, column 43: Expected import, struct, enum, union, extern, function, constant or shadow-test definition
Error at line 21, column 1: Expected 'import' after module path in 'from' statement (got IDENTIFIER)
Error at line 21, column 9: Expected import, struct, enum, union, extern, function, constant or shadow-test definition
Error at line 21, column 35: Expected import, struct, enum, union, extern, function, constant or shadow-test definition
Error at line 21, column 43: Expected import, struct, enum, union, extern, function, constant or shadow-test definition
... stopping after 20 errors
I cannot retain this complete counted service declaration.
Error at line 17, column 9: Expected import, struct, enum, union, extern, function, constant or shadow-test definition
Error at line 17, column 35: Expected import, struct, enum, union, extern, function, constant or shadow-test definition
Error at line 17, column 43: Expected import, struct, enum, union, extern, function, constant or shadow-test definition
Error at line 18, column 1: Expected 'import' after module path in 'from' statement (got IDENTIFIER)
Error at line 18, column 9: Expected import, struct, enum, union, extern, function, constant or shadow-test definition
Error at line 18, column 35: Expected import, struct, enum, union, extern, function, constant or shadow-test definition
Error at line 18, column 43: Expected import, struct, enum, union, extern, function, constant or shadow-test definition
Error at line 19, column 1: Expected 'import' after module path in 'from' statement (got IDENTIFIER)
Error at line 19, column 9: Expected import, struct, enum, union, extern, function, constant or shadow-test definition
Error at line 19, column 35: Expected import, struct, enum, union, extern, function, constant or shadow-test definition
Error at line 19, column 43: Expected import, struct, enum, union, extern, function, constant or shadow-test definition
Error at line 20, column 1: Expected 'import' after module path in 'from' statement (got IDENTIFIER)
Error at line 20, column 9: Expected import, struct, enum, union, extern, function, constant or shadow-test definition
Error at line 20, column 35: Expected import, struct, enum, union, extern, function, constant or shadow-test definition
Error at line 20, column 43: Expected import, struct, enum, union, extern, function, constant or shadow-test definition
Error at line 21, column 1: Expected 'import' after module path in 'from' statement (got IDENTIFIER)
Error at line 21, column 9: Expected import, struct, enum, union, extern, function, constant or shadow-test definition
Error at line 21, column 35: Expected import, struct, enum, union, extern, function, constant or shadow-test definition
Error at line 21, column 43: Expected import, struct, enum, union, extern, function, constant or shadow-test definition
... stopping after 20 errors
I cannot retain this complete counted service declaration.
Error at line 18, column 9: Expected import, struct, enum, union, extern, function, constant or shadow-test definition
Error at line 18, column 35: Expected import, struct, enum, union, extern, function, constant or shadow-test definition
Error at line 18, column 43: Expected import, struct, enum, union, extern, function, constant or shadow-test definition
Error at line 19, column 1: Expected 'import' after module path in 'from' statement (got IDENTIFIER)
Error at line 19, column 9: Expected import, struct, enum, union, extern, function, constant or shadow-test definition
Error at line 19, column 35: Expected import, struct, enum, union, extern, function, constant or shadow-test definition
Error at line 19, column 43: Expected import, struct, enum, union, extern, function, constant or shadow-test definition
Error at line 20, column 1: Expected 'import' after module path in 'from' statement (got IDENTIFIER)
Error at line 20, column 9: Expected import, struct, enum, union, extern, function, constant or shadow-test definition
Error at line 20, column 35: Expected import, struct, enum, union, extern, function, constant or shadow-test definition
Error at line 20, column 43: Expected import, struct, enum, union, extern, function, constant or shadow-test definition
Error at line 21, column 1: Expected 'import' after module path in 'from' statement (got IDENTIFIER)
Error at line 21, column 9: Expected import, struct, enum, union, extern, function, constant or shadow-test definition
Error at line 21, column 35: Expected import, struct, enum, union, extern, function, constant or shadow-test definition
Error at line 21, column 43: Expected import, struct, enum, union, extern, function, constant or shadow-test definition
Error at line 22, column 1: Expected 'import' after module path in 'from' statement (got IDENTIFIER)
Error at line 22, column 9: Expected import, struct, enum, union, extern, function, constant or shadow-test definition
Error at line 22, column 35: Expected import, struct, enum, union, extern, function, constant or shadow-test definition
Error at line 22, column 43: Expected import, struct, enum, union, extern, function, constant or shadow-test definition
... stopping after 20 errors
I cannot retain this complete counted service declaration.
Error at line 18, column 9: Expected import, struct, enum, union, extern, function, constant or shadow-test definition
Error at line 18, column 35: Expected import, struct, enum, union, extern, function, constant or shadow-test definition
Error at line 18, column 43: Expected import, struct, enum, union, extern, function, constant or shadow-test definition
Error at line 19, column 1: Expected 'import' after module path in 'from' statement (got IDENTIFIER)
Error at line 19, column 9: Expected import, struct, enum, union, extern, function, constant or shadow-test definition
Error at line 19, column 35: Expected import, struct, enum, union, extern, function, constant or shadow-test definition
Error at line 19, column 43: Expected import, struct, enum, union, extern, function, constant or shadow-test definition
Error at line 20, column 1: Expected 'import' after module path in 'from' statement (got IDENTIFIER)
Error at line 20, column 9: Expected import, struct, enum, union, extern, function, constant or shadow-test definition
Error at line 20, column 35: Expected import, struct, enum, union, extern, function, constant or shadow-test definition
Error at line 20, column 43: Expected import, struct, enum, union, extern, function, constant or shadow-test definition
Error at line 21, column 1: Expected 'import' after module path in 'from' statement (got IDENTIFIER)
Error at line 21, column 9: Expected import, struct, enum, union, extern, function, constant or shadow-test definition
Error at line 21, column 35: Expected import, struct, enum, union, extern, function, constant or shadow-test definition
Error at line 21, column 43: Expected import, struct, enum, union, extern, function, constant or shadow-test definition
Error at line 22, column 1: Expected 'import' after module path in 'from' statement (got IDENTIFIER)
Error at line 22, column 9: Expected import, struct, enum, union, extern, function, constant or shadow-test definition
Error at line 22, column 35: Expected import, struct, enum, union, extern, function, constant or shadow-test definition
Error at line 22, column 43: Expected import, struct, enum, union, extern, function, constant or shadow-test definition
... stopping after 20 errors
I cannot retain this complete counted service declaration.
Error at line 18, column 9: Expected import, struct, enum, union, extern, function, constant or shadow-test definition
Error at line 18, column 35: Expected import, struct, enum, union, extern, function, constant or shadow-test definition
Error at line 18, column 43: Expected import, struct, enum, union, extern, function, constant or shadow-test definition
Error at line 19, column 1: Expected 'import' after module path in 'from' statement (got IDENTIFIER)
Error at line 19, column 9: Expected import, struct, enum, union, extern, function, constant or shadow-test definition
Error at line 19, column 35: Expected import, struct, enum, union, extern, function, constant or shadow-test definition
Error at line 19, column 43: Expected import, struct, enum, union, extern, function, constant or shadow-test definition
Error at line 20, column 1: Expected 'import' after module path in 'from' statement (got IDENTIFIER)
Error at line 20, column 9: Expected import, struct, enum, union, extern, function, constant or shadow-test definition
Error at line 20, column 35: Expected import, struct, enum, union, extern, function, constant or shadow-test definition
Error at line 20, column 43: Expected import, struct, enum, union, extern, function, constant or shadow-test definition
Error at line 21, column 1: Expected 'import' after module path in 'from' statement (got IDENTIFIER)
Error at line 21, column 9: Expected import, struct, enum, union, extern, function, constant or shadow-test definition
Error at line 21, column 35: Expected import, struct, enum, union, extern, function, constant or shadow-test definition
Error at line 21, column 43: Expected import, struct, enum, union, extern, function, constant or shadow-test definition
Error at line 22, column 1: Expected 'import' after module path in 'from' statement (got IDENTIFIER)
Error at line 22, column 9: Expected import, struct, enum, union, extern, function, constant or shadow-test definition
Error at line 22, column 35: Expected import, struct, enum, union, extern, function, constant or shadow-test definition
Error at line 22, column 43: Expected import, struct, enum, union, extern, function, constant or shadow-test definition
... stopping after 20 errors
I cannot retain this complete counted service declaration.
Error at line 19, column 9: Expected import, struct, enum, union, extern, function, constant or shadow-test definition
Error at line 19, column 35: Expected import, struct, enum, union, extern, function, constant or shadow-test definition
Error at line 19, column 43: Expected import, struct, enum, union, extern, function, constant or shadow-test definition
Error at line 20, column 1: Expected 'import' after module path in 'from' statement (got IDENTIFIER)
Error at line 20, column 9: Expected import, struct, enum, union, extern, function, constant or shadow-test definition
Error at line 20, column 35: Expected import, struct, enum, union, extern, function, constant or shadow-test definition
Error at line 20, column 43: Expected import, struct, enum, union, extern, function, constant or shadow-test definition
Error at line 21, column 1: Expected 'import' after module path in 'from' statement (got IDENTIFIER)
Error at line 21, column 9: Expected import, struct, enum, union, extern, function, constant or shadow-test definition
Error at line 21, column 35: Expected import, struct, enum, union, extern, function, constant or shadow-test definition
Error at line 21, column 43: Expected import, struct, enum, union, extern, function, constant or shadow-test definition
Error at line 22, column 1: Expected 'import' after module path in 'from' statement (got IDENTIFIER)
Error at line 22, column 9: Expected import, struct, enum, union, extern, function, constant or shadow-test definition
Error at line 22, column 35: Expected import, struct, enum, union, extern, function, constant or shadow-test definition
Error at line 22, column 43: Expected import, struct, enum, union, extern, function, constant or shadow-test definition
Error at line 23, column 1: Expected 'import' after module path in 'from' statement (got IDENTIFIER)
Error at line 23, column 9: Expected import, struct, enum, union, extern, function, constant or shadow-test definition
Error at line 23, column 35: Expected import, struct, enum, union, extern, function, constant or shadow-test definition
Error at line 23, column 43: Expected import, struct, enum, union, extern, function, constant or shadow-test definition
... stopping after 20 errors
I cannot retain this complete counted service declaration.
Error at line 19, column 9: Expected import, struct, enum, union, extern, function, constant or shadow-test definition
Error at line 19, column 35: Expected import, struct, enum, union, extern, function, constant or shadow-test definition
Error at line 19, column 43: Expected import, struct, enum, union, extern, function, constant or shadow-test definition
Error at line 20, column 1: Expected 'import' after module path in 'from' statement (got IDENTIFIER)
Error at line 20, column 9: Expected import, struct, enum, union, extern, function, constant or shadow-test definition
Error at line 20, column 35: Expected import, struct, enum, union, extern, function, constant or shadow-test definition
Error at line 20, column 43: Expected import, struct, enum, union, extern, function, constant or shadow-test definition
Error at line 21, column 1: Expected 'import' after module path in 'from' statement (got IDENTIFIER)
Error at line 21, column 9: Expected import, struct, enum, union, extern, function, constant or shadow-test definition
Error at line 21, column 35: Expected import, struct, enum, union, extern, function, constant or shadow-test definition
Error at line 21, column 43: Expected import, struct, enum, union, extern, function, constant or shadow-test definition
Error at line 22, column 1: Expected 'import' after module path in 'from' statement (got IDENTIFIER)
Error at line 22, column 9: Expected import, struct, enum, union, extern, function, constant or shadow-test definition
Error at line 22, column 35: Expected import, struct, enum, union, extern, function, constant or shadow-test definition
Error at line 22, column 43: Expected import, struct, enum, union, extern, function, constant or shadow-test definition
Error at line 23, column 1: Expected 'import' after module path in 'from' statement (got IDENTIFIER)
Error at line 23, column 9: Expected import, struct, enum, union, extern, function, constant or shadow-test definition
Error at line 23, column 35: Expected import, struct, enum, union, extern, function, constant or shadow-test definition
Error at line 23, column 43: Expected import, struct, enum, union, extern, function, constant or shadow-test definition
... stopping after 20 errors
I cannot retain this complete counted service declaration.
Error at line 19, column 9: Expected import, struct, enum, union, extern, function, constant or shadow-test definition
Error at line 19, column 35: Expected import, struct, enum, union, extern, function, constant or shadow-test definition
Error at line 19, column 43: Expected import, struct, enum, union, extern, function, constant or shadow-test definition
Error at line 20, column 1: Expected 'import' after module path in 'from' statement (got IDENTIFIER)
Error at line 20, column 9: Expected import, struct, enum, union, extern, function, constant or shadow-test definition
Error at line 20, column 35: Expected import, struct, enum, union, extern, function, constant or shadow-test definition
Error at line 20, column 43: Expected import, struct, enum, union, extern, function, constant or shadow-test definition
Error at line 21, column 1: Expected 'import' after module path in 'from' statement (got IDENTIFIER)
Error at line 21, column 9: Expected import, struct, enum, union, extern, function, constant or shadow-test definition
Error at line 21, column 35: Expected import, struct, enum, union, extern, function, constant or shadow-test definition
Error at line 21, column 43: Expected import, struct, enum, union, extern, function, constant or shadow-test definition
Error at line 22, column 1: Expected 'import' after module path in 'from' statement (got IDENTIFIER)
Error at line 22, column 9: Expected import, struct, enum, union, extern, function, constant or shadow-test definition
Error at line 22, column 35: Expected import, struct, enum, union, extern, function, constant or shadow-test definition
Error at line 22, column 43: Expected import, struct, enum, union, extern, function, constant or shadow-test definition
Error at line 23, column 1: Expected 'import' after module path in 'from' statement (got IDENTIFIER)
Error at line 23, column 9: Expected import, struct, enum, union, extern, function, constant or shadow-test definition
Error at line 23, column 35: Expected import, struct, enum, union, extern, function, constant or shadow-test definition
Error at line 23, column 43: Expected import, struct, enum, union, extern, function, constant or shadow-test definition
... stopping after 20 errors
I cannot retain this complete counted service declaration.
Error at line 20, column 9: Expected import, struct, enum, union, extern, function, constant or shadow-test definition
Error at line 20, column 35: Expected import, struct, enum, union, extern, function, constant or shadow-test definition
Error at line 20, column 43: Expected import, struct, enum, union, extern, function, constant or shadow-test definition
Error at line 21, column 1: Expected 'import' after module path in 'from' statement (got IDENTIFIER)
Error at line 21, column 9: Expected import, struct, enum, union, extern, function, constant or shadow-test definition
Error at line 21, column 35: Expected import, struct, enum, union, extern, function, constant or shadow-test definition
Error at line 21, column 43: Expected import, struct, enum, union, extern, function, constant or shadow-test definition
Error at line 22, column 1: Expected 'import' after module path in 'from' statement (got IDENTIFIER)
Error at line 22, column 9: Expected import, struct, enum, union, extern, function, constant or shadow-test definition
Error at line 22, column 35: Expected import, struct, enum, union, extern, function, constant or shadow-test definition
Error at line 22, column 43: Expected import, struct, enum, union, extern, function, constant or shadow-test definition
Error at line 23, column 1: Expected 'import' after module path in 'from' statement (got IDENTIFIER)
Error at line 23, column 9: Expected import, struct, enum, union, extern, function, constant or shadow-test definition
Error at line 23, column 35: Expected import, struct, enum, union, extern, function, constant or shadow-test definition
Error at line 23, column 43: Expected import, struct, enum, union, extern, function, constant or shadow-test definition
Error at line 24, column 1: Expected 'import' after module path in 'from' statement (got IDENTIFIER)
Error at line 24, column 9: Expected import, struct, enum, union, extern, function, constant or shadow-test definition
Error at line 24, column 35: Expected import, struct, enum, union, extern, function, constant or shadow-test definition
Error at line 24, column 43: Expected import, struct, enum, union, extern, function, constant or shadow-test definition
... stopping after 20 errors
I cannot retain this complete counted service declaration.
Error at line 20, column 9: Expected import, struct, enum, union, extern, function, constant or shadow-test definition
Error at line 20, column 35: Expected import, struct, enum, union, extern, function, constant or shadow-test definition
Error at line 20, column 43: Expected import, struct, enum, union, extern, function, constant or shadow-test definition
Error at line 21, column 1: Expected 'import' after module path in 'from' statement (got IDENTIFIER)
Error at line 21, column 9: Expected import, struct, enum, union, extern, function, constant or shadow-test definition
Error at line 21, column 35: Expected import, struct, enum, union, extern, function, constant or shadow-test definition
Error at line 21, column 43: Expected import, struct, enum, union, extern, function, constant or shadow-test definition
Error at line 22, column 1: Expected 'import' after module path in 'from' statement (got IDENTIFIER)
Error at line 22, column 9: Expected import, struct, enum, union, extern, function, constant or shadow-test definition
Error at line 22, column 35: Expected import, struct, enum, union, extern, function, constant or shadow-test definition
Error at line 22, column 43: Expected import, struct, enum, union, extern, function, constant or shadow-test definition
Error at line 23, column 1: Expected 'import' after module path in 'from' statement (got IDENTIFIER)
Error at line 23, column 9: Expected import, struct, enum, union, extern, function, constant or shadow-test definition
Error at line 23, column 35: Expected import, struct, enum, union, extern, function, constant or shadow-test definition
Error at line 23, column 43: Expected import, struct, enum, union, extern, function, constant or shadow-test definition
Error at line 24, column 1: Expected 'import' after module path in 'from' statement (got IDENTIFIER)
Error at line 24, column 9: Expected import, struct, enum, union, extern, function, constant or shadow-test definition
Error at line 24, column 35: Expected import, struct, enum, union, extern, function, constant or shadow-test definition
Error at line 24, column 43: Expected import, struct, enum, union, extern, function, constant or shadow-test definition
... stopping after 20 errors
I cannot retain this complete counted service declaration.
Error at line 20, column 9: Expected import, struct, enum, union, extern, function, constant or shadow-test definition
Error at line 20, column 35: Expected import, struct, enum, union, extern, function, constant or shadow-test definition
Error at line 20, column 43: Expected import, struct, enum, union, extern, function, constant or shadow-test definition
Error at line 21, column 1: Expected 'import' after module path in 'from' statement (got IDENTIFIER)
Error at line 21, column 9: Expected import, struct, enum, union, extern, function, constant or shadow-test definition
Error at line 21, column 35: Expected import, struct, enum, union, extern, function, constant or shadow-test definition
Error at line 21, column 43: Expected import, struct, enum, union, extern, function, constant or shadow-test definition
Error at line 22, column 1: Expected 'import' after module path in 'from' statement (got IDENTIFIER)
Error at line 22, column 9: Expected import, struct, enum, union, extern, function, constant or shadow-test definition
Error at line 22, column 35: Expected import, struct, enum, union, extern, function, constant or shadow-test definition
Error at line 22, column 43: Expected import, struct, enum, union, extern, function, constant or shadow-test definition
Error at line 23, column 1: Expected 'import' after module path in 'from' statement (got IDENTIFIER)
Error at line 23, column 9: Expected import, struct, enum, union, extern, function, constant or shadow-test definition
Error at line 23, column 35: Expected import, struct, enum, union, extern, function, constant or shadow-test definition
Error at line 23, column 43: Expected import, struct, enum, union, extern, function, constant or shadow-test definition
Error at line 24, column 1: Expected 'import' after module path in 'from' statement (got IDENTIFIER)
Error at line 24, column 9: Expected import, struct, enum, union, extern, function, constant or shadow-test definition
Error at line 24, column 35: Expected import, struct, enum, union, extern, function, constant or shadow-test definition
Error at line 24, column 43: Expected import, struct, enum, union, extern, function, constant or shadow-test definition
... stopping after 20 errors
I cannot retain this complete counted service declaration.
Error at line 21, column 9: Expected import, struct, enum, union, extern, function, constant or shadow-test definition
Error at line 21, column 35: Expected import, struct, enum, union, extern, function, constant or shadow-test definition
Error at line 21, column 43: Expected import, struct, enum, union, extern, function, constant or shadow-test definition
Error at line 22, column 1: Expected 'import' after module path in 'from' statement (got IDENTIFIER)
Error at line 22, column 9: Expected import, struct, enum, union, extern, function, constant or shadow-test definition
Error at line 22, column 35: Expected import, struct, enum, union, extern, function, constant or shadow-test definition
Error at line 22, column 43: Expected import, struct, enum, union, extern, function, constant or shadow-test definition
Error at line 23, column 1: Expected 'import' after module path in 'from' statement (got IDENTIFIER)
Error at line 23, column 9: Expected import, struct, enum, union, extern, function, constant or shadow-test definition
Error at line 23, column 35: Expected import, struct, enum, union, extern, function, constant or shadow-test definition
Error at line 23, column 43: Expected import, struct, enum, union, extern, function, constant or shadow-test definition
Error at line 24, column 1: Expected 'import' after module path in 'from' statement (got IDENTIFIER)
Error at line 24, column 9: Expected import, struct, enum, union, extern, function, constant or shadow-test definition
Error at line 24, column 35: Expected import, struct, enum, union, extern, function, constant or shadow-test definition
Error at line 24, column 43: Expected import, struct, enum, union, extern, function, constant or shadow-test definition
Error at line 25, column 1: Expected 'import' after module path in 'from' statement (got IDENTIFIER)
Error at line 25, column 9: Expected import, struct, enum, union, extern, function, constant or shadow-test definition
Error at line 25, column 35: Expected import, struct, enum, union, extern, function, constant or shadow-test definition
Error at line 25, column 43: Expected import, struct, enum, union, extern, function, constant or shadow-test definition
... stopping after 20 errors
I cannot retain this complete counted service declaration.
Error at line 21, column 9: Expected import, struct, enum, union, extern, function, constant or shadow-test definition
Error at line 21, column 35: Expected import, struct, enum, union, extern, function, constant or shadow-test definition
Error at line 21, column 43: Expected import, struct, enum, union, extern, function, constant or shadow-test definition
Error at line 22, column 1: Expected 'import' after module path in 'from' statement (got IDENTIFIER)
Error at line 22, column 9: Expected import, struct, enum, union, extern, function, constant or shadow-test definition
Error at line 22, column 35: Expected import, struct, enum, union, extern, function, constant or shadow-test definition
Error at line 22, column 43: Expected import, struct, enum, union, extern, function, constant or shadow-test definition
Error at line 23, column 1: Expected 'import' after module path in 'from' statement (got IDENTIFIER)
Error at line 23, column 9: Expected import, struct, enum, union, extern, function, constant or shadow-test definition
Error at line 23, column 35: Expected import, struct, enum, union, extern, function, constant or shadow-test definition
Error at line 23, column 43: Expected import, struct, enum, union, extern, function, constant or shadow-test definition
Error at line 24, column 1: Expected 'import' after module path in 'from' statement (got IDENTIFIER)
Error at line 24, column 9: Expected import, struct, enum, union, extern, function, constant or shadow-test definition
Error at line 24, column 35: Expected import, struct, enum, union, extern, function, constant or shadow-test definition
Error at line 24, column 43: Expected import, struct, enum, union, extern, function, constant or shadow-test definition
Error at line 25, column 1: Expected 'import' after module path in 'from' statement (got IDENTIFIER)
Error at line 25, column 9: Expected import, struct, enum, union, extern, function, constant or shadow-test definition
Error at line 25, column 35: Expected import, struct, enum, union, extern, function, constant or shadow-test definition
Error at line 25, column 43: Expected import, struct, enum, union, extern, function, constant or shadow-test definition
... stopping after 20 errors
I cannot retain this complete counted service declaration.
Error at line 21, column 9: Expected import, struct, enum, union, extern, function, constant or shadow-test definition
Error at line 21, column 35: Expected import, struct, enum, union, extern, function, constant or shadow-test definition
Error at line 21, column 43: Expected import, struct, enum, union, extern, function, constant or shadow-test definition
Error at line 22, column 1: Expected 'import' after module path in 'from' statement (got IDENTIFIER)
Error at line 22, column 9: Expected import, struct, enum, union, extern, function, constant or shadow-test definition
Error at line 22, column 35: Expected import, struct, enum, union, extern, function, constant or shadow-test definition
Error at line 22, column 43: Expected import, struct, enum, union, extern, function, constant or shadow-test definition
Error at line 23, column 1: Expected 'import' after module path in 'from' statement (got IDENTIFIER)
Error at line 23, column 9: Expected import, struct, enum, union, extern, function, constant or shadow-test definition
Error at line 23, column 35: Expected import, struct, enum, union, extern, function, constant or shadow-test definition
Error at line 23, column 43: Expected import, struct, enum, union, extern, function, constant or shadow-test definition
Error at line 24, column 1: Expected 'import' after module path in 'from' statement (got IDENTIFIER)
Error at line 24, column 9: Expected import, struct, enum, union, extern, function, constant or shadow-test definition
Error at line 24, column 35: Expected import, struct, enum, union, extern, function, constant or shadow-test definition
Error at line 24, column 43: Expected import, struct, enum, union, extern, function, constant or shadow-test definition
Error at line 25, column 1: Expected 'import' after module path in 'from' statement (got IDENTIFIER)
Error at line 25, column 9: Expected import, struct, enum, union, extern, function, constant or shadow-test definition
Error at line 25, column 35: Expected import, struct, enum, union, extern, function, constant or shadow-test definition
Error at line 25, column 43: Expected import, struct, enum, union, extern, function, constant or shadow-test definition
... stopping after 20 errors
I cannot retain this complete counted service declaration.
Error at line 22, column 9: Expected import, struct, enum, union, extern, function, constant or shadow-test definition
Error at line 22, column 35: Expected import, struct, enum, union, extern, function, constant or shadow-test definition
Error at line 22, column 43: Expected import, struct, enum, union, extern, function, constant or shadow-test definition
Error at line 23, column 1: Expected 'import' after module path in 'from' statement (got IDENTIFIER)
Error at line 23, column 9: Expected import, struct, enum, union, extern, function, constant or shadow-test definition
Error at line 23, column 35: Expected import, struct, enum, union, extern, function, constant or shadow-test definition
Error at line 23, column 43: Expected import, struct, enum, union, extern, function, constant or shadow-test definition
Error at line 24, column 1: Expected 'import' after module path in 'from' statement (got IDENTIFIER)
Error at line 24, column 9: Expected import, struct, enum, union, extern, function, constant or shadow-test definition
Error at line 24, column 35: Expected import, struct, enum, union, extern, function, constant or shadow-test definition
Error at line 24, column 43: Expected import, struct, enum, union, extern, function, constant or shadow-test definition
Error at line 25, column 1: Expected 'import' after module path in 'from' statement (got IDENTIFIER)
Error at line 25, column 9: Expected import, struct, enum, union, extern, function, constant or shadow-test definition
Error at line 25, column 35: Expected import, struct, enum, union, extern, function, constant or shadow-test definition
Error at line 25, column 43: Expected import, struct, enum, union, extern, function, constant or shadow-test definition
Error at line 26, column 1: Expected 'import' after module path in 'from' statement (got IDENTIFIER)
Error at line 26, column 9: Expected import, struct, enum, union, extern, function, constant or shadow-test definition
Error at line 26, column 35: Expected import, struct, enum, union, extern, function, constant or shadow-test definition
Error at line 26, column 43: Expected import, struct, enum, union, extern, function, constant or shadow-test definition
... stopping after 20 errors
I cannot retain this complete counted service declaration.
Error at line 22, column 9: Expected import, struct, enum, union, extern, function, constant or shadow-test definition
Error at line 22, column 35: Expected import, struct, enum, union, extern, function, constant or shadow-test definition
Error at line 22, column 43: Expected import, struct, enum, union, extern, function, constant or shadow-test definition
Error at line 23, column 1: Expected 'import' after module path in 'from' statement (got IDENTIFIER)
Error at line 23, column 9: Expected import, struct, enum, union, extern, function, constant or shadow-test definition
Error at line 23, column 35: Expected import, struct, enum, union, extern, function, constant or shadow-test definition
Error at line 23, column 43: Expected import, struct, enum, union, extern, function, constant or shadow-test definition
Error at line 24, column 1: Expected 'import' after module path in 'from' statement (got IDENTIFIER)
Error at line 24, column 9: Expected import, struct, enum, union, extern, function, constant or shadow-test definition
Error at line 24, column 35: Expected import, struct, enum, union, extern, function, constant or shadow-test definition
Error at line 24, column 43: Expected import, struct, enum, union, extern, function, constant or shadow-test definition
Error at line 25, column 1: Expected 'import' after module path in 'from' statement (got IDENTIFIER)
Error at line 25, column 9: Expected import, struct, enum, union, extern, function, constant or shadow-test definition
Error at line 25, column 35: Expected import, struct, enum, union, extern, function, constant or shadow-test definition
Error at line 25, column 43: Expected import, struct, enum, union, extern, function, constant or shadow-test definition
Error at line 26, column 1: Expected 'import' after module path in 'from' statement (got IDENTIFIER)
Error at line 26, column 9: Expected import, struct, enum, union, extern, function, constant or shadow-test definition
Error at line 26, column 35: Expected import, struct, enum, union, extern, function, constant or shadow-test definition
Error at line 26, column 43: Expected import, struct, enum, union, extern, function, constant or shadow-test definition
... stopping after 20 errors
I cannot retain this complete counted service declaration.
Error at line 22, column 9: Expected import, struct, enum, union, extern, function, constant or shadow-test definition
Error at line 22, column 35: Expected import, struct, enum, union, extern, function, constant or shadow-test definition
Error at line 22, column 43: Expected import, struct, enum, union, extern, function, constant or shadow-test definition
Error at line 23, column 1: Expected 'import' after module path in 'from' statement (got IDENTIFIER)
Error at line 23, column 9: Expected import, struct, enum, union, extern, function, constant or shadow-test definition
Error at line 23, column 35: Expected import, struct, enum, union, extern, function, constant or shadow-test definition
Error at line 23, column 43: Expected import, struct, enum, union, extern, function, constant or shadow-test definition
Error at line 24, column 1: Expected 'import' after module path in 'from' statement (got IDENTIFIER)
Error at line 24, column 9: Expected import, struct, enum, union, extern, function, constant or shadow-test definition
Error at line 24, column 35: Expected import, struct, enum, union, extern, function, constant or shadow-test definition
Error at line 24, column 43: Expected import, struct, enum, union, extern, function, constant or shadow-test definition
Error at line 25, column 1: Expected 'import' after module path in 'from' statement (got IDENTIFIER)
Error at line 25, column 9: Expected import, struct, enum, union, extern, function, constant or shadow-test definition
Error at line 25, column 35: Expected import, struct, enum, union, extern, function, constant or shadow-test definition
Error at line 25, column 43: Expected import, struct, enum, union, extern, function, constant or shadow-test definition
Error at line 26, column 1: Expected 'import' after module path in 'from' statement (got IDENTIFIER)
Error at line 26, column 9: Expected import, struct, enum, union, extern, function, constant or shadow-test definition
Error at line 26, column 35: Expected import, struct, enum, union, extern, function, constant or shadow-test definition
Error at line 26, column 43: Expected import, struct, enum, union, extern, function, constant or shadow-test definition
... stopping after 20 errors
I cannot retain this complete counted service declaration.
Error at line 23, column 9: Expected import, struct, enum, union, extern, function, constant or shadow-test definition
Error at line 23, column 35: Expected import, struct, enum, union, extern, function, constant or shadow-test definition
Error at line 23, column 43: Expected import, struct, enum, union, extern, function, constant or shadow-test definition
Error at line 24, column 1: Expected 'import' after module path in 'from' statement (got IDENTIFIER)
Error at line 24, column 9: Expected import, struct, enum, union, extern, function, constant or shadow-test definition
Error at line 24, column 35: Expected import, struct, enum, union, extern, function, constant or shadow-test definition
Error at line 24, column 43: Expected import, struct, enum, union, extern, function, constant or shadow-test definition
Error at line 25, column 1: Expected 'import' after module path in 'from' statement (got IDENTIFIER)
Error at line 25, column 9: Expected import, struct, enum, union, extern, function, constant or shadow-test definition
Error at line 25, column 35: Expected import, struct, enum, union, extern, function, constant or shadow-test definition
Error at line 25, column 43: Expected import, struct, enum, union, extern, function, constant or shadow-test definition
Error at line 26, column 1: Expected 'import' after module path in 'from' statement (got IDENTIFIER)
Error at line 26, column 9: Expected import, struct, enum, union, extern, function, constant or shadow-test definition
Error at line 26, column 35: Expected import, struct, enum, union, extern, function, constant or shadow-test definition
Error at line 26, column 43: Expected import, struct, enum, union, extern, function, constant or shadow-test definition
Error at line 27, column 1: Expected 'import' after module path in 'from' statement (got IDENTIFIER)
Error at line 27, column 9: Expected import, struct, enum, union, extern, function, constant or shadow-test definition
Error at line 27, column 35: Expected import, struct, enum, union, extern, function, constant or shadow-test definition
Error at line 27, column 43: Expected import, struct, enum, union, extern, function, constant or shadow-test definition
... stopping after 20 errors
I cannot retain this complete counted service declaration.
Error at line 23, column 9: Expected import, struct, enum, union, extern, function, constant or shadow-test definition
Error at line 23, column 35: Expected import, struct, enum, union, extern, function, constant or shadow-test definition
Error at line 23, column 43: Expected import, struct, enum, union, extern, function, constant or shadow-test definition
Error at line 24, column 1: Expected 'import' after module path in 'from' statement (got IDENTIFIER)
Error at line 24, column 9: Expected import, struct, enum, union, extern, function, constant or shadow-test definition
Error at line 24, column 35: Expected import, struct, enum, union, extern, function, constant or shadow-test definition
Error at line 24, column 43: Expected import, struct, enum, union, extern, function, constant or shadow-test definition
Error at line 25, column 1: Expected 'import' after module path in 'from' statement (got IDENTIFIER)
Error at line 25, column 9: Expected import, struct, enum, union, extern, function, constant or shadow-test definition
Error at line 25, column 35: Expected import, struct, enum, union, extern, function, constant or shadow-test definition
Error at line 25, column 43: Expected import, struct, enum, union, extern, function, constant or shadow-test definition
Error at line 26, column 1: Expected 'import' after module path in 'from' statement (got IDENTIFIER)
Error at line 26, column 9: Expected import, struct, enum, union, extern, function, constant or shadow-test definition
Error at line 26, column 35: Expected import, struct, enum, union, extern, function, constant or shadow-test definition
Error at line 26, column 43: Expected import, struct, enum, union, extern, function, constant or shadow-test definition
Error at line 27, column 1: Expected 'import' after module path in 'from' statement (got IDENTIFIER)
Error at line 27, column 9: Expected import, struct, enum, union, extern, function, constant or shadow-test definition
Error at line 27, column 35: Expected import, struct, enum, union, extern, function, constant or shadow-test definition
Error at line 27, column 43: Expected import, struct, enum, union, extern, function, constant or shadow-test definition
... stopping after 20 errors
I cannot retain this complete counted service declaration.
Error at line 23, column 9: Expected import, struct, enum, union, extern, function, constant or shadow-test definition
Error at line 23, column 35: Expected import, struct, enum, union, extern, function, constant or shadow-test definition
Error at line 23, column 43: Expected import, struct, enum, union, extern, function, constant or shadow-test definition
Error at line 24, column 1: Expected 'import' after module path in 'from' statement (got IDENTIFIER)
Error at line 24, column 9: Expected import, struct, enum, union, extern, function, constant or shadow-test definition
Error at line 24, column 35: Expected import, struct, enum, union, extern, function, constant or shadow-test definition
Error at line 24, column 43: Expected import, struct, enum, union, extern, function, constant or shadow-test definition
Error at line 25, column 1: Expected 'import' after module path in 'from' statement (got IDENTIFIER)
Error at line 25, column 9: Expected import, struct, enum, union, extern, function, constant or shadow-test definition
Error at line 25, column 35: Expected import, struct, enum, union, extern, function, constant or shadow-test definition
Error at line 25, column 43: Expected import, struct, enum, union, extern, function, constant or shadow-test definition
Error at line 26, column 1: Expected 'import' after module path in 'from' statement (got IDENTIFIER)
Error at line 26, column 9: Expected import, struct, enum, union, extern, function, constant or shadow-test definition
Error at line 26, column 35: Expected import, struct, enum, union, extern, function, constant or shadow-test definition
Error at line 26, column 43: Expected import, struct, enum, union, extern, function, constant or shadow-test definition
Error at line 27, column 1: Expected 'import' after module path in 'from' statement (got IDENTIFIER)
Error at line 27, column 9: Expected import, struct, enum, union, extern, function, constant or shadow-test definition
Error at line 27, column 35: Expected import, struct, enum, union, extern, function, constant or shadow-test definition
Error at line 27, column 43: Expected import, struct, enum, union, extern, function, constant or shadow-test definition
... stopping after 20 errors
I cannot retain this complete counted service declaration.
Error at line 24, column 9: Expected import, struct, enum, union, extern, function, constant or shadow-test definition
Error at line 24, column 35: Expected import, struct, enum, union, extern, function, constant or shadow-test definition
Error at line 24, column 43: Expected import, struct, enum, union, extern, function, constant or shadow-test definition
Error at line 25, column 1: Expected 'import' after module path in 'from' statement (got IDENTIFIER)
Error at line 25, column 9: Expected import, struct, enum, union, extern, function, constant or shadow-test definition
Error at line 25, column 35: Expected import, struct, enum, union, extern, function, constant or shadow-test definition
Error at line 25, column 43: Expected import, struct, enum, union, extern, function, constant or shadow-test definition
Error at line 26, column 1: Expected 'import' after module path in 'from' statement (got IDENTIFIER)
Error at line 26, column 9: Expected import, struct, enum, union, extern, function, constant or shadow-test definition
Error at line 26, column 35: Expected import, struct, enum, union, extern, function, constant or shadow-test definition
Error at line 26, column 43: Expected import, struct, enum, union, extern, function, constant or shadow-test definition
Error at line 27, column 1: Expected 'import' after module path in 'from' statement (got IDENTIFIER)
Error at line 27, column 9: Expected import, struct, enum, union, extern, function, constant or shadow-test definition
Error at line 27, column 35: Expected import, struct, enum, union, extern, function, constant or shadow-test definition
Error at line 27, column 43: Expected import, struct, enum, union, extern, function, constant or shadow-test definition
Error at line 28, column 1: Expected 'import' after module path in 'from' statement (got IDENTIFIER)
Error at line 28, column 9: Expected import, struct, enum, union, extern, function, constant or shadow-test definition
Error at line 28, column 35: Expected import, struct, enum, union, extern, function, constant or shadow-test definition
Error at line 28, column 43: Expected import, struct, enum, union, extern, function, constant or shadow-test definition
... stopping after 20 errors
I cannot retain this complete counted service declaration.
Error at line 24, column 9: Expected import, struct, enum, union, extern, function, constant or shadow-test definition
Error at line 24, column 35: Expected import, struct, enum, union, extern, function, constant or shadow-test definition
Error at line 24, column 43: Expected import, struct, enum, union, extern, function, constant or shadow-test definition
Error at line 25, column 1: Expected 'import' after module path in 'from' statement (got IDENTIFIER)
Error at line 25, column 9: Expected import, struct, enum, union, extern, function, constant or shadow-test definition
Error at line 25, column 35: Expected import, struct, enum, union, extern, function, constant or shadow-test definition
Error at line 25, column 43: Expected import, struct, enum, union, extern, function, constant or shadow-test definition
Error at line 26, column 1: Expected 'import' after module path in 'from' statement (got IDENTIFIER)
Error at line 26, column 9: Expected import, struct, enum, union, extern, function, constant or shadow-test definition
Error at line 26, column 35: Expected import, struct, enum, union, extern, function, constant or shadow-test definition
Error at line 26, column 43: Expected import, struct, enum, union, extern, function, constant or shadow-test definition
Error at line 27, column 1: Expected 'import' after module path in 'from' statement (got IDENTIFIER)
Error at line 27, column 9: Expected import, struct, enum, union, extern, function, constant or shadow-test definition
Error at line 27, column 35: Expected import, struct, enum, union, extern, function, constant or shadow-test definition
Error at line 27, column 43: Expected import, struct, enum, union, extern, function, constant or shadow-test definition
Error at line 28, column 1: Expected 'import' after module path in 'from' statement (got IDENTIFIER)
Error at line 28, column 9: Expected import, struct, enum, union, extern, function, constant or shadow-test definition
Error at line 28, column 35: Expected import, struct, enum, union, extern, function, constant or shadow-test definition
Error at line 28, column 43: Expected import, struct, enum, union, extern, function, constant or shadow-test definition
... stopping after 20 errors
I cannot retain this complete counted service declaration.
Error at line 24, column 9: Expected import, struct, enum, union, extern, function, constant or shadow-test definition
Error at line 24, column 35: Expected import, struct, enum, union, extern, function, constant or shadow-test definition
Error at line 24, column 43: Expected import, struct, enum, union, extern, function, constant or shadow-test definition
Error at line 25, column 1: Expected 'import' after module path in 'from' statement (got IDENTIFIER)
Error at line 25, column 9: Expected import, struct, enum, union, extern, function, constant or shadow-test definition
Error at line 25, column 35: Expected import, struct, enum, union, extern, function, constant or shadow-test definition
Error at line 25, column 43: Expected import, struct, enum, union, extern, function, constant or shadow-test definition
Error at line 26, column 1: Expected 'import' after module path in 'from' statement (got IDENTIFIER)
Error at line 26, column 9: Expected import, struct, enum, union, extern, function, constant or shadow-test definition
Error at line 26, column 35: Expected import, struct, enum, union, extern, function, constant or shadow-test definition
Error at line 26, column 43: Expected import, struct, enum, union, extern, function, constant or shadow-test definition
Error at line 27, column 1: Expected 'import' after module path in 'from' statement (got IDENTIFIER)
Error at line 27, column 9: Expected import, struct, enum, union, extern, function, constant or shadow-test definition
Error at line 27, column 35: Expected import, struct, enum, union, extern, function, constant or shadow-test definition
Error at line 27, column 43: Expected import, struct, enum, union, extern, function, constant or shadow-test definition
Error at line 28, column 1: Expected 'import' after module path in 'from' statement (got IDENTIFIER)
Error at line 28, column 9: Expected import, struct, enum, union, extern, function, constant or shadow-test definition
Error at line 28, column 35: Expected import, struct, enum, union, extern, function, constant or shadow-test definition
Error at line 28, column 43: Expected import, struct, enum, union, extern, function, constant or shadow-test definition
... stopping after 20 errors
I cannot retain this complete counted service declaration.
Error at line 25, column 9: Expected import, struct, enum, union, extern, function, constant or shadow-test definition
Error at line 25, column 35: Expected import, struct, enum, union, extern, function, constant or shadow-test definition
Error at line 25, column 43: Expected import, struct, enum, union, extern, function, constant or shadow-test definition
Error at line 26, column 1: Expected 'import' after module path in 'from' statement (got IDENTIFIER)
Error at line 26, column 9: Expected import, struct, enum, union, extern, function, constant or shadow-test definition
Error at line 26, column 35: Expected import, struct, enum, union, extern, function, constant or shadow-test definition
Error at line 26, column 43: Expected import, struct, enum, union, extern, function, constant or shadow-test definition
Error at line 27, column 1: Expected 'import' after module path in 'from' statement (got IDENTIFIER)
Error at line 27, column 9: Expected import, struct, enum, union, extern, function, constant or shadow-test definition
Error at line 27, column 35: Expected import, struct, enum, union, extern, function, constant or shadow-test definition
Error at line 27, column 43: Expected import, struct, enum, union, extern, function, constant or shadow-test definition
Error at line 28, column 1: Expected 'import' after module path in 'from' statement (got IDENTIFIER)
Error at line 28, column 9: Expected import, struct, enum, union, extern, function, constant or shadow-test definition
Error at line 28, column 35: Expected import, struct, enum, union, extern, function, constant or shadow-test definition
Error at line 28, column 43: Expected import, struct, enum, union, extern, function, constant or shadow-test definition
Error at line 29, column 1: Expected 'import' after module path in 'from' statement (got IDENTIFIER)
Error at line 29, column 9: Expected import, struct, enum, union, extern, function, constant or shadow-test definition
Error at line 29, column 35: Expected import, struct, enum, union, extern, function, constant or shadow-test definition
Error at line 29, column 43: Expected import, struct, enum, union, extern, function, constant or shadow-test definition
... stopping after 20 errors
I cannot retain this complete counted service declaration.
Error at line 25, column 9: Expected import, struct, enum, union, extern, function, constant or shadow-test definition
Error at line 25, column 35: Expected import, struct, enum, union, extern, function, constant or shadow-test definition
Error at line 25, column 43: Expected import, struct, enum, union, extern, function, constant or shadow-test definition
Error at line 26, column 1: Expected 'import' after module path in 'from' statement (got IDENTIFIER)
Error at line 26, column 9: Expected import, struct, enum, union, extern, function, constant or shadow-test definition
Error at line 26, column 35: Expected import, struct, enum, union, extern, function, constant or shadow-test definition
Error at line 26, column 43: Expected import, struct, enum, union, extern, function, constant or shadow-test definition
Error at line 27, column 1: Expected 'import' after module path in 'from' statement (got IDENTIFIER)
Error at line 27, column 9: Expected import, struct, enum, union, extern, function, constant or shadow-test definition
Error at line 27, column 35: Expected import, struct, enum, union, extern, function, constant or shadow-test definition
Error at line 27, column 43: Expected import, struct, enum, union, extern, function, constant or shadow-test definition
Error at line 28, column 1: Expected 'import' after module path in 'from' statement (got IDENTIFIER)
Error at line 28, column 9: Expected import, struct, enum, union, extern, function, constant or shadow-test definition
Error at line 28, column 35: Expected import, struct, enum, union, extern, function, constant or shadow-test definition
Error at line 28, column 43: Expected import, struct, enum, union, extern, function, constant or shadow-test definition
Error at line 29, column 1: Expected 'import' after module path in 'from' statement (got IDENTIFIER)
Error at line 29, column 9: Expected import, struct, enum, union, extern, function, constant or shadow-test definition
Error at line 29, column 35: Expected import, struct, enum, union, extern, function, constant or shadow-test definition
Error at line 29, column 43: Expected import, struct, enum, union, extern, function, constant or shadow-test definition
... stopping after 20 errors
I cannot retain this complete counted service declaration.
Error at line 25, column 9: Expected import, struct, enum, union, extern, function, constant or shadow-test definition
Error at line 25, column 35: Expected import, struct, enum, union, extern, function, constant or shadow-test definition
Error at line 25, column 43: Expected import, struct, enum, union, extern, function, constant or shadow-test definition
Error at line 26, column 1: Expected 'import' after module path in 'from' statement (got IDENTIFIER)
Error at line 26, column 9: Expected import, struct, enum, union, extern, function, constant or shadow-test definition
Error at line 26, column 35: Expected import, struct, enum, union, extern, function, constant or shadow-test definition
Error at line 26, column 43: Expected import, struct, enum, union, extern, function, constant or shadow-test definition
Error at line 27, column 1: Expected 'import' after module path in 'from' statement (got IDENTIFIER)
Error at line 27, column 9: Expected import, struct, enum, union, extern, function, constant or shadow-test definition
Error at line 27, column 35: Expected import, struct, enum, union, extern, function, constant or shadow-test definition
Error at line 27, column 43: Expected import, struct, enum, union, extern, function, constant or shadow-test definition
Error at line 28, column 1: Expected 'import' after module path in 'from' statement (got IDENTIFIER)
Error at line 28, column 9: Expected import, struct, enum, union, extern, function, constant or shadow-test definition
Error at line 28, column 35: Expected import, struct, enum, union, extern, function, constant or shadow-test definition
Error at line 28, column 43: Expected import, struct, enum, union, extern, function, constant or shadow-test definition
Error at line 29, column 1: Expected 'import' after module path in 'from' statement (got IDENTIFIER)
Error at line 29, column 9: Expected import, struct, enum, union, extern, function, constant or shadow-test definition
Error at line 29, column 35: Expected import, struct, enum, union, extern, function, constant or shadow-test definition
Error at line 29, column 43: Expected import, struct, enum, union, extern, function, constant or shadow-test definition
... stopping after 20 errors
I cannot retain this complete counted service declaration.
Error at line 26, column 9: Expected import, struct, enum, union, extern, function, constant or shadow-test definition
Error at line 26, column 35: Expected import, struct, enum, union, extern, function, constant or shadow-test definition
Error at line 26, column 43: Expected import, struct, enum, union, extern, function, constant or shadow-test definition
Error at line 27, column 1: Expected 'import' after module path in 'from' statement (got IDENTIFIER)
Error at line 27, column 9: Expected import, struct, enum, union, extern, function, constant or shadow-test definition
Error at line 27, column 35: Expected import, struct, enum, union, extern, function, constant or shadow-test definition
Error at line 27, column 43: Expected import, struct, enum, union, extern, function, constant or shadow-test definition
Error at line 28, column 1: Expected 'import' after module path in 'from' statement (got IDENTIFIER)
Error at line 28, column 9: Expected import, struct, enum, union, extern, function, constant or shadow-test definition
Error at line 28, column 35: Expected import, struct, enum, union, extern, function, constant or shadow-test definition
Error at line 28, column 43: Expected import, struct, enum, union, extern, function, constant or shadow-test definition
Error at line 29, column 1: Expected 'import' after module path in 'from' statement (got IDENTIFIER)
Error at line 29, column 9: Expected import, struct, enum, union, extern, function, constant or shadow-test definition
Error at line 29, column 35: Expected import, struct, enum, union, extern, function, constant or shadow-test definition
Error at line 29, column 43: Expected import, struct, enum, union, extern, function, constant or shadow-test definition
Error at line 30, column 1: Expected 'import' after module path in 'from' statement (got IDENTIFIER)
Error at line 30, column 9: Expected import, struct, enum, union, extern, function, constant or shadow-test definition
Error at line 30, column 35: Expected import, struct, enum, union, extern, function, constant or shadow-test definition
Error at line 30, column 43: Expected import, struct, enum, union, extern, function, constant or shadow-test definition
... stopping after 20 errors
I cannot retain this complete counted service declaration.
Error at line 26, column 9: Expected import, struct, enum, union, extern, function, constant or shadow-test definition
Error at line 26, column 35: Expected import, struct, enum, union, extern, function, constant or shadow-test definition
Error at line 26, column 43: Expected import, struct, enum, union, extern, function, constant or shadow-test definition
Error at line 27, column 1: Expected 'import' after module path in 'from' statement (got IDENTIFIER)
Error at line 27, column 9: Expected import, struct, enum, union, extern, function, constant or shadow-test definition
Error at line 27, column 35: Expected import, struct, enum, union, extern, function, constant or shadow-test definition
Error at line 27, column 43: Expected import, struct, enum, union, extern, function, constant or shadow-test definition
Error at line 28, column 1: Expected 'import' after module path in 'from' statement (got IDENTIFIER)
Error at line 28, column 9: Expected import, struct, enum, union, extern, function, constant or shadow-test definition
Error at line 28, column 35: Expected import, struct, enum, union, extern, function, constant or shadow-test definition
Error at line 28, column 43: Expected import, struct, enum, union, extern, function, constant or shadow-test definition
Error at line 29, column 1: Expected 'import' after module path in 'from' statement (got IDENTIFIER)
Error at line 29, column 9: Expected import, struct, enum, union, extern, function, constant or shadow-test definition
Error at line 29, column 35: Expected import, struct, enum, union, extern, function, constant or shadow-test definition
Error at line 29, column 43: Expected import, struct, enum, union, extern, function, constant or shadow-test definition
Error at line 30, column 1: Expected 'import' after module path in 'from' statement (got IDENTIFIER)
Error at line 30, column 9: Expected import, struct, enum, union, extern, function, constant or shadow-test definition
Error at line 30, column 35: Expected import, struct, enum, union, extern, function, constant or shadow-test definition
Error at line 30, column 43: Expected import, struct, enum, union, extern, function, constant or shadow-test definition
... stopping after 20 errors
I cannot retain this complete counted service declaration.
Error at line 26, column 9: Expected import, struct, enum, union, extern, function, constant or shadow-test definition
Error at line 26, column 35: Expected import, struct, enum, union, extern, function, constant or shadow-test definition
Error at line 26, column 43: Expected import, struct, enum, union, extern, function, constant or shadow-test definition
Error at line 27, column 1: Expected 'import' after module path in 'from' statement (got IDENTIFIER)
Error at line 27, column 9: Expected import, struct, enum, union, extern, function, constant or shadow-test definition
Error at line 27, column 35: Expected import, struct, enum, union, extern, function, constant or shadow-test definition
Error at line 27, column 43: Expected import, struct, enum, union, extern, function, constant or shadow-test definition
Error at line 28, column 1: Expected 'import' after module path in 'from' statement (got IDENTIFIER)
Error at line 28, column 9: Expected import, struct, enum, union, extern, function, constant or shadow-test definition
Error at line 28, column 35: Expected import, struct, enum, union, extern, function, constant or shadow-test definition
Error at line 28, column 43: Expected import, struct, enum, union, extern, function, constant or shadow-test definition
Error at line 29, column 1: Expected 'import' after module path in 'from' statement (got IDENTIFIER)
Error at line 29, column 9: Expected import, struct, enum, union, extern, function, constant or shadow-test definition
Error at line 29, column 35: Expected import, struct, enum, union, extern, function, constant or shadow-test definition
Error at line 29, column 43: Expected import, struct, enum, union, extern, function, constant or shadow-test definition
Error at line 30, column 1: Expected 'import' after module path in 'from' statement (got IDENTIFIER)
Error at line 30, column 9: Expected import, struct, enum, union, extern, function, constant or shadow-test definition
Error at line 30, column 35: Expected import, struct, enum, union, extern, function, constant or shadow-test definition
Error at line 30, column 43: Expected import, struct, enum, union, extern, function, constant or shadow-test definition
... stopping after 20 errors
I cannot retain this complete counted service declaration.
Error at line 27, column 9: Expected import, struct, enum, union, extern, function, constant or shadow-test definition
Error at line 27, column 35: Expected import, struct, enum, union, extern, function, constant or shadow-test definition
Error at line 27, column 43: Expected import, struct, enum, union, extern, function, constant or shadow-test definition
Error at line 28, column 1: Expected 'import' after module path in 'from' statement (got IDENTIFIER)
Error at line 28, column 9: Expected import, struct, enum, union, extern, function, constant or shadow-test definition
Error at line 28, column 35: Expected import, struct, enum, union, extern, function, constant or shadow-test definition
Error at line 28, column 43: Expected import, struct, enum, union, extern, function, constant or shadow-test definition
Error at line 29, column 1: Expected 'import' after module path in 'from' statement (got IDENTIFIER)
Error at line 29, column 9: Expected import, struct, enum, union, extern, function, constant or shadow-test definition
Error at line 29, column 35: Expected import, struct, enum, union, extern, function, constant or shadow-test definition
Error at line 29, column 43: Expected import, struct, enum, union, extern, function, constant or shadow-test definition
Error at line 30, column 1: Expected 'import' after module path in 'from' statement (got IDENTIFIER)
Error at line 30, column 9: Expected import, struct, enum, union, extern, function, constant or shadow-test definition
Error at line 30, column 35: Expected import, struct, enum, union, extern, function, constant or shadow-test definition
Error at line 30, column 43: Expected import, struct, enum, union, extern, function, constant or shadow-test definition
Error at line 31, column 1: Expected 'import' after module path in 'from' statement (got IDENTIFIER)
Error at line 31, column 9: Expected import, struct, enum, union, extern, function, constant or shadow-test definition
Error at line 31, column 35: Expected import, struct, enum, union, extern, function, constant or shadow-test definition
Error at line 31, column 43: Expected import, struct, enum, union, extern, function, constant or shadow-test definition
... stopping after 20 errors
I cannot retain this complete counted service declaration.
Error at line 27, column 9: Expected import, struct, enum, union, extern, function, constant or shadow-test definition
Error at line 27, column 35: Expected import, struct, enum, union, extern, function, constant or shadow-test definition
Error at line 27, column 43: Expected import, struct, enum, union, extern, function, constant or shadow-test definition
Error at line 28, column 1: Expected 'import' after module path in 'from' statement (got IDENTIFIER)
Error at line 28, column 9: Expected import, struct, enum, union, extern, function, constant or shadow-test definition
Error at line 28, column 35: Expected import, struct, enum, union, extern, function, constant or shadow-test definition
Error at line 28, column 43: Expected import, struct, enum, union, extern, function, constant or shadow-test definition
Error at line 29, column 1: Expected 'import' after module path in 'from' statement (got IDENTIFIER)
Error at line 29, column 9: Expected import, struct, enum, union, extern, function, constant or shadow-test definition
Error at line 29, column 35: Expected import, struct, enum, union, extern, function, constant or shadow-test definition
Error at line 29, column 43: Expected import, struct, enum, union, extern, function, constant or shadow-test definition
Error at line 30, column 1: Expected 'import' after module path in 'from' statement (got IDENTIFIER)
Error at line 30, column 9: Expected import, struct, enum, union, extern, function, constant or shadow-test definition
Error at line 30, column 35: Expected import, struct, enum, union, extern, function, constant or shadow-test definition
Error at line 30, column 43: Expected import, struct, enum, union, extern, function, constant or shadow-test definition
Error at line 31, column 1: Expected 'import' after module path in 'from' statement (got IDENTIFIER)
Error at line 31, column 9: Expected import, struct, enum, union, extern, function, constant or shadow-test definition
Error at line 31, column 35: Expected import, struct, enum, union, extern, function, constant or shadow-test definition
Error at line 31, column 43: Expected import, struct, enum, union, extern, function, constant or shadow-test definition
... stopping after 20 errors
I cannot retain this complete counted service declaration.
Error at line 27, column 9: Expected import, struct, enum, union, extern, function, constant or shadow-test definition
Error at line 27, column 35: Expected import, struct, enum, union, extern, function, constant or shadow-test definition
Error at line 27, column 43: Expected import, struct, enum, union, extern, function, constant or shadow-test definition
Error at line 28, column 1: Expected 'import' after module path in 'from' statement (got IDENTIFIER)
Error at line 28, column 9: Expected import, struct, enum, union, extern, function, constant or shadow-test definition
Error at line 28, column 35: Expected import, struct, enum, union, extern, function, constant or shadow-test definition
Error at line 28, column 43: Expected import, struct, enum, union, extern, function, constant or shadow-test definition
Error at line 29, column 1: Expected 'import' after module path in 'from' statement (got IDENTIFIER)
Error at line 29, column 9: Expected import, struct, enum, union, extern, function, constant or shadow-test definition
Error at line 29, column 35: Expected import, struct, enum, union, extern, function, constant or shadow-test definition
Error at line 29, column 43: Expected import, struct, enum, union, extern, function, constant or shadow-test definition
Error at line 30, column 1: Expected 'import' after module path in 'from' statement (got IDENTIFIER)
Error at line 30, column 9: Expected import, struct, enum, union, extern, function, constant or shadow-test definition
Error at line 30, column 35: Expected import, struct, enum, union, extern, function, constant or shadow-test definition
Error at line 30, column 43: Expected import, struct, enum, union, extern, function, constant or shadow-test definition
Error at line 31, column 1: Expected 'import' after module path in 'from' statement (got IDENTIFIER)
Error at line 31, column 9: Expected import, struct, enum, union, extern, function, constant or shadow-test definition
Error at line 31, column 35: Expected import, struct, enum, union, extern, function, constant or shadow-test definition
Error at line 31, column 43: Expected import, struct, enum, union, extern, function, constant or shadow-test definition
... stopping after 20 errors
I cannot retain this complete counted service declaration.
Error at line 28, column 9: Expected import, struct, enum, union, extern, function, constant or shadow-test definition
Error at line 28, column 35: Expected import, struct, enum, union, extern, function, constant or shadow-test definition
Error at line 28, column 43: Expected import, struct, enum, union, extern, function, constant or shadow-test definition
Error at line 29, column 1: Expected 'import' after module path in 'from' statement (got IDENTIFIER)
Error at line 29, column 9: Expected import, struct, enum, union, extern, function, constant or shadow-test definition
Error at line 29, column 35: Expected import, struct, enum, union, extern, function, constant or shadow-test definition
Error at line 29, column 43: Expected import, struct, enum, union, extern, function, constant or shadow-test definition
Error at line 30, column 1: Expected 'import' after module path in 'from' statement (got IDENTIFIER)
Error at line 30, column 9: Expected import, struct, enum, union, extern, function, constant or shadow-test definition
Error at line 30, column 35: Expected import, struct, enum, union, extern, function, constant or shadow-test definition
Error at line 30, column 43: Expected import, struct, enum, union, extern, function, constant or shadow-test definition
Error at line 31, column 1: Expected 'import' after module path in 'from' statement (got IDENTIFIER)
Error at line 31, column 9: Expected import, struct, enum, union, extern, function, constant or shadow-test definition
Error at line 31, column 35: Expected import, struct, enum, union, extern, function, constant or shadow-test definition
Error at line 31, column 43: Expected import, struct, enum, union, extern, function, constant or shadow-test definition
Error at line 32, column 1: Expected 'import' after module path in 'from' statement (got IDENTIFIER)
Error at line 32, column 9: Expected import, struct, enum, union, extern, function, constant or shadow-test definition
Error at line 32, column 35: Expected import, struct, enum, union, extern, function, constant or shadow-test definition
Error at line 32, column 43: Expected import, struct, enum, union, extern, function, constant or shadow-test definition
... stopping after 20 errors
I cannot retain this complete counted service declaration.
Error at line 28, column 9: Expected import, struct, enum, union, extern, function, constant or shadow-test definition
Error at line 28, column 35: Expected import, struct, enum, union, extern, function, constant or shadow-test definition
Error at line 28, column 43: Expected import, struct, enum, union, extern, function, constant or shadow-test definition
Error at line 29, column 1: Expected 'import' after module path in 'from' statement (got IDENTIFIER)
Error at line 29, column 9: Expected import, struct, enum, union, extern, function, constant or shadow-test definition
Error at line 29, column 35: Expected import, struct, enum, union, extern, function, constant or shadow-test definition
Error at line 29, column 43: Expected import, struct, enum, union, extern, function, constant or shadow-test definition
Error at line 30, column 1: Expected 'import' after module path in 'from' statement (got IDENTIFIER)
Error at line 30, column 9: Expected import, struct, enum, union, extern, function, constant or shadow-test definition
Error at line 30, column 35: Expected import, struct, enum, union, extern, function, constant or shadow-test definition
Error at line 30, column 43: Expected import, struct, enum, union, extern, function, constant or shadow-test definition
Error at line 31, column 1: Expected 'import' after module path in 'from' statement (got IDENTIFIER)
Error at line 31, column 9: Expected import, struct, enum, union, extern, function, constant or shadow-test definition
Error at line 31, column 35: Expected import, struct, enum, union, extern, function, constant or shadow-test definition
Error at line 31, column 43: Expected import, struct, enum, union, extern, function, constant or shadow-test definition
Error at line 32, column 1: Expected 'import' after module path in 'from' statement (got IDENTIFIER)
Error at line 32, column 9: Expected import, struct, enum, union, extern, function, constant or shadow-test definition
Error at line 32, column 35: Expected import, struct, enum, union, extern, function, constant or shadow-test definition
Error at line 32, column 43: Expected import, struct, enum, union, extern, function, constant or shadow-test definition
... stopping after 20 errors
I cannot retain this complete counted service declaration.
Error at line 28, column 9: Expected import, struct, enum, union, extern, function, constant or shadow-test definition
Error at line 28, column 35: Expected import, struct, enum, union, extern, function, constant or shadow-test definition
Error at line 28, column 43: Expected import, struct, enum, union, extern, function, constant or shadow-test definition
Error at line 29, column 1: Expected 'import' after module path in 'from' statement (got IDENTIFIER)
Error at line 29, column 9: Expected import, struct, enum, union, extern, function, constant or shadow-test definition
Error at line 29, column 35: Expected import, struct, enum, union, extern, function, constant or shadow-test definition
Error at line 29, column 43: Expected import, struct, enum, union, extern, function, constant or shadow-test definition
Error at line 30, column 1: Expected 'import' after module path in 'from' statement (got IDENTIFIER)
Error at line 30, column 9: Expected import, struct, enum, union, extern, function, constant or shadow-test definition
Error at line 30, column 35: Expected import, struct, enum, union, extern, function, constant or shadow-test definition
Error at line 30, column 43: Expected import, struct, enum, union, extern, function, constant or shadow-test definition
Error at line 31, column 1: Expected 'import' after module path in 'from' statement (got IDENTIFIER)
Error at line 31, column 9: Expected import, struct, enum, union, extern, function, constant or shadow-test definition
Error at line 31, column 35: Expected import, struct, enum, union, extern, function, constant or shadow-test definition
Error at line 31, column 43: Expected import, struct, enum, union, extern, function, constant or shadow-test definition
Error at line 32, column 1: Expected 'import' after module path in 'from' statement (got IDENTIFIER)
Error at line 32, column 9: Expected import, struct, enum, union, extern, function, constant or shadow-test definition
Error at line 32, column 35: Expected import, struct, enum, union, extern, function, constant or shadow-test definition
Error at line 32, column 43: Expected import, struct, enum, union, extern, function, constant or shadow-test definition
... stopping after 20 errors
I cannot retain this complete counted service declaration.
Error at line 29, column 9: Expected import, struct, enum, union, extern, function, constant or shadow-test definition
Error at line 29, column 35: Expected import, struct, enum, union, extern, function, constant or shadow-test definition
Error at line 29, column 43: Expected import, struct, enum, union, extern, function, constant or shadow-test definition
Error at line 30, column 1: Expected 'import' after module path in 'from' statement (got IDENTIFIER)
Error at line 30, column 9: Expected import, struct, enum, union, extern, function, constant or shadow-test definition
Error at line 30, column 35: Expected import, struct, enum, union, extern, function, constant or shadow-test definition
Error at line 30, column 43: Expected import, struct, enum, union, extern, function, constant or shadow-test definition
Error at line 31, column 1: Expected 'import' after module path in 'from' statement (got IDENTIFIER)
Error at line 31, column 9: Expected import, struct, enum, union, extern, function, constant or shadow-test definition
Error at line 31, column 35: Expected import, struct, enum, union, extern, function, constant or shadow-test definition
Error at line 31, column 43: Expected import, struct, enum, union, extern, function, constant or shadow-test definition
Error at line 32, column 1: Expected 'import' after module path in 'from' statement (got IDENTIFIER)
Error at line 32, column 9: Expected import, struct, enum, union, extern, function, constant or shadow-test definition
Error at line 32, column 35: Expected import, struct, enum, union, extern, function, constant or shadow-test definition
Error at line 32, column 43: Expected import, struct, enum, union, extern, function, constant or shadow-test definition
Error at line 33, column 1: Expected 'import' after module path in 'from' statement (got IDENTIFIER)
Error at line 33, column 9: Expected import, struct, enum, union, extern, function, constant or shadow-test definition
Error at line 33, column 35: Expected import, struct, enum, union, extern, function, constant or shadow-test definition
Error at line 33, column 43: Expected import, struct, enum, union, extern, function, constant or shadow-test definition
... stopping after 20 errors
I cannot retain this complete counted service declaration.
Error at line 29, column 9: Expected import, struct, enum, union, extern, function, constant or shadow-test definition
Error at line 29, column 35: Expected import, struct, enum, union, extern, function, constant or shadow-test definition
Error at line 29, column 43: Expected import, struct, enum, union, extern, function, constant or shadow-test definition
Error at line 30, column 1: Expected 'import' after module path in 'from' statement (got IDENTIFIER)
Error at line 30, column 9: Expected import, struct, enum, union, extern, function, constant or shadow-test definition
Error at line 30, column 35: Expected import, struct, enum, union, extern, function, constant or shadow-test definition
Error at line 30, column 43: Expected import, struct, enum, union, extern, function, constant or shadow-test definition
Error at line 31, column 1: Expected 'import' after module path in 'from' statement (got IDENTIFIER)
Error at line 31, column 9: Expected import, struct, enum, union, extern, function, constant or shadow-test definition
Error at line 31, column 35: Expected import, struct, enum, union, extern, function, constant or shadow-test definition
Error at line 31, column 43: Expected import, struct, enum, union, extern, function, constant or shadow-test definition
Error at line 32, column 1: Expected 'import' after module path in 'from' statement (got IDENTIFIER)
Error at line 32, column 9: Expected import, struct, enum, union, extern, function, constant or shadow-test definition
Error at line 32, column 35: Expected import, struct, enum, union, extern, function, constant or shadow-test definition
Error at line 32, column 43: Expected import, struct, enum, union, extern, function, constant or shadow-test definition
Error at line 33, column 1: Expected 'import' after module path in 'from' statement (got IDENTIFIER)
Error at line 33, column 9: Expected import, struct, enum, union, extern, function, constant or shadow-test definition
Error at line 33, column 35: Expected import, struct, enum, union, extern, function, constant or shadow-test definition
Error at line 33, column 43: Expected import, struct, enum, union, extern, function, constant or shadow-test definition
... stopping after 20 errors
I cannot retain this complete counted service declaration.
Error at line 29, column 9: Expected import, struct, enum, union, extern, function, constant or shadow-test definition
Error at line 29, column 35: Expected import, struct, enum, union, extern, function, constant or shadow-test definition
Error at line 29, column 43: Expected import, struct, enum, union, extern, function, constant or shadow-test definition
Error at line 30, column 1: Expected 'import' after module path in 'from' statement (got IDENTIFIER)
Error at line 30, column 9: Expected import, struct, enum, union, extern, function, constant or shadow-test definition
Error at line 30, column 35: Expected import, struct, enum, union, extern, function, constant or shadow-test definition
Error at line 30, column 43: Expected import, struct, enum, union, extern, function, constant or shadow-test definition
Error at line 31, column 1: Expected 'import' after module path in 'from' statement (got IDENTIFIER)
Error at line 31, column 9: Expected import, struct, enum, union, extern, function, constant or shadow-test definition
Error at line 31, column 35: Expected import, struct, enum, union, extern, function, constant or shadow-test definition
Error at line 31, column 43: Expected import, struct, enum, union, extern, function, constant or shadow-test definition
Error at line 32, column 1: Expected 'import' after module path in 'from' statement (got IDENTIFIER)
Error at line 32, column 9: Expected import, struct, enum, union, extern, function, constant or shadow-test definition
Error at line 32, column 35: Expected import, struct, enum, union, extern, function, constant or shadow-test definition
Error at line 32, column 43: Expected import, struct, enum, union, extern, function, constant or shadow-test definition
Error at line 33, column 1: Expected 'import' after module path in 'from' statement (got IDENTIFIER)
Error at line 33, column 9: Expected import, struct, enum, union, extern, function, constant or shadow-test definition
Error at line 33, column 35: Expected import, struct, enum, union, extern, function, constant or shadow-test definition
Error at line 33, column 43: Expected import, struct, enum, union, extern, function, constant or shadow-test definition
... stopping after 20 errors
I cannot retain this complete counted service declaration.
Error at line 30, column 9: Expected import, struct, enum, union, extern, function, constant or shadow-test definition
Error at line 30, column 35: Expected import, struct, enum, union, extern, function, constant or shadow-test definition
Error at line 30, column 43: Expected import, struct, enum, union, extern, function, constant or shadow-test definition
Error at line 31, column 1: Expected 'import' after module path in 'from' statement (got IDENTIFIER)
Error at line 31, column 9: Expected import, struct, enum, union, extern, function, constant or shadow-test definition
Error at line 31, column 35: Expected import, struct, enum, union, extern, function, constant or shadow-test definition
Error at line 31, column 43: Expected import, struct, enum, union, extern, function, constant or shadow-test definition
Error at line 32, column 1: Expected 'import' after module path in 'from' statement (got IDENTIFIER)
Error at line 32, column 9: Expected import, struct, enum, union, extern, function, constant or shadow-test definition
Error at line 32, column 35: Expected import, struct, enum, union, extern, function, constant or shadow-test definition
Error at line 32, column 43: Expected import, struct, enum, union, extern, function, constant or shadow-test definition
Error at line 33, column 1: Expected 'import' after module path in 'from' statement (got IDENTIFIER)
Error at line 33, column 9: Expected import, struct, enum, union, extern, function, constant or shadow-test definition
Error at line 33, column 35: Expected import, struct, enum, union, extern, function, constant or shadow-test definition
Error at line 33, column 43: Expected import, struct, enum, union, extern, function, constant or shadow-test definition
Error at line 34, column 1: Expected 'import' after module path in 'from' statement (got EOF)
I cannot retain this complete counted service declaration.
Error at line 30, column 9: Expected import, struct, enum, union, extern, function, constant or shadow-test definition
Error at line 30, column 35: Expected import, struct, enum, union, extern, function, constant or shadow-test definition
Error at line 30, column 43: Expected import, struct, enum, union, extern, function, constant or shadow-test definition
Error at line 31, column 1: Expected 'import' after module path in 'from' statement (got IDENTIFIER)
Error at line 31, column 9: Expected import, struct, enum, union, extern, function, constant or shadow-test definition
Error at line 31, column 35: Expected import, struct, enum, union, extern, function, constant or shadow-test definition
Error at line 31, column 43: Expected import, struct, enum, union, extern, function, constant or shadow-test definition
Error at line 32, column 1: Expected 'import' after module path in 'from' statement (got IDENTIFIER)
Error at line 32, column 9: Expected import, struct, enum, union, extern, function, constant or shadow-test definition
Error at line 32, column 35: Expected import, struct, enum, union, extern, function, constant or shadow-test definition
Error at line 32, column 43: Expected import, struct, enum, union, extern, function, constant or shadow-test definition
Error at line 33, column 1: Expected 'import' after module path in 'from' statement (got IDENTIFIER)
Error at line 33, column 9: Expected import, struct, enum, union, extern, function, constant or shadow-test definition
Error at line 33, column 35: Expected import, struct, enum, union, extern, function, constant or shadow-test definition
Error at line 33, column 43: Expected import, struct, enum, union, extern, function, constant or shadow-test definition
Error at line 34, column 1: Expected 'import' after module path in 'from' statement (got EOF)
I cannot retain this complete counted service declaration.
Error at line 30, column 9: Expected import, struct, enum, union, extern, function, constant or shadow-test definition
Error at line 30, column 35: Expected import, struct, enum, union, extern, function, constant or shadow-test definition
Error at line 30, column 43: Expected import, struct, enum, union, extern, function, constant or shadow-test definition
Error at line 31, column 1: Expected 'import' after module path in 'from' statement (got IDENTIFIER)
Error at line 31, column 9: Expected import, struct, enum, union, extern, function, constant or shadow-test definition
Error at line 31, column 35: Expected import, struct, enum, union, extern, function, constant or shadow-test definition
Error at line 31, column 43: Expected import, struct, enum, union, extern, function, constant or shadow-test definition
Error at line 32, column 1: Expected 'import' after module path in 'from' statement (got IDENTIFIER)
Error at line 32, column 9: Expected import, struct, enum, union, extern, function, constant or shadow-test definition
Error at line 32, column 35: Expected import, struct, enum, union, extern, function, constant or shadow-test definition
Error at line 32, column 43: Expected import, struct, enum, union, extern, function, constant or shadow-test definition
Error at line 33, column 1: Expected 'import' after module path in 'from' statement (got IDENTIFIER)
Error at line 33, column 9: Expected import, struct, enum, union, extern, function, constant or shadow-test definition
Error at line 33, column 35: Expected import, struct, enum, union, extern, function, constant or shadow-test definition
Error at line 33, column 43: Expected import, struct, enum, union, extern, function, constant or shadow-test definition
Error at line 34, column 1: Expected 'import' after module path in 'from' statement (got EOF)
I cannot retain this complete counted service declaration.
Error at line 31, column 9: Expected import, struct, enum, union, extern, function, constant or shadow-test definition
Error at line 31, column 35: Expected import, struct, enum, union, extern, function, constant or shadow-test definition
Error at line 31, column 43: Expected import, struct, enum, union, extern, function, constant or shadow-test definition
Error at line 32, column 1: Expected 'import' after module path in 'from' statement (got IDENTIFIER)
Error at line 32, column 9: Expected import, struct, enum, union, extern, function, constant or shadow-test definition
Error at line 32, column 35: Expected import, struct, enum, union, extern, function, constant or shadow-test definition
Error at line 32, column 43: Expected import, struct, enum, union, extern, function, constant or shadow-test definition
Error at line 33, column 1: Expected 'import' after module path in 'from' statement (got IDENTIFIER)
Error at line 33, column 9: Expected import, struct, enum, union, extern, function, constant or shadow-test definition
Error at line 33, column 35: Expected import, struct, enum, union, extern, function, constant or shadow-test definition
Error at line 33, column 43: Expected import, struct, enum, union, extern, function, constant or shadow-test definition
Error at line 34, column 1: Expected 'import' after module path in 'from' statement (got EOF)
I cannot retain this complete counted service declaration.
Error at line 31, column 9: Expected import, struct, enum, union, extern, function, constant or shadow-test definition
Error at line 31, column 35: Expected import, struct, enum, union, extern, function, constant or shadow-test definition
Error at line 31, column 43: Expected import, struct, enum, union, extern, function, constant or shadow-test definition
Error at line 32, column 1: Expected 'import' after module path in 'from' statement (got IDENTIFIER)
Error at line 32, column 9: Expected import, struct, enum, union, extern, function, constant or shadow-test definition
Error at line 32, column 35: Expected import, struct, enum, union, extern, function, constant or shadow-test definition
Error at line 32, column 43: Expected import, struct, enum, union, extern, function, constant or shadow-test definition
Error at line 33, column 1: Expected 'import' after module path in 'from' statement (got IDENTIFIER)
Error at line 33, column 9: Expected import, struct, enum, union, extern, function, constant or shadow-test definition
Error at line 33, column 35: Expected import, struct, enum, union, extern, function, constant or shadow-test definition
Error at line 33, column 43: Expected import, struct, enum, union, extern, function, constant or shadow-test definition
Error at line 34, column 1: Expected 'import' after module path in 'from' statement (got EOF)
I cannot retain this complete counted service declaration.
Error at line 31, column 9: Expected import, struct, enum, union, extern, function, constant or shadow-test definition
Error at line 31, column 35: Expected import, struct, enum, union, extern, function, constant or shadow-test definition
Error at line 31, column 43: Expected import, struct, enum, union, extern, function, constant or shadow-test definition
Error at line 32, column 1: Expected 'import' after module path in 'from' statement (got IDENTIFIER)
Error at line 32, column 9: Expected import, struct, enum, union, extern, function, constant or shadow-test definition
Error at line 32, column 35: Expected import, struct, enum, union, extern, function, constant or shadow-test definition
Error at line 32, column 43: Expected import, struct, enum, union, extern, function, constant or shadow-test definition
Error at line 33, column 1: Expected 'import' after module path in 'from' statement (got IDENTIFIER)
Error at line 33, column 9: Expected import, struct, enum, union, extern, function, constant or shadow-test definition
Error at line 33, column 35: Expected import, struct, enum, union, extern, function, constant or shadow-test definition
Error at line 33, column 43: Expected import, struct, enum, union, extern, function, constant or shadow-test definition
Error at line 34, column 1: Expected 'import' after module path in 'from' statement (got EOF)
I cannot retain this complete counted service declaration.
Error at line 32, column 9: Expected import, struct, enum, union, extern, function, constant or shadow-test definition
Error at line 32, column 35: Expected import, struct, enum, union, extern, function, constant or shadow-test definition
Error at line 32, column 43: Expected import, struct, enum, union, extern, function, constant or shadow-test definition
Error at line 33, column 1: Expected 'import' after module path in 'from' statement (got IDENTIFIER)
Error at line 33, column 9: Expected import, struct, enum, union, extern, function, constant or shadow-test definition
Error at line 33, column 35: Expected import, struct, enum, union, extern, function, constant or shadow-test definition
Error at line 33, column 43: Expected import, struct, enum, union, extern, function, constant or shadow-test definition
Error at line 34, column 1: Expected 'import' after module path in 'from' statement (got EOF)
I cannot retain this complete counted service declaration.
Error at line 32, column 9: Expected import, struct, enum, union, extern, function, constant or shadow-test definition
Error at line 32, column 35: Expected import, struct, enum, union, extern, function, constant or shadow-test definition
Error at line 32, column 43: Expected import, struct, enum, union, extern, function, constant or shadow-test definition
Error at line 33, column 1: Expected 'import' after module path in 'from' statement (got IDENTIFIER)
Error at line 33, column 9: Expected import, struct, enum, union, extern, function, constant or shadow-test definition
Error at line 33, column 35: Expected import, struct, enum, union, extern, function, constant or shadow-test definition
Error at line 33, column 43: Expected import, struct, enum, union, extern, function, constant or shadow-test definition
Error at line 34, column 1: Expected 'import' after module path in 'from' statement (got EOF)
I cannot retain this complete counted service declaration.
Error at line 32, column 9: Expected import, struct, enum, union, extern, function, constant or shadow-test definition
Error at line 32, column 35: Expected import, struct, enum, union, extern, function, constant or shadow-test definition
Error at line 32, column 43: Expected import, struct, enum, union, extern, function, constant or shadow-test definition
Error at line 33, column 1: Expected 'import' after module path in 'from' statement (got IDENTIFIER)
Error at line 33, column 9: Expected import, struct, enum, union, extern, function, constant or shadow-test definition
Error at line 33, column 35: Expected import, struct, enum, union, extern, function, constant or shadow-test definition
Error at line 33, column 43: Expected import, struct, enum, union, extern, function, constant or shadow-test definition
Error at line 34, column 1: Expected 'import' after module path in 'from' statement (got EOF)
I cannot allocate this program declaration table.
I cannot retain this complete counted service declaration.
Error at line 33, column 9: Expected import, struct, enum, union, extern, function, constant or shadow-test definition
Error at line 33, column 35: Expected import, struct, enum, union, extern, function, constant or shadow-test definition
Error at line 33, column 43: Expected import, struct, enum, union, extern, function, constant or shadow-test definition
Error at line 34, column 1: Expected 'import' after module path in 'from' statement (got EOF)
I cannot retain this complete counted service declaration.
Error at line 33, column 9: Expected import, struct, enum, union, extern, function, constant or shadow-test definition
Error at line 33, column 35: Expected import, struct, enum, union, extern, function, constant or shadow-test definition
Error at line 33, column 43: Expected import, struct, enum, union, extern, function, constant or shadow-test definition
Error at line 34, column 1: Expected 'import' after module path in 'from' statement (got EOF)
I cannot retain this complete counted service declaration.
Error at line 33, column 9: Expected import, struct, enum, union, extern, function, constant or shadow-test definition
Error at line 33, column 35: Expected import, struct, enum, union, extern, function, constant or shadow-test definition
Error at line 33, column 43: Expected import, struct, enum, union, extern, function, constant or shadow-test definition
Error at line 34, column 1: Expected 'import' after module path in 'from' statement (got EOF)
I cannot retain this complete counted service declaration.
Error at line 1, column 9: Expected import, struct, enum, union, extern, function, constant or shadow-test definition
Error at line 1, column 35: Expected import, struct, enum, union, extern, function, constant or shadow-test definition
Error at line 1, column 43: Expected import, struct, enum, union, extern, function, constant or shadow-test definition
I cannot allocate this module path.
I cannot retain this complete counted service declaration.
Error at line 2, column 9: Expected import, struct, enum, union, extern, function, constant or shadow-test definition
Error at line 2, column 35: Expected import, struct, enum, union, extern, function, constant or shadow-test definition
Error at line 2, column 43: Expected import, struct, enum, union, extern, function, constant or shadow-test definition
I cannot allocate this module path.
I cannot retain this complete counted service declaration.
Error at line 3, column 9: Expected import, struct, enum, union, extern, function, constant or shadow-test definition
Error at line 3, column 35: Expected import, struct, enum, union, extern, function, constant or shadow-test definition
Error at line 3, column 43: Expected import, struct, enum, union, extern, function, constant or shadow-test definition
I cannot allocate this module path.
I cannot retain this complete counted service declaration.
Error at line 4, column 9: Expected import, struct, enum, union, extern, function, constant or shadow-test definition
Error at line 4, column 35: Expected import, struct, enum, union, extern, function, constant or shadow-test definition
Error at line 4, column 43: Expected import, struct, enum, union, extern, function, constant or shadow-test definition
I cannot allocate this module path.
... stopping after 20 errors
I cannot retain this complete counted service declaration.
Error at line 1, column 9: Expected import, struct, enum, union, extern, function, constant or shadow-test definition
Error at line 1, column 35: Expected import, struct, enum, union, extern, function, constant or shadow-test definition
Error at line 1, column 43: Expected import, struct, enum, union, extern, function, constant or shadow-test definition
I cannot allocate this module path.
I cannot retain this complete counted service declaration.
Error at line 2, column 9: Expected import, struct, enum, union, extern, function, constant or shadow-test definition
Error at line 2, column 35: Expected import, struct, enum, union, extern, function, constant or shadow-test definition
Error at line 2, column 43: Expected import, struct, enum, union, extern, function, constant or shadow-test definition
I cannot allocate this module path.
I cannot retain this complete counted service declaration.
Error at line 3, column 9: Expected import, struct, enum, union, extern, function, constant or shadow-test definition
Error at line 3, column 35: Expected import, struct, enum, union, extern, function, constant or shadow-test definition
Error at line 3, column 43: Expected import, struct, enum, union, extern, function, constant or shadow-test definition
I cannot allocate this module path.
I cannot retain this complete counted service declaration.
Error at line 4, column 9: Expected import, struct, enum, union, extern, function, constant or shadow-test definition
Error at line 4, column 35: Expected import, struct, enum, union, extern, function, constant or shadow-test definition
Error at line 4, column 43: Expected import, struct, enum, union, extern, function, constant or shadow-test definition
I cannot allocate this module path.
... stopping after 20 errors
I cannot retain this complete counted service declaration.
Error at line 1, column 9: Expected import, struct, enum, union, extern, function, constant or shadow-test definition
Error at line 1, column 35: Expected import, struct, enum, union, extern, function, constant or shadow-test definition
Error at line 1, column 43: Expected import, struct, enum, union, extern, function, constant or shadow-test definition
I cannot allocate this module path.
I cannot retain this complete counted service declaration.
Error at line 2, column 9: Expected import, struct, enum, union, extern, function, constant or shadow-test definition
Error at line 2, column 35: Expected import, struct, enum, union, extern, function, constant or shadow-test definition
Error at line 2, column 43: Expected import, struct, enum, union, extern, function, constant or shadow-test definition
I cannot allocate this module path.
I cannot retain this complete counted service declaration.
Error at line 3, column 9: Expected import, struct, enum, union, extern, function, constant or shadow-test definition
Error at line 3, column 35: Expected import, struct, enum, union, extern, function, constant or shadow-test definition
Error at line 3, column 43: Expected import, struct, enum, union, extern, function, constant or shadow-test definition
I cannot allocate this module path.
I cannot retain this complete counted service declaration.
Error at line 4, column 9: Expected import, struct, enum, union, extern, function, constant or shadow-test definition
Error at line 4, column 35: Expected import, struct, enum, union, extern, function, constant or shadow-test definition
Error at line 4, column 43: Expected import, struct, enum, union, extern, function, constant or shadow-test definition
I cannot allocate this module path.
... stopping after 20 errors
I cannot retain this complete counted service declaration.
Error at line 2, column 9: Expected import, struct, enum, union, extern, function, constant or shadow-test definition
Error at line 2, column 35: Expected import, struct, enum, union, extern, function, constant or shadow-test definition
Error at line 2, column 43: Expected import, struct, enum, union, extern, function, constant or shadow-test definition
I cannot allocate this module path.
I cannot retain this complete counted service declaration.
Error at line 3, column 9: Expected import, struct, enum, union, extern, function, constant or shadow-test definition
Error at line 3, column 35: Expected import, struct, enum, union, extern, function, constant or shadow-test definition
Error at line 3, column 43: Expected import, struct, enum, union, extern, function, constant or shadow-test definition
I cannot allocate this module path.
I cannot retain this complete counted service declaration.
Error at line 4, column 9: Expected import, struct, enum, union, extern, function, constant or shadow-test definition
Error at line 4, column 35: Expected import, struct, enum, union, extern, function, constant or shadow-test definition
Error at line 4, column 43: Expected import, struct, enum, union, extern, function, constant or shadow-test definition
I cannot allocate this module path.
I cannot retain this complete counted service declaration.
Error at line 5, column 9: Expected import, struct, enum, union, extern, function, constant or shadow-test definition
Error at line 5, column 35: Expected import, struct, enum, union, extern, function, constant or shadow-test definition
Error at line 5, column 43: Expected import, struct, enum, union, extern, function, constant or shadow-test definition
I cannot allocate this module path.
... stopping after 20 errors
I cannot retain this complete counted service declaration.
Error at line 2, column 9: Expected import, struct, enum, union, extern, function, constant or shadow-test definition
Error at line 2, column 35: Expected import, struct, enum, union, extern, function, constant or shadow-test definition
Error at line 2, column 43: Expected import, struct, enum, union, extern, function, constant or shadow-test definition
I cannot allocate this module path.
I cannot retain this complete counted service declaration.
Error at line 3, column 9: Expected import, struct, enum, union, extern, function, constant or shadow-test definition
Error at line 3, column 35: Expected import, struct, enum, union, extern, function, constant or shadow-test definition
Error at line 3, column 43: Expected import, struct, enum, union, extern, function, constant or shadow-test definition
I cannot allocate this module path.
I cannot retain this complete counted service declaration.
Error at line 4, column 9: Expected import, struct, enum, union, extern, function, constant or shadow-test definition
Error at line 4, column 35: Expected import, struct, enum, union, extern, function, constant or shadow-test definition
Error at line 4, column 43: Expected import, struct, enum, union, extern, function, constant or shadow-test definition
I cannot allocate this module path.
I cannot retain this complete counted service declaration.
Error at line 5, column 9: Expected import, struct, enum, union, extern, function, constant or shadow-test definition
Error at line 5, column 35: Expected import, struct, enum, union, extern, function, constant or shadow-test definition
Error at line 5, column 43: Expected import, struct, enum, union, extern, function, constant or shadow-test definition
I cannot allocate this module path.
... stopping after 20 errors
I cannot retain this complete counted service declaration.
Error at line 2, column 9: Expected import, struct, enum, union, extern, function, constant or shadow-test definition
Error at line 2, column 35: Expected import, struct, enum, union, extern, function, constant or shadow-test definition
Error at line 2, column 43: Expected import, struct, enum, union, extern, function, constant or shadow-test definition
I cannot allocate this module path.
I cannot retain this complete counted service declaration.
Error at line 3, column 9: Expected import, struct, enum, union, extern, function, constant or shadow-test definition
Error at line 3, column 35: Expected import, struct, enum, union, extern, function, constant or shadow-test definition
Error at line 3, column 43: Expected import, struct, enum, union, extern, function, constant or shadow-test definition
I cannot allocate this module path.
I cannot retain this complete counted service declaration.
Error at line 4, column 9: Expected import, struct, enum, union, extern, function, constant or shadow-test definition
Error at line 4, column 35: Expected import, struct, enum, union, extern, function, constant or shadow-test definition
Error at line 4, column 43: Expected import, struct, enum, union, extern, function, constant or shadow-test definition
I cannot allocate this module path.
I cannot retain this complete counted service declaration.
Error at line 5, column 9: Expected import, struct, enum, union, extern, function, constant or shadow-test definition
Error at line 5, column 35: Expected import, struct, enum, union, extern, function, constant or shadow-test definition
Error at line 5, column 43: Expected import, struct, enum, union, extern, function, constant or shadow-test definition
I cannot allocate this module path.
... stopping after 20 errors
I cannot retain this complete counted service declaration.
Error at line 3, column 9: Expected import, struct, enum, union, extern, function, constant or shadow-test definition
Error at line 3, column 35: Expected import, struct, enum, union, extern, function, constant or shadow-test definition
Error at line 3, column 43: Expected import, struct, enum, union, extern, function, constant or shadow-test definition
I cannot allocate this module path.
I cannot retain this complete counted service declaration.
Error at line 4, column 9: Expected import, struct, enum, union, extern, function, constant or shadow-test definition
Error at line 4, column 35: Expected import, struct, enum, union, extern, function, constant or shadow-test definition
Error at line 4, column 43: Expected import, struct, enum, union, extern, function, constant or shadow-test definition
I cannot allocate this module path.
I cannot retain this complete counted service declaration.
Error at line 5, column 9: Expected import, struct, enum, union, extern, function, constant or shadow-test definition
Error at line 5, column 35: Expected import, struct, enum, union, extern, function, constant or shadow-test definition
Error at line 5, column 43: Expected import, struct, enum, union, extern, function, constant or shadow-test definition
I cannot allocate this module path.
I cannot retain this complete counted service declaration.
Error at line 6, column 9: Expected import, struct, enum, union, extern, function, constant or shadow-test definition
Error at line 6, column 35: Expected import, struct, enum, union, extern, function, constant or shadow-test definition
Error at line 6, column 43: Expected import, struct, enum, union, extern, function, constant or shadow-test definition
I cannot allocate this module path.
... stopping after 20 errors
I cannot retain this complete counted service declaration.
Error at line 3, column 9: Expected import, struct, enum, union, extern, function, constant or shadow-test definition
Error at line 3, column 35: Expected import, struct, enum, union, extern, function, constant or shadow-test definition
Error at line 3, column 43: Expected import, struct, enum, union, extern, function, constant or shadow-test definition
I cannot allocate this module path.
I cannot retain this complete counted service declaration.
Error at line 4, column 9: Expected import, struct, enum, union, extern, function, constant or shadow-test definition
Error at line 4, column 35: Expected import, struct, enum, union, extern, function, constant or shadow-test definition
Error at line 4, column 43: Expected import, struct, enum, union, extern, function, constant or shadow-test definition
I cannot allocate this module path.
I cannot retain this complete counted service declaration.
Error at line 5, column 9: Expected import, struct, enum, union, extern, function, constant or shadow-test definition
Error at line 5, column 35: Expected import, struct, enum, union, extern, function, constant or shadow-test definition
Error at line 5, column 43: Expected import, struct, enum, union, extern, function, constant or shadow-test definition
I cannot allocate this module path.
I cannot retain this complete counted service declaration.
Error at line 6, column 9: Expected import, struct, enum, union, extern, function, constant or shadow-test definition
Error at line 6, column 35: Expected import, struct, enum, union, extern, function, constant or shadow-test definition
Error at line 6, column 43: Expected import, struct, enum, union, extern, function, constant or shadow-test definition
I cannot allocate this module path.
... stopping after 20 errors
I cannot retain this complete counted service declaration.
Error at line 3, column 9: Expected import, struct, enum, union, extern, function, constant or shadow-test definition
Error at line 3, column 35: Expected import, struct, enum, union, extern, function, constant or shadow-test definition
Error at line 3, column 43: Expected import, struct, enum, union, extern, function, constant or shadow-test definition
I cannot allocate this module path.
I cannot retain this complete counted service declaration.
Error at line 4, column 9: Expected import, struct, enum, union, extern, function, constant or shadow-test definition
Error at line 4, column 35: Expected import, struct, enum, union, extern, function, constant or shadow-test definition
Error at line 4, column 43: Expected import, struct, enum, union, extern, function, constant or shadow-test definition
I cannot allocate this module path.
I cannot retain this complete counted service declaration.
Error at line 5, column 9: Expected import, struct, enum, union, extern, function, constant or shadow-test definition
Error at line 5, column 35: Expected import, struct, enum, union, extern, function, constant or shadow-test definition
Error at line 5, column 43: Expected import, struct, enum, union, extern, function, constant or shadow-test definition
I cannot allocate this module path.
I cannot retain this complete counted service declaration.
Error at line 6, column 9: Expected import, struct, enum, union, extern, function, constant or shadow-test definition
Error at line 6, column 35: Expected import, struct, enum, union, extern, function, constant or shadow-test definition
Error at line 6, column 43: Expected import, struct, enum, union, extern, function, constant or shadow-test definition
I cannot allocate this module path.
... stopping after 20 errors
I cannot retain this complete counted service declaration.
Error at line 4, column 9: Expected import, struct, enum, union, extern, function, constant or shadow-test definition
Error at line 4, column 35: Expected import, struct, enum, union, extern, function, constant or shadow-test definition
Error at line 4, column 43: Expected import, struct, enum, union, extern, function, constant or shadow-test definition
I cannot allocate this module path.
I cannot retain this complete counted service declaration.
Error at line 5, column 9: Expected import, struct, enum, union, extern, function, constant or shadow-test definition
Error at line 5, column 35: Expected import, struct, enum, union, extern, function, constant or shadow-test definition
Error at line 5, column 43: Expected import, struct, enum, union, extern, function, constant or shadow-test definition
I cannot allocate this module path.
I cannot retain this complete counted service declaration.
Error at line 6, column 9: Expected import, struct, enum, union, extern, function, constant or shadow-test definition
Error at line 6, column 35: Expected import, struct, enum, union, extern, function, constant or shadow-test definition
Error at line 6, column 43: Expected import, struct, enum, union, extern, function, constant or shadow-test definition
I cannot allocate this module path.
I cannot retain this complete counted service declaration.
Error at line 7, column 9: Expected import, struct, enum, union, extern, function, constant or shadow-test definition
Error at line 7, column 35: Expected import, struct, enum, union, extern, function, constant or shadow-test definition
Error at line 7, column 43: Expected import, struct, enum, union, extern, function, constant or shadow-test definition
I cannot allocate this module path.
... stopping after 20 errors
I cannot retain this complete counted service declaration.
Error at line 4, column 9: Expected import, struct, enum, union, extern, function, constant or shadow-test definition
Error at line 4, column 35: Expected import, struct, enum, union, extern, function, constant or shadow-test definition
Error at line 4, column 43: Expected import, struct, enum, union, extern, function, constant or shadow-test definition
I cannot allocate this module path.
I cannot retain this complete counted service declaration.
Error at line 5, column 9: Expected import, struct, enum, union, extern, function, constant or shadow-test definition
Error at line 5, column 35: Expected import, struct, enum, union, extern, function, constant or shadow-test definition
Error at line 5, column 43: Expected import, struct, enum, union, extern, function, constant or shadow-test definition
I cannot allocate this module path.
I cannot retain this complete counted service declaration.
Error at line 6, column 9: Expected import, struct, enum, union, extern, function, constant or shadow-test definition
Error at line 6, column 35: Expected import, struct, enum, union, extern, function, constant or shadow-test definition
Error at line 6, column 43: Expected import, struct, enum, union, extern, function, constant or shadow-test definition
I cannot allocate this module path.
I cannot retain this complete counted service declaration.
Error at line 7, column 9: Expected import, struct, enum, union, extern, function, constant or shadow-test definition
Error at line 7, column 35: Expected import, struct, enum, union, extern, function, constant or shadow-test definition
Error at line 7, column 43: Expected import, struct, enum, union, extern, function, constant or shadow-test definition
I cannot allocate this module path.
... stopping after 20 errors
I cannot retain this complete counted service declaration.
Error at line 4, column 9: Expected import, struct, enum, union, extern, function, constant or shadow-test definition
Error at line 4, column 35: Expected import, struct, enum, union, extern, function, constant or shadow-test definition
Error at line 4, column 43: Expected import, struct, enum, union, extern, function, constant or shadow-test definition
I cannot allocate this module path.
I cannot retain this complete counted service declaration.
Error at line 5, column 9: Expected import, struct, enum, union, extern, function, constant or shadow-test definition
Error at line 5, column 35: Expected import, struct, enum, union, extern, function, constant or shadow-test definition
Error at line 5, column 43: Expected import, struct, enum, union, extern, function, constant or shadow-test definition
I cannot allocate this module path.
I cannot retain this complete counted service declaration.
Error at line 6, column 9: Expected import, struct, enum, union, extern, function, constant or shadow-test definition
Error at line 6, column 35: Expected import, struct, enum, union, extern, function, constant or shadow-test definition
Error at line 6, column 43: Expected import, struct, enum, union, extern, function, constant or shadow-test definition
I cannot allocate this module path.
I cannot retain this complete counted service declaration.
Error at line 7, column 9: Expected import, struct, enum, union, extern, function, constant or shadow-test definition
Error at line 7, column 35: Expected import, struct, enum, union, extern, function, constant or shadow-test definition
Error at line 7, column 43: Expected import, struct, enum, union, extern, function, constant or shadow-test definition
I cannot allocate this module path.
... stopping after 20 errors
I cannot retain this complete counted service declaration.
Error at line 5, column 9: Expected import, struct, enum, union, extern, function, constant or shadow-test definition
Error at line 5, column 35: Expected import, struct, enum, union, extern, function, constant or shadow-test definition
Error at line 5, column 43: Expected import, struct, enum, union, extern, function, constant or shadow-test definition
I cannot allocate this module path.
I cannot retain this complete counted service declaration.
Error at line 6, column 9: Expected import, struct, enum, union, extern, function, constant or shadow-test definition
Error at line 6, column 35: Expected import, struct, enum, union, extern, function, constant or shadow-test definition
Error at line 6, column 43: Expected import, struct, enum, union, extern, function, constant or shadow-test definition
I cannot allocate this module path.
I cannot retain this complete counted service declaration.
Error at line 7, column 9: Expected import, struct, enum, union, extern, function, constant or shadow-test definition
Error at line 7, column 35: Expected import, struct, enum, union, extern, function, constant or shadow-test definition
Error at line 7, column 43: Expected import, struct, enum, union, extern, function, constant or shadow-test definition
I cannot allocate this module path.
I cannot retain this complete counted service declaration.
Error at line 8, column 9: Expected import, struct, enum, union, extern, function, constant or shadow-test definition
Error at line 8, column 35: Expected import, struct, enum, union, extern, function, constant or shadow-test definition
Error at line 8, column 43: Expected import, struct, enum, union, extern, function, constant or shadow-test definition
I cannot allocate this module path.
... stopping after 20 errors
I cannot retain this complete counted service declaration.
Error at line 5, column 9: Expected import, struct, enum, union, extern, function, constant or shadow-test definition
Error at line 5, column 35: Expected import, struct, enum, union, extern, function, constant or shadow-test definition
Error at line 5, column 43: Expected import, struct, enum, union, extern, function, constant or shadow-test definition
I cannot allocate this module path.
I cannot retain this complete counted service declaration.
Error at line 6, column 9: Expected import, struct, enum, union, extern, function, constant or shadow-test definition
Error at line 6, column 35: Expected import, struct, enum, union, extern, function, constant or shadow-test definition
Error at line 6, column 43: Expected import, struct, enum, union, extern, function, constant or shadow-test definition
I cannot allocate this module path.
I cannot retain this complete counted service declaration.
Error at line 7, column 9: Expected import, struct, enum, union, extern, function, constant or shadow-test definition
Error at line 7, column 35: Expected import, struct, enum, union, extern, function, constant or shadow-test definition
Error at line 7, column 43: Expected import, struct, enum, union, extern, function, constant or shadow-test definition
I cannot allocate this module path.
I cannot retain this complete counted service declaration.
Error at line 8, column 9: Expected import, struct, enum, union, extern, function, constant or shadow-test definition
Error at line 8, column 35: Expected import, struct, enum, union, extern, function, constant or shadow-test definition
Error at line 8, column 43: Expected import, struct, enum, union, extern, function, constant or shadow-test definition
I cannot allocate this module path.
... stopping after 20 errors
I cannot retain this complete counted service declaration.
Error at line 5, column 9: Expected import, struct, enum, union, extern, function, constant or shadow-test definition
Error at line 5, column 35: Expected import, struct, enum, union, extern, function, constant or shadow-test definition
Error at line 5, column 43: Expected import, struct, enum, union, extern, function, constant or shadow-test definition
I cannot allocate this module path.
I cannot retain this complete counted service declaration.
Error at line 6, column 9: Expected import, struct, enum, union, extern, function, constant or shadow-test definition
Error at line 6, column 35: Expected import, struct, enum, union, extern, function, constant or shadow-test definition
Error at line 6, column 43: Expected import, struct, enum, union, extern, function, constant or shadow-test definition
I cannot allocate this module path.
I cannot retain this complete counted service declaration.
Error at line 7, column 9: Expected import, struct, enum, union, extern, function, constant or shadow-test definition
Error at line 7, column 35: Expected import, struct, enum, union, extern, function, constant or shadow-test definition
Error at line 7, column 43: Expected import, struct, enum, union, extern, function, constant or shadow-test definition
I cannot allocate this module path.
I cannot retain this complete counted service declaration.
Error at line 8, column 9: Expected import, struct, enum, union, extern, function, constant or shadow-test definition
Error at line 8, column 35: Expected import, struct, enum, union, extern, function, constant or shadow-test definition
Error at line 8, column 43: Expected import, struct, enum, union, extern, function, constant or shadow-test definition
I cannot allocate this module path.
... stopping after 20 errors
I cannot retain this complete counted service declaration.
Error at line 6, column 9: Expected import, struct, enum, union, extern, function, constant or shadow-test definition
Error at line 6, column 35: Expected import, struct, enum, union, extern, function, constant or shadow-test definition
Error at line 6, column 43: Expected import, struct, enum, union, extern, function, constant or shadow-test definition
I cannot allocate this module path.
I cannot retain this complete counted service declaration.
Error at line 7, column 9: Expected import, struct, enum, union, extern, function, constant or shadow-test definition
Error at line 7, column 35: Expected import, struct, enum, union, extern, function, constant or shadow-test definition
Error at line 7, column 43: Expected import, struct, enum, union, extern, function, constant or shadow-test definition
I cannot allocate this module path.
I cannot retain this complete counted service declaration.
Error at line 8, column 9: Expected import, struct, enum, union, extern, function, constant or shadow-test definition
Error at line 8, column 35: Expected import, struct, enum, union, extern, function, constant or shadow-test definition
Error at line 8, column 43: Expected import, struct, enum, union, extern, function, constant or shadow-test definition
I cannot allocate this module path.
I cannot retain this complete counted service declaration.
Error at line 9, column 9: Expected import, struct, enum, union, extern, function, constant or shadow-test definition
Error at line 9, column 35: Expected import, struct, enum, union, extern, function, constant or shadow-test definition
Error at line 9, column 43: Expected import, struct, enum, union, extern, function, constant or shadow-test definition
I cannot allocate this module path.
... stopping after 20 errors
I cannot retain this complete counted service declaration.
Error at line 6, column 9: Expected import, struct, enum, union, extern, function, constant or shadow-test definition
Error at line 6, column 35: Expected import, struct, enum, union, extern, function, constant or shadow-test definition
Error at line 6, column 43: Expected import, struct, enum, union, extern, function, constant or shadow-test definition
I cannot allocate this module path.
I cannot retain this complete counted service declaration.
Error at line 7, column 9: Expected import, struct, enum, union, extern, function, constant or shadow-test definition
Error at line 7, column 35: Expected import, struct, enum, union, extern, function, constant or shadow-test definition
Error at line 7, column 43: Expected import, struct, enum, union, extern, function, constant or shadow-test definition
I cannot allocate this module path.
I cannot retain this complete counted service declaration.
Error at line 8, column 9: Expected import, struct, enum, union, extern, function, constant or shadow-test definition
Error at line 8, column 35: Expected import, struct, enum, union, extern, function, constant or shadow-test definition
Error at line 8, column 43: Expected import, struct, enum, union, extern, function, constant or shadow-test definition
I cannot allocate this module path.
I cannot retain this complete counted service declaration.
Error at line 9, column 9: Expected import, struct, enum, union, extern, function, constant or shadow-test definition
Error at line 9, column 35: Expected import, struct, enum, union, extern, function, constant or shadow-test definition
Error at line 9, column 43: Expected import, struct, enum, union, extern, function, constant or shadow-test definition
I cannot allocate this module path.
... stopping after 20 errors
I cannot retain this complete counted service declaration.
Error at line 6, column 9: Expected import, struct, enum, union, extern, function, constant or shadow-test definition
Error at line 6, column 35: Expected import, struct, enum, union, extern, function, constant or shadow-test definition
Error at line 6, column 43: Expected import, struct, enum, union, extern, function, constant or shadow-test definition
I cannot allocate this module path.
I cannot retain this complete counted service declaration.
Error at line 7, column 9: Expected import, struct, enum, union, extern, function, constant or shadow-test definition
Error at line 7, column 35: Expected import, struct, enum, union, extern, function, constant or shadow-test definition
Error at line 7, column 43: Expected import, struct, enum, union, extern, function, constant or shadow-test definition
I cannot allocate this module path.
I cannot retain this complete counted service declaration.
Error at line 8, column 9: Expected import, struct, enum, union, extern, function, constant or shadow-test definition
Error at line 8, column 35: Expected import, struct, enum, union, extern, function, constant or shadow-test definition
Error at line 8, column 43: Expected import, struct, enum, union, extern, function, constant or shadow-test definition
I cannot allocate this module path.
I cannot retain this complete counted service declaration.
Error at line 9, column 9: Expected import, struct, enum, union, extern, function, constant or shadow-test definition
Error at line 9, column 35: Expected import, struct, enum, union, extern, function, constant or shadow-test definition
Error at line 9, column 43: Expected import, struct, enum, union, extern, function, constant or shadow-test definition
I cannot allocate this module path.
... stopping after 20 errors
I cannot retain this complete counted service declaration.
Error at line 7, column 9: Expected import, struct, enum, union, extern, function, constant or shadow-test definition
Error at line 7, column 35: Expected import, struct, enum, union, extern, function, constant or shadow-test definition
Error at line 7, column 43: Expected import, struct, enum, union, extern, function, constant or shadow-test definition
I cannot allocate this module path.
I cannot retain this complete counted service declaration.
Error at line 8, column 9: Expected import, struct, enum, union, extern, function, constant or shadow-test definition
Error at line 8, column 35: Expected import, struct, enum, union, extern, function, constant or shadow-test definition
Error at line 8, column 43: Expected import, struct, enum, union, extern, function, constant or shadow-test definition
I cannot allocate this module path.
I cannot retain this complete counted service declaration.
Error at line 9, column 9: Expected import, struct, enum, union, extern, function, constant or shadow-test definition
Error at line 9, column 35: Expected import, struct, enum, union, extern, function, constant or shadow-test definition
Error at line 9, column 43: Expected import, struct, enum, union, extern, function, constant or shadow-test definition
I cannot allocate this module path.
I cannot retain this complete counted service declaration.
Error at line 10, column 9: Expected import, struct, enum, union, extern, function, constant or shadow-test definition
Error at line 10, column 35: Expected import, struct, enum, union, extern, function, constant or shadow-test definition
Error at line 10, column 43: Expected import, struct, enum, union, extern, function, constant or shadow-test definition
I cannot allocate this module path.
... stopping after 20 errors
I cannot retain this complete counted service declaration.
Error at line 7, column 9: Expected import, struct, enum, union, extern, function, constant or shadow-test definition
Error at line 7, column 35: Expected import, struct, enum, union, extern, function, constant or shadow-test definition
Error at line 7, column 43: Expected import, struct, enum, union, extern, function, constant or shadow-test definition
I cannot allocate this module path.
I cannot retain this complete counted service declaration.
Error at line 8, column 9: Expected import, struct, enum, union, extern, function, constant or shadow-test definition
Error at line 8, column 35: Expected import, struct, enum, union, extern, function, constant or shadow-test definition
Error at line 8, column 43: Expected import, struct, enum, union, extern, function, constant or shadow-test definition
I cannot allocate this module path.
I cannot retain this complete counted service declaration.
Error at line 9, column 9: Expected import, struct, enum, union, extern, function, constant or shadow-test definition
Error at line 9, column 35: Expected import, struct, enum, union, extern, function, constant or shadow-test definition
Error at line 9, column 43: Expected import, struct, enum, union, extern, function, constant or shadow-test definition
I cannot allocate this module path.
I cannot retain this complete counted service declaration.
Error at line 10, column 9: Expected import, struct, enum, union, extern, function, constant or shadow-test definition
Error at line 10, column 35: Expected import, struct, enum, union, extern, function, constant or shadow-test definition
Error at line 10, column 43: Expected import, struct, enum, union, extern, function, constant or shadow-test definition
I cannot allocate this module path.
... stopping after 20 errors
I cannot retain this complete counted service declaration.
Error at line 7, column 9: Expected import, struct, enum, union, extern, function, constant or shadow-test definition
Error at line 7, column 35: Expected import, struct, enum, union, extern, function, constant or shadow-test definition
Error at line 7, column 43: Expected import, struct, enum, union, extern, function, constant or shadow-test definition
I cannot allocate this module path.
I cannot retain this complete counted service declaration.
Error at line 8, column 9: Expected import, struct, enum, union, extern, function, constant or shadow-test definition
Error at line 8, column 35: Expected import, struct, enum, union, extern, function, constant or shadow-test definition
Error at line 8, column 43: Expected import, struct, enum, union, extern, function, constant or shadow-test definition
I cannot allocate this module path.
I cannot retain this complete counted service declaration.
Error at line 9, column 9: Expected import, struct, enum, union, extern, function, constant or shadow-test definition
Error at line 9, column 35: Expected import, struct, enum, union, extern, function, constant or shadow-test definition
Error at line 9, column 43: Expected import, struct, enum, union, extern, function, constant or shadow-test definition
I cannot allocate this module path.
I cannot retain this complete counted service declaration.
Error at line 10, column 9: Expected import, struct, enum, union, extern, function, constant or shadow-test definition
Error at line 10, column 35: Expected import, struct, enum, union, extern, function, constant or shadow-test definition
Error at line 10, column 43: Expected import, struct, enum, union, extern, function, constant or shadow-test definition
I cannot allocate this module path.
... stopping after 20 errors
I cannot retain this complete counted service declaration.
Error at line 8, column 9: Expected import, struct, enum, union, extern, function, constant or shadow-test definition
Error at line 8, column 35: Expected import, struct, enum, union, extern, function, constant or shadow-test definition
Error at line 8, column 43: Expected import, struct, enum, union, extern, function, constant or shadow-test definition
I cannot allocate this module path.
I cannot retain this complete counted service declaration.
Error at line 9, column 9: Expected import, struct, enum, union, extern, function, constant or shadow-test definition
Error at line 9, column 35: Expected import, struct, enum, union, extern, function, constant or shadow-test definition
Error at line 9, column 43: Expected import, struct, enum, union, extern, function, constant or shadow-test definition
I cannot allocate this module path.
I cannot retain this complete counted service declaration.
Error at line 10, column 9: Expected import, struct, enum, union, extern, function, constant or shadow-test definition
Error at line 10, column 35: Expected import, struct, enum, union, extern, function, constant or shadow-test definition
Error at line 10, column 43: Expected import, struct, enum, union, extern, function, constant or shadow-test definition
I cannot allocate this module path.
I cannot retain this complete counted service declaration.
Error at line 11, column 9: Expected import, struct, enum, union, extern, function, constant or shadow-test definition
Error at line 11, column 35: Expected import, struct, enum, union, extern, function, constant or shadow-test definition
Error at line 11, column 43: Expected import, struct, enum, union, extern, function, constant or shadow-test definition
I cannot allocate this module path.
... stopping after 20 errors
I cannot retain this complete counted service declaration.
Error at line 8, column 9: Expected import, struct, enum, union, extern, function, constant or shadow-test definition
Error at line 8, column 35: Expected import, struct, enum, union, extern, function, constant or shadow-test definition
Error at line 8, column 43: Expected import, struct, enum, union, extern, function, constant or shadow-test definition
I cannot allocate this module path.
I cannot retain this complete counted service declaration.
Error at line 9, column 9: Expected import, struct, enum, union, extern, function, constant or shadow-test definition
Error at line 9, column 35: Expected import, struct, enum, union, extern, function, constant or shadow-test definition
Error at line 9, column 43: Expected import, struct, enum, union, extern, function, constant or shadow-test definition
I cannot allocate this module path.
I cannot retain this complete counted service declaration.
Error at line 10, column 9: Expected import, struct, enum, union, extern, function, constant or shadow-test definition
Error at line 10, column 35: Expected import, struct, enum, union, extern, function, constant or shadow-test definition
Error at line 10, column 43: Expected import, struct, enum, union, extern, function, constant or shadow-test definition
I cannot allocate this module path.
I cannot retain this complete counted service declaration.
Error at line 11, column 9: Expected import, struct, enum, union, extern, function, constant or shadow-test definition
Error at line 11, column 35: Expected import, struct, enum, union, extern, function, constant or shadow-test definition
Error at line 11, column 43: Expected import, struct, enum, union, extern, function, constant or shadow-test definition
I cannot allocate this module path.
... stopping after 20 errors
I cannot retain this complete counted service declaration.
Error at line 8, column 9: Expected import, struct, enum, union, extern, function, constant or shadow-test definition
Error at line 8, column 35: Expected import, struct, enum, union, extern, function, constant or shadow-test definition
Error at line 8, column 43: Expected import, struct, enum, union, extern, function, constant or shadow-test definition
I cannot allocate this module path.
I cannot retain this complete counted service declaration.
Error at line 9, column 9: Expected import, struct, enum, union, extern, function, constant or shadow-test definition
Error at line 9, column 35: Expected import, struct, enum, union, extern, function, constant or shadow-test definition
Error at line 9, column 43: Expected import, struct, enum, union, extern, function, constant or shadow-test definition
I cannot allocate this module path.
I cannot retain this complete counted service declaration.
Error at line 10, column 9: Expected import, struct, enum, union, extern, function, constant or shadow-test definition
Error at line 10, column 35: Expected import, struct, enum, union, extern, function, constant or shadow-test definition
Error at line 10, column 43: Expected import, struct, enum, union, extern, function, constant or shadow-test definition
I cannot allocate this module path.
I cannot retain this complete counted service declaration.
Error at line 11, column 9: Expected import, struct, enum, union, extern, function, constant or shadow-test definition
Error at line 11, column 35: Expected import, struct, enum, union, extern, function, constant or shadow-test definition
Error at line 11, column 43: Expected import, struct, enum, union, extern, function, constant or shadow-test definition
I cannot allocate this module path.
... stopping after 20 errors
I cannot retain this complete counted service declaration.
Error at line 9, column 9: Expected import, struct, enum, union, extern, function, constant or shadow-test definition
Error at line 9, column 35: Expected import, struct, enum, union, extern, function, constant or shadow-test definition
Error at line 9, column 43: Expected import, struct, enum, union, extern, function, constant or shadow-test definition
I cannot allocate this module path.
I cannot retain this complete counted service declaration.
Error at line 10, column 9: Expected import, struct, enum, union, extern, function, constant or shadow-test definition
Error at line 10, column 35: Expected import, struct, enum, union, extern, function, constant or shadow-test definition
Error at line 10, column 43: Expected import, struct, enum, union, extern, function, constant or shadow-test definition
I cannot allocate this module path.
I cannot retain this complete counted service declaration.
Error at line 11, column 9: Expected import, struct, enum, union, extern, function, constant or shadow-test definition
Error at line 11, column 35: Expected import, struct, enum, union, extern, function, constant or shadow-test definition
Error at line 11, column 43: Expected import, struct, enum, union, extern, function, constant or shadow-test definition
I cannot allocate this module path.
I cannot retain this complete counted service declaration.
Error at line 12, column 9: Expected import, struct, enum, union, extern, function, constant or shadow-test definition
Error at line 12, column 35: Expected import, struct, enum, union, extern, function, constant or shadow-test definition
Error at line 12, column 43: Expected import, struct, enum, union, extern, function, constant or shadow-test definition
I cannot allocate this module path.
... stopping after 20 errors
I cannot retain this complete counted service declaration.
Error at line 9, column 9: Expected import, struct, enum, union, extern, function, constant or shadow-test definition
Error at line 9, column 35: Expected import, struct, enum, union, extern, function, constant or shadow-test definition
Error at line 9, column 43: Expected import, struct, enum, union, extern, function, constant or shadow-test definition
I cannot allocate this module path.
I cannot retain this complete counted service declaration.
Error at line 10, column 9: Expected import, struct, enum, union, extern, function, constant or shadow-test definition
Error at line 10, column 35: Expected import, struct, enum, union, extern, function, constant or shadow-test definition
Error at line 10, column 43: Expected import, struct, enum, union, extern, function, constant or shadow-test definition
I cannot allocate this module path.
I cannot retain this complete counted service declaration.
Error at line 11, column 9: Expected import, struct, enum, union, extern, function, constant or shadow-test definition
Error at line 11, column 35: Expected import, struct, enum, union, extern, function, constant or shadow-test definition
Error at line 11, column 43: Expected import, struct, enum, union, extern, function, constant or shadow-test definition
I cannot allocate this module path.
I cannot retain this complete counted service declaration.
Error at line 12, column 9: Expected import, struct, enum, union, extern, function, constant or shadow-test definition
Error at line 12, column 35: Expected import, struct, enum, union, extern, function, constant or shadow-test definition
Error at line 12, column 43: Expected import, struct, enum, union, extern, function, constant or shadow-test definition
I cannot allocate this module path.
... stopping after 20 errors
I cannot retain this complete counted service declaration.
Error at line 9, column 9: Expected import, struct, enum, union, extern, function, constant or shadow-test definition
Error at line 9, column 35: Expected import, struct, enum, union, extern, function, constant or shadow-test definition
Error at line 9, column 43: Expected import, struct, enum, union, extern, function, constant or shadow-test definition
I cannot allocate this module path.
I cannot retain this complete counted service declaration.
Error at line 10, column 9: Expected import, struct, enum, union, extern, function, constant or shadow-test definition
Error at line 10, column 35: Expected import, struct, enum, union, extern, function, constant or shadow-test definition
Error at line 10, column 43: Expected import, struct, enum, union, extern, function, constant or shadow-test definition
I cannot allocate this module path.
I cannot retain this complete counted service declaration.
Error at line 11, column 9: Expected import, struct, enum, union, extern, function, constant or shadow-test definition
Error at line 11, column 35: Expected import, struct, enum, union, extern, function, constant or shadow-test definition
Error at line 11, column 43: Expected import, struct, enum, union, extern, function, constant or shadow-test definition
I cannot allocate this module path.
I cannot retain this complete counted service declaration.
Error at line 12, column 9: Expected import, struct, enum, union, extern, function, constant or shadow-test definition
Error at line 12, column 35: Expected import, struct, enum, union, extern, function, constant or shadow-test definition
Error at line 12, column 43: Expected import, struct, enum, union, extern, function, constant or shadow-test definition
I cannot allocate this module path.
... stopping after 20 errors
I cannot retain this complete counted service declaration.
Error at line 10, column 9: Expected import, struct, enum, union, extern, function, constant or shadow-test definition
Error at line 10, column 35: Expected import, struct, enum, union, extern, function, constant or shadow-test definition
Error at line 10, column 43: Expected import, struct, enum, union, extern, function, constant or shadow-test definition
I cannot allocate this module path.
I cannot retain this complete counted service declaration.
Error at line 11, column 9: Expected import, struct, enum, union, extern, function, constant or shadow-test definition
Error at line 11, column 35: Expected import, struct, enum, union, extern, function, constant or shadow-test definition
Error at line 11, column 43: Expected import, struct, enum, union, extern, function, constant or shadow-test definition
I cannot allocate this module path.
I cannot retain this complete counted service declaration.
Error at line 12, column 9: Expected import, struct, enum, union, extern, function, constant or shadow-test definition
Error at line 12, column 35: Expected import, struct, enum, union, extern, function, constant or shadow-test definition
Error at line 12, column 43: Expected import, struct, enum, union, extern, function, constant or shadow-test definition
I cannot allocate this module path.
I cannot retain this complete counted service declaration.
Error at line 13, column 9: Expected import, struct, enum, union, extern, function, constant or shadow-test definition
Error at line 13, column 35: Expected import, struct, enum, union, extern, function, constant or shadow-test definition
Error at line 13, column 43: Expected import, struct, enum, union, extern, function, constant or shadow-test definition
I cannot allocate this module path.
... stopping after 20 errors
I cannot retain this complete counted service declaration.
Error at line 10, column 9: Expected import, struct, enum, union, extern, function, constant or shadow-test definition
Error at line 10, column 35: Expected import, struct, enum, union, extern, function, constant or shadow-test definition
Error at line 10, column 43: Expected import, struct, enum, union, extern, function, constant or shadow-test definition
I cannot allocate this module path.
I cannot retain this complete counted service declaration.
Error at line 11, column 9: Expected import, struct, enum, union, extern, function, constant or shadow-test definition
Error at line 11, column 35: Expected import, struct, enum, union, extern, function, constant or shadow-test definition
Error at line 11, column 43: Expected import, struct, enum, union, extern, function, constant or shadow-test definition
I cannot allocate this module path.
I cannot retain this complete counted service declaration.
Error at line 12, column 9: Expected import, struct, enum, union, extern, function, constant or shadow-test definition
Error at line 12, column 35: Expected import, struct, enum, union, extern, function, constant or shadow-test definition
Error at line 12, column 43: Expected import, struct, enum, union, extern, function, constant or shadow-test definition
I cannot allocate this module path.
I cannot retain this complete counted service declaration.
Error at line 13, column 9: Expected import, struct, enum, union, extern, function, constant or shadow-test definition
Error at line 13, column 35: Expected import, struct, enum, union, extern, function, constant or shadow-test definition
Error at line 13, column 43: Expected import, struct, enum, union, extern, function, constant or shadow-test definition
I cannot allocate this module path.
... stopping after 20 errors
I cannot retain this complete counted service declaration.
Error at line 10, column 9: Expected import, struct, enum, union, extern, function, constant or shadow-test definition
Error at line 10, column 35: Expected import, struct, enum, union, extern, function, constant or shadow-test definition
Error at line 10, column 43: Expected import, struct, enum, union, extern, function, constant or shadow-test definition
I cannot allocate this module path.
I cannot retain this complete counted service declaration.
Error at line 11, column 9: Expected import, struct, enum, union, extern, function, constant or shadow-test definition
Error at line 11, column 35: Expected import, struct, enum, union, extern, function, constant or shadow-test definition
Error at line 11, column 43: Expected import, struct, enum, union, extern, function, constant or shadow-test definition
I cannot allocate this module path.
I cannot retain this complete counted service declaration.
Error at line 12, column 9: Expected import, struct, enum, union, extern, function, constant or shadow-test definition
Error at line 12, column 35: Expected import, struct, enum, union, extern, function, constant or shadow-test definition
Error at line 12, column 43: Expected import, struct, enum, union, extern, function, constant or shadow-test definition
I cannot allocate this module path.
I cannot retain this complete counted service declaration.
Error at line 13, column 9: Expected import, struct, enum, union, extern, function, constant or shadow-test definition
Error at line 13, column 35: Expected import, struct, enum, union, extern, function, constant or shadow-test definition
Error at line 13, column 43: Expected import, struct, enum, union, extern, function, constant or shadow-test definition
I cannot allocate this module path.
... stopping after 20 errors
I cannot retain this complete counted service declaration.
Error at line 11, column 9: Expected import, struct, enum, union, extern, function, constant or shadow-test definition
Error at line 11, column 35: Expected import, struct, enum, union, extern, function, constant or shadow-test definition
Error at line 11, column 43: Expected import, struct, enum, union, extern, function, constant or shadow-test definition
I cannot allocate this module path.
I cannot retain this complete counted service declaration.
Error at line 12, column 9: Expected import, struct, enum, union, extern, function, constant or shadow-test definition
Error at line 12, column 35: Expected import, struct, enum, union, extern, function, constant or shadow-test definition
Error at line 12, column 43: Expected import, struct, enum, union, extern, function, constant or shadow-test definition
I cannot allocate this module path.
I cannot retain this complete counted service declaration.
Error at line 13, column 9: Expected import, struct, enum, union, extern, function, constant or shadow-test definition
Error at line 13, column 35: Expected import, struct, enum, union, extern, function, constant or shadow-test definition
Error at line 13, column 43: Expected import, struct, enum, union, extern, function, constant or shadow-test definition
I cannot allocate this module path.
I cannot retain this complete counted service declaration.
Error at line 14, column 9: Expected import, struct, enum, union, extern, function, constant or shadow-test definition
Error at line 14, column 35: Expected import, struct, enum, union, extern, function, constant or shadow-test definition
Error at line 14, column 43: Expected import, struct, enum, union, extern, function, constant or shadow-test definition
I cannot allocate this module path.
... stopping after 20 errors
I cannot retain this complete counted service declaration.
Error at line 11, column 9: Expected import, struct, enum, union, extern, function, constant or shadow-test definition
Error at line 11, column 35: Expected import, struct, enum, union, extern, function, constant or shadow-test definition
Error at line 11, column 43: Expected import, struct, enum, union, extern, function, constant or shadow-test definition
I cannot allocate this module path.
I cannot retain this complete counted service declaration.
Error at line 12, column 9: Expected import, struct, enum, union, extern, function, constant or shadow-test definition
Error at line 12, column 35: Expected import, struct, enum, union, extern, function, constant or shadow-test definition
Error at line 12, column 43: Expected import, struct, enum, union, extern, function, constant or shadow-test definition
I cannot allocate this module path.
I cannot retain this complete counted service declaration.
Error at line 13, column 9: Expected import, struct, enum, union, extern, function, constant or shadow-test definition
Error at line 13, column 35: Expected import, struct, enum, union, extern, function, constant or shadow-test definition
Error at line 13, column 43: Expected import, struct, enum, union, extern, function, constant or shadow-test definition
I cannot allocate this module path.
I cannot retain this complete counted service declaration.
Error at line 14, column 9: Expected import, struct, enum, union, extern, function, constant or shadow-test definition
Error at line 14, column 35: Expected import, struct, enum, union, extern, function, constant or shadow-test definition
Error at line 14, column 43: Expected import, struct, enum, union, extern, function, constant or shadow-test definition
I cannot allocate this module path.
... stopping after 20 errors
I cannot retain this complete counted service declaration.
Error at line 11, column 9: Expected import, struct, enum, union, extern, function, constant or shadow-test definition
Error at line 11, column 35: Expected import, struct, enum, union, extern, function, constant or shadow-test definition
Error at line 11, column 43: Expected import, struct, enum, union, extern, function, constant or shadow-test definition
I cannot allocate this module path.
I cannot retain this complete counted service declaration.
Error at line 12, column 9: Expected import, struct, enum, union, extern, function, constant or shadow-test definition
Error at line 12, column 35: Expected import, struct, enum, union, extern, function, constant or shadow-test definition
Error at line 12, column 43: Expected import, struct, enum, union, extern, function, constant or shadow-test definition
I cannot allocate this module path.
I cannot retain this complete counted service declaration.
Error at line 13, column 9: Expected import, struct, enum, union, extern, function, constant or shadow-test definition
Error at line 13, column 35: Expected import, struct, enum, union, extern, function, constant or shadow-test definition
Error at line 13, column 43: Expected import, struct, enum, union, extern, function, constant or shadow-test definition
I cannot allocate this module path.
I cannot retain this complete counted service declaration.
Error at line 14, column 9: Expected import, struct, enum, union, extern, function, constant or shadow-test definition
Error at line 14, column 35: Expected import, struct, enum, union, extern, function, constant or shadow-test definition
Error at line 14, column 43: Expected import, struct, enum, union, extern, function, constant or shadow-test definition
I cannot allocate this module path.
... stopping after 20 errors
I cannot retain this complete counted service declaration.
Error at line 12, column 9: Expected import, struct, enum, union, extern, function, constant or shadow-test definition
Error at line 12, column 35: Expected import, struct, enum, union, extern, function, constant or shadow-test definition
Error at line 12, column 43: Expected import, struct, enum, union, extern, function, constant or shadow-test definition
I cannot allocate this module path.
I cannot retain this complete counted service declaration.
Error at line 13, column 9: Expected import, struct, enum, union, extern, function, constant or shadow-test definition
Error at line 13, column 35: Expected import, struct, enum, union, extern, function, constant or shadow-test definition
Error at line 13, column 43: Expected import, struct, enum, union, extern, function, constant or shadow-test definition
I cannot allocate this module path.
I cannot retain this complete counted service declaration.
Error at line 14, column 9: Expected import, struct, enum, union, extern, function, constant or shadow-test definition
Error at line 14, column 35: Expected import, struct, enum, union, extern, function, constant or shadow-test definition
Error at line 14, column 43: Expected import, struct, enum, union, extern, function, constant or shadow-test definition
I cannot allocate this module path.
I cannot retain this complete counted service declaration.
Error at line 15, column 9: Expected import, struct, enum, union, extern, function, constant or shadow-test definition
Error at line 15, column 35: Expected import, struct, enum, union, extern, function, constant or shadow-test definition
Error at line 15, column 43: Expected import, struct, enum, union, extern, function, constant or shadow-test definition
I cannot allocate this module path.
... stopping after 20 errors
I cannot retain this complete counted service declaration.
Error at line 12, column 9: Expected import, struct, enum, union, extern, function, constant or shadow-test definition
Error at line 12, column 35: Expected import, struct, enum, union, extern, function, constant or shadow-test definition
Error at line 12, column 43: Expected import, struct, enum, union, extern, function, constant or shadow-test definition
I cannot allocate this module path.
I cannot retain this complete counted service declaration.
Error at line 13, column 9: Expected import, struct, enum, union, extern, function, constant or shadow-test definition
Error at line 13, column 35: Expected import, struct, enum, union, extern, function, constant or shadow-test definition
Error at line 13, column 43: Expected import, struct, enum, union, extern, function, constant or shadow-test definition
I cannot allocate this module path.
I cannot retain this complete counted service declaration.
Error at line 14, column 9: Expected import, struct, enum, union, extern, function, constant or shadow-test definition
Error at line 14, column 35: Expected import, struct, enum, union, extern, function, constant or shadow-test definition
Error at line 14, column 43: Expected import, struct, enum, union, extern, function, constant or shadow-test definition
I cannot allocate this module path.
I cannot retain this complete counted service declaration.
Error at line 15, column 9: Expected import, struct, enum, union, extern, function, constant or shadow-test definition
Error at line 15, column 35: Expected import, struct, enum, union, extern, function, constant or shadow-test definition
Error at line 15, column 43: Expected import, struct, enum, union, extern, function, constant or shadow-test definition
I cannot allocate this module path.
... stopping after 20 errors
I cannot retain this complete counted service declaration.
Error at line 12, column 9: Expected import, struct, enum, union, extern, function, constant or shadow-test definition
Error at line 12, column 35: Expected import, struct, enum, union, extern, function, constant or shadow-test definition
Error at line 12, column 43: Expected import, struct, enum, union, extern, function, constant or shadow-test definition
I cannot allocate this module path.
I cannot retain this complete counted service declaration.
Error at line 13, column 9: Expected import, struct, enum, union, extern, function, constant or shadow-test definition
Error at line 13, column 35: Expected import, struct, enum, union, extern, function, constant or shadow-test definition
Error at line 13, column 43: Expected import, struct, enum, union, extern, function, constant or shadow-test definition
I cannot allocate this module path.
I cannot retain this complete counted service declaration.
Error at line 14, column 9: Expected import, struct, enum, union, extern, function, constant or shadow-test definition
Error at line 14, column 35: Expected import, struct, enum, union, extern, function, constant or shadow-test definition
Error at line 14, column 43: Expected import, struct, enum, union, extern, function, constant or shadow-test definition
I cannot allocate this module path.
I cannot retain this complete counted service declaration.
Error at line 15, column 9: Expected import, struct, enum, union, extern, function, constant or shadow-test definition
Error at line 15, column 35: Expected import, struct, enum, union, extern, function, constant or shadow-test definition
Error at line 15, column 43: Expected import, struct, enum, union, extern, function, constant or shadow-test definition
I cannot allocate this module path.
... stopping after 20 errors
I cannot retain this complete counted service declaration.
Error at line 13, column 9: Expected import, struct, enum, union, extern, function, constant or shadow-test definition
Error at line 13, column 35: Expected import, struct, enum, union, extern, function, constant or shadow-test definition
Error at line 13, column 43: Expected import, struct, enum, union, extern, function, constant or shadow-test definition
I cannot allocate this module path.
I cannot retain this complete counted service declaration.
Error at line 14, column 9: Expected import, struct, enum, union, extern, function, constant or shadow-test definition
Error at line 14, column 35: Expected import, struct, enum, union, extern, function, constant or shadow-test definition
Error at line 14, column 43: Expected import, struct, enum, union, extern, function, constant or shadow-test definition
I cannot allocate this module path.
I cannot retain this complete counted service declaration.
Error at line 15, column 9: Expected import, struct, enum, union, extern, function, constant or shadow-test definition
Error at line 15, column 35: Expected import, struct, enum, union, extern, function, constant or shadow-test definition
Error at line 15, column 43: Expected import, struct, enum, union, extern, function, constant or shadow-test definition
I cannot allocate this module path.
I cannot retain this complete counted service declaration.
Error at line 16, column 9: Expected import, struct, enum, union, extern, function, constant or shadow-test definition
Error at line 16, column 35: Expected import, struct, enum, union, extern, function, constant or shadow-test definition
Error at line 16, column 43: Expected import, struct, enum, union, extern, function, constant or shadow-test definition
I cannot allocate this module path.
... stopping after 20 errors
I cannot retain this complete counted service declaration.
Error at line 13, column 9: Expected import, struct, enum, union, extern, function, constant or shadow-test definition
Error at line 13, column 35: Expected import, struct, enum, union, extern, function, constant or shadow-test definition
Error at line 13, column 43: Expected import, struct, enum, union, extern, function, constant or shadow-test definition
I cannot allocate this module path.
I cannot retain this complete counted service declaration.
Error at line 14, column 9: Expected import, struct, enum, union, extern, function, constant or shadow-test definition
Error at line 14, column 35: Expected import, struct, enum, union, extern, function, constant or shadow-test definition
Error at line 14, column 43: Expected import, struct, enum, union, extern, function, constant or shadow-test definition
I cannot allocate this module path.
I cannot retain this complete counted service declaration.
Error at line 15, column 9: Expected import, struct, enum, union, extern, function, constant or shadow-test definition
Error at line 15, column 35: Expected import, struct, enum, union, extern, function, constant or shadow-test definition
Error at line 15, column 43: Expected import, struct, enum, union, extern, function, constant or shadow-test definition
I cannot allocate this module path.
I cannot retain this complete counted service declaration.
Error at line 16, column 9: Expected import, struct, enum, union, extern, function, constant or shadow-test definition
Error at line 16, column 35: Expected import, struct, enum, union, extern, function, constant or shadow-test definition
Error at line 16, column 43: Expected import, struct, enum, union, extern, function, constant or shadow-test definition
I cannot allocate this module path.
... stopping after 20 errors
I cannot retain this complete counted service declaration.
Error at line 13, column 9: Expected import, struct, enum, union, extern, function, constant or shadow-test definition
Error at line 13, column 35: Expected import, struct, enum, union, extern, function, constant or shadow-test definition
Error at line 13, column 43: Expected import, struct, enum, union, extern, function, constant or shadow-test definition
I cannot allocate this module path.
I cannot retain this complete counted service declaration.
Error at line 14, column 9: Expected import, struct, enum, union, extern, function, constant or shadow-test definition
Error at line 14, column 35: Expected import, struct, enum, union, extern, function, constant or shadow-test definition
Error at line 14, column 43: Expected import, struct, enum, union, extern, function, constant or shadow-test definition
I cannot allocate this module path.
I cannot retain this complete counted service declaration.
Error at line 15, column 9: Expected import, struct, enum, union, extern, function, constant or shadow-test definition
Error at line 15, column 35: Expected import, struct, enum, union, extern, function, constant or shadow-test definition
Error at line 15, column 43: Expected import, struct, enum, union, extern, function, constant or shadow-test definition
I cannot allocate this module path.
I cannot retain this complete counted service declaration.
Error at line 16, column 9: Expected import, struct, enum, union, extern, function, constant or shadow-test definition
Error at line 16, column 35: Expected import, struct, enum, union, extern, function, constant or shadow-test definition
Error at line 16, column 43: Expected import, struct, enum, union, extern, function, constant or shadow-test definition
I cannot allocate this module path.
... stopping after 20 errors
I cannot retain this complete counted service declaration.
Error at line 14, column 9: Expected import, struct, enum, union, extern, function, constant or shadow-test definition
Error at line 14, column 35: Expected import, struct, enum, union, extern, function, constant or shadow-test definition
Error at line 14, column 43: Expected import, struct, enum, union, extern, function, constant or shadow-test definition
I cannot allocate this module path.
I cannot retain this complete counted service declaration.
Error at line 15, column 9: Expected import, struct, enum, union, extern, function, constant or shadow-test definition
Error at line 15, column 35: Expected import, struct, enum, union, extern, function, constant or shadow-test definition
Error at line 15, column 43: Expected import, struct, enum, union, extern, function, constant or shadow-test definition
I cannot allocate this module path.
I cannot retain this complete counted service declaration.
Error at line 16, column 9: Expected import, struct, enum, union, extern, function, constant or shadow-test definition
Error at line 16, column 35: Expected import, struct, enum, union, extern, function, constant or shadow-test definition
Error at line 16, column 43: Expected import, struct, enum, union, extern, function, constant or shadow-test definition
I cannot allocate this module path.
I cannot retain this complete counted service declaration.
Error at line 17, column 9: Expected import, struct, enum, union, extern, function, constant or shadow-test definition
Error at line 17, column 35: Expected import, struct, enum, union, extern, function, constant or shadow-test definition
Error at line 17, column 43: Expected import, struct, enum, union, extern, function, constant or shadow-test definition
I cannot allocate this module path.
... stopping after 20 errors
I cannot retain this complete counted service declaration.
Error at line 14, column 9: Expected import, struct, enum, union, extern, function, constant or shadow-test definition
Error at line 14, column 35: Expected import, struct, enum, union, extern, function, constant or shadow-test definition
Error at line 14, column 43: Expected import, struct, enum, union, extern, function, constant or shadow-test definition
I cannot allocate this module path.
I cannot retain this complete counted service declaration.
Error at line 15, column 9: Expected import, struct, enum, union, extern, function, constant or shadow-test definition
Error at line 15, column 35: Expected import, struct, enum, union, extern, function, constant or shadow-test definition
Error at line 15, column 43: Expected import, struct, enum, union, extern, function, constant or shadow-test definition
I cannot allocate this module path.
I cannot retain this complete counted service declaration.
Error at line 16, column 9: Expected import, struct, enum, union, extern, function, constant or shadow-test definition
Error at line 16, column 35: Expected import, struct, enum, union, extern, function, constant or shadow-test definition
Error at line 16, column 43: Expected import, struct, enum, union, extern, function, constant or shadow-test definition
I cannot allocate this module path.
I cannot retain this complete counted service declaration.
Error at line 17, column 9: Expected import, struct, enum, union, extern, function, constant or shadow-test definition
Error at line 17, column 35: Expected import, struct, enum, union, extern, function, constant or shadow-test definition
Error at line 17, column 43: Expected import, struct, enum, union, extern, function, constant or shadow-test definition
I cannot allocate this module path.
... stopping after 20 errors
I cannot retain this complete counted service declaration.
Error at line 14, column 9: Expected import, struct, enum, union, extern, function, constant or shadow-test definition
Error at line 14, column 35: Expected import, struct, enum, union, extern, function, constant or shadow-test definition
Error at line 14, column 43: Expected import, struct, enum, union, extern, function, constant or shadow-test definition
I cannot allocate this module path.
I cannot retain this complete counted service declaration.
Error at line 15, column 9: Expected import, struct, enum, union, extern, function, constant or shadow-test definition
Error at line 15, column 35: Expected import, struct, enum, union, extern, function, constant or shadow-test definition
Error at line 15, column 43: Expected import, struct, enum, union, extern, function, constant or shadow-test definition
I cannot allocate this module path.
I cannot retain this complete counted service declaration.
Error at line 16, column 9: Expected import, struct, enum, union, extern, function, constant or shadow-test definition
Error at line 16, column 35: Expected import, struct, enum, union, extern, function, constant or shadow-test definition
Error at line 16, column 43: Expected import, struct, enum, union, extern, function, constant or shadow-test definition
I cannot allocate this module path.
I cannot retain this complete counted service declaration.
Error at line 17, column 9: Expected import, struct, enum, union, extern, function, constant or shadow-test definition
Error at line 17, column 35: Expected import, struct, enum, union, extern, function, constant or shadow-test definition
Error at line 17, column 43: Expected import, struct, enum, union, extern, function, constant or shadow-test definition
I cannot allocate this module path.
... stopping after 20 errors
I cannot retain this complete counted service declaration.
Error at line 15, column 9: Expected import, struct, enum, union, extern, function, constant or shadow-test definition
Error at line 15, column 35: Expected import, struct, enum, union, extern, function, constant or shadow-test definition
Error at line 15, column 43: Expected import, struct, enum, union, extern, function, constant or shadow-test definition
I cannot allocate this module path.
I cannot retain this complete counted service declaration.
Error at line 16, column 9: Expected import, struct, enum, union, extern, function, constant or shadow-test definition
Error at line 16, column 35: Expected import, struct, enum, union, extern, function, constant or shadow-test definition
Error at line 16, column 43: Expected import, struct, enum, union, extern, function, constant or shadow-test definition
I cannot allocate this module path.
I cannot retain this complete counted service declaration.
Error at line 17, column 9: Expected import, struct, enum, union, extern, function, constant or shadow-test definition
Error at line 17, column 35: Expected import, struct, enum, union, extern, function, constant or shadow-test definition
Error at line 17, column 43: Expected import, struct, enum, union, extern, function, constant or shadow-test definition
I cannot allocate this module path.
I cannot retain this complete counted service declaration.
Error at line 18, column 9: Expected import, struct, enum, union, extern, function, constant or shadow-test definition
Error at line 18, column 35: Expected import, struct, enum, union, extern, function, constant or shadow-test definition
Error at line 18, column 43: Expected import, struct, enum, union, extern, function, constant or shadow-test definition
I cannot allocate this module path.
... stopping after 20 errors
I cannot retain this complete counted service declaration.
Error at line 15, column 9: Expected import, struct, enum, union, extern, function, constant or shadow-test definition
Error at line 15, column 35: Expected import, struct, enum, union, extern, function, constant or shadow-test definition
Error at line 15, column 43: Expected import, struct, enum, union, extern, function, constant or shadow-test definition
I cannot allocate this module path.
I cannot retain this complete counted service declaration.
Error at line 16, column 9: Expected import, struct, enum, union, extern, function, constant or shadow-test definition
Error at line 16, column 35: Expected import, struct, enum, union, extern, function, constant or shadow-test definition
Error at line 16, column 43: Expected import, struct, enum, union, extern, function, constant or shadow-test definition
I cannot allocate this module path.
I cannot retain this complete counted service declaration.
Error at line 17, column 9: Expected import, struct, enum, union, extern, function, constant or shadow-test definition
Error at line 17, column 35: Expected import, struct, enum, union, extern, function, constant or shadow-test definition
Error at line 17, column 43: Expected import, struct, enum, union, extern, function, constant or shadow-test definition
I cannot allocate this module path.
I cannot retain this complete counted service declaration.
Error at line 18, column 9: Expected import, struct, enum, union, extern, function, constant or shadow-test definition
Error at line 18, column 35: Expected import, struct, enum, union, extern, function, constant or shadow-test definition
Error at line 18, column 43: Expected import, struct, enum, union, extern, function, constant or shadow-test definition
I cannot allocate this module path.
... stopping after 20 errors
I cannot retain this complete counted service declaration.
Error at line 15, column 9: Expected import, struct, enum, union, extern, function, constant or shadow-test definition
Error at line 15, column 35: Expected import, struct, enum, union, extern, function, constant or shadow-test definition
Error at line 15, column 43: Expected import, struct, enum, union, extern, function, constant or shadow-test definition
I cannot allocate this module path.
I cannot retain this complete counted service declaration.
Error at line 16, column 9: Expected import, struct, enum, union, extern, function, constant or shadow-test definition
Error at line 16, column 35: Expected import, struct, enum, union, extern, function, constant or shadow-test definition
Error at line 16, column 43: Expected import, struct, enum, union, extern, function, constant or shadow-test definition
I cannot allocate this module path.
I cannot retain this complete counted service declaration.
Error at line 17, column 9: Expected import, struct, enum, union, extern, function, constant or shadow-test definition
Error at line 17, column 35: Expected import, struct, enum, union, extern, function, constant or shadow-test definition
Error at line 17, column 43: Expected import, struct, enum, union, extern, function, constant or shadow-test definition
I cannot allocate this module path.
I cannot retain this complete counted service declaration.
Error at line 18, column 9: Expected import, struct, enum, union, extern, function, constant or shadow-test definition
Error at line 18, column 35: Expected import, struct, enum, union, extern, function, constant or shadow-test definition
Error at line 18, column 43: Expected import, struct, enum, union, extern, function, constant or shadow-test definition
I cannot allocate this module path.
... stopping after 20 errors
I cannot retain this complete counted service declaration.
Error at line 16, column 9: Expected import, struct, enum, union, extern, function, constant or shadow-test definition
Error at line 16, column 35: Expected import, struct, enum, union, extern, function, constant or shadow-test definition
Error at line 16, column 43: Expected import, struct, enum, union, extern, function, constant or shadow-test definition
I cannot allocate this module path.
I cannot retain this complete counted service declaration.
Error at line 17, column 9: Expected import, struct, enum, union, extern, function, constant or shadow-test definition
Error at line 17, column 35: Expected import, struct, enum, union, extern, function, constant or shadow-test definition
Error at line 17, column 43: Expected import, struct, enum, union, extern, function, constant or shadow-test definition
I cannot allocate this module path.
I cannot retain this complete counted service declaration.
Error at line 18, column 9: Expected import, struct, enum, union, extern, function, constant or shadow-test definition
Error at line 18, column 35: Expected import, struct, enum, union, extern, function, constant or shadow-test definition
Error at line 18, column 43: Expected import, struct, enum, union, extern, function, constant or shadow-test definition
I cannot allocate this module path.
I cannot retain this complete counted service declaration.
Error at line 19, column 9: Expected import, struct, enum, union, extern, function, constant or shadow-test definition
Error at line 19, column 35: Expected import, struct, enum, union, extern, function, constant or shadow-test definition
Error at line 19, column 43: Expected import, struct, enum, union, extern, function, constant or shadow-test definition
I cannot allocate this module path.
... stopping after 20 errors
I cannot retain this complete counted service declaration.
Error at line 16, column 9: Expected import, struct, enum, union, extern, function, constant or shadow-test definition
Error at line 16, column 35: Expected import, struct, enum, union, extern, function, constant or shadow-test definition
Error at line 16, column 43: Expected import, struct, enum, union, extern, function, constant or shadow-test definition
I cannot allocate this module path.
I cannot retain this complete counted service declaration.
Error at line 17, column 9: Expected import, struct, enum, union, extern, function, constant or shadow-test definition
Error at line 17, column 35: Expected import, struct, enum, union, extern, function, constant or shadow-test definition
Error at line 17, column 43: Expected import, struct, enum, union, extern, function, constant or shadow-test definition
I cannot allocate this module path.
I cannot retain this complete counted service declaration.
Error at line 18, column 9: Expected import, struct, enum, union, extern, function, constant or shadow-test definition
Error at line 18, column 35: Expected import, struct, enum, union, extern, function, constant or shadow-test definition
Error at line 18, column 43: Expected import, struct, enum, union, extern, function, constant or shadow-test definition
I cannot allocate this module path.
I cannot retain this complete counted service declaration.
Error at line 19, column 9: Expected import, struct, enum, union, extern, function, constant or shadow-test definition
Error at line 19, column 35: Expected import, struct, enum, union, extern, function, constant or shadow-test definition
Error at line 19, column 43: Expected import, struct, enum, union, extern, function, constant or shadow-test definition
I cannot allocate this module path.
... stopping after 20 errors
I cannot retain this complete counted service declaration.
Error at line 16, column 9: Expected import, struct, enum, union, extern, function, constant or shadow-test definition
Error at line 16, column 35: Expected import, struct, enum, union, extern, function, constant or shadow-test definition
Error at line 16, column 43: Expected import, struct, enum, union, extern, function, constant or shadow-test definition
I cannot allocate this module path.
I cannot retain this complete counted service declaration.
Error at line 17, column 9: Expected import, struct, enum, union, extern, function, constant or shadow-test definition
Error at line 17, column 35: Expected import, struct, enum, union, extern, function, constant or shadow-test definition
Error at line 17, column 43: Expected import, struct, enum, union, extern, function, constant or shadow-test definition
I cannot allocate this module path.
I cannot retain this complete counted service declaration.
Error at line 18, column 9: Expected import, struct, enum, union, extern, function, constant or shadow-test definition
Error at line 18, column 35: Expected import, struct, enum, union, extern, function, constant or shadow-test definition
Error at line 18, column 43: Expected import, struct, enum, union, extern, function, constant or shadow-test definition
I cannot allocate this module path.
I cannot retain this complete counted service declaration.
Error at line 19, column 9: Expected import, struct, enum, union, extern, function, constant or shadow-test definition
Error at line 19, column 35: Expected import, struct, enum, union, extern, function, constant or shadow-test definition
Error at line 19, column 43: Expected import, struct, enum, union, extern, function, constant or shadow-test definition
I cannot allocate this module path.
... stopping after 20 errors
I cannot allocate this program declaration table.
I cannot retain this complete counted service declaration.
Error at line 17, column 9: Expected import, struct, enum, union, extern, function, constant or shadow-test definition
Error at line 17, column 35: Expected import, struct, enum, union, extern, function, constant or shadow-test definition
Error at line 17, column 43: Expected import, struct, enum, union, extern, function, constant or shadow-test definition
I cannot allocate this module path.
I cannot retain this complete counted service declaration.
Error at line 18, column 9: Expected import, struct, enum, union, extern, function, constant or shadow-test definition
Error at line 18, column 35: Expected import, struct, enum, union, extern, function, constant or shadow-test definition
Error at line 18, column 43: Expected import, struct, enum, union, extern, function, constant or shadow-test definition
I cannot allocate this module path.
I cannot retain this complete counted service declaration.
Error at line 19, column 9: Expected import, struct, enum, union, extern, function, constant or shadow-test definition
Error at line 19, column 35: Expected import, struct, enum, union, extern, function, constant or shadow-test definition
Error at line 19, column 43: Expected import, struct, enum, union, extern, function, constant or shadow-test definition
I cannot allocate this module path.
I cannot retain this complete counted service declaration.
Error at line 20, column 9: Expected import, struct, enum, union, extern, function, constant or shadow-test definition
Error at line 20, column 35: Expected import, struct, enum, union, extern, function, constant or shadow-test definition
Error at line 20, column 43: Expected import, struct, enum, union, extern, function, constant or shadow-test definition
I cannot allocate this module path.
... stopping after 20 errors
I cannot retain this complete counted service declaration.
Error at line 17, column 9: Expected import, struct, enum, union, extern, function, constant or shadow-test definition
Error at line 17, column 35: Expected import, struct, enum, union, extern, function, constant or shadow-test definition
Error at line 17, column 43: Expected import, struct, enum, union, extern, function, constant or shadow-test definition
I cannot allocate this module path.
I cannot retain this complete counted service declaration.
Error at line 18, column 9: Expected import, struct, enum, union, extern, function, constant or shadow-test definition
Error at line 18, column 35: Expected import, struct, enum, union, extern, function, constant or shadow-test definition
Error at line 18, column 43: Expected import, struct, enum, union, extern, function, constant or shadow-test definition
I cannot allocate this module path.
I cannot retain this complete counted service declaration.
Error at line 19, column 9: Expected import, struct, enum, union, extern, function, constant or shadow-test definition
Error at line 19, column 35: Expected import, struct, enum, union, extern, function, constant or shadow-test definition
Error at line 19, column 43: Expected import, struct, enum, union, extern, function, constant or shadow-test definition
I cannot allocate this module path.
I cannot retain this complete counted service declaration.
Error at line 20, column 9: Expected import, struct, enum, union, extern, function, constant or shadow-test definition
Error at line 20, column 35: Expected import, struct, enum, union, extern, function, constant or shadow-test definition
Error at line 20, column 43: Expected import, struct, enum, union, extern, function, constant or shadow-test definition
I cannot allocate this module path.
... stopping after 20 errors
I cannot retain this complete counted service declaration.
Error at line 17, column 9: Expected import, struct, enum, union, extern, function, constant or shadow-test definition
Error at line 17, column 35: Expected import, struct, enum, union, extern, function, constant or shadow-test definition
Error at line 17, column 43: Expected import, struct, enum, union, extern, function, constant or shadow-test definition
I cannot allocate this module path.
I cannot retain this complete counted service declaration.
Error at line 18, column 9: Expected import, struct, enum, union, extern, function, constant or shadow-test definition
Error at line 18, column 35: Expected import, struct, enum, union, extern, function, constant or shadow-test definition
Error at line 18, column 43: Expected import, struct, enum, union, extern, function, constant or shadow-test definition
I cannot allocate this module path.
I cannot retain this complete counted service declaration.
Error at line 19, column 9: Expected import, struct, enum, union, extern, function, constant or shadow-test definition
Error at line 19, column 35: Expected import, struct, enum, union, extern, function, constant or shadow-test definition
Error at line 19, column 43: Expected import, struct, enum, union, extern, function, constant or shadow-test definition
I cannot allocate this module path.
I cannot retain this complete counted service declaration.
Error at line 20, column 9: Expected import, struct, enum, union, extern, function, constant or shadow-test definition
Error at line 20, column 35: Expected import, struct, enum, union, extern, function, constant or shadow-test definition
Error at line 20, column 43: Expected import, struct, enum, union, extern, function, constant or shadow-test definition
I cannot allocate this module path.
... stopping after 20 errors
I cannot retain this complete counted service declaration.
Error at line 18, column 9: Expected import, struct, enum, union, extern, function, constant or shadow-test definition
Error at line 18, column 35: Expected import, struct, enum, union, extern, function, constant or shadow-test definition
Error at line 18, column 43: Expected import, struct, enum, union, extern, function, constant or shadow-test definition
I cannot allocate this module path.
I cannot retain this complete counted service declaration.
Error at line 19, column 9: Expected import, struct, enum, union, extern, function, constant or shadow-test definition
Error at line 19, column 35: Expected import, struct, enum, union, extern, function, constant or shadow-test definition
Error at line 19, column 43: Expected import, struct, enum, union, extern, function, constant or shadow-test definition
I cannot allocate this module path.
I cannot retain this complete counted service declaration.
Error at line 20, column 9: Expected import, struct, enum, union, extern, function, constant or shadow-test definition
Error at line 20, column 35: Expected import, struct, enum, union, extern, function, constant or shadow-test definition
Error at line 20, column 43: Expected import, struct, enum, union, extern, function, constant or shadow-test definition
I cannot allocate this module path.
I cannot retain this complete counted service declaration.
Error at line 21, column 9: Expected import, struct, enum, union, extern, function, constant or shadow-test definition
Error at line 21, column 35: Expected import, struct, enum, union, extern, function, constant or shadow-test definition
Error at line 21, column 43: Expected import, struct, enum, union, extern, function, constant or shadow-test definition
I cannot allocate this module path.
... stopping after 20 errors
I cannot retain this complete counted service declaration.
Error at line 18, column 9: Expected import, struct, enum, union, extern, function, constant or shadow-test definition
Error at line 18, column 35: Expected import, struct, enum, union, extern, function, constant or shadow-test definition
Error at line 18, column 43: Expected import, struct, enum, union, extern, function, constant or shadow-test definition
I cannot allocate this module path.
I cannot retain this complete counted service declaration.
Error at line 19, column 9: Expected import, struct, enum, union, extern, function, constant or shadow-test definition
Error at line 19, column 35: Expected import, struct, enum, union, extern, function, constant or shadow-test definition
Error at line 19, column 43: Expected import, struct, enum, union, extern, function, constant or shadow-test definition
I cannot allocate this module path.
I cannot retain this complete counted service declaration.
Error at line 20, column 9: Expected import, struct, enum, union, extern, function, constant or shadow-test definition
Error at line 20, column 35: Expected import, struct, enum, union, extern, function, constant or shadow-test definition
Error at line 20, column 43: Expected import, struct, enum, union, extern, function, constant or shadow-test definition
I cannot allocate this module path.
I cannot retain this complete counted service declaration.
Error at line 21, column 9: Expected import, struct, enum, union, extern, function, constant or shadow-test definition
Error at line 21, column 35: Expected import, struct, enum, union, extern, function, constant or shadow-test definition
Error at line 21, column 43: Expected import, struct, enum, union, extern, function, constant or shadow-test definition
I cannot allocate this module path.
... stopping after 20 errors
I cannot retain this complete counted service declaration.
Error at line 18, column 9: Expected import, struct, enum, union, extern, function, constant or shadow-test definition
Error at line 18, column 35: Expected import, struct, enum, union, extern, function, constant or shadow-test definition
Error at line 18, column 43: Expected import, struct, enum, union, extern, function, constant or shadow-test definition
I cannot allocate this module path.
I cannot retain this complete counted service declaration.
Error at line 19, column 9: Expected import, struct, enum, union, extern, function, constant or shadow-test definition
Error at line 19, column 35: Expected import, struct, enum, union, extern, function, constant or shadow-test definition
Error at line 19, column 43: Expected import, struct, enum, union, extern, function, constant or shadow-test definition
I cannot allocate this module path.
I cannot retain this complete counted service declaration.
Error at line 20, column 9: Expected import, struct, enum, union, extern, function, constant or shadow-test definition
Error at line 20, column 35: Expected import, struct, enum, union, extern, function, constant or shadow-test definition
Error at line 20, column 43: Expected import, struct, enum, union, extern, function, constant or shadow-test definition
I cannot allocate this module path.
I cannot retain this complete counted service declaration.
Error at line 21, column 9: Expected import, struct, enum, union, extern, function, constant or shadow-test definition
Error at line 21, column 35: Expected import, struct, enum, union, extern, function, constant or shadow-test definition
Error at line 21, column 43: Expected import, struct, enum, union, extern, function, constant or shadow-test definition
I cannot allocate this module path.
... stopping after 20 errors
I cannot retain this complete counted service declaration.
Error at line 19, column 9: Expected import, struct, enum, union, extern, function, constant or shadow-test definition
Error at line 19, column 35: Expected import, struct, enum, union, extern, function, constant or shadow-test definition
Error at line 19, column 43: Expected import, struct, enum, union, extern, function, constant or shadow-test definition
I cannot allocate this module path.
I cannot retain this complete counted service declaration.
Error at line 20, column 9: Expected import, struct, enum, union, extern, function, constant or shadow-test definition
Error at line 20, column 35: Expected import, struct, enum, union, extern, function, constant or shadow-test definition
Error at line 20, column 43: Expected import, struct, enum, union, extern, function, constant or shadow-test definition
I cannot allocate this module path.
I cannot retain this complete counted service declaration.
Error at line 21, column 9: Expected import, struct, enum, union, extern, function, constant or shadow-test definition
Error at line 21, column 35: Expected import, struct, enum, union, extern, function, constant or shadow-test definition
Error at line 21, column 43: Expected import, struct, enum, union, extern, function, constant or shadow-test definition
I cannot allocate this module path.
I cannot retain this complete counted service declaration.
Error at line 22, column 9: Expected import, struct, enum, union, extern, function, constant or shadow-test definition
Error at line 22, column 35: Expected import, struct, enum, union, extern, function, constant or shadow-test definition
Error at line 22, column 43: Expected import, struct, enum, union, extern, function, constant or shadow-test definition
I cannot allocate this module path.
... stopping after 20 errors
I cannot retain this complete counted service declaration.
Error at line 19, column 9: Expected import, struct, enum, union, extern, function, constant or shadow-test definition
Error at line 19, column 35: Expected import, struct, enum, union, extern, function, constant or shadow-test definition
Error at line 19, column 43: Expected import, struct, enum, union, extern, function, constant or shadow-test definition
I cannot allocate this module path.
I cannot retain this complete counted service declaration.
Error at line 20, column 9: Expected import, struct, enum, union, extern, function, constant or shadow-test definition
Error at line 20, column 35: Expected import, struct, enum, union, extern, function, constant or shadow-test definition
Error at line 20, column 43: Expected import, struct, enum, union, extern, function, constant or shadow-test definition
I cannot allocate this module path.
I cannot retain this complete counted service declaration.
Error at line 21, column 9: Expected import, struct, enum, union, extern, function, constant or shadow-test definition
Error at line 21, column 35: Expected import, struct, enum, union, extern, function, constant or shadow-test definition
Error at line 21, column 43: Expected import, struct, enum, union, extern, function, constant or shadow-test definition
I cannot allocate this module path.
I cannot retain this complete counted service declaration.
Error at line 22, column 9: Expected import, struct, enum, union, extern, function, constant or shadow-test definition
Error at line 22, column 35: Expected import, struct, enum, union, extern, function, constant or shadow-test definition
Error at line 22, column 43: Expected import, struct, enum, union, extern, function, constant or shadow-test definition
I cannot allocate this module path.
... stopping after 20 errors
I cannot retain this complete counted service declaration.
Error at line 19, column 9: Expected import, struct, enum, union, extern, function, constant or shadow-test definition
Error at line 19, column 35: Expected import, struct, enum, union, extern, function, constant or shadow-test definition
Error at line 19, column 43: Expected import, struct, enum, union, extern, function, constant or shadow-test definition
I cannot allocate this module path.
I cannot retain this complete counted service declaration.
Error at line 20, column 9: Expected import, struct, enum, union, extern, function, constant or shadow-test definition
Error at line 20, column 35: Expected import, struct, enum, union, extern, function, constant or shadow-test definition
Error at line 20, column 43: Expected import, struct, enum, union, extern, function, constant or shadow-test definition
I cannot allocate this module path.
I cannot retain this complete counted service declaration.
Error at line 21, column 9: Expected import, struct, enum, union, extern, function, constant or shadow-test definition
Error at line 21, column 35: Expected import, struct, enum, union, extern, function, constant or shadow-test definition
Error at line 21, column 43: Expected import, struct, enum, union, extern, function, constant or shadow-test definition
I cannot allocate this module path.
I cannot retain this complete counted service declaration.
Error at line 22, column 9: Expected import, struct, enum, union, extern, function, constant or shadow-test definition
Error at line 22, column 35: Expected import, struct, enum, union, extern, function, constant or shadow-test definition
Error at line 22, column 43: Expected import, struct, enum, union, extern, function, constant or shadow-test definition
I cannot allocate this module path.
... stopping after 20 errors
I cannot retain this complete counted service declaration.
Error at line 20, column 9: Expected import, struct, enum, union, extern, function, constant or shadow-test definition
Error at line 20, column 35: Expected import, struct, enum, union, extern, function, constant or shadow-test definition
Error at line 20, column 43: Expected import, struct, enum, union, extern, function, constant or shadow-test definition
I cannot allocate this module path.
I cannot retain this complete counted service declaration.
Error at line 21, column 9: Expected import, struct, enum, union, extern, function, constant or shadow-test definition
Error at line 21, column 35: Expected import, struct, enum, union, extern, function, constant or shadow-test definition
Error at line 21, column 43: Expected import, struct, enum, union, extern, function, constant or shadow-test definition
I cannot allocate this module path.
I cannot retain this complete counted service declaration.
Error at line 22, column 9: Expected import, struct, enum, union, extern, function, constant or shadow-test definition
Error at line 22, column 35: Expected import, struct, enum, union, extern, function, constant or shadow-test definition
Error at line 22, column 43: Expected import, struct, enum, union, extern, function, constant or shadow-test definition
I cannot allocate this module path.
I cannot retain this complete counted service declaration.
Error at line 23, column 9: Expected import, struct, enum, union, extern, function, constant or shadow-test definition
Error at line 23, column 35: Expected import, struct, enum, union, extern, function, constant or shadow-test definition
Error at line 23, column 43: Expected import, struct, enum, union, extern, function, constant or shadow-test definition
I cannot allocate this module path.
... stopping after 20 errors
I cannot retain this complete counted service declaration.
Error at line 20, column 9: Expected import, struct, enum, union, extern, function, constant or shadow-test definition
Error at line 20, column 35: Expected import, struct, enum, union, extern, function, constant or shadow-test definition
Error at line 20, column 43: Expected import, struct, enum, union, extern, function, constant or shadow-test definition
I cannot allocate this module path.
I cannot retain this complete counted service declaration.
Error at line 21, column 9: Expected import, struct, enum, union, extern, function, constant or shadow-test definition
Error at line 21, column 35: Expected import, struct, enum, union, extern, function, constant or shadow-test definition
Error at line 21, column 43: Expected import, struct, enum, union, extern, function, constant or shadow-test definition
I cannot allocate this module path.
I cannot retain this complete counted service declaration.
Error at line 22, column 9: Expected import, struct, enum, union, extern, function, constant or shadow-test definition
Error at line 22, column 35: Expected import, struct, enum, union, extern, function, constant or shadow-test definition
Error at line 22, column 43: Expected import, struct, enum, union, extern, function, constant or shadow-test definition
I cannot allocate this module path.
I cannot retain this complete counted service declaration.
Error at line 23, column 9: Expected import, struct, enum, union, extern, function, constant or shadow-test definition
Error at line 23, column 35: Expected import, struct, enum, union, extern, function, constant or shadow-test definition
Error at line 23, column 43: Expected import, struct, enum, union, extern, function, constant or shadow-test definition
I cannot allocate this module path.
... stopping after 20 errors
I cannot retain this complete counted service declaration.
Error at line 20, column 9: Expected import, struct, enum, union, extern, function, constant or shadow-test definition
Error at line 20, column 35: Expected import, struct, enum, union, extern, function, constant or shadow-test definition
Error at line 20, column 43: Expected import, struct, enum, union, extern, function, constant or shadow-test definition
I cannot allocate this module path.
I cannot retain this complete counted service declaration.
Error at line 21, column 9: Expected import, struct, enum, union, extern, function, constant or shadow-test definition
Error at line 21, column 35: Expected import, struct, enum, union, extern, function, constant or shadow-test definition
Error at line 21, column 43: Expected import, struct, enum, union, extern, function, constant or shadow-test definition
I cannot allocate this module path.
I cannot retain this complete counted service declaration.
Error at line 22, column 9: Expected import, struct, enum, union, extern, function, constant or shadow-test definition
Error at line 22, column 35: Expected import, struct, enum, union, extern, function, constant or shadow-test definition
Error at line 22, column 43: Expected import, struct, enum, union, extern, function, constant or shadow-test definition
I cannot allocate this module path.
I cannot retain this complete counted service declaration.
Error at line 23, column 9: Expected import, struct, enum, union, extern, function, constant or shadow-test definition
Error at line 23, column 35: Expected import, struct, enum, union, extern, function, constant or shadow-test definition
Error at line 23, column 43: Expected import, struct, enum, union, extern, function, constant or shadow-test definition
I cannot allocate this module path.
... stopping after 20 errors
I cannot retain this complete counted service declaration.
Error at line 21, column 9: Expected import, struct, enum, union, extern, function, constant or shadow-test definition
Error at line 21, column 35: Expected import, struct, enum, union, extern, function, constant or shadow-test definition
Error at line 21, column 43: Expected import, struct, enum, union, extern, function, constant or shadow-test definition
I cannot allocate this module path.
I cannot retain this complete counted service declaration.
Error at line 22, column 9: Expected import, struct, enum, union, extern, function, constant or shadow-test definition
Error at line 22, column 35: Expected import, struct, enum, union, extern, function, constant or shadow-test definition
Error at line 22, column 43: Expected import, struct, enum, union, extern, function, constant or shadow-test definition
I cannot allocate this module path.
I cannot retain this complete counted service declaration.
Error at line 23, column 9: Expected import, struct, enum, union, extern, function, constant or shadow-test definition
Error at line 23, column 35: Expected import, struct, enum, union, extern, function, constant or shadow-test definition
Error at line 23, column 43: Expected import, struct, enum, union, extern, function, constant or shadow-test definition
I cannot allocate this module path.
I cannot retain this complete counted service declaration.
Error at line 24, column 9: Expected import, struct, enum, union, extern, function, constant or shadow-test definition
Error at line 24, column 35: Expected import, struct, enum, union, extern, function, constant or shadow-test definition
Error at line 24, column 43: Expected import, struct, enum, union, extern, function, constant or shadow-test definition
I cannot allocate this module path.
... stopping after 20 errors
I cannot retain this complete counted service declaration.
Error at line 21, column 9: Expected import, struct, enum, union, extern, function, constant or shadow-test definition
Error at line 21, column 35: Expected import, struct, enum, union, extern, function, constant or shadow-test definition
Error at line 21, column 43: Expected import, struct, enum, union, extern, function, constant or shadow-test definition
I cannot allocate this module path.
I cannot retain this complete counted service declaration.
Error at line 22, column 9: Expected import, struct, enum, union, extern, function, constant or shadow-test definition
Error at line 22, column 35: Expected import, struct, enum, union, extern, function, constant or shadow-test definition
Error at line 22, column 43: Expected import, struct, enum, union, extern, function, constant or shadow-test definition
I cannot allocate this module path.
I cannot retain this complete counted service declaration.
Error at line 23, column 9: Expected import, struct, enum, union, extern, function, constant or shadow-test definition
Error at line 23, column 35: Expected import, struct, enum, union, extern, function, constant or shadow-test definition
Error at line 23, column 43: Expected import, struct, enum, union, extern, function, constant or shadow-test definition
I cannot allocate this module path.
I cannot retain this complete counted service declaration.
Error at line 24, column 9: Expected import, struct, enum, union, extern, function, constant or shadow-test definition
Error at line 24, column 35: Expected import, struct, enum, union, extern, function, constant or shadow-test definition
Error at line 24, column 43: Expected import, struct, enum, union, extern, function, constant or shadow-test definition
I cannot allocate this module path.
... stopping after 20 errors
I cannot retain this complete counted service declaration.
Error at line 21, column 9: Expected import, struct, enum, union, extern, function, constant or shadow-test definition
Error at line 21, column 35: Expected import, struct, enum, union, extern, function, constant or shadow-test definition
Error at line 21, column 43: Expected import, struct, enum, union, extern, function, constant or shadow-test definition
I cannot allocate this module path.
I cannot retain this complete counted service declaration.
Error at line 22, column 9: Expected import, struct, enum, union, extern, function, constant or shadow-test definition
Error at line 22, column 35: Expected import, struct, enum, union, extern, function, constant or shadow-test definition
Error at line 22, column 43: Expected import, struct, enum, union, extern, function, constant or shadow-test definition
I cannot allocate this module path.
I cannot retain this complete counted service declaration.
Error at line 23, column 9: Expected import, struct, enum, union, extern, function, constant or shadow-test definition
Error at line 23, column 35: Expected import, struct, enum, union, extern, function, constant or shadow-test definition
Error at line 23, column 43: Expected import, struct, enum, union, extern, function, constant or shadow-test definition
I cannot allocate this module path.
I cannot retain this complete counted service declaration.
Error at line 24, column 9: Expected import, struct, enum, union, extern, function, constant or shadow-test definition
Error at line 24, column 35: Expected import, struct, enum, union, extern, function, constant or shadow-test definition
Error at line 24, column 43: Expected import, struct, enum, union, extern, function, constant or shadow-test definition
I cannot allocate this module path.
... stopping after 20 errors
I cannot retain this complete counted service declaration.
Error at line 22, column 9: Expected import, struct, enum, union, extern, function, constant or shadow-test definition
Error at line 22, column 35: Expected import, struct, enum, union, extern, function, constant or shadow-test definition
Error at line 22, column 43: Expected import, struct, enum, union, extern, function, constant or shadow-test definition
I cannot allocate this module path.
I cannot retain this complete counted service declaration.
Error at line 23, column 9: Expected import, struct, enum, union, extern, function, constant or shadow-test definition
Error at line 23, column 35: Expected import, struct, enum, union, extern, function, constant or shadow-test definition
Error at line 23, column 43: Expected import, struct, enum, union, extern, function, constant or shadow-test definition
I cannot allocate this module path.
I cannot retain this complete counted service declaration.
Error at line 24, column 9: Expected import, struct, enum, union, extern, function, constant or shadow-test definition
Error at line 24, column 35: Expected import, struct, enum, union, extern, function, constant or shadow-test definition
Error at line 24, column 43: Expected import, struct, enum, union, extern, function, constant or shadow-test definition
I cannot allocate this module path.
I cannot retain this complete counted service declaration.
Error at line 25, column 9: Expected import, struct, enum, union, extern, function, constant or shadow-test definition
Error at line 25, column 35: Expected import, struct, enum, union, extern, function, constant or shadow-test definition
Error at line 25, column 43: Expected import, struct, enum, union, extern, function, constant or shadow-test definition
I cannot allocate this module path.
... stopping after 20 errors
I cannot retain this complete counted service declaration.
Error at line 22, column 9: Expected import, struct, enum, union, extern, function, constant or shadow-test definition
Error at line 22, column 35: Expected import, struct, enum, union, extern, function, constant or shadow-test definition
Error at line 22, column 43: Expected import, struct, enum, union, extern, function, constant or shadow-test definition
I cannot allocate this module path.
I cannot retain this complete counted service declaration.
Error at line 23, column 9: Expected import, struct, enum, union, extern, function, constant or shadow-test definition
Error at line 23, column 35: Expected import, struct, enum, union, extern, function, constant or shadow-test definition
Error at line 23, column 43: Expected import, struct, enum, union, extern, function, constant or shadow-test definition
I cannot allocate this module path.
I cannot retain this complete counted service declaration.
Error at line 24, column 9: Expected import, struct, enum, union, extern, function, constant or shadow-test definition
Error at line 24, column 35: Expected import, struct, enum, union, extern, function, constant or shadow-test definition
Error at line 24, column 43: Expected import, struct, enum, union, extern, function, constant or shadow-test definition
I cannot allocate this module path.
I cannot retain this complete counted service declaration.
Error at line 25, column 9: Expected import, struct, enum, union, extern, function, constant or shadow-test definition
Error at line 25, column 35: Expected import, struct, enum, union, extern, function, constant or shadow-test definition
Error at line 25, column 43: Expected import, struct, enum, union, extern, function, constant or shadow-test definition
I cannot allocate this module path.
... stopping after 20 errors
I cannot retain this complete counted service declaration.
Error at line 22, column 9: Expected import, struct, enum, union, extern, function, constant or shadow-test definition
Error at line 22, column 35: Expected import, struct, enum, union, extern, function, constant or shadow-test definition
Error at line 22, column 43: Expected import, struct, enum, union, extern, function, constant or shadow-test definition
I cannot allocate this module path.
I cannot retain this complete counted service declaration.
Error at line 23, column 9: Expected import, struct, enum, union, extern, function, constant or shadow-test definition
Error at line 23, column 35: Expected import, struct, enum, union, extern, function, constant or shadow-test definition
Error at line 23, column 43: Expected import, struct, enum, union, extern, function, constant or shadow-test definition
I cannot allocate this module path.
I cannot retain this complete counted service declaration.
Error at line 24, column 9: Expected import, struct, enum, union, extern, function, constant or shadow-test definition
Error at line 24, column 35: Expected import, struct, enum, union, extern, function, constant or shadow-test definition
Error at line 24, column 43: Expected import, struct, enum, union, extern, function, constant or shadow-test definition
I cannot allocate this module path.
I cannot retain this complete counted service declaration.
Error at line 25, column 9: Expected import, struct, enum, union, extern, function, constant or shadow-test definition
Error at line 25, column 35: Expected import, struct, enum, union, extern, function, constant or shadow-test definition
Error at line 25, column 43: Expected import, struct, enum, union, extern, function, constant or shadow-test definition
I cannot allocate this module path.
... stopping after 20 errors
I cannot retain this complete counted service declaration.
Error at line 23, column 9: Expected import, struct, enum, union, extern, function, constant or shadow-test definition
Error at line 23, column 35: Expected import, struct, enum, union, extern, function, constant or shadow-test definition
Error at line 23, column 43: Expected import, struct, enum, union, extern, function, constant or shadow-test definition
I cannot allocate this module path.
I cannot retain this complete counted service declaration.
Error at line 24, column 9: Expected import, struct, enum, union, extern, function, constant or shadow-test definition
Error at line 24, column 35: Expected import, struct, enum, union, extern, function, constant or shadow-test definition
Error at line 24, column 43: Expected import, struct, enum, union, extern, function, constant or shadow-test definition
I cannot allocate this module path.
I cannot retain this complete counted service declaration.
Error at line 25, column 9: Expected import, struct, enum, union, extern, function, constant or shadow-test definition
Error at line 25, column 35: Expected import, struct, enum, union, extern, function, constant or shadow-test definition
Error at line 25, column 43: Expected import, struct, enum, union, extern, function, constant or shadow-test definition
I cannot allocate this module path.
I cannot retain this complete counted service declaration.
Error at line 26, column 9: Expected import, struct, enum, union, extern, function, constant or shadow-test definition
Error at line 26, column 35: Expected import, struct, enum, union, extern, function, constant or shadow-test definition
Error at line 26, column 43: Expected import, struct, enum, union, extern, function, constant or shadow-test definition
I cannot allocate this module path.
... stopping after 20 errors
I cannot retain this complete counted service declaration.
Error at line 23, column 9: Expected import, struct, enum, union, extern, function, constant or shadow-test definition
Error at line 23, column 35: Expected import, struct, enum, union, extern, function, constant or shadow-test definition
Error at line 23, column 43: Expected import, struct, enum, union, extern, function, constant or shadow-test definition
I cannot allocate this module path.
I cannot retain this complete counted service declaration.
Error at line 24, column 9: Expected import, struct, enum, union, extern, function, constant or shadow-test definition
Error at line 24, column 35: Expected import, struct, enum, union, extern, function, constant or shadow-test definition
Error at line 24, column 43: Expected import, struct, enum, union, extern, function, constant or shadow-test definition
I cannot allocate this module path.
I cannot retain this complete counted service declaration.
Error at line 25, column 9: Expected import, struct, enum, union, extern, function, constant or shadow-test definition
Error at line 25, column 35: Expected import, struct, enum, union, extern, function, constant or shadow-test definition
Error at line 25, column 43: Expected import, struct, enum, union, extern, function, constant or shadow-test definition
I cannot allocate this module path.
I cannot retain this complete counted service declaration.
Error at line 26, column 9: Expected import, struct, enum, union, extern, function, constant or shadow-test definition
Error at line 26, column 35: Expected import, struct, enum, union, extern, function, constant or shadow-test definition
Error at line 26, column 43: Expected import, struct, enum, union, extern, function, constant or shadow-test definition
I cannot allocate this module path.
... stopping after 20 errors
I cannot retain this complete counted service declaration.
Error at line 23, column 9: Expected import, struct, enum, union, extern, function, constant or shadow-test definition
Error at line 23, column 35: Expected import, struct, enum, union, extern, function, constant or shadow-test definition
Error at line 23, column 43: Expected import, struct, enum, union, extern, function, constant or shadow-test definition
I cannot allocate this module path.
I cannot retain this complete counted service declaration.
Error at line 24, column 9: Expected import, struct, enum, union, extern, function, constant or shadow-test definition
Error at line 24, column 35: Expected import, struct, enum, union, extern, function, constant or shadow-test definition
Error at line 24, column 43: Expected import, struct, enum, union, extern, function, constant or shadow-test definition
I cannot allocate this module path.
I cannot retain this complete counted service declaration.
Error at line 25, column 9: Expected import, struct, enum, union, extern, function, constant or shadow-test definition
Error at line 25, column 35: Expected import, struct, enum, union, extern, function, constant or shadow-test definition
Error at line 25, column 43: Expected import, struct, enum, union, extern, function, constant or shadow-test definition
I cannot allocate this module path.
I cannot retain this complete counted service declaration.
Error at line 26, column 9: Expected import, struct, enum, union, extern, function, constant or shadow-test definition
Error at line 26, column 35: Expected import, struct, enum, union, extern, function, constant or shadow-test definition
Error at line 26, column 43: Expected import, struct, enum, union, extern, function, constant or shadow-test definition
I cannot allocate this module path.
... stopping after 20 errors
I cannot retain this complete counted service declaration.
Error at line 24, column 9: Expected import, struct, enum, union, extern, function, constant or shadow-test definition
Error at line 24, column 35: Expected import, struct, enum, union, extern, function, constant or shadow-test definition
Error at line 24, column 43: Expected import, struct, enum, union, extern, function, constant or shadow-test definition
I cannot allocate this module path.
I cannot retain this complete counted service declaration.
Error at line 25, column 9: Expected import, struct, enum, union, extern, function, constant or shadow-test definition
Error at line 25, column 35: Expected import, struct, enum, union, extern, function, constant or shadow-test definition
Error at line 25, column 43: Expected import, struct, enum, union, extern, function, constant or shadow-test definition
I cannot allocate this module path.
I cannot retain this complete counted service declaration.
Error at line 26, column 9: Expected import, struct, enum, union, extern, function, constant or shadow-test definition
Error at line 26, column 35: Expected import, struct, enum, union, extern, function, constant or shadow-test definition
Error at line 26, column 43: Expected import, struct, enum, union, extern, function, constant or shadow-test definition
I cannot allocate this module path.
I cannot retain this complete counted service declaration.
Error at line 27, column 9: Expected import, struct, enum, union, extern, function, constant or shadow-test definition
Error at line 27, column 35: Expected import, struct, enum, union, extern, function, constant or shadow-test definition
Error at line 27, column 43: Expected import, struct, enum, union, extern, function, constant or shadow-test definition
I cannot allocate this module path.
... stopping after 20 errors
I cannot retain this complete counted service declaration.
Error at line 24, column 9: Expected import, struct, enum, union, extern, function, constant or shadow-test definition
Error at line 24, column 35: Expected import, struct, enum, union, extern, function, constant or shadow-test definition
Error at line 24, column 43: Expected import, struct, enum, union, extern, function, constant or shadow-test definition
I cannot allocate this module path.
I cannot retain this complete counted service declaration.
Error at line 25, column 9: Expected import, struct, enum, union, extern, function, constant or shadow-test definition
Error at line 25, column 35: Expected import, struct, enum, union, extern, function, constant or shadow-test definition
Error at line 25, column 43: Expected import, struct, enum, union, extern, function, constant or shadow-test definition
I cannot allocate this module path.
I cannot retain this complete counted service declaration.
Error at line 26, column 9: Expected import, struct, enum, union, extern, function, constant or shadow-test definition
Error at line 26, column 35: Expected import, struct, enum, union, extern, function, constant or shadow-test definition
Error at line 26, column 43: Expected import, struct, enum, union, extern, function, constant or shadow-test definition
I cannot allocate this module path.
I cannot retain this complete counted service declaration.
Error at line 27, column 9: Expected import, struct, enum, union, extern, function, constant or shadow-test definition
Error at line 27, column 35: Expected import, struct, enum, union, extern, function, constant or shadow-test definition
Error at line 27, column 43: Expected import, struct, enum, union, extern, function, constant or shadow-test definition
I cannot allocate this module path.
... stopping after 20 errors
I cannot retain this complete counted service declaration.
Error at line 24, column 9: Expected import, struct, enum, union, extern, function, constant or shadow-test definition
Error at line 24, column 35: Expected import, struct, enum, union, extern, function, constant or shadow-test definition
Error at line 24, column 43: Expected import, struct, enum, union, extern, function, constant or shadow-test definition
I cannot allocate this module path.
I cannot retain this complete counted service declaration.
Error at line 25, column 9: Expected import, struct, enum, union, extern, function, constant or shadow-test definition
Error at line 25, column 35: Expected import, struct, enum, union, extern, function, constant or shadow-test definition
Error at line 25, column 43: Expected import, struct, enum, union, extern, function, constant or shadow-test definition
I cannot allocate this module path.
I cannot retain this complete counted service declaration.
Error at line 26, column 9: Expected import, struct, enum, union, extern, function, constant or shadow-test definition
Error at line 26, column 35: Expected import, struct, enum, union, extern, function, constant or shadow-test definition
Error at line 26, column 43: Expected import, struct, enum, union, extern, function, constant or shadow-test definition
I cannot allocate this module path.
I cannot retain this complete counted service declaration.
Error at line 27, column 9: Expected import, struct, enum, union, extern, function, constant or shadow-test definition
Error at line 27, column 35: Expected import, struct, enum, union, extern, function, constant or shadow-test definition
Error at line 27, column 43: Expected import, struct, enum, union, extern, function, constant or shadow-test definition
I cannot allocate this module path.
... stopping after 20 errors
I cannot retain this complete counted service declaration.
Error at line 25, column 9: Expected import, struct, enum, union, extern, function, constant or shadow-test definition
Error at line 25, column 35: Expected import, struct, enum, union, extern, function, constant or shadow-test definition
Error at line 25, column 43: Expected import, struct, enum, union, extern, function, constant or shadow-test definition
I cannot allocate this module path.
I cannot retain this complete counted service declaration.
Error at line 26, column 9: Expected import, struct, enum, union, extern, function, constant or shadow-test definition
Error at line 26, column 35: Expected import, struct, enum, union, extern, function, constant or shadow-test definition
Error at line 26, column 43: Expected import, struct, enum, union, extern, function, constant or shadow-test definition
I cannot allocate this module path.
I cannot retain this complete counted service declaration.
Error at line 27, column 9: Expected import, struct, enum, union, extern, function, constant or shadow-test definition
Error at line 27, column 35: Expected import, struct, enum, union, extern, function, constant or shadow-test definition
Error at line 27, column 43: Expected import, struct, enum, union, extern, function, constant or shadow-test definition
I cannot allocate this module path.
I cannot retain this complete counted service declaration.
Error at line 28, column 9: Expected import, struct, enum, union, extern, function, constant or shadow-test definition
Error at line 28, column 35: Expected import, struct, enum, union, extern, function, constant or shadow-test definition
Error at line 28, column 43: Expected import, struct, enum, union, extern, function, constant or shadow-test definition
I cannot allocate this module path.
... stopping after 20 errors
I cannot retain this complete counted service declaration.
Error at line 25, column 9: Expected import, struct, enum, union, extern, function, constant or shadow-test definition
Error at line 25, column 35: Expected import, struct, enum, union, extern, function, constant or shadow-test definition
Error at line 25, column 43: Expected import, struct, enum, union, extern, function, constant or shadow-test definition
I cannot allocate this module path.
I cannot retain this complete counted service declaration.
Error at line 26, column 9: Expected import, struct, enum, union, extern, function, constant or shadow-test definition
Error at line 26, column 35: Expected import, struct, enum, union, extern, function, constant or shadow-test definition
Error at line 26, column 43: Expected import, struct, enum, union, extern, function, constant or shadow-test definition
I cannot allocate this module path.
I cannot retain this complete counted service declaration.
Error at line 27, column 9: Expected import, struct, enum, union, extern, function, constant or shadow-test definition
Error at line 27, column 35: Expected import, struct, enum, union, extern, function, constant or shadow-test definition
Error at line 27, column 43: Expected import, struct, enum, union, extern, function, constant or shadow-test definition
I cannot allocate this module path.
I cannot retain this complete counted service declaration.
Error at line 28, column 9: Expected import, struct, enum, union, extern, function, constant or shadow-test definition
Error at line 28, column 35: Expected import, struct, enum, union, extern, function, constant or shadow-test definition
Error at line 28, column 43: Expected import, struct, enum, union, extern, function, constant or shadow-test definition
I cannot allocate this module path.
... stopping after 20 errors
I cannot retain this complete counted service declaration.
Error at line 25, column 9: Expected import, struct, enum, union, extern, function, constant or shadow-test definition
Error at line 25, column 35: Expected import, struct, enum, union, extern, function, constant or shadow-test definition
Error at line 25, column 43: Expected import, struct, enum, union, extern, function, constant or shadow-test definition
I cannot allocate this module path.
I cannot retain this complete counted service declaration.
Error at line 26, column 9: Expected import, struct, enum, union, extern, function, constant or shadow-test definition
Error at line 26, column 35: Expected import, struct, enum, union, extern, function, constant or shadow-test definition
Error at line 26, column 43: Expected import, struct, enum, union, extern, function, constant or shadow-test definition
I cannot allocate this module path.
I cannot retain this complete counted service declaration.
Error at line 27, column 9: Expected import, struct, enum, union, extern, function, constant or shadow-test definition
Error at line 27, column 35: Expected import, struct, enum, union, extern, function, constant or shadow-test definition
Error at line 27, column 43: Expected import, struct, enum, union, extern, function, constant or shadow-test definition
I cannot allocate this module path.
I cannot retain this complete counted service declaration.
Error at line 28, column 9: Expected import, struct, enum, union, extern, function, constant or shadow-test definition
Error at line 28, column 35: Expected import, struct, enum, union, extern, function, constant or shadow-test definition
Error at line 28, column 43: Expected import, struct, enum, union, extern, function, constant or shadow-test definition
I cannot allocate this module path.
... stopping after 20 errors
I cannot retain this complete counted service declaration.
Error at line 26, column 9: Expected import, struct, enum, union, extern, function, constant or shadow-test definition
Error at line 26, column 35: Expected import, struct, enum, union, extern, function, constant or shadow-test definition
Error at line 26, column 43: Expected import, struct, enum, union, extern, function, constant or shadow-test definition
I cannot allocate this module path.
I cannot retain this complete counted service declaration.
Error at line 27, column 9: Expected import, struct, enum, union, extern, function, constant or shadow-test definition
Error at line 27, column 35: Expected import, struct, enum, union, extern, function, constant or shadow-test definition
Error at line 27, column 43: Expected import, struct, enum, union, extern, function, constant or shadow-test definition
I cannot allocate this module path.
I cannot retain this complete counted service declaration.
Error at line 28, column 9: Expected import, struct, enum, union, extern, function, constant or shadow-test definition
Error at line 28, column 35: Expected import, struct, enum, union, extern, function, constant or shadow-test definition
Error at line 28, column 43: Expected import, struct, enum, union, extern, function, constant or shadow-test definition
I cannot allocate this module path.
I cannot retain this complete counted service declaration.
Error at line 29, column 9: Expected import, struct, enum, union, extern, function, constant or shadow-test definition
Error at line 29, column 35: Expected import, struct, enum, union, extern, function, constant or shadow-test definition
Error at line 29, column 43: Expected import, struct, enum, union, extern, function, constant or shadow-test definition
I cannot allocate this module path.
... stopping after 20 errors
I cannot retain this complete counted service declaration.
Error at line 26, column 9: Expected import, struct, enum, union, extern, function, constant or shadow-test definition
Error at line 26, column 35: Expected import, struct, enum, union, extern, function, constant or shadow-test definition
Error at line 26, column 43: Expected import, struct, enum, union, extern, function, constant or shadow-test definition
I cannot allocate this module path.
I cannot retain this complete counted service declaration.
Error at line 27, column 9: Expected import, struct, enum, union, extern, function, constant or shadow-test definition
Error at line 27, column 35: Expected import, struct, enum, union, extern, function, constant or shadow-test definition
Error at line 27, column 43: Expected import, struct, enum, union, extern, function, constant or shadow-test definition
I cannot allocate this module path.
I cannot retain this complete counted service declaration.
Error at line 28, column 9: Expected import, struct, enum, union, extern, function, constant or shadow-test definition
Error at line 28, column 35: Expected import, struct, enum, union, extern, function, constant or shadow-test definition
Error at line 28, column 43: Expected import, struct, enum, union, extern, function, constant or shadow-test definition
I cannot allocate this module path.
I cannot retain this complete counted service declaration.
Error at line 29, column 9: Expected import, struct, enum, union, extern, function, constant or shadow-test definition
Error at line 29, column 35: Expected import, struct, enum, union, extern, function, constant or shadow-test definition
Error at line 29, column 43: Expected import, struct, enum, union, extern, function, constant or shadow-test definition
I cannot allocate this module path.
... stopping after 20 errors
I cannot retain this complete counted service declaration.
Error at line 26, column 9: Expected import, struct, enum, union, extern, function, constant or shadow-test definition
Error at line 26, column 35: Expected import, struct, enum, union, extern, function, constant or shadow-test definition
Error at line 26, column 43: Expected import, struct, enum, union, extern, function, constant or shadow-test definition
I cannot allocate this module path.
I cannot retain this complete counted service declaration.
Error at line 27, column 9: Expected import, struct, enum, union, extern, function, constant or shadow-test definition
Error at line 27, column 35: Expected import, struct, enum, union, extern, function, constant or shadow-test definition
Error at line 27, column 43: Expected import, struct, enum, union, extern, function, constant or shadow-test definition
I cannot allocate this module path.
I cannot retain this complete counted service declaration.
Error at line 28, column 9: Expected import, struct, enum, union, extern, function, constant or shadow-test definition
Error at line 28, column 35: Expected import, struct, enum, union, extern, function, constant or shadow-test definition
Error at line 28, column 43: Expected import, struct, enum, union, extern, function, constant or shadow-test definition
I cannot allocate this module path.
I cannot retain this complete counted service declaration.
Error at line 29, column 9: Expected import, struct, enum, union, extern, function, constant or shadow-test definition
Error at line 29, column 35: Expected import, struct, enum, union, extern, function, constant or shadow-test definition
Error at line 29, column 43: Expected import, struct, enum, union, extern, function, constant or shadow-test definition
I cannot allocate this module path.
... stopping after 20 errors
I cannot retain this complete counted service declaration.
Error at line 27, column 9: Expected import, struct, enum, union, extern, function, constant or shadow-test definition
Error at line 27, column 35: Expected import, struct, enum, union, extern, function, constant or shadow-test definition
Error at line 27, column 43: Expected import, struct, enum, union, extern, function, constant or shadow-test definition
I cannot allocate this module path.
I cannot retain this complete counted service declaration.
Error at line 28, column 9: Expected import, struct, enum, union, extern, function, constant or shadow-test definition
Error at line 28, column 35: Expected import, struct, enum, union, extern, function, constant or shadow-test definition
Error at line 28, column 43: Expected import, struct, enum, union, extern, function, constant or shadow-test definition
I cannot allocate this module path.
I cannot retain this complete counted service declaration.
Error at line 29, column 9: Expected import, struct, enum, union, extern, function, constant or shadow-test definition
Error at line 29, column 35: Expected import, struct, enum, union, extern, function, constant or shadow-test definition
Error at line 29, column 43: Expected import, struct, enum, union, extern, function, constant or shadow-test definition
I cannot allocate this module path.
I cannot retain this complete counted service declaration.
Error at line 30, column 9: Expected import, struct, enum, union, extern, function, constant or shadow-test definition
Error at line 30, column 35: Expected import, struct, enum, union, extern, function, constant or shadow-test definition
Error at line 30, column 43: Expected import, struct, enum, union, extern, function, constant or shadow-test definition
I cannot allocate this module path.
... stopping after 20 errors
I cannot retain this complete counted service declaration.
Error at line 27, column 9: Expected import, struct, enum, union, extern, function, constant or shadow-test definition
Error at line 27, column 35: Expected import, struct, enum, union, extern, function, constant or shadow-test definition
Error at line 27, column 43: Expected import, struct, enum, union, extern, function, constant or shadow-test definition
I cannot allocate this module path.
I cannot retain this complete counted service declaration.
Error at line 28, column 9: Expected import, struct, enum, union, extern, function, constant or shadow-test definition
Error at line 28, column 35: Expected import, struct, enum, union, extern, function, constant or shadow-test definition
Error at line 28, column 43: Expected import, struct, enum, union, extern, function, constant or shadow-test definition
I cannot allocate this module path.
I cannot retain this complete counted service declaration.
Error at line 29, column 9: Expected import, struct, enum, union, extern, function, constant or shadow-test definition
Error at line 29, column 35: Expected import, struct, enum, union, extern, function, constant or shadow-test definition
Error at line 29, column 43: Expected import, struct, enum, union, extern, function, constant or shadow-test definition
I cannot allocate this module path.
I cannot retain this complete counted service declaration.
Error at line 30, column 9: Expected import, struct, enum, union, extern, function, constant or shadow-test definition
Error at line 30, column 35: Expected import, struct, enum, union, extern, function, constant or shadow-test definition
Error at line 30, column 43: Expected import, struct, enum, union, extern, function, constant or shadow-test definition
I cannot allocate this module path.
... stopping after 20 errors
I cannot retain this complete counted service declaration.
Error at line 27, column 9: Expected import, struct, enum, union, extern, function, constant or shadow-test definition
Error at line 27, column 35: Expected import, struct, enum, union, extern, function, constant or shadow-test definition
Error at line 27, column 43: Expected import, struct, enum, union, extern, function, constant or shadow-test definition
I cannot allocate this module path.
I cannot retain this complete counted service declaration.
Error at line 28, column 9: Expected import, struct, enum, union, extern, function, constant or shadow-test definition
Error at line 28, column 35: Expected import, struct, enum, union, extern, function, constant or shadow-test definition
Error at line 28, column 43: Expected import, struct, enum, union, extern, function, constant or shadow-test definition
I cannot allocate this module path.
I cannot retain this complete counted service declaration.
Error at line 29, column 9: Expected import, struct, enum, union, extern, function, constant or shadow-test definition
Error at line 29, column 35: Expected import, struct, enum, union, extern, function, constant or shadow-test definition
Error at line 29, column 43: Expected import, struct, enum, union, extern, function, constant or shadow-test definition
I cannot allocate this module path.
I cannot retain this complete counted service declaration.
Error at line 30, column 9: Expected import, struct, enum, union, extern, function, constant or shadow-test definition
Error at line 30, column 35: Expected import, struct, enum, union, extern, function, constant or shadow-test definition
Error at line 30, column 43: Expected import, struct, enum, union, extern, function, constant or shadow-test definition
I cannot allocate this module path.
... stopping after 20 errors
I cannot retain this complete counted service declaration.
Error at line 28, column 9: Expected import, struct, enum, union, extern, function, constant or shadow-test definition
Error at line 28, column 35: Expected import, struct, enum, union, extern, function, constant or shadow-test definition
Error at line 28, column 43: Expected import, struct, enum, union, extern, function, constant or shadow-test definition
I cannot allocate this module path.
I cannot retain this complete counted service declaration.
Error at line 29, column 9: Expected import, struct, enum, union, extern, function, constant or shadow-test definition
Error at line 29, column 35: Expected import, struct, enum, union, extern, function, constant or shadow-test definition
Error at line 29, column 43: Expected import, struct, enum, union, extern, function, constant or shadow-test definition
I cannot allocate this module path.
I cannot retain this complete counted service declaration.
Error at line 30, column 9: Expected import, struct, enum, union, extern, function, constant or shadow-test definition
Error at line 30, column 35: Expected import, struct, enum, union, extern, function, constant or shadow-test definition
Error at line 30, column 43: Expected import, struct, enum, union, extern, function, constant or shadow-test definition
I cannot allocate this module path.
I cannot retain this complete counted service declaration.
Error at line 31, column 9: Expected import, struct, enum, union, extern, function, constant or shadow-test definition
Error at line 31, column 35: Expected import, struct, enum, union, extern, function, constant or shadow-test definition
Error at line 31, column 43: Expected import, struct, enum, union, extern, function, constant or shadow-test definition
I cannot allocate this module path.
... stopping after 20 errors
I cannot retain this complete counted service declaration.
Error at line 28, column 9: Expected import, struct, enum, union, extern, function, constant or shadow-test definition
Error at line 28, column 35: Expected import, struct, enum, union, extern, function, constant or shadow-test definition
Error at line 28, column 43: Expected import, struct, enum, union, extern, function, constant or shadow-test definition
I cannot allocate this module path.
I cannot retain this complete counted service declaration.
Error at line 29, column 9: Expected import, struct, enum, union, extern, function, constant or shadow-test definition
Error at line 29, column 35: Expected import, struct, enum, union, extern, function, constant or shadow-test definition
Error at line 29, column 43: Expected import, struct, enum, union, extern, function, constant or shadow-test definition
I cannot allocate this module path.
I cannot retain this complete counted service declaration.
Error at line 30, column 9: Expected import, struct, enum, union, extern, function, constant or shadow-test definition
Error at line 30, column 35: Expected import, struct, enum, union, extern, function, constant or shadow-test definition
Error at line 30, column 43: Expected import, struct, enum, union, extern, function, constant or shadow-test definition
I cannot allocate this module path.
I cannot retain this complete counted service declaration.
Error at line 31, column 9: Expected import, struct, enum, union, extern, function, constant or shadow-test definition
Error at line 31, column 35: Expected import, struct, enum, union, extern, function, constant or shadow-test definition
Error at line 31, column 43: Expected import, struct, enum, union, extern, function, constant or shadow-test definition
I cannot allocate this module path.
... stopping after 20 errors
I cannot retain this complete counted service declaration.
Error at line 28, column 9: Expected import, struct, enum, union, extern, function, constant or shadow-test definition
Error at line 28, column 35: Expected import, struct, enum, union, extern, function, constant or shadow-test definition
Error at line 28, column 43: Expected import, struct, enum, union, extern, function, constant or shadow-test definition
I cannot allocate this module path.
I cannot retain this complete counted service declaration.
Error at line 29, column 9: Expected import, struct, enum, union, extern, function, constant or shadow-test definition
Error at line 29, column 35: Expected import, struct, enum, union, extern, function, constant or shadow-test definition
Error at line 29, column 43: Expected import, struct, enum, union, extern, function, constant or shadow-test definition
I cannot allocate this module path.
I cannot retain this complete counted service declaration.
Error at line 30, column 9: Expected import, struct, enum, union, extern, function, constant or shadow-test definition
Error at line 30, column 35: Expected import, struct, enum, union, extern, function, constant or shadow-test definition
Error at line 30, column 43: Expected import, struct, enum, union, extern, function, constant or shadow-test definition
I cannot allocate this module path.
I cannot retain this complete counted service declaration.
Error at line 31, column 9: Expected import, struct, enum, union, extern, function, constant or shadow-test definition
Error at line 31, column 35: Expected import, struct, enum, union, extern, function, constant or shadow-test definition
Error at line 31, column 43: Expected import, struct, enum, union, extern, function, constant or shadow-test definition
I cannot allocate this module path.
... stopping after 20 errors
I cannot retain this complete counted service declaration.
Error at line 29, column 9: Expected import, struct, enum, union, extern, function, constant or shadow-test definition
Error at line 29, column 35: Expected import, struct, enum, union, extern, function, constant or shadow-test definition
Error at line 29, column 43: Expected import, struct, enum, union, extern, function, constant or shadow-test definition
I cannot allocate this module path.
I cannot retain this complete counted service declaration.
Error at line 30, column 9: Expected import, struct, enum, union, extern, function, constant or shadow-test definition
Error at line 30, column 35: Expected import, struct, enum, union, extern, function, constant or shadow-test definition
Error at line 30, column 43: Expected import, struct, enum, union, extern, function, constant or shadow-test definition
I cannot allocate this module path.
I cannot retain this complete counted service declaration.
Error at line 31, column 9: Expected import, struct, enum, union, extern, function, constant or shadow-test definition
Error at line 31, column 35: Expected import, struct, enum, union, extern, function, constant or shadow-test definition
Error at line 31, column 43: Expected import, struct, enum, union, extern, function, constant or shadow-test definition
I cannot allocate this module path.
I cannot retain this complete counted service declaration.
Error at line 32, column 9: Expected import, struct, enum, union, extern, function, constant or shadow-test definition
Error at line 32, column 35: Expected import, struct, enum, union, extern, function, constant or shadow-test definition
Error at line 32, column 43: Expected import, struct, enum, union, extern, function, constant or shadow-test definition
I cannot allocate this module path.
... stopping after 20 errors
I cannot retain this complete counted service declaration.
Error at line 29, column 9: Expected import, struct, enum, union, extern, function, constant or shadow-test definition
Error at line 29, column 35: Expected import, struct, enum, union, extern, function, constant or shadow-test definition
Error at line 29, column 43: Expected import, struct, enum, union, extern, function, constant or shadow-test definition
I cannot allocate this module path.
I cannot retain this complete counted service declaration.
Error at line 30, column 9: Expected import, struct, enum, union, extern, function, constant or shadow-test definition
Error at line 30, column 35: Expected import, struct, enum, union, extern, function, constant or shadow-test definition
Error at line 30, column 43: Expected import, struct, enum, union, extern, function, constant or shadow-test definition
I cannot allocate this module path.
I cannot retain this complete counted service declaration.
Error at line 31, column 9: Expected import, struct, enum, union, extern, function, constant or shadow-test definition
Error at line 31, column 35: Expected import, struct, enum, union, extern, function, constant or shadow-test definition
Error at line 31, column 43: Expected import, struct, enum, union, extern, function, constant or shadow-test definition
I cannot allocate this module path.
I cannot retain this complete counted service declaration.
Error at line 32, column 9: Expected import, struct, enum, union, extern, function, constant or shadow-test definition
Error at line 32, column 35: Expected import, struct, enum, union, extern, function, constant or shadow-test definition
Error at line 32, column 43: Expected import, struct, enum, union, extern, function, constant or shadow-test definition
I cannot allocate this module path.
... stopping after 20 errors
I cannot retain this complete counted service declaration.
Error at line 29, column 9: Expected import, struct, enum, union, extern, function, constant or shadow-test definition
Error at line 29, column 35: Expected import, struct, enum, union, extern, function, constant or shadow-test definition
Error at line 29, column 43: Expected import, struct, enum, union, extern, function, constant or shadow-test definition
I cannot allocate this module path.
I cannot retain this complete counted service declaration.
Error at line 30, column 9: Expected import, struct, enum, union, extern, function, constant or shadow-test definition
Error at line 30, column 35: Expected import, struct, enum, union, extern, function, constant or shadow-test definition
Error at line 30, column 43: Expected import, struct, enum, union, extern, function, constant or shadow-test definition
I cannot allocate this module path.
I cannot retain this complete counted service declaration.
Error at line 31, column 9: Expected import, struct, enum, union, extern, function, constant or shadow-test definition
Error at line 31, column 35: Expected import, struct, enum, union, extern, function, constant or shadow-test definition
Error at line 31, column 43: Expected import, struct, enum, union, extern, function, constant or shadow-test definition
I cannot allocate this module path.
I cannot retain this complete counted service declaration.
Error at line 32, column 9: Expected import, struct, enum, union, extern, function, constant or shadow-test definition
Error at line 32, column 35: Expected import, struct, enum, union, extern, function, constant or shadow-test definition
Error at line 32, column 43: Expected import, struct, enum, union, extern, function, constant or shadow-test definition
I cannot allocate this module path.
... stopping after 20 errors
I cannot retain this complete counted service declaration.
Error at line 30, column 9: Expected import, struct, enum, union, extern, function, constant or shadow-test definition
Error at line 30, column 35: Expected import, struct, enum, union, extern, function, constant or shadow-test definition
Error at line 30, column 43: Expected import, struct, enum, union, extern, function, constant or shadow-test definition
I cannot allocate this module path.
I cannot retain this complete counted service declaration.
Error at line 31, column 9: Expected import, struct, enum, union, extern, function, constant or shadow-test definition
Error at line 31, column 35: Expected import, struct, enum, union, extern, function, constant or shadow-test definition
Error at line 31, column 43: Expected import, struct, enum, union, extern, function, constant or shadow-test definition
I cannot allocate this module path.
I cannot retain this complete counted service declaration.
Error at line 32, column 9: Expected import, struct, enum, union, extern, function, constant or shadow-test definition
Error at line 32, column 35: Expected import, struct, enum, union, extern, function, constant or shadow-test definition
Error at line 32, column 43: Expected import, struct, enum, union, extern, function, constant or shadow-test definition
I cannot allocate this module path.
I cannot retain this complete counted service declaration.
Error at line 33, column 9: Expected import, struct, enum, union, extern, function, constant or shadow-test definition
Error at line 33, column 35: Expected import, struct, enum, union, extern, function, constant or shadow-test definition
Error at line 33, column 43: Expected import, struct, enum, union, extern, function, constant or shadow-test definition
I cannot allocate this module path.
I cannot retain this complete counted service declaration.
Error at line 30, column 9: Expected import, struct, enum, union, extern, function, constant or shadow-test definition
Error at line 30, column 35: Expected import, struct, enum, union, extern, function, constant or shadow-test definition
Error at line 30, column 43: Expected import, struct, enum, union, extern, function, constant or shadow-test definition
I cannot allocate this module path.
I cannot retain this complete counted service declaration.
Error at line 31, column 9: Expected import, struct, enum, union, extern, function, constant or shadow-test definition
Error at line 31, column 35: Expected import, struct, enum, union, extern, function, constant or shadow-test definition
Error at line 31, column 43: Expected import, struct, enum, union, extern, function, constant or shadow-test definition
I cannot allocate this module path.
I cannot retain this complete counted service declaration.
Error at line 32, column 9: Expected import, struct, enum, union, extern, function, constant or shadow-test definition
Error at line 32, column 35: Expected import, struct, enum, union, extern, function, constant or shadow-test definition
Error at line 32, column 43: Expected import, struct, enum, union, extern, function, constant or shadow-test definition
I cannot allocate this module path.
I cannot retain this complete counted service declaration.
Error at line 33, column 9: Expected import, struct, enum, union, extern, function, constant or shadow-test definition
Error at line 33, column 35: Expected import, struct, enum, union, extern, function, constant or shadow-test definition
Error at line 33, column 43: Expected import, struct, enum, union, extern, function, constant or shadow-test definition
I cannot allocate this module path.
I cannot retain this complete counted service declaration.
Error at line 30, column 9: Expected import, struct, enum, union, extern, function, constant or shadow-test definition
Error at line 30, column 35: Expected import, struct, enum, union, extern, function, constant or shadow-test definition
Error at line 30, column 43: Expected import, struct, enum, union, extern, function, constant or shadow-test definition
I cannot allocate this module path.
I cannot retain this complete counted service declaration.
Error at line 31, column 9: Expected import, struct, enum, union, extern, function, constant or shadow-test definition
Error at line 31, column 35: Expected import, struct, enum, union, extern, function, constant or shadow-test definition
Error at line 31, column 43: Expected import, struct, enum, union, extern, function, constant or shadow-test definition
I cannot allocate this module path.
I cannot retain this complete counted service declaration.
Error at line 32, column 9: Expected import, struct, enum, union, extern, function, constant or shadow-test definition
Error at line 32, column 35: Expected import, struct, enum, union, extern, function, constant or shadow-test definition
Error at line 32, column 43: Expected import, struct, enum, union, extern, function, constant or shadow-test definition
I cannot allocate this module path.
I cannot retain this complete counted service declaration.
Error at line 33, column 9: Expected import, struct, enum, union, extern, function, constant or shadow-test definition
Error at line 33, column 35: Expected import, struct, enum, union, extern, function, constant or shadow-test definition
Error at line 33, column 43: Expected import, struct, enum, union, extern, function, constant or shadow-test definition
I cannot allocate this module path.
I cannot retain this complete counted service declaration.
Error at line 31, column 9: Expected import, struct, enum, union, extern, function, constant or shadow-test definition
Error at line 31, column 35: Expected import, struct, enum, union, extern, function, constant or shadow-test definition
Error at line 31, column 43: Expected import, struct, enum, union, extern, function, constant or shadow-test definition
I cannot allocate this module path.
I cannot retain this complete counted service declaration.
Error at line 32, column 9: Expected import, struct, enum, union, extern, function, constant or shadow-test definition
Error at line 32, column 35: Expected import, struct, enum, union, extern, function, constant or shadow-test definition
Error at line 32, column 43: Expected import, struct, enum, union, extern, function, constant or shadow-test definition
I cannot allocate this module path.
I cannot retain this complete counted service declaration.
Error at line 33, column 9: Expected import, struct, enum, union, extern, function, constant or shadow-test definition
Error at line 33, column 35: Expected import, struct, enum, union, extern, function, constant or shadow-test definition
Error at line 33, column 43: Expected import, struct, enum, union, extern, function, constant or shadow-test definition
I cannot allocate this module path.
I cannot retain this complete counted service declaration.
Error at line 31, column 9: Expected import, struct, enum, union, extern, function, constant or shadow-test definition
Error at line 31, column 35: Expected import, struct, enum, union, extern, function, constant or shadow-test definition
Error at line 31, column 43: Expected import, struct, enum, union, extern, function, constant or shadow-test definition
I cannot allocate this module path.
I cannot retain this complete counted service declaration.
Error at line 32, column 9: Expected import, struct, enum, union, extern, function, constant or shadow-test definition
Error at line 32, column 35: Expected import, struct, enum, union, extern, function, constant or shadow-test definition
Error at line 32, column 43: Expected import, struct, enum, union, extern, function, constant or shadow-test definition
I cannot allocate this module path.
I cannot retain this complete counted service declaration.
Error at line 33, column 9: Expected import, struct, enum, union, extern, function, constant or shadow-test definition
Error at line 33, column 35: Expected import, struct, enum, union, extern, function, constant or shadow-test definition
Error at line 33, column 43: Expected import, struct, enum, union, extern, function, constant or shadow-test definition
I cannot allocate this module path.
I cannot retain this complete counted service declaration.
Error at line 31, column 9: Expected import, struct, enum, union, extern, function, constant or shadow-test definition
Error at line 31, column 35: Expected import, struct, enum, union, extern, function, constant or shadow-test definition
Error at line 31, column 43: Expected import, struct, enum, union, extern, function, constant or shadow-test definition
I cannot allocate this module path.
I cannot retain this complete counted service declaration.
Error at line 32, column 9: Expected import, struct, enum, union, extern, function, constant or shadow-test definition
Error at line 32, column 35: Expected import, struct, enum, union, extern, function, constant or shadow-test definition
Error at line 32, column 43: Expected import, struct, enum, union, extern, function, constant or shadow-test definition
I cannot allocate this module path.
I cannot retain this complete counted service declaration.
Error at line 33, column 9: Expected import, struct, enum, union, extern, function, constant or shadow-test definition
Error at line 33, column 35: Expected import, struct, enum, union, extern, function, constant or shadow-test definition
Error at line 33, column 43: Expected import, struct, enum, union, extern, function, constant or shadow-test definition
I cannot allocate this module path.
I cannot retain this complete counted service declaration.
Error at line 32, column 9: Expected import, struct, enum, union, extern, function, constant or shadow-test definition
Error at line 32, column 35: Expected import, struct, enum, union, extern, function, constant or shadow-test definition
Error at line 32, column 43: Expected import, struct, enum, union, extern, function, constant or shadow-test definition
I cannot allocate this module path.
I cannot retain this complete counted service declaration.
Error at line 33, column 9: Expected import, struct, enum, union, extern, function, constant or shadow-test definition
Error at line 33, column 35: Expected import, struct, enum, union, extern, function, constant or shadow-test definition
Error at line 33, column 43: Expected import, struct, enum, union, extern, function, constant or shadow-test definition
I cannot allocate this module path.
I cannot retain this complete counted service declaration.
Error at line 32, column 9: Expected import, struct, enum, union, extern, function, constant or shadow-test definition
Error at line 32, column 35: Expected import, struct, enum, union, extern, function, constant or shadow-test definition
Error at line 32, column 43: Expected import, struct, enum, union, extern, function, constant or shadow-test definition
I cannot allocate this module path.
I cannot retain this complete counted service declaration.
Error at line 33, column 9: Expected import, struct, enum, union, extern, function, constant or shadow-test definition
Error at line 33, column 35: Expected import, struct, enum, union, extern, function, constant or shadow-test definition
Error at line 33, column 43: Expected import, struct, enum, union, extern, function, constant or shadow-test definition
I cannot allocate this module path.
I cannot retain this complete counted service declaration.
Error at line 32, column 9: Expected import, struct, enum, union, extern, function, constant or shadow-test definition
Error at line 32, column 35: Expected import, struct, enum, union, extern, function, constant or shadow-test definition
Error at line 32, column 43: Expected import, struct, enum, union, extern, function, constant or shadow-test definition
I cannot allocate this module path.
I cannot retain this complete counted service declaration.
Error at line 33, column 9: Expected import, struct, enum, union, extern, function, constant or shadow-test definition
Error at line 33, column 35: Expected import, struct, enum, union, extern, function, constant or shadow-test definition
Error at line 33, column 43: Expected import, struct, enum, union, extern, function, constant or shadow-test definition
I cannot allocate this module path.
I cannot allocate this program declaration table.
I cannot retain this complete counted service declaration.
Error at line 33, column 9: Expected import, struct, enum, union, extern, function, constant or shadow-test definition
Error at line 33, column 35: Expected import, struct, enum, union, extern, function, constant or shadow-test definition
Error at line 33, column 43: Expected import, struct, enum, union, extern, function, constant or shadow-test definition
I cannot allocate this module path.
I cannot retain this complete counted service declaration.
Error at line 33, column 9: Expected import, struct, enum, union, extern, function, constant or shadow-test definition
Error at line 33, column 35: Expected import, struct, enum, union, extern, function, constant or shadow-test definition
Error at line 33, column 43: Expected import, struct, enum, union, extern, function, constant or shadow-test definition
I cannot allocate this module path.
I cannot retain this complete counted service declaration.
Error at line 33, column 9: Expected import, struct, enum, union, extern, function, constant or shadow-test definition
Error at line 33, column 35: Expected import, struct, enum, union, extern, function, constant or shadow-test definition
Error at line 33, column 43: Expected import, struct, enum, union, extern, function, constant or shadow-test definition
I cannot allocate this module path.
I cannot grow this hoisted declaration table.
Warning at line 1, column 66: Unused variable 'n'
[c_backend] I require an exact zero-field variant for an empty match binding.
Error at line 1, column 66: I require an exact zero-field variant for an empty match binding.
Hint: Bind this payload by name, or explicitly discard it with underscore where permitted.
Error at line 1, column 66: I require an exact zero-field variant for an empty match binding.
Hint: Bind this payload by name, or explicitly discard it with underscore where permitted.
Error at line 1, column 117: Expected binding variable in match pattern
Error at line 1, column 117: Expected '}' after match arms (got COMMA)
Error at line 1, column 118: Unexpected token in expression: RPAREN (type=8)
Error at line 1, column 120: Unexpected token in expression: ARROW (type=16)
Error at line 1, column 123: Unexpected token in expression: LBRACE (type=9)
Error at line 1, column 136: Expected import, struct, enum, union, extern, function, constant or shadow-test definition
Error at line 1, column 138: Expected import, struct, enum, union, extern, function, constant or shadow-test definition
Warning at line 1, column 68: Unused variable 'n'
Warning at line 1, column 71: Unused variable 'n'
Warning at line 1, column 66: Unused variable 'n'
I have not resolved File service declarations for this consumer.
I have not resolved File service declarations for this consumer.
I have not resolved File service declarations for this consumer.
I have not resolved File service declarations for this consumer.
I have not resolved File service declarations for this consumer.
I have not resolved File service declarations for this consumer.
I have not resolved File service declarations for this consumer.
I have not resolved File service declarations for this consumer.
