2026-10-09T11:26:48.7406334Z Current runner version: '2.337.0'
2026-10-09T11:26:48.7424660Z ##[group]Runner Image Provisioner
2026-10-09T11:26:48.7425239Z Hosted Compute Agent
2026-10-09T11:26:48.7425627Z Version: 20261002.596
2026-10-09T11:26:48.7425986Z Commit: c3d12f3313a95f25162a1503be624f3b0617f8c0
2026-10-09T11:26:48.7426433Z Build Date: 2026-10-02T22:28:27Z
2026-10-09T11:26:48.7426843Z Worker ID: {5f48210f-b3b1-4133-a4c3-b2255f8c199c}
2026-10-09T11:26:48.7427267Z Region: centralus
2026-10-09T11:26:48.7427628Z Cloud: Azure
2026-10-09T11:26:48.7427939Z ##[endgroup]
2026-10-09T11:26:48.7428712Z ##[group]Operating System
2026-10-09T11:26:48.7429059Z Ubuntu
2026-10-09T11:26:48.7429358Z 24.04.5
2026-10-09T11:26:48.7429729Z LTS
2026-10-09T11:26:48.7430021Z ##[endgroup]
2026-10-09T11:26:48.7430360Z ##[group]Runner Image
2026-10-09T11:26:48.7430752Z Image: ubuntu-24.04
2026-10-09T11:26:48.7431076Z Version: 20261004.327.1
2026-10-09T11:26:48.7432053Z Included Software: https://github.com/actions/runner-images/blob/ubuntu24/20261004.327/images/ubuntu/Ubuntu2404-Readme.md
2026-10-09T11:26:48.7432917Z Image Release: https://github.com/actions/runner-images/releases/tag/ubuntu24%2F20261004.327
2026-10-09T11:26:48.7433474Z ##[endgroup]
2026-10-09T11:26:48.7434193Z ##[group]GITHUB_TOKEN Permissions
2026-10-09T11:26:48.7435362Z Contents: read
2026-10-09T11:26:48.7435682Z Metadata: read
2026-10-09T11:26:48.7436070Z PullRequests: write
2026-10-09T11:26:48.7436406Z ##[endgroup]
2026-10-09T11:26:48.7437758Z Secret source: Actions
2026-10-09T11:26:48.7438286Z Cache mode: write
2026-10-09T11:26:48.7438710Z Prepare workflow directory
2026-10-09T11:26:48.7676990Z Prepare all required actions
2026-10-09T11:26:48.7706782Z Getting action download info
2026-10-09T11:26:48.9876639Z Download action repository 'actions/checkout@v4' (SHA:11d5960a326750d5838078e36cf38b85af677262)
2026-10-09T11:26:49.0737307Z Download action repository 'actions/upload-artifact@v4' (SHA:ea165f8d65b6e75b540449e92b4886f43607fa02)
2026-10-09T11:26:49.2208979Z Download action repository 'actions/github-script@v7' (SHA:f28e40c7f34bde8b3046d885e986cb6290c5673b)
2026-10-09T11:26:49.6273648Z Complete job name: Code Coverage
2026-10-09T11:26:49.6740091Z ##[group]Run actions/checkout@v4
2026-10-09T11:26:49.6740503Z with:
2026-10-09T11:26:49.6740751Z   repository: jordanhubbard/nanolang
2026-10-09T11:26:49.6743046Z   token: ***
2026-10-09T11:26:49.6743278Z   ssh-strict: true
2026-10-09T11:26:49.6743513Z   ssh-user: git
2026-10-09T11:26:49.6743753Z   persist-credentials: true
2026-10-09T11:26:49.6744013Z   clean: true
2026-10-09T11:26:49.6744258Z   sparse-checkout-cone-mode: true
2026-10-09T11:26:49.6744542Z   fetch-depth: 1
2026-10-09T11:26:49.6744775Z   fetch-tags: false
2026-10-09T11:26:49.6745017Z   show-progress: true
2026-10-09T11:26:49.6745261Z   lfs: false
2026-10-09T11:26:49.6745482Z   submodules: false
2026-10-09T11:26:49.6745727Z   set-safe-directory: true
2026-10-09T11:26:49.6745997Z   allow-unsafe-pr-checkout: false
2026-10-09T11:26:49.6746358Z env:
2026-10-09T11:26:49.6746635Z   NANO_VERIFY_CORPUS_LOG_ROOT: .test_output/verifier-corpus
2026-10-09T11:26:49.6747009Z   NANO_SHADOW_TIMEOUT_SECONDS: 60
2026-10-09T11:26:49.6747305Z ##[endgroup]
2026-10-09T11:26:49.7469255Z Syncing repository: jordanhubbard/nanolang
2026-10-09T11:26:49.7472241Z ##[group]Getting Git version info
2026-10-09T11:26:49.7472955Z Working directory is '/home/runner/work/nanolang/nanolang'
2026-10-09T11:26:49.7473719Z [command]/usr/bin/git version
2026-10-09T11:26:49.7490138Z git version 2.55.0
2026-10-09T11:26:49.7507723Z ##[endgroup]
2026-10-09T11:26:49.7519062Z Temporarily overriding HOME='/home/runner/work/_temp/38ef0e66-36c8-453b-9009-d52c9f7cb4c1' before making global git config changes
2026-10-09T11:26:49.7519764Z Adding repository directory to the temporary git global config as a safe directory
2026-10-09T11:26:49.7524623Z [command]/usr/bin/git config --global --add safe.directory /home/runner/work/nanolang/nanolang
2026-10-09T11:26:49.7576632Z Deleting the contents of '/home/runner/work/nanolang/nanolang'
2026-10-09T11:26:49.7579533Z ##[group]Initializing the repository
2026-10-09T11:26:49.7583185Z [command]/usr/bin/git init /home/runner/work/nanolang/nanolang
2026-10-09T11:26:49.7677049Z hint: Using 'master' as the name for the initial branch. This default branch name
2026-10-09T11:26:49.7678050Z hint: will change to "main" in Git 3.0. To configure the initial branch name
2026-10-09T11:26:49.7682850Z hint: to use in all of your new repositories, which will suppress this warning,
2026-10-09T11:26:49.7683601Z hint: call:
2026-10-09T11:26:49.7684040Z hint:
2026-10-09T11:26:49.7684555Z hint: 	git config --global init.defaultBranch <name>
2026-10-09T11:26:49.7685153Z hint:
2026-10-09T11:26:49.7685713Z hint: Names commonly chosen instead of 'master' are 'main', 'trunk' and
2026-10-09T11:26:49.7686584Z hint: 'development'. The just-created branch can be renamed via this command:
2026-10-09T11:26:49.7687276Z hint:
2026-10-09T11:26:49.7687683Z hint: 	git branch -m <name>
2026-10-09T11:26:49.7688142Z hint:
2026-10-09T11:26:49.7688787Z hint: Disable this message with "git config set advice.defaultBranchName false"
2026-10-09T11:26:49.7690052Z Initialized empty Git repository in /home/runner/work/nanolang/nanolang/.git/
2026-10-09T11:26:49.7691943Z [command]/usr/bin/git remote add origin https://github.com/jordanhubbard/nanolang
2026-10-09T11:26:49.7749784Z ##[endgroup]
2026-10-09T11:26:49.7750487Z ##[group]Disabling automatic garbage collection
2026-10-09T11:26:49.7763464Z [command]/usr/bin/git config --local gc.auto 0
2026-10-09T11:26:49.7799954Z ##[endgroup]
2026-10-09T11:26:49.7800650Z ##[group]Setting up auth
2026-10-09T11:26:49.7807893Z [command]/usr/bin/git config --local --name-only --get-regexp core\.sshCommand
2026-10-09T11:26:49.7864078Z [command]/usr/bin/git submodule foreach --recursive sh -c "git config --local --name-only --get-regexp 'core\.sshCommand' && git config --local --unset-all 'core.sshCommand' || :"
2026-10-09T11:26:49.8190786Z [command]/usr/bin/git config --local --name-only --get-regexp http\.https\:\/\/github\.com\/\.extraheader
2026-10-09T11:26:49.8219646Z [command]/usr/bin/git submodule foreach --recursive sh -c "git config --local --name-only --get-regexp 'http\.https\:\/\/github\.com\/\.extraheader' && git config --local --unset-all 'http.https://github.com/.extraheader' || :"
2026-10-09T11:26:49.8391589Z [command]/usr/bin/git config --local --name-only --get-regexp ^includeIf\.gitdir:
2026-10-09T11:26:49.8420791Z [command]/usr/bin/git submodule foreach --recursive git config --local --show-origin --name-only --get-regexp remote.origin.url
2026-10-09T11:26:49.8587836Z [command]/usr/bin/git config --local http.https://github.com/.extraheader AUTHORIZATION: basic ***
2026-10-09T11:26:49.8619539Z ##[endgroup]
2026-10-09T11:26:49.8620120Z ##[group]Fetching the repository
2026-10-09T11:26:49.8626637Z [command]/usr/bin/git -c protocol.version=2 fetch --no-tags --prune --no-recurse-submodules --depth=1 origin +4e7c482021fe677612605ecb51872e2727186444:refs/remotes/pull/974/merge
2026-10-09T11:26:54.9616337Z From https://github.com/jordanhubbard/nanolang
2026-10-09T11:26:54.9617510Z  * [new ref]           4e7c482021fe677612605ecb51872e2727186444 -> pull/974/merge
2026-10-09T11:26:54.9619395Z ##[endgroup]
2026-10-09T11:26:54.9620063Z ##[group]Determining the checkout info
2026-10-09T11:26:54.9621485Z ##[endgroup]
2026-10-09T11:26:54.9642112Z [command]/usr/bin/git sparse-checkout disable
2026-10-09T11:26:54.9752947Z [command]/usr/bin/git config --local --unset-all extensions.worktreeConfig
2026-10-09T11:26:54.9783501Z ##[group]Checking out the ref
2026-10-09T11:26:54.9784173Z [command]/usr/bin/git checkout --progress --force refs/remotes/pull/974/merge
2026-10-09T11:26:56.2155856Z Updating files:  11% (8679/77306)
2026-10-09T11:26:56.4072103Z Updating files:  12% (9277/77306)
2026-10-09T11:26:56.7355889Z Updating files:  13% (10050/77306)
2026-10-09T11:26:56.8558277Z Updating files:  14% (10823/77306)
2026-10-09T11:26:57.0185763Z Updating files:  15% (11596/77306)
2026-10-09T11:26:58.0156176Z Updating files:  15% (11884/77306)
2026-10-09T11:26:58.0716264Z Updating files:  15% (12345/77306)
2026-10-09T11:26:58.9075269Z Updating files:  16% (12369/77306)
2026-10-09T11:26:58.9619602Z Updating files:  17% (13143/77306)
2026-10-09T11:26:59.0215805Z Updating files:  18% (13916/77306)
2026-10-09T11:27:00.0159048Z Updating files:  18% (13954/77306)
2026-10-09T11:27:00.0521645Z Updating files:  18% (14677/77306)
2026-10-09T11:27:01.0089967Z Updating files:  19% (14689/77306)
2026-10-09T11:27:01.0324931Z Updating files:  20% (15462/77306)
2026-10-09T11:27:01.2938706Z Updating files:  20% (15477/77306)
2026-10-09T11:27:01.3985714Z Updating files:  21% (16235/77306)
2026-10-09T11:27:01.4335261Z Updating files:  22% (17008/77306)
2026-10-09T11:27:01.5815410Z Updating files:  23% (17781/77306)
2026-10-09T11:27:01.6407842Z Updating files:  24% (18554/77306)
2026-10-09T11:27:01.6836517Z Updating files:  25% (19327/77306)
2026-10-09T11:27:01.7433542Z Updating files:  26% (20100/77306)
2026-10-09T11:27:01.8004235Z Updating files:  27% (20873/77306)
2026-10-09T11:27:01.8384765Z Updating files:  28% (21646/77306)
2026-10-09T11:27:01.9422458Z Updating files:  29% (22419/77306)
2026-10-09T11:27:02.0095323Z Updating files:  30% (23192/77306)
2026-10-09T11:27:02.0253585Z Updating files:  31% (23965/77306)
2026-10-09T11:27:02.0475377Z Updating files:  31% (24050/77306)
2026-10-09T11:27:02.1112090Z Updating files:  32% (24738/77306)
2026-10-09T11:27:02.2727383Z Updating files:  33% (25511/77306)
2026-10-09T11:27:02.3705561Z Updating files:  34% (26285/77306)
2026-10-09T11:27:02.4225751Z Updating files:  35% (27058/77306)
2026-10-09T11:27:02.4599545Z Updating files:  36% (27831/77306)
2026-10-09T11:27:02.4954168Z Updating files:  37% (28604/77306)
2026-10-09T11:27:02.5444837Z Updating files:  38% (29377/77306)
2026-10-09T11:27:02.6078251Z Updating files:  39% (30150/77306)
2026-10-09T11:27:02.6476795Z Updating files:  40% (30923/77306)
2026-10-09T11:27:02.7354597Z Updating files:  41% (31696/77306)
2026-10-09T11:27:02.8576166Z Updating files:  42% (32469/77306)
2026-10-09T11:27:02.8936721Z Updating files:  43% (33242/77306)
2026-10-09T11:27:02.9445784Z Updating files:  44% (34015/77306)
2026-10-09T11:27:02.9954872Z Updating files:  45% (34788/77306)
2026-10-09T11:27:03.0146005Z Updating files:  46% (35561/77306)
2026-10-09T11:27:03.0579370Z Updating files:  46% (36117/77306)
2026-10-09T11:27:03.0941489Z Updating files:  47% (36334/77306)
2026-10-09T11:27:03.1392283Z Updating files:  48% (37107/77306)
2026-10-09T11:27:03.2010000Z Updating files:  49% (37880/77306)
2026-10-09T11:27:03.7050088Z Updating files:  50% (38653/77306)
2026-10-09T11:27:03.7478800Z Updating files:  51% (39427/77306)
2026-10-09T11:27:04.0154875Z Updating files:  52% (40200/77306)
2026-10-09T11:27:04.3671567Z Updating files:  52% (40790/77306)
2026-10-09T11:27:04.6698486Z Updating files:  53% (40973/77306)
2026-10-09T11:27:04.7758233Z Updating files:  54% (41746/77306)
2026-10-09T11:27:04.9658554Z Updating files:  55% (42519/77306)
2026-10-09T11:27:05.0164343Z Updating files:  56% (43292/77306)
2026-10-09T11:27:05.0170025Z Updating files:  56% (44059/77306)
2026-10-09T11:27:05.2906672Z Updating files:  57% (44065/77306)
2026-10-09T11:27:05.5198864Z Updating files:  58% (44838/77306)
2026-10-09T11:27:05.5503926Z Updating files:  59% (45611/77306)
2026-10-09T11:27:05.6799182Z Updating files:  60% (46384/77306)
2026-10-09T11:27:06.0281470Z Updating files:  61% (47157/77306)
2026-10-09T11:27:07.0197168Z Updating files:  61% (47235/77306)
2026-10-09T11:27:07.2708343Z Updating files:  61% (47714/77306)
2026-10-09T11:27:07.4665680Z Updating files:  62% (47930/77306)
2026-10-09T11:27:07.6934567Z Updating files:  63% (48703/77306)
2026-10-09T11:27:07.7100739Z Updating files:  64% (49476/77306)
2026-10-09T11:27:07.7270289Z Updating files:  65% (50249/77306)
2026-10-09T11:27:07.7446171Z Updating files:  66% (51022/77306)
2026-10-09T11:27:07.7624962Z Updating files:  67% (51796/77306)
2026-10-09T11:27:08.0384975Z Updating files:  68% (52569/77306)
2026-10-09T11:27:08.8369002Z Updating files:  68% (53174/77306)
2026-10-09T11:27:09.0188041Z Updating files:  69% (53342/77306)
2026-10-09T11:27:10.0335996Z Updating files:  69% (53372/77306)
2026-10-09T11:27:10.6438528Z Updating files:  69% (53945/77306)
2026-10-09T11:27:11.0144892Z Updating files:  70% (54115/77306)
2026-10-09T11:27:12.0164310Z Updating files:  70% (54207/77306)
2026-10-09T11:27:12.4010291Z Updating files:  70% (54553/77306)
2026-10-09T11:27:12.5876697Z Updating files:  71% (54888/77306)
2026-10-09T11:27:12.9127984Z Updating files:  72% (55661/77306)
2026-10-09T11:27:13.0164897Z Updating files:  73% (56434/77306)
2026-10-09T11:27:13.2650793Z Updating files:  73% (56677/77306)
2026-10-09T11:27:13.5764556Z Updating files:  74% (57207/77306)
2026-10-09T11:27:14.0979175Z Updating files:  75% (57980/77306)
2026-10-09T11:27:14.1037242Z Updating files:  75% (58731/77306)
2026-10-09T11:27:14.3047200Z Updating files:  76% (58753/77306)
2026-10-09T11:27:14.6886882Z Updating files:  77% (59526/77306)
2026-10-09T11:27:15.0165735Z Updating files:  78% (60299/77306)
2026-10-09T11:27:15.0653050Z Updating files:  78% (60944/77306)
2026-10-09T11:27:15.2622695Z Updating files:  79% (61072/77306)
2026-10-09T11:27:15.2915608Z Updating files:  80% (61845/77306)
2026-10-09T11:27:15.3096854Z Updating files:  81% (62618/77306)
2026-10-09T11:27:15.5778104Z Updating files:  82% (63391/77306)
2026-10-09T11:27:15.5939242Z Updating files:  83% (64164/77306)
2026-10-09T11:27:15.6116204Z Updating files:  84% (64938/77306)
2026-10-09T11:27:15.6280242Z Updating files:  85% (65711/77306)
2026-10-09T11:27:15.6443453Z Updating files:  86% (66484/77306)
2026-10-09T11:27:15.6601286Z Updating files:  87% (67257/77306)
2026-10-09T11:27:15.6776950Z Updating files:  88% (68030/77306)
2026-10-09T11:27:16.0247558Z Updating files:  89% (68803/77306)
2026-10-09T11:27:17.0397379Z Updating files:  89% (69128/77306)
2026-10-09T11:27:17.2197742Z Updating files:  89% (69533/77306)
2026-10-09T11:27:17.8951030Z Updating files:  90% (69576/77306)
2026-10-09T11:27:17.9903449Z Updating files:  91% (70349/77306)
2026-10-09T11:27:18.0387199Z Updating files:  92% (71122/77306)
2026-10-09T11:27:18.6206060Z Updating files:  92% (71522/77306)
2026-10-09T11:27:19.0385021Z Updating files:  93% (71895/77306)
2026-10-09T11:27:19.4928075Z Updating files:  93% (72230/77306)
2026-10-09T11:27:20.0184644Z Updating files:  94% (72668/77306)
2026-10-09T11:27:20.0604168Z Updating files:  94% (73349/77306)
2026-10-09T11:27:20.3379529Z Updating files:  95% (73441/77306)
2026-10-09T11:27:20.3737815Z Updating files:  96% (74214/77306)
2026-10-09T11:27:20.4425359Z Updating files:  97% (74987/77306)
2026-10-09T11:27:20.4812093Z Updating files:  98% (75760/77306)
2026-10-09T11:27:20.5302613Z Updating files:  99% (76533/77306)
2026-10-09T11:27:20.5302946Z Updating files: 100% (77306/77306)
2026-10-09T11:27:20.5303204Z Updating files: 100% (77306/77306), done.
2026-10-09T11:27:20.6632576Z Note: switching to 'refs/remotes/pull/974/merge'.
2026-10-09T11:27:20.6632756Z 
2026-10-09T11:27:20.6632899Z You are in 'detached HEAD' state. You can look around, make experimental
2026-10-09T11:27:20.6633194Z changes and commit them, and you can discard any commits you make in this
2026-10-09T11:27:20.6633438Z state without impacting any branches by switching back to a branch.
2026-10-09T11:27:20.6633576Z 
2026-10-09T11:27:20.6633672Z If you want to create a new branch to retain commits you create, you may
2026-10-09T11:27:20.6633898Z do so (now or later) by using -c with the switch command. Example:
2026-10-09T11:27:20.6634029Z 
2026-10-09T11:27:20.6634089Z   git switch -c <new-branch-name>
2026-10-09T11:27:20.6634179Z 
2026-10-09T11:27:20.6634230Z Or undo this operation with:
2026-10-09T11:27:20.6634314Z 
2026-10-09T11:27:20.6634362Z   git switch -
2026-10-09T11:27:20.6634423Z 
2026-10-09T11:27:20.6634532Z Turn off this advice by setting config variable advice.detachedHead to false
2026-10-09T11:27:20.6634685Z 
2026-10-09T11:27:20.6634867Z HEAD is now at 4e7c4820 Merge 51c8cfb48540a3badd45962febcf92df3e286963 into 1bbae0bb051efb1c6b356a98d12be0494b9ff935
2026-10-09T11:27:20.6728027Z ##[endgroup]
2026-10-09T11:27:20.6766954Z [command]/usr/bin/git log -1 --format=%H
2026-10-09T11:27:20.6787412Z 4e7c482021fe677612605ecb51872e2727186444
2026-10-09T11:27:20.8236629Z ##[group]Run # Already satisfied on some images; skip rather than fight the
2026-10-09T11:27:20.8236999Z [36;1m# Already satisfied on some images; skip rather than fight the[0m
2026-10-09T11:27:20.8237236Z [36;1m# environment. Where pip refuses under PEP 668[0m
2026-10-09T11:27:20.8237472Z [36;1m# (externally-managed-environment, seen on the arm64 runners), retry[0m
2026-10-09T11:27:20.8237742Z [36;1m# with --break-system-packages: this is a throwaway CI environment,[0m
2026-10-09T11:27:20.8237962Z [36;1m# not a system Python worth protecting.[0m
2026-10-09T11:27:20.8238150Z [36;1mpython3 -c 'import yaml' 2>/dev/null && exit 0[0m
2026-10-09T11:27:20.8238340Z [36;1mpython3 -m pip install --user --upgrade pyyaml \[0m
2026-10-09T11:27:20.8238574Z [36;1m  || python3 -m pip install --user --break-system-packages --upgrade pyyaml[0m
2026-10-09T11:27:20.8238812Z [36;1mpython3 -c 'import yaml'[0m
2026-10-09T11:27:20.8565819Z shell: /usr/bin/bash --noprofile --norc -e -o pipefail {0}
2026-10-09T11:27:20.8566010Z env:
2026-10-09T11:27:20.8566161Z   NANO_VERIFY_CORPUS_LOG_ROOT: .test_output/verifier-corpus
2026-10-09T11:27:20.8566344Z   NANO_SHADOW_TIMEOUT_SECONDS: 60
2026-10-09T11:27:20.8566479Z ##[endgroup]
2026-10-09T11:27:21.0186330Z ##[group]Run ./scripts/ci-apt-install.sh \
2026-10-09T11:27:21.0186539Z [36;1m./scripts/ci-apt-install.sh \[0m
2026-10-09T11:27:21.0186688Z [36;1m  build-essential \[0m
2026-10-09T11:27:21.0186811Z [36;1m  lcov \[0m
2026-10-09T11:27:21.0186911Z [36;1m  bc \[0m
2026-10-09T11:27:21.0187018Z [36;1m  pkg-config \[0m
2026-10-09T11:27:21.0187158Z [36;1m  libssl-dev libffi-dev libsqlite3-dev \[0m
2026-10-09T11:27:21.0187314Z [36;1m  libsdl2-dev \[0m
2026-10-09T11:27:21.0187435Z [36;1m  libsdl2-image-dev \[0m
2026-10-09T11:27:21.0187564Z [36;1m  libsdl2-mixer-dev \[0m
2026-10-09T11:27:21.0187703Z [36;1m  libsdl2-ttf-dev \[0m
2026-10-09T11:27:21.0187828Z [36;1m  libutf8proc-dev \[0m
2026-10-09T11:27:21.0187965Z [36;1m  libncurses-dev libreadline-dev \[0m
2026-10-09T11:27:21.0188130Z [36;1m  libevent-dev libuv1-dev libbullet-dev \[0m
2026-10-09T11:27:21.0188305Z [36;1m  libglfw3-dev libglew-dev freeglut3-dev \[0m
2026-10-09T11:27:21.0188459Z [36;1m  gforth[0m
2026-10-09T11:27:21.0239821Z shell: /usr/bin/bash -e {0}
2026-10-09T11:27:21.0239956Z env:
2026-10-09T11:27:21.0240100Z   NANO_VERIFY_CORPUS_LOG_ROOT: .test_output/verifier-corpus
2026-10-09T11:27:21.0240283Z   NANO_SHADOW_TIMEOUT_SECONDS: 60
2026-10-09T11:27:21.0240417Z   CI_APT_ATTEMPTS: 2
2026-10-09T11:27:21.0240534Z   CI_APT_TIMEOUT_SECS: 420
2026-10-09T11:27:21.0240654Z   CI_APT_BACKOFF_SECS: 5
2026-10-09T11:27:21.0240774Z ##[endgroup]
2026-10-09T11:27:21.0419525Z apt install attempt 1/2 (timeout 420s): build-essential lcov bc pkg-config libssl-dev libffi-dev libsqlite3-dev libsdl2-dev libsdl2-image-dev libsdl2-mixer-dev libsdl2-ttf-dev libutf8proc-dev libncurses-dev libreadline-dev libevent-dev libuv1-dev libbullet-dev libglfw3-dev libglew-dev freeglut3-dev gforth
2026-10-09T11:27:28.0700374Z Reading package lists...
2026-10-09T11:27:28.2178015Z Building dependency tree...
2026-10-09T11:27:28.2183297Z Reading state information...
2026-10-09T11:27:28.3412513Z bc is already the newest version (1.07.1-3ubuntu4).
2026-10-09T11:27:28.3412762Z bc set to manually installed.
2026-10-09T11:27:28.3412939Z pkg-config is already the newest version (1.8.1-2build1).
2026-10-09T11:27:28.3413282Z libssl-dev is already the newest version (3.0.13-0ubuntu3.16).
2026-10-09T11:27:28.3413631Z libffi-dev is already the newest version (3.4.6-1build1).
2026-10-09T11:27:28.3413910Z libffi-dev set to manually installed.
2026-10-09T11:27:28.3414199Z libsqlite3-dev is already the newest version (3.45.1-1ubuntu2.8).
2026-10-09T11:27:28.3414588Z libncurses-dev is already the newest version (6.4+20240113-1ubuntu2.2).
2026-10-09T11:27:28.3415223Z libncurses-dev set to manually installed.
2026-10-09T11:27:28.3415498Z The following additional packages will be installed:
2026-10-09T11:27:28.3416128Z   bzip2-doc gforth-common gforth-lib gir1.2-freedesktop gir1.2-freedesktop-dev
2026-10-09T11:27:28.3416581Z   gir1.2-glib-2.0-dev gir1.2-harfbuzz-0.0 gir1.2-ibus-1.0 libalgorithm-c3-perl
2026-10-09T11:27:28.3416973Z   libasound2-dev libasyncns0 libb-hooks-endofscope-perl
2026-10-09T11:27:28.3417338Z   libb-hooks-op-check-perl libblkid-dev libbrotli-dev libbullet3.24t64
2026-10-09T11:27:28.3417753Z   libbz2-dev libcapture-tiny-perl libclass-c3-perl libclass-c3-xs-perl
2026-10-09T11:27:28.3418137Z   libclass-data-inheritable-perl libclass-inspector-perl
2026-10-09T11:27:28.3418483Z   libclass-method-modifiers-perl libclass-singleton-perl
2026-10-09T11:27:28.3418872Z   libclass-xsaccessor-perl libdata-optlist-perl libdatetime-locale-perl
2026-10-09T11:27:28.3419300Z   libdatetime-perl libdatetime-timezone-perl libdbus-1-dev libdecor-0-0
2026-10-09T11:27:28.3419679Z   libdecor-0-dev libdecor-0-plugin-1-gtk libdeflate-dev
2026-10-09T11:27:28.3420039Z   libdevel-callchecker-perl libdevel-caller-perl libdevel-lexalias-perl
2026-10-09T11:27:28.3420456Z   libdevel-stacktrace-perl libdrm-dev libdrm-nouveau2 libdrm-radeon1
2026-10-09T11:27:28.3420844Z   libdynaloader-functions-perl libegl-dev libegl-mesa0 libegl1
2026-10-09T11:27:28.3421633Z   libegl1-mesa-dev libeval-closure-perl libevent-2.1-7t64
2026-10-09T11:27:28.3422023Z   libevent-extra-2.1-7t64 libevent-openssl-2.1-7t64 libexception-class-perl
2026-10-09T11:27:28.3422439Z   libfile-sharedir-perl libflac-dev libflac12t64 libfluidsynth-dev
2026-10-09T11:27:28.3422825Z   libfluidsynth3 libfreetype-dev libfreetype6 libgbm-dev libgd-perl
2026-10-09T11:27:28.3423224Z   libgirepository-2.0-0 libgl-dev libgl1-mesa-dev libgles-dev libgles1
2026-10-09T11:27:28.3423642Z   libgles2 libglew2.2 libglfw3 libglib2.0-dev libglib2.0-dev-bin libglu1-mesa
2026-10-09T11:27:28.3424064Z   libglu1-mesa-dev libglut-dev libglut3.12 libglvnd-core-dev libglvnd-dev
2026-10-09T11:27:28.3424460Z   libglx-dev libgraphite2-dev libharfbuzz-cairo0 libharfbuzz-dev
2026-10-09T11:27:28.3424860Z   libharfbuzz-gobject0 libharfbuzz-icu0 libharfbuzz-subset0 libibus-1.0-5
2026-10-09T11:27:28.3425292Z   libibus-1.0-dev libice-dev libinstpatch-1.0-2 libinstpatch-dev libjack-dev
2026-10-09T11:27:28.3425728Z   libjack0 libjbig-dev libjpeg-dev libjpeg-turbo8-dev libjpeg8-dev liblerc-dev
2026-10-09T11:27:28.3426154Z   liblzma-dev libmodplug-dev libmodplug1 libmodule-implementation-perl
2026-10-09T11:27:28.3426590Z   libmodule-runtime-perl libmount-dev libmp3lame0 libmpg123-0t64 libmpg123-dev
2026-10-09T11:27:28.3427035Z   libmro-compat-perl libnamespace-autoclean-perl libnamespace-clean-perl
2026-10-09T11:27:28.3427462Z   libogg-dev libopengl-dev libopengl0 libopus-dev libopus0 libopusfile-dev
2026-10-09T11:27:28.3427900Z   libopusfile0 libout123-0t64 libpackage-stash-perl libpackage-stash-xs-perl
2026-10-09T11:27:28.3428163Z   libpadwalker-perl libparams-classify-perl libparams-util-perl
2026-10-09T11:27:28.3428429Z   libparams-validationcompiler-perl libpciaccess-dev libperlio-gzip-perl
2026-10-09T11:27:28.3428710Z   libpipewire-0.3-0t64 libpipewire-0.3-common libpipewire-0.3-dev libpng-dev
2026-10-09T11:27:28.3428970Z   libpng-tools libpng16-16t64 libpthread-stubs0-dev libpulse-dev
2026-10-09T11:27:28.3429222Z   libpulse-mainloop-glib0 libpulse0 libreadonly-perl libref-util-perl
2026-10-09T11:27:28.3429508Z   libref-util-xs-perl librole-tiny-perl libsamplerate0 libsamplerate0-dev
2026-10-09T11:27:28.3429777Z   libsdl2-2.0-0 libsdl2-image-2.0-0 libsdl2-mixer-2.0-0 libsdl2-ttf-2.0-0
2026-10-09T11:27:28.3430029Z   libselinux1-dev libsepol-dev libsharpyuv-dev libsm-dev libsndfile1
2026-10-09T11:27:28.3430284Z   libsndfile1-dev libsndio-dev libsndio7.0 libspa-0.2-dev libspa-0.2-modules
2026-10-09T11:27:28.3430554Z   libspecio-perl libsub-exporter-perl libsub-exporter-progressive-perl
2026-10-09T11:27:28.3430834Z   libsub-identify-perl libsub-install-perl libsub-name-perl libsub-quote-perl
2026-10-09T11:27:28.3431634Z   libsyn123-0t64 libsystemd-dev libtiff-dev libtiffxx6 libtry-tiny-perl
2026-10-09T11:27:28.3431908Z   libudev-dev libutf8proc3 libvariable-magic-perl libvorbis-dev libvorbisenc2
2026-10-09T11:27:28.3432187Z   libvulkan-dev libwayland-bin libwayland-dev libwayland-server0 libwebp-dev
2026-10-09T11:27:28.3432572Z   libwebpdecoder3 libwebrtc-audio-processing1 libx11-dev libxau-dev
2026-10-09T11:27:28.3432983Z   libxcb1-dev libxcursor-dev libxdmcp-dev libxext-dev libxfixes-dev libxi-dev
2026-10-09T11:27:28.3433416Z   libxinerama-dev libxkbcommon-dev libxrandr-dev libxrender-dev libxss-dev
2026-10-09T11:27:28.3433847Z   libxstring-perl libxt-dev libxv-dev libxv1 libxxf86vm-dev timgm6mb-soundfont
2026-10-09T11:27:28.3434221Z   uuid-dev x11proto-dev xorg-sgml-doctools xtrans-dev
2026-10-09T11:27:28.3434484Z Suggested packages:
2026-10-09T11:27:28.3434749Z   libasound2-doc freetype2-doc glew-utils libosmesa6 libglfw3-doc
2026-10-09T11:27:28.3435145Z   libglib2.0-doc libgdk-pixbuf2.0-bin libxml2-utils libgraphite2-utils
2026-10-09T11:27:28.3435558Z   libice-doc jackd1 liblzma-doc opus-tools libscalar-number-perl pipewire
2026-10-09T11:27:28.3435978Z   pipewire-doc pulseaudio readline-doc libsm-doc sndiod libtest-fatal-perl
2026-10-09T11:27:28.3436355Z   libwayland-doc libx11-doc libxcb-doc libxext-doc libxt-doc
2026-10-09T11:27:28.3436642Z   fluid-soundfont-gm
2026-10-09T11:27:28.3996199Z The following NEW packages will be installed:
2026-10-09T11:27:28.3996791Z   build-essential bzip2-doc freeglut3-dev gforth gforth-common gforth-lib
2026-10-09T11:27:28.3997219Z   gir1.2-freedesktop gir1.2-freedesktop-dev gir1.2-glib-2.0-dev
2026-10-09T11:27:28.3997626Z   gir1.2-harfbuzz-0.0 gir1.2-ibus-1.0 lcov libalgorithm-c3-perl libasound2-dev
2026-10-09T11:27:28.3998086Z   libasyncns0 libb-hooks-endofscope-perl libb-hooks-op-check-perl libblkid-dev
2026-10-09T11:27:28.3998550Z   libbrotli-dev libbullet-dev libbullet3.24t64 libbz2-dev libcapture-tiny-perl
2026-10-09T11:27:28.3999002Z   libclass-c3-perl libclass-c3-xs-perl libclass-data-inheritable-perl
2026-10-09T11:27:28.3999392Z   libclass-inspector-perl libclass-method-modifiers-perl
2026-10-09T11:27:28.3999789Z   libclass-singleton-perl libclass-xsaccessor-perl libdata-optlist-perl
2026-10-09T11:27:28.4000219Z   libdatetime-locale-perl libdatetime-perl libdatetime-timezone-perl
2026-10-09T11:27:28.4000627Z   libdbus-1-dev libdecor-0-0 libdecor-0-dev libdecor-0-plugin-1-gtk
2026-10-09T11:27:28.4001011Z   libdeflate-dev libdevel-callchecker-perl libdevel-caller-perl
2026-10-09T11:27:28.4001582Z   libdevel-lexalias-perl libdevel-stacktrace-perl libdrm-dev libdrm-nouveau2
2026-10-09T11:27:28.4002043Z   libdrm-radeon1 libdynaloader-functions-perl libegl-dev libegl-mesa0 libegl1
2026-10-09T11:27:28.4002476Z   libegl1-mesa-dev libeval-closure-perl libevent-2.1-7t64 libevent-dev
2026-10-09T11:27:28.4002920Z   libevent-extra-2.1-7t64 libevent-openssl-2.1-7t64 libexception-class-perl
2026-10-09T11:27:28.4003344Z   libfile-sharedir-perl libflac-dev libflac12t64 libfluidsynth-dev
2026-10-09T11:27:28.4003777Z   libfluidsynth3 libfreetype-dev libgbm-dev libgd-perl libgirepository-2.0-0
2026-10-09T11:27:28.4004201Z   libgl-dev libgl1-mesa-dev libgles-dev libgles1 libgles2 libglew-dev
2026-10-09T11:27:28.4004587Z   libglew2.2 libglfw3 libglfw3-dev libglib2.0-dev libglib2.0-dev-bin
2026-10-09T11:27:28.4004988Z   libglu1-mesa libglu1-mesa-dev libglut-dev libglut3.12 libglvnd-core-dev
2026-10-09T11:27:28.4005419Z   libglvnd-dev libglx-dev libgraphite2-dev libharfbuzz-cairo0 libharfbuzz-dev
2026-10-09T11:27:28.4005860Z   libharfbuzz-gobject0 libharfbuzz-icu0 libharfbuzz-subset0 libibus-1.0-5
2026-10-09T11:27:28.4006294Z   libibus-1.0-dev libice-dev libinstpatch-1.0-2 libinstpatch-dev libjack-dev
2026-10-09T11:27:28.4006730Z   libjack0 libjbig-dev libjpeg-dev libjpeg-turbo8-dev libjpeg8-dev liblerc-dev
2026-10-09T11:27:28.4007160Z   liblzma-dev libmodplug-dev libmodplug1 libmodule-implementation-perl
2026-10-09T11:27:28.4007599Z   libmodule-runtime-perl libmount-dev libmp3lame0 libmpg123-0t64 libmpg123-dev
2026-10-09T11:27:28.4008204Z   libmro-compat-perl libnamespace-autoclean-perl libnamespace-clean-perl
2026-10-09T11:27:28.4008638Z   libogg-dev libopengl-dev libopengl0 libopus-dev libopus0 libopusfile-dev
2026-10-09T11:27:28.4009080Z   libopusfile0 libout123-0t64 libpackage-stash-perl libpackage-stash-xs-perl
2026-10-09T11:27:28.4009503Z   libpadwalker-perl libparams-classify-perl libparams-util-perl
2026-10-09T11:27:28.4009927Z   libparams-validationcompiler-perl libpciaccess-dev libperlio-gzip-perl
2026-10-09T11:27:28.4010383Z   libpipewire-0.3-0t64 libpipewire-0.3-common libpipewire-0.3-dev libpng-dev
2026-10-09T11:27:28.4010826Z   libpng-tools libpthread-stubs0-dev libpulse-dev libpulse-mainloop-glib0
2026-10-09T11:27:28.4011187Z   libpulse0 libreadline-dev libreadonly-perl libref-util-perl
2026-10-09T11:27:28.4011540Z   libref-util-xs-perl librole-tiny-perl libsamplerate0 libsamplerate0-dev
2026-10-09T11:27:28.4011797Z   libsdl2-2.0-0 libsdl2-dev libsdl2-image-2.0-0 libsdl2-image-dev
2026-10-09T11:27:28.4012048Z   libsdl2-mixer-2.0-0 libsdl2-mixer-dev libsdl2-ttf-2.0-0 libsdl2-ttf-dev
2026-10-09T11:27:28.4012304Z   libselinux1-dev libsepol-dev libsharpyuv-dev libsm-dev libsndfile1
2026-10-09T11:27:28.4012564Z   libsndfile1-dev libsndio-dev libsndio7.0 libspa-0.2-dev libspa-0.2-modules
2026-10-09T11:27:28.4012937Z   libspecio-perl libsub-exporter-perl libsub-exporter-progressive-perl
2026-10-09T11:27:28.4013218Z   libsub-identify-perl libsub-install-perl libsub-name-perl libsub-quote-perl
2026-10-09T11:27:28.4013497Z   libsyn123-0t64 libsystemd-dev libtiff-dev libtiffxx6 libtry-tiny-perl
2026-10-09T11:27:28.4013764Z   libudev-dev libutf8proc-dev libutf8proc3 libuv1-dev libvariable-magic-perl
2026-10-09T11:27:28.4014036Z   libvorbis-dev libvorbisenc2 libvulkan-dev libwayland-bin libwayland-dev
2026-10-09T11:27:28.4014310Z   libwayland-server0 libwebp-dev libwebpdecoder3 libwebrtc-audio-processing1
2026-10-09T11:27:28.4014587Z   libx11-dev libxau-dev libxcb1-dev libxcursor-dev libxdmcp-dev libxext-dev
2026-10-09T11:27:28.4014856Z   libxfixes-dev libxi-dev libxinerama-dev libxkbcommon-dev libxrandr-dev
2026-10-09T11:27:28.4015115Z   libxrender-dev libxss-dev libxstring-perl libxt-dev libxv-dev libxv1
2026-10-09T11:27:28.4015379Z   libxxf86vm-dev timgm6mb-soundfont uuid-dev x11proto-dev xorg-sgml-doctools
2026-10-09T11:27:28.4015586Z   xtrans-dev
2026-10-09T11:27:28.4015720Z The following packages will be upgraded:
2026-10-09T11:27:28.4015880Z   libfreetype6 libpng16-16t64
2026-10-09T11:27:28.4195946Z 2 upgraded, 213 newly installed, 0 to remove and 21 not upgraded.
2026-10-09T11:27:28.4196327Z Need to get 39.1 MB of archives.
2026-10-09T11:27:28.4196630Z After this operation, 192 MB of additional disk space will be used.
2026-10-09T11:27:28.4196988Z Get:1 file:/etc/apt/apt-mirrors.txt Mirrorlist [144 B]
2026-10-09T11:27:28.5848342Z Get:2 http://azure.archive.ubuntu.com/ubuntu noble-updates/main amd64 libpng16-16t64 amd64 1.6.43-5ubuntu0.7 [189 kB]
2026-10-09T11:27:28.6890931Z Get:3 http://azure.archive.ubuntu.com/ubuntu noble/main amd64 build-essential amd64 12.10ubuntu1 [4928 B]
2026-10-09T11:27:28.7286332Z Get:4 http://azure.archive.ubuntu.com/ubuntu noble-updates/main amd64 bzip2-doc all 1.0.8-5.1ubuntu0.1 [499 kB]
2026-10-09T11:27:28.8082539Z Get:5 http://azure.archive.ubuntu.com/ubuntu noble/universe amd64 libglut3.12 amd64 3.4.0-1build1 [98.0 kB]
2026-10-09T11:27:28.8425168Z Get:6 http://azure.archive.ubuntu.com/ubuntu noble/main amd64 xorg-sgml-doctools all 1:1.11-1.1 [10.9 kB]
2026-10-09T11:27:28.9022585Z Get:7 http://azure.archive.ubuntu.com/ubuntu noble/main amd64 x11proto-dev all 2023.2-1 [602 kB]
2026-10-09T11:27:28.9379567Z Get:8 http://azure.archive.ubuntu.com/ubuntu noble/main amd64 libxau-dev amd64 1:1.0.9-1build6 [9570 B]
2026-10-09T11:27:29.0025316Z Get:9 http://azure.archive.ubuntu.com/ubuntu noble/main amd64 libxdmcp-dev amd64 1:1.1.3-0ubuntu6 [26.5 kB]
2026-10-09T11:27:29.0488125Z Get:10 http://azure.archive.ubuntu.com/ubuntu noble/main amd64 xtrans-dev all 1.4.0-1 [68.9 kB]
2026-10-09T11:27:29.1191681Z Get:11 http://azure.archive.ubuntu.com/ubuntu noble/main amd64 libpthread-stubs0-dev amd64 0.4-1build3 [4746 B]
2026-10-09T11:27:29.2148413Z Get:12 http://azure.archive.ubuntu.com/ubuntu noble/main amd64 libxcb1-dev amd64 1.15-1ubuntu2 [85.8 kB]
2026-10-09T11:27:29.3191131Z Get:13 http://azure.archive.ubuntu.com/ubuntu noble/main amd64 libx11-dev amd64 2:1.8.7-1build1 [732 kB]
2026-10-09T11:27:29.4092901Z Get:14 http://azure.archive.ubuntu.com/ubuntu noble/main amd64 libglx-dev amd64 1.7.0-1build1 [14.2 kB]
2026-10-09T11:27:29.4491752Z Get:15 http://azure.archive.ubuntu.com/ubuntu noble/main amd64 libgl-dev amd64 1.7.0-1build1 [102 kB]
2026-10-09T11:27:29.5099296Z Get:16 http://azure.archive.ubuntu.com/ubuntu noble/main amd64 libglvnd-core-dev amd64 1.7.0-1build1 [13.6 kB]
2026-10-09T11:27:29.5930991Z Get:17 http://azure.archive.ubuntu.com/ubuntu noble-updates/main amd64 libegl-mesa0 amd64 25.2.8-0ubuntu0.24.04.4 [117 kB]
2026-10-09T11:27:29.6393830Z Get:18 http://azure.archive.ubuntu.com/ubuntu noble/main amd64 libegl1 amd64 1.7.0-1build1 [28.7 kB]
2026-10-09T11:27:29.6796245Z Get:19 http://azure.archive.ubuntu.com/ubuntu noble/main amd64 libegl-dev amd64 1.7.0-1build1 [18.2 kB]
2026-10-09T11:27:29.7641602Z Get:20 http://azure.archive.ubuntu.com/ubuntu noble/main amd64 libgles1 amd64 1.7.0-1build1 [11.6 kB]
2026-10-09T11:27:29.8307112Z Get:21 http://azure.archive.ubuntu.com/ubuntu noble/main amd64 libgles2 amd64 1.7.0-1build1 [17.1 kB]
2026-10-09T11:27:29.9003428Z Get:22 http://azure.archive.ubuntu.com/ubuntu noble/main amd64 libgles-dev amd64 1.7.0-1build1 [50.5 kB]
2026-10-09T11:27:29.9360003Z Get:23 http://azure.archive.ubuntu.com/ubuntu noble/main amd64 libopengl0 amd64 1.7.0-1build1 [32.8 kB]
2026-10-09T11:27:30.0815721Z Get:24 http://azure.archive.ubuntu.com/ubuntu noble/main amd64 libopengl-dev amd64 1.7.0-1build1 [3454 B]
2026-10-09T11:27:30.2055854Z Get:25 http://azure.archive.ubuntu.com/ubuntu noble/main amd64 libglvnd-dev amd64 1.7.0-1build1 [3198 B]
2026-10-09T11:27:30.2339563Z Get:26 http://azure.archive.ubuntu.com/ubuntu noble-updates/main amd64 libgl1-mesa-dev amd64 25.2.8-0ubuntu0.24.04.4 [22.8 kB]
2026-10-09T11:27:30.2671143Z Get:27 http://azure.archive.ubuntu.com/ubuntu noble/main amd64 libglu1-mesa amd64 9.0.2-1.1build1 [152 kB]
2026-10-09T11:27:30.2952923Z Get:28 http://azure.archive.ubuntu.com/ubuntu noble/main amd64 libglu1-mesa-dev amd64 9.0.2-1.1build1 [237 kB]
2026-10-09T11:27:30.3905831Z Get:29 http://azure.archive.ubuntu.com/ubuntu noble/main amd64 libxext-dev amd64 2:1.3.4-1build2 [83.5 kB]
2026-10-09T11:27:30.4870847Z Get:30 http://azure.archive.ubuntu.com/ubuntu noble/main amd64 libice-dev amd64 2:1.0.10-1build3 [51.0 kB]
2026-10-09T11:27:30.5919358Z Get:31 http://azure.archive.ubuntu.com/ubuntu noble/main amd64 libsm-dev amd64 2:1.2.3-1build3 [17.8 kB]
2026-10-09T11:27:30.6972614Z Get:32 http://azure.archive.ubuntu.com/ubuntu noble/main amd64 libxt-dev amd64 1:1.2.1-1.2build1 [394 kB]
2026-10-09T11:27:30.8116392Z Get:33 http://azure.archive.ubuntu.com/ubuntu noble/universe amd64 libglut-dev amd64 3.4.0-1build1 [125 kB]
2026-10-09T11:27:30.9255147Z Get:34 http://azure.archive.ubuntu.com/ubuntu noble/universe amd64 freeglut3-dev amd64 3.4.0-1build1 [2022 B]
2026-10-09T11:27:31.0321062Z Get:35 http://azure.archive.ubuntu.com/ubuntu noble/universe amd64 gforth-common all 0.7.3+dfsg-9build4.1 [329 kB]
2026-10-09T11:27:31.1327397Z Get:36 http://azure.archive.ubuntu.com/ubuntu noble/universe amd64 gforth-lib amd64 0.7.3+dfsg-9build4.1 [150 kB]
2026-10-09T11:27:31.2371092Z Get:37 http://azure.archive.ubuntu.com/ubuntu noble/universe amd64 gforth amd64 0.7.3+dfsg-9build4.1 [139 kB]
2026-10-09T11:27:31.3321468Z Get:38 http://azure.archive.ubuntu.com/ubuntu noble/main amd64 gir1.2-freedesktop amd64 1.80.1-1 [49.7 kB]
2026-10-09T11:27:31.4846641Z Get:39 http://azure.archive.ubuntu.com/ubuntu noble-updates/main amd64 gir1.2-glib-2.0-dev amd64 2.80.0-6ubuntu3.9 [848 kB]
2026-10-09T11:27:31.5562983Z Get:40 http://azure.archive.ubuntu.com/ubuntu noble/main amd64 gir1.2-freedesktop-dev amd64 1.80.1-1 [28.8 kB]
2026-10-09T11:27:31.6784055Z Get:41 http://azure.archive.ubuntu.com/ubuntu noble/main amd64 libharfbuzz-gobject0 amd64 8.3.0-2build2 [34.3 kB]
2026-10-09T11:27:31.8032289Z Get:42 http://azure.archive.ubuntu.com/ubuntu noble/main amd64 gir1.2-harfbuzz-0.0 amd64 8.3.0-2build2 [44.5 kB]
2026-10-09T11:27:31.9157505Z Get:43 http://azure.archive.ubuntu.com/ubuntu noble/main amd64 libibus-1.0-5 amd64 1.5.29-2 [181 kB]
2026-10-09T11:27:32.0215404Z Get:44 http://azure.archive.ubuntu.com/ubuntu noble/main amd64 gir1.2-ibus-1.0 amd64 1.5.29-2 [86.3 kB]
2026-10-09T11:27:32.1164946Z Get:45 http://azure.archive.ubuntu.com/ubuntu noble/main amd64 libcapture-tiny-perl all 0.48-2 [20.2 kB]
2026-10-09T11:27:32.2340895Z Get:46 http://azure.archive.ubuntu.com/ubuntu noble/main amd64 libclass-inspector-perl all 1.36-3 [15.4 kB]
2026-10-09T11:27:32.3338807Z Get:47 http://azure.archive.ubuntu.com/ubuntu noble/main amd64 libfile-sharedir-perl all 1.118-3 [14.0 kB]
2026-10-09T11:27:32.4436493Z Get:48 http://azure.archive.ubuntu.com/ubuntu noble/main amd64 libb-hooks-op-check-perl amd64 0.22-3build1 [9518 B]
2026-10-09T11:27:32.5049882Z Get:49 http://azure.archive.ubuntu.com/ubuntu noble/main amd64 libdynaloader-functions-perl all 0.003-3 [12.1 kB]
2026-10-09T11:27:32.5396930Z Get:50 http://azure.archive.ubuntu.com/ubuntu noble/main amd64 libdevel-callchecker-perl amd64 0.008-2build3 [13.2 kB]
2026-10-09T11:27:32.6851642Z Get:51 http://azure.archive.ubuntu.com/ubuntu noble/main amd64 libparams-classify-perl amd64 0.015-2build5 [20.1 kB]
2026-10-09T11:27:32.8052547Z Get:52 http://azure.archive.ubuntu.com/ubuntu noble/main amd64 libmodule-runtime-perl all 0.016-2 [16.4 kB]
2026-10-09T11:27:32.9245870Z Get:53 http://azure.archive.ubuntu.com/ubuntu noble/main amd64 libtry-tiny-perl all 0.31-2 [20.8 kB]
2026-10-09T11:27:33.0452451Z Get:54 http://azure.archive.ubuntu.com/ubuntu noble/main amd64 libmodule-implementation-perl all 0.09-2 [12.0 kB]
2026-10-09T11:27:33.1597082Z Get:55 http://azure.archive.ubuntu.com/ubuntu noble/main amd64 libsub-exporter-progressive-perl all 0.001013-3 [6718 B]
2026-10-09T11:27:33.2850030Z Get:56 http://azure.archive.ubuntu.com/ubuntu noble/main amd64 libvariable-magic-perl amd64 0.63-1build3 [35.1 kB]
2026-10-09T11:27:33.4512281Z Get:57 http://azure.archive.ubuntu.com/ubuntu noble/main amd64 libb-hooks-endofscope-perl all 0.28-1 [15.8 kB]
2026-10-09T11:27:33.5216308Z Get:58 http://azure.archive.ubuntu.com/ubuntu noble/main amd64 libpackage-stash-perl all 0.40-1 [19.5 kB]
2026-10-09T11:27:33.6387816Z Get:59 http://azure.archive.ubuntu.com/ubuntu noble/main amd64 libsub-identify-perl amd64 0.14-3build3 [9786 B]
2026-10-09T11:27:33.7662292Z Get:60 http://azure.archive.ubuntu.com/ubuntu noble/main amd64 libsub-name-perl amd64 0.27-1build3 [10.8 kB]
2026-10-09T11:27:33.8787008Z Get:61 http://azure.archive.ubuntu.com/ubuntu noble/main amd64 libnamespace-clean-perl all 0.27-2 [14.0 kB]
2026-10-09T11:27:33.9560284Z Get:62 http://azure.archive.ubuntu.com/ubuntu noble/universe amd64 libnamespace-autoclean-perl all 0.29-2 [11.7 kB]
2026-10-09T11:27:33.9962905Z Get:63 http://azure.archive.ubuntu.com/ubuntu noble/main amd64 libparams-util-perl amd64 1.102-2build3 [21.2 kB]
2026-10-09T11:27:34.0566855Z Get:64 http://azure.archive.ubuntu.com/ubuntu noble/main amd64 libsub-install-perl all 0.929-1 [9764 B]
2026-10-09T11:27:34.1665873Z Get:65 http://azure.archive.ubuntu.com/ubuntu noble/main amd64 libdata-optlist-perl all 0.114-1 [9708 B]
2026-10-09T11:27:34.2129803Z Get:66 http://azure.archive.ubuntu.com/ubuntu noble/main amd64 libsub-exporter-perl all 0.990-1 [49.0 kB]
2026-10-09T11:27:34.2862111Z Get:67 http://azure.archive.ubuntu.com/ubuntu noble/universe amd64 libeval-closure-perl all 0.14-3 [10.1 kB]
2026-10-09T11:27:34.3969507Z Get:68 http://azure.archive.ubuntu.com/ubuntu noble/main amd64 libclass-data-inheritable-perl all 0.08-3 [8084 B]
2026-10-09T11:27:34.4568967Z Get:69 http://azure.archive.ubuntu.com/ubuntu noble/main amd64 libdevel-stacktrace-perl all 2.0500-1 [22.1 kB]
2026-10-09T11:27:34.4965596Z Get:70 http://azure.archive.ubuntu.com/ubuntu noble/main amd64 libexception-class-perl all 1.45-1 [28.6 kB]
2026-10-09T11:27:34.5629430Z Get:71 http://azure.archive.ubuntu.com/ubuntu noble/universe amd64 libparams-validationcompiler-perl all 0.31-1 [28.3 kB]
2026-10-09T11:27:34.6732917Z Get:72 http://azure.archive.ubuntu.com/ubuntu noble/universe amd64 libalgorithm-c3-perl all 0.11-2 [10.2 kB]
2026-10-09T11:27:34.7273915Z Get:73 http://azure.archive.ubuntu.com/ubuntu noble/universe amd64 libclass-c3-perl all 0.35-2 [18.4 kB]
2026-10-09T11:27:34.8149080Z Get:74 http://azure.archive.ubuntu.com/ubuntu noble/universe amd64 libmro-compat-perl all 0.15-2 [10.1 kB]
2026-10-09T11:27:34.8574570Z Get:75 http://azure.archive.ubuntu.com/ubuntu noble/main amd64 libclass-method-modifiers-perl all 2.15-1 [16.1 kB]
2026-10-09T11:27:34.8930563Z Get:76 http://azure.archive.ubuntu.com/ubuntu noble/main amd64 librole-tiny-perl all 2.002004-1 [16.3 kB]
2026-10-09T11:27:34.9327465Z Get:77 http://azure.archive.ubuntu.com/ubuntu noble/main amd64 libsub-quote-perl all 2.006008-1ubuntu1 [20.7 kB]
2026-10-09T11:27:35.0583330Z Get:78 http://azure.archive.ubuntu.com/ubuntu noble/universe amd64 libxstring-perl amd64 0.005-2build3 [7852 B]
2026-10-09T11:27:35.1781669Z Get:79 http://azure.archive.ubuntu.com/ubuntu noble/universe amd64 libspecio-perl all 0.48-1 [137 kB]
2026-10-09T11:27:35.2989486Z Get:80 http://azure.archive.ubuntu.com/ubuntu noble/universe amd64 libdatetime-locale-perl all 1:1.37-1 [2833 kB]
2026-10-09T11:27:35.4529926Z Get:81 http://azure.archive.ubuntu.com/ubuntu noble/universe amd64 libclass-singleton-perl all 1.6-2 [11.5 kB]
2026-10-09T11:27:35.5090299Z Get:82 http://azure.archive.ubuntu.com/ubuntu noble/universe amd64 libdatetime-timezone-perl all 1:2.62-1+2024a [262 kB]
2026-10-09T11:27:35.7550054Z Get:83 http://azure.archive.ubuntu.com/ubuntu noble/universe amd64 libdatetime-perl amd64 2:1.65-1build2 [95.8 kB]
2026-10-09T11:27:35.8733686Z Get:84 http://azure.archive.ubuntu.com/ubuntu noble/main amd64 libperlio-gzip-perl amd64 0.20-1build4 [14.6 kB]
2026-10-09T11:27:35.9936191Z Get:85 http://azure.archive.ubuntu.com/ubuntu noble/universe amd64 lcov all 2.0-4ubuntu2 [223 kB]
2026-10-09T11:27:36.1250272Z Get:86 http://azure.archive.ubuntu.com/ubuntu noble-updates/main amd64 libasound2-dev amd64 1.2.11-1ubuntu0.3 [115 kB]
2026-10-09T11:27:36.1595203Z Get:87 http://azure.archive.ubuntu.com/ubuntu noble/main amd64 libasyncns0 amd64 0.8-6build4 [11.3 kB]
2026-10-09T11:27:36.1936805Z Get:88 http://azure.archive.ubuntu.com/ubuntu noble/main amd64 libbrotli-dev amd64 1.1.0-2build2 [353 kB]
2026-10-09T11:27:36.2299395Z Get:89 http://azure.archive.ubuntu.com/ubuntu noble/universe amd64 libbullet3.24t64 amd64 3.24+dfsg-2.1build1 [1802 kB]
2026-10-09T11:27:36.2755296Z Get:90 http://azure.archive.ubuntu.com/ubuntu noble-updates/main amd64 libbz2-dev amd64 1.0.8-5.1ubuntu0.1 [33.6 kB]
2026-10-09T11:27:36.3098316Z Get:91 http://azure.archive.ubuntu.com/ubuntu noble/universe amd64 libclass-c3-xs-perl amd64 0.15-1build6 [16.3 kB]
2026-10-09T11:27:36.3926080Z Get:92 http://azure.archive.ubuntu.com/ubuntu noble/main amd64 libclass-xsaccessor-perl amd64 1.19-4build4 [33.1 kB]
2026-10-09T11:27:36.4277295Z Get:93 http://azure.archive.ubuntu.com/ubuntu noble-updates/main amd64 libdbus-1-dev amd64 1.14.10-4ubuntu4.1 [190 kB]
2026-10-09T11:27:36.4629225Z Get:94 http://azure.archive.ubuntu.com/ubuntu noble/main amd64 libdecor-0-0 amd64 0.2.2-1build2 [16.5 kB]
2026-10-09T11:27:36.4974302Z Get:95 http://azure.archive.ubuntu.com/ubuntu noble/main amd64 libwayland-server0 amd64 1.22.0-2.1build1 [33.9 kB]
2026-10-09T11:27:36.5319351Z Get:96 http://azure.archive.ubuntu.com/ubuntu noble/main amd64 libwayland-bin amd64 1.22.0-2.1build1 [20.6 kB]
2026-10-09T11:27:36.5665621Z Get:97 http://azure.archive.ubuntu.com/ubuntu noble/main amd64 libwayland-dev amd64 1.22.0-2.1build1 [71.3 kB]
2026-10-09T11:27:36.6013833Z Get:98 http://azure.archive.ubuntu.com/ubuntu noble/main amd64 libdecor-0-dev amd64 0.2.2-1build2 [5726 B]
2026-10-09T11:27:36.6357810Z Get:99 http://azure.archive.ubuntu.com/ubuntu noble/main amd64 libdecor-0-plugin-1-gtk amd64 0.2.2-1build2 [22.2 kB]
2026-10-09T11:27:36.6700288Z Get:100 http://azure.archive.ubuntu.com/ubuntu noble-updates/main amd64 libdeflate-dev amd64 1.19-1build1.1 [50.9 kB]
2026-10-09T11:27:36.7045458Z Get:101 http://azure.archive.ubuntu.com/ubuntu noble/universe amd64 libpadwalker-perl amd64 2.5-1build6 [15.5 kB]
2026-10-09T11:27:36.7387422Z Get:102 http://azure.archive.ubuntu.com/ubuntu noble/universe amd64 libdevel-caller-perl amd64 2.07-1build3 [9766 B]
2026-10-09T11:27:36.7678497Z Get:103 http://azure.archive.ubuntu.com/ubuntu noble/universe amd64 libdevel-lexalias-perl amd64 0.05-3build4 [8014 B]
2026-10-09T11:27:36.7959026Z Get:104 http://azure.archive.ubuntu.com/ubuntu noble-updates/main amd64 libdrm-radeon1 amd64 2.4.125-1ubuntu0.1~24.04.2 [20.8 kB]
2026-10-09T11:27:36.8238359Z Get:105 http://azure.archive.ubuntu.com/ubuntu noble-updates/main amd64 libdrm-nouveau2 amd64 2.4.125-1ubuntu0.1~24.04.2 [17.6 kB]
2026-10-09T11:27:36.8516820Z Get:106 http://azure.archive.ubuntu.com/ubuntu noble-updates/main amd64 libpciaccess-dev amd64 0.17-3ubuntu0.24.04.3 [22.0 kB]
2026-10-09T11:27:36.8809917Z Get:107 http://azure.archive.ubuntu.com/ubuntu noble-updates/main amd64 libdrm-dev amd64 2.4.125-1ubuntu0.1~24.04.2 [314 kB]
2026-10-09T11:27:36.9105936Z Get:108 http://azure.archive.ubuntu.com/ubuntu noble-updates/main amd64 libegl1-mesa-dev amd64 25.2.8-0ubuntu0.24.04.4 [26.8 kB]
2026-10-09T11:27:36.9385041Z Get:109 http://azure.archive.ubuntu.com/ubuntu noble-updates/main amd64 libevent-2.1-7t64 amd64 2.1.12-stable-9ubuntu2.2 [146 kB]
2026-10-09T11:27:36.9672286Z Get:110 http://azure.archive.ubuntu.com/ubuntu noble-updates/main amd64 libevent-extra-2.1-7t64 amd64 2.1.12-stable-9ubuntu2.2 [64.6 kB]
2026-10-09T11:27:37.0019705Z Get:111 http://azure.archive.ubuntu.com/ubuntu noble-updates/main amd64 libevent-openssl-2.1-7t64 amd64 2.1.12-stable-9ubuntu2.2 [15.8 kB]
2026-10-09T11:27:37.0364820Z Get:112 http://azure.archive.ubuntu.com/ubuntu noble-updates/main amd64 libevent-dev amd64 2.1.12-stable-9ubuntu2.2 [274 kB]
2026-10-09T11:27:37.0721465Z Get:113 http://azure.archive.ubuntu.com/ubuntu noble/main amd64 libflac12t64 amd64 1.4.3+ds-2.1ubuntu2 [197 kB]
2026-10-09T11:27:37.1074842Z Get:114 http://azure.archive.ubuntu.com/ubuntu noble/main amd64 libogg-dev amd64 1.3.5-3build1 [161 kB]
2026-10-09T11:27:37.1425370Z Get:115 http://azure.archive.ubuntu.com/ubuntu noble/main amd64 libflac-dev amd64 1.4.3+ds-2.1ubuntu2 [247 kB]
2026-10-09T11:27:37.1715198Z Get:116 http://azure.archive.ubuntu.com/ubuntu noble/main amd64 libmp3lame0 amd64 3.100-6build1 [142 kB]
2026-10-09T11:27:37.2002115Z Get:117 http://azure.archive.ubuntu.com/ubuntu noble-updates/main amd64 libmpg123-0t64 amd64 1.32.5-1ubuntu1.1 [169 kB]
2026-10-09T11:27:37.2289397Z Get:118 http://azure.archive.ubuntu.com/ubuntu noble/main amd64 libopus0 amd64 1.4-1build1 [208 kB]
2026-10-09T11:27:37.2577232Z Get:119 http://azure.archive.ubuntu.com/ubuntu noble/main amd64 libvorbisenc2 amd64 1.3.7-1build3 [80.8 kB]
2026-10-09T11:27:37.2858434Z Get:120 http://azure.archive.ubuntu.com/ubuntu noble-updates/main amd64 libsndfile1 amd64 1.2.2-1ubuntu5.24.04.1 [209 kB]
2026-10-09T11:27:37.3567190Z Get:121 http://azure.archive.ubuntu.com/ubuntu noble/universe amd64 libinstpatch-1.0-2 amd64 1.1.6-1build2 [251 kB]
2026-10-09T11:27:37.3875559Z Get:122 http://azure.archive.ubuntu.com/ubuntu noble/universe amd64 libjack0 amd64 1:0.126.0-2build3 [101 kB]
2026-10-09T11:27:37.4157760Z Get:123 http://azure.archive.ubuntu.com/ubuntu noble/main amd64 libwebrtc-audio-processing1 amd64 0.3.1-0ubuntu6 [290 kB]
2026-10-09T11:27:37.4448478Z Get:124 http://azure.archive.ubuntu.com/ubuntu noble-updates/main amd64 libspa-0.2-modules amd64 1.0.5-1ubuntu3.3 [628 kB]
2026-10-09T11:27:37.4751742Z Get:125 http://azure.archive.ubuntu.com/ubuntu noble-updates/main amd64 libpipewire-0.3-0t64 amd64 1.0.5-1ubuntu3.3 [252 kB]
2026-10-09T11:27:37.5040085Z Get:126 http://azure.archive.ubuntu.com/ubuntu noble-updates/main amd64 libpulse0 amd64 1:16.1+dfsg1-2ubuntu10.1 [292 kB]
2026-10-09T11:27:37.5329127Z Get:127 http://azure.archive.ubuntu.com/ubuntu noble/main amd64 libsamplerate0 amd64 0.2.2-4build1 [1344 kB]
2026-10-09T11:27:37.5658735Z Get:128 http://azure.archive.ubuntu.com/ubuntu noble-updates/main amd64 libsdl2-2.0-0 amd64 2.30.0+dfsg-1ubuntu3.1 [686 kB]
2026-10-09T11:27:37.5965836Z Get:129 http://azure.archive.ubuntu.com/ubuntu noble/universe amd64 timgm6mb-soundfont all 1.3-5 [5427 kB]
2026-10-09T11:27:37.6804871Z Get:130 http://azure.archive.ubuntu.com/ubuntu noble/universe amd64 libfluidsynth3 amd64 2.3.4-1build3 [249 kB]
2026-10-09T11:27:37.7094242Z Get:131 http://azure.archive.ubuntu.com/ubuntu noble-updates/main amd64 libglib2.0-dev-bin amd64 2.80.0-6ubuntu3.9 [138 kB]
2026-10-09T11:27:37.7379832Z Get:132 http://azure.archive.ubuntu.com/ubuntu noble-updates/main amd64 uuid-dev amd64 2.39.3-9ubuntu6.6 [33.5 kB]
2026-10-09T11:27:37.7660535Z Get:133 http://azure.archive.ubuntu.com/ubuntu noble-updates/main amd64 libblkid-dev amd64 2.39.3-9ubuntu6.6 [205 kB]
2026-10-09T11:27:37.7947216Z Get:134 http://azure.archive.ubuntu.com/ubuntu noble/main amd64 libsepol-dev amd64 3.5-2build1 [384 kB]
2026-10-09T11:27:37.8240830Z Get:135 http://azure.archive.ubuntu.com/ubuntu noble-updates/main amd64 libselinux1-dev amd64 3.5-2ubuntu2.1 [164 kB]
2026-10-09T11:27:37.8527692Z Get:136 http://azure.archive.ubuntu.com/ubuntu noble-updates/main amd64 libmount-dev amd64 2.39.3-9ubuntu6.6 [14.9 kB]
2026-10-09T11:27:37.8939263Z Get:137 http://azure.archive.ubuntu.com/ubuntu noble-updates/main amd64 libgirepository-2.0-0 amd64 2.80.0-6ubuntu3.9 [73.5 kB]
2026-10-09T11:27:37.9352190Z Get:138 http://azure.archive.ubuntu.com/ubuntu noble-updates/main amd64 libglib2.0-dev amd64 2.80.0-6ubuntu3.9 [1860 kB]
2026-10-09T11:27:38.0126276Z Get:139 http://azure.archive.ubuntu.com/ubuntu noble-updates/main amd64 libout123-0t64 amd64 1.32.5-1ubuntu1.1 [31.1 kB]
2026-10-09T11:27:38.0404067Z Get:140 http://azure.archive.ubuntu.com/ubuntu noble-updates/main amd64 libsyn123-0t64 amd64 1.32.5-1ubuntu1.1 [95.4 kB]
2026-10-09T11:27:38.0708223Z Get:141 http://azure.archive.ubuntu.com/ubuntu noble-updates/main amd64 libmpg123-dev amd64 1.32.5-1ubuntu1.1 [60.9 kB]
2026-10-09T11:27:38.1010911Z Get:142 http://azure.archive.ubuntu.com/ubuntu noble/main amd64 libopus-dev amd64 1.4-1build1 [267 kB]
2026-10-09T11:27:38.1321739Z Get:143 http://azure.archive.ubuntu.com/ubuntu noble/main amd64 libvorbis-dev amd64 1.3.7-1build3 [342 kB]
2026-10-09T11:27:38.1613103Z Get:144 http://azure.archive.ubuntu.com/ubuntu noble-updates/main amd64 libsndfile1-dev amd64 1.2.2-1ubuntu5.24.04.1 [287 kB]
2026-10-09T11:27:38.1900622Z Get:145 http://azure.archive.ubuntu.com/ubuntu noble/universe amd64 libinstpatch-dev amd64 1.1.6-1build2 [55.6 kB]
2026-10-09T11:27:38.2179691Z Get:146 http://azure.archive.ubuntu.com/ubuntu noble/universe amd64 libjack-dev amd64 1:0.126.0-2build3 [140 kB]
2026-10-09T11:27:38.2461561Z Get:147 http://azure.archive.ubuntu.com/ubuntu noble-updates/main amd64 libspa-0.2-dev amd64 1.0.5-1ubuntu3.3 [109 kB]
2026-10-09T11:27:38.2742699Z Get:148 http://azure.archive.ubuntu.com/ubuntu noble-updates/main amd64 libpipewire-0.3-dev amd64 1.0.5-1ubuntu3.3 [53.3 kB]
2026-10-09T11:27:38.3022288Z Get:149 http://azure.archive.ubuntu.com/ubuntu noble-updates/main amd64 libpulse-mainloop-glib0 amd64 1:16.1+dfsg1-2ubuntu10.1 [12.2 kB]
2026-10-09T11:27:38.3300112Z Get:150 http://azure.archive.ubuntu.com/ubuntu noble-updates/universe amd64 libpulse-dev amd64 1:16.1+dfsg1-2ubuntu10.1 [75.6 kB]
2026-10-09T11:27:38.3579001Z Get:151 http://azure.archive.ubuntu.com/ubuntu noble/main amd64 libreadline-dev amd64 8.2-4build1 [167 kB]
2026-10-09T11:27:38.3887114Z Get:152 http://azure.archive.ubuntu.com/ubuntu noble-updates/main amd64 libgbm-dev amd64 25.2.8-0ubuntu0.24.04.4 [12.7 kB]
2026-10-09T11:27:38.4187895Z Get:153 http://azure.archive.ubuntu.com/ubuntu noble/universe amd64 libibus-1.0-dev amd64 1.5.29-2 [187 kB]
2026-10-09T11:27:38.4494955Z Get:154 http://azure.archive.ubuntu.com/ubuntu noble/main amd64 libsamplerate0-dev amd64 0.2.2-4build1 [61.5 kB]
2026-10-09T11:27:38.4798931Z Get:155 http://azure.archive.ubuntu.com/ubuntu noble/universe amd64 libsndio7.0 amd64 1.9.0-0.3build3 [29.6 kB]
2026-10-09T11:27:38.5099748Z Get:156 http://azure.archive.ubuntu.com/ubuntu noble/universe amd64 libsndio-dev amd64 1.9.0-0.3build3 [17.7 kB]
2026-10-09T11:27:38.5827496Z Get:157 http://azure.archive.ubuntu.com/ubuntu noble-updates/main amd64 libudev-dev amd64 255.4-1ubuntu8.17 [22.0 kB]
2026-10-09T11:27:38.6129610Z Get:158 http://azure.archive.ubuntu.com/ubuntu noble/main amd64 libxrender-dev amd64 1:0.9.10-1.1build1 [26.3 kB]
2026-10-09T11:27:38.6473896Z Get:159 http://azure.archive.ubuntu.com/ubuntu noble/main amd64 libxfixes-dev amd64 1:6.0.0-2build1 [12.1 kB]
2026-10-09T11:27:38.6820260Z Get:160 http://azure.archive.ubuntu.com/ubuntu noble/main amd64 libxcursor-dev amd64 1:1.2.1-1build1 [31.8 kB]
2026-10-09T11:27:38.7168151Z Get:161 http://azure.archive.ubuntu.com/ubuntu noble/main amd64 libxi-dev amd64 2:1.8.1-1build1 [194 kB]
2026-10-09T11:27:38.7518122Z Get:162 http://azure.archive.ubuntu.com/ubuntu noble/main amd64 libxinerama-dev amd64 2:1.1.4-3build1 [7988 B]
2026-10-09T11:27:38.7861652Z Get:163 http://azure.archive.ubuntu.com/ubuntu noble/main amd64 libxkbcommon-dev amd64 1.6.0-1build1 [56.3 kB]
2026-10-09T11:27:38.8168703Z Get:164 http://azure.archive.ubuntu.com/ubuntu noble/main amd64 libxrandr-dev amd64 2:1.5.2-2build1 [26.4 kB]
2026-10-09T11:27:38.8473261Z Get:165 http://azure.archive.ubuntu.com/ubuntu noble/main amd64 libxss-dev amd64 1:1.2.3-1build3 [12.1 kB]
2026-10-09T11:27:38.8776946Z Get:166 http://azure.archive.ubuntu.com/ubuntu noble/main amd64 libxv1 amd64 2:1.0.11-1.1build1 [10.7 kB]
2026-10-09T11:27:38.9080141Z Get:167 http://azure.archive.ubuntu.com/ubuntu noble/main amd64 libxv-dev amd64 2:1.0.11-1.1build1 [33.3 kB]
2026-10-09T11:27:38.9383875Z Get:168 http://azure.archive.ubuntu.com/ubuntu noble/main amd64 libxxf86vm-dev amd64 1:1.1.4-1build4 [13.8 kB]
2026-10-09T11:27:38.9689549Z Get:169 http://azure.archive.ubuntu.com/ubuntu noble-updates/universe amd64 libsdl2-dev amd64 2.30.0+dfsg-1ubuntu3.1 [1141 kB]
2026-10-09T11:27:39.0033760Z Get:170 http://azure.archive.ubuntu.com/ubuntu noble-updates/main amd64 libsystemd-dev amd64 255.4-1ubuntu8.17 [1239 kB]
2026-10-09T11:27:39.0381709Z Get:171 http://azure.archive.ubuntu.com/ubuntu noble/universe amd64 libfluidsynth-dev amd64 2.3.4-1build3 [39.4 kB]
2026-10-09T11:27:39.0686354Z Get:172 http://azure.archive.ubuntu.com/ubuntu noble-updates/main amd64 libfreetype6 amd64 2.13.2+dfsg-1ubuntu0.2 [403 kB]
2026-10-09T11:27:39.1010158Z Get:173 http://azure.archive.ubuntu.com/ubuntu noble-updates/main amd64 libpng-dev amd64 1.6.43-5ubuntu0.7 [265 kB]
2026-10-09T11:27:39.1324129Z Get:174 http://azure.archive.ubuntu.com/ubuntu noble-updates/main amd64 libfreetype-dev amd64 2.13.2+dfsg-1ubuntu0.2 [574 kB]
2026-10-09T11:27:39.1649686Z Get:175 http://azure.archive.ubuntu.com/ubuntu noble/universe amd64 libglew2.2 amd64 2.2.0-4build1 [187 kB]
2026-10-09T11:27:39.2385002Z Get:176 http://azure.archive.ubuntu.com/ubuntu noble/universe amd64 libglew-dev amd64 2.2.0-4build1 [280 kB]
2026-10-09T11:27:39.2737059Z Get:177 http://azure.archive.ubuntu.com/ubuntu noble/universe amd64 libglfw3 amd64 3.3.10-1build1 [80.5 kB]
2026-10-09T11:27:39.3080010Z Get:178 http://azure.archive.ubuntu.com/ubuntu noble/universe amd64 libglfw3-dev amd64 3.3.10-1build1 [41.5 kB]
2026-10-09T11:27:39.3382810Z Get:179 http://azure.archive.ubuntu.com/ubuntu noble-updates/main amd64 libgraphite2-dev amd64 1.3.14-2ubuntu0.24.04.1 [14.7 kB]
2026-10-09T11:27:39.3683131Z Get:180 http://azure.archive.ubuntu.com/ubuntu noble/main amd64 libharfbuzz-cairo0 amd64 8.3.0-2build2 [26.2 kB]
2026-10-09T11:27:39.3983750Z Get:181 http://azure.archive.ubuntu.com/ubuntu noble/main amd64 libharfbuzz-icu0 amd64 8.3.0-2build2 [13.3 kB]
2026-10-09T11:27:39.4284424Z Get:182 http://azure.archive.ubuntu.com/ubuntu noble/main amd64 libharfbuzz-subset0 amd64 8.3.0-2build2 [448 kB]
2026-10-09T11:27:39.4601973Z Get:183 http://azure.archive.ubuntu.com/ubuntu noble/main amd64 libharfbuzz-dev amd64 8.3.0-2build2 [142 kB]
2026-10-09T11:27:39.4907725Z Get:184 http://azure.archive.ubuntu.com/ubuntu noble/main amd64 libjpeg-turbo8-dev amd64 2.1.5-2ubuntu2 [295 kB]
2026-10-09T11:27:39.5219007Z Get:185 http://azure.archive.ubuntu.com/ubuntu noble/main amd64 libjpeg8-dev amd64 8c-2ubuntu11 [1484 B]
2026-10-09T11:27:39.5519281Z Get:186 http://azure.archive.ubuntu.com/ubuntu noble/main amd64 libjpeg-dev amd64 8c-2ubuntu11 [1482 B]
2026-10-09T11:27:39.5819578Z Get:187 http://azure.archive.ubuntu.com/ubuntu noble/main amd64 liblerc-dev amd64 4.0.0+ds-4ubuntu2 [182 kB]
2026-10-09T11:27:39.6126652Z Get:188 http://azure.archive.ubuntu.com/ubuntu noble/universe amd64 libmodplug1 amd64 1:0.8.9.0-3build1 [166 kB]
2026-10-09T11:27:39.6432726Z Get:189 http://azure.archive.ubuntu.com/ubuntu noble/universe amd64 libmodplug-dev amd64 1:0.8.9.0-3build1 [14.9 kB]
2026-10-09T11:27:39.6744190Z Get:190 http://azure.archive.ubuntu.com/ubuntu noble/universe amd64 libopusfile0 amd64 0.12-4build3 [44.7 kB]
2026-10-09T11:27:39.7045415Z Get:191 http://azure.archive.ubuntu.com/ubuntu noble/universe amd64 libopusfile-dev amd64 0.12-4build3 [63.1 kB]
2026-10-09T11:27:39.7347711Z Get:192 http://azure.archive.ubuntu.com/ubuntu noble/main amd64 libpackage-stash-xs-perl amd64 0.30-1build4 [18.7 kB]
2026-10-09T11:27:39.7650487Z Get:193 http://azure.archive.ubuntu.com/ubuntu noble-updates/main amd64 libpipewire-0.3-common all 1.0.5-1ubuntu3.3 [19.5 kB]
2026-10-09T11:27:39.8428048Z Get:194 http://azure.archive.ubuntu.com/ubuntu noble-updates/main amd64 libpng-tools amd64 1.6.43-5ubuntu0.7 [28.5 kB]
2026-10-09T11:27:39.8768936Z Get:195 http://azure.archive.ubuntu.com/ubuntu noble/universe amd64 libreadonly-perl all 2.050-3 [19.9 kB]
2026-10-09T11:27:39.9109384Z Get:196 http://azure.archive.ubuntu.com/ubuntu noble/universe amd64 libref-util-perl all 0.204-2 [15.1 kB]
2026-10-09T11:27:39.9450043Z Get:197 http://azure.archive.ubuntu.com/ubuntu noble/universe amd64 libref-util-xs-perl amd64 0.117-2build4 [12.6 kB]
2026-10-09T11:27:39.9791527Z Get:198 http://azure.archive.ubuntu.com/ubuntu noble/universe amd64 libsdl2-image-2.0-0 amd64 2.8.2+dfsg-1build2 [65.1 kB]
2026-10-09T11:27:40.0133679Z Get:199 http://azure.archive.ubuntu.com/ubuntu noble/main amd64 libjbig-dev amd64 2.1-6.1ubuntu2 [27.9 kB]
2026-10-09T11:27:40.0475263Z Get:200 http://azure.archive.ubuntu.com/ubuntu noble-updates/main amd64 liblzma-dev amd64 5.6.1+really5.4.5-1ubuntu0.3 [176 kB]
2026-10-09T11:27:40.0782213Z Get:201 http://azure.archive.ubuntu.com/ubuntu noble/main amd64 libwebpdecoder3 amd64 1.3.2-0.4build3 [114 kB]
2026-10-09T11:27:40.1085490Z Get:202 http://azure.archive.ubuntu.com/ubuntu noble/main amd64 libsharpyuv-dev amd64 1.3.2-0.4build3 [16.0 kB]
2026-10-09T11:27:40.1385600Z Get:203 http://azure.archive.ubuntu.com/ubuntu noble/main amd64 libwebp-dev amd64 1.3.2-0.4build3 [367 kB]
2026-10-09T11:27:40.1692554Z Get:204 http://azure.archive.ubuntu.com/ubuntu noble-updates/main amd64 libtiffxx6 amd64 4.5.1+git230720-4ubuntu2.5 [5642 B]
2026-10-09T11:27:40.1971486Z Get:205 http://azure.archive.ubuntu.com/ubuntu noble-updates/main amd64 libtiff-dev amd64 4.5.1+git230720-4ubuntu2.5 [338 kB]
2026-10-09T11:27:40.2274404Z Get:206 http://azure.archive.ubuntu.com/ubuntu noble/universe amd64 libsdl2-image-dev amd64 2.8.2+dfsg-1build2 [77.1 kB]
2026-10-09T11:27:40.2556179Z Get:207 http://azure.archive.ubuntu.com/ubuntu noble/universe amd64 libsdl2-mixer-2.0-0 amd64 2.8.0+dfsg-1build3 [81.8 kB]
2026-10-09T11:27:40.2837040Z Get:208 http://azure.archive.ubuntu.com/ubuntu noble/universe amd64 libsdl2-mixer-dev amd64 2.8.0+dfsg-1build3 [116 kB]
2026-10-09T11:27:40.3119057Z Get:209 http://azure.archive.ubuntu.com/ubuntu noble/universe amd64 libsdl2-ttf-2.0-0 amd64 2.22.0+dfsg-1 [35.7 kB]
2026-10-09T11:27:40.3397973Z Get:210 http://azure.archive.ubuntu.com/ubuntu noble/universe amd64 libsdl2-ttf-dev amd64 2.22.0+dfsg-1 [45.8 kB]
2026-10-09T11:27:40.3699845Z Get:211 http://azure.archive.ubuntu.com/ubuntu noble/universe amd64 libutf8proc3 amd64 2.9.0-1build1 [70.6 kB]
2026-10-09T11:27:40.4002908Z Get:212 http://azure.archive.ubuntu.com/ubuntu noble/universe amd64 libutf8proc-dev amd64 2.9.0-1build1 [74.1 kB]
2026-10-09T11:27:40.4306055Z Get:213 http://azure.archive.ubuntu.com/ubuntu noble/main amd64 libuv1-dev amd64 1.48.0-1.1build1 [136 kB]
2026-10-09T11:27:40.4611494Z Get:214 http://azure.archive.ubuntu.com/ubuntu noble/main amd64 libvulkan-dev amd64 1.3.275.0-1build1 [1239 kB]
2026-10-09T11:27:40.4956481Z Get:215 http://azure.archive.ubuntu.com/ubuntu noble/universe amd64 libbullet-dev amd64 3.24+dfsg-2.1build1 [397 kB]
2026-10-09T11:27:40.5270852Z Get:216 http://azure.archive.ubuntu.com/ubuntu noble-updates/main amd64 libgd-perl amd64 2.78-1ubuntu0.24.04.1 [129 kB]
2026-10-09T11:27:40.8357644Z Fetched 39.1 MB in 12s (3229 kB/s)
2026-10-09T11:27:42.3395153Z (Reading database ... 203191 files and directories currently installed.)
2026-10-09T11:27:42.3430535Z Preparing to unpack .../000-libpng16-16t64_1.6.43-5ubuntu0.7_amd64.deb ...
2026-10-09T11:27:42.3467309Z Unpacking libpng16-16t64:amd64 (1.6.43-5ubuntu0.7) over (1.6.43-5ubuntu0.6) ...
2026-10-09T11:27:42.3690603Z Selecting previously unselected package build-essential.
2026-10-09T11:27:42.3783982Z Preparing to unpack .../001-build-essential_12.10ubuntu1_amd64.deb ...
2026-10-09T11:27:42.3789346Z Unpacking build-essential (12.10ubuntu1) ...
2026-10-09T11:27:42.3941035Z Selecting previously unselected package bzip2-doc.
2026-10-09T11:27:42.4031552Z Preparing to unpack .../002-bzip2-doc_1.0.8-5.1ubuntu0.1_all.deb ...
2026-10-09T11:27:42.4037156Z Unpacking bzip2-doc (1.0.8-5.1ubuntu0.1) ...
2026-10-09T11:27:42.4216424Z Selecting previously unselected package libglut3.12:amd64.
2026-10-09T11:27:42.4306435Z Preparing to unpack .../003-libglut3.12_3.4.0-1build1_amd64.deb ...
2026-10-09T11:27:42.4311754Z Unpacking libglut3.12:amd64 (3.4.0-1build1) ...
2026-10-09T11:27:42.4466973Z Selecting previously unselected package xorg-sgml-doctools.
2026-10-09T11:27:42.4557383Z Preparing to unpack .../004-xorg-sgml-doctools_1%3a1.11-1.1_all.deb ...
2026-10-09T11:27:42.4562801Z Unpacking xorg-sgml-doctools (1:1.11-1.1) ...
2026-10-09T11:27:42.4730902Z Selecting previously unselected package x11proto-dev.
2026-10-09T11:27:42.4821416Z Preparing to unpack .../005-x11proto-dev_2023.2-1_all.deb ...
2026-10-09T11:27:42.4827144Z Unpacking x11proto-dev (2023.2-1) ...
2026-10-09T11:27:42.5528474Z Selecting previously unselected package libxau-dev:amd64.
2026-10-09T11:27:42.5620321Z Preparing to unpack .../006-libxau-dev_1%3a1.0.9-1build6_amd64.deb ...
2026-10-09T11:27:42.5625771Z Unpacking libxau-dev:amd64 (1:1.0.9-1build6) ...
2026-10-09T11:27:42.5826631Z Selecting previously unselected package libxdmcp-dev:amd64.
2026-10-09T11:27:42.5917734Z Preparing to unpack .../007-libxdmcp-dev_1%3a1.1.3-0ubuntu6_amd64.deb ...
2026-10-09T11:27:42.5923028Z Unpacking libxdmcp-dev:amd64 (1:1.1.3-0ubuntu6) ...
2026-10-09T11:27:42.6071975Z Selecting previously unselected package xtrans-dev.
2026-10-09T11:27:42.6163459Z Preparing to unpack .../008-xtrans-dev_1.4.0-1_all.deb ...
2026-10-09T11:27:42.6168888Z Unpacking xtrans-dev (1.4.0-1) ...
2026-10-09T11:27:42.6349058Z Selecting previously unselected package libpthread-stubs0-dev:amd64.
2026-10-09T11:27:42.6439520Z Preparing to unpack .../009-libpthread-stubs0-dev_0.4-1build3_amd64.deb ...
2026-10-09T11:27:42.6445021Z Unpacking libpthread-stubs0-dev:amd64 (0.4-1build3) ...
2026-10-09T11:27:42.6590956Z Selecting previously unselected package libxcb1-dev:amd64.
2026-10-09T11:27:42.6681119Z Preparing to unpack .../010-libxcb1-dev_1.15-1ubuntu2_amd64.deb ...
2026-10-09T11:27:42.6686342Z Unpacking libxcb1-dev:amd64 (1.15-1ubuntu2) ...
2026-10-09T11:27:42.6851969Z Selecting previously unselected package libx11-dev:amd64.
2026-10-09T11:27:42.6941679Z Preparing to unpack .../011-libx11-dev_2%3a1.8.7-1build1_amd64.deb ...
2026-10-09T11:27:42.6947035Z Unpacking libx11-dev:amd64 (2:1.8.7-1build1) ...
2026-10-09T11:27:42.7406912Z Selecting previously unselected package libglx-dev:amd64.
2026-10-09T11:27:42.7498622Z Preparing to unpack .../012-libglx-dev_1.7.0-1build1_amd64.deb ...
2026-10-09T11:27:42.7504223Z Unpacking libglx-dev:amd64 (1.7.0-1build1) ...
2026-10-09T11:27:42.7659200Z Selecting previously unselected package libgl-dev:amd64.
2026-10-09T11:27:42.7747368Z Preparing to unpack .../013-libgl-dev_1.7.0-1build1_amd64.deb ...
2026-10-09T11:27:42.7752308Z Unpacking libgl-dev:amd64 (1.7.0-1build1) ...
2026-10-09T11:27:42.7936335Z Selecting previously unselected package libglvnd-core-dev:amd64.
2026-10-09T11:27:42.8028118Z Preparing to unpack .../014-libglvnd-core-dev_1.7.0-1build1_amd64.deb ...
2026-10-09T11:27:42.8034174Z Unpacking libglvnd-core-dev:amd64 (1.7.0-1build1) ...
2026-10-09T11:27:42.8195664Z Selecting previously unselected package libegl-mesa0:amd64.
2026-10-09T11:27:42.8285405Z Preparing to unpack .../015-libegl-mesa0_25.2.8-0ubuntu0.24.04.4_amd64.deb ...
2026-10-09T11:27:42.8291050Z Unpacking libegl-mesa0:amd64 (25.2.8-0ubuntu0.24.04.4) ...
2026-10-09T11:27:42.8461332Z Selecting previously unselected package libegl1:amd64.
2026-10-09T11:27:42.8551361Z Preparing to unpack .../016-libegl1_1.7.0-1build1_amd64.deb ...
2026-10-09T11:27:42.8557191Z Unpacking libegl1:amd64 (1.7.0-1build1) ...
2026-10-09T11:27:42.8711166Z Selecting previously unselected package libegl-dev:amd64.
2026-10-09T11:27:42.8801965Z Preparing to unpack .../017-libegl-dev_1.7.0-1build1_amd64.deb ...
2026-10-09T11:27:42.8807619Z Unpacking libegl-dev:amd64 (1.7.0-1build1) ...
2026-10-09T11:27:42.8971129Z Selecting previously unselected package libgles1:amd64.
2026-10-09T11:27:42.9062105Z Preparing to unpack .../018-libgles1_1.7.0-1build1_amd64.deb ...
2026-10-09T11:27:42.9067853Z Unpacking libgles1:amd64 (1.7.0-1build1) ...
2026-10-09T11:27:42.9415145Z Selecting previously unselected package libgles2:amd64.
2026-10-09T11:27:42.9504760Z Preparing to unpack .../019-libgles2_1.7.0-1build1_amd64.deb ...
2026-10-09T11:27:42.9510290Z Unpacking libgles2:amd64 (1.7.0-1build1) ...
2026-10-09T11:27:42.9660823Z Selecting previously unselected package libgles-dev:amd64.
2026-10-09T11:27:42.9749229Z Preparing to unpack .../020-libgles-dev_1.7.0-1build1_amd64.deb ...
2026-10-09T11:27:42.9754440Z Unpacking libgles-dev:amd64 (1.7.0-1build1) ...
2026-10-09T11:27:42.9940133Z Selecting previously unselected package libopengl0:amd64.
2026-10-09T11:27:43.0030720Z Preparing to unpack .../021-libopengl0_1.7.0-1build1_amd64.deb ...
2026-10-09T11:27:43.0036686Z Unpacking libopengl0:amd64 (1.7.0-1build1) ...
2026-10-09T11:27:43.0191897Z Selecting previously unselected package libopengl-dev:amd64.
2026-10-09T11:27:43.0283028Z Preparing to unpack .../022-libopengl-dev_1.7.0-1build1_amd64.deb ...
2026-10-09T11:27:43.0288701Z Unpacking libopengl-dev:amd64 (1.7.0-1build1) ...
2026-10-09T11:27:43.0437387Z Selecting previously unselected package libglvnd-dev:amd64.
2026-10-09T11:27:43.0527578Z Preparing to unpack .../023-libglvnd-dev_1.7.0-1build1_amd64.deb ...
2026-10-09T11:27:43.0532704Z Unpacking libglvnd-dev:amd64 (1.7.0-1build1) ...
2026-10-09T11:27:43.0676949Z Selecting previously unselected package libgl1-mesa-dev:amd64.
2026-10-09T11:27:43.0766449Z Preparing to unpack .../024-libgl1-mesa-dev_25.2.8-0ubuntu0.24.04.4_amd64.deb ...
2026-10-09T11:27:43.0772260Z Unpacking libgl1-mesa-dev:amd64 (25.2.8-0ubuntu0.24.04.4) ...
2026-10-09T11:27:43.0923431Z Selecting previously unselected package libglu1-mesa:amd64.
2026-10-09T11:27:43.1012813Z Preparing to unpack .../025-libglu1-mesa_9.0.2-1.1build1_amd64.deb ...
2026-10-09T11:27:43.1019344Z Unpacking libglu1-mesa:amd64 (9.0.2-1.1build1) ...
2026-10-09T11:27:43.1342864Z Selecting previously unselected package libglu1-mesa-dev:amd64.
2026-10-09T11:27:43.1433590Z Preparing to unpack .../026-libglu1-mesa-dev_9.0.2-1.1build1_amd64.deb ...
2026-10-09T11:27:43.1439219Z Unpacking libglu1-mesa-dev:amd64 (9.0.2-1.1build1) ...
2026-10-09T11:27:43.1614828Z Selecting previously unselected package libxext-dev:amd64.
2026-10-09T11:27:43.1705710Z Preparing to unpack .../027-libxext-dev_2%3a1.3.4-1build2_amd64.deb ...
2026-10-09T11:27:43.1711629Z Unpacking libxext-dev:amd64 (2:1.3.4-1build2) ...
2026-10-09T11:27:43.1928792Z Selecting previously unselected package libice-dev:amd64.
2026-10-09T11:27:43.2020035Z Preparing to unpack .../028-libice-dev_2%3a1.0.10-1build3_amd64.deb ...
2026-10-09T11:27:43.2025853Z Unpacking libice-dev:amd64 (2:1.0.10-1build3) ...
2026-10-09T11:27:43.2214203Z Selecting previously unselected package libsm-dev:amd64.
2026-10-09T11:27:43.2305123Z Preparing to unpack .../029-libsm-dev_2%3a1.2.3-1build3_amd64.deb ...
2026-10-09T11:27:43.2310802Z Unpacking libsm-dev:amd64 (2:1.2.3-1build3) ...
2026-10-09T11:27:43.2466682Z Selecting previously unselected package libxt-dev:amd64.
2026-10-09T11:27:43.2559052Z Preparing to unpack .../030-libxt-dev_1%3a1.2.1-1.2build1_amd64.deb ...
2026-10-09T11:27:43.2565312Z Unpacking libxt-dev:amd64 (1:1.2.1-1.2build1) ...
2026-10-09T11:27:43.2950404Z Selecting previously unselected package libglut-dev:amd64.
2026-10-09T11:27:43.3044564Z Preparing to unpack .../031-libglut-dev_3.4.0-1build1_amd64.deb ...
2026-10-09T11:27:43.3050607Z Unpacking libglut-dev:amd64 (3.4.0-1build1) ...
2026-10-09T11:27:43.3429397Z Selecting previously unselected package freeglut3-dev:amd64.
2026-10-09T11:27:43.3526779Z Preparing to unpack .../032-freeglut3-dev_3.4.0-1build1_amd64.deb ...
2026-10-09T11:27:43.3533928Z Unpacking freeglut3-dev:amd64 (3.4.0-1build1) ...
2026-10-09T11:27:43.3694646Z Selecting previously unselected package gforth-common.
2026-10-09T11:27:43.3789712Z Preparing to unpack .../033-gforth-common_0.7.3+dfsg-9build4.1_all.deb ...
2026-10-09T11:27:43.3795164Z Unpacking gforth-common (0.7.3+dfsg-9build4.1) ...
2026-10-09T11:27:43.4177907Z Selecting previously unselected package gforth-lib:amd64.
2026-10-09T11:27:43.4273109Z Preparing to unpack .../034-gforth-lib_0.7.3+dfsg-9build4.1_amd64.deb ...
2026-10-09T11:27:43.4277874Z Unpacking gforth-lib:amd64 (0.7.3+dfsg-9build4.1) ...
2026-10-09T11:27:43.4467585Z Selecting previously unselected package gforth.
2026-10-09T11:27:43.4560126Z Preparing to unpack .../035-gforth_0.7.3+dfsg-9build4.1_amd64.deb ...
2026-10-09T11:27:43.5033343Z Unpacking gforth (0.7.3+dfsg-9build4.1) ...
2026-10-09T11:27:43.5533067Z Selecting previously unselected package gir1.2-freedesktop:amd64.
2026-10-09T11:27:43.5625777Z Preparing to unpack .../036-gir1.2-freedesktop_1.80.1-1_amd64.deb ...
2026-10-09T11:27:43.5631475Z Unpacking gir1.2-freedesktop:amd64 (1.80.1-1) ...
2026-10-09T11:27:43.5792947Z Selecting previously unselected package gir1.2-glib-2.0-dev:amd64.
2026-10-09T11:27:43.5884312Z Preparing to unpack .../037-gir1.2-glib-2.0-dev_2.80.0-6ubuntu3.9_amd64.deb ...
2026-10-09T11:27:43.5889806Z Unpacking gir1.2-glib-2.0-dev:amd64 (2.80.0-6ubuntu3.9) ...
2026-10-09T11:27:43.6588091Z Selecting previously unselected package gir1.2-freedesktop-dev:amd64.
2026-10-09T11:27:43.6680834Z Preparing to unpack .../038-gir1.2-freedesktop-dev_1.80.1-1_amd64.deb ...
2026-10-09T11:27:43.6686537Z Unpacking gir1.2-freedesktop-dev:amd64 (1.80.1-1) ...
2026-10-09T11:27:43.6854844Z Selecting previously unselected package libharfbuzz-gobject0:amd64.
2026-10-09T11:27:43.6946450Z Preparing to unpack .../039-libharfbuzz-gobject0_8.3.0-2build2_amd64.deb ...
2026-10-09T11:27:43.6952205Z Unpacking libharfbuzz-gobject0:amd64 (8.3.0-2build2) ...
2026-10-09T11:27:43.7106172Z Selecting previously unselected package gir1.2-harfbuzz-0.0:amd64.
2026-10-09T11:27:43.7197384Z Preparing to unpack .../040-gir1.2-harfbuzz-0.0_8.3.0-2build2_amd64.deb ...
2026-10-09T11:27:43.7268365Z Unpacking gir1.2-harfbuzz-0.0:amd64 (8.3.0-2build2) ...
2026-10-09T11:27:43.7485121Z Selecting previously unselected package libibus-1.0-5:amd64.
2026-10-09T11:27:43.7577551Z Preparing to unpack .../041-libibus-1.0-5_1.5.29-2_amd64.deb ...
2026-10-09T11:27:43.7583448Z Unpacking libibus-1.0-5:amd64 (1.5.29-2) ...
2026-10-09T11:27:43.7750223Z Selecting previously unselected package gir1.2-ibus-1.0:amd64.
2026-10-09T11:27:43.7841684Z Preparing to unpack .../042-gir1.2-ibus-1.0_1.5.29-2_amd64.deb ...
2026-10-09T11:27:43.7847328Z Unpacking gir1.2-ibus-1.0:amd64 (1.5.29-2) ...
2026-10-09T11:27:43.8006742Z Selecting previously unselected package libcapture-tiny-perl.
2026-10-09T11:27:43.8097463Z Preparing to unpack .../043-libcapture-tiny-perl_0.48-2_all.deb ...
2026-10-09T11:27:43.8103148Z Unpacking libcapture-tiny-perl (0.48-2) ...
2026-10-09T11:27:43.8256868Z Selecting previously unselected package libclass-inspector-perl.
2026-10-09T11:27:43.8346544Z Preparing to unpack .../044-libclass-inspector-perl_1.36-3_all.deb ...
2026-10-09T11:27:43.8352204Z Unpacking libclass-inspector-perl (1.36-3) ...
2026-10-09T11:27:43.8524299Z Selecting previously unselected package libfile-sharedir-perl.
2026-10-09T11:27:43.8615046Z Preparing to unpack .../045-libfile-sharedir-perl_1.118-3_all.deb ...
2026-10-09T11:27:43.8620631Z Unpacking libfile-sharedir-perl (1.118-3) ...
2026-10-09T11:27:43.8777273Z Selecting previously unselected package libb-hooks-op-check-perl:amd64.
2026-10-09T11:27:43.8868014Z Preparing to unpack .../046-libb-hooks-op-check-perl_0.22-3build1_amd64.deb ...
2026-10-09T11:27:43.8875241Z Unpacking libb-hooks-op-check-perl:amd64 (0.22-3build1) ...
2026-10-09T11:27:43.9032061Z Selecting previously unselected package libdynaloader-functions-perl.
2026-10-09T11:27:43.9121734Z Preparing to unpack .../047-libdynaloader-functions-perl_0.003-3_all.deb ...
2026-10-09T11:27:43.9268033Z Unpacking libdynaloader-functions-perl (0.003-3) ...
2026-10-09T11:27:43.9416743Z Selecting previously unselected package libdevel-callchecker-perl:amd64.
2026-10-09T11:27:43.9506318Z Preparing to unpack .../048-libdevel-callchecker-perl_0.008-2build3_amd64.deb ...
2026-10-09T11:27:43.9511865Z Unpacking libdevel-callchecker-perl:amd64 (0.008-2build3) ...
2026-10-09T11:27:43.9662980Z Selecting previously unselected package libparams-classify-perl:amd64.
2026-10-09T11:27:43.9753117Z Preparing to unpack .../049-libparams-classify-perl_0.015-2build5_amd64.deb ...
2026-10-09T11:27:43.9758530Z Unpacking libparams-classify-perl:amd64 (0.015-2build5) ...
2026-10-09T11:27:43.9915151Z Selecting previously unselected package libmodule-runtime-perl.
2026-10-09T11:27:44.0006682Z Preparing to unpack .../050-libmodule-runtime-perl_0.016-2_all.deb ...
2026-10-09T11:27:44.0012149Z Unpacking libmodule-runtime-perl (0.016-2) ...
2026-10-09T11:27:44.0164923Z Selecting previously unselected package libtry-tiny-perl.
2026-10-09T11:27:44.0256301Z Preparing to unpack .../051-libtry-tiny-perl_0.31-2_all.deb ...
2026-10-09T11:27:44.0261919Z Unpacking libtry-tiny-perl (0.31-2) ...
2026-10-09T11:27:44.0414148Z Selecting previously unselected package libmodule-implementation-perl.
2026-10-09T11:27:44.0504018Z Preparing to unpack .../052-libmodule-implementation-perl_0.09-2_all.deb ...
2026-10-09T11:27:44.0510144Z Unpacking libmodule-implementation-perl (0.09-2) ...
2026-10-09T11:27:44.0658234Z Selecting previously unselected package libsub-exporter-progressive-perl.
2026-10-09T11:27:44.0748394Z Preparing to unpack .../053-libsub-exporter-progressive-perl_0.001013-3_all.deb ...
2026-10-09T11:27:44.0753910Z Unpacking libsub-exporter-progressive-perl (0.001013-3) ...
2026-10-09T11:27:44.0902034Z Selecting previously unselected package libvariable-magic-perl.
2026-10-09T11:27:44.0991380Z Preparing to unpack .../054-libvariable-magic-perl_0.63-1build3_amd64.deb ...
2026-10-09T11:27:44.0997055Z Unpacking libvariable-magic-perl (0.63-1build3) ...
2026-10-09T11:27:44.1275378Z Selecting previously unselected package libb-hooks-endofscope-perl.
2026-10-09T11:27:44.1364121Z Preparing to unpack .../055-libb-hooks-endofscope-perl_0.28-1_all.deb ...
2026-10-09T11:27:44.1369720Z Unpacking libb-hooks-endofscope-perl (0.28-1) ...
2026-10-09T11:27:44.1524584Z Selecting previously unselected package libpackage-stash-perl.
2026-10-09T11:27:44.1612175Z Preparing to unpack .../056-libpackage-stash-perl_0.40-1_all.deb ...
2026-10-09T11:27:44.1617625Z Unpacking libpackage-stash-perl (0.40-1) ...
2026-10-09T11:27:44.1767502Z Selecting previously unselected package libsub-identify-perl.
2026-10-09T11:27:44.1857151Z Preparing to unpack .../057-libsub-identify-perl_0.14-3build3_amd64.deb ...
2026-10-09T11:27:44.1862469Z Unpacking libsub-identify-perl (0.14-3build3) ...
2026-10-09T11:27:44.2013001Z Selecting previously unselected package libsub-name-perl:amd64.
2026-10-09T11:27:44.2102554Z Preparing to unpack .../058-libsub-name-perl_0.27-1build3_amd64.deb ...
2026-10-09T11:27:44.2108305Z Unpacking libsub-name-perl:amd64 (0.27-1build3) ...
2026-10-09T11:27:44.2256235Z Selecting previously unselected package libnamespace-clean-perl.
2026-10-09T11:27:44.2345210Z Preparing to unpack .../059-libnamespace-clean-perl_0.27-2_all.deb ...
2026-10-09T11:27:44.2350336Z Unpacking libnamespace-clean-perl (0.27-2) ...
2026-10-09T11:27:44.2499096Z Selecting previously unselected package libnamespace-autoclean-perl.
2026-10-09T11:27:44.2588873Z Preparing to unpack .../060-libnamespace-autoclean-perl_0.29-2_all.deb ...
2026-10-09T11:27:44.2594383Z Unpacking libnamespace-autoclean-perl (0.29-2) ...
2026-10-09T11:27:44.2743148Z Selecting previously unselected package libparams-util-perl.
2026-10-09T11:27:44.2830650Z Preparing to unpack .../061-libparams-util-perl_1.102-2build3_amd64.deb ...
2026-10-09T11:27:44.2835892Z Unpacking libparams-util-perl (1.102-2build3) ...
2026-10-09T11:27:44.2987122Z Selecting previously unselected package libsub-install-perl.
2026-10-09T11:27:44.3074746Z Preparing to unpack .../062-libsub-install-perl_0.929-1_all.deb ...
2026-10-09T11:27:44.3080424Z Unpacking libsub-install-perl (0.929-1) ...
2026-10-09T11:27:44.3386556Z Selecting previously unselected package libdata-optlist-perl.
2026-10-09T11:27:44.3474212Z Preparing to unpack .../063-libdata-optlist-perl_0.114-1_all.deb ...
2026-10-09T11:27:44.3480003Z Unpacking libdata-optlist-perl (0.114-1) ...
2026-10-09T11:27:44.3626886Z Selecting previously unselected package libsub-exporter-perl.
2026-10-09T11:27:44.3716100Z Preparing to unpack .../064-libsub-exporter-perl_0.990-1_all.deb ...
2026-10-09T11:27:44.3721672Z Unpacking libsub-exporter-perl (0.990-1) ...
2026-10-09T11:27:44.3879427Z Selecting previously unselected package libeval-closure-perl.
2026-10-09T11:27:44.3968546Z Preparing to unpack .../065-libeval-closure-perl_0.14-3_all.deb ...
2026-10-09T11:27:44.3974412Z Unpacking libeval-closure-perl (0.14-3) ...
2026-10-09T11:27:44.4126413Z Selecting previously unselected package libclass-data-inheritable-perl.
2026-10-09T11:27:44.4215886Z Preparing to unpack .../066-libclass-data-inheritable-perl_0.08-3_all.deb ...
2026-10-09T11:27:44.4221892Z Unpacking libclass-data-inheritable-perl (0.08-3) ...
2026-10-09T11:27:44.4373863Z Selecting previously unselected package libdevel-stacktrace-perl.
2026-10-09T11:27:44.4462944Z Preparing to unpack .../067-libdevel-stacktrace-perl_2.0500-1_all.deb ...
2026-10-09T11:27:44.4468906Z Unpacking libdevel-stacktrace-perl (2.0500-1) ...
2026-10-09T11:27:44.4621927Z Selecting previously unselected package libexception-class-perl.
2026-10-09T11:27:44.4709929Z Preparing to unpack .../068-libexception-class-perl_1.45-1_all.deb ...
2026-10-09T11:27:44.4715181Z Unpacking libexception-class-perl (1.45-1) ...
2026-10-09T11:27:44.4867063Z Selecting previously unselected package libparams-validationcompiler-perl.
2026-10-09T11:27:44.4957382Z Preparing to unpack .../069-libparams-validationcompiler-perl_0.31-1_all.deb ...
2026-10-09T11:27:44.4963763Z Unpacking libparams-validationcompiler-perl (0.31-1) ...
2026-10-09T11:27:44.5280080Z Selecting previously unselected package libalgorithm-c3-perl.
2026-10-09T11:27:44.5369237Z Preparing to unpack .../070-libalgorithm-c3-perl_0.11-2_all.deb ...
2026-10-09T11:27:44.5374733Z Unpacking libalgorithm-c3-perl (0.11-2) ...
2026-10-09T11:27:44.5523089Z Selecting previously unselected package libclass-c3-perl.
2026-10-09T11:27:44.5611984Z Preparing to unpack .../071-libclass-c3-perl_0.35-2_all.deb ...
2026-10-09T11:27:44.5617357Z Unpacking libclass-c3-perl (0.35-2) ...
2026-10-09T11:27:44.5766078Z Selecting previously unselected package libmro-compat-perl.
2026-10-09T11:27:44.5854791Z Preparing to unpack .../072-libmro-compat-perl_0.15-2_all.deb ...
2026-10-09T11:27:44.5860168Z Unpacking libmro-compat-perl (0.15-2) ...
2026-10-09T11:27:44.6007522Z Selecting previously unselected package libclass-method-modifiers-perl.
2026-10-09T11:27:44.6098476Z Preparing to unpack .../073-libclass-method-modifiers-perl_2.15-1_all.deb ...
2026-10-09T11:27:44.6104240Z Unpacking libclass-method-modifiers-perl (2.15-1) ...
2026-10-09T11:27:44.6879197Z Selecting previously unselected package librole-tiny-perl.
2026-10-09T11:27:44.6974232Z Preparing to unpack .../074-librole-tiny-perl_2.002004-1_all.deb ...
2026-10-09T11:27:44.6980413Z Unpacking librole-tiny-perl (2.002004-1) ...
2026-10-09T11:27:44.7284337Z Selecting previously unselected package libsub-quote-perl.
2026-10-09T11:27:44.7378688Z Preparing to unpack .../075-libsub-quote-perl_2.006008-1ubuntu1_all.deb ...
2026-10-09T11:27:44.7385005Z Unpacking libsub-quote-perl (2.006008-1ubuntu1) ...
2026-10-09T11:27:44.7544071Z Selecting previously unselected package libxstring-perl:amd64.
2026-10-09T11:27:44.7635141Z Preparing to unpack .../076-libxstring-perl_0.005-2build3_amd64.deb ...
2026-10-09T11:27:44.7640772Z Unpacking libxstring-perl:amd64 (0.005-2build3) ...
2026-10-09T11:27:44.7792683Z Selecting previously unselected package libspecio-perl.
2026-10-09T11:27:44.7882930Z Preparing to unpack .../077-libspecio-perl_0.48-1_all.deb ...
2026-10-09T11:27:44.7888512Z Unpacking libspecio-perl (0.48-1) ...
2026-10-09T11:27:44.8117047Z Selecting previously unselected package libdatetime-locale-perl.
2026-10-09T11:27:44.8207990Z Preparing to unpack .../078-libdatetime-locale-perl_1%3a1.37-1_all.deb ...
2026-10-09T11:27:44.8213577Z Unpacking libdatetime-locale-perl (1:1.37-1) ...
2026-10-09T11:27:45.2835641Z Selecting previously unselected package libclass-singleton-perl.
2026-10-09T11:27:45.2937912Z Preparing to unpack .../079-libclass-singleton-perl_1.6-2_all.deb ...
2026-10-09T11:27:45.2943961Z Unpacking libclass-singleton-perl (1.6-2) ...
2026-10-09T11:27:45.3102672Z Selecting previously unselected package libdatetime-timezone-perl.
2026-10-09T11:27:45.3196797Z Preparing to unpack .../080-libdatetime-timezone-perl_1%3a2.62-1+2024a_all.deb ...
2026-10-09T11:27:45.3202697Z Unpacking libdatetime-timezone-perl (1:2.62-1+2024a) ...
2026-10-09T11:27:45.4840466Z Selecting previously unselected package libdatetime-perl.
2026-10-09T11:27:45.4935392Z Preparing to unpack .../081-libdatetime-perl_2%3a1.65-1build2_amd64.deb ...
2026-10-09T11:27:45.4940833Z Unpacking libdatetime-perl (2:1.65-1build2) ...
2026-10-09T11:27:45.5112220Z Selecting previously unselected package libperlio-gzip-perl.
2026-10-09T11:27:45.5205521Z Preparing to unpack .../082-libperlio-gzip-perl_0.20-1build4_amd64.deb ...
2026-10-09T11:27:45.5210948Z Unpacking libperlio-gzip-perl (0.20-1build4) ...
2026-10-09T11:27:45.5368760Z Selecting previously unselected package lcov.
2026-10-09T11:27:45.5462056Z Preparing to unpack .../083-lcov_2.0-4ubuntu2_all.deb ...
2026-10-09T11:27:45.5468400Z Unpacking lcov (2.0-4ubuntu2) ...
2026-10-09T11:27:45.5698786Z Selecting previously unselected package libasound2-dev:amd64.
2026-10-09T11:27:45.5790495Z Preparing to unpack .../084-libasound2-dev_1.2.11-1ubuntu0.3_amd64.deb ...
2026-10-09T11:27:45.5813776Z Unpacking libasound2-dev:amd64 (1.2.11-1ubuntu0.3) ...
2026-10-09T11:27:45.6247160Z Selecting previously unselected package libasyncns0:amd64.
2026-10-09T11:27:45.6340433Z Preparing to unpack .../085-libasyncns0_0.8-6build4_amd64.deb ...
2026-10-09T11:27:45.6346325Z Unpacking libasyncns0:amd64 (0.8-6build4) ...
2026-10-09T11:27:45.6497379Z Selecting previously unselected package libbrotli-dev:amd64.
2026-10-09T11:27:45.6590144Z Preparing to unpack .../086-libbrotli-dev_1.1.0-2build2_amd64.deb ...
2026-10-09T11:27:45.6595568Z Unpacking libbrotli-dev:amd64 (1.1.0-2build2) ...
2026-10-09T11:27:45.6827493Z Selecting previously unselected package libbullet3.24t64:amd64.
2026-10-09T11:27:45.6920880Z Preparing to unpack .../087-libbullet3.24t64_3.24+dfsg-2.1build1_amd64.deb ...
2026-10-09T11:27:45.6926619Z Unpacking libbullet3.24t64:amd64 (3.24+dfsg-2.1build1) ...
2026-10-09T11:27:45.7429838Z Selecting previously unselected package libbz2-dev:amd64.
2026-10-09T11:27:45.7525276Z Preparing to unpack .../088-libbz2-dev_1.0.8-5.1ubuntu0.1_amd64.deb ...
2026-10-09T11:27:45.7530203Z Unpacking libbz2-dev:amd64 (1.0.8-5.1ubuntu0.1) ...
2026-10-09T11:27:45.7683999Z Selecting previously unselected package libclass-c3-xs-perl.
2026-10-09T11:27:45.7776904Z Preparing to unpack .../089-libclass-c3-xs-perl_0.15-1build6_amd64.deb ...
2026-10-09T11:27:45.7782332Z Unpacking libclass-c3-xs-perl (0.15-1build6) ...
2026-10-09T11:27:45.7936131Z Selecting previously unselected package libclass-xsaccessor-perl.
2026-10-09T11:27:45.8028832Z Preparing to unpack .../090-libclass-xsaccessor-perl_1.19-4build4_amd64.deb ...
2026-10-09T11:27:45.8128389Z Unpacking libclass-xsaccessor-perl (1.19-4build4) ...
2026-10-09T11:27:45.8299475Z Selecting previously unselected package libdbus-1-dev:amd64.
2026-10-09T11:27:45.8393822Z Preparing to unpack .../091-libdbus-1-dev_1.14.10-4ubuntu4.1_amd64.deb ...
2026-10-09T11:27:45.8399249Z Unpacking libdbus-1-dev:amd64 (1.14.10-4ubuntu4.1) ...
2026-10-09T11:27:45.8617150Z Selecting previously unselected package libdecor-0-0:amd64.
2026-10-09T11:27:45.8710033Z Preparing to unpack .../092-libdecor-0-0_0.2.2-1build2_amd64.deb ...
2026-10-09T11:27:45.8715481Z Unpacking libdecor-0-0:amd64 (0.2.2-1build2) ...
2026-10-09T11:27:45.8875135Z Selecting previously unselected package libwayland-server0:amd64.
2026-10-09T11:27:45.8966324Z Preparing to unpack .../093-libwayland-server0_1.22.0-2.1build1_amd64.deb ...
2026-10-09T11:27:45.8972249Z Unpacking libwayland-server0:amd64 (1.22.0-2.1build1) ...
2026-10-09T11:27:45.9127860Z Selecting previously unselected package libwayland-bin.
2026-10-09T11:27:45.9220233Z Preparing to unpack .../094-libwayland-bin_1.22.0-2.1build1_amd64.deb ...
2026-10-09T11:27:45.9226843Z Unpacking libwayland-bin (1.22.0-2.1build1) ...
2026-10-09T11:27:45.9383374Z Selecting previously unselected package libwayland-dev:amd64.
2026-10-09T11:27:45.9475564Z Preparing to unpack .../095-libwayland-dev_1.22.0-2.1build1_amd64.deb ...
2026-10-09T11:27:45.9481037Z Unpacking libwayland-dev:amd64 (1.22.0-2.1build1) ...
2026-10-09T11:27:45.9667974Z Selecting previously unselected package libdecor-0-dev:amd64.
2026-10-09T11:27:45.9760177Z Preparing to unpack .../096-libdecor-0-dev_0.2.2-1build2_amd64.deb ...
2026-10-09T11:27:45.9766397Z Unpacking libdecor-0-dev:amd64 (0.2.2-1build2) ...
2026-10-09T11:27:45.9922049Z Selecting previously unselected package libdecor-0-plugin-1-gtk:amd64.
2026-10-09T11:27:46.0014458Z Preparing to unpack .../097-libdecor-0-plugin-1-gtk_0.2.2-1build2_amd64.deb ...
2026-10-09T11:27:46.0129642Z Unpacking libdecor-0-plugin-1-gtk:amd64 (0.2.2-1build2) ...
2026-10-09T11:27:46.0281392Z Selecting previously unselected package libdeflate-dev:amd64.
2026-10-09T11:27:46.0373494Z Preparing to unpack .../098-libdeflate-dev_1.19-1build1.1_amd64.deb ...
2026-10-09T11:27:46.0378427Z Unpacking libdeflate-dev:amd64 (1.19-1build1.1) ...
2026-10-09T11:27:46.0538862Z Selecting previously unselected package libpadwalker-perl.
2026-10-09T11:27:46.0631175Z Preparing to unpack .../099-libpadwalker-perl_2.5-1build6_amd64.deb ...
2026-10-09T11:27:46.0637541Z Unpacking libpadwalker-perl (2.5-1build6) ...
2026-10-09T11:27:46.0795046Z Selecting previously unselected package libdevel-caller-perl:amd64.
2026-10-09T11:27:46.0887297Z Preparing to unpack .../100-libdevel-caller-perl_2.07-1build3_amd64.deb ...
2026-10-09T11:27:46.0892419Z Unpacking libdevel-caller-perl:amd64 (2.07-1build3) ...
2026-10-09T11:27:46.1052996Z Selecting previously unselected package libdevel-lexalias-perl.
2026-10-09T11:27:46.1145654Z Preparing to unpack .../101-libdevel-lexalias-perl_0.05-3build4_amd64.deb ...
2026-10-09T11:27:46.1151120Z Unpacking libdevel-lexalias-perl (0.05-3build4) ...
2026-10-09T11:27:46.1312090Z Selecting previously unselected package libdrm-radeon1:amd64.
2026-10-09T11:27:46.1402863Z Preparing to unpack .../102-libdrm-radeon1_2.4.125-1ubuntu0.1~24.04.2_amd64.deb ...
2026-10-09T11:27:46.1408681Z Unpacking libdrm-radeon1:amd64 (2.4.125-1ubuntu0.1~24.04.2) ...
2026-10-09T11:27:46.1572454Z Selecting previously unselected package libdrm-nouveau2:amd64.
2026-10-09T11:27:46.1664031Z Preparing to unpack .../103-libdrm-nouveau2_2.4.125-1ubuntu0.1~24.04.2_amd64.deb ...
2026-10-09T11:27:46.1669879Z Unpacking libdrm-nouveau2:amd64 (2.4.125-1ubuntu0.1~24.04.2) ...
2026-10-09T11:27:46.1820237Z Selecting previously unselected package libpciaccess-dev:amd64.
2026-10-09T11:27:46.1911560Z Preparing to unpack .../104-libpciaccess-dev_0.17-3ubuntu0.24.04.3_amd64.deb ...
2026-10-09T11:27:46.1917513Z Unpacking libpciaccess-dev:amd64 (0.17-3ubuntu0.24.04.3) ...
2026-10-09T11:27:46.2229944Z Selecting previously unselected package libdrm-dev:amd64.
2026-10-09T11:27:46.2322868Z Preparing to unpack .../105-libdrm-dev_2.4.125-1ubuntu0.1~24.04.2_amd64.deb ...
2026-10-09T11:27:46.2328318Z Unpacking libdrm-dev:amd64 (2.4.125-1ubuntu0.1~24.04.2) ...
2026-10-09T11:27:46.2570514Z Selecting previously unselected package libegl1-mesa-dev:amd64.
2026-10-09T11:27:46.2663056Z Preparing to unpack .../106-libegl1-mesa-dev_25.2.8-0ubuntu0.24.04.4_amd64.deb ...
2026-10-09T11:27:46.2671133Z Unpacking libegl1-mesa-dev:amd64 (25.2.8-0ubuntu0.24.04.4) ...
2026-10-09T11:27:46.2837115Z Selecting previously unselected package libevent-2.1-7t64:amd64.
2026-10-09T11:27:46.2930239Z Preparing to unpack .../107-libevent-2.1-7t64_2.1.12-stable-9ubuntu2.2_amd64.deb ...
2026-10-09T11:27:46.2938363Z Unpacking libevent-2.1-7t64:amd64 (2.1.12-stable-9ubuntu2.2) ...
2026-10-09T11:27:46.3110721Z Selecting previously unselected package libevent-extra-2.1-7t64:amd64.
2026-10-09T11:27:46.3204079Z Preparing to unpack .../108-libevent-extra-2.1-7t64_2.1.12-stable-9ubuntu2.2_amd64.deb ...
2026-10-09T11:27:46.3212143Z Unpacking libevent-extra-2.1-7t64:amd64 (2.1.12-stable-9ubuntu2.2) ...
2026-10-09T11:27:46.3380758Z Selecting previously unselected package libevent-openssl-2.1-7t64:amd64.
2026-10-09T11:27:46.3472797Z Preparing to unpack .../109-libevent-openssl-2.1-7t64_2.1.12-stable-9ubuntu2.2_amd64.deb ...
2026-10-09T11:27:46.3478568Z Unpacking libevent-openssl-2.1-7t64:amd64 (2.1.12-stable-9ubuntu2.2) ...
2026-10-09T11:27:46.3628234Z Selecting previously unselected package libevent-dev.
2026-10-09T11:27:46.3719400Z Preparing to unpack .../110-libevent-dev_2.1.12-stable-9ubuntu2.2_amd64.deb ...
2026-10-09T11:27:46.3727307Z Unpacking libevent-dev (2.1.12-stable-9ubuntu2.2) ...
2026-10-09T11:27:46.3971000Z Selecting previously unselected package libflac12t64:amd64.
2026-10-09T11:27:46.4065223Z Preparing to unpack .../111-libflac12t64_1.4.3+ds-2.1ubuntu2_amd64.deb ...
2026-10-09T11:27:46.4139154Z Unpacking libflac12t64:amd64 (1.4.3+ds-2.1ubuntu2) ...
2026-10-09T11:27:46.4309639Z Selecting previously unselected package libogg-dev:amd64.
2026-10-09T11:27:46.4401731Z Preparing to unpack .../112-libogg-dev_1.3.5-3build1_amd64.deb ...
2026-10-09T11:27:46.4409218Z Unpacking libogg-dev:amd64 (1.3.5-3build1) ...
2026-10-09T11:27:46.4633345Z Selecting previously unselected package libflac-dev:amd64.
2026-10-09T11:27:46.4725917Z Preparing to unpack .../113-libflac-dev_1.4.3+ds-2.1ubuntu2_amd64.deb ...
2026-10-09T11:27:46.4730244Z Unpacking libflac-dev:amd64 (1.4.3+ds-2.1ubuntu2) ...
2026-10-09T11:27:46.4917487Z Selecting previously unselected package libmp3lame0:amd64.
2026-10-09T11:27:46.5008780Z Preparing to unpack .../114-libmp3lame0_3.100-6build1_amd64.deb ...
2026-10-09T11:27:46.5014050Z Unpacking libmp3lame0:amd64 (3.100-6build1) ...
2026-10-09T11:27:46.5180935Z Selecting previously unselected package libmpg123-0t64:amd64.
2026-10-09T11:27:46.5273576Z Preparing to unpack .../115-libmpg123-0t64_1.32.5-1ubuntu1.1_amd64.deb ...
2026-10-09T11:27:46.5278450Z Unpacking libmpg123-0t64:amd64 (1.32.5-1ubuntu1.1) ...
2026-10-09T11:27:46.5450444Z Selecting previously unselected package libopus0:amd64.
2026-10-09T11:27:46.5542646Z Preparing to unpack .../116-libopus0_1.4-1build1_amd64.deb ...
2026-10-09T11:27:46.5548239Z Unpacking libopus0:amd64 (1.4-1build1) ...
2026-10-09T11:27:46.5724267Z Selecting previously unselected package libvorbisenc2:amd64.
2026-10-09T11:27:46.5815703Z Preparing to unpack .../117-libvorbisenc2_1.3.7-1build3_amd64.deb ...
2026-10-09T11:27:46.5822776Z Unpacking libvorbisenc2:amd64 (1.3.7-1build3) ...
2026-10-09T11:27:46.6151578Z Selecting previously unselected package libsndfile1:amd64.
2026-10-09T11:27:46.6244390Z Preparing to unpack .../118-libsndfile1_1.2.2-1ubuntu5.24.04.1_amd64.deb ...
2026-10-09T11:27:46.6250555Z Unpacking libsndfile1:amd64 (1.2.2-1ubuntu5.24.04.1) ...
2026-10-09T11:27:46.6433207Z Selecting previously unselected package libinstpatch-1.0-2:amd64.
2026-10-09T11:27:46.6524944Z Preparing to unpack .../119-libinstpatch-1.0-2_1.1.6-1build2_amd64.deb ...
2026-10-09T11:27:46.6530327Z Unpacking libinstpatch-1.0-2:amd64 (1.1.6-1build2) ...
2026-10-09T11:27:46.6710847Z Selecting previously unselected package libjack0:amd64.
2026-10-09T11:27:46.6805137Z Preparing to unpack .../120-libjack0_1%3a0.126.0-2build3_amd64.deb ...
2026-10-09T11:27:46.6810953Z Unpacking libjack0:amd64 (1:0.126.0-2build3) ...
2026-10-09T11:27:46.6981299Z Selecting previously unselected package libwebrtc-audio-processing1:amd64.
2026-10-09T11:27:46.7074203Z Preparing to unpack .../121-libwebrtc-audio-processing1_0.3.1-0ubuntu6_amd64.deb ...
2026-10-09T11:27:46.7080042Z Unpacking libwebrtc-audio-processing1:amd64 (0.3.1-0ubuntu6) ...
2026-10-09T11:27:46.7255371Z Selecting previously unselected package libspa-0.2-modules:amd64.
2026-10-09T11:27:46.7347292Z Preparing to unpack .../122-libspa-0.2-modules_1.0.5-1ubuntu3.3_amd64.deb ...
2026-10-09T11:27:46.7352879Z Unpacking libspa-0.2-modules:amd64 (1.0.5-1ubuntu3.3) ...
2026-10-09T11:27:46.7638434Z Selecting previously unselected package libpipewire-0.3-0t64:amd64.
2026-10-09T11:27:46.7731154Z Preparing to unpack .../123-libpipewire-0.3-0t64_1.0.5-1ubuntu3.3_amd64.deb ...
2026-10-09T11:27:46.7736401Z Unpacking libpipewire-0.3-0t64:amd64 (1.0.5-1ubuntu3.3) ...
2026-10-09T11:27:46.7930811Z Selecting previously unselected package libpulse0:amd64.
2026-10-09T11:27:46.8025440Z Preparing to unpack .../124-libpulse0_1%3a16.1+dfsg1-2ubuntu10.1_amd64.deb ...
2026-10-09T11:27:46.8198788Z Unpacking libpulse0:amd64 (1:16.1+dfsg1-2ubuntu10.1) ...
2026-10-09T11:27:46.8389757Z Selecting previously unselected package libsamplerate0:amd64.
2026-10-09T11:27:46.8484517Z Preparing to unpack .../125-libsamplerate0_0.2.2-4build1_amd64.deb ...
2026-10-09T11:27:46.8492734Z Unpacking libsamplerate0:amd64 (0.2.2-4build1) ...
2026-10-09T11:27:46.8689092Z Selecting previously unselected package libsdl2-2.0-0:amd64.
2026-10-09T11:27:46.8783753Z Preparing to unpack .../126-libsdl2-2.0-0_2.30.0+dfsg-1ubuntu3.1_amd64.deb ...
2026-10-09T11:27:46.8790249Z Unpacking libsdl2-2.0-0:amd64 (2.30.0+dfsg-1ubuntu3.1) ...
2026-10-09T11:27:46.9078239Z Selecting previously unselected package timgm6mb-soundfont.
2026-10-09T11:27:46.9172419Z Preparing to unpack .../127-timgm6mb-soundfont_1.3-5_all.deb ...
2026-10-09T11:27:46.9178191Z Unpacking timgm6mb-soundfont (1.3-5) ...
2026-10-09T11:27:47.2162131Z Selecting previously unselected package libfluidsynth3:amd64.
2026-10-09T11:27:47.2258297Z Preparing to unpack .../128-libfluidsynth3_2.3.4-1build3_amd64.deb ...
2026-10-09T11:27:47.2263497Z Unpacking libfluidsynth3:amd64 (2.3.4-1build3) ...
2026-10-09T11:27:47.2440821Z Selecting previously unselected package libglib2.0-dev-bin.
2026-10-09T11:27:47.2532855Z Preparing to unpack .../129-libglib2.0-dev-bin_2.80.0-6ubuntu3.9_amd64.deb ...
2026-10-09T11:27:47.2539930Z Unpacking libglib2.0-dev-bin (2.80.0-6ubuntu3.9) ...
2026-10-09T11:27:47.2753954Z Selecting previously unselected package uuid-dev:amd64.
2026-10-09T11:27:47.2845752Z Preparing to unpack .../130-uuid-dev_2.39.3-9ubuntu6.6_amd64.deb ...
2026-10-09T11:27:47.2850984Z Unpacking uuid-dev:amd64 (2.39.3-9ubuntu6.6) ...
2026-10-09T11:27:47.3018780Z Selecting previously unselected package libblkid-dev:amd64.
2026-10-09T11:27:47.3110324Z Preparing to unpack .../131-libblkid-dev_2.39.3-9ubuntu6.6_amd64.deb ...
2026-10-09T11:27:47.3116071Z Unpacking libblkid-dev:amd64 (2.39.3-9ubuntu6.6) ...
2026-10-09T11:27:47.3294769Z Selecting previously unselected package libsepol-dev:amd64.
2026-10-09T11:27:47.3385197Z Preparing to unpack .../132-libsepol-dev_3.5-2build1_amd64.deb ...
2026-10-09T11:27:47.3391182Z Unpacking libsepol-dev:amd64 (3.5-2build1) ...
2026-10-09T11:27:47.3646336Z Selecting previously unselected package libselinux1-dev:amd64.
2026-10-09T11:27:47.3742274Z Preparing to unpack .../133-libselinux1-dev_3.5-2ubuntu2.1_amd64.deb ...
2026-10-09T11:27:47.3747769Z Unpacking libselinux1-dev:amd64 (3.5-2ubuntu2.1) ...
2026-10-09T11:27:47.4275160Z Selecting previously unselected package libmount-dev:amd64.
2026-10-09T11:27:47.4369104Z Preparing to unpack .../134-libmount-dev_2.39.3-9ubuntu6.6_amd64.deb ...
2026-10-09T11:27:47.4376439Z Unpacking libmount-dev:amd64 (2.39.3-9ubuntu6.6) ...
2026-10-09T11:27:47.4544280Z Selecting previously unselected package libgirepository-2.0-0:amd64.
2026-10-09T11:27:47.4636305Z Preparing to unpack .../135-libgirepository-2.0-0_2.80.0-6ubuntu3.9_amd64.deb ...
2026-10-09T11:27:47.4642289Z Unpacking libgirepository-2.0-0:amd64 (2.80.0-6ubuntu3.9) ...
2026-10-09T11:27:47.4804192Z Selecting previously unselected package libglib2.0-dev:amd64.
2026-10-09T11:27:47.4895550Z Preparing to unpack .../136-libglib2.0-dev_2.80.0-6ubuntu3.9_amd64.deb ...
2026-10-09T11:27:47.4901409Z Unpacking libglib2.0-dev:amd64 (2.80.0-6ubuntu3.9) ...
2026-10-09T11:27:47.5890304Z Selecting previously unselected package libout123-0t64:amd64.
2026-10-09T11:27:47.5985534Z Preparing to unpack .../137-libout123-0t64_1.32.5-1ubuntu1.1_amd64.deb ...
2026-10-09T11:27:47.6164643Z Unpacking libout123-0t64:amd64 (1.32.5-1ubuntu1.1) ...
2026-10-09T11:27:47.6366594Z Selecting previously unselected package libsyn123-0t64:amd64.
2026-10-09T11:27:47.6459235Z Preparing to unpack .../138-libsyn123-0t64_1.32.5-1ubuntu1.1_amd64.deb ...
2026-10-09T11:27:47.6466764Z Unpacking libsyn123-0t64:amd64 (1.32.5-1ubuntu1.1) ...
2026-10-09T11:27:47.6629921Z Selecting previously unselected package libmpg123-dev:amd64.
2026-10-09T11:27:47.6723090Z Preparing to unpack .../139-libmpg123-dev_1.32.5-1ubuntu1.1_amd64.deb ...
2026-10-09T11:27:47.6732689Z Unpacking libmpg123-dev:amd64 (1.32.5-1ubuntu1.1) ...
2026-10-09T11:27:47.6919358Z Selecting previously unselected package libopus-dev:amd64.
2026-10-09T11:27:47.7011142Z Preparing to unpack .../140-libopus-dev_1.4-1build1_amd64.deb ...
2026-10-09T11:27:47.7017094Z Unpacking libopus-dev:amd64 (1.4-1build1) ...
2026-10-09T11:27:47.7203005Z Selecting previously unselected package libvorbis-dev:amd64.
2026-10-09T11:27:47.7294914Z Preparing to unpack .../141-libvorbis-dev_1.3.7-1build3_amd64.deb ...
2026-10-09T11:27:47.7300746Z Unpacking libvorbis-dev:amd64 (1.3.7-1build3) ...
2026-10-09T11:27:47.7608606Z Selecting previously unselected package libsndfile1-dev:amd64.
2026-10-09T11:27:47.7701624Z Preparing to unpack .../142-libsndfile1-dev_1.2.2-1ubuntu5.24.04.1_amd64.deb ...
2026-10-09T11:27:47.7706834Z Unpacking libsndfile1-dev:amd64 (1.2.2-1ubuntu5.24.04.1) ...
2026-10-09T11:27:47.7948147Z Selecting previously unselected package libinstpatch-dev:amd64.
2026-10-09T11:27:47.8040447Z Preparing to unpack .../143-libinstpatch-dev_1.1.6-1build2_amd64.deb ...
2026-10-09T11:27:47.8166159Z Unpacking libinstpatch-dev:amd64 (1.1.6-1build2) ...
2026-10-09T11:27:47.8409318Z Selecting previously unselected package libjack-dev:amd64.
2026-10-09T11:27:47.8502381Z Preparing to unpack .../144-libjack-dev_1%3a0.126.0-2build3_amd64.deb ...
2026-10-09T11:27:47.8508102Z Unpacking libjack-dev:amd64 (1:0.126.0-2build3) ...
2026-10-09T11:27:47.8889994Z Selecting previously unselected package libspa-0.2-dev:amd64.
2026-10-09T11:27:47.8983042Z Preparing to unpack .../145-libspa-0.2-dev_1.0.5-1ubuntu3.3_amd64.deb ...
2026-10-09T11:27:47.8988845Z Unpacking libspa-0.2-dev:amd64 (1.0.5-1ubuntu3.3) ...
2026-10-09T11:27:47.9279620Z Selecting previously unselected package libpipewire-0.3-dev:amd64.
2026-10-09T11:27:47.9373948Z Preparing to unpack .../146-libpipewire-0.3-dev_1.0.5-1ubuntu3.3_amd64.deb ...
2026-10-09T11:27:47.9380330Z Unpacking libpipewire-0.3-dev:amd64 (1.0.5-1ubuntu3.3) ...
2026-10-09T11:27:47.9599821Z Selecting previously unselected package libpulse-mainloop-glib0:amd64.
2026-10-09T11:27:47.9693466Z Preparing to unpack .../147-libpulse-mainloop-glib0_1%3a16.1+dfsg1-2ubuntu10.1_amd64.deb ...
2026-10-09T11:27:47.9699513Z Unpacking libpulse-mainloop-glib0:amd64 (1:16.1+dfsg1-2ubuntu10.1) ...
2026-10-09T11:27:47.9859931Z Selecting previously unselected package libpulse-dev:amd64.
2026-10-09T11:27:47.9953590Z Preparing to unpack .../148-libpulse-dev_1%3a16.1+dfsg1-2ubuntu10.1_amd64.deb ...
2026-10-09T11:27:47.9960322Z Unpacking libpulse-dev:amd64 (1:16.1+dfsg1-2ubuntu10.1) ...
2026-10-09T11:27:48.0395882Z Selecting previously unselected package libreadline-dev:amd64.
2026-10-09T11:27:48.0490294Z Preparing to unpack .../149-libreadline-dev_8.2-4build1_amd64.deb ...
2026-10-09T11:27:48.0495731Z Unpacking libreadline-dev:amd64 (8.2-4build1) ...
2026-10-09T11:27:48.0676312Z Selecting previously unselected package libgbm-dev:amd64.
2026-10-09T11:27:48.0768908Z Preparing to unpack .../150-libgbm-dev_25.2.8-0ubuntu0.24.04.4_amd64.deb ...
2026-10-09T11:27:48.0774550Z Unpacking libgbm-dev:amd64 (25.2.8-0ubuntu0.24.04.4) ...
2026-10-09T11:27:48.0934034Z Selecting previously unselected package libibus-1.0-dev:amd64.
2026-10-09T11:27:48.1026119Z Preparing to unpack .../151-libibus-1.0-dev_1.5.29-2_amd64.deb ...
2026-10-09T11:27:48.1031483Z Unpacking libibus-1.0-dev:amd64 (1.5.29-2) ...
2026-10-09T11:27:48.1350949Z Selecting previously unselected package libsamplerate0-dev:amd64.
2026-10-09T11:27:48.1445258Z Preparing to unpack .../152-libsamplerate0-dev_0.2.2-4build1_amd64.deb ...
2026-10-09T11:27:48.1450977Z Unpacking libsamplerate0-dev:amd64 (0.2.2-4build1) ...
2026-10-09T11:27:48.1640090Z Selecting previously unselected package libsndio7.0:amd64.
2026-10-09T11:27:48.1735154Z Preparing to unpack .../153-libsndio7.0_1.9.0-0.3build3_amd64.deb ...
2026-10-09T11:27:48.1741527Z Unpacking libsndio7.0:amd64 (1.9.0-0.3build3) ...
2026-10-09T11:27:48.1905124Z Selecting previously unselected package libsndio-dev:amd64.
2026-10-09T11:27:48.1999067Z Preparing to unpack .../154-libsndio-dev_1.9.0-0.3build3_amd64.deb ...
2026-10-09T11:27:48.2004727Z Unpacking libsndio-dev:amd64 (1.9.0-0.3build3) ...
2026-10-09T11:27:48.2335426Z Selecting previously unselected package libudev-dev:amd64.
2026-10-09T11:27:48.2431462Z Preparing to unpack .../155-libudev-dev_255.4-1ubuntu8.17_amd64.deb ...
2026-10-09T11:27:48.2439635Z Unpacking libudev-dev:amd64 (255.4-1ubuntu8.17) ...
2026-10-09T11:27:48.2653748Z Selecting previously unselected package libxrender-dev:amd64.
2026-10-09T11:27:48.2751647Z Preparing to unpack .../156-libxrender-dev_1%3a0.9.10-1.1build1_amd64.deb ...
2026-10-09T11:27:48.2758431Z Unpacking libxrender-dev:amd64 (1:0.9.10-1.1build1) ...
2026-10-09T11:27:48.2928928Z Selecting previously unselected package libxfixes-dev:amd64.
2026-10-09T11:27:48.3026699Z Preparing to unpack .../157-libxfixes-dev_1%3a6.0.0-2build1_amd64.deb ...
2026-10-09T11:27:48.3032950Z Unpacking libxfixes-dev:amd64 (1:6.0.0-2build1) ...
2026-10-09T11:27:48.3202907Z Selecting previously unselected package libxcursor-dev:amd64.
2026-10-09T11:27:48.3302043Z Preparing to unpack .../158-libxcursor-dev_1%3a1.2.1-1build1_amd64.deb ...
2026-10-09T11:27:48.3308078Z Unpacking libxcursor-dev:amd64 (1:1.2.1-1build1) ...
2026-10-09T11:27:48.3525225Z Selecting previously unselected package libxi-dev:amd64.
2026-10-09T11:27:48.3624494Z Preparing to unpack .../159-libxi-dev_2%3a1.8.1-1build1_amd64.deb ...
2026-10-09T11:27:48.3630987Z Unpacking libxi-dev:amd64 (2:1.8.1-1build1) ...
2026-10-09T11:27:48.3884946Z Selecting previously unselected package libxinerama-dev:amd64.
2026-10-09T11:27:48.3985206Z Preparing to unpack .../160-libxinerama-dev_2%3a1.1.4-3build1_amd64.deb ...
2026-10-09T11:27:48.3991485Z Unpacking libxinerama-dev:amd64 (2:1.1.4-3build1) ...
2026-10-09T11:27:48.4338870Z Selecting previously unselected package libxkbcommon-dev:amd64.
2026-10-09T11:27:48.4438443Z Preparing to unpack .../161-libxkbcommon-dev_1.6.0-1build1_amd64.deb ...
2026-10-09T11:27:48.4444762Z Unpacking libxkbcommon-dev:amd64 (1.6.0-1build1) ...
2026-10-09T11:27:48.4628145Z Selecting previously unselected package libxrandr-dev:amd64.
2026-10-09T11:27:48.4724636Z Preparing to unpack .../162-libxrandr-dev_2%3a1.5.2-2build1_amd64.deb ...
2026-10-09T11:27:48.4730758Z Unpacking libxrandr-dev:amd64 (2:1.5.2-2build1) ...
2026-10-09T11:27:48.4922525Z Selecting previously unselected package libxss-dev:amd64.
2026-10-09T11:27:48.5020706Z Preparing to unpack .../163-libxss-dev_1%3a1.2.3-1build3_amd64.deb ...
2026-10-09T11:27:48.5433069Z Unpacking libxss-dev:amd64 (1:1.2.3-1build3) ...
2026-10-09T11:27:48.5620393Z Selecting previously unselected package libxv1:amd64.
2026-10-09T11:27:48.5718985Z Preparing to unpack .../164-libxv1_2%3a1.0.11-1.1build1_amd64.deb ...
2026-10-09T11:27:48.5725589Z Unpacking libxv1:amd64 (2:1.0.11-1.1build1) ...
2026-10-09T11:27:48.5893437Z Selecting previously unselected package libxv-dev:amd64.
2026-10-09T11:27:48.5990413Z Preparing to unpack .../165-libxv-dev_2%3a1.0.11-1.1build1_amd64.deb ...
2026-10-09T11:27:48.5996886Z Unpacking libxv-dev:amd64 (2:1.0.11-1.1build1) ...
2026-10-09T11:27:48.6335535Z Selecting previously unselected package libxxf86vm-dev:amd64.
2026-10-09T11:27:48.6436815Z Preparing to unpack .../166-libxxf86vm-dev_1%3a1.1.4-1build4_amd64.deb ...
2026-10-09T11:27:48.6445749Z Unpacking libxxf86vm-dev:amd64 (1:1.1.4-1build4) ...
2026-10-09T11:27:48.6652240Z Selecting previously unselected package libsdl2-dev:amd64.
2026-10-09T11:27:48.6750901Z Preparing to unpack .../167-libsdl2-dev_2.30.0+dfsg-1ubuntu3.1_amd64.deb ...
2026-10-09T11:27:48.6757400Z Unpacking libsdl2-dev:amd64 (2.30.0+dfsg-1ubuntu3.1) ...
2026-10-09T11:27:48.7418158Z Selecting previously unselected package libsystemd-dev:amd64.
2026-10-09T11:27:48.7515964Z Preparing to unpack .../168-libsystemd-dev_255.4-1ubuntu8.17_amd64.deb ...
2026-10-09T11:27:48.7521510Z Unpacking libsystemd-dev:amd64 (255.4-1ubuntu8.17) ...
2026-10-09T11:27:48.8546158Z Selecting previously unselected package libfluidsynth-dev:amd64.
2026-10-09T11:27:48.8644865Z Preparing to unpack .../169-libfluidsynth-dev_2.3.4-1build3_amd64.deb ...
2026-10-09T11:27:48.8651478Z Unpacking libfluidsynth-dev:amd64 (2.3.4-1build3) ...
2026-10-09T11:27:48.8945861Z Preparing to unpack .../170-libfreetype6_2.13.2+dfsg-1ubuntu0.2_amd64.deb ...
2026-10-09T11:27:48.8965043Z Unpacking libfreetype6:amd64 (2.13.2+dfsg-1ubuntu0.2) over (2.13.2+dfsg-1ubuntu0.1) ...
2026-10-09T11:27:48.9169289Z Selecting previously unselected package libpng-dev:amd64.
2026-10-09T11:27:48.9263466Z Preparing to unpack .../171-libpng-dev_1.6.43-5ubuntu0.7_amd64.deb ...
2026-10-09T11:27:48.9269353Z Unpacking libpng-dev:amd64 (1.6.43-5ubuntu0.7) ...
2026-10-09T11:27:48.9466087Z Selecting previously unselected package libfreetype-dev:amd64.
2026-10-09T11:27:48.9559626Z Preparing to unpack .../172-libfreetype-dev_2.13.2+dfsg-1ubuntu0.2_amd64.deb ...
2026-10-09T11:27:48.9565824Z Unpacking libfreetype-dev:amd64 (2.13.2+dfsg-1ubuntu0.2) ...
2026-10-09T11:27:48.9822244Z Selecting previously unselected package libglew2.2:amd64.
2026-10-09T11:27:48.9917874Z Preparing to unpack .../173-libglew2.2_2.2.0-4build1_amd64.deb ...
2026-10-09T11:27:48.9925969Z Unpacking libglew2.2:amd64 (2.2.0-4build1) ...
2026-10-09T11:27:49.0245307Z Selecting previously unselected package libglew-dev:amd64.
2026-10-09T11:27:49.0340566Z Preparing to unpack .../174-libglew-dev_2.2.0-4build1_amd64.deb ...
2026-10-09T11:27:49.0346227Z Unpacking libglew-dev:amd64 (2.2.0-4build1) ...
2026-10-09T11:27:49.0624840Z Selecting previously unselected package libglfw3:amd64.
2026-10-09T11:27:49.0717942Z Preparing to unpack .../175-libglfw3_3.3.10-1build1_amd64.deb ...
2026-10-09T11:27:49.0726157Z Unpacking libglfw3:amd64 (3.3.10-1build1) ...
2026-10-09T11:27:49.0893435Z Selecting previously unselected package libglfw3-dev:amd64.
2026-10-09T11:27:49.0988600Z Preparing to unpack .../176-libglfw3-dev_3.3.10-1build1_amd64.deb ...
2026-10-09T11:27:49.1002280Z Unpacking libglfw3-dev:amd64 (3.3.10-1build1) ...
2026-10-09T11:27:49.1173687Z Selecting previously unselected package libgraphite2-dev:amd64.
2026-10-09T11:27:49.1268436Z Preparing to unpack .../177-libgraphite2-dev_1.3.14-2ubuntu0.24.04.1_amd64.deb ...
2026-10-09T11:27:49.1274124Z Unpacking libgraphite2-dev:amd64 (1.3.14-2ubuntu0.24.04.1) ...
2026-10-09T11:27:49.1449628Z Selecting previously unselected package libharfbuzz-cairo0:amd64.
2026-10-09T11:27:49.1544074Z Preparing to unpack .../178-libharfbuzz-cairo0_8.3.0-2build2_amd64.deb ...
2026-10-09T11:27:49.1550921Z Unpacking libharfbuzz-cairo0:amd64 (8.3.0-2build2) ...
2026-10-09T11:27:49.1730804Z Selecting previously unselected package libharfbuzz-icu0:amd64.
2026-10-09T11:27:49.1826003Z Preparing to unpack .../179-libharfbuzz-icu0_8.3.0-2build2_amd64.deb ...
2026-10-09T11:27:49.1832586Z Unpacking libharfbuzz-icu0:amd64 (8.3.0-2build2) ...
2026-10-09T11:27:49.2009793Z Selecting previously unselected package libharfbuzz-subset0:amd64.
2026-10-09T11:27:49.2106225Z Preparing to unpack .../180-libharfbuzz-subset0_8.3.0-2build2_amd64.deb ...
2026-10-09T11:27:49.2247081Z Unpacking libharfbuzz-subset0:amd64 (8.3.0-2build2) ...
2026-10-09T11:27:49.2454071Z Selecting previously unselected package libharfbuzz-dev:amd64.
2026-10-09T11:27:49.2551361Z Preparing to unpack .../181-libharfbuzz-dev_8.3.0-2build2_amd64.deb ...
2026-10-09T11:27:49.2559875Z Unpacking libharfbuzz-dev:amd64 (8.3.0-2build2) ...
2026-10-09T11:27:49.2829985Z Selecting previously unselected package libjpeg-turbo8-dev:amd64.
2026-10-09T11:27:49.2927850Z Preparing to unpack .../182-libjpeg-turbo8-dev_2.1.5-2ubuntu2_amd64.deb ...
2026-10-09T11:27:49.2934557Z Unpacking libjpeg-turbo8-dev:amd64 (2.1.5-2ubuntu2) ...
2026-10-09T11:27:49.3141074Z Selecting previously unselected package libjpeg8-dev:amd64.
2026-10-09T11:27:49.3238268Z Preparing to unpack .../183-libjpeg8-dev_8c-2ubuntu11_amd64.deb ...
2026-10-09T11:27:49.3244614Z Unpacking libjpeg8-dev:amd64 (8c-2ubuntu11) ...
2026-10-09T11:27:49.3411550Z Selecting previously unselected package libjpeg-dev:amd64.
2026-10-09T11:27:49.3507603Z Preparing to unpack .../184-libjpeg-dev_8c-2ubuntu11_amd64.deb ...
2026-10-09T11:27:49.3514123Z Unpacking libjpeg-dev:amd64 (8c-2ubuntu11) ...
2026-10-09T11:27:49.3683248Z Selecting previously unselected package liblerc-dev:amd64.
2026-10-09T11:27:49.3780138Z Preparing to unpack .../185-liblerc-dev_4.0.0+ds-4ubuntu2_amd64.deb ...
2026-10-09T11:27:49.3787542Z Unpacking liblerc-dev:amd64 (4.0.0+ds-4ubuntu2) ...
2026-10-09T11:27:49.3999415Z Selecting previously unselected package libmodplug1:amd64.
2026-10-09T11:27:49.4097505Z Preparing to unpack .../186-libmodplug1_1%3a0.8.9.0-3build1_amd64.deb ...
2026-10-09T11:27:49.4248233Z Unpacking libmodplug1:amd64 (1:0.8.9.0-3build1) ...
2026-10-09T11:27:49.4429028Z Selecting previously unselected package libmodplug-dev:amd64.
2026-10-09T11:27:49.4525378Z Preparing to unpack .../187-libmodplug-dev_1%3a0.8.9.0-3build1_amd64.deb ...
2026-10-09T11:27:49.4531296Z Unpacking libmodplug-dev:amd64 (1:0.8.9.0-3build1) ...
2026-10-09T11:27:49.4706031Z Selecting previously unselected package libopusfile0:amd64.
2026-10-09T11:27:49.4802598Z Preparing to unpack .../188-libopusfile0_0.12-4build3_amd64.deb ...
2026-10-09T11:27:49.4810769Z Unpacking libopusfile0:amd64 (0.12-4build3) ...
2026-10-09T11:27:49.4977778Z Selecting previously unselected package libopusfile-dev:amd64.
2026-10-09T11:27:49.5074534Z Preparing to unpack .../189-libopusfile-dev_0.12-4build3_amd64.deb ...
2026-10-09T11:27:49.5081060Z Unpacking libopusfile-dev:amd64 (0.12-4build3) ...
2026-10-09T11:27:49.5256969Z Selecting previously unselected package libpackage-stash-xs-perl:amd64.
2026-10-09T11:27:49.5353912Z Preparing to unpack .../190-libpackage-stash-xs-perl_0.30-1build4_amd64.deb ...
2026-10-09T11:27:49.5360570Z Unpacking libpackage-stash-xs-perl:amd64 (0.30-1build4) ...
2026-10-09T11:27:49.5537579Z Selecting previously unselected package libpipewire-0.3-common.
2026-10-09T11:27:49.5635582Z Preparing to unpack .../191-libpipewire-0.3-common_1.0.5-1ubuntu3.3_all.deb ...
2026-10-09T11:27:49.5642619Z Unpacking libpipewire-0.3-common (1.0.5-1ubuntu3.3) ...
2026-10-09T11:27:49.5805192Z Selecting previously unselected package libpng-tools.
2026-10-09T11:27:49.5901536Z Preparing to unpack .../192-libpng-tools_1.6.43-5ubuntu0.7_amd64.deb ...
2026-10-09T11:27:49.5907212Z Unpacking libpng-tools (1.6.43-5ubuntu0.7) ...
2026-10-09T11:27:49.6258013Z Selecting previously unselected package libreadonly-perl.
2026-10-09T11:27:49.6357689Z Preparing to unpack .../193-libreadonly-perl_2.050-3_all.deb ...
2026-10-09T11:27:49.6363968Z Unpacking libreadonly-perl (2.050-3) ...
2026-10-09T11:27:49.6543654Z Selecting previously unselected package libref-util-perl.
2026-10-09T11:27:49.6640144Z Preparing to unpack .../194-libref-util-perl_0.204-2_all.deb ...
2026-10-09T11:27:49.6645563Z Unpacking libref-util-perl (0.204-2) ...
2026-10-09T11:27:49.6810866Z Selecting previously unselected package libref-util-xs-perl.
2026-10-09T11:27:49.6906080Z Preparing to unpack .../195-libref-util-xs-perl_0.117-2build4_amd64.deb ...
2026-10-09T11:27:49.6912000Z Unpacking libref-util-xs-perl (0.117-2build4) ...
2026-10-09T11:27:49.7085089Z Selecting previously unselected package libsdl2-image-2.0-0:amd64.
2026-10-09T11:27:49.7179883Z Preparing to unpack .../196-libsdl2-image-2.0-0_2.8.2+dfsg-1build2_amd64.deb ...
2026-10-09T11:27:49.7186154Z Unpacking libsdl2-image-2.0-0:amd64 (2.8.2+dfsg-1build2) ...
2026-10-09T11:27:49.7353896Z Selecting previously unselected package libjbig-dev:amd64.
2026-10-09T11:27:49.7450810Z Preparing to unpack .../197-libjbig-dev_2.1-6.1ubuntu2_amd64.deb ...
2026-10-09T11:27:49.7457183Z Unpacking libjbig-dev:amd64 (2.1-6.1ubuntu2) ...
2026-10-09T11:27:49.7625853Z Selecting previously unselected package liblzma-dev:amd64.
2026-10-09T11:27:49.7721391Z Preparing to unpack .../198-liblzma-dev_5.6.1+really5.4.5-1ubuntu0.3_amd64.deb ...
2026-10-09T11:27:49.7727845Z Unpacking liblzma-dev:amd64 (5.6.1+really5.4.5-1ubuntu0.3) ...
2026-10-09T11:27:49.7932628Z Selecting previously unselected package libwebpdecoder3:amd64.
2026-10-09T11:27:49.8028470Z Preparing to unpack .../199-libwebpdecoder3_1.3.2-0.4build3_amd64.deb ...
2026-10-09T11:27:49.8037129Z Unpacking libwebpdecoder3:amd64 (1.3.2-0.4build3) ...
2026-10-09T11:27:49.8379026Z Selecting previously unselected package libsharpyuv-dev:amd64.
2026-10-09T11:27:49.8474265Z Preparing to unpack .../200-libsharpyuv-dev_1.3.2-0.4build3_amd64.deb ...
2026-10-09T11:27:49.8479378Z Unpacking libsharpyuv-dev:amd64 (1.3.2-0.4build3) ...
2026-10-09T11:27:49.8639473Z Selecting previously unselected package libwebp-dev:amd64.
2026-10-09T11:27:49.8733997Z Preparing to unpack .../201-libwebp-dev_1.3.2-0.4build3_amd64.deb ...
2026-10-09T11:27:49.8739341Z Unpacking libwebp-dev:amd64 (1.3.2-0.4build3) ...
2026-10-09T11:27:49.8980491Z Selecting previously unselected package libtiffxx6:amd64.
2026-10-09T11:27:49.9074952Z Preparing to unpack .../202-libtiffxx6_4.5.1+git230720-4ubuntu2.5_amd64.deb ...
2026-10-09T11:27:49.9080988Z Unpacking libtiffxx6:amd64 (4.5.1+git230720-4ubuntu2.5) ...
2026-10-09T11:27:49.9244091Z Selecting previously unselected package libtiff-dev:amd64.
2026-10-09T11:27:49.9340021Z Preparing to unpack .../203-libtiff-dev_4.5.1+git230720-4ubuntu2.5_amd64.deb ...
2026-10-09T11:27:49.9345777Z Unpacking libtiff-dev:amd64 (4.5.1+git230720-4ubuntu2.5) ...
2026-10-09T11:27:49.9604644Z Selecting previously unselected package libsdl2-image-dev:amd64.
2026-10-09T11:27:49.9701637Z Preparing to unpack .../204-libsdl2-image-dev_2.8.2+dfsg-1build2_amd64.deb ...
2026-10-09T11:27:49.9707224Z Unpacking libsdl2-image-dev:amd64 (2.8.2+dfsg-1build2) ...
2026-10-09T11:27:49.9894764Z Selecting previously unselected package libsdl2-mixer-2.0-0:amd64.
2026-10-09T11:27:49.9991408Z Preparing to unpack .../205-libsdl2-mixer-2.0-0_2.8.0+dfsg-1build3_amd64.deb ...
2026-10-09T11:27:49.9997700Z Unpacking libsdl2-mixer-2.0-0:amd64 (2.8.0+dfsg-1build3) ...
2026-10-09T11:27:50.0355978Z Selecting previously unselected package libsdl2-mixer-dev:amd64.
2026-10-09T11:27:50.0450614Z Preparing to unpack .../206-libsdl2-mixer-dev_2.8.0+dfsg-1build3_amd64.deb ...
2026-10-09T11:27:50.0457162Z Unpacking libsdl2-mixer-dev:amd64 (2.8.0+dfsg-1build3) ...
2026-10-09T11:27:50.0645190Z Selecting previously unselected package libsdl2-ttf-2.0-0:amd64.
2026-10-09T11:27:50.0739268Z Preparing to unpack .../207-libsdl2-ttf-2.0-0_2.22.0+dfsg-1_amd64.deb ...
2026-10-09T11:27:50.0744932Z Unpacking libsdl2-ttf-2.0-0:amd64 (2.22.0+dfsg-1) ...
2026-10-09T11:27:50.0908316Z Selecting previously unselected package libsdl2-ttf-dev:amd64.
2026-10-09T11:27:50.1002359Z Preparing to unpack .../208-libsdl2-ttf-dev_2.22.0+dfsg-1_amd64.deb ...
2026-10-09T11:27:50.1007526Z Unpacking libsdl2-ttf-dev:amd64 (2.22.0+dfsg-1) ...
2026-10-09T11:27:50.1181799Z Selecting previously unselected package libutf8proc3:amd64.
2026-10-09T11:27:50.1275369Z Preparing to unpack .../209-libutf8proc3_2.9.0-1build1_amd64.deb ...
2026-10-09T11:27:50.1281861Z Unpacking libutf8proc3:amd64 (2.9.0-1build1) ...
2026-10-09T11:27:50.1447643Z Selecting previously unselected package libutf8proc-dev:amd64.
2026-10-09T11:27:50.1541541Z Preparing to unpack .../210-libutf8proc-dev_2.9.0-1build1_amd64.deb ...
2026-10-09T11:27:50.1547340Z Unpacking libutf8proc-dev:amd64 (2.9.0-1build1) ...
2026-10-09T11:27:50.1715488Z Selecting previously unselected package libuv1-dev:amd64.
2026-10-09T11:27:50.1810481Z Preparing to unpack .../211-libuv1-dev_1.48.0-1.1build1_amd64.deb ...
2026-10-09T11:27:50.1816060Z Unpacking libuv1-dev:amd64 (1.48.0-1.1build1) ...
2026-10-09T11:27:50.2000092Z Selecting previously unselected package libvulkan-dev:amd64.
2026-10-09T11:27:50.2095564Z Preparing to unpack .../212-libvulkan-dev_1.3.275.0-1build1_amd64.deb ...
2026-10-09T11:27:50.2101039Z Unpacking libvulkan-dev:amd64 (1.3.275.0-1build1) ...
2026-10-09T11:27:50.3903339Z Selecting previously unselected package libbullet-dev:amd64.
2026-10-09T11:27:50.3999760Z Preparing to unpack .../213-libbullet-dev_3.24+dfsg-2.1build1_amd64.deb ...
2026-10-09T11:27:50.4006196Z Unpacking libbullet-dev:amd64 (3.24+dfsg-2.1build1) ...
2026-10-09T11:27:50.5078948Z Selecting previously unselected package libgd-perl.
2026-10-09T11:27:50.5182215Z Preparing to unpack .../214-libgd-perl_2.78-1ubuntu0.24.04.1_amd64.deb ...
2026-10-09T11:27:50.5188215Z Unpacking libgd-perl (2.78-1ubuntu0.24.04.1) ...
2026-10-09T11:27:50.5721534Z Setting up libpipewire-0.3-common (1.0.5-1ubuntu3.3) ...
2026-10-09T11:27:50.5741549Z Setting up libuv1-dev:amd64 (1.48.0-1.1build1) ...
2026-10-09T11:27:50.5754669Z Setting up libglib2.0-dev-bin (2.80.0-6ubuntu3.9) ...
2026-10-09T11:27:50.7106409Z Setting up libglfw3:amd64 (3.3.10-1build1) ...
2026-10-09T11:27:50.7122580Z Setting up libmodplug1:amd64 (1:0.8.9.0-3build1) ...
2026-10-09T11:27:50.7139912Z Setting up bzip2-doc (1.0.8-5.1ubuntu0.1) ...
2026-10-09T11:27:50.7156547Z Setting up libwayland-server0:amd64 (1.22.0-2.1build1) ...
2026-10-09T11:27:50.7172235Z Setting up libjpeg-turbo8-dev:amd64 (2.1.5-2ubuntu2) ...
2026-10-09T11:27:50.7186114Z Setting up libvulkan-dev:amd64 (1.3.275.0-1build1) ...
2026-10-09T11:27:50.7201000Z Setting up libmodplug-dev:amd64 (1:0.8.9.0-3build1) ...
2026-10-09T11:27:50.7217751Z Setting up libdrm-nouveau2:amd64 (2.4.125-1ubuntu0.1~24.04.2) ...
2026-10-09T11:27:50.7234467Z Setting up gir1.2-freedesktop:amd64 (1.80.1-1) ...
2026-10-09T11:27:50.7250099Z Setting up libharfbuzz-icu0:amd64 (8.3.0-2build2) ...
2026-10-09T11:27:50.7266730Z Setting up libpciaccess-dev:amd64 (0.17-3ubuntu0.24.04.3) ...
2026-10-09T11:27:50.7282133Z Setting up libglvnd-core-dev:amd64 (1.7.0-1build1) ...
2026-10-09T11:27:50.7299729Z Setting up libclass-inspector-perl (1.36-3) ...
2026-10-09T11:27:50.7314675Z Setting up libdynaloader-functions-perl (0.003-3) ...
2026-10-09T11:27:50.7336262Z Setting up libclass-method-modifiers-perl (2.15-1) ...
2026-10-09T11:27:50.7352216Z Setting up libref-util-xs-perl (0.117-2build4) ...
2026-10-09T11:27:50.7368775Z Setting up libutf8proc3:amd64 (2.9.0-1build1) ...
2026-10-09T11:27:50.7385599Z Setting up libgirepository-2.0-0:amd64 (2.80.0-6ubuntu3.9) ...
2026-10-09T11:27:50.7403442Z Setting up libsub-identify-perl (0.14-3build3) ...
2026-10-09T11:27:50.7418505Z Setting up libdrm-radeon1:amd64 (2.4.125-1ubuntu0.1~24.04.2) ...
2026-10-09T11:27:50.7435508Z Setting up libxkbcommon-dev:amd64 (1.6.0-1build1) ...
2026-10-09T11:27:50.7451689Z Setting up libevent-openssl-2.1-7t64:amd64 (2.1.12-stable-9ubuntu2.2) ...
2026-10-09T11:27:50.7465841Z Setting up libibus-1.0-5:amd64 (1.5.29-2) ...
2026-10-09T11:27:50.7481731Z Setting up libtry-tiny-perl (0.31-2) ...
2026-10-09T11:27:50.7497589Z Setting up libjbig-dev:amd64 (2.1-6.1ubuntu2) ...
2026-10-09T11:27:50.7515398Z Setting up libwebrtc-audio-processing1:amd64 (0.3.1-0ubuntu6) ...
2026-10-09T11:27:50.7529887Z Setting up libwebpdecoder3:amd64 (1.3.2-0.4build3) ...
2026-10-09T11:27:50.7548970Z Setting up libevent-2.1-7t64:amd64 (2.1.12-stable-9ubuntu2.2) ...
2026-10-09T11:27:50.7564509Z Setting up libclass-singleton-perl (1.6-2) ...
2026-10-09T11:27:50.7580897Z Setting up libpadwalker-perl (2.5-1build6) ...
2026-10-09T11:27:50.7598240Z Setting up libharfbuzz-gobject0:amd64 (8.3.0-2build2) ...
2026-10-09T11:27:50.7615373Z Setting up libogg-dev:amd64 (1.3.5-3build1) ...
2026-10-09T11:27:50.7629750Z Setting up libreadline-dev:amd64 (8.2-4build1) ...
2026-10-09T11:27:50.7645338Z Setting up libxstring-perl:amd64 (0.005-2build3) ...
2026-10-09T11:27:50.7660529Z Setting up libmpg123-0t64:amd64 (1.32.5-1ubuntu1.1) ...
2026-10-09T11:27:50.7677978Z Setting up libutf8proc-dev:amd64 (2.9.0-1build1) ...
2026-10-09T11:27:50.7695427Z Setting up gir1.2-harfbuzz-0.0:amd64 (8.3.0-2build2) ...
2026-10-09T11:27:50.7708936Z Setting up libpthread-stubs0-dev:amd64 (0.4-1build3) ...
2026-10-09T11:27:50.7726604Z Setting up libclass-c3-xs-perl (0.15-1build6) ...
2026-10-09T11:27:50.7741713Z Setting up libgbm-dev:amd64 (25.2.8-0ubuntu0.24.04.4) ...
2026-10-09T11:27:50.7755063Z Setting up libdevel-caller-perl:amd64 (2.07-1build3) ...
2026-10-09T11:27:50.7773940Z Setting up libopengl0:amd64 (1.7.0-1build1) ...
2026-10-09T11:27:50.7787076Z Setting up libsub-install-perl (0.929-1) ...
2026-10-09T11:27:50.7801609Z Setting up libbullet3.24t64:amd64 (3.24+dfsg-2.1build1) ...
2026-10-09T11:27:50.7817317Z Setting up libgd-perl (2.78-1ubuntu0.24.04.1) ...
2026-10-09T11:27:50.7833994Z Setting up libreadonly-perl (2.050-3) ...
2026-10-09T11:27:50.7847709Z Setting up xtrans-dev (1.4.0-1) ...
2026-10-09T11:27:50.7863598Z Setting up libdevel-lexalias-perl (0.05-3build4) ...
2026-10-09T11:27:50.7878629Z Setting up libwayland-bin (1.22.0-2.1build1) ...
2026-10-09T11:27:50.7892014Z Setting up libgraphite2-dev:amd64 (1.3.14-2ubuntu0.24.04.1) ...
2026-10-09T11:27:50.7908312Z Setting up libpackage-stash-xs-perl:amd64 (0.30-1build4) ...
2026-10-09T11:27:50.7924272Z Setting up libegl-mesa0:amd64 (25.2.8-0ubuntu0.24.04.4) ...
2026-10-09T11:27:50.7938863Z Setting up libclass-data-inheritable-perl (0.08-3) ...
2026-10-09T11:27:50.7954876Z Setting up gforth-common (0.7.3+dfsg-9build4.1) ...
2026-10-09T11:27:50.7970940Z Setting up libalgorithm-c3-perl (0.11-2) ...
2026-10-09T11:27:50.7986263Z Setting up libgles2:amd64 (1.7.0-1build1) ...
2026-10-09T11:27:50.8001638Z Setting up libharfbuzz-cairo0:amd64 (8.3.0-2build2) ...
2026-10-09T11:27:50.8015430Z Setting up libdbus-1-dev:amd64 (1.14.10-4ubuntu4.1) ...
2026-10-09T11:27:50.9049607Z Setting up libsyn123-0t64:amd64 (1.32.5-1ubuntu1.1) ...
2026-10-09T11:27:50.9066640Z Setting up libspa-0.2-modules:amd64 (1.0.5-1ubuntu3.3) ...
2026-10-09T11:27:50.9080692Z Setting up libref-util-perl (0.204-2) ...
2026-10-09T11:27:50.9097809Z Setting up libjack0:amd64 (1:0.126.0-2build3) ...
2026-10-09T11:27:50.9113854Z Setting up libglut3.12:amd64 (3.4.0-1build1) ...
2026-10-09T11:27:50.9127369Z Setting up uuid-dev:amd64 (2.39.3-9ubuntu6.6) ...
2026-10-09T11:27:50.9140764Z Setting up libgles1:amd64 (1.7.0-1build1) ...
2026-10-09T11:27:50.9156331Z Setting up libopus0:amd64 (1.4-1build1) ...
2026-10-09T11:27:50.9171533Z Setting up libxv1:amd64 (2:1.0.11-1.1build1) ...
2026-10-09T11:27:50.9186693Z Setting up libpng16-16t64:amd64 (1.6.43-5ubuntu0.7) ...
2026-10-09T11:27:50.9201140Z Setting up libvariable-magic-perl (0.63-1build3) ...
2026-10-09T11:27:50.9214493Z Setting up libb-hooks-op-check-perl:amd64 (0.22-3build1) ...
2026-10-09T11:27:50.9231132Z Setting up libudev-dev:amd64 (255.4-1ubuntu8.17) ...
2026-10-09T11:27:50.9245206Z Setting up libsepol-dev:amd64 (3.5-2build1) ...
2026-10-09T11:27:50.9262376Z Setting up liblerc-dev:amd64 (4.0.0+ds-4ubuntu2) ...
2026-10-09T11:27:50.9275915Z Setting up libglew2.2:amd64 (2.2.0-4build1) ...
2026-10-09T11:27:50.9292188Z Setting up libparams-util-perl (1.102-2build3) ...
2026-10-09T11:27:50.9305719Z Setting up libsub-exporter-progressive-perl (0.001013-3) ...
2026-10-09T11:27:50.9324191Z Setting up libevent-extra-2.1-7t64:amd64 (2.1.12-stable-9ubuntu2.2) ...
2026-10-09T11:27:50.9337850Z Setting up libcapture-tiny-perl (0.48-2) ...
2026-10-09T11:27:50.9353357Z Setting up liblzma-dev:amd64 (5.6.1+really5.4.5-1ubuntu0.3) ...
2026-10-09T11:27:50.9368299Z Setting up libsndio7.0:amd64 (1.9.0-0.3build3) ...
2026-10-09T11:27:50.9384081Z Setting up libsub-name-perl:amd64 (0.27-1build3) ...
2026-10-09T11:27:50.9712225Z Setting up libout123-0t64:amd64 (1.32.5-1ubuntu1.1) ...
2026-10-09T11:27:50.9730742Z Setting up gir1.2-glib-2.0-dev:amd64 (2.80.0-6ubuntu3.9) ...
2026-10-09T11:27:50.9744061Z Setting up libasyncns0:amd64 (0.8-6build4) ...
2026-10-09T11:27:50.9760375Z Setting up libbullet-dev:amd64 (3.24+dfsg-2.1build1) ...
2026-10-09T11:27:50.9773749Z Setting up libegl1:amd64 (1.7.0-1build1) ...
2026-10-09T11:27:50.9786928Z Setting up librole-tiny-perl (2.002004-1) ...
2026-10-09T11:27:50.9802094Z Setting up libdecor-0-0:amd64 (0.2.2-1build2) ...
2026-10-09T11:27:50.9815453Z Setting up libharfbuzz-subset0:amd64 (8.3.0-2build2) ...
2026-10-09T11:27:50.9830792Z Setting up libfile-sharedir-perl (1.118-3) ...
2026-10-09T11:27:50.9843412Z Setting up build-essential (12.10ubuntu1) ...
2026-10-09T11:27:50.9856995Z Setting up xorg-sgml-doctools (1:1.11-1.1) ...
2026-10-09T11:27:50.9873241Z Setting up libsub-quote-perl (2.006008-1ubuntu1) ...
2026-10-09T11:27:50.9886566Z Setting up libdevel-stacktrace-perl (2.0500-1) ...
2026-10-09T11:27:50.9899262Z Setting up libclass-xsaccessor-perl (1.19-4build4) ...
2026-10-09T11:27:50.9914707Z Setting up libglu1-mesa:amd64 (9.0.2-1.1build1) ...
2026-10-09T11:27:50.9928062Z Setting up libflac12t64:amd64 (1.4.3+ds-2.1ubuntu2) ...
2026-10-09T11:27:50.9943071Z Setting up libjack-dev:amd64 (1:0.126.0-2build3) ...
2026-10-09T11:27:50.9961912Z Setting up libopengl-dev:amd64 (1.7.0-1build1) ...
2026-10-09T11:27:50.9974901Z Setting up libjpeg8-dev:amd64 (8c-2ubuntu11) ...
2026-10-09T11:27:50.9987311Z Setting up gforth-lib:amd64 (0.7.3+dfsg-9build4.1) ...
2026-10-09T11:27:51.0001633Z Setting up libspa-0.2-dev:amd64 (1.0.5-1ubuntu3.3) ...
2026-10-09T11:27:51.0019664Z Setting up libasound2-dev:amd64 (1.2.11-1ubuntu0.3) ...
2026-10-09T11:27:51.0038369Z Setting up libsharpyuv-dev:amd64 (1.3.2-0.4build3) ...
2026-10-09T11:27:51.0051619Z Setting up libsamplerate0:amd64 (0.2.2-4build1) ...
2026-10-09T11:27:51.0064711Z Setting up timgm6mb-soundfont (1.3-5) ...
2026-10-09T11:27:51.0125821Z update-alternatives: using /usr/share/sounds/sf2/TimGM6mb.sf2 to provide /usr/share/sounds/sf2/default-GM.sf2 (default-GM.sf2) in auto mode
2026-10-09T11:27:51.0157743Z update-alternatives: using /usr/share/sounds/sf2/TimGM6mb.sf2 to provide /usr/share/sounds/sf3/default-GM.sf3 (default-GM.sf3) in auto mode
2026-10-09T11:27:51.0172334Z Setting up libtiffxx6:amd64 (4.5.1+git230720-4ubuntu2.5) ...
2026-10-09T11:27:51.0188872Z Setting up libdeflate-dev:amd64 (1.19-1build1.1) ...
2026-10-09T11:27:51.0201980Z Setting up libperlio-gzip-perl (0.20-1build4) ...
2026-10-09T11:27:51.0215017Z Setting up gir1.2-ibus-1.0:amd64 (1.5.29-2) ...
2026-10-09T11:27:51.0231179Z Setting up libopusfile0:amd64 (0.12-4build3) ...
2026-10-09T11:27:51.0246848Z Setting up libpipewire-0.3-0t64:amd64 (1.0.5-1ubuntu3.3) ...
2026-10-09T11:27:51.0260934Z Setting up libdecor-0-plugin-1-gtk:amd64 (0.2.2-1build2) ...
2026-10-09T11:27:51.0276308Z Setting up libsystemd-dev:amd64 (255.4-1ubuntu8.17) ...
2026-10-09T11:27:51.0292055Z Setting up libbrotli-dev:amd64 (1.1.0-2build2) ...
2026-10-09T11:27:51.0306750Z Setting up libmp3lame0:amd64 (3.100-6build1) ...
2026-10-09T11:27:51.0320426Z Setting up libvorbisenc2:amd64 (1.3.7-1build3) ...
2026-10-09T11:27:51.0334353Z Setting up libbz2-dev:amd64 (1.0.8-5.1ubuntu0.1) ...
2026-10-09T11:27:51.0349852Z Setting up libvorbis-dev:amd64 (1.3.7-1build3) ...
2026-10-09T11:27:51.0364517Z Setting up libblkid-dev:amd64 (2.39.3-9ubuntu6.6) ...
2026-10-09T11:27:51.0381907Z Setting up libflac-dev:amd64 (1.4.3+ds-2.1ubuntu2) ...
2026-10-09T11:27:51.0395815Z Setting up libdrm-dev:amd64 (2.4.125-1ubuntu0.1~24.04.2) ...
2026-10-09T11:27:51.0409645Z Setting up libsndio-dev:amd64 (1.9.0-0.3build3) ...
2026-10-09T11:27:51.0427510Z Setting up libpng-tools (1.6.43-5ubuntu0.7) ...
2026-10-09T11:27:51.0444053Z Setting up libselinux1-dev:amd64 (3.5-2ubuntu2.1) ...
2026-10-09T11:27:51.0459638Z Setting up libsamplerate0-dev:amd64 (0.2.2-4build1) ...
2026-10-09T11:27:51.0476015Z Setting up libpng-dev:amd64 (1.6.43-5ubuntu0.7) ...
2026-10-09T11:27:51.0492694Z Setting up libjpeg-dev:amd64 (8c-2ubuntu11) ...
2026-10-09T11:27:51.0509221Z Setting up libexception-class-perl (1.45-1) ...
2026-10-09T11:27:51.0525413Z Setting up libclass-c3-perl (0.35-2) ...
2026-10-09T11:27:51.0541838Z Setting up libdevel-callchecker-perl:amd64 (0.008-2build3) ...
2026-10-09T11:27:51.0559734Z Setting up libwayland-dev:amd64 (1.22.0-2.1build1) ...
2026-10-09T11:27:51.0573350Z Setting up libopus-dev:amd64 (1.4-1build1) ...
2026-10-09T11:27:51.0589037Z Setting up libmpg123-dev:amd64 (1.32.5-1ubuntu1.1) ...
2026-10-09T11:27:51.0602224Z Setting up libdecor-0-dev:amd64 (0.2.2-1build2) ...
2026-10-09T11:27:51.0777161Z Setting up libwebp-dev:amd64 (1.3.2-0.4build3) ...
2026-10-09T11:27:51.0792140Z Setting up libfreetype6:amd64 (2.13.2+dfsg-1ubuntu0.2) ...
2026-10-09T11:27:51.0806113Z Setting up libtiff-dev:amd64 (4.5.1+git230720-4ubuntu2.5) ...
2026-10-09T11:27:51.0822539Z Setting up gir1.2-freedesktop-dev:amd64 (1.80.1-1) ...
2026-10-09T11:27:51.0836094Z Setting up libevent-dev (2.1.12-stable-9ubuntu2.2) ...
2026-10-09T11:27:51.0853060Z Setting up libdata-optlist-perl (0.114-1) ...
2026-10-09T11:27:51.0867222Z Setting up libpipewire-0.3-dev:amd64 (1.0.5-1ubuntu3.3) ...
2026-10-09T11:27:51.0883436Z Setting up gforth (0.7.3+dfsg-9build4.1) ...
2026-10-09T11:27:51.1179254Z Setting up libsndfile1:amd64 (1.2.2-1ubuntu5.24.04.1) ...
2026-10-09T11:27:51.1195858Z Setting up libmro-compat-perl (0.15-2) ...
2026-10-09T11:27:51.1212059Z Setting up libinstpatch-1.0-2:amd64 (1.1.6-1build2) ...
2026-10-09T11:27:51.1226091Z Setting up libmount-dev:amd64 (2.39.3-9ubuntu6.6) ...
2026-10-09T11:27:51.1239695Z Setting up libsub-exporter-perl (0.990-1) ...
2026-10-09T11:27:51.1255020Z Setting up libeval-closure-perl (0.14-3) ...
2026-10-09T11:27:51.1268058Z Setting up libparams-validationcompiler-perl (0.31-1) ...
2026-10-09T11:27:51.1284028Z Setting up libpulse0:amd64 (1:16.1+dfsg1-2ubuntu10.1) ...
2026-10-09T11:27:51.1340865Z Setting up libparams-classify-perl:amd64 (0.015-2build5) ...
2026-10-09T11:27:51.1356932Z Setting up libopusfile-dev:amd64 (0.12-4build3) ...
2026-10-09T11:27:51.1373056Z Setting up libfreetype-dev:amd64 (2.13.2+dfsg-1ubuntu0.2) ...
2026-10-09T11:27:51.1386597Z Setting up libglib2.0-dev:amd64 (2.80.0-6ubuntu3.9) ...
2026-10-09T11:27:51.1403874Z Setting up libmodule-runtime-perl (0.016-2) ...
2026-10-09T11:27:51.1417604Z Setting up libsndfile1-dev:amd64 (1.2.2-1ubuntu5.24.04.1) ...
2026-10-09T11:27:51.1435509Z Setting up libpulse-mainloop-glib0:amd64 (1:16.1+dfsg1-2ubuntu10.1) ...
2026-10-09T11:27:51.1450587Z Setting up libsdl2-2.0-0:amd64 (2.30.0+dfsg-1ubuntu3.1) ...
2026-10-09T11:27:51.1468831Z Setting up libfluidsynth3:amd64 (2.3.4-1build3) ...
2026-10-09T11:27:51.1482834Z Setting up libsdl2-image-2.0-0:amd64 (2.8.2+dfsg-1build2) ...
2026-10-09T11:27:51.1499292Z Setting up libmodule-implementation-perl (0.09-2) ...
2026-10-09T11:27:51.1515985Z Setting up libpackage-stash-perl (0.40-1) ...
2026-10-09T11:27:51.1532932Z Setting up libspecio-perl (0.48-1) ...
2026-10-09T11:27:51.1878660Z Setting up libsdl2-mixer-2.0-0:amd64 (2.8.0+dfsg-1build3) ...
2026-10-09T11:27:51.1898270Z Setting up libsdl2-ttf-2.0-0:amd64 (2.22.0+dfsg-1) ...
2026-10-09T11:27:51.1916378Z Setting up libb-hooks-endofscope-perl (0.28-1) ...
2026-10-09T11:27:51.1930772Z Setting up libnamespace-clean-perl (0.27-2) ...
2026-10-09T11:27:51.1944556Z Setting up libnamespace-autoclean-perl (0.29-2) ...
2026-10-09T11:27:51.1965244Z Setting up libdatetime-locale-perl (1:1.37-1) ...
2026-10-09T11:27:51.1981920Z Setting up libdatetime-timezone-perl (1:2.62-1+2024a) ...
2026-10-09T11:27:51.1997461Z Setting up libdatetime-perl (2:1.65-1build2) ...
2026-10-09T11:27:51.2016455Z Setting up lcov (2.0-4ubuntu2) ...
2026-10-09T11:27:51.2211437Z Processing triggers for man-db (2.12.0-4build2) ...
2026-10-09T11:27:51.2232011Z Not building database; man-db/auto-update is not 'true'.
2026-10-09T11:27:51.2260796Z Processing triggers for libglib2.0-0t64:amd64 (2.80.0-6ubuntu3.9) ...
2026-10-09T11:27:51.2344445Z Setting up libpulse-dev:amd64 (1:16.1+dfsg1-2ubuntu10.1) ...
2026-10-09T11:27:51.2369549Z Processing triggers for sgml-base (1.31) ...
2026-10-09T11:27:51.2466250Z Processing triggers for install-info (7.1-3build2) ...
2026-10-09T11:27:51.3431411Z Setting up libinstpatch-dev:amd64 (1.1.6-1build2) ...
2026-10-09T11:27:51.3458649Z Setting up x11proto-dev (2023.2-1) ...
2026-10-09T11:27:51.3492148Z Setting up libharfbuzz-dev:amd64 (8.3.0-2build2) ...
2026-10-09T11:27:51.3508725Z Setting up libxau-dev:amd64 (1:1.0.9-1build6) ...
2026-10-09T11:27:51.3543705Z Setting up libice-dev:amd64 (2:1.0.10-1build3) ...
2026-10-09T11:27:51.3576566Z Setting up libsm-dev:amd64 (2:1.2.3-1build3) ...
2026-10-09T11:27:51.3598143Z Processing triggers for libc-bin (2.39-0ubuntu8.9) ...
2026-10-09T11:27:51.5580743Z Setting up libibus-1.0-dev:amd64 (1.5.29-2) ...
2026-10-09T11:27:51.5613358Z Setting up libxdmcp-dev:amd64 (1:1.1.3-0ubuntu6) ...
2026-10-09T11:27:51.5677191Z Setting up libxcb1-dev:amd64 (1.15-1ubuntu2) ...
2026-10-09T11:27:51.5709721Z Setting up libx11-dev:amd64 (2:1.8.7-1build1) ...
2026-10-09T11:27:51.5727897Z Setting up libxfixes-dev:amd64 (1:6.0.0-2build1) ...
2026-10-09T11:27:51.5763870Z Setting up libxt-dev:amd64 (1:1.2.1-1.2build1) ...
2026-10-09T11:27:51.5793906Z Setting up libxext-dev:amd64 (2:1.3.4-1build2) ...
2026-10-09T11:27:51.5814246Z Setting up libglx-dev:amd64 (1.7.0-1build1) ...
2026-10-09T11:27:51.5842335Z Setting up libxi-dev:amd64 (2:1.8.1-1build1) ...
2026-10-09T11:27:51.5860846Z Setting up libxrender-dev:amd64 (1:0.9.10-1.1build1) ...
2026-10-09T11:27:51.5884087Z Setting up libgl-dev:amd64 (1.7.0-1build1) ...
2026-10-09T11:27:51.5911339Z Setting up libegl-dev:amd64 (1.7.0-1build1) ...
2026-10-09T11:27:51.5931399Z Setting up libxcursor-dev:amd64 (1:1.2.1-1build1) ...
2026-10-09T11:27:51.5950425Z Setting up libxxf86vm-dev:amd64 (1:1.1.4-1build4) ...
2026-10-09T11:27:51.5967976Z Setting up libxss-dev:amd64 (1:1.2.3-1build3) ...
2026-10-09T11:27:51.6097636Z Setting up libxv-dev:amd64 (2:1.0.11-1.1build1) ...
2026-10-09T11:27:51.6116311Z Setting up libxrandr-dev:amd64 (2:1.5.2-2build1) ...
2026-10-09T11:27:51.6145274Z Setting up libglu1-mesa-dev:amd64 (9.0.2-1.1build1) ...
2026-10-09T11:27:51.6166371Z Setting up libxinerama-dev:amd64 (2:1.1.4-3build1) ...
2026-10-09T11:27:51.6199957Z Setting up libgles-dev:amd64 (1.7.0-1build1) ...
2026-10-09T11:27:51.6229319Z Setting up libsdl2-dev:amd64 (2.30.0+dfsg-1ubuntu3.1) ...
2026-10-09T11:27:51.6252809Z Setting up libglvnd-dev:amd64 (1.7.0-1build1) ...
2026-10-09T11:27:51.6276997Z Setting up libfluidsynth-dev:amd64 (2.3.4-1build3) ...
2026-10-09T11:27:51.6296550Z Setting up libglew-dev:amd64 (2.2.0-4build1) ...
2026-10-09T11:27:51.6316434Z Setting up libsdl2-ttf-dev:amd64 (2.22.0+dfsg-1) ...
2026-10-09T11:27:51.6339026Z Setting up libsdl2-mixer-dev:amd64 (2.8.0+dfsg-1build3) ...
2026-10-09T11:27:51.6357825Z Setting up libgl1-mesa-dev:amd64 (25.2.8-0ubuntu0.24.04.4) ...
2026-10-09T11:27:51.6377575Z Setting up libsdl2-image-dev:amd64 (2.8.2+dfsg-1build2) ...
2026-10-09T11:27:51.6396238Z Setting up libglut-dev:amd64 (3.4.0-1build1) ...
2026-10-09T11:27:51.6413373Z Setting up libegl1-mesa-dev:amd64 (25.2.8-0ubuntu0.24.04.4) ...
2026-10-09T11:27:51.6430289Z Setting up libglfw3-dev:amd64 (3.3.10-1build1) ...
2026-10-09T11:27:51.6447505Z Setting up freeglut3-dev:amd64 (3.4.0-1build1) ...
2026-10-09T11:27:52.0965861Z 
2026-10-09T11:27:52.0966354Z Running kernel seems to be up-to-date.
2026-10-09T11:27:52.0966532Z 
2026-10-09T11:27:52.0966588Z Restarting services...
2026-10-09T11:27:52.1024777Z  systemctl restart php8.3-fpm.service
2026-10-09T11:27:52.1824551Z 
2026-10-09T11:27:52.1828822Z No containers need to be restarted.
2026-10-09T11:27:52.1829054Z 
2026-10-09T11:27:52.1829165Z No user sessions are running outdated binaries.
2026-10-09T11:27:52.1829346Z 
2026-10-09T11:27:52.1829501Z No VM guests are running outdated hypervisor (qemu) binaries on this host.
2026-10-09T11:27:52.8606606Z apt install succeeded on attempt 1
2026-10-09T11:27:52.8664338Z ##[group]Run make coverage
2026-10-09T11:27:52.8664505Z [36;1mmake coverage[0m
2026-10-09T11:27:52.8716935Z shell: /usr/bin/bash -e {0}
2026-10-09T11:27:52.8717067Z env:
2026-10-09T11:27:52.8717207Z   NANO_VERIFY_CORPUS_LOG_ROOT: .test_output/verifier-corpus
2026-10-09T11:27:52.8717388Z   NANO_SHADOW_TIMEOUT_SECONDS: 60
2026-10-09T11:27:52.8717524Z ##[endgroup]
2026-10-09T11:27:52.9401184Z rm -f "lib/libnano_file_runtime.a"
2026-10-09T11:27:52.9456446Z I clean compiler artifacts and retain module runtime caches.
2026-10-09T11:27:52.9457792Z python3 scripts/clean_build_trees.py --root "obj" --root "obj/build_bootstrap" \
2026-10-09T11:27:52.9458212Z 	--root "coverage" --root "bin" \
2026-10-09T11:27:52.9458552Z 	--cache "obj/module_cache" --cache "/home/runner/work/nanolang/nanolang/obj/module_cache" \
2026-10-09T11:27:52.9459384Z 	--file ".stage1.built" --file ".stage2.built" --file ".stage3.built" --file ".bootstrap0.built" --file ".bootstrap1.built" --file ".bootstrap2.built" --file ".bootstrap3.built" \
2026-10-09T11:27:52.9460157Z 	--file "obj/build_bootstrap/schema.stamp" --file coverage.info --file test.nano \
2026-10-09T11:27:52.9460548Z 	--file test_output.c --file test_program --root .test_output \
2026-10-09T11:27:52.9460914Z 	--glob '*.out' --glob '*.out.c' --glob 'tests/**/*.out' --glob 'tests/**/*.out.c' \
2026-10-09T11:27:52.9461467Z 	--glob '*.gcda' --glob '*.gcno' --glob '*.gcov' \
2026-10-09T11:27:52.9461766Z 	--glob 'formal/*.vo' --glob 'formal/*.vok' --glob 'formal/*.vos' \
2026-10-09T11:27:52.9462057Z 	--glob 'formal/*.glob' --glob 'formal/.*.aux'
2026-10-09T11:27:52.9779356Z ✅ Clean complete - ready for fresh build
2026-10-09T11:27:52.9785115Z mkdir -p obj/build_bootstrap
2026-10-09T11:27:52.9872518Z [schema] Generating compiler schema artifacts...
2026-10-09T11:27:52.9887349Z [schema] Using Python version (bootstrap)...
2026-10-09T11:27:53.0214318Z [tool] Building module index generator (C)...
2026-10-09T11:27:54.6108442Z [modules] Generating module index from manifests...
2026-10-09T11:27:54.6183198Z Generating module index...
2026-10-09T11:27:54.6183427Z Found 47 module manifests
2026-10-09T11:27:54.6183835Z   ✓ audio_viz
2026-10-09T11:27:54.6183966Z   ✓ pybridge_matplotlib
2026-10-09T11:27:54.6184097Z   ✓ openai
2026-10-09T11:27:54.6184202Z   ✓ stdlib
2026-10-09T11:27:54.6184306Z   ✓ github
2026-10-09T11:27:54.6184440Z   ✓ pybridge
2026-10-09T11:27:54.6184552Z   ✓ sqlite
2026-10-09T11:27:54.6184713Z   ✓ pt2_audio
2026-10-09T11:27:54.6184823Z   ✓ sdl_image
2026-10-09T11:27:54.6184935Z   ✓ sdl_helpers
2026-10-09T11:27:54.6185048Z   ✓ event
2026-10-09T11:27:54.6185157Z   ✓ nano_tools
2026-10-09T11:27:54.6185266Z   ✓ sdl
2026-10-09T11:27:54.6185368Z   ✓ tools
2026-10-09T11:27:54.6185481Z   ✓ preferences
2026-10-09T11:27:54.6185593Z   ✓ readline
2026-10-09T11:27:54.6185758Z   ✓ proptest
2026-10-09T11:27:54.6195410Z   ✓ nano_highlight
2026-10-09T11:27:54.6195611Z   ✓ glew
2026-10-09T11:27:54.6195991Z   ✓ pt2_state
2026-10-09T11:27:54.6196109Z   ✓ sdl_mixer
2026-10-09T11:27:54.6196229Z   ✓ nanoisa
2026-10-09T11:27:54.6196339Z   ✓ filesystem
2026-10-09T11:27:54.6196454Z   ✓ mujoco
2026-10-09T11:27:54.6196560Z   ✓ unicode
2026-10-09T11:27:54.6196670Z   ✓ ui_widgets
2026-10-09T11:27:54.6196781Z   ✓ pty
2026-10-09T11:27:54.6196891Z   ✓ http_server
2026-10-09T11:27:54.6197006Z   ✓ std
2026-10-09T11:27:54.6197109Z   ✓ curl
2026-10-09T11:27:54.6197214Z   ✓ sdl_ttf
2026-10-09T11:27:54.6197319Z   ✓ math_ext
2026-10-09T11:27:54.6197449Z   ✓ glfw
2026-10-09T11:27:54.6197553Z   ✓ sdl_term
2026-10-09T11:27:54.6197667Z   ✓ pybridge_warp
2026-10-09T11:27:54.6197791Z   ✓ pt2_module
2026-10-09T11:27:54.6197899Z   ✓ uv
2026-10-09T11:27:54.6198007Z   ✓ nano_eval
2026-10-09T11:27:54.6198118Z   ✓ forth_see
2026-10-09T11:27:54.6198228Z   ✓ vector2d
2026-10-09T11:27:54.6198334Z   ✓ ncurses
2026-10-09T11:27:54.6198440Z   ✓ stdio
2026-10-09T11:27:54.6198547Z   ✓ opengl
2026-10-09T11:27:54.6198651Z   ✓ bullet
2026-10-09T11:27:54.6198765Z   ✓ glut
2026-10-09T11:27:54.6198872Z   ✓ audio_helpers
2026-10-09T11:27:54.6199140Z   ✓ log
2026-10-09T11:27:54.6199212Z 
2026-10-09T11:27:54.6199294Z ✓ Generated modules/index.json
2026-10-09T11:27:54.6199428Z   47 modules indexed
2026-10-09T11:27:54.6232965Z mkdir -p obj/runtime
2026-10-09T11:27:54.6277454Z mkdir -p obj/eval
2026-10-09T11:27:54.6345379Z cc -Wall -Wextra -Werror -std=c99 -g -O3 -ftree-vectorize -fPIC -Isrc -D_GNU_SOURCE  -fprofile-arcs -ftest-coverage -MMD -MP -c src/bcp47.c -o obj/bcp47.o
2026-10-09T11:27:54.7274159Z cc -Wall -Wextra -Werror -std=c99 -g -O3 -ftree-vectorize -fPIC -Isrc -D_GNU_SOURCE  -fprofile-arcs -ftest-coverage -MMD -MP -c src/bench.c -o obj/bench.o
2026-10-09T11:27:54.8726522Z cc -Wall -Wextra -Werror -std=c99 -g -O3 -ftree-vectorize -fPIC -Isrc -D_GNU_SOURCE  -fprofile-arcs -ftest-coverage -MMD -MP -c src/bench_native.c -o obj/bench_native.o
2026-10-09T11:27:54.9069878Z cc -Wall -Wextra -Werror -std=c99 -g -O3 -ftree-vectorize -fPIC -Isrc -D_GNU_SOURCE  -fprofile-arcs -ftest-coverage -MMD -MP -c src/builtins_registry.c -o obj/builtins_registry.o
2026-10-09T11:27:54.9344682Z cc -Wall -Wextra -Werror -std=c99 -g -O3 -ftree-vectorize -fPIC -Isrc -D_GNU_SOURCE  -fprofile-arcs -ftest-coverage -MMD -MP -c src/cJSON.c -o obj/cJSON.o
2026-10-09T11:27:55.4397262Z cc -Wall -Wextra -Werror -std=c99 -g -O3 -ftree-vectorize -fPIC -Isrc -D_GNU_SOURCE  -fprofile-arcs -ftest-coverage -MMD -MP -c src/c_backend.c -o obj/c_backend.o
2026-10-09T11:27:56.6675470Z cc -Wall -Wextra -Werror -std=c99 -g -O3 -ftree-vectorize -fPIC -Isrc -D_GNU_SOURCE  -fprofile-arcs -ftest-coverage -MMD -MP -c src/catalog.c -o obj/catalog.o
2026-10-09T11:27:56.8354160Z cc -Wall -Wextra -Werror -std=c99 -g -O3 -ftree-vectorize -fPIC -Isrc -D_GNU_SOURCE  -fprofile-arcs -ftest-coverage -MMD -MP -c src/channel.c -o obj/channel.o
2026-10-09T11:27:56.9000329Z cc -Wall -Wextra -Werror -std=c99 -g -O3 -ftree-vectorize -fPIC -Isrc -D_GNU_SOURCE  -fprofile-arcs -ftest-coverage -MMD -MP -c src/coroutine.c -o obj/coroutine.o
2026-10-09T11:27:57.0092175Z cc -Wall -Wextra -Werror -std=c99 -g -O3 -ftree-vectorize -fPIC -Isrc -D_GNU_SOURCE  -fprofile-arcs -ftest-coverage -MMD -MP -c src/cps_pass.c -o obj/cps_pass.o
2026-10-09T11:27:57.0734993Z cc -Wall -Wextra -Werror -std=c99 -g -O3 -ftree-vectorize -fPIC -Isrc -D_GNU_SOURCE  -fprofile-arcs -ftest-coverage -MMD -MP -c src/dce_pass.c -o obj/dce_pass.o
2026-10-09T11:27:57.1979519Z cc -Wall -Wextra -Werror -std=c99 -g -O3 -ftree-vectorize -fPIC -Isrc -D_GNU_SOURCE  -fprofile-arcs -ftest-coverage -MMD -MP -c src/diag_id.c -o obj/diag_id.o
2026-10-09T11:27:57.2211570Z cc -Wall -Wextra -Werror -std=c99 -g -O3 -ftree-vectorize -fPIC -Isrc -D_GNU_SOURCE  -fprofile-arcs -ftest-coverage -MMD -MP -c src/docgen.c -o obj/docgen.o
2026-10-09T11:27:57.4552863Z cc -Wall -Wextra -Werror -std=c99 -g -O3 -ftree-vectorize -fPIC -Isrc -D_GNU_SOURCE  -fprofile-arcs -ftest-coverage -MMD -MP -c src/docgen_md.c -o obj/docgen_md.o
2026-10-09T11:27:57.6643644Z cc -Wall -Wextra -Werror -std=c99 -g -O3 -ftree-vectorize -fPIC -Isrc -D_GNU_SOURCE  -fprofile-arcs -ftest-coverage -MMD -MP -c src/dwarf_info.c -o obj/dwarf_info.o
2026-10-09T11:27:57.7237023Z cc -Wall -Wextra -Werror -std=c99 -g -O3 -ftree-vectorize -fPIC -Isrc -D_GNU_SOURCE  -fprofile-arcs -ftest-coverage -MMD -MP -c src/effects.c -o obj/effects.o
2026-10-09T11:27:57.9301331Z cc -Wall -Wextra -Werror -std=c99 -g -O3 -ftree-vectorize -fPIC -Isrc -D_GNU_SOURCE  -fprofile-arcs -ftest-coverage -MMD -MP -c src/emit_typed_ast.c -o obj/emit_typed_ast.o
2026-10-09T11:27:58.0933055Z cc -Wall -Wextra -Werror -std=c99 -g -O3 -ftree-vectorize -fPIC -Isrc -D_GNU_SOURCE  -fprofile-arcs -ftest-coverage -MMD -MP -c src/env.c -o obj/env.o
2026-10-09T11:27:58.8937260Z cc -Wall -Wextra -Werror -std=c99 -g -O3 -ftree-vectorize -fPIC -Isrc -D_GNU_SOURCE  -fprofile-arcs -ftest-coverage -MMD -MP -ffp-contract=off -fno-fast-math -c src/eval.c -o obj/eval.o
2026-10-09T11:28:01.2275644Z cc -Wall -Wextra -Werror -std=c99 -g -O3 -ftree-vectorize -fPIC -Isrc -D_GNU_SOURCE  -fprofile-arcs -ftest-coverage -MMD -MP -c src/eval/eval_hashmap.c -o obj/eval/eval_hashmap.o
2026-10-09T11:28:01.3068973Z cc -Wall -Wextra -Werror -std=c99 -g -O3 -ftree-vectorize -fPIC -Isrc -D_GNU_SOURCE  -fprofile-arcs -ftest-coverage -MMD -MP -c src/eval/eval_io.c -o obj/eval/eval_io.o
2026-10-09T11:28:01.5765266Z cc -Wall -Wextra -Werror -std=c99 -g -O3 -ftree-vectorize -fPIC -Isrc -D_GNU_SOURCE  -fprofile-arcs -ftest-coverage -MMD -MP -c src/eval/eval_math.c -o obj/eval/eval_math.o
2026-10-09T11:28:01.6709245Z cc -Wall -Wextra -Werror -std=c99 -g -O3 -ftree-vectorize -fPIC -Isrc -D_GNU_SOURCE  -fprofile-arcs -ftest-coverage -MMD -MP -c src/eval/eval_string.c -o obj/eval/eval_string.o
2026-10-09T11:28:01.7946834Z cc -Wall -Wextra -Werror -std=c99 -g -O3 -ftree-vectorize -fPIC -Isrc -D_GNU_SOURCE  -fprofile-arcs -ftest-coverage -MMD -MP -c src/fmt.c -o obj/fmt.o
2026-10-09T11:28:01.9417303Z cc -Wall -Wextra -Werror -std=c99 -g -O3 -ftree-vectorize -fPIC -Isrc -D_GNU_SOURCE  -fprofile-arcs -ftest-coverage -MMD -MP -c src/fold_constants.c -o obj/fold_constants.o
2026-10-09T11:28:02.0815513Z cc -Wall -Wextra -Werror -std=c99 -g -O3 -ftree-vectorize -fPIC -Isrc -D_GNU_SOURCE  -fprofile-arcs -ftest-coverage -MMD -MP -c src/interpreter_ffi.c -o obj/interpreter_ffi.o
2026-10-09T11:28:02.2052668Z cc -Wall -Wextra -Werror -std=c99 -g -O3 -ftree-vectorize -fPIC -Isrc -D_GNU_SOURCE  -fprofile-arcs -ftest-coverage -MMD -MP -c src/json_diagnostics.c -o obj/json_diagnostics.o
2026-10-09T11:28:02.2871836Z cc -Wall -Wextra -Werror -std=c99 -g -O3 -ftree-vectorize -fPIC -Isrc -D_GNU_SOURCE  -fprofile-arcs -ftest-coverage -MMD -MP -c src/lexer.c -o obj/lexer.o
2026-10-09T11:28:02.5787701Z cc -Wall -Wextra -Werror -std=c99 -g -O3 -ftree-vectorize -fPIC -Isrc -D_GNU_SOURCE  -fprofile-arcs -ftest-coverage -MMD -MP -c src/locale.c -o obj/locale.o
2026-10-09T11:28:02.6427202Z cc -Wall -Wextra -Werror -std=c99 -g -O3 -ftree-vectorize -fPIC -Isrc -D_GNU_SOURCE  -fprofile-arcs -ftest-coverage -MMD -MP -c src/main.c -o obj/main.o
2026-10-09T11:28:03.2080282Z cc -Wall -Wextra -Werror -std=c99 -g -O3 -ftree-vectorize -fPIC -Isrc -D_GNU_SOURCE  -fprofile-arcs -ftest-coverage -MMD -MP -c src/module.c -o obj/module.o
2026-10-09T11:28:04.0198489Z cc -Wall -Wextra -Werror -std=c99 -g -O3 -ftree-vectorize -fPIC -Isrc -D_GNU_SOURCE  -fprofile-arcs -ftest-coverage -MMD -MP -c src/module_builder.c -o obj/module_builder.o
2026-10-09T11:28:07.4054723Z cc -Wall -Wextra -Werror -std=c99 -g -O3 -ftree-vectorize -fPIC -Isrc -D_GNU_SOURCE  -fprofile-arcs -ftest-coverage -MMD -MP -c src/module_metadata.c -o obj/module_metadata.o
2026-10-09T11:28:08.1294574Z cc -Wall -Wextra -Werror -std=c99 -g -O3 -ftree-vectorize -fPIC -Isrc -D_GNU_SOURCE  -fprofile-arcs -ftest-coverage -MMD -MP -c src/nanocore_export.c -o obj/nanocore_export.o
2026-10-09T11:28:08.3265171Z cc -Wall -Wextra -Werror -std=c99 -g -O3 -ftree-vectorize -fPIC -Isrc -D_GNU_SOURCE  -fprofile-arcs -ftest-coverage -MMD -MP -c src/nanocore_subset.c -o obj/nanocore_subset.o
2026-10-09T11:28:08.4608714Z mkdir -p obj/nanoisa
2026-10-09T11:28:08.4696040Z cc -Wall -Wextra -Werror -std=c99 -g -O3 -ftree-vectorize -fPIC -Isrc -D_GNU_SOURCE  -fprofile-arcs -ftest-coverage -MMD -MP -Isrc/nanoisa -c src/nanoisa/affine_bytecode.c -o obj/nanoisa/affine_bytecode.o
2026-10-09T11:28:09.0853600Z cc -Wall -Wextra -Werror -std=c99 -g -O3 -ftree-vectorize -fPIC -Isrc -D_GNU_SOURCE  -fprofile-arcs -ftest-coverage -MMD -MP -Isrc/nanoisa -c src/nanoisa/affine_state.c -o obj/nanoisa/affine_state.o
2026-10-09T11:28:10.4997970Z cc -Wall -Wextra -Werror -std=c99 -g -O3 -ftree-vectorize -fPIC -Isrc -D_GNU_SOURCE  -fprofile-arcs -ftest-coverage -MMD -MP -Isrc/nanoisa -c src/nanoisa/assembler.c -o obj/nanoisa/assembler.o
2026-10-09T11:28:11.0800842Z cc -Wall -Wextra -Werror -std=c99 -g -O3 -ftree-vectorize -fPIC -Isrc -D_GNU_SOURCE  -fprofile-arcs -ftest-coverage -MMD -MP -Isrc/nanoisa -c src/nanoisa/disassembler.c -o obj/nanoisa/disassembler.o
2026-10-09T11:28:11.2541584Z cc -Wall -Wextra -Werror -std=c99 -g -O3 -ftree-vectorize -fPIC -Isrc -D_GNU_SOURCE  -fprofile-arcs -ftest-coverage -MMD -MP -Isrc/nanoisa -c src/nanoisa/file_flow.c -o obj/nanoisa/file_flow.o
2026-10-09T11:28:13.6380738Z cc -Wall -Wextra -Werror -std=c99 -g -O3 -ftree-vectorize -fPIC -Isrc -D_GNU_SOURCE  -fprofile-arcs -ftest-coverage -MMD -MP -Isrc/nanoisa -c src/nanoisa/frontend.c -o obj/nanoisa/frontend.o
2026-10-09T11:28:13.7344543Z cc -Wall -Wextra -Werror -std=c99 -g -O3 -ftree-vectorize -fPIC -Isrc -D_GNU_SOURCE  -fprofile-arcs -ftest-coverage -MMD -MP -Isrc/nanoisa -c src/nanoisa/isa.c -o obj/nanoisa/isa.o
2026-10-09T11:28:13.8119228Z cc -Wall -Wextra -Werror -std=c99 -g -O3 -ftree-vectorize -fPIC -Isrc -D_GNU_SOURCE  -fprofile-arcs -ftest-coverage -MMD -MP -Isrc/nanoisa -c src/nanoisa/local_bindings.c -o obj/nanoisa/local_bindings.o
2026-10-09T11:28:13.9058257Z cc -Wall -Wextra -Werror -std=c99 -g -O3 -ftree-vectorize -fPIC -Isrc -D_GNU_SOURCE  -fprofile-arcs -ftest-coverage -MMD -MP -Isrc/nanoisa -c src/nanoisa/managed_array_shapes.c -o obj/nanoisa/managed_array_shapes.o
2026-10-09T11:28:15.1359917Z cc -Wall -Wextra -Werror -std=c99 -g -O3 -ftree-vectorize -fPIC -Isrc -D_GNU_SOURCE  -fprofile-arcs -ftest-coverage -MMD -MP -Isrc/nanoisa -c src/nanoisa/mixed_float_proof.c -o obj/nanoisa/mixed_float_proof.o
2026-10-09T11:28:15.5602609Z cc -Wall -Wextra -Werror -std=c99 -g -O3 -ftree-vectorize -fPIC -Isrc -D_GNU_SOURCE  -fprofile-arcs -ftest-coverage -MMD -MP -Isrc/nanoisa -Imodules/nanoisa -c modules/nanoisa/nanoisa.c -o obj/nanoisa/nanoisa_facade.o
2026-10-09T11:28:15.7488047Z cc -Wall -Wextra -Werror -std=c99 -g -O3 -ftree-vectorize -fPIC -Isrc -D_GNU_SOURCE  -fprofile-arcs -ftest-coverage -MMD -MP -Isrc/nanoisa -c src/nanoisa/nvm2c.c -o obj/nanoisa/nvm2c.o
2026-10-09T11:28:19.5476118Z cc -Wall -Wextra -Werror -std=c99 -g -O3 -ftree-vectorize -fPIC -Isrc -D_GNU_SOURCE  -fprofile-arcs -ftest-coverage -MMD -MP -Isrc/nanoisa -c src/nanoisa/nvm2c_callables.c -o obj/nanoisa/nvm2c_callables.o
2026-10-09T11:28:19.8422488Z cc -Wall -Wextra -Werror -std=c99 -g -O3 -ftree-vectorize -fPIC -Isrc -D_GNU_SOURCE  -fprofile-arcs -ftest-coverage -MMD -MP -Isrc/nanoisa -c src/nanoisa/nvm2c_shape.c -o obj/nanoisa/nvm2c_shape.o
2026-10-09T11:28:20.1196126Z cc -Wall -Wextra -Werror -std=c99 -g -O3 -ftree-vectorize -fPIC -Isrc -D_GNU_SOURCE  -fprofile-arcs -ftest-coverage -MMD -MP -Isrc/nanoisa -c src/nanoisa/nvm_format.c -o obj/nanoisa/nvm_format.o
2026-10-09T11:28:20.4694088Z cc -Wall -Wextra -Werror -std=c99 -g -O3 -ftree-vectorize -fPIC -Isrc -D_GNU_SOURCE  -fprofile-arcs -ftest-coverage -MMD -MP -Isrc/nanoisa -c src/nanoisa/nvm_format_v2.c -o obj/nanoisa/nvm_format_v2.o
2026-10-09T11:28:20.5405264Z cc -Wall -Wextra -Werror -std=c99 -g -O3 -ftree-vectorize -fPIC -Isrc -D_GNU_SOURCE  -fprofile-arcs -ftest-coverage -MMD -MP -Isrc/nanoisa -c src/nanoisa/nvm_v2_constants.c -o obj/nanoisa/nvm_v2_constants.o
2026-10-09T11:28:20.5935544Z cc -Wall -Wextra -Werror -std=c99 -g -O3 -ftree-vectorize -fPIC -Isrc -D_GNU_SOURCE  -fprofile-arcs -ftest-coverage -MMD -MP -Isrc/nanoisa -c src/nanoisa/nvm_v2_convert.c -o obj/nanoisa/nvm_v2_convert.o
2026-10-09T11:28:20.8614654Z cc -Wall -Wextra -Werror -std=c99 -g -O3 -ftree-vectorize -fPIC -Isrc -D_GNU_SOURCE  -fprofile-arcs -ftest-coverage -MMD -MP -Isrc/nanoisa -c src/nanoisa/nvm_v2_cursor.c -o obj/nanoisa/nvm_v2_cursor.o
2026-10-09T11:28:20.8990772Z cc -Wall -Wextra -Werror -std=c99 -g -O3 -ftree-vectorize -fPIC -Isrc -D_GNU_SOURCE  -fprofile-arcs -ftest-coverage -MMD -MP -Isrc/nanoisa -c src/nanoisa/nvm_v2_functions.c -o obj/nanoisa/nvm_v2_functions.o
2026-10-09T11:28:20.9710679Z cc -Wall -Wextra -Werror -std=c99 -g -O3 -ftree-vectorize -fPIC -Isrc -D_GNU_SOURCE  -fprofile-arcs -ftest-coverage -MMD -MP -Isrc/nanoisa -c src/nanoisa/nvm_v2_imports.c -o obj/nanoisa/nvm_v2_imports.o
2026-10-09T11:28:21.0936206Z cc -Wall -Wextra -Werror -std=c99 -g -O3 -ftree-vectorize -fPIC -Isrc -D_GNU_SOURCE  -fprofile-arcs -ftest-coverage -MMD -MP -Isrc/nanoisa -c src/nanoisa/nvm_v2_layouts.c -o obj/nanoisa/nvm_v2_layouts.o
2026-10-09T11:28:21.2332971Z cc -Wall -Wextra -Werror -std=c99 -g -O3 -ftree-vectorize -fPIC -Isrc -D_GNU_SOURCE  -fprofile-arcs -ftest-coverage -MMD -MP -Isrc/nanoisa -c src/nanoisa/nvm_v2_module.c -o obj/nanoisa/nvm_v2_module.o
2026-10-09T11:28:21.4143621Z cc -Wall -Wextra -Werror -std=c99 -g -O3 -ftree-vectorize -fPIC -Isrc -D_GNU_SOURCE  -fprofile-arcs -ftest-coverage -MMD -MP -Isrc/nanoisa -c src/nanoisa/nvm_v2_signatures.c -o obj/nanoisa/nvm_v2_signatures.o
2026-10-09T11:28:21.4738890Z cc -Wall -Wextra -Werror -std=c99 -g -O3 -ftree-vectorize -fPIC -Isrc -D_GNU_SOURCE  -fprofile-arcs -ftest-coverage -MMD -MP -Isrc/nanoisa -c src/nanoisa/ownership_contracts.c -o obj/nanoisa/ownership_contracts.o
2026-10-09T11:28:22.0233572Z cc -Wall -Wextra -Werror -std=c99 -g -O3 -ftree-vectorize -fPIC -Isrc -D_GNU_SOURCE  -fprofile-arcs -ftest-coverage -MMD -MP -Isrc/nanoisa -c src/nanoisa/passive.c -o obj/nanoisa/passive.o
2026-10-09T11:28:22.4856672Z cc -Wall -Wextra -Werror -std=c99 -g -O3 -ftree-vectorize -fPIC -Isrc -D_GNU_SOURCE  -fprofile-arcs -ftest-coverage -MMD -MP -Isrc/nanoisa -c src/nanoisa/reference_places.c -o obj/nanoisa/reference_places.o
2026-10-09T11:28:22.5659975Z cc -Wall -Wextra -Werror -std=c99 -g -O3 -ftree-vectorize -fPIC -Isrc -D_GNU_SOURCE  -fprofile-arcs -ftest-coverage -MMD -MP -Isrc/nanoisa -c src/nanoisa/retained_layouts.c -o obj/nanoisa/retained_layouts.o
2026-10-09T11:28:23.4751060Z cc -Wall -Wextra -Werror -std=c99 -g -O3 -ftree-vectorize -fPIC -Isrc -D_GNU_SOURCE  -fprofile-arcs -ftest-coverage -MMD -MP -Isrc/nanoisa -c src/nanoisa/service_bindings.c -o obj/nanoisa/service_bindings.o
2026-10-09T11:28:23.5220915Z cc -Wall -Wextra -Werror -std=c99 -g -O3 -ftree-vectorize -fPIC -Isrc -D_GNU_SOURCE  -fprofile-arcs -ftest-coverage -MMD -MP -Isrc/nanoisa -c src/nanoisa/service_bindings_module.c -o obj/nanoisa/service_bindings_module.o
2026-10-09T11:28:23.7006415Z cc -Wall -Wextra -Werror -std=c99 -g -O3 -ftree-vectorize -fPIC -Isrc -D_GNU_SOURCE  -fprofile-arcs -ftest-coverage -MMD -MP -Isrc/nanoisa -c src/nanoisa/service_file_nominal.c -o obj/nanoisa/service_file_nominal.o
2026-10-09T11:28:23.7591039Z cc -Wall -Wextra -Werror -std=c99 -g -O3 -ftree-vectorize -fPIC -Isrc -D_GNU_SOURCE  -fprofile-arcs -ftest-coverage -MMD -MP -Isrc/nanoisa -c src/nanoisa/service_file_nominal_plan.c -o obj/nanoisa/service_file_nominal_plan.o
2026-10-09T11:28:23.9161117Z cc -Wall -Wextra -Werror -std=c99 -g -O3 -ftree-vectorize -fPIC -Isrc -D_GNU_SOURCE  -fprofile-arcs -ftest-coverage -MMD -MP -Isrc/nanoisa -c src/nanoisa/verifier.c -o obj/nanoisa/verifier.o
2026-10-09T11:28:24.7295957Z cc -Wall -Wextra -Werror -std=c99 -g -O3 -ftree-vectorize -fPIC -Isrc -D_GNU_SOURCE  -fprofile-arcs -ftest-coverage -MMD -MP -Isrc/nanoisa -c src/nanoisa/verifier_types.c -o obj/nanoisa/verifier_types.o
2026-10-09T11:28:24.8918733Z mkdir -p obj/nanovirt
2026-10-09T11:28:24.8990152Z cc -Wall -Wextra -Werror -std=c99 -g -O3 -ftree-vectorize -fPIC -Isrc -D_GNU_SOURCE  -fprofile-arcs -ftest-coverage -MMD -MP -c src/nanovirt/codegen.c -o obj/nanovirt/codegen.o
2026-10-09T11:28:28.3714473Z cc -Wall -Wextra -Werror -std=c99 -g -O3 -ftree-vectorize -fPIC -Isrc -D_GNU_SOURCE  -fprofile-arcs -ftest-coverage -MMD -MP -c src/nanovirt/shadow_runner.c -o obj/nanovirt/shadow_runner.o
2026-10-09T11:28:28.5464076Z cc -Wall -Wextra -Werror -std=c99 -g -O3 -ftree-vectorize -fPIC -Isrc -D_GNU_SOURCE  -fprofile-arcs -ftest-coverage -MMD -MP  -DNANO_WRAPPER_INSTRUMENT_FLAGS='"-fprofile-arcs -ftest-coverage"' -c src/nanovirt/wrapper_gen.c -o obj/nanovirt/wrapper_gen.o
2026-10-09T11:28:28.7708117Z mkdir -p obj/nanovm
2026-10-09T11:28:28.7781489Z cc -Wall -Wextra -Werror -std=c99 -g -O3 -ftree-vectorize -fPIC -Isrc -D_GNU_SOURCE  -fprofile-arcs -ftest-coverage -MMD -MP -c src/nanovm/cop_protocol.c -o obj/nanovm/cop_protocol.o
2026-10-09T11:28:29.1028831Z cc -Wall -Wextra -Werror -std=c99 -g -O3 -ftree-vectorize -fPIC -Isrc -D_GNU_SOURCE  -fprofile-arcs -ftest-coverage -MMD -MP -c src/nanovm/heap.c -o obj/nanovm/heap.o
2026-10-09T11:28:29.3623493Z cc -Wall -Wextra -Werror -std=c99 -g -O3 -ftree-vectorize -fPIC -Isrc -D_GNU_SOURCE  -fprofile-arcs -ftest-coverage -MMD -MP -c src/nanovm/heap_cycles.c -o obj/nanovm/heap_cycles.o
2026-10-09T11:28:29.4901441Z cc -Wall -Wextra -Werror -std=c99 -g -O3 -ftree-vectorize -fPIC -Isrc -D_GNU_SOURCE  -fprofile-arcs -ftest-coverage -MMD -MP -c src/nanovm/value.c -o obj/nanovm/value.o
2026-10-09T11:28:29.5845624Z cc -Wall -Wextra -Werror -std=c99 -g -O3 -ftree-vectorize -fPIC -Isrc -D_GNU_SOURCE  -fprofile-arcs -ftest-coverage -MMD -MP -ffp-contract=off -fno-fast-math -c src/nanovm/vm.c -o obj/nanovm/vm.o
2026-10-09T11:28:34.5517778Z cc -Wall -Wextra -Werror -std=c99 -g -O3 -ftree-vectorize -fPIC -Isrc -D_GNU_SOURCE  -fprofile-arcs -ftest-coverage -MMD -MP -c src/nanovm/vm_builtins.c -o obj/nanovm/vm_builtins.o
2026-10-09T11:28:34.7585747Z cc -Wall -Wextra -Werror -std=c99 -g -O3 -ftree-vectorize -fPIC -Isrc -D_GNU_SOURCE  -fprofile-arcs -ftest-coverage -MMD -MP -c src/nanovm/vm_callback.c -o obj/nanovm/vm_callback.o
2026-10-09T11:28:34.8311614Z cc -Wall -Wextra -Werror -std=c99 -g -O3 -ftree-vectorize -fPIC -Isrc -D_GNU_SOURCE  -fprofile-arcs -ftest-coverage -MMD -MP -c src/nanovm/vm_decode.c -o obj/nanovm/vm_decode.o
2026-10-09T11:28:34.9086317Z cc -Wall -Wextra -Werror -std=c99 -g -O3 -ftree-vectorize -fPIC -Isrc -D_GNU_SOURCE  -fprofile-arcs -ftest-coverage -MMD -MP -c src/nanovm/vm_dispatch.c -o obj/nanovm/vm_dispatch.o
2026-10-09T11:28:35.0105873Z cc -Wall -Wextra -Werror -std=c99 -g -O3 -ftree-vectorize -fPIC -Isrc -D_GNU_SOURCE  -fprofile-arcs -ftest-coverage -MMD -MP -c src/nanovm/vm_ffi.c -o obj/nanovm/vm_ffi.o
2026-10-09T11:28:35.7310800Z cc -Wall -Wextra -Werror -std=c99 -g -O3 -ftree-vectorize -fPIC -Isrc -D_GNU_SOURCE  -fprofile-arcs -ftest-coverage -MMD -MP -c src/nanovm/vm_ffi_arrays.c -o obj/nanovm/vm_ffi_arrays.o
2026-10-09T11:28:35.8381436Z cc -Wall -Wextra -Werror -std=c99 -g -O3 -ftree-vectorize -fPIC -Isrc -D_GNU_SOURCE  -fprofile-arcs -ftest-coverage -MMD -MP -c src/nominal_types.c -o obj/nominal_types.o
2026-10-09T11:28:36.0665691Z cc -Wall -Wextra -Werror -std=c99 -g -O3 -ftree-vectorize -fPIC -Isrc -D_GNU_SOURCE  -fprofile-arcs -ftest-coverage -MMD -MP -c src/nsi_file_plan.c -o obj/nsi_file_plan.o
2026-10-09T11:28:36.1401045Z cc -Wall -Wextra -Werror -std=c99 -g -O3 -ftree-vectorize -fPIC -Isrc -D_GNU_SOURCE  -fprofile-arcs -ftest-coverage -MMD -MP -c src/opencl_backend.c -o obj/opencl_backend.o
2026-10-09T11:28:36.3085991Z cc -Wall -Wextra -Werror -std=c99 -g -O3 -ftree-vectorize -fPIC -Isrc -D_GNU_SOURCE  -fprofile-arcs -ftest-coverage -MMD -MP -c src/par_let_pass.c -o obj/par_let_pass.o
2026-10-09T11:28:36.3758322Z cc -Wall -Wextra -Werror -std=c99 -g -O3 -ftree-vectorize -fPIC -Isrc -D_GNU_SOURCE  -fprofile-arcs -ftest-coverage -MMD -MP -c src/parser.c -o obj/parser.o
2026-10-09T11:28:38.1697005Z cc -Wall -Wextra -Werror -std=c99 -g -O3 -ftree-vectorize -fPIC -Isrc -D_GNU_SOURCE  -fprofile-arcs -ftest-coverage -MMD -MP -c src/pgo_pass.c -o obj/pgo_pass.o
2026-10-09T11:28:38.3333901Z cc -Wall -Wextra -Werror -std=c99 -g -O3 -ftree-vectorize -fPIC -Isrc -D_GNU_SOURCE  -fprofile-arcs -ftest-coverage -MMD -MP -c src/ptx_backend.c -o obj/ptx_backend.o
2026-10-09T11:28:38.4990591Z cc -Wall -Wextra -Werror -std=c99 -g -O3 -ftree-vectorize -fPIC -Isrc -D_GNU_SOURCE  -fprofile-arcs -ftest-coverage -MMD -MP -c src/reflection.c -o obj/reflection.o
2026-10-09T11:28:38.6091352Z cc -Wall -Wextra -Werror -std=c99 -g -O3 -ftree-vectorize -fPIC -Isrc -D_GNU_SOURCE  -fprofile-arcs -ftest-coverage -MMD -MP -c src/resource_flow.c -o obj/resource_flow.o
2026-10-09T11:28:39.2537130Z cc -Wall -Wextra -Werror -std=c99 -g -O3 -ftree-vectorize -fPIC -Isrc -D_GNU_SOURCE  -fprofile-arcs -ftest-coverage -MMD -MP -c src/resource_tracking.c -o obj/resource_tracking.o
2026-10-09T11:28:39.5198080Z cc -Wall -Wextra -Werror -std=c99 -g -O3 -ftree-vectorize -fPIC -Isrc -D_GNU_SOURCE  -fprofile-arcs -ftest-coverage -MMD -MP -c src/riscv_backend.c -o obj/riscv_backend.o
2026-10-09T11:28:39.6532987Z cc -Wall -Wextra -Werror -std=c99 -g -O3 -ftree-vectorize -fPIC -Isrc -D_GNU_SOURCE  -fprofile-arcs -ftest-coverage -MMD -MP -c src/runtime/callback_runtime.c -o obj/runtime/callback_runtime.o
2026-10-09T11:28:39.7553137Z cc -Wall -Wextra -Werror -std=c99 -g -O3 -ftree-vectorize -fPIC -Isrc -D_GNU_SOURCE  -fprofile-arcs -ftest-coverage -MMD -MP -c src/runtime/cli.c -o obj/runtime/cli.o
2026-10-09T11:28:39.7824885Z cc -Wall -Wextra -Werror -std=c99 -g -O3 -ftree-vectorize -fPIC -Isrc -D_GNU_SOURCE  -fprofile-arcs -ftest-coverage -MMD -MP -c src/runtime/dyn_array.c -o obj/runtime/dyn_array.o
2026-10-09T11:28:39.9733501Z cc -Wall -Wextra -Werror -std=c99 -g -O3 -ftree-vectorize -fPIC -Isrc -D_GNU_SOURCE  -fprofile-arcs -ftest-coverage -MMD -MP -c src/runtime/effect_runtime.c -o obj/runtime/effect_runtime.o
2026-10-09T11:28:40.0091007Z cc -Wall -Wextra -Werror -std=c99 -g -O3 -ftree-vectorize -fPIC -Isrc -D_GNU_SOURCE  -fprofile-arcs -ftest-coverage -MMD -MP -c src/runtime/ffi_loader.c -o obj/runtime/ffi_loader.o
2026-10-09T11:28:40.1382248Z cc -Wall -Wextra -Werror -std=c99 -g -O3 -ftree-vectorize -fPIC -Isrc -D_GNU_SOURCE  -fprofile-arcs -ftest-coverage -MMD -MP -c src/runtime/gc.c -o obj/runtime/gc.o
2026-10-09T11:28:40.2275441Z cc -Wall -Wextra -Werror -std=c99 -g -O3 -ftree-vectorize -fPIC -Isrc -D_GNU_SOURCE  -fprofile-arcs -ftest-coverage -MMD -MP -c src/runtime/gc_struct.c -o obj/runtime/gc_struct.o
2026-10-09T11:28:40.2886099Z cc -Wall -Wextra -Werror -std=c99 -g -O3 -ftree-vectorize -fPIC -Isrc -D_GNU_SOURCE  -fprofile-arcs -ftest-coverage -MMD -MP -c src/runtime/list_ASTArrayLiteral.c -o obj/runtime/list_ASTArrayLiteral.o
2026-10-09T11:28:40.3530430Z cc -Wall -Wextra -Werror -std=c99 -g -O3 -ftree-vectorize -fPIC -Isrc -D_GNU_SOURCE  -fprofile-arcs -ftest-coverage -MMD -MP -c src/runtime/list_ASTAssert.c -o obj/runtime/list_ASTAssert.o
2026-10-09T11:28:40.4191942Z cc -Wall -Wextra -Werror -std=c99 -g -O3 -ftree-vectorize -fPIC -Isrc -D_GNU_SOURCE  -fprofile-arcs -ftest-coverage -MMD -MP -c src/runtime/list_ASTBinaryOp.c -o obj/runtime/list_ASTBinaryOp.o
2026-10-09T11:28:40.4879891Z cc -Wall -Wextra -Werror -std=c99 -g -O3 -ftree-vectorize -fPIC -Isrc -D_GNU_SOURCE  -fprofile-arcs -ftest-coverage -MMD -MP -c src/runtime/list_ASTBlock.c -o obj/runtime/list_ASTBlock.o
2026-10-09T11:28:40.5535308Z cc -Wall -Wextra -Werror -std=c99 -g -O3 -ftree-vectorize -fPIC -Isrc -D_GNU_SOURCE  -fprofile-arcs -ftest-coverage -MMD -MP -c src/runtime/list_ASTBool.c -o obj/runtime/list_ASTBool.o
2026-10-09T11:28:40.6180167Z cc -Wall -Wextra -Werror -std=c99 -g -O3 -ftree-vectorize -fPIC -Isrc -D_GNU_SOURCE  -fprofile-arcs -ftest-coverage -MMD -MP -c src/runtime/list_ASTCall.c -o obj/runtime/list_ASTCall.o
2026-10-09T11:28:40.6843763Z cc -Wall -Wextra -Werror -std=c99 -g -O3 -ftree-vectorize -fPIC -Isrc -D_GNU_SOURCE  -fprofile-arcs -ftest-coverage -MMD -MP -c src/runtime/list_ASTEnum.c -o obj/runtime/list_ASTEnum.o
2026-10-09T11:28:40.7539980Z cc -Wall -Wextra -Werror -std=c99 -g -O3 -ftree-vectorize -fPIC -Isrc -D_GNU_SOURCE  -fprofile-arcs -ftest-coverage -MMD -MP -c src/runtime/list_ASTFieldAccess.c -o obj/runtime/list_ASTFieldAccess.o
2026-10-09T11:28:40.8219906Z cc -Wall -Wextra -Werror -std=c99 -g -O3 -ftree-vectorize -fPIC -Isrc -D_GNU_SOURCE  -fprofile-arcs -ftest-coverage -MMD -MP -c src/runtime/list_ASTFloat.c -o obj/runtime/list_ASTFloat.o
2026-10-09T11:28:40.8890594Z cc -Wall -Wextra -Werror -std=c99 -g -O3 -ftree-vectorize -fPIC -Isrc -D_GNU_SOURCE  -fprofile-arcs -ftest-coverage -MMD -MP -c src/runtime/list_ASTFor.c -o obj/runtime/list_ASTFor.o
2026-10-09T11:28:40.9574781Z cc -Wall -Wextra -Werror -std=c99 -g -O3 -ftree-vectorize -fPIC -Isrc -D_GNU_SOURCE  -fprofile-arcs -ftest-coverage -MMD -MP -c src/runtime/list_ASTFunction.c -o obj/runtime/list_ASTFunction.o
2026-10-09T11:28:41.0268737Z cc -Wall -Wextra -Werror -std=c99 -g -O3 -ftree-vectorize -fPIC -Isrc -D_GNU_SOURCE  -fprofile-arcs -ftest-coverage -MMD -MP -c src/runtime/list_ASTIdentifier.c -o obj/runtime/list_ASTIdentifier.o
2026-10-09T11:28:41.0948148Z cc -Wall -Wextra -Werror -std=c99 -g -O3 -ftree-vectorize -fPIC -Isrc -D_GNU_SOURCE  -fprofile-arcs -ftest-coverage -MMD -MP -c src/runtime/list_ASTIf.c -o obj/runtime/list_ASTIf.o
2026-10-09T11:28:41.1623927Z cc -Wall -Wextra -Werror -std=c99 -g -O3 -ftree-vectorize -fPIC -Isrc -D_GNU_SOURCE  -fprofile-arcs -ftest-coverage -MMD -MP -c src/runtime/list_ASTImport.c -o obj/runtime/list_ASTImport.o
2026-10-09T11:28:41.2305527Z cc -Wall -Wextra -Werror -std=c99 -g -O3 -ftree-vectorize -fPIC -Isrc -D_GNU_SOURCE  -fprofile-arcs -ftest-coverage -MMD -MP -c src/runtime/list_ASTLet.c -o obj/runtime/list_ASTLet.o
2026-10-09T11:28:41.2982728Z cc -Wall -Wextra -Werror -std=c99 -g -O3 -ftree-vectorize -fPIC -Isrc -D_GNU_SOURCE  -fprofile-arcs -ftest-coverage -MMD -MP -c src/runtime/list_ASTMatch.c -o obj/runtime/list_ASTMatch.o
2026-10-09T11:28:41.3653350Z cc -Wall -Wextra -Werror -std=c99 -g -O3 -ftree-vectorize -fPIC -Isrc -D_GNU_SOURCE  -fprofile-arcs -ftest-coverage -MMD -MP -c src/runtime/list_ASTModuleQualifiedCall.c -o obj/runtime/list_ASTModuleQualifiedCall.o
2026-10-09T11:28:41.4304482Z cc -Wall -Wextra -Werror -std=c99 -g -O3 -ftree-vectorize -fPIC -Isrc -D_GNU_SOURCE  -fprofile-arcs -ftest-coverage -MMD -MP -c src/runtime/list_ASTNumber.c -o obj/runtime/list_ASTNumber.o
2026-10-09T11:28:41.4950502Z cc -Wall -Wextra -Werror -std=c99 -g -O3 -ftree-vectorize -fPIC -Isrc -D_GNU_SOURCE  -fprofile-arcs -ftest-coverage -MMD -MP -c src/runtime/list_ASTOpaqueType.c -o obj/runtime/list_ASTOpaqueType.o
2026-10-09T11:28:41.5615894Z cc -Wall -Wextra -Werror -std=c99 -g -O3 -ftree-vectorize -fPIC -Isrc -D_GNU_SOURCE  -fprofile-arcs -ftest-coverage -MMD -MP -c src/runtime/list_ASTPrint.c -o obj/runtime/list_ASTPrint.o
2026-10-09T11:28:41.6265408Z cc -Wall -Wextra -Werror -std=c99 -g -O3 -ftree-vectorize -fPIC -Isrc -D_GNU_SOURCE  -fprofile-arcs -ftest-coverage -MMD -MP -c src/runtime/list_ASTReturn.c -o obj/runtime/list_ASTReturn.o
2026-10-09T11:28:41.6913563Z cc -Wall -Wextra -Werror -std=c99 -g -O3 -ftree-vectorize -fPIC -Isrc -D_GNU_SOURCE  -fprofile-arcs -ftest-coverage -MMD -MP -c src/runtime/list_ASTServiceDecl.c -o obj/runtime/list_ASTServiceDecl.o
2026-10-09T11:28:41.7579322Z cc -Wall -Wextra -Werror -std=c99 -g -O3 -ftree-vectorize -fPIC -Isrc -D_GNU_SOURCE  -fprofile-arcs -ftest-coverage -MMD -MP -c src/runtime/list_ASTSet.c -o obj/runtime/list_ASTSet.o
2026-10-09T11:28:41.8240709Z cc -Wall -Wextra -Werror -std=c99 -g -O3 -ftree-vectorize -fPIC -Isrc -D_GNU_SOURCE  -fprofile-arcs -ftest-coverage -MMD -MP -c src/runtime/list_ASTShadow.c -o obj/runtime/list_ASTShadow.o
2026-10-09T11:28:41.8903838Z cc -Wall -Wextra -Werror -std=c99 -g -O3 -ftree-vectorize -fPIC -Isrc -D_GNU_SOURCE  -fprofile-arcs -ftest-coverage -MMD -MP -c src/runtime/list_ASTStmtRef.c -o obj/runtime/list_ASTStmtRef.o
2026-10-09T11:28:41.9531765Z cc -Wall -Wextra -Werror -std=c99 -g -O3 -ftree-vectorize -fPIC -Isrc -D_GNU_SOURCE  -fprofile-arcs -ftest-coverage -MMD -MP -c src/runtime/list_ASTString.c -o obj/runtime/list_ASTString.o
2026-10-09T11:28:42.0184676Z cc -Wall -Wextra -Werror -std=c99 -g -O3 -ftree-vectorize -fPIC -Isrc -D_GNU_SOURCE  -fprofile-arcs -ftest-coverage -MMD -MP -c src/runtime/list_ASTStruct.c -o obj/runtime/list_ASTStruct.o
2026-10-09T11:28:42.0866353Z cc -Wall -Wextra -Werror -std=c99 -g -O3 -ftree-vectorize -fPIC -Isrc -D_GNU_SOURCE  -fprofile-arcs -ftest-coverage -MMD -MP -c src/runtime/list_ASTStructLiteral.c -o obj/runtime/list_ASTStructLiteral.o
2026-10-09T11:28:42.1545219Z cc -Wall -Wextra -Werror -std=c99 -g -O3 -ftree-vectorize -fPIC -Isrc -D_GNU_SOURCE  -fprofile-arcs -ftest-coverage -MMD -MP -c src/runtime/list_ASTTupleIndex.c -o obj/runtime/list_ASTTupleIndex.o
2026-10-09T11:28:42.2202899Z cc -Wall -Wextra -Werror -std=c99 -g -O3 -ftree-vectorize -fPIC -Isrc -D_GNU_SOURCE  -fprofile-arcs -ftest-coverage -MMD -MP -c src/runtime/list_ASTTupleLiteral.c -o obj/runtime/list_ASTTupleLiteral.o
2026-10-09T11:28:42.2882851Z cc -Wall -Wextra -Werror -std=c99 -g -O3 -ftree-vectorize -fPIC -Isrc -D_GNU_SOURCE  -fprofile-arcs -ftest-coverage -MMD -MP -c src/runtime/list_ASTUnion.c -o obj/runtime/list_ASTUnion.o
2026-10-09T11:28:42.3565984Z cc -Wall -Wextra -Werror -std=c99 -g -O3 -ftree-vectorize -fPIC -Isrc -D_GNU_SOURCE  -fprofile-arcs -ftest-coverage -MMD -MP -c src/runtime/list_ASTUnionConstruct.c -o obj/runtime/list_ASTUnionConstruct.o
2026-10-09T11:28:42.4227890Z cc -Wall -Wextra -Werror -std=c99 -g -O3 -ftree-vectorize -fPIC -Isrc -D_GNU_SOURCE  -fprofile-arcs -ftest-coverage -MMD -MP -c src/runtime/list_ASTUnsafeBlock.c -o obj/runtime/list_ASTUnsafeBlock.o
2026-10-09T11:28:42.4884396Z cc -Wall -Wextra -Werror -std=c99 -g -O3 -ftree-vectorize -fPIC -Isrc -D_GNU_SOURCE  -fprofile-arcs -ftest-coverage -MMD -MP -c src/runtime/list_ASTWhile.c -o obj/runtime/list_ASTWhile.o
2026-10-09T11:28:42.5533601Z cc -Wall -Wextra -Werror -std=c99 -g -O3 -ftree-vectorize -fPIC -Isrc -D_GNU_SOURCE  -fprofile-arcs -ftest-coverage -MMD -MP -c src/runtime/list_CompilerDiagnostic.c -o obj/runtime/list_CompilerDiagnostic.o
2026-10-09T11:28:42.6198666Z cc -Wall -Wextra -Werror -std=c99 -g -O3 -ftree-vectorize -fPIC -Isrc -D_GNU_SOURCE  -fprofile-arcs -ftest-coverage -MMD -MP -c src/runtime/list_CompilerSourceLocation.c -o obj/runtime/list_CompilerSourceLocation.o
2026-10-09T11:28:42.6831378Z cc -Wall -Wextra -Werror -std=c99 -g -O3 -ftree-vectorize -fPIC -Isrc -D_GNU_SOURCE  -fprofile-arcs -ftest-coverage -MMD -MP -c src/runtime/list_LexerToken.c -o obj/runtime/list_LexerToken.o
2026-10-09T11:28:42.7471418Z cc -Wall -Wextra -Werror -std=c99 -g -O3 -ftree-vectorize -fPIC -Isrc -D_GNU_SOURCE  -fprofile-arcs -ftest-coverage -MMD -MP -c src/runtime/list_bool.c -o obj/runtime/list_bool.o
2026-10-09T11:28:42.8135391Z cc -Wall -Wextra -Werror -std=c99 -g -O3 -ftree-vectorize -fPIC -Isrc -D_GNU_SOURCE  -fprofile-arcs -ftest-coverage -MMD -MP -c src/runtime/list_int.c -o obj/runtime/list_int.o
2026-10-09T11:28:42.8748964Z cc -Wall -Wextra -Werror -std=c99 -g -O3 -ftree-vectorize -fPIC -Isrc -D_GNU_SOURCE  -fprofile-arcs -ftest-coverage -MMD -MP -c src/runtime/list_string.c -o obj/runtime/list_string.o
2026-10-09T11:28:42.9456330Z cc -Wall -Wextra -Werror -std=c99 -g -O3 -ftree-vectorize -fPIC -Isrc -D_GNU_SOURCE  -fprofile-arcs -ftest-coverage -MMD -MP -c src/runtime/list_token.c -o obj/runtime/list_token.o
2026-10-09T11:28:43.0121720Z cc -Wall -Wextra -Werror -std=c99 -g -O3 -ftree-vectorize -fPIC -Isrc -D_GNU_SOURCE  -fprofile-arcs -ftest-coverage -MMD -MP -c src/runtime/module_build_dir.c -o obj/runtime/module_build_dir.o
2026-10-09T11:28:43.1171939Z cc -Wall -Wextra -Werror -std=c99 -g -O3 -ftree-vectorize -fPIC -Isrc -D_GNU_SOURCE  -fprofile-arcs -ftest-coverage -MMD -MP -c src/runtime/nl_string.c -o obj/runtime/nl_string.o
2026-10-09T11:28:43.2494503Z cc -Wall -Wextra -Werror -std=c99 -g -O3 -ftree-vectorize -fPIC -Isrc -D_GNU_SOURCE  -fprofile-arcs -ftest-coverage -MMD -MP -c src/runtime/regex.c -o obj/runtime/regex.o
2026-10-09T11:28:43.3231487Z cc -Wall -Wextra -Werror -std=c99 -g -O3 -ftree-vectorize -fPIC -Isrc -D_GNU_SOURCE  -fprofile-arcs -ftest-coverage -MMD -MP -c src/runtime/token_helpers.c -o obj/runtime/token_helpers.o
2026-10-09T11:28:43.3620338Z cc -Wall -Wextra -Werror -std=c99 -g -O3 -ftree-vectorize -fPIC -Isrc -D_GNU_SOURCE  -fprofile-arcs -ftest-coverage -MMD -MP -c src/stdlib_runtime.c -o obj/stdlib_runtime.o
2026-10-09T11:28:43.6950373Z cc -Wall -Wextra -Werror -std=c99 -g -O3 -ftree-vectorize -fPIC -Isrc -D_GNU_SOURCE  -fprofile-arcs -ftest-coverage -MMD -MP -c src/tco_pass.c -o obj/tco_pass.o
2026-10-09T11:28:43.9266170Z cc -Wall -Wextra -Werror -std=c99 -g -O3 -ftree-vectorize -fPIC -Isrc -D_GNU_SOURCE  -fprofile-arcs -ftest-coverage -MMD -MP -c src/toon_output.c -o obj/toon_output.o
2026-10-09T11:28:43.9857064Z cc -Wall -Wextra -Werror -std=c99 -g -O3 -ftree-vectorize -fPIC -Isrc -D_GNU_SOURCE  -fprofile-arcs -ftest-coverage -MMD -MP -c src/transpiler.c -o obj/transpiler.o
2026-10-09T11:28:46.8018555Z cc -Wall -Wextra -Werror -std=c99 -g -O3 -ftree-vectorize -fPIC -Isrc -D_GNU_SOURCE  -fprofile-arcs -ftest-coverage -MMD -MP -c src/type_infer.c -o obj/type_infer.o
2026-10-09T11:28:47.2301858Z cc -Wall -Wextra -Werror -std=c99 -g -O3 -ftree-vectorize -fPIC -Isrc -D_GNU_SOURCE  -fprofile-arcs -ftest-coverage -MMD -MP -c src/typechecker.c -o obj/typechecker.o
2026-10-09T11:28:50.0548780Z cc -Wall -Wextra -Werror -std=c99 -g -O3 -ftree-vectorize -fPIC -Isrc -D_GNU_SOURCE  -fprofile-arcs -ftest-coverage -MMD -MP -c src/utf8.c -o obj/utf8.o
2026-10-09T11:28:50.1378173Z cc  -Wall -Wextra -Werror -std=c99 -g -O3 -ftree-vectorize -fPIC -Isrc -D_GNU_SOURCE -fprofile-arcs -ftest-coverage -fPIC -shared -o bin/nano_as_capture.so src/runtime/assembler_capture.c -lm -lcrypto -lffi -rdynamic -fprofile-arcs -ftest-coverage -ldl
2026-10-09T11:28:50.3779323Z Stage 1: Building C reference compiler...
2026-10-09T11:28:56.3068210Z   (Coverage instrumentation detected in objects - linking with coverage flags)
2026-10-09T11:28:56.4330787Z ✓ C Compiler: bin/nanoc_c
2026-10-09T11:28:56.4378555Z ✓ Compiler: bin/nanoc -> bin/nanoc_c (C reference)
2026-10-09T11:28:56.4404913Z cc -Wall -Wextra -Werror -std=c99 -g -O3 -ftree-vectorize -fPIC -Isrc -D_GNU_SOURCE  -fprofile-arcs -ftest-coverage -MMD -MP -c src/ffi_bindgen.c -o obj/ffi_bindgen.o
2026-10-09T11:28:56.6074991Z cc -Wall -Wextra -Werror -std=c99 -g -O3 -ftree-vectorize -fPIC -Isrc -D_GNU_SOURCE  -fprofile-arcs -ftest-coverage -o bin/nanoc-ffi obj/ffi_bindgen.o obj/utf8.o -lm -lcrypto -lffi  -rdynamic -fprofile-arcs -ftest-coverage
2026-10-09T11:28:56.6329046Z ✓ Stage 1 complete (C reference binaries)
2026-10-09T11:28:56.6840135Z 
2026-10-09T11:28:56.6854903Z ==========================================
2026-10-09T11:28:56.6868749Z Stage 2: Building Self-Hosted Components
2026-10-09T11:28:56.6882988Z ==========================================
2026-10-09T11:28:56.6896925Z Compiling components with bin/nanoc...
2026-10-09T11:28:56.6911020Z 
2026-10-09T11:28:56.7264873Z   Building parser...
2026-10-09T11:29:05.8211476Z     ✓ parser compiled successfully
2026-10-09T11:29:05.8211683Z 
2026-10-09T11:29:05.8211735Z   Building typecheck...
2026-10-09T11:29:23.0609414Z     ✓ typecheck compiled successfully
2026-10-09T11:29:23.0609696Z 
2026-10-09T11:29:23.0609778Z   Building nanoisa_emitter...
2026-10-09T11:29:47.2567613Z     ✓ nanoisa_emitter compiled successfully
2026-10-09T11:29:47.2571717Z 
2026-10-09T11:29:47.2572438Z ✓ Stage 2: 3/3 components built successfully
2026-10-09T11:29:47.2616488Z 
2026-10-09T11:29:47.2630896Z ==========================================
2026-10-09T11:29:47.2647026Z Stage 3: Bootstrap Validation
2026-10-09T11:29:47.2662091Z ==========================================
2026-10-09T11:29:47.2676606Z Validating self-hosted components...
2026-10-09T11:29:47.2691067Z 
2026-10-09T11:29:47.2720860Z   Checking parser entry assertions...
2026-10-09T11:29:47.2786272Z     ✓ parser entry assertions passed
2026-10-09T11:29:47.2786552Z   Checking typecheck entry assertions...
2026-10-09T11:29:47.2859618Z     ✓ typecheck entry assertions passed
2026-10-09T11:29:47.2859893Z   Checking nanoisa_emitter entry assertions...
2026-10-09T11:29:47.2939345Z     ✓ nanoisa_emitter entry assertions passed
2026-10-09T11:29:47.2939548Z 
2026-10-09T11:29:47.2940055Z ✓ Stage 3: 3/3 component entry checks passed; imported shadows are separate
2026-10-09T11:29:47.2976115Z cc -Wall -Wextra -Werror -std=c99 -g -O3 -ftree-vectorize -fPIC -Isrc -D_GNU_SOURCE  -fprofile-arcs -ftest-coverage -MMD -MP -c src/nano_main.c -o obj/nano_main.o
2026-10-09T11:29:47.3849331Z cc -Wall -Wextra -Werror -std=c99 -g -O3 -ftree-vectorize -fPIC -Isrc -D_GNU_SOURCE  -fprofile-arcs -ftest-coverage -MMD -MP -c src/proptest.c -o obj/proptest.o
2026-10-09T11:29:47.5704618Z cc -Wall -Wextra -Werror -std=c99 -g -O3 -ftree-vectorize -fPIC -Isrc -D_GNU_SOURCE  -fprofile-arcs -ftest-coverage -o bin/nano obj/lexer.o obj/parser.o obj/typechecker.o obj/transpiler.o obj/stdlib_runtime.o obj/env.o obj/builtins_registry.o obj/module.o obj/module_metadata.o obj/cJSON.o obj/toon_output.o obj/module_builder.o obj/resource_tracking.o obj/eval.o obj/eval/eval_hashmap.o obj/eval/eval_math.o obj/eval/eval_string.o obj/eval/eval_io.o obj/interpreter_ffi.o obj/json_diagnostics.o obj/reflection.o obj/nanocore_subset.o obj/nanocore_export.o obj/emit_typed_ast.o obj/type_infer.o obj/effects.o obj/fold_constants.o obj/dce_pass.o obj/par_let_pass.o obj/ptx_backend.o obj/opencl_backend.o obj/tco_pass.o obj/cps_pass.o obj/coroutine.o obj/pgo_pass.o obj/c_backend.o obj/bench.o obj/bench_native.o obj/riscv_backend.o obj/dwarf_info.o obj/docgen_md.o obj/docgen.o obj/fmt.o obj/channel.o obj/bcp47.o obj/locale.o obj/utf8.o obj/diag_id.o obj/catalog.o obj/resource_flow.o obj/nominal_types.o obj/runtime/list_int.o obj/runtime/list_bool.o obj/runtime/list_string.o obj/runtime/list_LexerToken.o obj/runtime/list_token.o obj/runtime/list_CompilerDiagnostic.o obj/runtime/list_CompilerSourceLocation.o obj/runtime/list_ASTNumber.o obj/runtime/list_ASTFloat.o obj/runtime/list_ASTString.o obj/runtime/list_ASTBool.o obj/runtime/list_ASTIdentifier.o obj/runtime/list_ASTBinaryOp.o obj/runtime/list_ASTCall.o obj/runtime/list_ASTModuleQualifiedCall.o obj/runtime/list_ASTArrayLiteral.o obj/runtime/list_ASTLet.o obj/runtime/list_ASTSet.o obj/runtime/list_ASTStmtRef.o obj/runtime/list_ASTIf.o obj/runtime/list_ASTWhile.o obj/runtime/list_ASTFor.o obj/runtime/list_ASTReturn.o obj/runtime/list_ASTBlock.o obj/runtime/list_ASTUnsafeBlock.o obj/runtime/list_ASTPrint.o obj/runtime/list_ASTAssert.o obj/runtime/list_ASTFunction.o obj/runtime/list_ASTShadow.o obj/runtime/list_ASTStruct.o obj/runtime/list_ASTStructLiteral.o obj/runtime/list_ASTFieldAccess.o obj/runtime/list_ASTEnum.o obj/runtime/list_ASTUnion.o obj/runtime/list_ASTUnionConstruct.o obj/runtime/list_ASTMatch.o obj/runtime/list_ASTImport.o obj/runtime/list_ASTOpaqueType.o obj/runtime/list_ASTServiceDecl.o obj/runtime/list_ASTTupleLiteral.o obj/runtime/list_ASTTupleIndex.o obj/runtime/token_helpers.o obj/runtime/gc.o obj/runtime/effect_runtime.o obj/runtime/dyn_array.o obj/runtime/gc_struct.o obj/runtime/nl_string.o obj/runtime/ffi_loader.o obj/runtime/module_build_dir.o obj/runtime/cli.o obj/runtime/regex.o obj/nano_main.o obj/proptest.o -lm -lcrypto -lffi  -rdynamic -fprofile-arcs -ftest-coverage
2026-10-09T11:29:47.6700715Z ✓ Interpreter: bin/nano
2026-10-09T11:29:47.6742387Z 
2026-10-09T11:29:47.6757242Z ==========================================
2026-10-09T11:29:47.6772435Z ✅ Build Complete (3-Stage Bootstrap)
2026-10-09T11:29:47.6786783Z ==========================================
2026-10-09T11:29:47.6809513Z make[1]: Entering directory '/home/runner/work/nanolang/nanolang'
2026-10-09T11:29:47.7419967Z Build Status:
2026-10-09T11:29:47.7433797Z 
2026-10-09T11:29:47.7448828Z   ✅ Stage 1: C reference compiler (bin/nanoc)
2026-10-09T11:29:47.7464106Z   ✅ Stage 2: Self-hosted components compiled
2026-10-09T11:29:47.7464397Z     • parser
2026-10-09T11:29:47.7464580Z     • typecheck
2026-10-09T11:29:47.7464772Z     • nanoisa_emitter
2026-10-09T11:29:47.7479564Z   ✅ Stage 3: Bootstrap validated
2026-10-09T11:29:47.7494291Z 
2026-10-09T11:29:47.7496318Z make[1]: Leaving directory '/home/runner/work/nanolang/nanolang'
2026-10-09T11:29:47.7516017Z 
2026-10-09T11:29:47.7551021Z ##[group]Run make build CFLAGS="-Wall -Wextra -Werror -std=c99 -g -Isrc -D_GNU_SOURCE -fprofile-arcs -ftest-coverage"
2026-10-09T11:29:47.7551834Z [36;1mmake build CFLAGS="-Wall -Wextra -Werror -std=c99 -g -Isrc -D_GNU_SOURCE -fprofile-arcs -ftest-coverage"[0m
2026-10-09T11:29:47.7604610Z shell: /usr/bin/bash -e {0}
2026-10-09T11:29:47.7604745Z env:
2026-10-09T11:29:47.7604894Z   NANO_VERIFY_CORPUS_LOG_ROOT: .test_output/verifier-corpus
2026-10-09T11:29:47.7605078Z   NANO_SHADOW_TIMEOUT_SECONDS: 60
2026-10-09T11:29:47.7605216Z ##[endgroup]
2026-10-09T11:29:47.8882767Z 
2026-10-09T11:29:47.8897350Z ==========================================
2026-10-09T11:29:47.8911536Z ✅ Build Complete (3-Stage Bootstrap)
2026-10-09T11:29:47.8925778Z ==========================================
2026-10-09T11:29:47.8947899Z make[1]: Entering directory '/home/runner/work/nanolang/nanolang'
2026-10-09T11:29:47.9521581Z Build Status:
2026-10-09T11:29:47.9535836Z 
2026-10-09T11:29:47.9551846Z   ✅ Stage 1: C reference compiler (bin/nanoc)
2026-10-09T11:29:47.9567063Z   ✅ Stage 2: Self-hosted components compiled
2026-10-09T11:29:47.9567586Z     • parser
2026-10-09T11:29:47.9567912Z     • typecheck
2026-10-09T11:29:47.9568128Z     • nanoisa_emitter
2026-10-09T11:29:47.9582367Z   ✅ Stage 3: Bootstrap validated
2026-10-09T11:29:47.9596518Z 
2026-10-09T11:29:47.9598237Z make[1]: Leaving directory '/home/runner/work/nanolang/nanolang'
2026-10-09T11:29:47.9616156Z 
2026-10-09T11:29:47.9653361Z ##[group]Run make test-quick CFLAGS="-Wall -Wextra -Werror -std=c99 -g -Isrc -D_GNU_SOURCE -fprofile-arcs -ftest-coverage" LDFLAGS="-lm -lcrypto -fprofile-arcs -ftest-coverage"
2026-10-09T11:29:47.9654047Z [36;1mmake test-quick CFLAGS="-Wall -Wextra -Werror -std=c99 -g -Isrc -D_GNU_SOURCE -fprofile-arcs -ftest-coverage" LDFLAGS="-lm -lcrypto -fprofile-arcs -ftest-coverage"[0m
2026-10-09T11:29:47.9706622Z shell: /usr/bin/bash -e {0}
2026-10-09T11:29:47.9706757Z env:
2026-10-09T11:29:47.9706897Z   NANO_VERIFY_CORPUS_LOG_ROOT: .test_output/verifier-corpus
2026-10-09T11:29:47.9707089Z   NANO_SHADOW_TIMEOUT_SECONDS: 60
2026-10-09T11:29:47.9707234Z   NANO_VM_EXAMPLE_SHADOW_TIMEOUT_SECONDS: 60
2026-10-09T11:29:47.9707396Z ##[endgroup]
2026-10-09T11:29:48.0997860Z 
2026-10-09T11:29:48.1012236Z ==========================================
2026-10-09T11:29:48.1026269Z ✅ Build Complete (3-Stage Bootstrap)
2026-10-09T11:29:48.1040250Z ==========================================
2026-10-09T11:29:48.1062121Z make[1]: Entering directory '/home/runner/work/nanolang/nanolang'
2026-10-09T11:29:48.1635686Z Build Status:
2026-10-09T11:29:48.1650316Z 
2026-10-09T11:29:48.1665368Z   ✅ Stage 1: C reference compiler (bin/nanoc)
2026-10-09T11:29:48.1680695Z   ✅ Stage 2: Self-hosted components compiled
2026-10-09T11:29:48.1681168Z     • parser
2026-10-09T11:29:48.1681559Z     • typecheck
2026-10-09T11:29:48.1681898Z     • nanoisa_emitter
2026-10-09T11:29:48.1697524Z   ✅ Stage 3: Bootstrap validated
2026-10-09T11:29:48.1712262Z 
2026-10-09T11:29:48.1714262Z make[1]: Leaving directory '/home/runner/work/nanolang/nanolang'
2026-10-09T11:29:48.1733320Z 
2026-10-09T11:29:48.1734964Z python3 -m unittest -v tests.test_github_issue_tracking
2026-10-09T11:29:48.3064678Z test_create_preserves_literal_multiline_body_and_deduplicates_run (tests.test_github_issue_tracking.GitHubTracking.test_create_preserves_literal_multiline_body_and_deduplicates_run) ... ok
2026-10-09T11:29:48.3073221Z test_dry_run_never_contacts_github (tests.test_github_issue_tracking.GitHubTracking.test_dry_run_never_contacts_github) ... ok
2026-10-09T11:29:48.3078686Z test_fingerprint_finds_issue_after_title_change (tests.test_github_issue_tracking.GitHubTracking.test_fingerprint_finds_issue_after_title_change) ... ok
2026-10-09T11:29:48.3455664Z test_legacy_entry_point_routes_to_github_without_network_in_dry_run (tests.test_github_issue_tracking.GitHubTracking.test_legacy_entry_point_routes_to_github_without_network_in_dry_run) ... ok
2026-10-09T11:29:48.3465756Z test_new_issue_limit_does_not_suppress_existing_updates (tests.test_github_issue_tracking.GitHubTracking.test_new_issue_limit_does_not_suppress_existing_updates) ... ok
2026-10-09T11:29:48.3500539Z test_offline_preserves_failure_and_still_runs_examples (tests.test_github_issue_tracking.GitHubTracking.test_offline_preserves_failure_and_still_runs_examples) ... ok
2026-10-09T11:29:48.3505230Z test_paginated_issues_exclude_pull_requests (tests.test_github_issue_tracking.GitHubTracking.test_paginated_issues_exclude_pull_requests) ... ok
2026-10-09T11:29:48.3512013Z test_recurrence_reopens_closed_issue_without_creating_duplicate (tests.test_github_issue_tracking.GitHubTracking.test_recurrence_reopens_closed_issue_without_creating_duplicate) ... ok
2026-10-09T11:29:48.3522166Z test_success_never_creates_summary_and_closes_only_managed_issue (tests.test_github_issue_tracking.GitHubTracking.test_success_never_creates_summary_and_closes_only_managed_issue) ... ok
2026-10-09T11:29:48.3528362Z test_summary_failure_reopens_and_records_nonzero_exit (tests.test_github_issue_tracking.GitHubTracking.test_summary_failure_reopens_and_records_nonzero_exit) ... ok
2026-10-09T11:29:48.3533283Z test_summary_zero_limit_leaves_failure_unfiled (tests.test_github_issue_tracking.GitHubTracking.test_summary_zero_limit_leaves_failure_unfiled) ... ok
2026-10-09T11:29:48.3533780Z 
2026-10-09T11:29:48.3541808Z ----------------------------------------------------------------------
2026-10-09T11:29:48.3542342Z Ran 11 tests in 0.048s
2026-10-09T11:29:48.3542464Z 
2026-10-09T11:29:48.3542531Z OK
2026-10-09T11:29:48.3803259Z 
2026-10-09T11:29:48.3804004Z [1m========================================
2026-10-09T11:29:48.3804324Z NANOLANG COMPREHENSIVE TEST SUITE
2026-10-09T11:29:48.3804596Z ========================================[0m
2026-10-09T11:29:48.3804857Z Backend: [0;36mc[0m
2026-10-09T11:29:48.3805052Z Native compiler: ./bin/nanoc
2026-10-09T11:29:48.3805190Z 
2026-10-09T11:29:48.3805341Z [0;36m=== CORE LANGUAGE TESTS (nl_*) ===[0m
2026-10-09T11:29:48.3805508Z 
2026-10-09T11:29:48.3805615Z [1m-- Syntax --[0m
2026-10-09T11:29:49.6137528Z [0;32m✅[0m nl_syntax_literals.nano
2026-10-09T11:29:50.8246128Z [0;32m✅[0m nl_syntax_operators.nano
2026-10-09T11:29:50.8258479Z 
2026-10-09T11:29:50.8258612Z [1m-- Types --[0m
2026-10-09T11:29:52.0383371Z [0;32m✅[0m nl_types_bool_list.nano
2026-10-09T11:29:53.2398893Z [0;32m✅[0m nl_types_enum.nano
2026-10-09T11:29:54.4378079Z [0;32m✅[0m nl_types_struct.nano
2026-10-09T11:29:55.6339087Z [0;32m✅[0m nl_types_tuple.nano
2026-10-09T11:29:55.6351954Z 
2026-10-09T11:29:55.6352307Z [1m-- Control Flow --[0m
2026-10-09T11:29:56.8145686Z [0;32m✅[0m nl_control_array_elements.nano
2026-10-09T11:29:58.0495802Z [0;32m✅[0m nl_control_flow.nano
2026-10-09T11:29:59.2832521Z [0;32m✅[0m nl_control_match.nano
2026-10-09T11:30:00.6426894Z [0;32m✅[0m nl_control_while.nano
2026-10-09T11:30:00.6440269Z 
2026-10-09T11:30:00.6440616Z [1m-- Functions --[0m
2026-10-09T11:30:01.8935031Z [0;32m✅[0m nl_functions_array_param.nano
2026-10-09T11:30:03.7557246Z [0;32m✅[0m nl_functions_audio_examples_default_args.nano
2026-10-09T11:30:04.9967304Z [0;32m✅[0m nl_functions_filter.nano
2026-10-09T11:30:06.2233253Z [0;32m✅[0m nl_functions_map_reduce.nano
2026-10-09T11:30:07.8398892Z [0;32m✅[0m nl_functions_module_introspection_flags.nano
2026-10-09T11:30:09.2737527Z [0;32m✅[0m nl_functions_module_metadata.nano
2026-10-09T11:30:11.0224124Z [0;32m✅[0m nl_functions_nanoamp_default_args.nano
2026-10-09T11:30:12.5031054Z [0;32m✅[0m nl_functions_relative_import.nano
2026-10-09T11:30:13.7886614Z [0;32m✅[0m nl_functions_string_edges.nano
2026-10-09T11:30:13.7902353Z 
2026-10-09T11:30:13.7903296Z [0;36mLanguage Tests: [0;32m19 passed[0m, [0;31m0 failed[0m
2026-10-09T11:30:13.7903608Z 
2026-10-09T11:30:13.7903738Z [1m========================================
2026-10-09T11:30:13.7903987Z TEST RESULTS SUMMARY
2026-10-09T11:30:13.7904225Z ========================================[0m
2026-10-09T11:30:13.7904389Z 
2026-10-09T11:30:13.7904588Z Core Language (nl_*):  [0;32m19 passed[0m, [0;31m0 failed[0m
2026-10-09T11:30:13.7905114Z 
2026-10-09T11:30:13.7907658Z TOTAL: [0;32m19 passed[0m, [0;31m0 failed[0m, [0;34m0 skipped[0m
2026-10-09T11:30:13.7907902Z 
2026-10-09T11:30:13.7908057Z [0;32m✅ All runnable tests passed![0m
2026-10-09T11:30:14.0208297Z .s.
2026-10-09T11:30:14.0208550Z ----------------------------------------------------------------------
2026-10-09T11:30:14.0208804Z Ran 3 tests in 0.134s
2026-10-09T11:30:14.0208894Z 
2026-10-09T11:30:14.0208946Z OK (skipped=1)
2026-10-09T11:30:14.1099028Z cc -Wall -Wextra -Werror -std=c99 -g -Isrc -D_GNU_SOURCE -fprofile-arcs -ftest-coverage  -MMD -MP -c src/nanovirt/main.c -o obj/nanovirt/main.o
2026-10-09T11:30:14.1715136Z cc -Wall -Wextra -Werror -std=c99 -g -Isrc -D_GNU_SOURCE -fprofile-arcs -ftest-coverage  -o bin/nano_virt obj/nanovirt/codegen.o obj/nanovirt/wrapper_gen.o obj/nanovirt/shadow_runner.o obj/nanovm/value.o obj/nanovm/heap.o obj/nanovm/heap_cycles.o obj/nanovm/vm.o obj/nanovm/vm_callback.o obj/nanovm/vm_ffi.o obj/nanovm/vm_builtins.o obj/nanovm/cop_protocol.o obj/nanovm/vm_ffi_arrays.o obj/runtime/callback_runtime.o obj/nanoisa/file_flow.o obj/nanoisa/service_file_nominal.o obj/nanoisa/service_file_nominal_plan.o obj/nanoisa/service_bindings.o obj/nanoisa/service_bindings_module.o obj/nanoisa/mixed_float_proof.o obj/nanoisa/managed_array_shapes.o obj/nanoisa/local_bindings.o obj/nanoisa/affine_bytecode.o obj/nanoisa/affine_state.o obj/nanoisa/ownership_contracts.o obj/nanoisa/retained_layouts.o obj/nanoisa/reference_places.o obj/nanoisa/passive.o obj/nanoisa/isa.o obj/nanoisa/verifier_types.o obj/nanoisa/nvm_format.o obj/nanoisa/nvm_format_v2.o obj/nanoisa/nvm_v2_cursor.o obj/nanoisa/nvm_v2_constants.o obj/nanoisa/nvm_v2_signatures.o obj/nanoisa/nvm_v2_layouts.o obj/nanoisa/nvm_v2_functions.o obj/nanoisa/nvm_v2_imports.o obj/nanoisa/nvm_v2_module.o obj/nanoisa/nvm_v2_convert.o obj/nanoisa/assembler.o obj/nanoisa/disassembler.o obj/nanoisa/verifier.o obj/nanoisa/nvm2c.o obj/nanoisa/nvm2c_shape.o obj/nanoisa/nvm2c_callables.o obj/nanoisa/frontend.o obj/nanoisa/nanoisa_facade.o obj/nanovm/vm_decode.o obj/nanovm/vm_dispatch.o obj/nsi_file_plan.o \
2026-10-09T11:30:14.1722117Z 	obj/lexer.o obj/parser.o obj/typechecker.o obj/transpiler.o obj/stdlib_runtime.o obj/env.o obj/builtins_registry.o obj/module.o obj/module_metadata.o obj/cJSON.o obj/toon_output.o obj/module_builder.o obj/resource_tracking.o obj/eval.o obj/eval/eval_hashmap.o obj/eval/eval_math.o obj/eval/eval_string.o obj/eval/eval_io.o obj/interpreter_ffi.o obj/json_diagnostics.o obj/reflection.o obj/nanocore_subset.o obj/nanocore_export.o obj/emit_typed_ast.o obj/type_infer.o obj/effects.o obj/fold_constants.o obj/dce_pass.o obj/par_let_pass.o obj/ptx_backend.o obj/opencl_backend.o obj/tco_pass.o obj/cps_pass.o obj/coroutine.o obj/pgo_pass.o obj/c_backend.o obj/bench.o obj/bench_native.o obj/riscv_backend.o obj/dwarf_info.o obj/docgen_md.o obj/docgen.o obj/fmt.o obj/channel.o obj/bcp47.o obj/locale.o obj/utf8.o obj/diag_id.o obj/catalog.o obj/resource_flow.o obj/nominal_types.o obj/runtime/list_int.o obj/runtime/list_bool.o obj/runtime/list_string.o obj/runtime/list_LexerToken.o obj/runtime/list_token.o obj/runtime/list_CompilerDiagnostic.o obj/runtime/list_CompilerSourceLocation.o obj/runtime/list_ASTNumber.o obj/runtime/list_ASTFloat.o obj/runtime/list_ASTString.o obj/runtime/list_ASTBool.o obj/runtime/list_ASTIdentifier.o obj/runtime/list_ASTBinaryOp.o obj/runtime/list_ASTCall.o obj/runtime/list_ASTModuleQualifiedCall.o obj/runtime/list_ASTArrayLiteral.o obj/runtime/list_ASTLet.o obj/runtime/list_ASTSet.o obj/runtime/list_ASTStmtRef.o obj/runtime/list_ASTIf.o obj/runtime/list_ASTWhile.o obj/runtime/list_ASTFor.o obj/runtime/list_ASTReturn.o obj/runtime/list_ASTBlock.o obj/runtime/list_ASTUnsafeBlock.o obj/runtime/list_ASTPrint.o obj/runtime/list_ASTAssert.o obj/runtime/list_ASTFunction.o obj/runtime/list_ASTShadow.o obj/runtime/list_ASTStruct.o obj/runtime/list_ASTStructLiteral.o obj/runtime/list_ASTFieldAccess.o obj/runtime/list_ASTEnum.o obj/runtime/list_ASTUnion.o obj/runtime/list_ASTUnionConstruct.o obj/runtime/list_ASTMatch.o obj/runtime/list_ASTImport.o obj/runtime/list_ASTOpaqueType.o obj/runtime/list_ASTServiceDecl.o obj/runtime/list_ASTTupleLiteral.o obj/runtime/list_ASTTupleIndex.o obj/runtime/token_helpers.o obj/runtime/gc.o obj/runtime/effect_runtime.o obj/runtime/dyn_array.o obj/runtime/gc_struct.o obj/runtime/nl_string.o obj/runtime/ffi_loader.o obj/runtime/module_build_dir.o obj/runtime/cli.o obj/runtime/regex.o obj/nanovirt/main.o -lm -lcrypto -fprofile-arcs -ftest-coverage -lcrypto -lffi  -rdynamic
2026-10-09T11:30:14.3093530Z cc -Wall -Wextra -Werror -std=c99 -g -Isrc -D_GNU_SOURCE -fprofile-arcs -ftest-coverage  -MMD -MP -c src/nanovm/vmd_protocol.c -o obj/nanovm/vmd_protocol.o
2026-10-09T11:30:14.3542843Z cc -Wall -Wextra -Werror -std=c99 -g -Isrc -D_GNU_SOURCE -fprofile-arcs -ftest-coverage  -MMD -MP -c src/nanovm/vmd_client.c -o obj/nanovm/vmd_client.o
2026-10-09T11:30:14.3948190Z cc -Wall -Wextra -Werror -std=c99 -g -Isrc -D_GNU_SOURCE -fprofile-arcs -ftest-coverage  -MMD -MP -c src/nanovm/main.c -o obj/nanovm/main.o
2026-10-09T11:30:14.4576953Z cc -Wall -Wextra -Werror -std=c99 -g -Isrc -D_GNU_SOURCE -fprofile-arcs -ftest-coverage  -MMD -MP -Isrc/nanoisa -c src/nanoisa/file_cli.c -o obj/nanoisa/file_cli.o
2026-10-09T11:30:14.4932183Z cc  -Wall -Wextra -Werror -std=c99 -g -Isrc -D_GNU_SOURCE -fprofile-arcs -ftest-coverage  -MMD -MP -Isrc/nanoisa -std=c11 -c src/nanoisa/file_host_grant.c -o obj/nanoisa/file_host_grant.o
2026-10-09T11:30:14.5197210Z cc  -Wall -Wextra -Werror -std=c99 -g -Isrc -D_GNU_SOURCE -fprofile-arcs -ftest-coverage  -MMD -MP -DNVM_FILE_PUBLIC_ENGINE -c src/nanoisa/file_runtime.c -o obj/nanoisa/file_runtime_public.o
2026-10-09T11:30:14.7034949Z cc -Wall -Wextra -Werror -std=c99 -g -Isrc -D_GNU_SOURCE -fprofile-arcs -ftest-coverage  -MMD -MP -Isrc/nanoisa -c src/nanoisa/file_public_native.c -o obj/nanoisa/file_public_native.o
2026-10-09T11:30:14.7964029Z cc -Wall -Wextra -Werror -std=c99 -g -Isrc -D_GNU_SOURCE -fprofile-arcs -ftest-coverage  -MMD -MP -c src/nanovm/file_public_vm.c -o obj/nanovm/file_public_vm.o
2026-10-09T11:30:14.8556849Z cc -Wall -Wextra -Werror -std=c99 -g -Isrc -D_GNU_SOURCE -fprofile-arcs -ftest-coverage  -MMD -MP -Isrc/nanoisa -c src/nanoisa/file_cyclic_public_native.c -o obj/nanoisa/file_cyclic_public_native.o
2026-10-09T11:30:14.9317610Z cc -Wall -Wextra -Werror -std=c99 -g -Isrc -D_GNU_SOURCE -fprofile-arcs -ftest-coverage  -MMD -MP -c src/nanovm/file_cyclic_public_vm.c -o obj/nanovm/file_cyclic_public_vm.o
2026-10-09T11:30:15.0027170Z cc -Wall -Wextra -Werror -std=c99 -g -Isrc -D_GNU_SOURCE -fprofile-arcs -ftest-coverage  -MMD -MP -Isrc/nanoisa -c src/nanoisa/file_cyclic_public_abi.c -o obj/nanoisa/file_cyclic_public_abi.o
2026-10-09T11:30:15.0286680Z cc -Wall -Wextra -Werror -std=c99 -g -Isrc -D_GNU_SOURCE -fprofile-arcs -ftest-coverage  -MMD -MP -c src/nsi_cap.c -o obj/nsi_cap.o
2026-10-09T11:30:15.0796874Z cc -Wall -Wextra -Werror -std=c99 -g -Isrc -D_GNU_SOURCE -fprofile-arcs -ftest-coverage  -MMD -MP -c src/nsi_file.c -o obj/nsi_file.o
2026-10-09T11:30:15.1220296Z cc -Wall -Wextra -Werror -std=c99 -g -Isrc -D_GNU_SOURCE -fprofile-arcs -ftest-coverage  -MMD -MP -c src/nsi_file_values.c -o obj/nsi_file_values.o
2026-10-09T11:30:15.2595690Z cc -Wall -Wextra -Werror -std=c99 -g -Isrc -D_GNU_SOURCE -fprofile-arcs -ftest-coverage  -o bin/nano_vm obj/nanovm/value.o obj/nanovm/heap.o obj/nanovm/heap_cycles.o obj/nanovm/vm.o obj/nanovm/vm_callback.o obj/nanovm/vm_ffi.o obj/nanovm/vm_builtins.o obj/nanovm/cop_protocol.o obj/nanovm/vm_ffi_arrays.o obj/runtime/callback_runtime.o obj/nanoisa/file_flow.o obj/nanoisa/service_file_nominal.o obj/nanoisa/service_file_nominal_plan.o obj/nanoisa/service_bindings.o obj/nanoisa/service_bindings_module.o obj/nanoisa/mixed_float_proof.o obj/nanoisa/managed_array_shapes.o obj/nanoisa/local_bindings.o obj/nanoisa/affine_bytecode.o obj/nanoisa/affine_state.o obj/nanoisa/ownership_contracts.o obj/nanoisa/retained_layouts.o obj/nanoisa/reference_places.o obj/nanoisa/passive.o obj/nanoisa/isa.o obj/nanoisa/verifier_types.o obj/nanoisa/nvm_format.o obj/nanoisa/nvm_format_v2.o obj/nanoisa/nvm_v2_cursor.o obj/nanoisa/nvm_v2_constants.o obj/nanoisa/nvm_v2_signatures.o obj/nanoisa/nvm_v2_layouts.o obj/nanoisa/nvm_v2_functions.o obj/nanoisa/nvm_v2_imports.o obj/nanoisa/nvm_v2_module.o obj/nanoisa/nvm_v2_convert.o obj/nanoisa/assembler.o obj/nanoisa/disassembler.o obj/nanoisa/verifier.o obj/nanoisa/nvm2c.o obj/nanoisa/nvm2c_shape.o obj/nanoisa/nvm2c_callables.o obj/nanoisa/frontend.o obj/nanoisa/nanoisa_facade.o obj/nanovm/vm_decode.o obj/nanovm/vm_dispatch.o obj/nsi_file_plan.o obj/lexer.o obj/parser.o obj/typechecker.o obj/transpiler.o obj/stdlib_runtime.o obj/env.o obj/builtins_registry.o obj/module.o obj/module_metadata.o obj/cJSON.o obj/toon_output.o obj/module_builder.o obj/resource_tracking.o obj/eval.o obj/eval/eval_hashmap.o obj/eval/eval_math.o obj/eval/eval_string.o obj/eval/eval_io.o obj/interpreter_ffi.o obj/json_diagnostics.o obj/reflection.o obj/nanocore_subset.o obj/nanocore_export.o obj/emit_typed_ast.o obj/type_infer.o obj/effects.o obj/fold_constants.o obj/dce_pass.o obj/par_let_pass.o obj/ptx_backend.o obj/opencl_backend.o obj/tco_pass.o obj/cps_pass.o obj/coroutine.o obj/pgo_pass.o obj/c_backend.o obj/bench.o obj/bench_native.o obj/riscv_backend.o obj/dwarf_info.o obj/docgen_md.o obj/docgen.o obj/fmt.o obj/channel.o obj/bcp47.o obj/locale.o obj/utf8.o obj/diag_id.o obj/catalog.o obj/resource_flow.o obj/nominal_types.o obj/runtime/list_int.o obj/runtime/list_bool.o obj/runtime/list_string.o obj/runtime/list_LexerToken.o obj/runtime/list_token.o obj/runtime/list_CompilerDiagnostic.o obj/runtime/list_CompilerSourceLocation.o obj/runtime/list_ASTNumber.o obj/runtime/list_ASTFloat.o obj/runtime/list_ASTString.o obj/runtime/list_ASTBool.o obj/runtime/list_ASTIdentifier.o obj/runtime/list_ASTBinaryOp.o obj/runtime/list_ASTCall.o obj/runtime/list_ASTModuleQualifiedCall.o obj/runtime/list_ASTArrayLiteral.o obj/runtime/list_ASTLet.o obj/runtime/list_ASTSet.o obj/runtime/list_ASTStmtRef.o obj/runtime/list_ASTIf.o obj/runtime/list_ASTWhile.o obj/runtime/list_ASTFor.o obj/runtime/list_ASTReturn.o obj/runtime/list_ASTBlock.o obj/runtime/list_ASTUnsafeBlock.o obj/runtime/list_ASTPrint.o obj/runtime/list_ASTAssert.o obj/runtime/list_ASTFunction.o obj/runtime/list_ASTShadow.o obj/runtime/list_ASTStruct.o obj/runtime/list_ASTStructLiteral.o obj/runtime/list_ASTFieldAccess.o obj/runtime/list_ASTEnum.o obj/runtime/list_ASTUnion.o obj/runtime/list_ASTUnionConstruct.o obj/runtime/list_ASTMatch.o obj/runtime/list_ASTImport.o obj/runtime/list_ASTOpaqueType.o obj/runtime/list_ASTServiceDecl.o obj/runtime/list_ASTTupleLiteral.o obj/runtime/list_ASTTupleIndex.o obj/runtime/token_helpers.o obj/runtime/gc.o obj/runtime/effect_runtime.o obj/runtime/dyn_array.o obj/runtime/gc_struct.o obj/runtime/nl_string.o obj/runtime/ffi_loader.o obj/runtime/module_build_dir.o obj/runtime/cli.o obj/runtime/regex.o \
2026-10-09T11:30:15.2602144Z 	obj/nanovm/vmd_protocol.o obj/nanovm/vmd_client.o \
2026-10-09T11:30:15.2602501Z 	obj/nanovm/main.o obj/nanoisa/file_cli.o lib/libnano_file_runtime.a -lm -lcrypto -fprofile-arcs -ftest-coverage -lcrypto -lffi  -rdynamic -rdynamic
2026-10-09T11:30:15.3928652Z python3 scripts/embed_binary64_parser.py --check
2026-10-09T11:30:15.4237517Z cc -Wall -Wextra -Werror -std=c99 -g -Isrc -D_GNU_SOURCE -fprofile-arcs -ftest-coverage  -MMD -MP -Isrc/nanoisa -Imodules/nanoisa -c src/nanoisa/nvm2c_main.c -o obj/nanoisa/nvm2c_main.o
2026-10-09T11:30:15.4592957Z cc -Wall -Wextra -Werror -std=c99 -g -Isrc -D_GNU_SOURCE -fprofile-arcs -ftest-coverage  -o bin/nvm2c obj/nanoisa/nvm2c_main.o obj/nanoisa/file_flow.o obj/nanoisa/service_file_nominal.o obj/nanoisa/service_file_nominal_plan.o obj/nanoisa/service_bindings.o obj/nanoisa/service_bindings_module.o obj/nanoisa/mixed_float_proof.o obj/nanoisa/managed_array_shapes.o obj/nanoisa/local_bindings.o obj/nanoisa/affine_bytecode.o obj/nanoisa/affine_state.o obj/nanoisa/ownership_contracts.o obj/nanoisa/retained_layouts.o obj/nanoisa/reference_places.o obj/nanoisa/passive.o obj/nanoisa/isa.o obj/nanoisa/verifier_types.o obj/nanoisa/nvm_format.o obj/nanoisa/nvm_format_v2.o obj/nanoisa/nvm_v2_cursor.o obj/nanoisa/nvm_v2_constants.o obj/nanoisa/nvm_v2_signatures.o obj/nanoisa/nvm_v2_layouts.o obj/nanoisa/nvm_v2_functions.o obj/nanoisa/nvm_v2_imports.o obj/nanoisa/nvm_v2_module.o obj/nanoisa/nvm_v2_convert.o obj/nanoisa/assembler.o obj/nanoisa/disassembler.o obj/nanoisa/verifier.o obj/nanoisa/nvm2c.o obj/nanoisa/nvm2c_shape.o obj/nanoisa/nvm2c_callables.o obj/nanoisa/frontend.o obj/nanoisa/nanoisa_facade.o obj/nanovm/vm_decode.o obj/nanovm/vm_dispatch.o obj/nsi_file_plan.o obj/utf8.o obj/nanoisa/file_cli.o lib/libnano_file_runtime.a -lm -lcrypto -fprofile-arcs -ftest-coverage -lcrypto -lffi  -rdynamic
2026-10-09T11:30:15.5071722Z cc -r -nostdlib -o bin/nano_aot_runtime.o obj/runtime/dyn_array.o obj/runtime/gc.o obj/runtime/gc_struct.o
2026-10-09T11:32:12.3868363Z .....
2026-10-09T11:32:12.3868695Z ----------------------------------------------------------------------
2026-10-09T11:32:12.3869041Z Ran 5 tests in 116.830s
2026-10-09T11:32:12.3869170Z 
2026-10-09T11:32:12.3869239Z OK
2026-10-09T11:32:16.1593115Z I run probe-native; I retain its log at /tmp/nano-bootstrap-boundary-dyusewvf/obj/bootstrap-nanoisa/run-8nrm2evm/00-probe-native.log.
2026-10-09T11:32:16.1943954Z I run probe-native; I retain its log at /tmp/nano-bootstrap-boundary-dyusewvf/obj/bootstrap-nanoisa/run-kthktt3s/00-probe-native.log.
2026-10-09T11:32:16.3634831Z .................
2026-10-09T11:32:16.3635102Z ----------------------------------------------------------------------
2026-10-09T11:32:16.3635308Z Ran 17 tests in 3.911s
2026-10-09T11:32:16.3635393Z 
2026-10-09T11:32:16.3635445Z OK
2026-10-09T11:32:16.4565092Z bin/nanoc_c tests/parser_parenthesized.nano -o bin/parser_parenthesized_test
2026-10-09T11:32:26.4607274Z bin/parser_parenthesized_test
2026-10-09T11:32:26.4669342Z I passed the compiled parenthesized-parser assertions.
2026-10-09T11:32:26.5446573Z python3 scripts/embed_binary64_parser.py --check
2026-10-09T11:32:26.5755215Z ✓ Bootstrap Stage 0: C reference compiler ready
2026-10-09T11:32:26.6328551Z cc -Wall -Wextra -Werror -std=c99 -g -Isrc -D_GNU_SOURCE -fprofile-arcs -ftest-coverage  -MMD -MP -Isrc/nanoisa -Imodules/nanoisa -c modules/nanoisa/dump_main.c -o obj/nanoisa/dump_main.o
2026-10-09T11:32:26.6636271Z cc -Wall -Wextra -Werror -std=c99 -g -Isrc -D_GNU_SOURCE -fprofile-arcs -ftest-coverage  -o bin/nanoisa obj/nanoisa/dump_main.o obj/nanoisa/file_flow.o obj/nanoisa/service_file_nominal.o obj/nanoisa/service_file_nominal_plan.o obj/nanoisa/service_bindings.o obj/nanoisa/service_bindings_module.o obj/nanoisa/mixed_float_proof.o obj/nanoisa/managed_array_shapes.o obj/nanoisa/local_bindings.o obj/nanoisa/affine_bytecode.o obj/nanoisa/affine_state.o obj/nanoisa/ownership_contracts.o obj/nanoisa/retained_layouts.o obj/nanoisa/reference_places.o obj/nanoisa/passive.o obj/nanoisa/isa.o obj/nanoisa/verifier_types.o obj/nanoisa/nvm_format.o obj/nanoisa/nvm_format_v2.o obj/nanoisa/nvm_v2_cursor.o obj/nanoisa/nvm_v2_constants.o obj/nanoisa/nvm_v2_signatures.o obj/nanoisa/nvm_v2_layouts.o obj/nanoisa/nvm_v2_functions.o obj/nanoisa/nvm_v2_imports.o obj/nanoisa/nvm_v2_module.o obj/nanoisa/nvm_v2_convert.o obj/nanoisa/assembler.o obj/nanoisa/disassembler.o obj/nanoisa/verifier.o obj/nanoisa/nvm2c.o obj/nanoisa/nvm2c_shape.o obj/nanoisa/nvm2c_callables.o obj/nanoisa/frontend.o obj/nanoisa/nanoisa_facade.o obj/nanovm/vm_decode.o obj/nanovm/vm_dispatch.o obj/nsi_file_plan.o obj/utf8.o -lm -lcrypto -fprofile-arcs -ftest-coverage -lcrypto -lffi  -rdynamic
2026-10-09T11:32:26.8393370Z I run seed; I retain its log at /home/runner/work/nanolang/nanolang/obj/bootstrap-nanoisa/run-0y0c5kpj/00-seed.log.
2026-10-09T11:32:46.7926285Z I run seed-verify; I retain its log at /home/runner/work/nanolang/nanolang/obj/bootstrap-nanoisa/run-0y0c5kpj/01-seed-verify.log.
2026-10-09T11:32:47.6224034Z I run stage1; I retain its log at /home/runner/work/nanolang/nanolang/obj/bootstrap-nanoisa/run-0y0c5kpj/02-stage1.log.
2026-10-09T11:41:24.3768266Z I run stage1-verify; I retain its log at /home/runner/work/nanolang/nanolang/obj/bootstrap-nanoisa/run-0y0c5kpj/03-stage1-verify.log.
2026-10-09T11:41:25.0754843Z I run stage1-translate; I retain its log at /home/runner/work/nanolang/nanolang/obj/bootstrap-nanoisa/run-0y0c5kpj/04-stage1-translate.log.
2026-10-09T11:41:34.2085480Z I run stage1-native; I retain its log at /home/runner/work/nanolang/nanolang/obj/bootstrap-nanoisa/run-0y0c5kpj/05-stage1-native.log.
2026-10-09T11:42:44.3349501Z I run stage1-hello-compile; I retain its log at /home/runner/work/nanolang/nanolang/obj/bootstrap-nanoisa/run-0y0c5kpj/06-stage1-hello-compile.log.
2026-10-09T11:42:44.4517416Z I failed stage1-hello-compile with status 1; see /home/runner/work/nanolang/nanolang/obj/bootstrap-nanoisa/run-0y0c5kpj/06-stage1-hello-compile.log.
2026-10-09T11:42:44.4572548Z make[1]: *** [Makefile.gnu:3793: .bootstrap1.built] Error 1
2026-10-09T11:42:44.4579440Z make: *** [Makefile.gnu:3150: test-quick] Error 2
2026-10-09T11:42:44.4597728Z ##[error]Process completed with exit code 2.
2026-10-09T11:42:44.4652843Z ##[group]Run actions/upload-artifact@v4
2026-10-09T11:42:44.4652995Z with:
2026-10-09T11:42:44.4653114Z   name: verifier-corpus-coverage
2026-10-09T11:42:44.4653383Z   path: .test_output/verifier-corpus/
obj/bootstrap-nanoisa/**/*.log
obj/bootstrap-nanoisa/**/manifest.json

2026-10-09T11:42:44.4653656Z   include-hidden-files: true
2026-10-09T11:42:44.4653790Z   if-no-files-found: ignore
2026-10-09T11:42:44.4653913Z   retention-days: 7
2026-10-09T11:42:44.4654025Z   compression-level: 6
2026-10-09T11:42:44.4654140Z   overwrite: false
2026-10-09T11:42:44.4654245Z env:
2026-10-09T11:42:44.4654381Z   NANO_VERIFY_CORPUS_LOG_ROOT: .test_output/verifier-corpus
2026-10-09T11:42:44.4654561Z   NANO_SHADOW_TIMEOUT_SECONDS: 60
2026-10-09T11:42:44.4654694Z ##[endgroup]
2026-10-09T11:42:44.5715519Z (node:46786) [DEP0040] DeprecationWarning: The `punycode` module is deprecated. Please use a userland alternative instead.
2026-10-09T11:42:44.5716146Z (Use `node --trace-deprecation ...` to show where the warning was created)
2026-10-09T11:42:44.5790886Z Multiple search paths detected. Calculating the least common ancestor of all paths
2026-10-09T11:42:44.5792319Z The least common ancestor is /home/runner/work/nanolang/nanolang. This will be the root directory of the artifact
2026-10-09T11:42:44.5792951Z With the provided path, there will be 9 files uploaded
2026-10-09T11:42:44.5795501Z Artifact name is valid!
2026-10-09T11:42:44.5796323Z Root directory input is valid!
2026-10-09T11:42:44.8827939Z Beginning upload of artifact content to blob storage
2026-10-09T11:42:44.9025767Z (node:46786) [DEP0169] DeprecationWarning: `url.parse()` behavior is not standardized and prone to errors that have security implications. Use the WHATWG URL API instead. CVEs are not issued for `url.parse()` vulnerabilities.
2026-10-09T11:42:45.0812401Z Uploaded bytes 46293
2026-10-09T11:42:45.1212887Z Finished uploading artifact content to blob storage!
2026-10-09T11:42:45.1213272Z SHA256 digest of uploaded artifact zip is 24161d941a295cafaaf29fc601b10009914704b1a90b5d607986320222a6fcbb
2026-10-09T11:42:45.1214611Z Finalizing artifact upload
2026-10-09T11:42:45.4172713Z Artifact verifier-corpus-coverage.zip successfully finalized. Artifact ID 11613269545
2026-10-09T11:42:45.4173389Z Artifact verifier-corpus-coverage has been successfully uploaded! Final size is 46293 bytes. Artifact ID is 11613269545
2026-10-09T11:42:45.4178628Z Artifact download URL: https://github.com/jordanhubbard/nanolang/actions/runs/37923762179/artifacts/11613269545
2026-10-09T11:42:45.4281365Z ##[group]Run echo "=== Showing first failed test logs ==="
2026-10-09T11:42:45.4281593Z [36;1mecho "=== Showing first failed test logs ==="[0m
2026-10-09T11:42:45.4281772Z [36;1mfor log in .test_output/*.compile.log; do[0m
2026-10-09T11:42:45.4281934Z [36;1m  if [ -f "$log" ]; then[0m
2026-10-09T11:42:45.4282073Z [36;1m    echo "=== $log ==="[0m
2026-10-09T11:42:45.4282203Z [36;1m    cat "$log"[0m
2026-10-09T11:42:45.4282454Z [36;1m    echo ""[0m
2026-10-09T11:42:45.4282563Z [36;1m  fi[0m
2026-10-09T11:42:45.4282671Z [36;1mdone | head -200[0m
2026-10-09T11:42:45.4332921Z shell: /usr/bin/bash --noprofile --norc -e -o pipefail {0}
2026-10-09T11:42:45.4333094Z env:
2026-10-09T11:42:45.4333236Z   NANO_VERIFY_CORPUS_LOG_ROOT: .test_output/verifier-corpus
2026-10-09T11:42:45.4333413Z   NANO_SHADOW_TIMEOUT_SECONDS: 60
2026-10-09T11:42:45.4333546Z ##[endgroup]
2026-10-09T11:42:45.4390725Z === Showing first failed test logs ===
2026-10-09T11:42:45.4503243Z Post job cleanup.
2026-10-09T11:42:45.5051788Z [command]/usr/bin/git version
2026-10-09T11:42:45.5083365Z git version 2.55.0
2026-10-09T11:42:45.5107384Z Temporarily overriding HOME='/home/runner/work/_temp/9bfa09e9-adff-4bec-89fb-818816959a58' before making global git config changes
2026-10-09T11:42:45.5108052Z Adding repository directory to the temporary git global config as a safe directory
2026-10-09T11:42:45.5109485Z [command]/usr/bin/git config --global --add safe.directory /home/runner/work/nanolang/nanolang
2026-10-09T11:42:45.5142832Z [command]/usr/bin/git config --local --name-only --get-regexp core\.sshCommand
2026-10-09T11:42:45.5174220Z [command]/usr/bin/git submodule foreach --recursive sh -c "git config --local --name-only --get-regexp 'core\.sshCommand' && git config --local --unset-all 'core.sshCommand' || :"
2026-10-09T11:42:45.5425781Z [command]/usr/bin/git config --local --name-only --get-regexp http\.https\:\/\/github\.com\/\.extraheader
2026-10-09T11:42:45.5451783Z http.https://github.com/.extraheader
2026-10-09T11:42:45.5461374Z [command]/usr/bin/git config --local --unset-all http.https://github.com/.extraheader
2026-10-09T11:42:45.5494945Z [command]/usr/bin/git submodule foreach --recursive sh -c "git config --local --name-only --get-regexp 'http\.https\:\/\/github\.com\/\.extraheader' && git config --local --unset-all 'http.https://github.com/.extraheader' || :"
2026-10-09T11:42:45.5726319Z [command]/usr/bin/git config --local --name-only --get-regexp ^includeIf\.gitdir:
2026-10-09T11:42:45.5760134Z [command]/usr/bin/git submodule foreach --recursive git config --local --show-origin --name-only --get-regexp remote.origin.url
2026-10-09T11:42:45.6091657Z Cleaning up orphan processes
2026-10-09T11:42:45.6287077Z ##[warning]Node.js 20 is deprecated. The following actions target Node.js 20 but are being forced to run on Node.js 24: actions/checkout@v4, actions/upload-artifact@v4. For more information see: https://github.blog/changelog/2025-09-19-deprecation-of-node-20-on-github-actions-runners/
