Compiling src_nano/nanoc_v06.nano...
✓ Lexing complete (17580 tokens)
✓ Parsing complete
✓ Loaded 29 module(s)
✓ Type checking complete
[Modules] Processing 29 module(s)...
[Modules] Compiling nanolang module '/home/jkh/nanolang-qualification/record-lists-66a-observer-source/src_nano/generated/compiler_schema.nano'
✓ Generated module C code: obj/nano_modules/.nano-module-fsVPdH/source.c
Compiling module: /bin/gcc -std=c99 -I'/home/jkh/nanolang-qualification/record-lists-66a-observer-source'/src -I'/home/jkh/nanolang-qualification/record-lists-66a-observer-source'/modules/std -I'/home/jkh/nanolang-qualification/record-lists-66a-observer-source'/modules/std/collections -I'/home/jkh/nanolang-qualification/record-lists-66a-observer-source'/modules/std/json -I'/home/jkh/nanolang-qualification/record-lists-66a-observer-source'/modules/std/io -I'/home/jkh/nanolang-qualification/record-lists-66a-observer-source'/modules/std/math -I'/home/jkh/nanolang-qualification/record-lists-66a-observer-source'/modules/std/peg -I'/home/jkh/nanolang-qualification/record-lists-66a-observer-source'/modules/std/string -I'/home/jkh/nanolang-qualification/record-lists-66a-observer-source'/modules/sdl_helpers '-I/home/jkh/nanolang-qualification/record-lists-66a-observer-source/src_nano/generated' -I/usr/include/SDL2 -D_REENTRANT  -c -o 'obj/nano_modules/.nano-module-fsVPdH/object.o' 'obj/nano_modules/.nano-module-fsVPdH/source.c'
✓ Compiled module to object file: obj/nano_modules/compiler_schema.o
  C source kept at: obj/nano_modules/.nano-module-fsVPdH/source.c
[Modules] Compiling nanolang module '/home/jkh/nanolang-qualification/record-lists-66a-observer-source/src_nano/generated/compiler_contracts.nano'
✓ Generated module C code: obj/nano_modules/.nano-module-Nt1jWd/source.c
[Modules] Generating List<CompilerDiagnostic> runtime...
[Modules] Generating List<CompilerDiagnostic_new> runtime...
[Modules] Generating List<CompilerDiagnostic_push> runtime...
[Modules] Generating List<CompilerDiagnostic_get> runtime...
[Modules] Generating List<CompilerDiagnostic_length> runtime...
Compiling module: /bin/gcc -std=c99 -I'/home/jkh/nanolang-qualification/record-lists-66a-observer-source'/src -I'/home/jkh/nanolang-qualification/record-lists-66a-observer-source'/modules/std -I'/home/jkh/nanolang-qualification/record-lists-66a-observer-source'/modules/std/collections -I'/home/jkh/nanolang-qualification/record-lists-66a-observer-source'/modules/std/json -I'/home/jkh/nanolang-qualification/record-lists-66a-observer-source'/modules/std/io -I'/home/jkh/nanolang-qualification/record-lists-66a-observer-source'/modules/std/math -I'/home/jkh/nanolang-qualification/record-lists-66a-observer-source'/modules/std/peg -I'/home/jkh/nanolang-qualification/record-lists-66a-observer-source'/modules/std/string -I'/home/jkh/nanolang-qualification/record-lists-66a-observer-source'/modules/sdl_helpers '-I/home/jkh/nanolang-qualification/record-lists-66a-observer-source/src_nano/generated' -I/usr/include/SDL2 -D_REENTRANT  -c -o 'obj/nano_modules/.nano-module-Nt1jWd/object.o' 'obj/nano_modules/.nano-module-Nt1jWd/source.c'
✓ Compiled module to object file: obj/nano_modules/compiler_contracts.o
  C source kept at: obj/nano_modules/.nano-module-Nt1jWd/source.c
[Modules] Compiling nanolang module '/home/jkh/nanolang-qualification/record-lists-66a-observer-source/src_nano/generated/compiler_ast.nano'
✓ Generated module C code: obj/nano_modules/.nano-module-oftsdD/source.c
[Modules] Generating List<CompilerDiagnostic> runtime...
[Modules] Generating List<LexerToken> runtime...
[Modules] Generating List<ASTStmtRef> runtime...
[Modules] Generating List<ASTNumber> runtime...
[Modules] Generating List<ASTFloat> runtime...
[Modules] Generating List<ASTString> runtime...
[Modules] Generating List<ASTBool> runtime...
[Modules] Generating List<ASTIdentifier> runtime...
[Modules] Generating List<ASTBinaryOp> runtime...
[Modules] Generating List<ASTCall> runtime...
[Modules] Generating List<ASTModuleQualifiedCall> runtime...
[Modules] Generating List<ASTArrayLiteral> runtime...
[Modules] Generating List<ASTLet> runtime...
[Modules] Generating List<ASTSet> runtime...
[Modules] Generating List<ASTIf> runtime...
[Modules] Generating List<ASTWhile> runtime...
[Modules] Generating List<ASTFor> runtime...
[Modules] Generating List<ASTReturn> runtime...
[Modules] Generating List<ASTBlock> runtime...
[Modules] Generating List<ASTUnsafeBlock> runtime...
[Modules] Generating List<ASTPrint> runtime...
[Modules] Generating List<ASTAssert> runtime...
[Modules] Generating List<ASTFunction> runtime...
[Modules] Generating List<ASTShadow> runtime...
[Modules] Generating List<ASTStruct> runtime...
[Modules] Generating List<ASTStructLiteral> runtime...
[Modules] Generating List<ASTFieldAccess> runtime...
[Modules] Generating List<ASTEnum> runtime...
[Modules] Generating List<ASTUnion> runtime...
[Modules] Generating List<ASTUnionConstruct> runtime...
[Modules] Generating List<ASTMatch> runtime...
[Modules] Generating List<ASTImport> runtime...
[Modules] Generating List<ASTOpaqueType> runtime...
[Modules] Generating List<ASTTupleLiteral> runtime...
[Modules] Generating List<ASTTupleIndex> runtime...
[Modules] Generating List<CompilerDiagnostic_new> runtime...
[Modules] Generating List<CompilerDiagnostic_push> runtime...
[Modules] Generating List<CompilerDiagnostic_get> runtime...
[Modules] Generating List<CompilerDiagnostic_length> runtime...
[Modules] Generating List<LexerToken_new> runtime...
[Modules] Generating List<LexerToken_push> runtime...
[Modules] Generating List<LexerToken_get> runtime...
[Modules] Generating List<LexerToken_length> runtime...
[Modules] Generating List<ASTStmtRef_new> runtime...
[Modules] Generating List<ASTStmtRef_push> runtime...
[Modules] Generating List<ASTStmtRef_get> runtime...
[Modules] Generating List<ASTStmtRef_length> runtime...
[Modules] Generating List<ASTNumber_new> runtime...
[Modules] Generating List<ASTNumber_push> runtime...
[Modules] Generating List<ASTNumber_get> runtime...
[Modules] Generating List<ASTNumber_length> runtime...
[Modules] Generating List<ASTFloat_new> runtime...
[Modules] Generating List<ASTFloat_push> runtime...
[Modules] Generating List<ASTFloat_get> runtime...
[Modules] Generating List<ASTFloat_length> runtime...
[Modules] Generating List<ASTString_new> runtime...
[Modules] Generating List<ASTString_push> runtime...
[Modules] Generating List<ASTString_get> runtime...
[Modules] Generating List<ASTString_length> runtime...
[Modules] Generating List<ASTBool_new> runtime...
[Modules] Generating List<ASTBool_push> runtime...
[Modules] Generating List<ASTBool_get> runtime...
[Modules] Generating List<ASTBool_length> runtime...
[Modules] Generating List<ASTIdentifier_new> runtime...
Compiling module: /bin/gcc -std=c99 -I'/home/jkh/nanolang-qualification/record-lists-66a-observer-source'/src -I'/home/jkh/nanolang-qualification/record-lists-66a-observer-source'/modules/std -I'/home/jkh/nanolang-qualification/record-lists-66a-observer-source'/modules/std/collections -I'/home/jkh/nanolang-qualification/record-lists-66a-observer-source'/modules/std/json -I'/home/jkh/nanolang-qualification/record-lists-66a-observer-source'/modules/std/io -I'/home/jkh/nanolang-qualification/record-lists-66a-observer-source'/modules/std/math -I'/home/jkh/nanolang-qualification/record-lists-66a-observer-source'/modules/std/peg -I'/home/jkh/nanolang-qualification/record-lists-66a-observer-source'/modules/std/string -I'/home/jkh/nanolang-qualification/record-lists-66a-observer-source'/modules/sdl_helpers '-I/home/jkh/nanolang-qualification/record-lists-66a-observer-source/src_nano/generated' -I/usr/include/SDL2 -D_REENTRANT  -c -o 'obj/nano_modules/.nano-module-oftsdD/object.o' 'obj/nano_modules/.nano-module-oftsdD/source.c'
✓ Compiled module to object file: obj/nano_modules/compiler_ast.o
  C source kept at: obj/nano_modules/.nano-module-oftsdD/source.c
[Modules] Compiling nanolang module '/home/jkh/nanolang-qualification/record-lists-66a-observer-source/src_nano/ast_shared.nano'
✓ Generated module C code: obj/nano_modules/.nano-module-HxcGox/source.c
[Modules] Generating List<CompilerDiagnostic> runtime...
[Modules] Generating List<LexerToken> runtime...
[Modules] Generating List<ASTStmtRef> runtime...
[Modules] Generating List<ASTNumber> runtime...
[Modules] Generating List<ASTFloat> runtime...
[Modules] Generating List<ASTString> runtime...
[Modules] Generating List<ASTBool> runtime...
[Modules] Generating List<ASTIdentifier> runtime...
[Modules] Generating List<ASTBinaryOp> runtime...
[Modules] Generating List<ASTCall> runtime...
[Modules] Generating List<ASTModuleQualifiedCall> runtime...
[Modules] Generating List<ASTArrayLiteral> runtime...
[Modules] Generating List<ASTLet> runtime...
[Modules] Generating List<ASTSet> runtime...
[Modules] Generating List<ASTIf> runtime...
[Modules] Generating List<ASTWhile> runtime...
[Modules] Generating List<ASTFor> runtime...
[Modules] Generating List<ASTReturn> runtime...
[Modules] Generating List<ASTBlock> runtime...
[Modules] Generating List<ASTUnsafeBlock> runtime...
[Modules] Generating List<ASTPrint> runtime...
[Modules] Generating List<ASTAssert> runtime...
[Modules] Generating List<ASTFunction> runtime...
[Modules] Generating List<ASTShadow> runtime...
[Modules] Generating List<ASTStruct> runtime...
[Modules] Generating List<ASTStructLiteral> runtime...
[Modules] Generating List<ASTFieldAccess> runtime...
[Modules] Generating List<ASTEnum> runtime...
[Modules] Generating List<ASTUnion> runtime...
[Modules] Generating List<ASTUnionConstruct> runtime...
[Modules] Generating List<ASTMatch> runtime...
[Modules] Generating List<ASTImport> runtime...
[Modules] Generating List<ASTOpaqueType> runtime...
[Modules] Generating List<ASTTupleLiteral> runtime...
[Modules] Generating List<ASTTupleIndex> runtime...
[Modules] Generating List<CompilerDiagnostic_new> runtime...
[Modules] Generating List<CompilerDiagnostic_push> runtime...
[Modules] Generating List<CompilerDiagnostic_get> runtime...
[Modules] Generating List<CompilerDiagnostic_length> runtime...
[Modules] Generating List<LexerToken_new> runtime...
[Modules] Generating List<LexerToken_push> runtime...
[Modules] Generating List<LexerToken_get> runtime...
[Modules] Generating List<LexerToken_length> runtime...
[Modules] Generating List<ASTStmtRef_new> runtime...
[Modules] Generating List<ASTStmtRef_push> runtime...
[Modules] Generating List<ASTStmtRef_get> runtime...
[Modules] Generating List<ASTStmtRef_length> runtime...
[Modules] Generating List<ASTNumber_new> runtime...
[Modules] Generating List<ASTNumber_push> runtime...
[Modules] Generating List<ASTNumber_get> runtime...
[Modules] Generating List<ASTNumber_length> runtime...
[Modules] Generating List<ASTFloat_new> runtime...
[Modules] Generating List<ASTFloat_push> runtime...
[Modules] Generating List<ASTFloat_get> runtime...
[Modules] Generating List<ASTFloat_length> runtime...
[Modules] Generating List<ASTString_new> runtime...
[Modules] Generating List<ASTString_push> runtime...
[Modules] Generating List<ASTString_get> runtime...
[Modules] Generating List<ASTString_length> runtime...
[Modules] Generating List<ASTBool_new> runtime...
[Modules] Generating List<ASTBool_push> runtime...
[Modules] Generating List<ASTBool_get> runtime...
[Modules] Generating List<ASTBool_length> runtime...
[Modules] Generating List<ASTIdentifier_new> runtime...
Compiling module: /bin/gcc -std=c99 -I'/home/jkh/nanolang-qualification/record-lists-66a-observer-source'/src -I'/home/jkh/nanolang-qualification/record-lists-66a-observer-source'/modules/std -I'/home/jkh/nanolang-qualification/record-lists-66a-observer-source'/modules/std/collections -I'/home/jkh/nanolang-qualification/record-lists-66a-observer-source'/modules/std/json -I'/home/jkh/nanolang-qualification/record-lists-66a-observer-source'/modules/std/io -I'/home/jkh/nanolang-qualification/record-lists-66a-observer-source'/modules/std/math -I'/home/jkh/nanolang-qualification/record-lists-66a-observer-source'/modules/std/peg -I'/home/jkh/nanolang-qualification/record-lists-66a-observer-source'/modules/std/string -I'/home/jkh/nanolang-qualification/record-lists-66a-observer-source'/modules/sdl_helpers '-I/home/jkh/nanolang-qualification/record-lists-66a-observer-source/src_nano' -I/usr/include/SDL2 -D_REENTRANT  -c -o 'obj/nano_modules/.nano-module-HxcGox/object.o' 'obj/nano_modules/.nano-module-HxcGox/source.c'
✓ Compiled module to object file: obj/nano_modules/ast_shared.o
  C source kept at: obj/nano_modules/.nano-module-HxcGox/source.c
[Modules] Compiling nanolang module '/home/jkh/nanolang-qualification/record-lists-66a-observer-source/src_nano/compiler/ir.nano'
✓ Generated module C code: obj/nano_modules/.nano-module-alc5BW/source.c
[Modules] Generating List<CompilerDiagnostic> runtime...
[Modules] Generating List<LexerToken> runtime...
[Modules] Generating List<ASTStmtRef> runtime...
[Modules] Generating List<ASTNumber> runtime...
[Modules] Generating List<ASTFloat> runtime...
[Modules] Generating List<ASTString> runtime...
[Modules] Generating List<ASTBool> runtime...
[Modules] Generating List<ASTIdentifier> runtime...
[Modules] Generating List<ASTBinaryOp> runtime...
[Modules] Generating List<ASTCall> runtime...
[Modules] Generating List<ASTModuleQualifiedCall> runtime...
[Modules] Generating List<ASTArrayLiteral> runtime...
[Modules] Generating List<ASTLet> runtime...
[Modules] Generating List<ASTSet> runtime...
[Modules] Generating List<ASTIf> runtime...
[Modules] Generating List<ASTWhile> runtime...
[Modules] Generating List<ASTFor> runtime...
[Modules] Generating List<ASTReturn> runtime...
[Modules] Generating List<ASTBlock> runtime...
[Modules] Generating List<ASTUnsafeBlock> runtime...
[Modules] Generating List<ASTPrint> runtime...
[Modules] Generating List<ASTAssert> runtime...
[Modules] Generating List<ASTFunction> runtime...
[Modules] Generating List<ASTShadow> runtime...
[Modules] Generating List<ASTStruct> runtime...
[Modules] Generating List<ASTStructLiteral> runtime...
[Modules] Generating List<ASTFieldAccess> runtime...
[Modules] Generating List<ASTEnum> runtime...
[Modules] Generating List<ASTUnion> runtime...
[Modules] Generating List<ASTUnionConstruct> runtime...
[Modules] Generating List<ASTMatch> runtime...
[Modules] Generating List<ASTImport> runtime...
[Modules] Generating List<ASTOpaqueType> runtime...
[Modules] Generating List<ASTTupleLiteral> runtime...
[Modules] Generating List<ASTTupleIndex> runtime...
[Modules] Generating List<CompilerDiagnostic_new> runtime...
[Modules] Generating List<CompilerDiagnostic_push> runtime...
[Modules] Generating List<CompilerDiagnostic_get> runtime...
[Modules] Generating List<CompilerDiagnostic_length> runtime...
[Modules] Generating List<LexerToken_new> runtime...
[Modules] Generating List<LexerToken_push> runtime...
[Modules] Generating List<LexerToken_get> runtime...
[Modules] Generating List<LexerToken_length> runtime...
[Modules] Generating List<ASTStmtRef_new> runtime...
[Modules] Generating List<ASTStmtRef_push> runtime...
[Modules] Generating List<ASTStmtRef_get> runtime...
[Modules] Generating List<ASTStmtRef_length> runtime...
[Modules] Generating List<ASTNumber_new> runtime...
[Modules] Generating List<ASTNumber_push> runtime...
[Modules] Generating List<ASTNumber_get> runtime...
[Modules] Generating List<ASTNumber_length> runtime...
[Modules] Generating List<ASTFloat_new> runtime...
[Modules] Generating List<ASTFloat_push> runtime...
[Modules] Generating List<ASTFloat_get> runtime...
[Modules] Generating List<ASTFloat_length> runtime...
[Modules] Generating List<ASTString_new> runtime...
[Modules] Generating List<ASTString_push> runtime...
[Modules] Generating List<ASTString_get> runtime...
[Modules] Generating List<ASTString_length> runtime...
[Modules] Generating List<ASTBool_new> runtime...
[Modules] Generating List<ASTBool_push> runtime...
[Modules] Generating List<ASTBool_get> runtime...
[Modules] Generating List<ASTBool_length> runtime...
[Modules] Generating List<ASTIdentifier_new> runtime...
Compiling module: /bin/gcc -std=c99 -I'/home/jkh/nanolang-qualification/record-lists-66a-observer-source'/src -I'/home/jkh/nanolang-qualification/record-lists-66a-observer-source'/modules/std -I'/home/jkh/nanolang-qualification/record-lists-66a-observer-source'/modules/std/collections -I'/home/jkh/nanolang-qualification/record-lists-66a-observer-source'/modules/std/json -I'/home/jkh/nanolang-qualification/record-lists-66a-observer-source'/modules/std/io -I'/home/jkh/nanolang-qualification/record-lists-66a-observer-source'/modules/std/math -I'/home/jkh/nanolang-qualification/record-lists-66a-observer-source'/modules/std/peg -I'/home/jkh/nanolang-qualification/record-lists-66a-observer-source'/modules/std/string -I'/home/jkh/nanolang-qualification/record-lists-66a-observer-source'/modules/sdl_helpers '-I/home/jkh/nanolang-qualification/record-lists-66a-observer-source/src_nano/compiler' -I/usr/include/SDL2 -D_REENTRANT  -c -o 'obj/nano_modules/.nano-module-alc5BW/object.o' 'obj/nano_modules/.nano-module-alc5BW/source.c'
✓ Compiled module to object file: obj/nano_modules/ir.o
  C source kept at: obj/nano_modules/.nano-module-alc5BW/source.c
[Modules] Compiling nanolang module '/home/jkh/nanolang-qualification/record-lists-66a-observer-source/src_nano/compiler/token_value_bytes.nano'
✓ Generated module C code: obj/nano_modules/.nano-module-itaUO5/source.c
Compiling module: /bin/gcc -std=c99 -I'/home/jkh/nanolang-qualification/record-lists-66a-observer-source'/src -I'/home/jkh/nanolang-qualification/record-lists-66a-observer-source'/modules/std -I'/home/jkh/nanolang-qualification/record-lists-66a-observer-source'/modules/std/collections -I'/home/jkh/nanolang-qualification/record-lists-66a-observer-source'/modules/std/json -I'/home/jkh/nanolang-qualification/record-lists-66a-observer-source'/modules/std/io -I'/home/jkh/nanolang-qualification/record-lists-66a-observer-source'/modules/std/math -I'/home/jkh/nanolang-qualification/record-lists-66a-observer-source'/modules/std/peg -I'/home/jkh/nanolang-qualification/record-lists-66a-observer-source'/modules/std/string -I'/home/jkh/nanolang-qualification/record-lists-66a-observer-source'/modules/sdl_helpers '-I/home/jkh/nanolang-qualification/record-lists-66a-observer-source/src_nano/compiler' -I/usr/include/SDL2 -D_REENTRANT  -c -o 'obj/nano_modules/.nano-module-itaUO5/object.o' 'obj/nano_modules/.nano-module-itaUO5/source.c'
✓ Compiled module to object file: obj/nano_modules/token_value_bytes.o
  C source kept at: obj/nano_modules/.nano-module-itaUO5/source.c
[Modules] Compiling nanolang module '/home/jkh/nanolang-qualification/record-lists-66a-observer-source/src_nano/compiler/diagnostics.nano'
✓ Generated module C code: obj/nano_modules/.nano-module-hxOYUk/source.c
[Modules] Generating List<CompilerDiagnostic> runtime...
[Modules] Generating List<LexerToken> runtime...
[Modules] Generating List<ASTStmtRef> runtime...
[Modules] Generating List<ASTNumber> runtime...
[Modules] Generating List<ASTFloat> runtime...
[Modules] Generating List<ASTString> runtime...
[Modules] Generating List<ASTBool> runtime...
[Modules] Generating List<ASTIdentifier> runtime...
[Modules] Generating List<ASTBinaryOp> runtime...
[Modules] Generating List<ASTCall> runtime...
[Modules] Generating List<ASTModuleQualifiedCall> runtime...
[Modules] Generating List<ASTArrayLiteral> runtime...
[Modules] Generating List<ASTLet> runtime...
[Modules] Generating List<ASTSet> runtime...
[Modules] Generating List<ASTIf> runtime...
[Modules] Generating List<ASTWhile> runtime...
[Modules] Generating List<ASTFor> runtime...
[Modules] Generating List<ASTReturn> runtime...
[Modules] Generating List<ASTBlock> runtime...
[Modules] Generating List<ASTUnsafeBlock> runtime...
[Modules] Generating List<ASTPrint> runtime...
[Modules] Generating List<ASTAssert> runtime...
[Modules] Generating List<ASTFunction> runtime...
[Modules] Generating List<ASTShadow> runtime...
[Modules] Generating List<ASTStruct> runtime...
[Modules] Generating List<ASTStructLiteral> runtime...
[Modules] Generating List<ASTFieldAccess> runtime...
[Modules] Generating List<ASTEnum> runtime...
[Modules] Generating List<ASTUnion> runtime...
[Modules] Generating List<ASTUnionConstruct> runtime...
[Modules] Generating List<ASTMatch> runtime...
[Modules] Generating List<ASTImport> runtime...
[Modules] Generating List<ASTOpaqueType> runtime...
[Modules] Generating List<ASTTupleLiteral> runtime...
[Modules] Generating List<ASTTupleIndex> runtime...
[Modules] Generating List<CompilerDiagnostic_new> runtime...
[Modules] Generating List<CompilerDiagnostic_push> runtime...
[Modules] Generating List<CompilerDiagnostic_get> runtime...
[Modules] Generating List<CompilerDiagnostic_length> runtime...
[Modules] Generating List<LexerToken_new> runtime...
[Modules] Generating List<LexerToken_push> runtime...
[Modules] Generating List<LexerToken_get> runtime...
[Modules] Generating List<LexerToken_length> runtime...
[Modules] Generating List<ASTStmtRef_new> runtime...
[Modules] Generating List<ASTStmtRef_push> runtime...
[Modules] Generating List<ASTStmtRef_get> runtime...
[Modules] Generating List<ASTStmtRef_length> runtime...
[Modules] Generating List<ASTNumber_new> runtime...
[Modules] Generating List<ASTNumber_push> runtime...
[Modules] Generating List<ASTNumber_get> runtime...
[Modules] Generating List<ASTNumber_length> runtime...
[Modules] Generating List<ASTFloat_new> runtime...
[Modules] Generating List<ASTFloat_push> runtime...
[Modules] Generating List<ASTFloat_get> runtime...
[Modules] Generating List<ASTFloat_length> runtime...
[Modules] Generating List<ASTString_new> runtime...
[Modules] Generating List<ASTString_push> runtime...
[Modules] Generating List<ASTString_get> runtime...
[Modules] Generating List<ASTString_length> runtime...
[Modules] Generating List<ASTBool_new> runtime...
[Modules] Generating List<ASTBool_push> runtime...
[Modules] Generating List<ASTBool_get> runtime...
[Modules] Generating List<ASTBool_length> runtime...
[Modules] Generating List<ASTIdentifier_new> runtime...
Compiling module: /bin/gcc -std=c99 -I'/home/jkh/nanolang-qualification/record-lists-66a-observer-source'/src -I'/home/jkh/nanolang-qualification/record-lists-66a-observer-source'/modules/std -I'/home/jkh/nanolang-qualification/record-lists-66a-observer-source'/modules/std/collections -I'/home/jkh/nanolang-qualification/record-lists-66a-observer-source'/modules/std/json -I'/home/jkh/nanolang-qualification/record-lists-66a-observer-source'/modules/std/io -I'/home/jkh/nanolang-qualification/record-lists-66a-observer-source'/modules/std/math -I'/home/jkh/nanolang-qualification/record-lists-66a-observer-source'/modules/std/peg -I'/home/jkh/nanolang-qualification/record-lists-66a-observer-source'/modules/std/string -I'/home/jkh/nanolang-qualification/record-lists-66a-observer-source'/modules/sdl_helpers '-I/home/jkh/nanolang-qualification/record-lists-66a-observer-source/src_nano/compiler' -I/usr/include/SDL2 -D_REENTRANT  -c -o 'obj/nano_modules/.nano-module-hxOYUk/object.o' 'obj/nano_modules/.nano-module-hxOYUk/source.c'
✓ Compiled module to object file: obj/nano_modules/diagnostics.o
  C source kept at: obj/nano_modules/.nano-module-hxOYUk/source.c
[Modules] Building C module 'std' (/home/jkh/nanolang-qualification/record-lists-66a-observer-source/modules/std)
[Modules] Also compiling nanolang parts of C module 'std'
✓ Generated module C code: obj/nano_modules/.nano-module-gG0WIN/source.c
Compiling module: /bin/gcc -std=c99 -I'/home/jkh/nanolang-qualification/record-lists-66a-observer-source'/src -I'/home/jkh/nanolang-qualification/record-lists-66a-observer-source'/modules/std -I'/home/jkh/nanolang-qualification/record-lists-66a-observer-source'/modules/std/collections -I'/home/jkh/nanolang-qualification/record-lists-66a-observer-source'/modules/std/json -I'/home/jkh/nanolang-qualification/record-lists-66a-observer-source'/modules/std/io -I'/home/jkh/nanolang-qualification/record-lists-66a-observer-source'/modules/std/math -I'/home/jkh/nanolang-qualification/record-lists-66a-observer-source'/modules/std/peg -I'/home/jkh/nanolang-qualification/record-lists-66a-observer-source'/modules/std/string -I'/home/jkh/nanolang-qualification/record-lists-66a-observer-source'/modules/sdl_helpers '-I/home/jkh/nanolang-qualification/record-lists-66a-observer-source/modules/std' -I/usr/include/SDL2 -D_REENTRANT  -c -o 'obj/nano_modules/.nano-module-gG0WIN/object.o' 'obj/nano_modules/.nano-module-gG0WIN/source.c'
✓ Compiled module to object file: obj/nano_modules/std_nano_fs.o
  C source kept at: obj/nano_modules/.nano-module-gG0WIN/source.c
[Modules] Compiling nanolang module '/home/jkh/nanolang-qualification/record-lists-66a-observer-source/src_nano/compiler/lexer.nano'
✓ Generated module C code: obj/nano_modules/.nano-module-eugLRs/source.c
[Modules] Generating List<CompilerDiagnostic> runtime...
[Modules] Generating List<LexerToken> runtime...
[Modules] Generating List<ASTStmtRef> runtime...
[Modules] Generating List<ASTNumber> runtime...
[Modules] Generating List<ASTFloat> runtime...
[Modules] Generating List<ASTString> runtime...
[Modules] Generating List<ASTBool> runtime...
[Modules] Generating List<ASTIdentifier> runtime...
[Modules] Generating List<ASTBinaryOp> runtime...
[Modules] Generating List<ASTCall> runtime...
[Modules] Generating List<ASTModuleQualifiedCall> runtime...
[Modules] Generating List<ASTArrayLiteral> runtime...
[Modules] Generating List<ASTLet> runtime...
[Modules] Generating List<ASTSet> runtime...
[Modules] Generating List<ASTIf> runtime...
[Modules] Generating List<ASTWhile> runtime...
[Modules] Generating List<ASTFor> runtime...
[Modules] Generating List<ASTReturn> runtime...
[Modules] Generating List<ASTBlock> runtime...
[Modules] Generating List<ASTUnsafeBlock> runtime...
[Modules] Generating List<ASTPrint> runtime...
[Modules] Generating List<ASTAssert> runtime...
[Modules] Generating List<ASTFunction> runtime...
[Modules] Generating List<ASTShadow> runtime...
[Modules] Generating List<ASTStruct> runtime...
[Modules] Generating List<ASTStructLiteral> runtime...
[Modules] Generating List<ASTFieldAccess> runtime...
[Modules] Generating List<ASTEnum> runtime...
[Modules] Generating List<ASTUnion> runtime...
[Modules] Generating List<ASTUnionConstruct> runtime...
[Modules] Generating List<ASTMatch> runtime...
[Modules] Generating List<ASTImport> runtime...
[Modules] Generating List<ASTOpaqueType> runtime...
[Modules] Generating List<ASTTupleLiteral> runtime...
[Modules] Generating List<ASTTupleIndex> runtime...
[Modules] Generating List<CompilerDiagnostic_new> runtime...
[Modules] Generating List<CompilerDiagnostic_push> runtime...
[Modules] Generating List<CompilerDiagnostic_get> runtime...
[Modules] Generating List<CompilerDiagnostic_length> runtime...
[Modules] Generating List<LexerToken_new> runtime...
[Modules] Generating List<LexerToken_push> runtime...
[Modules] Generating List<LexerToken_get> runtime...
[Modules] Generating List<LexerToken_length> runtime...
[Modules] Generating List<ASTStmtRef_new> runtime...
[Modules] Generating List<ASTStmtRef_push> runtime...
[Modules] Generating List<ASTStmtRef_get> runtime...
[Modules] Generating List<ASTStmtRef_length> runtime...
[Modules] Generating List<ASTNumber_new> runtime...
[Modules] Generating List<ASTNumber_push> runtime...
[Modules] Generating List<ASTNumber_get> runtime...
[Modules] Generating List<ASTNumber_length> runtime...
[Modules] Generating List<ASTFloat_new> runtime...
[Modules] Generating List<ASTFloat_push> runtime...
[Modules] Generating List<ASTFloat_get> runtime...
[Modules] Generating List<ASTFloat_length> runtime...
[Modules] Generating List<ASTString_new> runtime...
[Modules] Generating List<ASTString_push> runtime...
[Modules] Generating List<ASTString_get> runtime...
[Modules] Generating List<ASTString_length> runtime...
[Modules] Generating List<ASTBool_new> runtime...
[Modules] Generating List<ASTBool_push> runtime...
[Modules] Generating List<ASTBool_get> runtime...
[Modules] Generating List<ASTBool_length> runtime...
[Modules] Generating List<ASTIdentifier_new> runtime...
Compiling module: /bin/gcc -std=c99 -I'/home/jkh/nanolang-qualification/record-lists-66a-observer-source'/src -I'/home/jkh/nanolang-qualification/record-lists-66a-observer-source'/modules/std -I'/home/jkh/nanolang-qualification/record-lists-66a-observer-source'/modules/std/collections -I'/home/jkh/nanolang-qualification/record-lists-66a-observer-source'/modules/std/json -I'/home/jkh/nanolang-qualification/record-lists-66a-observer-source'/modules/std/io -I'/home/jkh/nanolang-qualification/record-lists-66a-observer-source'/modules/std/math -I'/home/jkh/nanolang-qualification/record-lists-66a-observer-source'/modules/std/peg -I'/home/jkh/nanolang-qualification/record-lists-66a-observer-source'/modules/std/string -I'/home/jkh/nanolang-qualification/record-lists-66a-observer-source'/modules/sdl_helpers '-I/home/jkh/nanolang-qualification/record-lists-66a-observer-source/src_nano/compiler' -I/usr/include/SDL2 -D_REENTRANT  -c -o 'obj/nano_modules/.nano-module-eugLRs/object.o' 'obj/nano_modules/.nano-module-eugLRs/source.c'
✓ Compiled module to object file: obj/nano_modules/lexer.o
  C source kept at: obj/nano_modules/.nano-module-eugLRs/source.c
[Modules] Compiling nanolang module '/home/jkh/nanolang-qualification/record-lists-66a-observer-source/src_nano/parser.nano'
✓ Generated module C code: obj/nano_modules/.nano-module-pDifj6/source.c
[Modules] Generating List<CompilerDiagnostic> runtime...
[Modules] Generating List<LexerToken> runtime...
[Modules] Generating List<ASTStmtRef> runtime...
[Modules] Generating List<ASTNumber> runtime...
[Modules] Generating List<ASTFloat> runtime...
[Modules] Generating List<ASTString> runtime...
[Modules] Generating List<ASTBool> runtime...
[Modules] Generating List<ASTIdentifier> runtime...
[Modules] Generating List<ASTBinaryOp> runtime...
[Modules] Generating List<ASTCall> runtime...
[Modules] Generating List<ASTModuleQualifiedCall> runtime...
[Modules] Generating List<ASTArrayLiteral> runtime...
[Modules] Generating List<ASTLet> runtime...
[Modules] Generating List<ASTSet> runtime...
[Modules] Generating List<ASTIf> runtime...
[Modules] Generating List<ASTWhile> runtime...
[Modules] Generating List<ASTFor> runtime...
[Modules] Generating List<ASTReturn> runtime...
[Modules] Generating List<ASTBlock> runtime...
[Modules] Generating List<ASTUnsafeBlock> runtime...
[Modules] Generating List<ASTPrint> runtime...
[Modules] Generating List<ASTAssert> runtime...
[Modules] Generating List<ASTFunction> runtime...
[Modules] Generating List<ASTShadow> runtime...
[Modules] Generating List<ASTStruct> runtime...
[Modules] Generating List<ASTStructLiteral> runtime...
[Modules] Generating List<ASTFieldAccess> runtime...
[Modules] Generating List<ASTEnum> runtime...
[Modules] Generating List<ASTUnion> runtime...
[Modules] Generating List<ASTUnionConstruct> runtime...
[Modules] Generating List<ASTMatch> runtime...
[Modules] Generating List<ASTImport> runtime...
[Modules] Generating List<ASTOpaqueType> runtime...
[Modules] Generating List<ASTTupleLiteral> runtime...
[Modules] Generating List<ASTTupleIndex> runtime...
[Modules] Generating List<CompilerDiagnostic_new> runtime...
[Modules] Generating List<CompilerDiagnostic_push> runtime...
[Modules] Generating List<CompilerDiagnostic_get> runtime...
[Modules] Generating List<CompilerDiagnostic_length> runtime...
[Modules] Generating List<LexerToken_new> runtime...
[Modules] Generating List<LexerToken_push> runtime...
[Modules] Generating List<LexerToken_get> runtime...
[Modules] Generating List<LexerToken_length> runtime...
[Modules] Generating List<ASTStmtRef_new> runtime...
[Modules] Generating List<ASTStmtRef_push> runtime...
[Modules] Generating List<ASTStmtRef_get> runtime...
[Modules] Generating List<ASTStmtRef_length> runtime...
[Modules] Generating List<ASTNumber_new> runtime...
[Modules] Generating List<ASTNumber_push> runtime...
[Modules] Generating List<ASTNumber_get> runtime...
[Modules] Generating List<ASTNumber_length> runtime...
[Modules] Generating List<ASTFloat_new> runtime...
[Modules] Generating List<ASTFloat_push> runtime...
[Modules] Generating List<ASTFloat_get> runtime...
[Modules] Generating List<ASTFloat_length> runtime...
[Modules] Generating List<ASTString_new> runtime...
[Modules] Generating List<ASTString_push> runtime...
[Modules] Generating List<ASTString_get> runtime...
[Modules] Generating List<ASTString_length> runtime...
[Modules] Generating List<ASTBool_new> runtime...
[Modules] Generating List<ASTBool_push> runtime...
[Modules] Generating List<ASTBool_get> runtime...
[Modules] Generating List<ASTBool_length> runtime...
[Modules] Generating List<ASTIdentifier_new> runtime...
Compiling module: /bin/gcc -std=c99 -I'/home/jkh/nanolang-qualification/record-lists-66a-observer-source'/src -I'/home/jkh/nanolang-qualification/record-lists-66a-observer-source'/modules/std -I'/home/jkh/nanolang-qualification/record-lists-66a-observer-source'/modules/std/collections -I'/home/jkh/nanolang-qualification/record-lists-66a-observer-source'/modules/std/json -I'/home/jkh/nanolang-qualification/record-lists-66a-observer-source'/modules/std/io -I'/home/jkh/nanolang-qualification/record-lists-66a-observer-source'/modules/std/math -I'/home/jkh/nanolang-qualification/record-lists-66a-observer-source'/modules/std/peg -I'/home/jkh/nanolang-qualification/record-lists-66a-observer-source'/modules/std/string -I'/home/jkh/nanolang-qualification/record-lists-66a-observer-source'/modules/sdl_helpers '-I/home/jkh/nanolang-qualification/record-lists-66a-observer-source/src_nano' -I/usr/include/SDL2 -D_REENTRANT  -c -o 'obj/nano_modules/.nano-module-pDifj6/object.o' 'obj/nano_modules/.nano-module-pDifj6/source.c'
✓ Compiled module to object file: obj/nano_modules/parser.o
  C source kept at: obj/nano_modules/.nano-module-pDifj6/source.c
[Modules] Compiling nanolang module '/home/jkh/nanolang-qualification/record-lists-66a-observer-source/src_nano/compiler/passive_graph.nano'
✓ Generated module C code: obj/nano_modules/.nano-module-gS55RA/source.c
[Modules] Generating List<CompilerDiagnostic> runtime...
[Modules] Generating List<LexerToken> runtime...
[Modules] Generating List<ASTStmtRef> runtime...
[Modules] Generating List<ASTNumber> runtime...
[Modules] Generating List<ASTFloat> runtime...
[Modules] Generating List<ASTString> runtime...
[Modules] Generating List<ASTBool> runtime...
[Modules] Generating List<ASTIdentifier> runtime...
[Modules] Generating List<ASTBinaryOp> runtime...
[Modules] Generating List<ASTCall> runtime...
[Modules] Generating List<ASTModuleQualifiedCall> runtime...
[Modules] Generating List<ASTArrayLiteral> runtime...
[Modules] Generating List<ASTLet> runtime...
[Modules] Generating List<ASTSet> runtime...
[Modules] Generating List<ASTIf> runtime...
[Modules] Generating List<ASTWhile> runtime...
[Modules] Generating List<ASTFor> runtime...
[Modules] Generating List<ASTReturn> runtime...
[Modules] Generating List<ASTBlock> runtime...
[Modules] Generating List<ASTUnsafeBlock> runtime...
[Modules] Generating List<ASTPrint> runtime...
[Modules] Generating List<ASTAssert> runtime...
[Modules] Generating List<ASTFunction> runtime...
[Modules] Generating List<ASTShadow> runtime...
[Modules] Generating List<ASTStruct> runtime...
[Modules] Generating List<ASTStructLiteral> runtime...
[Modules] Generating List<ASTFieldAccess> runtime...
[Modules] Generating List<ASTEnum> runtime...
[Modules] Generating List<ASTUnion> runtime...
[Modules] Generating List<ASTUnionConstruct> runtime...
[Modules] Generating List<ASTMatch> runtime...
[Modules] Generating List<ASTImport> runtime...
[Modules] Generating List<ASTOpaqueType> runtime...
[Modules] Generating List<ASTTupleLiteral> runtime...
[Modules] Generating List<ASTTupleIndex> runtime...
[Modules] Generating List<CompilerDiagnostic_new> runtime...
[Modules] Generating List<CompilerDiagnostic_push> runtime...
[Modules] Generating List<CompilerDiagnostic_get> runtime...
[Modules] Generating List<CompilerDiagnostic_length> runtime...
[Modules] Generating List<LexerToken_new> runtime...
[Modules] Generating List<LexerToken_push> runtime...
[Modules] Generating List<LexerToken_get> runtime...
[Modules] Generating List<LexerToken_length> runtime...
[Modules] Generating List<ASTStmtRef_new> runtime...
[Modules] Generating List<ASTStmtRef_push> runtime...
[Modules] Generating List<ASTStmtRef_get> runtime...
[Modules] Generating List<ASTStmtRef_length> runtime...
[Modules] Generating List<ASTNumber_new> runtime...
[Modules] Generating List<ASTNumber_push> runtime...
[Modules] Generating List<ASTNumber_get> runtime...
[Modules] Generating List<ASTNumber_length> runtime...
[Modules] Generating List<ASTFloat_new> runtime...
[Modules] Generating List<ASTFloat_push> runtime...
[Modules] Generating List<ASTFloat_get> runtime...
[Modules] Generating List<ASTFloat_length> runtime...
[Modules] Generating List<ASTString_new> runtime...
[Modules] Generating List<ASTString_push> runtime...
[Modules] Generating List<ASTString_get> runtime...
[Modules] Generating List<ASTString_length> runtime...
[Modules] Generating List<ASTBool_new> runtime...
[Modules] Generating List<ASTBool_push> runtime...
[Modules] Generating List<ASTBool_get> runtime...
[Modules] Generating List<ASTBool_length> runtime...
[Modules] Generating List<ASTIdentifier_new> runtime...
Compiling module: /bin/gcc -std=c99 -I'/home/jkh/nanolang-qualification/record-lists-66a-observer-source'/src -I'/home/jkh/nanolang-qualification/record-lists-66a-observer-source'/modules/std -I'/home/jkh/nanolang-qualification/record-lists-66a-observer-source'/modules/std/collections -I'/home/jkh/nanolang-qualification/record-lists-66a-observer-source'/modules/std/json -I'/home/jkh/nanolang-qualification/record-lists-66a-observer-source'/modules/std/io -I'/home/jkh/nanolang-qualification/record-lists-66a-observer-source'/modules/std/math -I'/home/jkh/nanolang-qualification/record-lists-66a-observer-source'/modules/std/peg -I'/home/jkh/nanolang-qualification/record-lists-66a-observer-source'/modules/std/string -I'/home/jkh/nanolang-qualification/record-lists-66a-observer-source'/modules/sdl_helpers '-I/home/jkh/nanolang-qualification/record-lists-66a-observer-source/src_nano/compiler' -I/usr/include/SDL2 -D_REENTRANT  -c -o 'obj/nano_modules/.nano-module-gS55RA/object.o' 'obj/nano_modules/.nano-module-gS55RA/source.c'
✓ Compiled module to object file: obj/nano_modules/passive_graph.o
  C source kept at: obj/nano_modules/.nano-module-gS55RA/source.c
[Modules] Compiling nanolang module '/home/jkh/nanolang-qualification/record-lists-66a-observer-source/src_nano/compiler/module_bindings.nano'
✓ Generated module C code: obj/nano_modules/.nano-module-zxaBQj/source.c
Compiling module: /bin/gcc -std=c99 -I'/home/jkh/nanolang-qualification/record-lists-66a-observer-source'/src -I'/home/jkh/nanolang-qualification/record-lists-66a-observer-source'/modules/std -I'/home/jkh/nanolang-qualification/record-lists-66a-observer-source'/modules/std/collections -I'/home/jkh/nanolang-qualification/record-lists-66a-observer-source'/modules/std/json -I'/home/jkh/nanolang-qualification/record-lists-66a-observer-source'/modules/std/io -I'/home/jkh/nanolang-qualification/record-lists-66a-observer-source'/modules/std/math -I'/home/jkh/nanolang-qualification/record-lists-66a-observer-source'/modules/std/peg -I'/home/jkh/nanolang-qualification/record-lists-66a-observer-source'/modules/std/string -I'/home/jkh/nanolang-qualification/record-lists-66a-observer-source'/modules/sdl_helpers '-I/home/jkh/nanolang-qualification/record-lists-66a-observer-source/src_nano/compiler' -I/usr/include/SDL2 -D_REENTRANT  -c -o 'obj/nano_modules/.nano-module-zxaBQj/object.o' 'obj/nano_modules/.nano-module-zxaBQj/source.c'
✓ Compiled module to object file: obj/nano_modules/module_bindings.o
  C source kept at: obj/nano_modules/.nano-module-zxaBQj/source.c
[Modules] Compiling nanolang module '/home/jkh/nanolang-qualification/record-lists-66a-observer-source/src_nano/compiler/passive_purity.nano'
✓ Generated module C code: obj/nano_modules/.nano-module-8jpJc2/source.c
[Modules] Generating List<CompilerDiagnostic> runtime...
[Modules] Generating List<LexerToken> runtime...
[Modules] Generating List<ASTStmtRef> runtime...
[Modules] Generating List<ASTNumber> runtime...
[Modules] Generating List<ASTFloat> runtime...
[Modules] Generating List<ASTString> runtime...
[Modules] Generating List<ASTBool> runtime...
[Modules] Generating List<ASTIdentifier> runtime...
[Modules] Generating List<ASTBinaryOp> runtime...
[Modules] Generating List<ASTCall> runtime...
[Modules] Generating List<ASTModuleQualifiedCall> runtime...
[Modules] Generating List<ASTArrayLiteral> runtime...
[Modules] Generating List<ASTLet> runtime...
[Modules] Generating List<ASTSet> runtime...
[Modules] Generating List<ASTIf> runtime...
[Modules] Generating List<ASTWhile> runtime...
[Modules] Generating List<ASTFor> runtime...
[Modules] Generating List<ASTReturn> runtime...
[Modules] Generating List<ASTBlock> runtime...
[Modules] Generating List<ASTUnsafeBlock> runtime...
[Modules] Generating List<ASTPrint> runtime...
[Modules] Generating List<ASTAssert> runtime...
[Modules] Generating List<ASTFunction> runtime...
[Modules] Generating List<ASTShadow> runtime...
[Modules] Generating List<ASTStruct> runtime...
[Modules] Generating List<ASTStructLiteral> runtime...
[Modules] Generating List<ASTFieldAccess> runtime...
[Modules] Generating List<ASTEnum> runtime...
[Modules] Generating List<ASTUnion> runtime...
[Modules] Generating List<ASTUnionConstruct> runtime...
[Modules] Generating List<ASTMatch> runtime...
[Modules] Generating List<ASTImport> runtime...
[Modules] Generating List<ASTOpaqueType> runtime...
[Modules] Generating List<ASTTupleLiteral> runtime...
[Modules] Generating List<ASTTupleIndex> runtime...
[Modules] Generating List<CompilerDiagnostic_new> runtime...
[Modules] Generating List<CompilerDiagnostic_push> runtime...
[Modules] Generating List<CompilerDiagnostic_get> runtime...
[Modules] Generating List<CompilerDiagnostic_length> runtime...
[Modules] Generating List<LexerToken_new> runtime...
[Modules] Generating List<LexerToken_push> runtime...
[Modules] Generating List<LexerToken_get> runtime...
[Modules] Generating List<LexerToken_length> runtime...
[Modules] Generating List<ASTStmtRef_new> runtime...
[Modules] Generating List<ASTStmtRef_push> runtime...
[Modules] Generating List<ASTStmtRef_get> runtime...
[Modules] Generating List<ASTStmtRef_length> runtime...
[Modules] Generating List<ASTNumber_new> runtime...
[Modules] Generating List<ASTNumber_push> runtime...
[Modules] Generating List<ASTNumber_get> runtime...
[Modules] Generating List<ASTNumber_length> runtime...
[Modules] Generating List<ASTFloat_new> runtime...
[Modules] Generating List<ASTFloat_push> runtime...
[Modules] Generating List<ASTFloat_get> runtime...
[Modules] Generating List<ASTFloat_length> runtime...
[Modules] Generating List<ASTString_new> runtime...
[Modules] Generating List<ASTString_push> runtime...
[Modules] Generating List<ASTString_get> runtime...
[Modules] Generating List<ASTString_length> runtime...
[Modules] Generating List<ASTBool_new> runtime...
[Modules] Generating List<ASTBool_push> runtime...
[Modules] Generating List<ASTBool_get> runtime...
[Modules] Generating List<ASTBool_length> runtime...
[Modules] Generating List<ASTIdentifier_new> runtime...
Compiling module: /bin/gcc -std=c99 -I'/home/jkh/nanolang-qualification/record-lists-66a-observer-source'/src -I'/home/jkh/nanolang-qualification/record-lists-66a-observer-source'/modules/std -I'/home/jkh/nanolang-qualification/record-lists-66a-observer-source'/modules/std/collections -I'/home/jkh/nanolang-qualification/record-lists-66a-observer-source'/modules/std/json -I'/home/jkh/nanolang-qualification/record-lists-66a-observer-source'/modules/std/io -I'/home/jkh/nanolang-qualification/record-lists-66a-observer-source'/modules/std/math -I'/home/jkh/nanolang-qualification/record-lists-66a-observer-source'/modules/std/peg -I'/home/jkh/nanolang-qualification/record-lists-66a-observer-source'/modules/std/string -I'/home/jkh/nanolang-qualification/record-lists-66a-observer-source'/modules/sdl_helpers '-I/home/jkh/nanolang-qualification/record-lists-66a-observer-source/src_nano/compiler' -I/usr/include/SDL2 -D_REENTRANT  -c -o 'obj/nano_modules/.nano-module-8jpJc2/object.o' 'obj/nano_modules/.nano-module-8jpJc2/source.c'
✓ Compiled module to object file: obj/nano_modules/passive_purity.o
  C source kept at: obj/nano_modules/.nano-module-8jpJc2/source.c
[Modules] Compiling nanolang module '/home/jkh/nanolang-qualification/record-lists-66a-observer-source/src_nano/compiler/declaration_ownership.nano'
✓ Generated module C code: obj/nano_modules/.nano-module-1OVvVw/source.c
[Modules] Generating List<CompilerDiagnostic> runtime...
[Modules] Generating List<LexerToken> runtime...
[Modules] Generating List<ASTStmtRef> runtime...
[Modules] Generating List<ASTNumber> runtime...
[Modules] Generating List<ASTFloat> runtime...
[Modules] Generating List<ASTString> runtime...
[Modules] Generating List<ASTBool> runtime...
[Modules] Generating List<ASTIdentifier> runtime...
[Modules] Generating List<ASTBinaryOp> runtime...
[Modules] Generating List<ASTCall> runtime...
[Modules] Generating List<ASTModuleQualifiedCall> runtime...
[Modules] Generating List<ASTArrayLiteral> runtime...
[Modules] Generating List<ASTLet> runtime...
[Modules] Generating List<ASTSet> runtime...
[Modules] Generating List<ASTIf> runtime...
[Modules] Generating List<ASTWhile> runtime...
[Modules] Generating List<ASTFor> runtime...
[Modules] Generating List<ASTReturn> runtime...
[Modules] Generating List<ASTBlock> runtime...
[Modules] Generating List<ASTUnsafeBlock> runtime...
[Modules] Generating List<ASTPrint> runtime...
[Modules] Generating List<ASTAssert> runtime...
[Modules] Generating List<ASTFunction> runtime...
[Modules] Generating List<ASTShadow> runtime...
[Modules] Generating List<ASTStruct> runtime...
[Modules] Generating List<ASTStructLiteral> runtime...
[Modules] Generating List<ASTFieldAccess> runtime...
[Modules] Generating List<ASTEnum> runtime...
[Modules] Generating List<ASTUnion> runtime...
[Modules] Generating List<ASTUnionConstruct> runtime...
[Modules] Generating List<ASTMatch> runtime...
[Modules] Generating List<ASTImport> runtime...
[Modules] Generating List<ASTOpaqueType> runtime...
[Modules] Generating List<ASTTupleLiteral> runtime...
[Modules] Generating List<ASTTupleIndex> runtime...
[Modules] Generating List<CompilerDiagnostic_new> runtime...
[Modules] Generating List<CompilerDiagnostic_push> runtime...
[Modules] Generating List<CompilerDiagnostic_get> runtime...
[Modules] Generating List<CompilerDiagnostic_length> runtime...
[Modules] Generating List<LexerToken_new> runtime...
[Modules] Generating List<LexerToken_push> runtime...
[Modules] Generating List<LexerToken_get> runtime...
[Modules] Generating List<LexerToken_length> runtime...
[Modules] Generating List<ASTStmtRef_new> runtime...
[Modules] Generating List<ASTStmtRef_push> runtime...
[Modules] Generating List<ASTStmtRef_get> runtime...
[Modules] Generating List<ASTStmtRef_length> runtime...
[Modules] Generating List<ASTNumber_new> runtime...
[Modules] Generating List<ASTNumber_push> runtime...
[Modules] Generating List<ASTNumber_get> runtime...
[Modules] Generating List<ASTNumber_length> runtime...
[Modules] Generating List<ASTFloat_new> runtime...
[Modules] Generating List<ASTFloat_push> runtime...
[Modules] Generating List<ASTFloat_get> runtime...
[Modules] Generating List<ASTFloat_length> runtime...
[Modules] Generating List<ASTString_new> runtime...
[Modules] Generating List<ASTString_push> runtime...
[Modules] Generating List<ASTString_get> runtime...
[Modules] Generating List<ASTString_length> runtime...
[Modules] Generating List<ASTBool_new> runtime...
[Modules] Generating List<ASTBool_push> runtime...
[Modules] Generating List<ASTBool_get> runtime...
[Modules] Generating List<ASTBool_length> runtime...
[Modules] Generating List<ASTIdentifier_new> runtime...
Compiling module: /bin/gcc -std=c99 -I'/home/jkh/nanolang-qualification/record-lists-66a-observer-source'/src -I'/home/jkh/nanolang-qualification/record-lists-66a-observer-source'/modules/std -I'/home/jkh/nanolang-qualification/record-lists-66a-observer-source'/modules/std/collections -I'/home/jkh/nanolang-qualification/record-lists-66a-observer-source'/modules/std/json -I'/home/jkh/nanolang-qualification/record-lists-66a-observer-source'/modules/std/io -I'/home/jkh/nanolang-qualification/record-lists-66a-observer-source'/modules/std/math -I'/home/jkh/nanolang-qualification/record-lists-66a-observer-source'/modules/std/peg -I'/home/jkh/nanolang-qualification/record-lists-66a-observer-source'/modules/std/string -I'/home/jkh/nanolang-qualification/record-lists-66a-observer-source'/modules/sdl_helpers '-I/home/jkh/nanolang-qualification/record-lists-66a-observer-source/src_nano/compiler' -I/usr/include/SDL2 -D_REENTRANT  -c -o 'obj/nano_modules/.nano-module-1OVvVw/object.o' 'obj/nano_modules/.nano-module-1OVvVw/source.c'
✓ Compiled module to object file: obj/nano_modules/declaration_ownership.o
  C source kept at: obj/nano_modules/.nano-module-1OVvVw/source.c
[Modules] Compiling nanolang module '/home/jkh/nanolang-qualification/record-lists-66a-observer-source/src_nano/compiler/type_substitution.nano'
✓ Generated module C code: obj/nano_modules/.nano-module-8V32XM/source.c
Compiling module: /bin/gcc -std=c99 -I'/home/jkh/nanolang-qualification/record-lists-66a-observer-source'/src -I'/home/jkh/nanolang-qualification/record-lists-66a-observer-source'/modules/std -I'/home/jkh/nanolang-qualification/record-lists-66a-observer-source'/modules/std/collections -I'/home/jkh/nanolang-qualification/record-lists-66a-observer-source'/modules/std/json -I'/home/jkh/nanolang-qualification/record-lists-66a-observer-source'/modules/std/io -I'/home/jkh/nanolang-qualification/record-lists-66a-observer-source'/modules/std/math -I'/home/jkh/nanolang-qualification/record-lists-66a-observer-source'/modules/std/peg -I'/home/jkh/nanolang-qualification/record-lists-66a-observer-source'/modules/std/string -I'/home/jkh/nanolang-qualification/record-lists-66a-observer-source'/modules/sdl_helpers '-I/home/jkh/nanolang-qualification/record-lists-66a-observer-source/src_nano/compiler' -I/usr/include/SDL2 -D_REENTRANT  -c -o 'obj/nano_modules/.nano-module-8V32XM/object.o' 'obj/nano_modules/.nano-module-8V32XM/source.c'
✓ Compiled module to object file: obj/nano_modules/type_substitution.o
  C source kept at: obj/nano_modules/.nano-module-8V32XM/source.c
[Modules] Compiling nanolang module '/home/jkh/nanolang-qualification/record-lists-66a-observer-source/src_nano/compiler/nominal_bindings.nano'
✓ Generated module C code: obj/nano_modules/.nano-module-257V0d/source.c
[Modules] Generating List<CompilerDiagnostic> runtime...
[Modules] Generating List<LexerToken> runtime...
[Modules] Generating List<ASTStmtRef> runtime...
[Modules] Generating List<ASTNumber> runtime...
[Modules] Generating List<ASTFloat> runtime...
[Modules] Generating List<ASTString> runtime...
[Modules] Generating List<ASTBool> runtime...
[Modules] Generating List<ASTIdentifier> runtime...
[Modules] Generating List<ASTBinaryOp> runtime...
[Modules] Generating List<ASTCall> runtime...
[Modules] Generating List<ASTModuleQualifiedCall> runtime...
[Modules] Generating List<ASTArrayLiteral> runtime...
[Modules] Generating List<ASTLet> runtime...
[Modules] Generating List<ASTSet> runtime...
[Modules] Generating List<ASTIf> runtime...
[Modules] Generating List<ASTWhile> runtime...
[Modules] Generating List<ASTFor> runtime...
[Modules] Generating List<ASTReturn> runtime...
[Modules] Generating List<ASTBlock> runtime...
[Modules] Generating List<ASTUnsafeBlock> runtime...
[Modules] Generating List<ASTPrint> runtime...
[Modules] Generating List<ASTAssert> runtime...
[Modules] Generating List<ASTFunction> runtime...
[Modules] Generating List<ASTShadow> runtime...
[Modules] Generating List<ASTStruct> runtime...
[Modules] Generating List<ASTStructLiteral> runtime...
[Modules] Generating List<ASTFieldAccess> runtime...
[Modules] Generating List<ASTEnum> runtime...
[Modules] Generating List<ASTUnion> runtime...
[Modules] Generating List<ASTUnionConstruct> runtime...
[Modules] Generating List<ASTMatch> runtime...
[Modules] Generating List<ASTImport> runtime...
[Modules] Generating List<ASTOpaqueType> runtime...
[Modules] Generating List<ASTTupleLiteral> runtime...
[Modules] Generating List<ASTTupleIndex> runtime...
[Modules] Generating List<CompilerDiagnostic_new> runtime...
[Modules] Generating List<CompilerDiagnostic_push> runtime...
[Modules] Generating List<CompilerDiagnostic_get> runtime...
[Modules] Generating List<CompilerDiagnostic_length> runtime...
[Modules] Generating List<LexerToken_new> runtime...
[Modules] Generating List<LexerToken_push> runtime...
[Modules] Generating List<LexerToken_get> runtime...
[Modules] Generating List<LexerToken_length> runtime...
[Modules] Generating List<ASTStmtRef_new> runtime...
[Modules] Generating List<ASTStmtRef_push> runtime...
[Modules] Generating List<ASTStmtRef_get> runtime...
[Modules] Generating List<ASTStmtRef_length> runtime...
[Modules] Generating List<ASTNumber_new> runtime...
[Modules] Generating List<ASTNumber_push> runtime...
[Modules] Generating List<ASTNumber_get> runtime...
[Modules] Generating List<ASTNumber_length> runtime...
[Modules] Generating List<ASTFloat_new> runtime...
[Modules] Generating List<ASTFloat_push> runtime...
[Modules] Generating List<ASTFloat_get> runtime...
[Modules] Generating List<ASTFloat_length> runtime...
[Modules] Generating List<ASTString_new> runtime...
[Modules] Generating List<ASTString_push> runtime...
[Modules] Generating List<ASTString_get> runtime...
[Modules] Generating List<ASTString_length> runtime...
[Modules] Generating List<ASTBool_new> runtime...
[Modules] Generating List<ASTBool_push> runtime...
[Modules] Generating List<ASTBool_get> runtime...
[Modules] Generating List<ASTBool_length> runtime...
[Modules] Generating List<ASTIdentifier_new> runtime...
Compiling module: /bin/gcc -std=c99 -I'/home/jkh/nanolang-qualification/record-lists-66a-observer-source'/src -I'/home/jkh/nanolang-qualification/record-lists-66a-observer-source'/modules/std -I'/home/jkh/nanolang-qualification/record-lists-66a-observer-source'/modules/std/collections -I'/home/jkh/nanolang-qualification/record-lists-66a-observer-source'/modules/std/json -I'/home/jkh/nanolang-qualification/record-lists-66a-observer-source'/modules/std/io -I'/home/jkh/nanolang-qualification/record-lists-66a-observer-source'/modules/std/math -I'/home/jkh/nanolang-qualification/record-lists-66a-observer-source'/modules/std/peg -I'/home/jkh/nanolang-qualification/record-lists-66a-observer-source'/modules/std/string -I'/home/jkh/nanolang-qualification/record-lists-66a-observer-source'/modules/sdl_helpers '-I/home/jkh/nanolang-qualification/record-lists-66a-observer-source/src_nano/compiler' -I/usr/include/SDL2 -D_REENTRANT  -c -o 'obj/nano_modules/.nano-module-257V0d/object.o' 'obj/nano_modules/.nano-module-257V0d/source.c'
✓ Compiled module to object file: obj/nano_modules/nominal_bindings.o
  C source kept at: obj/nano_modules/.nano-module-257V0d/source.c
[Modules] Compiling nanolang module '/home/jkh/nanolang-qualification/record-lists-66a-observer-source/src_nano/generated/purity_intrinsics.nano'
✓ Generated module C code: obj/nano_modules/.nano-module-9H3Hs4/source.c
Compiling module: /bin/gcc -std=c99 -I'/home/jkh/nanolang-qualification/record-lists-66a-observer-source'/src -I'/home/jkh/nanolang-qualification/record-lists-66a-observer-source'/modules/std -I'/home/jkh/nanolang-qualification/record-lists-66a-observer-source'/modules/std/collections -I'/home/jkh/nanolang-qualification/record-lists-66a-observer-source'/modules/std/json -I'/home/jkh/nanolang-qualification/record-lists-66a-observer-source'/modules/std/io -I'/home/jkh/nanolang-qualification/record-lists-66a-observer-source'/modules/std/math -I'/home/jkh/nanolang-qualification/record-lists-66a-observer-source'/modules/std/peg -I'/home/jkh/nanolang-qualification/record-lists-66a-observer-source'/modules/std/string -I'/home/jkh/nanolang-qualification/record-lists-66a-observer-source'/modules/sdl_helpers '-I/home/jkh/nanolang-qualification/record-lists-66a-observer-source/src_nano/generated' -I/usr/include/SDL2 -D_REENTRANT  -c -o 'obj/nano_modules/.nano-module-9H3Hs4/object.o' 'obj/nano_modules/.nano-module-9H3Hs4/source.c'
✓ Compiled module to object file: obj/nano_modules/purity_intrinsics.o
  C source kept at: obj/nano_modules/.nano-module-9H3Hs4/source.c
[Modules] Compiling nanolang module '/home/jkh/nanolang-qualification/record-lists-66a-observer-source/src_nano/compiler/error_messages.nano'
✓ Generated module C code: obj/nano_modules/.nano-module-GfIQ6n/source.c
[Modules] Generating List<CompilerDiagnostic> runtime...
[Modules] Generating List<LexerToken> runtime...
[Modules] Generating List<ASTStmtRef> runtime...
[Modules] Generating List<ASTNumber> runtime...
[Modules] Generating List<ASTFloat> runtime...
[Modules] Generating List<ASTString> runtime...
[Modules] Generating List<ASTBool> runtime...
[Modules] Generating List<ASTIdentifier> runtime...
[Modules] Generating List<ASTBinaryOp> runtime...
[Modules] Generating List<ASTCall> runtime...
[Modules] Generating List<ASTModuleQualifiedCall> runtime...
[Modules] Generating List<ASTArrayLiteral> runtime...
[Modules] Generating List<ASTLet> runtime...
[Modules] Generating List<ASTSet> runtime...
[Modules] Generating List<ASTIf> runtime...
[Modules] Generating List<ASTWhile> runtime...
[Modules] Generating List<ASTFor> runtime...
[Modules] Generating List<ASTReturn> runtime...
[Modules] Generating List<ASTBlock> runtime...
[Modules] Generating List<ASTUnsafeBlock> runtime...
[Modules] Generating List<ASTPrint> runtime...
[Modules] Generating List<ASTAssert> runtime...
[Modules] Generating List<ASTFunction> runtime...
[Modules] Generating List<ASTShadow> runtime...
[Modules] Generating List<ASTStruct> runtime...
[Modules] Generating List<ASTStructLiteral> runtime...
[Modules] Generating List<ASTFieldAccess> runtime...
[Modules] Generating List<ASTEnum> runtime...
[Modules] Generating List<ASTUnion> runtime...
[Modules] Generating List<ASTUnionConstruct> runtime...
[Modules] Generating List<ASTMatch> runtime...
[Modules] Generating List<ASTImport> runtime...
[Modules] Generating List<ASTOpaqueType> runtime...
[Modules] Generating List<ASTTupleLiteral> runtime...
[Modules] Generating List<ASTTupleIndex> runtime...
[Modules] Generating List<CompilerDiagnostic_new> runtime...
[Modules] Generating List<CompilerDiagnostic_push> runtime...
[Modules] Generating List<CompilerDiagnostic_get> runtime...
[Modules] Generating List<CompilerDiagnostic_length> runtime...
[Modules] Generating List<LexerToken_new> runtime...
[Modules] Generating List<LexerToken_push> runtime...
[Modules] Generating List<LexerToken_get> runtime...
[Modules] Generating List<LexerToken_length> runtime...
[Modules] Generating List<ASTStmtRef_new> runtime...
[Modules] Generating List<ASTStmtRef_push> runtime...
[Modules] Generating List<ASTStmtRef_get> runtime...
[Modules] Generating List<ASTStmtRef_length> runtime...
[Modules] Generating List<ASTNumber_new> runtime...
[Modules] Generating List<ASTNumber_push> runtime...
[Modules] Generating List<ASTNumber_get> runtime...
[Modules] Generating List<ASTNumber_length> runtime...
[Modules] Generating List<ASTFloat_new> runtime...
[Modules] Generating List<ASTFloat_push> runtime...
[Modules] Generating List<ASTFloat_get> runtime...
[Modules] Generating List<ASTFloat_length> runtime...
[Modules] Generating List<ASTString_new> runtime...
[Modules] Generating List<ASTString_push> runtime...
[Modules] Generating List<ASTString_get> runtime...
[Modules] Generating List<ASTString_length> runtime...
[Modules] Generating List<ASTBool_new> runtime...
[Modules] Generating List<ASTBool_push> runtime...
[Modules] Generating List<ASTBool_get> runtime...
[Modules] Generating List<ASTBool_length> runtime...
[Modules] Generating List<ASTIdentifier_new> runtime...
Compiling module: /bin/gcc -std=c99 -I'/home/jkh/nanolang-qualification/record-lists-66a-observer-source'/src -I'/home/jkh/nanolang-qualification/record-lists-66a-observer-source'/modules/std -I'/home/jkh/nanolang-qualification/record-lists-66a-observer-source'/modules/std/collections -I'/home/jkh/nanolang-qualification/record-lists-66a-observer-source'/modules/std/json -I'/home/jkh/nanolang-qualification/record-lists-66a-observer-source'/modules/std/io -I'/home/jkh/nanolang-qualification/record-lists-66a-observer-source'/modules/std/math -I'/home/jkh/nanolang-qualification/record-lists-66a-observer-source'/modules/std/peg -I'/home/jkh/nanolang-qualification/record-lists-66a-observer-source'/modules/std/string -I'/home/jkh/nanolang-qualification/record-lists-66a-observer-source'/modules/sdl_helpers '-I/home/jkh/nanolang-qualification/record-lists-66a-observer-source/src_nano/compiler' -I/usr/include/SDL2 -D_REENTRANT  -c -o 'obj/nano_modules/.nano-module-GfIQ6n/object.o' 'obj/nano_modules/.nano-module-GfIQ6n/source.c'
✓ Compiled module to object file: obj/nano_modules/error_messages.o
  C source kept at: obj/nano_modules/.nano-module-GfIQ6n/source.c
[Modules] Compiling nanolang module '/home/jkh/nanolang-qualification/record-lists-66a-observer-source/src_nano/typecheck.nano'
✓ Generated module C code: obj/nano_modules/.nano-module-77cLPY/source.c
[Modules] Generating List<CompilerDiagnostic> runtime...
[Modules] Generating List<LexerToken> runtime...
[Modules] Generating List<ASTStmtRef> runtime...
[Modules] Generating List<ASTNumber> runtime...
[Modules] Generating List<ASTFloat> runtime...
[Modules] Generating List<ASTString> runtime...
[Modules] Generating List<ASTBool> runtime...
[Modules] Generating List<ASTIdentifier> runtime...
[Modules] Generating List<ASTBinaryOp> runtime...
[Modules] Generating List<ASTCall> runtime...
[Modules] Generating List<ASTModuleQualifiedCall> runtime...
[Modules] Generating List<ASTArrayLiteral> runtime...
[Modules] Generating List<ASTLet> runtime...
[Modules] Generating List<ASTSet> runtime...
[Modules] Generating List<ASTIf> runtime...
[Modules] Generating List<ASTWhile> runtime...
[Modules] Generating List<ASTFor> runtime...
[Modules] Generating List<ASTReturn> runtime...
[Modules] Generating List<ASTBlock> runtime...
[Modules] Generating List<ASTUnsafeBlock> runtime...
[Modules] Generating List<ASTPrint> runtime...
[Modules] Generating List<ASTAssert> runtime...
[Modules] Generating List<ASTFunction> runtime...
[Modules] Generating List<ASTShadow> runtime...
[Modules] Generating List<ASTStruct> runtime...
[Modules] Generating List<ASTStructLiteral> runtime...
[Modules] Generating List<ASTFieldAccess> runtime...
[Modules] Generating List<ASTEnum> runtime...
[Modules] Generating List<ASTUnion> runtime...
[Modules] Generating List<ASTUnionConstruct> runtime...
[Modules] Generating List<ASTMatch> runtime...
[Modules] Generating List<ASTImport> runtime...
[Modules] Generating List<ASTOpaqueType> runtime...
[Modules] Generating List<ASTTupleLiteral> runtime...
[Modules] Generating List<ASTTupleIndex> runtime...
[Modules] Generating List<CompilerDiagnostic_new> runtime...
[Modules] Generating List<CompilerDiagnostic_push> runtime...
[Modules] Generating List<CompilerDiagnostic_get> runtime...
[Modules] Generating List<CompilerDiagnostic_length> runtime...
[Modules] Generating List<LexerToken_new> runtime...
[Modules] Generating List<LexerToken_push> runtime...
[Modules] Generating List<LexerToken_get> runtime...
[Modules] Generating List<LexerToken_length> runtime...
[Modules] Generating List<ASTStmtRef_new> runtime...
[Modules] Generating List<ASTStmtRef_push> runtime...
[Modules] Generating List<ASTStmtRef_get> runtime...
[Modules] Generating List<ASTStmtRef_length> runtime...
[Modules] Generating List<ASTNumber_new> runtime...
[Modules] Generating List<ASTNumber_push> runtime...
[Modules] Generating List<ASTNumber_get> runtime...
[Modules] Generating List<ASTNumber_length> runtime...
[Modules] Generating List<ASTFloat_new> runtime...
[Modules] Generating List<ASTFloat_push> runtime...
[Modules] Generating List<ASTFloat_get> runtime...
[Modules] Generating List<ASTFloat_length> runtime...
[Modules] Generating List<ASTString_new> runtime...
[Modules] Generating List<ASTString_push> runtime...
[Modules] Generating List<ASTString_get> runtime...
[Modules] Generating List<ASTString_length> runtime...
[Modules] Generating List<ASTBool_new> runtime...
[Modules] Generating List<ASTBool_push> runtime...
[Modules] Generating List<ASTBool_get> runtime...
[Modules] Generating List<ASTBool_length> runtime...
[Modules] Generating List<ASTIdentifier_new> runtime...
Compiling module: /bin/gcc -std=c99 -I'/home/jkh/nanolang-qualification/record-lists-66a-observer-source'/src -I'/home/jkh/nanolang-qualification/record-lists-66a-observer-source'/modules/std -I'/home/jkh/nanolang-qualification/record-lists-66a-observer-source'/modules/std/collections -I'/home/jkh/nanolang-qualification/record-lists-66a-observer-source'/modules/std/json -I'/home/jkh/nanolang-qualification/record-lists-66a-observer-source'/modules/std/io -I'/home/jkh/nanolang-qualification/record-lists-66a-observer-source'/modules/std/math -I'/home/jkh/nanolang-qualification/record-lists-66a-observer-source'/modules/std/peg -I'/home/jkh/nanolang-qualification/record-lists-66a-observer-source'/modules/std/string -I'/home/jkh/nanolang-qualification/record-lists-66a-observer-source'/modules/sdl_helpers '-I/home/jkh/nanolang-qualification/record-lists-66a-observer-source/src_nano' -I/usr/include/SDL2 -D_REENTRANT  -c -o 'obj/nano_modules/.nano-module-77cLPY/object.o' 'obj/nano_modules/.nano-module-77cLPY/source.c'
✓ Compiled module to object file: obj/nano_modules/typecheck.o
  C source kept at: obj/nano_modules/.nano-module-77cLPY/source.c
[Modules] Compiling nanolang module '/home/jkh/nanolang-qualification/record-lists-66a-observer-source/src_nano/compiler/binary64_format_runtime.nano'
✓ Generated module C code: obj/nano_modules/.nano-module-dUz78o/source.c
Compiling module: /bin/gcc -std=c99 -I'/home/jkh/nanolang-qualification/record-lists-66a-observer-source'/src -I'/home/jkh/nanolang-qualification/record-lists-66a-observer-source'/modules/std -I'/home/jkh/nanolang-qualification/record-lists-66a-observer-source'/modules/std/collections -I'/home/jkh/nanolang-qualification/record-lists-66a-observer-source'/modules/std/json -I'/home/jkh/nanolang-qualification/record-lists-66a-observer-source'/modules/std/io -I'/home/jkh/nanolang-qualification/record-lists-66a-observer-source'/modules/std/math -I'/home/jkh/nanolang-qualification/record-lists-66a-observer-source'/modules/std/peg -I'/home/jkh/nanolang-qualification/record-lists-66a-observer-source'/modules/std/string -I'/home/jkh/nanolang-qualification/record-lists-66a-observer-source'/modules/sdl_helpers '-I/home/jkh/nanolang-qualification/record-lists-66a-observer-source/src_nano/compiler' -I/usr/include/SDL2 -D_REENTRANT  -c -o 'obj/nano_modules/.nano-module-dUz78o/object.o' 'obj/nano_modules/.nano-module-dUz78o/source.c'
✓ Compiled module to object file: obj/nano_modules/binary64_format_runtime.o
  C source kept at: obj/nano_modules/.nano-module-dUz78o/source.c
[Modules] Compiling nanolang module '/home/jkh/nanolang-qualification/record-lists-66a-observer-source/src_nano/compiler/binary64_arithmetic_runtime.nano'
✓ Generated module C code: obj/nano_modules/.nano-module-kk5BtN/source.c
Compiling module: /bin/gcc -std=c99 -I'/home/jkh/nanolang-qualification/record-lists-66a-observer-source'/src -I'/home/jkh/nanolang-qualification/record-lists-66a-observer-source'/modules/std -I'/home/jkh/nanolang-qualification/record-lists-66a-observer-source'/modules/std/collections -I'/home/jkh/nanolang-qualification/record-lists-66a-observer-source'/modules/std/json -I'/home/jkh/nanolang-qualification/record-lists-66a-observer-source'/modules/std/io -I'/home/jkh/nanolang-qualification/record-lists-66a-observer-source'/modules/std/math -I'/home/jkh/nanolang-qualification/record-lists-66a-observer-source'/modules/std/peg -I'/home/jkh/nanolang-qualification/record-lists-66a-observer-source'/modules/std/string -I'/home/jkh/nanolang-qualification/record-lists-66a-observer-source'/modules/sdl_helpers '-I/home/jkh/nanolang-qualification/record-lists-66a-observer-source/src_nano/compiler' -I/usr/include/SDL2 -D_REENTRANT  -c -o 'obj/nano_modules/.nano-module-kk5BtN/object.o' 'obj/nano_modules/.nano-module-kk5BtN/source.c'
✓ Compiled module to object file: obj/nano_modules/binary64_arithmetic_runtime.o
  C source kept at: obj/nano_modules/.nano-module-kk5BtN/source.c
[Modules] Compiling nanolang module '/home/jkh/nanolang-qualification/record-lists-66a-observer-source/src_nano/transpiler.nano'
✓ Generated module C code: obj/nano_modules/.nano-module-AR8RMk/source.c
[Modules] Generating List<CompilerDiagnostic> runtime...
[Modules] Generating List<LexerToken> runtime...
[Modules] Generating List<ASTStmtRef> runtime...
[Modules] Generating List<ASTNumber> runtime...
[Modules] Generating List<ASTFloat> runtime...
[Modules] Generating List<ASTString> runtime...
[Modules] Generating List<ASTBool> runtime...
[Modules] Generating List<ASTIdentifier> runtime...
[Modules] Generating List<ASTBinaryOp> runtime...
[Modules] Generating List<ASTCall> runtime...
[Modules] Generating List<ASTModuleQualifiedCall> runtime...
[Modules] Generating List<ASTArrayLiteral> runtime...
[Modules] Generating List<ASTLet> runtime...
[Modules] Generating List<ASTSet> runtime...
[Modules] Generating List<ASTIf> runtime...
[Modules] Generating List<ASTWhile> runtime...
[Modules] Generating List<ASTFor> runtime...
[Modules] Generating List<ASTReturn> runtime...
[Modules] Generating List<ASTBlock> runtime...
[Modules] Generating List<ASTUnsafeBlock> runtime...
[Modules] Generating List<ASTPrint> runtime...
[Modules] Generating List<ASTAssert> runtime...
[Modules] Generating List<ASTFunction> runtime...
[Modules] Generating List<ASTShadow> runtime...
[Modules] Generating List<ASTStruct> runtime...
[Modules] Generating List<ASTStructLiteral> runtime...
[Modules] Generating List<ASTFieldAccess> runtime...
[Modules] Generating List<ASTEnum> runtime...
[Modules] Generating List<ASTUnion> runtime...
[Modules] Generating List<ASTUnionConstruct> runtime...
[Modules] Generating List<ASTMatch> runtime...
[Modules] Generating List<ASTImport> runtime...
[Modules] Generating List<ASTOpaqueType> runtime...
[Modules] Generating List<ASTTupleLiteral> runtime...
[Modules] Generating List<ASTTupleIndex> runtime...
[Modules] Generating List<Token> runtime...
[Modules] Generating List<CompilerDiagnostic_new> runtime...
[Modules] Generating List<CompilerDiagnostic_push> runtime...
[Modules] Generating List<CompilerDiagnostic_get> runtime...
[Modules] Generating List<CompilerDiagnostic_length> runtime...
[Modules] Generating List<LexerToken_new> runtime...
[Modules] Generating List<LexerToken_push> runtime...
[Modules] Generating List<LexerToken_get> runtime...
[Modules] Generating List<LexerToken_length> runtime...
[Modules] Generating List<ASTStmtRef_new> runtime...
[Modules] Generating List<ASTStmtRef_push> runtime...
[Modules] Generating List<ASTStmtRef_get> runtime...
[Modules] Generating List<ASTStmtRef_length> runtime...
[Modules] Generating List<ASTNumber_new> runtime...
[Modules] Generating List<ASTNumber_push> runtime...
[Modules] Generating List<ASTNumber_get> runtime...
[Modules] Generating List<ASTNumber_length> runtime...
[Modules] Generating List<ASTFloat_new> runtime...
[Modules] Generating List<ASTFloat_push> runtime...
[Modules] Generating List<ASTFloat_get> runtime...
[Modules] Generating List<ASTFloat_length> runtime...
[Modules] Generating List<ASTString_new> runtime...
[Modules] Generating List<ASTString_push> runtime...
[Modules] Generating List<ASTString_get> runtime...
[Modules] Generating List<ASTString_length> runtime...
[Modules] Generating List<ASTBool_new> runtime...
[Modules] Generating List<ASTBool_push> runtime...
[Modules] Generating List<ASTBool_get> runtime...
[Modules] Generating List<ASTBool_length> runtime...
Compiling module: /bin/gcc -std=c99 -I'/home/jkh/nanolang-qualification/record-lists-66a-observer-source'/src -I'/home/jkh/nanolang-qualification/record-lists-66a-observer-source'/modules/std -I'/home/jkh/nanolang-qualification/record-lists-66a-observer-source'/modules/std/collections -I'/home/jkh/nanolang-qualification/record-lists-66a-observer-source'/modules/std/json -I'/home/jkh/nanolang-qualification/record-lists-66a-observer-source'/modules/std/io -I'/home/jkh/nanolang-qualification/record-lists-66a-observer-source'/modules/std/math -I'/home/jkh/nanolang-qualification/record-lists-66a-observer-source'/modules/std/peg -I'/home/jkh/nanolang-qualification/record-lists-66a-observer-source'/modules/std/string -I'/home/jkh/nanolang-qualification/record-lists-66a-observer-source'/modules/sdl_helpers '-I/home/jkh/nanolang-qualification/record-lists-66a-observer-source/src_nano' -I/usr/include/SDL2 -D_REENTRANT  -c -o 'obj/nano_modules/.nano-module-AR8RMk/object.o' 'obj/nano_modules/.nano-module-AR8RMk/source.c'
✓ Compiled module to object file: obj/nano_modules/transpiler.o
  C source kept at: obj/nano_modules/.nano-module-AR8RMk/source.c
[Modules] Compiling nanolang module '/home/jkh/nanolang-qualification/record-lists-66a-observer-source/src_nano/compiler/owner_selection.nano'
✓ Generated module C code: obj/nano_modules/.nano-module-i3baz5/source.c
[Modules] Generating List<CompilerDiagnostic> runtime...
[Modules] Generating List<LexerToken> runtime...
[Modules] Generating List<ASTStmtRef> runtime...
[Modules] Generating List<ASTNumber> runtime...
[Modules] Generating List<ASTFloat> runtime...
[Modules] Generating List<ASTString> runtime...
[Modules] Generating List<ASTBool> runtime...
[Modules] Generating List<ASTIdentifier> runtime...
[Modules] Generating List<ASTBinaryOp> runtime...
[Modules] Generating List<ASTCall> runtime...
[Modules] Generating List<ASTModuleQualifiedCall> runtime...
[Modules] Generating List<ASTArrayLiteral> runtime...
[Modules] Generating List<ASTLet> runtime...
[Modules] Generating List<ASTSet> runtime...
[Modules] Generating List<ASTIf> runtime...
[Modules] Generating List<ASTWhile> runtime...
[Modules] Generating List<ASTFor> runtime...
[Modules] Generating List<ASTReturn> runtime...
[Modules] Generating List<ASTBlock> runtime...
[Modules] Generating List<ASTUnsafeBlock> runtime...
[Modules] Generating List<ASTPrint> runtime...
[Modules] Generating List<ASTAssert> runtime...
[Modules] Generating List<ASTFunction> runtime...
[Modules] Generating List<ASTShadow> runtime...
[Modules] Generating List<ASTStruct> runtime...
[Modules] Generating List<ASTStructLiteral> runtime...
[Modules] Generating List<ASTFieldAccess> runtime...
[Modules] Generating List<ASTEnum> runtime...
[Modules] Generating List<ASTUnion> runtime...
[Modules] Generating List<ASTUnionConstruct> runtime...
[Modules] Generating List<ASTMatch> runtime...
[Modules] Generating List<ASTImport> runtime...
[Modules] Generating List<ASTOpaqueType> runtime...
[Modules] Generating List<ASTTupleLiteral> runtime...
[Modules] Generating List<ASTTupleIndex> runtime...
[Modules] Generating List<CompilerDiagnostic_new> runtime...
[Modules] Generating List<CompilerDiagnostic_push> runtime...
[Modules] Generating List<CompilerDiagnostic_get> runtime...
[Modules] Generating List<CompilerDiagnostic_length> runtime...
[Modules] Generating List<LexerToken_new> runtime...
[Modules] Generating List<LexerToken_push> runtime...
[Modules] Generating List<LexerToken_get> runtime...
[Modules] Generating List<LexerToken_length> runtime...
[Modules] Generating List<ASTStmtRef_new> runtime...
[Modules] Generating List<ASTStmtRef_push> runtime...
[Modules] Generating List<ASTStmtRef_get> runtime...
[Modules] Generating List<ASTStmtRef_length> runtime...
[Modules] Generating List<ASTNumber_new> runtime...
[Modules] Generating List<ASTNumber_push> runtime...
[Modules] Generating List<ASTNumber_get> runtime...
[Modules] Generating List<ASTNumber_length> runtime...
[Modules] Generating List<ASTFloat_new> runtime...
[Modules] Generating List<ASTFloat_push> runtime...
[Modules] Generating List<ASTFloat_get> runtime...
[Modules] Generating List<ASTFloat_length> runtime...
[Modules] Generating List<ASTString_new> runtime...
[Modules] Generating List<ASTString_push> runtime...
[Modules] Generating List<ASTString_get> runtime...
[Modules] Generating List<ASTString_length> runtime...
[Modules] Generating List<ASTBool_new> runtime...
[Modules] Generating List<ASTBool_push> runtime...
[Modules] Generating List<ASTBool_get> runtime...
[Modules] Generating List<ASTBool_length> runtime...
[Modules] Generating List<ASTIdentifier_new> runtime...
Compiling module: /bin/gcc -std=c99 -I'/home/jkh/nanolang-qualification/record-lists-66a-observer-source'/src -I'/home/jkh/nanolang-qualification/record-lists-66a-observer-source'/modules/std -I'/home/jkh/nanolang-qualification/record-lists-66a-observer-source'/modules/std/collections -I'/home/jkh/nanolang-qualification/record-lists-66a-observer-source'/modules/std/json -I'/home/jkh/nanolang-qualification/record-lists-66a-observer-source'/modules/std/io -I'/home/jkh/nanolang-qualification/record-lists-66a-observer-source'/modules/std/math -I'/home/jkh/nanolang-qualification/record-lists-66a-observer-source'/modules/std/peg -I'/home/jkh/nanolang-qualification/record-lists-66a-observer-source'/modules/std/string -I'/home/jkh/nanolang-qualification/record-lists-66a-observer-source'/modules/sdl_helpers '-I/home/jkh/nanolang-qualification/record-lists-66a-observer-source/src_nano/compiler' -I/usr/include/SDL2 -D_REENTRANT  -c -o 'obj/nano_modules/.nano-module-i3baz5/object.o' 'obj/nano_modules/.nano-module-i3baz5/source.c'
✓ Compiled module to object file: obj/nano_modules/owner_selection.o
  C source kept at: obj/nano_modules/.nano-module-i3baz5/source.c
[Modules] Compiling nanolang module '/home/jkh/nanolang-qualification/record-lists-66a-observer-source/src_nano/compiler/nanoisa_borrows.nano'
✓ Generated module C code: obj/nano_modules/.nano-module-9fuW7r/source.c
[Modules] Generating List<CompilerDiagnostic> runtime...
[Modules] Generating List<LexerToken> runtime...
[Modules] Generating List<ASTStmtRef> runtime...
[Modules] Generating List<ASTNumber> runtime...
[Modules] Generating List<ASTFloat> runtime...
[Modules] Generating List<ASTString> runtime...
[Modules] Generating List<ASTBool> runtime...
[Modules] Generating List<ASTIdentifier> runtime...
[Modules] Generating List<ASTBinaryOp> runtime...
[Modules] Generating List<ASTCall> runtime...
[Modules] Generating List<ASTModuleQualifiedCall> runtime...
[Modules] Generating List<ASTArrayLiteral> runtime...
[Modules] Generating List<ASTLet> runtime...
[Modules] Generating List<ASTSet> runtime...
[Modules] Generating List<ASTIf> runtime...
[Modules] Generating List<ASTWhile> runtime...
[Modules] Generating List<ASTFor> runtime...
[Modules] Generating List<ASTReturn> runtime...
[Modules] Generating List<ASTBlock> runtime...
[Modules] Generating List<ASTUnsafeBlock> runtime...
[Modules] Generating List<ASTPrint> runtime...
[Modules] Generating List<ASTAssert> runtime...
[Modules] Generating List<ASTFunction> runtime...
[Modules] Generating List<ASTShadow> runtime...
[Modules] Generating List<ASTStruct> runtime...
[Modules] Generating List<ASTStructLiteral> runtime...
[Modules] Generating List<ASTFieldAccess> runtime...
[Modules] Generating List<ASTEnum> runtime...
[Modules] Generating List<ASTUnion> runtime...
[Modules] Generating List<ASTUnionConstruct> runtime...
[Modules] Generating List<ASTMatch> runtime...
[Modules] Generating List<ASTImport> runtime...
[Modules] Generating List<ASTOpaqueType> runtime...
[Modules] Generating List<ASTTupleLiteral> runtime...
[Modules] Generating List<ASTTupleIndex> runtime...
[Modules] Generating List<CompilerDiagnostic_new> runtime...
[Modules] Generating List<CompilerDiagnostic_push> runtime...
[Modules] Generating List<CompilerDiagnostic_get> runtime...
[Modules] Generating List<CompilerDiagnostic_length> runtime...
[Modules] Generating List<LexerToken_new> runtime...
[Modules] Generating List<LexerToken_push> runtime...
[Modules] Generating List<LexerToken_get> runtime...
[Modules] Generating List<LexerToken_length> runtime...
[Modules] Generating List<ASTStmtRef_new> runtime...
[Modules] Generating List<ASTStmtRef_push> runtime...
[Modules] Generating List<ASTStmtRef_get> runtime...
[Modules] Generating List<ASTStmtRef_length> runtime...
[Modules] Generating List<ASTNumber_new> runtime...
[Modules] Generating List<ASTNumber_push> runtime...
[Modules] Generating List<ASTNumber_get> runtime...
[Modules] Generating List<ASTNumber_length> runtime...
[Modules] Generating List<ASTFloat_new> runtime...
[Modules] Generating List<ASTFloat_push> runtime...
[Modules] Generating List<ASTFloat_get> runtime...
[Modules] Generating List<ASTFloat_length> runtime...
[Modules] Generating List<ASTString_new> runtime...
[Modules] Generating List<ASTString_push> runtime...
[Modules] Generating List<ASTString_get> runtime...
[Modules] Generating List<ASTString_length> runtime...
[Modules] Generating List<ASTBool_new> runtime...
[Modules] Generating List<ASTBool_push> runtime...
[Modules] Generating List<ASTBool_get> runtime...
[Modules] Generating List<ASTBool_length> runtime...
[Modules] Generating List<ASTIdentifier_new> runtime...
Compiling module: /bin/gcc -std=c99 -I'/home/jkh/nanolang-qualification/record-lists-66a-observer-source'/src -I'/home/jkh/nanolang-qualification/record-lists-66a-observer-source'/modules/std -I'/home/jkh/nanolang-qualification/record-lists-66a-observer-source'/modules/std/collections -I'/home/jkh/nanolang-qualification/record-lists-66a-observer-source'/modules/std/json -I'/home/jkh/nanolang-qualification/record-lists-66a-observer-source'/modules/std/io -I'/home/jkh/nanolang-qualification/record-lists-66a-observer-source'/modules/std/math -I'/home/jkh/nanolang-qualification/record-lists-66a-observer-source'/modules/std/peg -I'/home/jkh/nanolang-qualification/record-lists-66a-observer-source'/modules/std/string -I'/home/jkh/nanolang-qualification/record-lists-66a-observer-source'/modules/sdl_helpers '-I/home/jkh/nanolang-qualification/record-lists-66a-observer-source/src_nano/compiler' -I/usr/include/SDL2 -D_REENTRANT  -c -o 'obj/nano_modules/.nano-module-9fuW7r/object.o' 'obj/nano_modules/.nano-module-9fuW7r/source.c'
✓ Compiled module to object file: obj/nano_modules/nanoisa_borrows.o
  C source kept at: obj/nano_modules/.nano-module-9fuW7r/source.c
[Modules] Building C module 'compiler_support' (/home/jkh/nanolang-qualification/record-lists-66a-observer-source/modules/compiler_support)
[Modules] Also compiling nanolang parts of C module 'compiler_support'
✓ Generated module C code: obj/nano_modules/.nano-module-hdssfF/source.c
Compiling module: /bin/gcc -std=c99 -I'/home/jkh/nanolang-qualification/record-lists-66a-observer-source'/src -I'/home/jkh/nanolang-qualification/record-lists-66a-observer-source'/modules/std -I'/home/jkh/nanolang-qualification/record-lists-66a-observer-source'/modules/std/collections -I'/home/jkh/nanolang-qualification/record-lists-66a-observer-source'/modules/std/json -I'/home/jkh/nanolang-qualification/record-lists-66a-observer-source'/modules/std/io -I'/home/jkh/nanolang-qualification/record-lists-66a-observer-source'/modules/std/math -I'/home/jkh/nanolang-qualification/record-lists-66a-observer-source'/modules/std/peg -I'/home/jkh/nanolang-qualification/record-lists-66a-observer-source'/modules/std/string -I'/home/jkh/nanolang-qualification/record-lists-66a-observer-source'/modules/sdl_helpers '-I/home/jkh/nanolang-qualification/record-lists-66a-observer-source/modules/compiler_support' -I/usr/include/SDL2 -D_REENTRANT -I'src' -D_GNU_SOURCE -c -o 'obj/nano_modules/.nano-module-hdssfF/object.o' 'obj/nano_modules/.nano-module-hdssfF/source.c'
✓ Compiled module to object file: obj/nano_modules/compiler_support_nano_compiler_support.o
  C source kept at: obj/nano_modules/.nano-module-hdssfF/source.c
[Modules] Compiling nanolang module '/home/jkh/nanolang-qualification/record-lists-66a-observer-source/src_nano/compiler/nanoisa_codegen.nano'
✓ Generated module C code: obj/nano_modules/.nano-module-ND2v1w/source.c
[Modules] Generating List<CompilerDiagnostic> runtime...
[Modules] Generating List<LexerToken> runtime...
[Modules] Generating List<ASTStmtRef> runtime...
[Modules] Generating List<ASTNumber> runtime...
[Modules] Generating List<ASTFloat> runtime...
[Modules] Generating List<ASTString> runtime...
[Modules] Generating List<ASTBool> runtime...
[Modules] Generating List<ASTIdentifier> runtime...
[Modules] Generating List<ASTBinaryOp> runtime...
[Modules] Generating List<ASTCall> runtime...
[Modules] Generating List<ASTModuleQualifiedCall> runtime...
[Modules] Generating List<ASTArrayLiteral> runtime...
[Modules] Generating List<ASTLet> runtime...
[Modules] Generating List<ASTSet> runtime...
[Modules] Generating List<ASTIf> runtime...
[Modules] Generating List<ASTWhile> runtime...
[Modules] Generating List<ASTFor> runtime...
[Modules] Generating List<ASTReturn> runtime...
[Modules] Generating List<ASTBlock> runtime...
[Modules] Generating List<ASTUnsafeBlock> runtime...
[Modules] Generating List<ASTPrint> runtime...
[Modules] Generating List<ASTAssert> runtime...
[Modules] Generating List<ASTFunction> runtime...
[Modules] Generating List<ASTShadow> runtime...
[Modules] Generating List<ASTStruct> runtime...
[Modules] Generating List<ASTStructLiteral> runtime...
[Modules] Generating List<ASTFieldAccess> runtime...
[Modules] Generating List<ASTEnum> runtime...
[Modules] Generating List<ASTUnion> runtime...
[Modules] Generating List<ASTUnionConstruct> runtime...
[Modules] Generating List<ASTMatch> runtime...
[Modules] Generating List<ASTImport> runtime...
[Modules] Generating List<ASTOpaqueType> runtime...
[Modules] Generating List<ASTTupleLiteral> runtime...
[Modules] Generating List<ASTTupleIndex> runtime...
[Modules] Generating List<CompilerDiagnostic_new> runtime...
[Modules] Generating List<CompilerDiagnostic_push> runtime...
[Modules] Generating List<CompilerDiagnostic_get> runtime...
[Modules] Generating List<CompilerDiagnostic_length> runtime...
[Modules] Generating List<LexerToken_new> runtime...
[Modules] Generating List<LexerToken_push> runtime...
[Modules] Generating List<LexerToken_get> runtime...
[Modules] Generating List<LexerToken_length> runtime...
[Modules] Generating List<ASTStmtRef_new> runtime...
[Modules] Generating List<ASTStmtRef_push> runtime...
[Modules] Generating List<ASTStmtRef_get> runtime...
[Modules] Generating List<ASTStmtRef_length> runtime...
[Modules] Generating List<ASTNumber_new> runtime...
[Modules] Generating List<ASTNumber_push> runtime...
[Modules] Generating List<ASTNumber_get> runtime...
[Modules] Generating List<ASTNumber_length> runtime...
[Modules] Generating List<ASTFloat_new> runtime...
[Modules] Generating List<ASTFloat_push> runtime...
[Modules] Generating List<ASTFloat_get> runtime...
[Modules] Generating List<ASTFloat_length> runtime...
[Modules] Generating List<ASTString_new> runtime...
[Modules] Generating List<ASTString_push> runtime...
[Modules] Generating List<ASTString_get> runtime...
[Modules] Generating List<ASTString_length> runtime...
[Modules] Generating List<ASTBool_new> runtime...
[Modules] Generating List<ASTBool_push> runtime...
[Modules] Generating List<ASTBool_get> runtime...
[Modules] Generating List<ASTBool_length> runtime...
[Modules] Generating List<ASTIdentifier_new> runtime...
Compiling module: /bin/gcc -std=c99 -I'/home/jkh/nanolang-qualification/record-lists-66a-observer-source'/src -I'/home/jkh/nanolang-qualification/record-lists-66a-observer-source'/modules/std -I'/home/jkh/nanolang-qualification/record-lists-66a-observer-source'/modules/std/collections -I'/home/jkh/nanolang-qualification/record-lists-66a-observer-source'/modules/std/json -I'/home/jkh/nanolang-qualification/record-lists-66a-observer-source'/modules/std/io -I'/home/jkh/nanolang-qualification/record-lists-66a-observer-source'/modules/std/math -I'/home/jkh/nanolang-qualification/record-lists-66a-observer-source'/modules/std/peg -I'/home/jkh/nanolang-qualification/record-lists-66a-observer-source'/modules/std/string -I'/home/jkh/nanolang-qualification/record-lists-66a-observer-source'/modules/sdl_helpers '-I/home/jkh/nanolang-qualification/record-lists-66a-observer-source/src_nano/compiler' -I/usr/include/SDL2 -D_REENTRANT  -c -o 'obj/nano_modules/.nano-module-ND2v1w/object.o' 'obj/nano_modules/.nano-module-ND2v1w/source.c'
✓ Compiled module to object file: obj/nano_modules/nanoisa_codegen.o
  C source kept at: obj/nano_modules/.nano-module-ND2v1w/source.c
[Modules] Building C module 'nanoisa' (/home/jkh/nanolang-qualification/record-lists-66a-observer-source/modules/nanoisa)
[Modules] Also compiling nanolang parts of C module 'nanoisa'
✓ Generated module C code: obj/nano_modules/.nano-module-sq30JR/source.c
Compiling module: /bin/gcc -std=c99 -I'/home/jkh/nanolang-qualification/record-lists-66a-observer-source'/src -I'/home/jkh/nanolang-qualification/record-lists-66a-observer-source'/modules/std -I'/home/jkh/nanolang-qualification/record-lists-66a-observer-source'/modules/std/collections -I'/home/jkh/nanolang-qualification/record-lists-66a-observer-source'/modules/std/json -I'/home/jkh/nanolang-qualification/record-lists-66a-observer-source'/modules/std/io -I'/home/jkh/nanolang-qualification/record-lists-66a-observer-source'/modules/std/math -I'/home/jkh/nanolang-qualification/record-lists-66a-observer-source'/modules/std/peg -I'/home/jkh/nanolang-qualification/record-lists-66a-observer-source'/modules/std/string -I'/home/jkh/nanolang-qualification/record-lists-66a-observer-source'/modules/sdl_helpers '-I/home/jkh/nanolang-qualification/record-lists-66a-observer-source/modules/nanoisa' -I/usr/include/SDL2 -D_REENTRANT  -c -o 'obj/nano_modules/.nano-module-sq30JR/object.o' 'obj/nano_modules/.nano-module-sq30JR/source.c'
✓ Compiled module to object file: obj/nano_modules/nanoisa_nano_nanoisa.o
  C source kept at: obj/nano_modules/.nano-module-sq30JR/source.c
[Modules] Compiling nanolang module '/home/jkh/nanolang-qualification/record-lists-66a-observer-source/src_nano/compiler/module_loader.nano'
✓ Generated module C code: obj/nano_modules/.nano-module-PDkWY8/source.c
[Modules] Generating List<CompilerDiagnostic> runtime...
[Modules] Generating List<LexerToken> runtime...
[Modules] Generating List<ASTStmtRef> runtime...
[Modules] Generating List<ASTNumber> runtime...
[Modules] Generating List<ASTFloat> runtime...
[Modules] Generating List<ASTString> runtime...
[Modules] Generating List<ASTBool> runtime...
[Modules] Generating List<ASTIdentifier> runtime...
[Modules] Generating List<ASTBinaryOp> runtime...
[Modules] Generating List<ASTCall> runtime...
[Modules] Generating List<ASTModuleQualifiedCall> runtime...
[Modules] Generating List<ASTArrayLiteral> runtime...
[Modules] Generating List<ASTLet> runtime...
[Modules] Generating List<ASTSet> runtime...
[Modules] Generating List<ASTIf> runtime...
[Modules] Generating List<ASTWhile> runtime...
[Modules] Generating List<ASTFor> runtime...
[Modules] Generating List<ASTReturn> runtime...
[Modules] Generating List<ASTBlock> runtime...
[Modules] Generating List<ASTUnsafeBlock> runtime...
[Modules] Generating List<ASTPrint> runtime...
[Modules] Generating List<ASTAssert> runtime...
[Modules] Generating List<ASTFunction> runtime...
[Modules] Generating List<ASTShadow> runtime...
[Modules] Generating List<ASTStruct> runtime...
[Modules] Generating List<ASTStructLiteral> runtime...
[Modules] Generating List<ASTFieldAccess> runtime...
[Modules] Generating List<ASTEnum> runtime...
[Modules] Generating List<ASTUnion> runtime...
[Modules] Generating List<ASTUnionConstruct> runtime...
[Modules] Generating List<ASTMatch> runtime...
[Modules] Generating List<ASTImport> runtime...
[Modules] Generating List<ASTOpaqueType> runtime...
[Modules] Generating List<ASTTupleLiteral> runtime...
[Modules] Generating List<ASTTupleIndex> runtime...
[Modules] Generating List<CompilerDiagnostic_new> runtime...
[Modules] Generating List<CompilerDiagnostic_push> runtime...
[Modules] Generating List<CompilerDiagnostic_get> runtime...
[Modules] Generating List<CompilerDiagnostic_length> runtime...
[Modules] Generating List<LexerToken_new> runtime...
[Modules] Generating List<LexerToken_push> runtime...
[Modules] Generating List<LexerToken_get> runtime...
[Modules] Generating List<LexerToken_length> runtime...
[Modules] Generating List<ASTStmtRef_new> runtime...
[Modules] Generating List<ASTStmtRef_push> runtime...
[Modules] Generating List<ASTStmtRef_get> runtime...
[Modules] Generating List<ASTStmtRef_length> runtime...
[Modules] Generating List<ASTNumber_new> runtime...
[Modules] Generating List<ASTNumber_push> runtime...
[Modules] Generating List<ASTNumber_get> runtime...
[Modules] Generating List<ASTNumber_length> runtime...
[Modules] Generating List<ASTFloat_new> runtime...
[Modules] Generating List<ASTFloat_push> runtime...
[Modules] Generating List<ASTFloat_get> runtime...
[Modules] Generating List<ASTFloat_length> runtime...
[Modules] Generating List<ASTString_new> runtime...
[Modules] Generating List<ASTString_push> runtime...
[Modules] Generating List<ASTString_get> runtime...
[Modules] Generating List<ASTString_length> runtime...
[Modules] Generating List<ASTBool_new> runtime...
[Modules] Generating List<ASTBool_push> runtime...
[Modules] Generating List<ASTBool_get> runtime...
[Modules] Generating List<ASTBool_length> runtime...
[Modules] Generating List<ASTIdentifier_new> runtime...
Compiling module: /bin/gcc -std=c99 -I'/home/jkh/nanolang-qualification/record-lists-66a-observer-source'/src -I'/home/jkh/nanolang-qualification/record-lists-66a-observer-source'/modules/std -I'/home/jkh/nanolang-qualification/record-lists-66a-observer-source'/modules/std/collections -I'/home/jkh/nanolang-qualification/record-lists-66a-observer-source'/modules/std/json -I'/home/jkh/nanolang-qualification/record-lists-66a-observer-source'/modules/std/io -I'/home/jkh/nanolang-qualification/record-lists-66a-observer-source'/modules/std/math -I'/home/jkh/nanolang-qualification/record-lists-66a-observer-source'/modules/std/peg -I'/home/jkh/nanolang-qualification/record-lists-66a-observer-source'/modules/std/string -I'/home/jkh/nanolang-qualification/record-lists-66a-observer-source'/modules/sdl_helpers '-I/home/jkh/nanolang-qualification/record-lists-66a-observer-source/src_nano/compiler' -I/usr/include/SDL2 -D_REENTRANT  -c -o 'obj/nano_modules/.nano-module-PDkWY8/object.o' 'obj/nano_modules/.nano-module-PDkWY8/source.c'
✓ Compiled module to object file: obj/nano_modules/module_loader.o
  C source kept at: obj/nano_modules/.nano-module-PDkWY8/source.c
[Modules] Compiling nanolang module '/home/jkh/nanolang-qualification/record-lists-66a-observer-source/src_nano/compiler/module_introspection.nano'
✓ Generated module C code: obj/nano_modules/.nano-module-E4yurn/source.c
[Modules] Generating List<CompilerDiagnostic> runtime...
[Modules] Generating List<LexerToken> runtime...
[Modules] Generating List<ASTStmtRef> runtime...
[Modules] Generating List<ASTNumber> runtime...
[Modules] Generating List<ASTFloat> runtime...
[Modules] Generating List<ASTString> runtime...
[Modules] Generating List<ASTBool> runtime...
[Modules] Generating List<ASTIdentifier> runtime...
[Modules] Generating List<ASTBinaryOp> runtime...
[Modules] Generating List<ASTCall> runtime...
[Modules] Generating List<ASTModuleQualifiedCall> runtime...
[Modules] Generating List<ASTArrayLiteral> runtime...
[Modules] Generating List<ASTLet> runtime...
[Modules] Generating List<ASTSet> runtime...
[Modules] Generating List<ASTIf> runtime...
[Modules] Generating List<ASTWhile> runtime...
[Modules] Generating List<ASTFor> runtime...
[Modules] Generating List<ASTReturn> runtime...
[Modules] Generating List<ASTBlock> runtime...
[Modules] Generating List<ASTUnsafeBlock> runtime...
[Modules] Generating List<ASTPrint> runtime...
[Modules] Generating List<ASTAssert> runtime...
[Modules] Generating List<ASTFunction> runtime...
[Modules] Generating List<ASTShadow> runtime...
[Modules] Generating List<ASTStruct> runtime...
[Modules] Generating List<ASTStructLiteral> runtime...
[Modules] Generating List<ASTFieldAccess> runtime...
[Modules] Generating List<ASTEnum> runtime...
[Modules] Generating List<ASTUnion> runtime...
[Modules] Generating List<ASTUnionConstruct> runtime...
[Modules] Generating List<ASTMatch> runtime...
[Modules] Generating List<ASTImport> runtime...
[Modules] Generating List<ASTOpaqueType> runtime...
[Modules] Generating List<ASTTupleLiteral> runtime...
[Modules] Generating List<ASTTupleIndex> runtime...
[Modules] Generating List<CompilerDiagnostic_new> runtime...
[Modules] Generating List<CompilerDiagnostic_push> runtime...
[Modules] Generating List<CompilerDiagnostic_get> runtime...
[Modules] Generating List<CompilerDiagnostic_length> runtime...
[Modules] Generating List<LexerToken_new> runtime...
[Modules] Generating List<LexerToken_push> runtime...
[Modules] Generating List<LexerToken_get> runtime...
[Modules] Generating List<LexerToken_length> runtime...
[Modules] Generating List<ASTStmtRef_new> runtime...
[Modules] Generating List<ASTStmtRef_push> runtime...
[Modules] Generating List<ASTStmtRef_get> runtime...
[Modules] Generating List<ASTStmtRef_length> runtime...
[Modules] Generating List<ASTNumber_new> runtime...
[Modules] Generating List<ASTNumber_push> runtime...
[Modules] Generating List<ASTNumber_get> runtime...
[Modules] Generating List<ASTNumber_length> runtime...
[Modules] Generating List<ASTFloat_new> runtime...
[Modules] Generating List<ASTFloat_push> runtime...
[Modules] Generating List<ASTFloat_get> runtime...
[Modules] Generating List<ASTFloat_length> runtime...
[Modules] Generating List<ASTString_new> runtime...
[Modules] Generating List<ASTString_push> runtime...
[Modules] Generating List<ASTString_get> runtime...
[Modules] Generating List<ASTString_length> runtime...
[Modules] Generating List<ASTBool_new> runtime...
[Modules] Generating List<ASTBool_push> runtime...
[Modules] Generating List<ASTBool_get> runtime...
[Modules] Generating List<ASTBool_length> runtime...
[Modules] Generating List<ASTIdentifier_new> runtime...
Compiling module: /bin/gcc -std=c99 -I'/home/jkh/nanolang-qualification/record-lists-66a-observer-source'/src -I'/home/jkh/nanolang-qualification/record-lists-66a-observer-source'/modules/std -I'/home/jkh/nanolang-qualification/record-lists-66a-observer-source'/modules/std/collections -I'/home/jkh/nanolang-qualification/record-lists-66a-observer-source'/modules/std/json -I'/home/jkh/nanolang-qualification/record-lists-66a-observer-source'/modules/std/io -I'/home/jkh/nanolang-qualification/record-lists-66a-observer-source'/modules/std/math -I'/home/jkh/nanolang-qualification/record-lists-66a-observer-source'/modules/std/peg -I'/home/jkh/nanolang-qualification/record-lists-66a-observer-source'/modules/std/string -I'/home/jkh/nanolang-qualification/record-lists-66a-observer-source'/modules/sdl_helpers '-I/home/jkh/nanolang-qualification/record-lists-66a-observer-source/src_nano/compiler' -I/usr/include/SDL2 -D_REENTRANT  -c -o 'obj/nano_modules/.nano-module-E4yurn/object.o' 'obj/nano_modules/.nano-module-E4yurn/source.c'
✓ Compiled module to object file: obj/nano_modules/module_introspection.o
  C source kept at: obj/nano_modules/.nano-module-E4yurn/source.c
[Modules] ✓ Complete: 26 nanolang, 3 C, 0 FFI-only
[FFI] No shared library found for module 'compiler_schema'
[FFI] No shared library found for module 'compiler_contracts'
[FFI] No shared library found for module 'compiler_ast'
[FFI] No shared library found for module 'ast_shared'
[FFI] No shared library found for module 'ir'
[FFI] No shared library found for module 'token_value_bytes'
[FFI] No shared library found for module 'diagnostics'
[FFI] Loaded module 'std' from /home/jkh/nanolang-qualification/record-lists-66a-observer-source/obj/module_cache/v2-286debbbc2f707d1e664996eb43e808ae9b06439e38de7c612add99d881aea44/.nano-gen-b3mhoM/libstd.so
[FFI] No shared library found for module 'lexer'
[FFI] No shared library found for module 'parser'
[FFI] No shared library found for module 'passive_graph'
[FFI] No shared library found for module 'module_bindings'
[FFI] No shared library found for module 'passive_purity'
[FFI] No shared library found for module 'declaration_ownership'
[FFI] No shared library found for module 'type_substitution'
[FFI] No shared library found for module 'nominal_bindings'
[FFI] No shared library found for module 'purity_intrinsics'
[FFI] No shared library found for module 'error_messages'
[FFI] No shared library found for module 'typecheck'
[FFI] No shared library found for module 'binary64_format_runtime'
[FFI] No shared library found for module 'binary64_arithmetic_runtime'
[FFI] No shared library found for module 'transpiler'
[FFI] No shared library found for module 'owner_selection'
[FFI] No shared library found for module 'nanoisa_borrows'
[FFI] Loaded module 'compiler_support' from /home/jkh/nanolang-qualification/record-lists-66a-observer-source/obj/module_cache/v2-662cc7b725fd6eadb1690de189d58fb067ebc90fed39703a388ab967239d1450/.nano-gen-IVoN9A/libcompiler_support.so
[FFI] No shared library found for module 'nanoisa_codegen'
[FFI] Loaded module 'nanoisa' from /home/jkh/nanolang-qualification/record-lists-66a-observer-source/obj/module_cache/v2-ad6f2b0d5411e635a7c9bb69d3113e8df1f35e0e3e4ef411c88325101c011869/.nano-gen-JxTi7y/libnanoisa.so
[FFI] No shared library found for module 'module_loader'
[FFI] No shared library found for module 'module_introspection'
✓ Shadow tests passed
Ensuring module ASTs are cached for declaration generation...
✓ Module ASTs cached
Transpiling to C...
✓ Transpilation complete (10628 lines of C, 499858 bytes)
✓ Generated C code: /home/jkh/nanolang-qualification/record-lists-66a-observer-report/tmp/nanoc_266005_stage1.c
Adding module include path: /home/jkh/nanolang-qualification/record-lists-66a-observer-source/src_nano/generated
Adding module include path: /home/jkh/nanolang-qualification/record-lists-66a-observer-source/src_nano
Adding module include path: /home/jkh/nanolang-qualification/record-lists-66a-observer-source/src_nano/compiler
Adding module include path: /home/jkh/nanolang-qualification/record-lists-66a-observer-source/modules/std
Adding module include path: /home/jkh/nanolang-qualification/record-lists-66a-observer-source/modules/compiler_support
Adding module include path: /home/jkh/nanolang-qualification/record-lists-66a-observer-source/modules/nanoisa
Detected 35 generic list type(s): ASTArrayLiteral, ASTAssert, ASTBinaryOp, ASTBlock, ASTBool, ASTCall, ASTEnum, ASTFieldAccess, ASTFloat, ASTFor, ASTFunction, ASTIdentifier, ASTIf, ASTImport, ASTLet, ASTMatch, ASTModuleQualifiedCall, ASTNumber, ASTOpaqueType, ASTPrint, ASTReturn, ASTSet, ASTShadow, ASTStmtRef, ASTString, ASTStruct, ASTStructLiteral, ASTTupleIndex, ASTTupleLiteral, ASTUnion, ASTUnionConstruct, ASTUnsafeBlock, ASTWhile, CompilerDiagnostic, LexerToken
Compiling C code: /bin/gcc -std=c99 -Wall -Wextra -Werror -Wno-error=unused-function -Wno-error=unused-parameter -Wno-error=unused-variable -Wno-error=unused-but-set-variable -Wno-error=logical-not-parentheses -Wno-error=duplicate-decl-specifier     -I'/home/jkh/nanolang-qualification/record-lists-66a-observer-source/src' -I'/home/jkh/nanolang-qualification/record-lists-66a-observer-source/src_nano/generated' -I'/home/jkh/nanolang-qualification/record-lists-66a-observer-source/src_nano' -I'/home/jkh/nanolang-qualification/record-lists-66a-observer-source/src_nano/compiler' -I'/home/jkh/nanolang-qualification/record-lists-66a-observer-source/modules/std' -I'/home/jkh/nanolang-qualification/record-lists-66a-observer-source/modules/compiler_support' -I'/home/jkh/nanolang-qualification/record-lists-66a-observer-source/modules/nanoisa' -I'src' -D_GNU_SOURCE -I'/home/jkh/nanolang-qualification/record-lists-66a-observer-report/tmp' -rdynamic -o '/home/jkh/nanolang-qualification/record-lists-66a-observer-report/stage1' '/home/jkh/nanolang-qualification/record-lists-66a-observer-report/tmp/nanoc_266005_stage1.c' 'obj/nano_modules/compiler_schema.o' 'obj/nano_modules/compiler_contracts.o' 'obj/nano_modules/compiler_ast.o' 'obj/nano_modules/ast_shared.o' 'obj/nano_modules/ir.o' 'obj/nano_modules/token_value_bytes.o' 'obj/nano_modules/diagnostics.o' 'obj/nano_modules/std_nano_fs.o' 'obj/nano_modules/lexer.o' 'obj/nano_modules/parser.o' 'obj/nano_modules/passive_graph.o' 'obj/nano_modules/module_bindings.o' 'obj/nano_modules/passive_purity.o' 'obj/nano_modules/declaration_ownership.o' 'obj/nano_modules/type_substitution.o' 'obj/nano_modules/nominal_bindings.o' 'obj/nano_modules/purity_intrinsics.o' 'obj/nano_modules/error_messages.o' 'obj/nano_modules/typecheck.o' 'obj/nano_modules/binary64_format_runtime.o' 'obj/nano_modules/binary64_arithmetic_runtime.o' 'obj/nano_modules/transpiler.o' 'obj/nano_modules/owner_selection.o' 'obj/nano_modules/nanoisa_borrows.o' 'obj/nano_modules/compiler_support_nano_compiler_support.o' 'obj/nano_modules/nanoisa_codegen.o' 'obj/nano_modules/nanoisa_nano_nanoisa.o' 'obj/nano_modules/module_loader.o' 'obj/nano_modules/module_introspection.o' /home/jkh/nanolang-qualification/record-lists-66a-observer-source/obj/module_cache/v2-286debbbc2f707d1e664996eb43e808ae9b06439e38de7c612add99d881aea44/.nano-gen-b3mhoM/std.o /home/jkh/nanolang-qualification/record-lists-66a-observer-source/obj/module_cache/v2-662cc7b725fd6eadb1690de189d58fb067ebc90fed39703a388ab967239d1450/.nano-gen-IVoN9A/compiler_support.o -lssl -lcrypto /home/jkh/nanolang-qualification/record-lists-66a-observer-source/obj/module_cache/v2-ad6f2b0d5411e635a7c9bb69d3113e8df1f35e0e3e4ef411c88325101c011869/.nano-gen-JxTi7y/nanoisa.o  '/home/jkh/nanolang-qualification/record-lists-66a-observer-source/src/runtime/list_int.c' '/home/jkh/nanolang-qualification/record-lists-66a-observer-source/src/runtime/list_string.c' '/home/jkh/nanolang-qualification/record-lists-66a-observer-source/src/runtime/list_LexerToken.c' '/home/jkh/nanolang-qualification/record-lists-66a-observer-source/src/runtime/list_token.c' '/home/jkh/nanolang-qualification/record-lists-66a-observer-source/src/runtime/list_CompilerDiagnostic.c' '/home/jkh/nanolang-qualification/record-lists-66a-observer-source/src/runtime/list_CompilerSourceLocation.c' '/home/jkh/nanolang-qualification/record-lists-66a-observer-source/src/runtime/list_ASTNumber.c' '/home/jkh/nanolang-qualification/record-lists-66a-observer-source/src/runtime/list_ASTFloat.c' '/home/jkh/nanolang-qualification/record-lists-66a-observer-source/src/runtime/list_ASTString.c' '/home/jkh/nanolang-qualification/record-lists-66a-observer-source/src/runtime/list_ASTBool.c' '/home/jkh/nanolang-qualification/record-lists-66a-observer-source/src/runtime/list_ASTIdentifier.c' '/home/jkh/nanolang-qualification/record-lists-66a-observer-source/src/runtime/list_ASTBinaryOp.c' '/home/jkh/nanolang-qualification/record-lists-66a-observer-source/src/runtime/list_ASTCall.c' '/home/jkh/nanolang-qualification/record-lists-66a-observer-source/src/runtime/list_ASTModuleQualifiedCall.c' '/home/jkh/nanolang-qualification/record-lists-66a-observer-source/src/runtime/list_ASTArrayLiteral.c' '/home/jkh/nanolang-qualification/record-lists-66a-observer-source/src/runtime/list_ASTLet.c' '/home/jkh/nanolang-qualification/record-lists-66a-observer-source/src/runtime/list_ASTSet.c' '/home/jkh/nanolang-qualification/record-lists-66a-observer-source/src/runtime/list_ASTStmtRef.c' '/home/jkh/nanolang-qualification/record-lists-66a-observer-source/src/runtime/list_ASTIf.c' '/home/jkh/nanolang-qualification/record-lists-66a-observer-source/src/runtime/list_ASTWhile.c' '/home/jkh/nanolang-qualification/record-lists-66a-observer-source/src/runtime/list_ASTFor.c' '/home/jkh/nanolang-qualification/record-lists-66a-observer-source/src/runtime/list_ASTReturn.c' '/home/jkh/nanolang-qualification/record-lists-66a-observer-source/src/runtime/list_ASTBlock.c' '/home/jkh/nanolang-qualification/record-lists-66a-observer-source/src/runtime/list_ASTUnsafeBlock.c' '/home/jkh/nanolang-qualification/record-lists-66a-observer-source/src/runtime/list_ASTPrint.c' '/home/jkh/nanolang-qualification/record-lists-66a-observer-source/src/runtime/list_ASTAssert.c' '/home/jkh/nanolang-qualification/record-lists-66a-observer-source/src/runtime/list_ASTFunction.c' '/home/jkh/nanolang-qualification/record-lists-66a-observer-source/src/runtime/list_ASTShadow.c' '/home/jkh/nanolang-qualification/record-lists-66a-observer-source/src/runtime/list_ASTStruct.c' '/home/jkh/nanolang-qualification/record-lists-66a-observer-source/src/runtime/list_ASTStructLiteral.c' '/home/jkh/nanolang-qualification/record-lists-66a-observer-source/src/runtime/list_ASTFieldAccess.c' '/home/jkh/nanolang-qualification/record-lists-66a-observer-source/src/runtime/list_ASTEnum.c' '/home/jkh/nanolang-qualification/record-lists-66a-observer-source/src/runtime/list_ASTUnion.c' '/home/jkh/nanolang-qualification/record-lists-66a-observer-source/src/runtime/list_ASTUnionConstruct.c' '/home/jkh/nanolang-qualification/record-lists-66a-observer-source/src/runtime/list_ASTMatch.c' '/home/jkh/nanolang-qualification/record-lists-66a-observer-source/src/runtime/list_ASTImport.c' '/home/jkh/nanolang-qualification/record-lists-66a-observer-source/src/runtime/list_ASTOpaqueType.c' '/home/jkh/nanolang-qualification/record-lists-66a-observer-source/src/runtime/list_ASTTupleLiteral.c' '/home/jkh/nanolang-qualification/record-lists-66a-observer-source/src/runtime/list_ASTTupleIndex.c' '/home/jkh/nanolang-qualification/record-lists-66a-observer-source/src/runtime/token_helpers.c' '/home/jkh/nanolang-qualification/record-lists-66a-observer-source/src/runtime/gc.c' '/home/jkh/nanolang-qualification/record-lists-66a-observer-source/src/runtime/effect_runtime.c' '/home/jkh/nanolang-qualification/record-lists-66a-observer-source/src/runtime/dyn_array.c' '/home/jkh/nanolang-qualification/record-lists-66a-observer-source/src/runtime/gc_struct.c' '/home/jkh/nanolang-qualification/record-lists-66a-observer-source/src/runtime/nl_string.c' '/home/jkh/nanolang-qualification/record-lists-66a-observer-source/src/runtime/cli.c' '/home/jkh/nanolang-qualification/record-lists-66a-observer-source/src/runtime/regex.c' '/home/jkh/nanolang-qualification/record-lists-66a-observer-source/src/utf8.c' '/home/jkh/nanolang-qualification/record-lists-66a-observer-source/src/coroutine.c'  -lm -ldl
✓ Compilation successful: /home/jkh/nanolang-qualification/record-lists-66a-observer-report/stage1
