2026-10-09T12:43:21.0728493Z Current runner version: '2.337.0'
2026-10-09T12:43:21.0755657Z ##[group]Runner Image Provisioner
2026-10-09T12:43:21.0756563Z Hosted Compute Agent
2026-10-09T12:43:21.0757149Z Version: 20261002.596
2026-10-09T12:43:21.0757880Z Commit: c3d12f3313a95f25162a1503be624f3b0617f8c0
2026-10-09T12:43:21.0758666Z Build Date: 2026-10-02T22:28:27Z
2026-10-09T12:43:21.0759397Z Worker ID: {3609d653-85dd-4e47-bf88-30a370dcc067}
2026-10-09T12:43:21.0760129Z Region: eastus
2026-10-09T12:43:21.0760685Z Cloud: Azure
2026-10-09T12:43:21.0761300Z ##[endgroup]
2026-10-09T12:43:21.0763291Z ##[group]Operating System
2026-10-09T12:43:21.0763932Z Ubuntu
2026-10-09T12:43:21.0764563Z 24.04.5
2026-10-09T12:43:21.0765082Z LTS
2026-10-09T12:43:21.0765627Z ##[endgroup]
2026-10-09T12:43:21.0766264Z ##[group]Runner Image
2026-10-09T12:43:21.0766835Z Image: ubuntu-24.04
2026-10-09T12:43:21.0767458Z Version: 20261004.327.1
2026-10-09T12:43:21.0768818Z Included Software: https://github.com/actions/runner-images/blob/ubuntu24/20261004.327/images/ubuntu/Ubuntu2404-Readme.md
2026-10-09T12:43:21.0770522Z Image Release: https://github.com/actions/runner-images/releases/tag/ubuntu24%2F20261004.327
2026-10-09T12:43:21.0771542Z ##[endgroup]
2026-10-09T12:43:21.0772942Z ##[group]GITHUB_TOKEN Permissions
2026-10-09T12:43:21.0775213Z Contents: read
2026-10-09T12:43:21.0775882Z Metadata: read
2026-10-09T12:43:21.0776447Z ##[endgroup]
2026-10-09T12:43:21.0779001Z Secret source: Actions
2026-10-09T12:43:21.0779999Z Cache mode: write
2026-10-09T12:43:21.0780852Z Prepare workflow directory
2026-10-09T12:43:21.1189759Z Prepare all required actions
2026-10-09T12:43:21.1239297Z Getting action download info
2026-10-09T12:43:21.3308481Z Download action repository 'actions/checkout@v4' (SHA:11d5960a326750d5838078e36cf38b85af677262)
2026-10-09T12:43:21.5143201Z Complete job name: Strict examples (x64)
2026-10-09T12:43:21.5975026Z ##[group]Run actions/checkout@v4
2026-10-09T12:43:21.5975948Z with:
2026-10-09T12:43:21.5976428Z   repository: jordanhubbard/nanolang
2026-10-09T12:43:21.5980448Z   token: ***
2026-10-09T12:43:21.5980891Z   ssh-strict: true
2026-10-09T12:43:21.5981333Z   ssh-user: git
2026-10-09T12:43:21.5981791Z   persist-credentials: true
2026-10-09T12:43:21.5982282Z   clean: true
2026-10-09T12:43:21.5982951Z   sparse-checkout-cone-mode: true
2026-10-09T12:43:21.5983570Z   fetch-depth: 1
2026-10-09T12:43:21.5984077Z   fetch-tags: false
2026-10-09T12:43:21.5984584Z   show-progress: true
2026-10-09T12:43:21.5985040Z   lfs: false
2026-10-09T12:43:21.5985465Z   submodules: false
2026-10-09T12:43:21.5985928Z   set-safe-directory: true
2026-10-09T12:43:21.5986453Z   allow-unsafe-pr-checkout: false
2026-10-09T12:43:21.5987233Z env:
2026-10-09T12:43:21.5987780Z   NANO_VERIFY_CORPUS_LOG_ROOT: .test_output/verifier-corpus
2026-10-09T12:43:21.5988481Z   NANO_SHADOW_TIMEOUT_SECONDS: 60
2026-10-09T12:43:21.5989108Z ##[endgroup]
2026-10-09T12:43:21.7073439Z Syncing repository: jordanhubbard/nanolang
2026-10-09T12:43:21.7076573Z ##[group]Getting Git version info
2026-10-09T12:43:21.7077824Z Working directory is '/home/runner/work/nanolang/nanolang'
2026-10-09T12:43:21.7079523Z [command]/usr/bin/git version
2026-10-09T12:43:21.7143717Z git version 2.55.0
2026-10-09T12:43:21.7175406Z ##[endgroup]
2026-10-09T12:43:21.7190842Z Temporarily overriding HOME='/home/runner/work/_temp/9464f0e9-f316-415f-8853-ad20bab02379' before making global git config changes
2026-10-09T12:43:21.7192351Z Adding repository directory to the temporary git global config as a safe directory
2026-10-09T12:43:21.7194527Z [command]/usr/bin/git config --global --add safe.directory /home/runner/work/nanolang/nanolang
2026-10-09T12:43:21.7251555Z Deleting the contents of '/home/runner/work/nanolang/nanolang'
2026-10-09T12:43:21.7258281Z ##[group]Initializing the repository
2026-10-09T12:43:21.7263656Z [command]/usr/bin/git init /home/runner/work/nanolang/nanolang
2026-10-09T12:43:21.7374290Z hint: Using 'master' as the name for the initial branch. This default branch name
2026-10-09T12:43:21.7376135Z hint: will change to "main" in Git 3.0. To configure the initial branch name
2026-10-09T12:43:21.7377725Z hint: to use in all of your new repositories, which will suppress this warning,
2026-10-09T12:43:21.7378627Z hint: call:
2026-10-09T12:43:21.7379144Z hint:
2026-10-09T12:43:21.7379782Z hint: 	git config --global init.defaultBranch <name>
2026-10-09T12:43:21.7380525Z hint:
2026-10-09T12:43:21.7381213Z hint: Names commonly chosen instead of 'master' are 'main', 'trunk' and
2026-10-09T12:43:21.7382304Z hint: 'development'. The just-created branch can be renamed via this command:
2026-10-09T12:43:21.7383630Z hint:
2026-10-09T12:43:21.7384458Z hint: 	git branch -m <name>
2026-10-09T12:43:21.7385498Z hint:
2026-10-09T12:43:21.7387402Z hint: Disable this message with "git config set advice.defaultBranchName false"
2026-10-09T12:43:21.7389797Z Initialized empty Git repository in /home/runner/work/nanolang/nanolang/.git/
2026-10-09T12:43:21.7404297Z [command]/usr/bin/git remote add origin https://github.com/jordanhubbard/nanolang
2026-10-09T12:43:21.7460192Z ##[endgroup]
2026-10-09T12:43:21.7461589Z ##[group]Disabling automatic garbage collection
2026-10-09T12:43:21.7465738Z [command]/usr/bin/git config --local gc.auto 0
2026-10-09T12:43:21.7502364Z ##[endgroup]
2026-10-09T12:43:21.7504282Z ##[group]Setting up auth
2026-10-09T12:43:21.7510861Z [command]/usr/bin/git config --local --name-only --get-regexp core\.sshCommand
2026-10-09T12:43:21.7555347Z [command]/usr/bin/git submodule foreach --recursive sh -c "git config --local --name-only --get-regexp 'core\.sshCommand' && git config --local --unset-all 'core.sshCommand' || :"
2026-10-09T12:43:21.7995272Z [command]/usr/bin/git config --local --name-only --get-regexp http\.https\:\/\/github\.com\/\.extraheader
2026-10-09T12:43:21.8034412Z [command]/usr/bin/git submodule foreach --recursive sh -c "git config --local --name-only --get-regexp 'http\.https\:\/\/github\.com\/\.extraheader' && git config --local --unset-all 'http.https://github.com/.extraheader' || :"
2026-10-09T12:43:21.8270317Z [command]/usr/bin/git config --local --name-only --get-regexp ^includeIf\.gitdir:
2026-10-09T12:43:21.8310532Z [command]/usr/bin/git submodule foreach --recursive git config --local --show-origin --name-only --get-regexp remote.origin.url
2026-10-09T12:43:21.8548700Z [command]/usr/bin/git config --local http.https://github.com/.extraheader AUTHORIZATION: basic ***
2026-10-09T12:43:21.8594873Z ##[endgroup]
2026-10-09T12:43:21.8595939Z ##[group]Fetching the repository
2026-10-09T12:43:21.8605658Z [command]/usr/bin/git -c protocol.version=2 fetch --no-tags --prune --no-recurse-submodules --depth=1 origin +4219cedafad4bea3cf12bc2834c5a25a63afc40b:refs/remotes/pull/974/merge
2026-10-09T12:43:27.3529912Z From https://github.com/jordanhubbard/nanolang
2026-10-09T12:43:27.3531577Z  * [new ref]           4219cedafad4bea3cf12bc2834c5a25a63afc40b -> pull/974/merge
2026-10-09T12:43:27.3535446Z ##[endgroup]
2026-10-09T12:43:27.3536791Z ##[group]Determining the checkout info
2026-10-09T12:43:27.3538241Z ##[endgroup]
2026-10-09T12:43:27.3543657Z [command]/usr/bin/git sparse-checkout disable
2026-10-09T12:43:27.3599266Z [command]/usr/bin/git config --local --unset-all extensions.worktreeConfig
2026-10-09T12:43:27.3670130Z ##[group]Checking out the ref
2026-10-09T12:43:27.3674222Z [command]/usr/bin/git checkout --progress --force refs/remotes/pull/974/merge
2026-10-09T12:43:28.4865518Z Updating files:   6% (5081/77451)
2026-10-09T12:43:28.6143042Z Updating files:   7% (5422/77451)
2026-10-09T12:43:28.6829893Z Updating files:   8% (6197/77451)
2026-10-09T12:43:28.7387154Z Updating files:   9% (6971/77451)
2026-10-09T12:43:28.8009085Z Updating files:  10% (7746/77451)
2026-10-09T12:43:29.1176215Z Updating files:  11% (8520/77451)
2026-10-09T12:43:29.3917349Z Updating files:  12% (9295/77451)
2026-10-09T12:43:29.4257586Z Updating files:  13% (10069/77451)
2026-10-09T12:43:29.9573020Z Updating files:  13% (10192/77451)
2026-10-09T12:43:30.3572827Z Updating files:  14% (10844/77451)
2026-10-09T12:43:30.4265263Z Updating files:  15% (11618/77451)
2026-10-09T12:43:31.2867547Z Updating files:  15% (11705/77451)
2026-10-09T12:43:31.4278302Z Updating files:  16% (12393/77451)
2026-10-09T12:43:31.6525416Z Updating files:  16% (12529/77451)
2026-10-09T12:43:31.6950279Z Updating files:  17% (13167/77451)
2026-10-09T12:43:32.0608304Z Updating files:  18% (13942/77451)
2026-10-09T12:43:32.4274680Z Updating files:  19% (14716/77451)
2026-10-09T12:43:32.4353884Z Updating files:  19% (15472/77451)
2026-10-09T12:43:32.5826271Z Updating files:  20% (15491/77451)
2026-10-09T12:43:32.6461768Z Updating files:  21% (16265/77451)
2026-10-09T12:43:32.6808011Z Updating files:  22% (17040/77451)
2026-10-09T12:43:32.7635305Z Updating files:  23% (17814/77451)
2026-10-09T12:43:32.8043439Z Updating files:  24% (18589/77451)
2026-10-09T12:43:32.8437116Z Updating files:  25% (19363/77451)
2026-10-09T12:43:32.8884050Z Updating files:  26% (20138/77451)
2026-10-09T12:43:32.9332048Z Updating files:  27% (20912/77451)
2026-10-09T12:43:32.9677584Z Updating files:  28% (21687/77451)
2026-10-09T12:43:33.0230458Z Updating files:  29% (22461/77451)
2026-10-09T12:43:33.0721760Z Updating files:  30% (23236/77451)
2026-10-09T12:43:33.1060653Z Updating files:  31% (24010/77451)
2026-10-09T12:43:33.1498772Z Updating files:  32% (24785/77451)
2026-10-09T12:43:33.6565846Z Updating files:  33% (25559/77451)
2026-10-09T12:43:33.6842938Z Updating files:  33% (26022/77451)
2026-10-09T12:43:33.7304539Z Updating files:  34% (26334/77451)
2026-10-09T12:43:33.7679499Z Updating files:  35% (27108/77451)
2026-10-09T12:43:33.8073100Z Updating files:  36% (27883/77451)
2026-10-09T12:43:33.8420161Z Updating files:  37% (28657/77451)
2026-10-09T12:43:33.8793619Z Updating files:  38% (29432/77451)
2026-10-09T12:43:33.9232411Z Updating files:  39% (30206/77451)
2026-10-09T12:43:33.9577936Z Updating files:  40% (30981/77451)
2026-10-09T12:43:33.9998796Z Updating files:  41% (31755/77451)
2026-10-09T12:43:34.0501272Z Updating files:  42% (32530/77451)
2026-10-09T12:43:34.0887489Z Updating files:  43% (33304/77451)
2026-10-09T12:43:34.1266096Z Updating files:  44% (34079/77451)
2026-10-09T12:43:34.1642287Z Updating files:  45% (34853/77451)
2026-10-09T12:43:34.2048680Z Updating files:  46% (35628/77451)
2026-10-09T12:43:34.2430213Z Updating files:  47% (36402/77451)
2026-10-09T12:43:34.2763897Z Updating files:  48% (37177/77451)
2026-10-09T12:43:34.3160071Z Updating files:  49% (37951/77451)
2026-10-09T12:43:34.4178755Z Updating files:  50% (38726/77451)
2026-10-09T12:43:34.4256915Z Updating files:  51% (39501/77451)
2026-10-09T12:43:34.4826098Z Updating files:  51% (39553/77451)
2026-10-09T12:43:34.6324647Z Updating files:  52% (40275/77451)
2026-10-09T12:43:34.7101103Z Updating files:  53% (41050/77451)
2026-10-09T12:43:34.7706118Z Updating files:  54% (41824/77451)
2026-10-09T12:43:34.8249161Z Updating files:  55% (42599/77451)
2026-10-09T12:43:34.8800454Z Updating files:  56% (43373/77451)
2026-10-09T12:43:34.9471492Z Updating files:  57% (44148/77451)
2026-10-09T12:43:35.0170499Z Updating files:  58% (44922/77451)
2026-10-09T12:43:35.0470058Z Updating files:  59% (45697/77451)
2026-10-09T12:43:35.0937917Z Updating files:  60% (46471/77451)
2026-10-09T12:43:35.4257135Z Updating files:  61% (47246/77451)
2026-10-09T12:43:35.6338851Z Updating files:  61% (47487/77451)
2026-10-09T12:43:35.7166983Z Updating files:  62% (48020/77451)
2026-10-09T12:43:35.8137983Z Updating files:  63% (48795/77451)
2026-10-09T12:43:35.8387689Z Updating files:  64% (49569/77451)
2026-10-09T12:43:35.8643214Z Updating files:  65% (50344/77451)
2026-10-09T12:43:35.8891276Z Updating files:  66% (51118/77451)
2026-10-09T12:43:35.9129338Z Updating files:  67% (51893/77451)
2026-10-09T12:43:36.1607332Z Updating files:  68% (52667/77451)
2026-10-09T12:43:36.4372522Z Updating files:  69% (53442/77451)
2026-10-09T12:43:37.0291705Z Updating files:  69% (53560/77451)
2026-10-09T12:43:37.4357036Z Updating files:  70% (54216/77451)
2026-10-09T12:43:37.9250758Z Updating files:  70% (54442/77451)
2026-10-09T12:43:38.0327170Z Updating files:  71% (54991/77451)
2026-10-09T12:43:38.1481418Z Updating files:  72% (55765/77451)
2026-10-09T12:43:38.3545360Z Updating files:  73% (56540/77451)
2026-10-09T12:43:38.4272894Z Updating files:  74% (57314/77451)
2026-10-09T12:43:38.5493624Z Updating files:  74% (57604/77451)
2026-10-09T12:43:38.7661012Z Updating files:  75% (58089/77451)
2026-10-09T12:43:38.9760822Z Updating files:  76% (58863/77451)
2026-10-09T12:43:39.1883279Z Updating files:  77% (59638/77451)
2026-10-09T12:43:39.3851490Z Updating files:  78% (60412/77451)
2026-10-09T12:43:39.4351903Z Updating files:  79% (61187/77451)
2026-10-09T12:43:39.4834810Z Updating files:  79% (61859/77451)
2026-10-09T12:43:39.5169881Z Updating files:  80% (61961/77451)
2026-10-09T12:43:39.5433393Z Updating files:  81% (62736/77451)
2026-10-09T12:43:39.6232281Z Updating files:  82% (63510/77451)
2026-10-09T12:43:39.6472237Z Updating files:  83% (64285/77451)
2026-10-09T12:43:39.6737152Z Updating files:  84% (65059/77451)
2026-10-09T12:43:39.6977291Z Updating files:  85% (65834/77451)
2026-10-09T12:43:39.7239046Z Updating files:  86% (66608/77451)
2026-10-09T12:43:39.7473895Z Updating files:  87% (67383/77451)
2026-10-09T12:43:39.7734662Z Updating files:  88% (68157/77451)
2026-10-09T12:43:40.3367095Z Updating files:  89% (68932/77451)
2026-10-09T12:43:40.4310603Z Updating files:  90% (69706/77451)
2026-10-09T12:43:40.6414846Z Updating files:  90% (69792/77451)
2026-10-09T12:43:40.6914160Z Updating files:  91% (70481/77451)
2026-10-09T12:43:40.9148340Z Updating files:  92% (71255/77451)
2026-10-09T12:43:41.3048494Z Updating files:  93% (72030/77451)
2026-10-09T12:43:41.4272371Z Updating files:  94% (72804/77451)
2026-10-09T12:43:41.5296675Z Updating files:  94% (73261/77451)
2026-10-09T12:43:41.6603618Z Updating files:  95% (73579/77451)
2026-10-09T12:43:41.7049348Z Updating files:  96% (74353/77451)
2026-10-09T12:43:41.7677846Z Updating files:  97% (75128/77451)
2026-10-09T12:43:41.8161220Z Updating files:  98% (75902/77451)
2026-10-09T12:43:41.8658326Z Updating files:  99% (76677/77451)
2026-10-09T12:43:41.8659261Z Updating files: 100% (77451/77451)
2026-10-09T12:43:41.8659698Z Updating files: 100% (77451/77451), done.
2026-10-09T12:43:42.1586994Z Note: switching to 'refs/remotes/pull/974/merge'.
2026-10-09T12:43:42.1587515Z 
2026-10-09T12:43:42.1587890Z You are in 'detached HEAD' state. You can look around, make experimental
2026-10-09T12:43:42.1588875Z changes and commit them, and you can discard any commits you make in this
2026-10-09T12:43:42.1589701Z state without impacting any branches by switching back to a branch.
2026-10-09T12:43:42.1590241Z 
2026-10-09T12:43:42.1590579Z If you want to create a new branch to retain commits you create, you may
2026-10-09T12:43:42.1591368Z do so (now or later) by using -c with the switch command. Example:
2026-10-09T12:43:42.1591855Z 
2026-10-09T12:43:42.1592065Z   git switch -c <new-branch-name>
2026-10-09T12:43:42.1592801Z 
2026-10-09T12:43:42.1593014Z Or undo this operation with:
2026-10-09T12:43:42.1593345Z 
2026-10-09T12:43:42.1593544Z   git switch -
2026-10-09T12:43:42.1593785Z 
2026-10-09T12:43:42.1594228Z Turn off this advice by setting config variable advice.detachedHead to false
2026-10-09T12:43:42.1594887Z 
2026-10-09T12:43:42.1595577Z HEAD is now at 4219ceda Merge 5dc3a17fb345b925e9cbe7dd06aaf1d2a62652a4 into 1bbae0bb051efb1c6b356a98d12be0494b9ff935
2026-10-09T12:43:42.1673213Z ##[endgroup]
2026-10-09T12:43:42.1727009Z [command]/usr/bin/git log -1 --format=%H
2026-10-09T12:43:42.1757599Z 4219cedafad4bea3cf12bc2834c5a25a63afc40b
2026-10-09T12:43:42.3665750Z ##[group]Run # Already satisfied on some images; skip rather than fight the
2026-10-09T12:43:42.3666435Z [36;1m# Already satisfied on some images; skip rather than fight the[0m
2026-10-09T12:43:42.3666914Z [36;1m# environment. Where pip refuses under PEP 668[0m
2026-10-09T12:43:42.3667372Z [36;1m# (externally-managed-environment, seen on the arm64 runners), retry[0m
2026-10-09T12:43:42.3667907Z [36;1m# with --break-system-packages: this is a throwaway CI environment,[0m
2026-10-09T12:43:42.3668546Z [36;1m# not a system Python worth protecting.[0m
2026-10-09T12:43:42.3668890Z [36;1mpython3 -c 'import yaml' 2>/dev/null && exit 0[0m
2026-10-09T12:43:42.3669258Z [36;1mpython3 -m pip install --user --upgrade pyyaml \[0m
2026-10-09T12:43:42.3669709Z [36;1m  || python3 -m pip install --user --break-system-packages --upgrade pyyaml[0m
2026-10-09T12:43:42.3670133Z [36;1mpython3 -c 'import yaml'[0m
2026-10-09T12:43:42.8615963Z shell: /usr/bin/bash --noprofile --norc -e -o pipefail {0}
2026-10-09T12:43:42.8616880Z env:
2026-10-09T12:43:42.8617438Z   NANO_VERIFY_CORPUS_LOG_ROOT: .test_output/verifier-corpus
2026-10-09T12:43:42.8618238Z   NANO_SHADOW_TIMEOUT_SECONDS: 60
2026-10-09T12:43:42.8618667Z ##[endgroup]
2026-10-09T12:43:42.9637635Z ##[group]Run ./scripts/ci-apt-install.sh \
2026-10-09T12:43:42.9638286Z [36;1m./scripts/ci-apt-install.sh \[0m
2026-10-09T12:43:42.9638770Z [36;1m  build-essential \[0m
2026-10-09T12:43:42.9639124Z [36;1m  pkg-config \[0m
2026-10-09T12:43:42.9639502Z [36;1m  libssl-dev libffi-dev \[0m
2026-10-09T12:43:42.9639938Z [36;1m  libsdl2-dev \[0m
2026-10-09T12:43:42.9640335Z [36;1m  libsdl2-image-dev \[0m
2026-10-09T12:43:42.9640751Z [36;1m  libsdl2-mixer-dev \[0m
2026-10-09T12:43:42.9641155Z [36;1m  libsdl2-ttf-dev \[0m
2026-10-09T12:43:42.9641553Z [36;1m  libncurses-dev \[0m
2026-10-09T12:43:42.9641947Z [36;1m  libreadline-dev \[0m
2026-10-09T12:43:42.9642339Z [36;1m  libevent-dev \[0m
2026-10-09T12:43:42.9642893Z [36;1m  libuv1-dev \[0m
2026-10-09T12:43:42.9643220Z [36;1m  libbullet-dev \[0m
2026-10-09T12:43:42.9643612Z [36;1m  libglfw3-dev \[0m
2026-10-09T12:43:42.9643988Z [36;1m  libglew-dev \[0m
2026-10-09T12:43:42.9644358Z [36;1m  freeglut3-dev[0m
2026-10-09T12:43:42.9709074Z shell: /usr/bin/bash -e {0}
2026-10-09T12:43:42.9709351Z env:
2026-10-09T12:43:42.9709628Z   NANO_VERIFY_CORPUS_LOG_ROOT: .test_output/verifier-corpus
2026-10-09T12:43:42.9710005Z   NANO_SHADOW_TIMEOUT_SECONDS: 60
2026-10-09T12:43:42.9710274Z ##[endgroup]
2026-10-09T12:43:43.0536536Z apt install attempt 1/3 (timeout 180s): build-essential pkg-config libssl-dev libffi-dev libsdl2-dev libsdl2-image-dev libsdl2-mixer-dev libsdl2-ttf-dev libncurses-dev libreadline-dev libevent-dev libuv1-dev libbullet-dev libglfw3-dev libglew-dev freeglut3-dev
2026-10-09T12:43:50.6647310Z Reading package lists...
2026-10-09T12:43:50.8888446Z Building dependency tree...
2026-10-09T12:43:50.8896575Z Reading state information...
2026-10-09T12:43:51.0865217Z pkg-config is already the newest version (1.8.1-2build1).
2026-10-09T12:43:51.0866138Z libssl-dev is already the newest version (3.0.13-0ubuntu3.16).
2026-10-09T12:43:51.0866967Z libffi-dev is already the newest version (3.4.6-1build1).
2026-10-09T12:43:51.0867721Z libffi-dev set to manually installed.
2026-10-09T12:43:51.0868500Z libncurses-dev is already the newest version (6.4+20240113-1ubuntu2.2).
2026-10-09T12:43:51.0869327Z libncurses-dev set to manually installed.
2026-10-09T12:43:51.0870009Z The following additional packages will be installed:
2026-10-09T12:43:51.0870672Z   bzip2-doc gir1.2-freedesktop gir1.2-freedesktop-dev gir1.2-glib-2.0-dev
2026-10-09T12:43:51.0871317Z   gir1.2-harfbuzz-0.0 gir1.2-ibus-1.0 libasound2-dev libasyncns0 libblkid-dev
2026-10-09T12:43:51.0871964Z   libbrotli-dev libbullet3.24t64 libbz2-dev libdbus-1-dev libdecor-0-0
2026-10-09T12:43:51.0873427Z   libdecor-0-dev libdecor-0-plugin-1-gtk libdeflate-dev libdrm-dev
2026-10-09T12:43:51.0874394Z   libdrm-nouveau2 libdrm-radeon1 libegl-dev libegl-mesa0 libegl1
2026-10-09T12:43:51.0875117Z   libegl1-mesa-dev libevent-2.1-7t64 libevent-extra-2.1-7t64
2026-10-09T12:43:51.0875868Z   libevent-openssl-2.1-7t64 libflac-dev libflac12t64 libfluidsynth-dev
2026-10-09T12:43:51.0876758Z   libfluidsynth3 libfreetype-dev libfreetype6 libgbm-dev libgirepository-2.0-0
2026-10-09T12:43:51.0877663Z   libgl-dev libgl1-mesa-dev libgles-dev libgles1 libgles2 libglew2.2 libglfw3
2026-10-09T12:43:51.0878541Z   libglib2.0-dev libglib2.0-dev-bin libglu1-mesa libglu1-mesa-dev libglut-dev
2026-10-09T12:43:51.0879529Z   libglut3.12 libglvnd-core-dev libglvnd-dev libglx-dev libgraphite2-dev
2026-10-09T12:43:51.0880067Z   libharfbuzz-cairo0 libharfbuzz-dev libharfbuzz-gobject0 libharfbuzz-icu0
2026-10-09T12:43:51.0880558Z   libharfbuzz-subset0 libibus-1.0-5 libibus-1.0-dev libice-dev
2026-10-09T12:43:51.0881237Z   libinstpatch-1.0-2 libinstpatch-dev libjack-dev libjack0 libjbig-dev
2026-10-09T12:43:51.0882046Z   libjpeg-dev libjpeg-turbo8-dev libjpeg8-dev liblerc-dev liblzma-dev
2026-10-09T12:43:51.0882870Z   libmodplug-dev libmodplug1 libmount-dev libmp3lame0 libmpg123-0t64
2026-10-09T12:43:51.0883347Z   libmpg123-dev libogg-dev libopengl-dev libopengl0 libopus-dev libopus0
2026-10-09T12:43:51.0884132Z   libopusfile-dev libopusfile0 libout123-0t64 libpciaccess-dev
2026-10-09T12:43:51.0884628Z   libpipewire-0.3-0t64 libpipewire-0.3-common libpipewire-0.3-dev libpng-dev
2026-10-09T12:43:51.0885137Z   libpng-tools libpng16-16t64 libpthread-stubs0-dev libpulse-dev
2026-10-09T12:43:51.0885594Z   libpulse-mainloop-glib0 libpulse0 libsamplerate0 libsamplerate0-dev
2026-10-09T12:43:51.0886065Z   libsdl2-2.0-0 libsdl2-image-2.0-0 libsdl2-mixer-2.0-0 libsdl2-ttf-2.0-0
2026-10-09T12:43:51.0886532Z   libselinux1-dev libsepol-dev libsharpyuv-dev libsm-dev libsndfile1
2026-10-09T12:43:51.0887013Z   libsndfile1-dev libsndio-dev libsndio7.0 libspa-0.2-dev libspa-0.2-modules
2026-10-09T12:43:51.0887485Z   libsyn123-0t64 libsystemd-dev libtiff-dev libtiffxx6 libudev-dev
2026-10-09T12:43:51.0887951Z   libvorbis-dev libvorbisenc2 libvulkan-dev libwayland-bin libwayland-dev
2026-10-09T12:43:51.0888471Z   libwayland-server0 libwebp-dev libwebpdecoder3 libwebrtc-audio-processing1
2026-10-09T12:43:51.0889004Z   libx11-dev libxau-dev libxcb1-dev libxcursor-dev libxdmcp-dev libxext-dev
2026-10-09T12:43:51.0889494Z   libxfixes-dev libxi-dev libxinerama-dev libxkbcommon-dev libxrandr-dev
2026-10-09T12:43:51.0889961Z   libxrender-dev libxss-dev libxt-dev libxv-dev libxv1 libxxf86vm-dev
2026-10-09T12:43:51.0890445Z   timgm6mb-soundfont uuid-dev x11proto-dev xorg-sgml-doctools xtrans-dev
2026-10-09T12:43:51.0890815Z Suggested packages:
2026-10-09T12:43:51.0891115Z   libasound2-doc freetype2-doc glew-utils libosmesa6 libglfw3-doc
2026-10-09T12:43:51.0891567Z   libglib2.0-doc libgdk-pixbuf2.0-bin libxml2-utils libgraphite2-utils
2026-10-09T12:43:51.0892053Z   libice-doc jackd1 liblzma-doc opus-tools pipewire pipewire-doc pulseaudio
2026-10-09T12:43:51.0892697Z   readline-doc libsm-doc sndiod libwayland-doc libx11-doc libxcb-doc
2026-10-09T12:43:51.0893092Z   libxext-doc libxt-doc fluid-soundfont-gm
2026-10-09T12:43:51.1720146Z The following NEW packages will be installed:
2026-10-09T12:43:51.1721070Z   build-essential bzip2-doc freeglut3-dev gir1.2-freedesktop
2026-10-09T12:43:51.1722157Z   gir1.2-freedesktop-dev gir1.2-glib-2.0-dev gir1.2-harfbuzz-0.0
2026-10-09T12:43:51.1723300Z   gir1.2-ibus-1.0 libasound2-dev libasyncns0 libblkid-dev libbrotli-dev
2026-10-09T12:43:51.1724076Z   libbullet-dev libbullet3.24t64 libbz2-dev libdbus-1-dev libdecor-0-0
2026-10-09T12:43:51.1724586Z   libdecor-0-dev libdecor-0-plugin-1-gtk libdeflate-dev libdrm-dev
2026-10-09T12:43:51.1725076Z   libdrm-nouveau2 libdrm-radeon1 libegl-dev libegl-mesa0 libegl1
2026-10-09T12:43:51.1725583Z   libegl1-mesa-dev libevent-2.1-7t64 libevent-dev libevent-extra-2.1-7t64
2026-10-09T12:43:51.1726096Z   libevent-openssl-2.1-7t64 libflac-dev libflac12t64 libfluidsynth-dev
2026-10-09T12:43:51.1726624Z   libfluidsynth3 libfreetype-dev libgbm-dev libgirepository-2.0-0 libgl-dev
2026-10-09T12:43:51.1727134Z   libgl1-mesa-dev libgles-dev libgles1 libgles2 libglew-dev libglew2.2
2026-10-09T12:43:51.1727615Z   libglfw3 libglfw3-dev libglib2.0-dev libglib2.0-dev-bin libglu1-mesa
2026-10-09T12:43:51.1728116Z   libglu1-mesa-dev libglut-dev libglut3.12 libglvnd-core-dev libglvnd-dev
2026-10-09T12:43:51.1743507Z   libglx-dev libgraphite2-dev libharfbuzz-cairo0 libharfbuzz-dev
2026-10-09T12:43:51.1744508Z   libharfbuzz-gobject0 libharfbuzz-icu0 libharfbuzz-subset0 libibus-1.0-5
2026-10-09T12:43:51.1746085Z   libibus-1.0-dev libice-dev libinstpatch-1.0-2 libinstpatch-dev libjack-dev
2026-10-09T12:43:51.1747180Z   libjack0 libjbig-dev libjpeg-dev libjpeg-turbo8-dev libjpeg8-dev liblerc-dev
2026-10-09T12:43:51.1748201Z   liblzma-dev libmodplug-dev libmodplug1 libmount-dev libmp3lame0
2026-10-09T12:43:51.1749219Z   libmpg123-0t64 libmpg123-dev libogg-dev libopengl-dev libopengl0 libopus-dev
2026-10-09T12:43:51.1750293Z   libopus0 libopusfile-dev libopusfile0 libout123-0t64 libpciaccess-dev
2026-10-09T12:43:51.1751187Z   libpipewire-0.3-0t64 libpipewire-0.3-common libpipewire-0.3-dev libpng-dev
2026-10-09T12:43:51.1751854Z   libpng-tools libpthread-stubs0-dev libpulse-dev libpulse-mainloop-glib0
2026-10-09T12:43:51.1752886Z   libpulse0 libreadline-dev libsamplerate0 libsamplerate0-dev libsdl2-2.0-0
2026-10-09T12:43:51.1753524Z   libsdl2-dev libsdl2-image-2.0-0 libsdl2-image-dev libsdl2-mixer-2.0-0
2026-10-09T12:43:51.1754069Z   libsdl2-mixer-dev libsdl2-ttf-2.0-0 libsdl2-ttf-dev libselinux1-dev
2026-10-09T12:43:51.1754528Z   libsepol-dev libsharpyuv-dev libsm-dev libsndfile1 libsndfile1-dev
2026-10-09T12:43:51.1755000Z   libsndio-dev libsndio7.0 libspa-0.2-dev libspa-0.2-modules libsyn123-0t64
2026-10-09T12:43:51.1755498Z   libsystemd-dev libtiff-dev libtiffxx6 libudev-dev libuv1-dev libvorbis-dev
2026-10-09T12:43:51.1756018Z   libvorbisenc2 libvulkan-dev libwayland-bin libwayland-dev libwayland-server0
2026-10-09T12:43:51.1756514Z   libwebp-dev libwebpdecoder3 libwebrtc-audio-processing1 libx11-dev
2026-10-09T12:43:51.1756994Z   libxau-dev libxcb1-dev libxcursor-dev libxdmcp-dev libxext-dev libxfixes-dev
2026-10-09T12:43:51.1757488Z   libxi-dev libxinerama-dev libxkbcommon-dev libxrandr-dev libxrender-dev
2026-10-09T12:43:51.1757969Z   libxss-dev libxt-dev libxv-dev libxv1 libxxf86vm-dev timgm6mb-soundfont
2026-10-09T12:43:51.1758381Z   uuid-dev x11proto-dev xorg-sgml-doctools xtrans-dev
2026-10-09T12:43:51.1758705Z The following packages will be upgraded:
2026-10-09T12:43:51.1758998Z   libfreetype6 libpng16-16t64
2026-10-09T12:43:51.1961311Z 2 upgraded, 157 newly installed, 0 to remove and 21 not upgraded.
2026-10-09T12:43:51.1961985Z Need to get 33.9 MB of archives.
2026-10-09T12:43:51.1962785Z After this operation, 157 MB of additional disk space will be used.
2026-10-09T12:43:51.1963470Z Get:1 file:/etc/apt/apt-mirrors.txt Mirrorlist [144 B]
2026-10-09T12:43:51.3056863Z Get:2 http://azure.archive.ubuntu.com/ubuntu noble-updates/main amd64 libpng16-16t64 amd64 1.6.43-5ubuntu0.7 [189 kB]
2026-10-09T12:43:51.4003225Z Get:3 http://azure.archive.ubuntu.com/ubuntu noble/main amd64 build-essential amd64 12.10ubuntu1 [4928 B]
2026-10-09T12:43:51.4908767Z Get:4 http://azure.archive.ubuntu.com/ubuntu noble-updates/main amd64 bzip2-doc all 1.0.8-5.1ubuntu0.1 [499 kB]
2026-10-09T12:43:51.5852309Z Get:5 http://azure.archive.ubuntu.com/ubuntu noble/universe amd64 libglut3.12 amd64 3.4.0-1build1 [98.0 kB]
2026-10-09T12:43:51.6762188Z Get:6 http://azure.archive.ubuntu.com/ubuntu noble/main amd64 xorg-sgml-doctools all 1:1.11-1.1 [10.9 kB]
2026-10-09T12:43:51.7667249Z Get:7 http://azure.archive.ubuntu.com/ubuntu noble/main amd64 x11proto-dev all 2023.2-1 [602 kB]
2026-10-09T12:43:51.8621662Z Get:8 http://azure.archive.ubuntu.com/ubuntu noble/main amd64 libxau-dev amd64 1:1.0.9-1build6 [9570 B]
2026-10-09T12:43:51.9443051Z Get:9 http://azure.archive.ubuntu.com/ubuntu noble/main amd64 libxdmcp-dev amd64 1:1.1.3-0ubuntu6 [26.5 kB]
2026-10-09T12:43:52.0356451Z Get:10 http://azure.archive.ubuntu.com/ubuntu noble/main amd64 xtrans-dev all 1.4.0-1 [68.9 kB]
2026-10-09T12:43:52.1295341Z Get:11 http://azure.archive.ubuntu.com/ubuntu noble/main amd64 libpthread-stubs0-dev amd64 0.4-1build3 [4746 B]
2026-10-09T12:43:52.2210938Z Get:12 http://azure.archive.ubuntu.com/ubuntu noble/main amd64 libxcb1-dev amd64 1.15-1ubuntu2 [85.8 kB]
2026-10-09T12:43:52.3167479Z Get:13 http://azure.archive.ubuntu.com/ubuntu noble/main amd64 libx11-dev amd64 2:1.8.7-1build1 [732 kB]
2026-10-09T12:43:52.5318551Z Get:14 http://azure.archive.ubuntu.com/ubuntu noble/main amd64 libglx-dev amd64 1.7.0-1build1 [14.2 kB]
2026-10-09T12:43:52.6229137Z Get:15 http://azure.archive.ubuntu.com/ubuntu noble/main amd64 libgl-dev amd64 1.7.0-1build1 [102 kB]
2026-10-09T12:43:52.7188071Z Get:16 http://azure.archive.ubuntu.com/ubuntu noble/main amd64 libglvnd-core-dev amd64 1.7.0-1build1 [13.6 kB]
2026-10-09T12:43:52.8094424Z Get:17 http://azure.archive.ubuntu.com/ubuntu noble-updates/main amd64 libegl-mesa0 amd64 25.2.8-0ubuntu0.24.04.4 [117 kB]
2026-10-09T12:43:52.9068533Z Get:18 http://azure.archive.ubuntu.com/ubuntu noble/main amd64 libegl1 amd64 1.7.0-1build1 [28.7 kB]
2026-10-09T12:43:53.0000132Z Get:19 http://azure.archive.ubuntu.com/ubuntu noble/main amd64 libegl-dev amd64 1.7.0-1build1 [18.2 kB]
2026-10-09T12:43:53.0923874Z Get:20 http://azure.archive.ubuntu.com/ubuntu noble/main amd64 libgles1 amd64 1.7.0-1build1 [11.6 kB]
2026-10-09T12:43:53.1839917Z Get:21 http://azure.archive.ubuntu.com/ubuntu noble/main amd64 libgles2 amd64 1.7.0-1build1 [17.1 kB]
2026-10-09T12:43:53.2764632Z Get:22 http://azure.archive.ubuntu.com/ubuntu noble/main amd64 libgles-dev amd64 1.7.0-1build1 [50.5 kB]
2026-10-09T12:43:53.3724315Z Get:23 http://azure.archive.ubuntu.com/ubuntu noble/main amd64 libopengl0 amd64 1.7.0-1build1 [32.8 kB]
2026-10-09T12:43:53.4643172Z Get:24 http://azure.archive.ubuntu.com/ubuntu noble/main amd64 libopengl-dev amd64 1.7.0-1build1 [3454 B]
2026-10-09T12:43:53.5547983Z Get:25 http://azure.archive.ubuntu.com/ubuntu noble/main amd64 libglvnd-dev amd64 1.7.0-1build1 [3198 B]
2026-10-09T12:43:53.6458110Z Get:26 http://azure.archive.ubuntu.com/ubuntu noble-updates/main amd64 libgl1-mesa-dev amd64 25.2.8-0ubuntu0.24.04.4 [22.8 kB]
2026-10-09T12:43:53.7365443Z Get:27 http://azure.archive.ubuntu.com/ubuntu noble/main amd64 libglu1-mesa amd64 9.0.2-1.1build1 [152 kB]
2026-10-09T12:43:53.8361727Z Get:28 http://azure.archive.ubuntu.com/ubuntu noble/main amd64 libglu1-mesa-dev amd64 9.0.2-1.1build1 [237 kB]
2026-10-09T12:43:53.9425372Z Get:29 http://azure.archive.ubuntu.com/ubuntu noble/main amd64 libxext-dev amd64 2:1.3.4-1build2 [83.5 kB]
2026-10-09T12:43:54.0360186Z Get:30 http://azure.archive.ubuntu.com/ubuntu noble/main amd64 libice-dev amd64 2:1.0.10-1build3 [51.0 kB]
2026-10-09T12:43:54.1289453Z Get:31 http://azure.archive.ubuntu.com/ubuntu noble/main amd64 libsm-dev amd64 2:1.2.3-1build3 [17.8 kB]
2026-10-09T12:43:54.2208175Z Get:32 http://azure.archive.ubuntu.com/ubuntu noble/main amd64 libxt-dev amd64 1:1.2.1-1.2build1 [394 kB]
2026-10-09T12:43:54.3364129Z Get:33 http://azure.archive.ubuntu.com/ubuntu noble/universe amd64 libglut-dev amd64 3.4.0-1build1 [125 kB]
2026-10-09T12:43:54.4335576Z Get:34 http://azure.archive.ubuntu.com/ubuntu noble/universe amd64 freeglut3-dev amd64 3.4.0-1build1 [2022 B]
2026-10-09T12:43:54.5247186Z Get:35 http://azure.archive.ubuntu.com/ubuntu noble/main amd64 gir1.2-freedesktop amd64 1.80.1-1 [49.7 kB]
2026-10-09T12:43:54.6179624Z Get:36 http://azure.archive.ubuntu.com/ubuntu noble-updates/main amd64 gir1.2-glib-2.0-dev amd64 2.80.0-6ubuntu3.9 [848 kB]
2026-10-09T12:43:54.7640794Z Get:37 http://azure.archive.ubuntu.com/ubuntu noble/main amd64 gir1.2-freedesktop-dev amd64 1.80.1-1 [28.8 kB]
2026-10-09T12:43:54.8555074Z Get:38 http://azure.archive.ubuntu.com/ubuntu noble/main amd64 libharfbuzz-gobject0 amd64 8.3.0-2build2 [34.3 kB]
2026-10-09T12:43:54.9478274Z Get:39 http://azure.archive.ubuntu.com/ubuntu noble/main amd64 gir1.2-harfbuzz-0.0 amd64 8.3.0-2build2 [44.5 kB]
2026-10-09T12:43:55.0395351Z Get:40 http://azure.archive.ubuntu.com/ubuntu noble/main amd64 libibus-1.0-5 amd64 1.5.29-2 [181 kB]
2026-10-09T12:43:55.1419406Z Get:41 http://azure.archive.ubuntu.com/ubuntu noble/main amd64 gir1.2-ibus-1.0 amd64 1.5.29-2 [86.3 kB]
2026-10-09T12:43:55.2371602Z Get:42 http://azure.archive.ubuntu.com/ubuntu noble-updates/main amd64 libasound2-dev amd64 1.2.11-1ubuntu0.3 [115 kB]
2026-10-09T12:43:55.3336195Z Get:43 http://azure.archive.ubuntu.com/ubuntu noble/main amd64 libasyncns0 amd64 0.8-6build4 [11.3 kB]
2026-10-09T12:43:55.4265140Z Get:44 http://azure.archive.ubuntu.com/ubuntu noble/main amd64 libbrotli-dev amd64 1.1.0-2build2 [353 kB]
2026-10-09T12:43:55.5420632Z Get:45 http://azure.archive.ubuntu.com/ubuntu noble/universe amd64 libbullet3.24t64 amd64 3.24+dfsg-2.1build1 [1802 kB]
2026-10-09T12:43:55.7471483Z Get:46 http://azure.archive.ubuntu.com/ubuntu noble-updates/main amd64 libbz2-dev amd64 1.0.8-5.1ubuntu0.1 [33.6 kB]
2026-10-09T12:43:55.8383036Z Get:47 http://azure.archive.ubuntu.com/ubuntu noble-updates/main amd64 libdbus-1-dev amd64 1.14.10-4ubuntu4.1 [190 kB]
2026-10-09T12:43:55.9318425Z Get:48 http://azure.archive.ubuntu.com/ubuntu noble/main amd64 libdecor-0-0 amd64 0.2.2-1build2 [16.5 kB]
2026-10-09T12:43:56.0262203Z Get:49 http://azure.archive.ubuntu.com/ubuntu noble/main amd64 libwayland-server0 amd64 1.22.0-2.1build1 [33.9 kB]
2026-10-09T12:43:56.1172845Z Get:50 http://azure.archive.ubuntu.com/ubuntu noble/main amd64 libwayland-bin amd64 1.22.0-2.1build1 [20.6 kB]
2026-10-09T12:43:56.2088860Z Get:51 http://azure.archive.ubuntu.com/ubuntu noble/main amd64 libwayland-dev amd64 1.22.0-2.1build1 [71.3 kB]
2026-10-09T12:43:56.3001728Z Get:52 http://azure.archive.ubuntu.com/ubuntu noble/main amd64 libdecor-0-dev amd64 0.2.2-1build2 [5726 B]
2026-10-09T12:43:56.3907058Z Get:53 http://azure.archive.ubuntu.com/ubuntu noble/main amd64 libdecor-0-plugin-1-gtk amd64 0.2.2-1build2 [22.2 kB]
2026-10-09T12:43:56.4823201Z Get:54 http://azure.archive.ubuntu.com/ubuntu noble-updates/main amd64 libdeflate-dev amd64 1.19-1build1.1 [50.9 kB]
2026-10-09T12:43:56.5732085Z Get:55 http://azure.archive.ubuntu.com/ubuntu noble-updates/main amd64 libdrm-radeon1 amd64 2.4.125-1ubuntu0.1~24.04.2 [20.8 kB]
2026-10-09T12:43:56.6639000Z Get:56 http://azure.archive.ubuntu.com/ubuntu noble-updates/main amd64 libdrm-nouveau2 amd64 2.4.125-1ubuntu0.1~24.04.2 [17.6 kB]
2026-10-09T12:43:56.7543830Z Get:57 http://azure.archive.ubuntu.com/ubuntu noble-updates/main amd64 libpciaccess-dev amd64 0.17-3ubuntu0.24.04.3 [22.0 kB]
2026-10-09T12:43:56.8461202Z Get:58 http://azure.archive.ubuntu.com/ubuntu noble-updates/main amd64 libdrm-dev amd64 2.4.125-1ubuntu0.1~24.04.2 [314 kB]
2026-10-09T12:43:56.9422964Z Get:59 http://azure.archive.ubuntu.com/ubuntu noble-updates/main amd64 libegl1-mesa-dev amd64 25.2.8-0ubuntu0.24.04.4 [26.8 kB]
2026-10-09T12:43:57.0327234Z Get:60 http://azure.archive.ubuntu.com/ubuntu noble-updates/main amd64 libevent-2.1-7t64 amd64 2.1.12-stable-9ubuntu2.2 [146 kB]
2026-10-09T12:43:57.1253553Z Get:61 http://azure.archive.ubuntu.com/ubuntu noble-updates/main amd64 libevent-extra-2.1-7t64 amd64 2.1.12-stable-9ubuntu2.2 [64.6 kB]
2026-10-09T12:43:57.2160507Z Get:62 http://azure.archive.ubuntu.com/ubuntu noble-updates/main amd64 libevent-openssl-2.1-7t64 amd64 2.1.12-stable-9ubuntu2.2 [15.8 kB]
2026-10-09T12:43:57.3072204Z Get:63 http://azure.archive.ubuntu.com/ubuntu noble-updates/main amd64 libevent-dev amd64 2.1.12-stable-9ubuntu2.2 [274 kB]
2026-10-09T12:43:57.4019590Z Get:64 http://azure.archive.ubuntu.com/ubuntu noble/main amd64 libflac12t64 amd64 1.4.3+ds-2.1ubuntu2 [197 kB]
2026-10-09T12:43:57.4957535Z Get:65 http://azure.archive.ubuntu.com/ubuntu noble/main amd64 libogg-dev amd64 1.3.5-3build1 [161 kB]
2026-10-09T12:43:57.5933000Z Get:66 http://azure.archive.ubuntu.com/ubuntu noble/main amd64 libflac-dev amd64 1.4.3+ds-2.1ubuntu2 [247 kB]
2026-10-09T12:43:57.6863316Z Get:67 http://azure.archive.ubuntu.com/ubuntu noble/main amd64 libmp3lame0 amd64 3.100-6build1 [142 kB]
2026-10-09T12:43:57.7790515Z Get:68 http://azure.archive.ubuntu.com/ubuntu noble-updates/main amd64 libmpg123-0t64 amd64 1.32.5-1ubuntu1.1 [169 kB]
2026-10-09T12:43:57.8730989Z Get:69 http://azure.archive.ubuntu.com/ubuntu noble/main amd64 libopus0 amd64 1.4-1build1 [208 kB]
2026-10-09T12:43:57.9671412Z Get:70 http://azure.archive.ubuntu.com/ubuntu noble/main amd64 libvorbisenc2 amd64 1.3.7-1build3 [80.8 kB]
2026-10-09T12:43:58.0585346Z Get:71 http://azure.archive.ubuntu.com/ubuntu noble-updates/main amd64 libsndfile1 amd64 1.2.2-1ubuntu5.24.04.1 [209 kB]
2026-10-09T12:43:58.1520324Z Get:72 http://azure.archive.ubuntu.com/ubuntu noble/universe amd64 libinstpatch-1.0-2 amd64 1.1.6-1build2 [251 kB]
2026-10-09T12:43:58.2473629Z Get:73 http://azure.archive.ubuntu.com/ubuntu noble/universe amd64 libjack0 amd64 1:0.126.0-2build3 [101 kB]
2026-10-09T12:43:58.3408796Z Get:74 http://azure.archive.ubuntu.com/ubuntu noble/main amd64 libwebrtc-audio-processing1 amd64 0.3.1-0ubuntu6 [290 kB]
2026-10-09T12:43:58.4364462Z Get:75 http://azure.archive.ubuntu.com/ubuntu noble-updates/main amd64 libspa-0.2-modules amd64 1.0.5-1ubuntu3.3 [628 kB]
2026-10-09T12:43:58.5400115Z Get:76 http://azure.archive.ubuntu.com/ubuntu noble-updates/main amd64 libpipewire-0.3-0t64 amd64 1.0.5-1ubuntu3.3 [252 kB]
2026-10-09T12:43:58.6353574Z Get:77 http://azure.archive.ubuntu.com/ubuntu noble-updates/main amd64 libpulse0 amd64 1:16.1+dfsg1-2ubuntu10.1 [292 kB]
2026-10-09T12:43:58.7312395Z Get:78 http://azure.archive.ubuntu.com/ubuntu noble/main amd64 libsamplerate0 amd64 0.2.2-4build1 [1344 kB]
2026-10-09T12:43:58.8488246Z Get:79 http://azure.archive.ubuntu.com/ubuntu noble-updates/main amd64 libsdl2-2.0-0 amd64 2.30.0+dfsg-1ubuntu3.1 [686 kB]
2026-10-09T12:43:58.9528106Z Get:80 http://azure.archive.ubuntu.com/ubuntu noble/universe amd64 timgm6mb-soundfont all 1.3-5 [5427 kB]
2026-10-09T12:43:59.1800285Z Get:81 http://azure.archive.ubuntu.com/ubuntu noble/universe amd64 libfluidsynth3 amd64 2.3.4-1build3 [249 kB]
2026-10-09T12:43:59.2725452Z Get:82 http://azure.archive.ubuntu.com/ubuntu noble-updates/main amd64 libglib2.0-dev-bin amd64 2.80.0-6ubuntu3.9 [138 kB]
2026-10-09T12:43:59.3637908Z Get:83 http://azure.archive.ubuntu.com/ubuntu noble-updates/main amd64 uuid-dev amd64 2.39.3-9ubuntu6.6 [33.5 kB]
2026-10-09T12:43:59.4605103Z Get:84 http://azure.archive.ubuntu.com/ubuntu noble-updates/main amd64 libblkid-dev amd64 2.39.3-9ubuntu6.6 [205 kB]
2026-10-09T12:43:59.5520739Z Get:85 http://azure.archive.ubuntu.com/ubuntu noble/main amd64 libsepol-dev amd64 3.5-2build1 [384 kB]
2026-10-09T12:43:59.6455263Z Get:86 http://azure.archive.ubuntu.com/ubuntu noble-updates/main amd64 libselinux1-dev amd64 3.5-2ubuntu2.1 [164 kB]
2026-10-09T12:43:59.7371807Z Get:87 http://azure.archive.ubuntu.com/ubuntu noble-updates/main amd64 libmount-dev amd64 2.39.3-9ubuntu6.6 [14.9 kB]
2026-10-09T12:43:59.8284766Z Get:88 http://azure.archive.ubuntu.com/ubuntu noble-updates/main amd64 libgirepository-2.0-0 amd64 2.80.0-6ubuntu3.9 [73.5 kB]
2026-10-09T12:43:59.9193060Z Get:89 http://azure.archive.ubuntu.com/ubuntu noble-updates/main amd64 libglib2.0-dev amd64 2.80.0-6ubuntu3.9 [1860 kB]
2026-10-09T12:44:00.0276777Z Get:90 http://azure.archive.ubuntu.com/ubuntu noble-updates/main amd64 libout123-0t64 amd64 1.32.5-1ubuntu1.1 [31.1 kB]
2026-10-09T12:44:00.1183805Z Get:91 http://azure.archive.ubuntu.com/ubuntu noble-updates/main amd64 libsyn123-0t64 amd64 1.32.5-1ubuntu1.1 [95.4 kB]
2026-10-09T12:44:00.2121520Z Get:92 http://azure.archive.ubuntu.com/ubuntu noble-updates/main amd64 libmpg123-dev amd64 1.32.5-1ubuntu1.1 [60.9 kB]
2026-10-09T12:44:00.3041838Z Get:93 http://azure.archive.ubuntu.com/ubuntu noble/main amd64 libopus-dev amd64 1.4-1build1 [267 kB]
2026-10-09T12:44:00.3965326Z Get:94 http://azure.archive.ubuntu.com/ubuntu noble/main amd64 libvorbis-dev amd64 1.3.7-1build3 [342 kB]
2026-10-09T12:44:00.4907022Z Get:95 http://azure.archive.ubuntu.com/ubuntu noble-updates/main amd64 libsndfile1-dev amd64 1.2.2-1ubuntu5.24.04.1 [287 kB]
2026-10-09T12:44:00.5832346Z Get:96 http://azure.archive.ubuntu.com/ubuntu noble/universe amd64 libinstpatch-dev amd64 1.1.6-1build2 [55.6 kB]
2026-10-09T12:44:00.6742274Z Get:97 http://azure.archive.ubuntu.com/ubuntu noble/universe amd64 libjack-dev amd64 1:0.126.0-2build3 [140 kB]
2026-10-09T12:44:00.7687317Z Get:98 http://azure.archive.ubuntu.com/ubuntu noble-updates/main amd64 libspa-0.2-dev amd64 1.0.5-1ubuntu3.3 [109 kB]
2026-10-09T12:44:00.8616398Z Get:99 http://azure.archive.ubuntu.com/ubuntu noble-updates/main amd64 libpipewire-0.3-dev amd64 1.0.5-1ubuntu3.3 [53.3 kB]
2026-10-09T12:44:00.9524840Z Get:100 http://azure.archive.ubuntu.com/ubuntu noble-updates/main amd64 libpulse-mainloop-glib0 amd64 1:16.1+dfsg1-2ubuntu10.1 [12.2 kB]
2026-10-09T12:44:01.0430296Z Get:101 http://azure.archive.ubuntu.com/ubuntu noble-updates/universe amd64 libpulse-dev amd64 1:16.1+dfsg1-2ubuntu10.1 [75.6 kB]
2026-10-09T12:44:01.1340316Z Get:102 http://azure.archive.ubuntu.com/ubuntu noble/main amd64 libreadline-dev amd64 8.2-4build1 [167 kB]
2026-10-09T12:44:01.3570662Z Get:103 http://azure.archive.ubuntu.com/ubuntu noble-updates/main amd64 libgbm-dev amd64 25.2.8-0ubuntu0.24.04.4 [12.7 kB]
2026-10-09T12:44:01.4678868Z Get:104 http://azure.archive.ubuntu.com/ubuntu noble/universe amd64 libibus-1.0-dev amd64 1.5.29-2 [187 kB]
2026-10-09T12:44:01.9351535Z Get:105 http://azure.archive.ubuntu.com/ubuntu noble/main amd64 libsamplerate0-dev amd64 0.2.2-4build1 [61.5 kB]
2026-10-09T12:44:02.0698870Z Get:106 http://azure.archive.ubuntu.com/ubuntu noble/universe amd64 libsndio7.0 amd64 1.9.0-0.3build3 [29.6 kB]
2026-10-09T12:44:02.1908331Z Get:107 http://azure.archive.ubuntu.com/ubuntu noble/universe amd64 libsndio-dev amd64 1.9.0-0.3build3 [17.7 kB]
2026-10-09T12:44:02.3068810Z Get:108 http://azure.archive.ubuntu.com/ubuntu noble-updates/main amd64 libudev-dev amd64 255.4-1ubuntu8.17 [22.0 kB]
2026-10-09T12:44:02.4254654Z Get:109 http://azure.archive.ubuntu.com/ubuntu noble/main amd64 libxrender-dev amd64 1:0.9.10-1.1build1 [26.3 kB]
2026-10-09T12:44:02.5454335Z Get:110 http://azure.archive.ubuntu.com/ubuntu noble/main amd64 libxfixes-dev amd64 1:6.0.0-2build1 [12.1 kB]
2026-10-09T12:44:02.6599975Z Get:111 http://azure.archive.ubuntu.com/ubuntu noble/main amd64 libxcursor-dev amd64 1:1.2.1-1build1 [31.8 kB]
2026-10-09T12:44:02.7817921Z Get:112 http://azure.archive.ubuntu.com/ubuntu noble/main amd64 libxi-dev amd64 2:1.8.1-1build1 [194 kB]
2026-10-09T12:44:02.9701377Z Get:113 http://azure.archive.ubuntu.com/ubuntu noble/main amd64 libxinerama-dev amd64 2:1.1.4-3build1 [7988 B]
2026-10-09T12:44:03.0824485Z Get:114 http://azure.archive.ubuntu.com/ubuntu noble/main amd64 libxkbcommon-dev amd64 1.6.0-1build1 [56.3 kB]
2026-10-09T12:44:03.2039128Z Get:115 http://azure.archive.ubuntu.com/ubuntu noble/main amd64 libxrandr-dev amd64 2:1.5.2-2build1 [26.4 kB]
2026-10-09T12:44:03.3069378Z Get:116 http://azure.archive.ubuntu.com/ubuntu noble/main amd64 libxss-dev amd64 1:1.2.3-1build3 [12.1 kB]
2026-10-09T12:44:03.4099825Z Get:117 http://azure.archive.ubuntu.com/ubuntu noble/main amd64 libxv1 amd64 2:1.0.11-1.1build1 [10.7 kB]
2026-10-09T12:44:03.5131920Z Get:118 http://azure.archive.ubuntu.com/ubuntu noble/main amd64 libxv-dev amd64 2:1.0.11-1.1build1 [33.3 kB]
2026-10-09T12:44:03.6168981Z Get:119 http://azure.archive.ubuntu.com/ubuntu noble/main amd64 libxxf86vm-dev amd64 1:1.1.4-1build4 [13.8 kB]
2026-10-09T12:44:03.7199490Z Get:120 http://azure.archive.ubuntu.com/ubuntu noble-updates/universe amd64 libsdl2-dev amd64 2.30.0+dfsg-1ubuntu3.1 [1141 kB]
2026-10-09T12:44:03.8502210Z Get:121 http://azure.archive.ubuntu.com/ubuntu noble-updates/main amd64 libsystemd-dev amd64 255.4-1ubuntu8.17 [1239 kB]
2026-10-09T12:44:03.9804359Z Get:122 http://azure.archive.ubuntu.com/ubuntu noble/universe amd64 libfluidsynth-dev amd64 2.3.4-1build3 [39.4 kB]
2026-10-09T12:44:04.0845187Z Get:123 http://azure.archive.ubuntu.com/ubuntu noble-updates/main amd64 libfreetype6 amd64 2.13.2+dfsg-1ubuntu0.2 [403 kB]
2026-10-09T12:44:04.1967857Z Get:124 http://azure.archive.ubuntu.com/ubuntu noble-updates/main amd64 libpng-dev amd64 1.6.43-5ubuntu0.7 [265 kB]
2026-10-09T12:44:04.3046878Z Get:125 http://azure.archive.ubuntu.com/ubuntu noble-updates/main amd64 libfreetype-dev amd64 2.13.2+dfsg-1ubuntu0.2 [574 kB]
2026-10-09T12:44:04.4199042Z Get:126 http://azure.archive.ubuntu.com/ubuntu noble/universe amd64 libglew2.2 amd64 2.2.0-4build1 [187 kB]
2026-10-09T12:44:04.5262856Z Get:127 http://azure.archive.ubuntu.com/ubuntu noble/universe amd64 libglew-dev amd64 2.2.0-4build1 [280 kB]
2026-10-09T12:44:04.6345339Z Get:128 http://azure.archive.ubuntu.com/ubuntu noble/universe amd64 libglfw3 amd64 3.3.10-1build1 [80.5 kB]
2026-10-09T12:44:04.7383383Z Get:129 http://azure.archive.ubuntu.com/ubuntu noble/universe amd64 libglfw3-dev amd64 3.3.10-1build1 [41.5 kB]
2026-10-09T12:44:04.8419217Z Get:130 http://azure.archive.ubuntu.com/ubuntu noble-updates/main amd64 libgraphite2-dev amd64 1.3.14-2ubuntu0.24.04.1 [14.7 kB]
2026-10-09T12:44:04.9453610Z Get:131 http://azure.archive.ubuntu.com/ubuntu noble/main amd64 libharfbuzz-cairo0 amd64 8.3.0-2build2 [26.2 kB]
2026-10-09T12:44:05.0487548Z Get:132 http://azure.archive.ubuntu.com/ubuntu noble/main amd64 libharfbuzz-icu0 amd64 8.3.0-2build2 [13.3 kB]
2026-10-09T12:44:05.1518261Z Get:133 http://azure.archive.ubuntu.com/ubuntu noble/main amd64 libharfbuzz-subset0 amd64 8.3.0-2build2 [448 kB]
2026-10-09T12:44:05.2640560Z Get:134 http://azure.archive.ubuntu.com/ubuntu noble/main amd64 libharfbuzz-dev amd64 8.3.0-2build2 [142 kB]
2026-10-09T12:44:05.3691377Z Get:135 http://azure.archive.ubuntu.com/ubuntu noble/main amd64 libjpeg-turbo8-dev amd64 2.1.5-2ubuntu2 [295 kB]
2026-10-09T12:44:05.4798335Z Get:136 http://azure.archive.ubuntu.com/ubuntu noble/main amd64 libjpeg8-dev amd64 8c-2ubuntu11 [1484 B]
2026-10-09T12:44:05.4971563Z Get:137 http://azure.archive.ubuntu.com/ubuntu noble/main amd64 libjpeg-dev amd64 8c-2ubuntu11 [1482 B]
2026-10-09T12:44:05.5131123Z Get:138 http://azure.archive.ubuntu.com/ubuntu noble/main amd64 liblerc-dev amd64 4.0.0+ds-4ubuntu2 [182 kB]
2026-10-09T12:44:05.5312710Z Get:139 http://azure.archive.ubuntu.com/ubuntu noble/universe amd64 libmodplug1 amd64 1:0.8.9.0-3build1 [166 kB]
2026-10-09T12:44:05.5466779Z Get:140 http://azure.archive.ubuntu.com/ubuntu noble/universe amd64 libmodplug-dev amd64 1:0.8.9.0-3build1 [14.9 kB]
2026-10-09T12:44:05.5614240Z Get:141 http://azure.archive.ubuntu.com/ubuntu noble/universe amd64 libopusfile0 amd64 0.12-4build3 [44.7 kB]
2026-10-09T12:44:05.5764738Z Get:142 http://azure.archive.ubuntu.com/ubuntu noble/universe amd64 libopusfile-dev amd64 0.12-4build3 [63.1 kB]
2026-10-09T12:44:05.5917993Z Get:143 http://azure.archive.ubuntu.com/ubuntu noble-updates/main amd64 libpipewire-0.3-common all 1.0.5-1ubuntu3.3 [19.5 kB]
2026-10-09T12:44:05.6065672Z Get:144 http://azure.archive.ubuntu.com/ubuntu noble-updates/main amd64 libpng-tools amd64 1.6.43-5ubuntu0.7 [28.5 kB]
2026-10-09T12:44:05.6213224Z Get:145 http://azure.archive.ubuntu.com/ubuntu noble/universe amd64 libsdl2-image-2.0-0 amd64 2.8.2+dfsg-1build2 [65.1 kB]
2026-10-09T12:44:05.6363550Z Get:146 http://azure.archive.ubuntu.com/ubuntu noble/main amd64 libjbig-dev amd64 2.1-6.1ubuntu2 [27.9 kB]
2026-10-09T12:44:05.6508991Z Get:147 http://azure.archive.ubuntu.com/ubuntu noble-updates/main amd64 liblzma-dev amd64 5.6.1+really5.4.5-1ubuntu0.3 [176 kB]
2026-10-09T12:44:05.6667169Z Get:148 http://azure.archive.ubuntu.com/ubuntu noble/main amd64 libwebpdecoder3 amd64 1.3.2-0.4build3 [114 kB]
2026-10-09T12:44:05.6818675Z Get:149 http://azure.archive.ubuntu.com/ubuntu noble/main amd64 libsharpyuv-dev amd64 1.3.2-0.4build3 [16.0 kB]
2026-10-09T12:44:05.6963669Z Get:150 http://azure.archive.ubuntu.com/ubuntu noble/main amd64 libwebp-dev amd64 1.3.2-0.4build3 [367 kB]
2026-10-09T12:44:05.7130428Z Get:151 http://azure.archive.ubuntu.com/ubuntu noble-updates/main amd64 libtiffxx6 amd64 4.5.1+git230720-4ubuntu2.5 [5642 B]
2026-10-09T12:44:05.7275915Z Get:152 http://azure.archive.ubuntu.com/ubuntu noble-updates/main amd64 libtiff-dev amd64 4.5.1+git230720-4ubuntu2.5 [338 kB]
2026-10-09T12:44:05.7440939Z Get:153 http://azure.archive.ubuntu.com/ubuntu noble/universe amd64 libsdl2-image-dev amd64 2.8.2+dfsg-1build2 [77.1 kB]
2026-10-09T12:44:05.8060950Z Get:154 http://azure.archive.ubuntu.com/ubuntu noble/universe amd64 libsdl2-mixer-2.0-0 amd64 2.8.0+dfsg-1build3 [81.8 kB]
2026-10-09T12:44:05.8223853Z Get:155 http://azure.archive.ubuntu.com/ubuntu noble/universe amd64 libsdl2-mixer-dev amd64 2.8.0+dfsg-1build3 [116 kB]
2026-10-09T12:44:05.8394350Z Get:156 http://azure.archive.ubuntu.com/ubuntu noble/universe amd64 libsdl2-ttf-2.0-0 amd64 2.22.0+dfsg-1 [35.7 kB]
2026-10-09T12:44:05.8541378Z Get:157 http://azure.archive.ubuntu.com/ubuntu noble/universe amd64 libsdl2-ttf-dev amd64 2.22.0+dfsg-1 [45.8 kB]
2026-10-09T12:44:05.8691773Z Get:158 http://azure.archive.ubuntu.com/ubuntu noble/main amd64 libuv1-dev amd64 1.48.0-1.1build1 [136 kB]
2026-10-09T12:44:05.8872360Z Get:159 http://azure.archive.ubuntu.com/ubuntu noble/main amd64 libvulkan-dev amd64 1.3.275.0-1build1 [1239 kB]
2026-10-09T12:44:05.9420417Z Get:160 http://azure.archive.ubuntu.com/ubuntu noble/universe amd64 libbullet-dev amd64 3.24+dfsg-2.1build1 [397 kB]
2026-10-09T12:44:06.3678866Z Fetched 33.9 MB in 15s (2299 kB/s)
2026-10-09T12:44:09.7729567Z (Reading database ... 203191 files and directories currently installed.)
2026-10-09T12:44:09.7774536Z Preparing to unpack .../000-libpng16-16t64_1.6.43-5ubuntu0.7_amd64.deb ...
2026-10-09T12:44:09.7824489Z Unpacking libpng16-16t64:amd64 (1.6.43-5ubuntu0.7) over (1.6.43-5ubuntu0.6) ...
2026-10-09T12:44:09.8121394Z Selecting previously unselected package build-essential.
2026-10-09T12:44:09.8251445Z Preparing to unpack .../001-build-essential_12.10ubuntu1_amd64.deb ...
2026-10-09T12:44:09.8260547Z Unpacking build-essential (12.10ubuntu1) ...
2026-10-09T12:44:09.8467024Z Selecting previously unselected package bzip2-doc.
2026-10-09T12:44:09.8594631Z Preparing to unpack .../002-bzip2-doc_1.0.8-5.1ubuntu0.1_all.deb ...
2026-10-09T12:44:09.8602422Z Unpacking bzip2-doc (1.0.8-5.1ubuntu0.1) ...
2026-10-09T12:44:09.8860439Z Selecting previously unselected package libglut3.12:amd64.
2026-10-09T12:44:09.8997908Z Preparing to unpack .../003-libglut3.12_3.4.0-1build1_amd64.deb ...
2026-10-09T12:44:09.9007069Z Unpacking libglut3.12:amd64 (3.4.0-1build1) ...
2026-10-09T12:44:09.9261710Z Selecting previously unselected package xorg-sgml-doctools.
2026-10-09T12:44:09.9392118Z Preparing to unpack .../004-xorg-sgml-doctools_1%3a1.11-1.1_all.deb ...
2026-10-09T12:44:09.9399910Z Unpacking xorg-sgml-doctools (1:1.11-1.1) ...
2026-10-09T12:44:09.9638637Z Selecting previously unselected package x11proto-dev.
2026-10-09T12:44:09.9765705Z Preparing to unpack .../005-x11proto-dev_2023.2-1_all.deb ...
2026-10-09T12:44:09.9773434Z Unpacking x11proto-dev (2023.2-1) ...
2026-10-09T12:44:10.0369853Z Selecting previously unselected package libxau-dev:amd64.
2026-10-09T12:44:10.0499839Z Preparing to unpack .../006-libxau-dev_1%3a1.0.9-1build6_amd64.deb ...
2026-10-09T12:44:10.0508487Z Unpacking libxau-dev:amd64 (1:1.0.9-1build6) ...
2026-10-09T12:44:10.0776316Z Selecting previously unselected package libxdmcp-dev:amd64.
2026-10-09T12:44:10.0905726Z Preparing to unpack .../007-libxdmcp-dev_1%3a1.1.3-0ubuntu6_amd64.deb ...
2026-10-09T12:44:10.0913537Z Unpacking libxdmcp-dev:amd64 (1:1.1.3-0ubuntu6) ...
2026-10-09T12:44:10.1126726Z Selecting previously unselected package xtrans-dev.
2026-10-09T12:44:10.1255285Z Preparing to unpack .../008-xtrans-dev_1.4.0-1_all.deb ...
2026-10-09T12:44:10.1263709Z Unpacking xtrans-dev (1.4.0-1) ...
2026-10-09T12:44:10.1554302Z Selecting previously unselected package libpthread-stubs0-dev:amd64.
2026-10-09T12:44:10.1681164Z Preparing to unpack .../009-libpthread-stubs0-dev_0.4-1build3_amd64.deb ...
2026-10-09T12:44:10.1688320Z Unpacking libpthread-stubs0-dev:amd64 (0.4-1build3) ...
2026-10-09T12:44:10.1886505Z Selecting previously unselected package libxcb1-dev:amd64.
2026-10-09T12:44:10.2013974Z Preparing to unpack .../010-libxcb1-dev_1.15-1ubuntu2_amd64.deb ...
2026-10-09T12:44:10.2022168Z Unpacking libxcb1-dev:amd64 (1.15-1ubuntu2) ...
2026-10-09T12:44:10.2253534Z Selecting previously unselected package libx11-dev:amd64.
2026-10-09T12:44:10.2381227Z Preparing to unpack .../011-libx11-dev_2%3a1.8.7-1build1_amd64.deb ...
2026-10-09T12:44:10.2388897Z Unpacking libx11-dev:amd64 (2:1.8.7-1build1) ...
2026-10-09T12:44:10.2699601Z Selecting previously unselected package libglx-dev:amd64.
2026-10-09T12:44:10.2829417Z Preparing to unpack .../012-libglx-dev_1.7.0-1build1_amd64.deb ...
2026-10-09T12:44:10.2836631Z Unpacking libglx-dev:amd64 (1.7.0-1build1) ...
2026-10-09T12:44:10.3043601Z Selecting previously unselected package libgl-dev:amd64.
2026-10-09T12:44:10.3172549Z Preparing to unpack .../013-libgl-dev_1.7.0-1build1_amd64.deb ...
2026-10-09T12:44:10.3180232Z Unpacking libgl-dev:amd64 (1.7.0-1build1) ...
2026-10-09T12:44:10.3425697Z Selecting previously unselected package libglvnd-core-dev:amd64.
2026-10-09T12:44:10.3554520Z Preparing to unpack .../014-libglvnd-core-dev_1.7.0-1build1_amd64.deb ...
2026-10-09T12:44:10.3561797Z Unpacking libglvnd-core-dev:amd64 (1.7.0-1build1) ...
2026-10-09T12:44:10.3824929Z Selecting previously unselected package libegl-mesa0:amd64.
2026-10-09T12:44:10.3953469Z Preparing to unpack .../015-libegl-mesa0_25.2.8-0ubuntu0.24.04.4_amd64.deb ...
2026-10-09T12:44:10.3962753Z Unpacking libegl-mesa0:amd64 (25.2.8-0ubuntu0.24.04.4) ...
2026-10-09T12:44:10.4196412Z Selecting previously unselected package libegl1:amd64.
2026-10-09T12:44:10.4320991Z Preparing to unpack .../016-libegl1_1.7.0-1build1_amd64.deb ...
2026-10-09T12:44:10.4330096Z Unpacking libegl1:amd64 (1.7.0-1build1) ...
2026-10-09T12:44:10.4532271Z Selecting previously unselected package libegl-dev:amd64.
2026-10-09T12:44:10.4658768Z Preparing to unpack .../017-libegl-dev_1.7.0-1build1_amd64.deb ...
2026-10-09T12:44:10.4666045Z Unpacking libegl-dev:amd64 (1.7.0-1build1) ...
2026-10-09T12:44:10.4928321Z Selecting previously unselected package libgles1:amd64.
2026-10-09T12:44:10.5053894Z Preparing to unpack .../018-libgles1_1.7.0-1build1_amd64.deb ...
2026-10-09T12:44:10.5061119Z Unpacking libgles1:amd64 (1.7.0-1build1) ...
2026-10-09T12:44:10.5280157Z Selecting previously unselected package libgles2:amd64.
2026-10-09T12:44:10.5406563Z Preparing to unpack .../019-libgles2_1.7.0-1build1_amd64.deb ...
2026-10-09T12:44:10.5414397Z Unpacking libgles2:amd64 (1.7.0-1build1) ...
2026-10-09T12:44:10.5620970Z Selecting previously unselected package libgles-dev:amd64.
2026-10-09T12:44:10.5755435Z Preparing to unpack .../020-libgles-dev_1.7.0-1build1_amd64.deb ...
2026-10-09T12:44:10.5764216Z Unpacking libgles-dev:amd64 (1.7.0-1build1) ...
2026-10-09T12:44:10.6049480Z Selecting previously unselected package libopengl0:amd64.
2026-10-09T12:44:10.6180230Z Preparing to unpack .../021-libopengl0_1.7.0-1build1_amd64.deb ...
2026-10-09T12:44:10.6187651Z Unpacking libopengl0:amd64 (1.7.0-1build1) ...
2026-10-09T12:44:10.6407150Z Selecting previously unselected package libopengl-dev:amd64.
2026-10-09T12:44:10.6540458Z Preparing to unpack .../022-libopengl-dev_1.7.0-1build1_amd64.deb ...
2026-10-09T12:44:10.6548525Z Unpacking libopengl-dev:amd64 (1.7.0-1build1) ...
2026-10-09T12:44:10.6759046Z Selecting previously unselected package libglvnd-dev:amd64.
2026-10-09T12:44:10.6886615Z Preparing to unpack .../023-libglvnd-dev_1.7.0-1build1_amd64.deb ...
2026-10-09T12:44:10.6895130Z Unpacking libglvnd-dev:amd64 (1.7.0-1build1) ...
2026-10-09T12:44:10.7151135Z Selecting previously unselected package libgl1-mesa-dev:amd64.
2026-10-09T12:44:10.7279837Z Preparing to unpack .../024-libgl1-mesa-dev_25.2.8-0ubuntu0.24.04.4_amd64.deb ...
2026-10-09T12:44:10.7289343Z Unpacking libgl1-mesa-dev:amd64 (25.2.8-0ubuntu0.24.04.4) ...
2026-10-09T12:44:10.7502151Z Selecting previously unselected package libglu1-mesa:amd64.
2026-10-09T12:44:10.7629548Z Preparing to unpack .../025-libglu1-mesa_9.0.2-1.1build1_amd64.deb ...
2026-10-09T12:44:10.7637907Z Unpacking libglu1-mesa:amd64 (9.0.2-1.1build1) ...
2026-10-09T12:44:10.7862449Z Selecting previously unselected package libglu1-mesa-dev:amd64.
2026-10-09T12:44:10.7991298Z Preparing to unpack .../026-libglu1-mesa-dev_9.0.2-1.1build1_amd64.deb ...
2026-10-09T12:44:10.7998806Z Unpacking libglu1-mesa-dev:amd64 (9.0.2-1.1build1) ...
2026-10-09T12:44:10.8254526Z Selecting previously unselected package libxext-dev:amd64.
2026-10-09T12:44:10.8387034Z Preparing to unpack .../027-libxext-dev_2%3a1.3.4-1build2_amd64.deb ...
2026-10-09T12:44:10.8393898Z Unpacking libxext-dev:amd64 (2:1.3.4-1build2) ...
2026-10-09T12:44:10.8708083Z Selecting previously unselected package libice-dev:amd64.
2026-10-09T12:44:10.8839939Z Preparing to unpack .../028-libice-dev_2%3a1.0.10-1build3_amd64.deb ...
2026-10-09T12:44:10.8848059Z Unpacking libice-dev:amd64 (2:1.0.10-1build3) ...
2026-10-09T12:44:10.9072887Z Selecting previously unselected package libsm-dev:amd64.
2026-10-09T12:44:10.9203689Z Preparing to unpack .../029-libsm-dev_2%3a1.2.3-1build3_amd64.deb ...
2026-10-09T12:44:10.9213059Z Unpacking libsm-dev:amd64 (2:1.2.3-1build3) ...
2026-10-09T12:44:10.9431645Z Selecting previously unselected package libxt-dev:amd64.
2026-10-09T12:44:10.9561677Z Preparing to unpack .../030-libxt-dev_1%3a1.2.1-1.2build1_amd64.deb ...
2026-10-09T12:44:10.9569368Z Unpacking libxt-dev:amd64 (1:1.2.1-1.2build1) ...
2026-10-09T12:44:11.0127511Z Selecting previously unselected package libglut-dev:amd64.
2026-10-09T12:44:11.0258028Z Preparing to unpack .../031-libglut-dev_3.4.0-1build1_amd64.deb ...
2026-10-09T12:44:11.0266729Z Unpacking libglut-dev:amd64 (3.4.0-1build1) ...
2026-10-09T12:44:11.0512733Z Selecting previously unselected package freeglut3-dev:amd64.
2026-10-09T12:44:11.0641822Z Preparing to unpack .../032-freeglut3-dev_3.4.0-1build1_amd64.deb ...
2026-10-09T12:44:11.0650857Z Unpacking freeglut3-dev:amd64 (3.4.0-1build1) ...
2026-10-09T12:44:11.0853377Z Selecting previously unselected package gir1.2-freedesktop:amd64.
2026-10-09T12:44:11.0982810Z Preparing to unpack .../033-gir1.2-freedesktop_1.80.1-1_amd64.deb ...
2026-10-09T12:44:11.0990864Z Unpacking gir1.2-freedesktop:amd64 (1.80.1-1) ...
2026-10-09T12:44:11.1217348Z Selecting previously unselected package gir1.2-glib-2.0-dev:amd64.
2026-10-09T12:44:11.1346035Z Preparing to unpack .../034-gir1.2-glib-2.0-dev_2.80.0-6ubuntu3.9_amd64.deb ...
2026-10-09T12:44:11.1354026Z Unpacking gir1.2-glib-2.0-dev:amd64 (2.80.0-6ubuntu3.9) ...
2026-10-09T12:44:11.1856656Z Selecting previously unselected package gir1.2-freedesktop-dev:amd64.
2026-10-09T12:44:11.1985322Z Preparing to unpack .../035-gir1.2-freedesktop-dev_1.80.1-1_amd64.deb ...
2026-10-09T12:44:11.1994662Z Unpacking gir1.2-freedesktop-dev:amd64 (1.80.1-1) ...
2026-10-09T12:44:11.2219503Z Selecting previously unselected package libharfbuzz-gobject0:amd64.
2026-10-09T12:44:11.2348501Z Preparing to unpack .../036-libharfbuzz-gobject0_8.3.0-2build2_amd64.deb ...
2026-10-09T12:44:11.2358123Z Unpacking libharfbuzz-gobject0:amd64 (8.3.0-2build2) ...
2026-10-09T12:44:11.2564085Z Selecting previously unselected package gir1.2-harfbuzz-0.0:amd64.
2026-10-09T12:44:11.2691400Z Preparing to unpack .../037-gir1.2-harfbuzz-0.0_8.3.0-2build2_amd64.deb ...
2026-10-09T12:44:11.2699172Z Unpacking gir1.2-harfbuzz-0.0:amd64 (8.3.0-2build2) ...
2026-10-09T12:44:11.2910727Z Selecting previously unselected package libibus-1.0-5:amd64.
2026-10-09T12:44:11.3038002Z Preparing to unpack .../038-libibus-1.0-5_1.5.29-2_amd64.deb ...
2026-10-09T12:44:11.3046668Z Unpacking libibus-1.0-5:amd64 (1.5.29-2) ...
2026-10-09T12:44:11.3273212Z Selecting previously unselected package gir1.2-ibus-1.0:amd64.
2026-10-09T12:44:11.3400173Z Preparing to unpack .../039-gir1.2-ibus-1.0_1.5.29-2_amd64.deb ...
2026-10-09T12:44:11.3406628Z Unpacking gir1.2-ibus-1.0:amd64 (1.5.29-2) ...
2026-10-09T12:44:11.3653586Z Selecting previously unselected package libasound2-dev:amd64.
2026-10-09T12:44:11.3763008Z Preparing to unpack .../040-libasound2-dev_1.2.11-1ubuntu0.3_amd64.deb ...
2026-10-09T12:44:11.3797713Z Unpacking libasound2-dev:amd64 (1.2.11-1ubuntu0.3) ...
2026-10-09T12:44:11.4127687Z Selecting previously unselected package libasyncns0:amd64.
2026-10-09T12:44:11.4258073Z Preparing to unpack .../041-libasyncns0_0.8-6build4_amd64.deb ...
2026-10-09T12:44:11.4266236Z Unpacking libasyncns0:amd64 (0.8-6build4) ...
2026-10-09T12:44:11.4472081Z Selecting previously unselected package libbrotli-dev:amd64.
2026-10-09T12:44:11.4600281Z Preparing to unpack .../042-libbrotli-dev_1.1.0-2build2_amd64.deb ...
2026-10-09T12:44:11.4608722Z Unpacking libbrotli-dev:amd64 (1.1.0-2build2) ...
2026-10-09T12:44:11.4873780Z Selecting previously unselected package libbullet3.24t64:amd64.
2026-10-09T12:44:11.5007132Z Preparing to unpack .../043-libbullet3.24t64_3.24+dfsg-2.1build1_amd64.deb ...
2026-10-09T12:44:11.5014508Z Unpacking libbullet3.24t64:amd64 (3.24+dfsg-2.1build1) ...
2026-10-09T12:44:11.5477804Z Selecting previously unselected package libbz2-dev:amd64.
2026-10-09T12:44:11.5607278Z Preparing to unpack .../044-libbz2-dev_1.0.8-5.1ubuntu0.1_amd64.deb ...
2026-10-09T12:44:11.5615186Z Unpacking libbz2-dev:amd64 (1.0.8-5.1ubuntu0.1) ...
2026-10-09T12:44:11.5840914Z Selecting previously unselected package libdbus-1-dev:amd64.
2026-10-09T12:44:11.5969272Z Preparing to unpack .../045-libdbus-1-dev_1.14.10-4ubuntu4.1_amd64.deb ...
2026-10-09T12:44:11.5976975Z Unpacking libdbus-1-dev:amd64 (1.14.10-4ubuntu4.1) ...
2026-10-09T12:44:11.6272436Z Selecting previously unselected package libdecor-0-0:amd64.
2026-10-09T12:44:11.6400426Z Preparing to unpack .../046-libdecor-0-0_0.2.2-1build2_amd64.deb ...
2026-10-09T12:44:11.6408766Z Unpacking libdecor-0-0:amd64 (0.2.2-1build2) ...
2026-10-09T12:44:11.6622779Z Selecting previously unselected package libwayland-server0:amd64.
2026-10-09T12:44:11.6750791Z Preparing to unpack .../047-libwayland-server0_1.22.0-2.1build1_amd64.deb ...
2026-10-09T12:44:11.6759478Z Unpacking libwayland-server0:amd64 (1.22.0-2.1build1) ...
2026-10-09T12:44:11.6971052Z Selecting previously unselected package libwayland-bin.
2026-10-09T12:44:11.7100092Z Preparing to unpack .../048-libwayland-bin_1.22.0-2.1build1_amd64.deb ...
2026-10-09T12:44:11.7107418Z Unpacking libwayland-bin (1.22.0-2.1build1) ...
2026-10-09T12:44:11.7311661Z Selecting previously unselected package libwayland-dev:amd64.
2026-10-09T12:44:11.7439970Z Preparing to unpack .../049-libwayland-dev_1.22.0-2.1build1_amd64.deb ...
2026-10-09T12:44:11.7446700Z Unpacking libwayland-dev:amd64 (1.22.0-2.1build1) ...
2026-10-09T12:44:11.7699695Z Selecting previously unselected package libdecor-0-dev:amd64.
2026-10-09T12:44:11.7830136Z Preparing to unpack .../050-libdecor-0-dev_0.2.2-1build2_amd64.deb ...
2026-10-09T12:44:11.7838841Z Unpacking libdecor-0-dev:amd64 (0.2.2-1build2) ...
2026-10-09T12:44:11.8058434Z Selecting previously unselected package libdecor-0-plugin-1-gtk:amd64.
2026-10-09T12:44:11.8187222Z Preparing to unpack .../051-libdecor-0-plugin-1-gtk_0.2.2-1build2_amd64.deb ...
2026-10-09T12:44:11.8196870Z Unpacking libdecor-0-plugin-1-gtk:amd64 (0.2.2-1build2) ...
2026-10-09T12:44:11.8401053Z Selecting previously unselected package libdeflate-dev:amd64.
2026-10-09T12:44:11.8527805Z Preparing to unpack .../052-libdeflate-dev_1.19-1build1.1_amd64.deb ...
2026-10-09T12:44:11.8535892Z Unpacking libdeflate-dev:amd64 (1.19-1build1.1) ...
2026-10-09T12:44:11.8765056Z Selecting previously unselected package libdrm-radeon1:amd64.
2026-10-09T12:44:11.8893294Z Preparing to unpack .../053-libdrm-radeon1_2.4.125-1ubuntu0.1~24.04.2_amd64.deb ...
2026-10-09T12:44:11.8901170Z Unpacking libdrm-radeon1:amd64 (2.4.125-1ubuntu0.1~24.04.2) ...
2026-10-09T12:44:11.9116143Z Selecting previously unselected package libdrm-nouveau2:amd64.
2026-10-09T12:44:11.9245001Z Preparing to unpack .../054-libdrm-nouveau2_2.4.125-1ubuntu0.1~24.04.2_amd64.deb ...
2026-10-09T12:44:11.9254846Z Unpacking libdrm-nouveau2:amd64 (2.4.125-1ubuntu0.1~24.04.2) ...
2026-10-09T12:44:11.9460772Z Selecting previously unselected package libpciaccess-dev:amd64.
2026-10-09T12:44:11.9588646Z Preparing to unpack .../055-libpciaccess-dev_0.17-3ubuntu0.24.04.3_amd64.deb ...
2026-10-09T12:44:11.9596508Z Unpacking libpciaccess-dev:amd64 (0.17-3ubuntu0.24.04.3) ...
2026-10-09T12:44:11.9804512Z Selecting previously unselected package libdrm-dev:amd64.
2026-10-09T12:44:11.9932184Z Preparing to unpack .../056-libdrm-dev_2.4.125-1ubuntu0.1~24.04.2_amd64.deb ...
2026-10-09T12:44:11.9940626Z Unpacking libdrm-dev:amd64 (2.4.125-1ubuntu0.1~24.04.2) ...
2026-10-09T12:44:12.0281108Z Selecting previously unselected package libegl1-mesa-dev:amd64.
2026-10-09T12:44:12.0408823Z Preparing to unpack .../057-libegl1-mesa-dev_25.2.8-0ubuntu0.24.04.4_amd64.deb ...
2026-10-09T12:44:12.0416851Z Unpacking libegl1-mesa-dev:amd64 (25.2.8-0ubuntu0.24.04.4) ...
2026-10-09T12:44:12.0624419Z Selecting previously unselected package libevent-2.1-7t64:amd64.
2026-10-09T12:44:12.0752011Z Preparing to unpack .../058-libevent-2.1-7t64_2.1.12-stable-9ubuntu2.2_amd64.deb ...
2026-10-09T12:44:12.0759940Z Unpacking libevent-2.1-7t64:amd64 (2.1.12-stable-9ubuntu2.2) ...
2026-10-09T12:44:12.0986462Z Selecting previously unselected package libevent-extra-2.1-7t64:amd64.
2026-10-09T12:44:12.1114821Z Preparing to unpack .../059-libevent-extra-2.1-7t64_2.1.12-stable-9ubuntu2.2_amd64.deb ...
2026-10-09T12:44:12.1122180Z Unpacking libevent-extra-2.1-7t64:amd64 (2.1.12-stable-9ubuntu2.2) ...
2026-10-09T12:44:12.1339673Z Selecting previously unselected package libevent-openssl-2.1-7t64:amd64.
2026-10-09T12:44:12.1467018Z Preparing to unpack .../060-libevent-openssl-2.1-7t64_2.1.12-stable-9ubuntu2.2_amd64.deb ...
2026-10-09T12:44:12.1474729Z Unpacking libevent-openssl-2.1-7t64:amd64 (2.1.12-stable-9ubuntu2.2) ...
2026-10-09T12:44:12.1669778Z Selecting previously unselected package libevent-dev.
2026-10-09T12:44:12.1802060Z Preparing to unpack .../061-libevent-dev_2.1.12-stable-9ubuntu2.2_amd64.deb ...
2026-10-09T12:44:12.1809989Z Unpacking libevent-dev (2.1.12-stable-9ubuntu2.2) ...
2026-10-09T12:44:12.2152135Z Selecting previously unselected package libflac12t64:amd64.
2026-10-09T12:44:12.2280090Z Preparing to unpack .../062-libflac12t64_1.4.3+ds-2.1ubuntu2_amd64.deb ...
2026-10-09T12:44:12.2288122Z Unpacking libflac12t64:amd64 (1.4.3+ds-2.1ubuntu2) ...
2026-10-09T12:44:12.2507205Z Selecting previously unselected package libogg-dev:amd64.
2026-10-09T12:44:12.2635673Z Preparing to unpack .../063-libogg-dev_1.3.5-3build1_amd64.deb ...
2026-10-09T12:44:12.2643247Z Unpacking libogg-dev:amd64 (1.3.5-3build1) ...
2026-10-09T12:44:12.2970475Z Selecting previously unselected package libflac-dev:amd64.
2026-10-09T12:44:12.3099988Z Preparing to unpack .../064-libflac-dev_1.4.3+ds-2.1ubuntu2_amd64.deb ...
2026-10-09T12:44:12.3108976Z Unpacking libflac-dev:amd64 (1.4.3+ds-2.1ubuntu2) ...
2026-10-09T12:44:12.3371355Z Selecting previously unselected package libmp3lame0:amd64.
2026-10-09T12:44:12.3500910Z Preparing to unpack .../065-libmp3lame0_3.100-6build1_amd64.deb ...
2026-10-09T12:44:12.3508664Z Unpacking libmp3lame0:amd64 (3.100-6build1) ...
2026-10-09T12:44:12.3734054Z Selecting previously unselected package libmpg123-0t64:amd64.
2026-10-09T12:44:12.3861802Z Preparing to unpack .../066-libmpg123-0t64_1.32.5-1ubuntu1.1_amd64.deb ...
2026-10-09T12:44:12.3870050Z Unpacking libmpg123-0t64:amd64 (1.32.5-1ubuntu1.1) ...
2026-10-09T12:44:12.4096690Z Selecting previously unselected package libopus0:amd64.
2026-10-09T12:44:12.4229062Z Preparing to unpack .../067-libopus0_1.4-1build1_amd64.deb ...
2026-10-09T12:44:12.4236183Z Unpacking libopus0:amd64 (1.4-1build1) ...
2026-10-09T12:44:12.4467008Z Selecting previously unselected package libvorbisenc2:amd64.
2026-10-09T12:44:12.4596995Z Preparing to unpack .../068-libvorbisenc2_1.3.7-1build3_amd64.deb ...
2026-10-09T12:44:12.4606170Z Unpacking libvorbisenc2:amd64 (1.3.7-1build3) ...
2026-10-09T12:44:12.4848531Z Selecting previously unselected package libsndfile1:amd64.
2026-10-09T12:44:12.4979584Z Preparing to unpack .../069-libsndfile1_1.2.2-1ubuntu5.24.04.1_amd64.deb ...
2026-10-09T12:44:12.4988617Z Unpacking libsndfile1:amd64 (1.2.2-1ubuntu5.24.04.1) ...
2026-10-09T12:44:12.5223215Z Selecting previously unselected package libinstpatch-1.0-2:amd64.
2026-10-09T12:44:12.5350732Z Preparing to unpack .../070-libinstpatch-1.0-2_1.1.6-1build2_amd64.deb ...
2026-10-09T12:44:12.5358519Z Unpacking libinstpatch-1.0-2:amd64 (1.1.6-1build2) ...
2026-10-09T12:44:12.5589162Z Selecting previously unselected package libjack0:amd64.
2026-10-09T12:44:12.5717755Z Preparing to unpack .../071-libjack0_1%3a0.126.0-2build3_amd64.deb ...
2026-10-09T12:44:12.5726129Z Unpacking libjack0:amd64 (1:0.126.0-2build3) ...
2026-10-09T12:44:12.5947842Z Selecting previously unselected package libwebrtc-audio-processing1:amd64.
2026-10-09T12:44:12.6075113Z Preparing to unpack .../072-libwebrtc-audio-processing1_0.3.1-0ubuntu6_amd64.deb ...
2026-10-09T12:44:12.6082252Z Unpacking libwebrtc-audio-processing1:amd64 (0.3.1-0ubuntu6) ...
2026-10-09T12:44:12.6308365Z Selecting previously unselected package libspa-0.2-modules:amd64.
2026-10-09T12:44:12.6436712Z Preparing to unpack .../073-libspa-0.2-modules_1.0.5-1ubuntu3.3_amd64.deb ...
2026-10-09T12:44:12.6445327Z Unpacking libspa-0.2-modules:amd64 (1.0.5-1ubuntu3.3) ...
2026-10-09T12:44:12.6799961Z Selecting previously unselected package libpipewire-0.3-0t64:amd64.
2026-10-09T12:44:12.6929844Z Preparing to unpack .../074-libpipewire-0.3-0t64_1.0.5-1ubuntu3.3_amd64.deb ...
2026-10-09T12:44:12.6938465Z Unpacking libpipewire-0.3-0t64:amd64 (1.0.5-1ubuntu3.3) ...
2026-10-09T12:44:12.7205937Z Selecting previously unselected package libpulse0:amd64.
2026-10-09T12:44:12.7335811Z Preparing to unpack .../075-libpulse0_1%3a16.1+dfsg1-2ubuntu10.1_amd64.deb ...
2026-10-09T12:44:12.7407939Z Unpacking libpulse0:amd64 (1:16.1+dfsg1-2ubuntu10.1) ...
2026-10-09T12:44:12.7660296Z Selecting previously unselected package libsamplerate0:amd64.
2026-10-09T12:44:12.7789222Z Preparing to unpack .../076-libsamplerate0_0.2.2-4build1_amd64.deb ...
2026-10-09T12:44:12.7798989Z Unpacking libsamplerate0:amd64 (0.2.2-4build1) ...
2026-10-09T12:44:12.8065198Z Selecting previously unselected package libsdl2-2.0-0:amd64.
2026-10-09T12:44:12.8190679Z Preparing to unpack .../077-libsdl2-2.0-0_2.30.0+dfsg-1ubuntu3.1_amd64.deb ...
2026-10-09T12:44:12.8199225Z Unpacking libsdl2-2.0-0:amd64 (2.30.0+dfsg-1ubuntu3.1) ...
2026-10-09T12:44:12.8491549Z Selecting previously unselected package timgm6mb-soundfont.
2026-10-09T12:44:12.8620016Z Preparing to unpack .../078-timgm6mb-soundfont_1.3-5_all.deb ...
2026-10-09T12:44:12.8628838Z Unpacking timgm6mb-soundfont (1.3-5) ...
2026-10-09T12:44:13.1990780Z Selecting previously unselected package libfluidsynth3:amd64.
2026-10-09T12:44:13.2120709Z Preparing to unpack .../079-libfluidsynth3_2.3.4-1build3_amd64.deb ...
2026-10-09T12:44:13.2128905Z Unpacking libfluidsynth3:amd64 (2.3.4-1build3) ...
2026-10-09T12:44:13.2363820Z Selecting previously unselected package libglib2.0-dev-bin.
2026-10-09T12:44:13.2496140Z Preparing to unpack .../080-libglib2.0-dev-bin_2.80.0-6ubuntu3.9_amd64.deb ...
2026-10-09T12:44:13.2760266Z Unpacking libglib2.0-dev-bin (2.80.0-6ubuntu3.9) ...
2026-10-09T12:44:13.3097799Z Selecting previously unselected package uuid-dev:amd64.
2026-10-09T12:44:13.3225366Z Preparing to unpack .../081-uuid-dev_2.39.3-9ubuntu6.6_amd64.deb ...
2026-10-09T12:44:13.3233135Z Unpacking uuid-dev:amd64 (2.39.3-9ubuntu6.6) ...
2026-10-09T12:44:13.3462095Z Selecting previously unselected package libblkid-dev:amd64.
2026-10-09T12:44:13.3589948Z Preparing to unpack .../082-libblkid-dev_2.39.3-9ubuntu6.6_amd64.deb ...
2026-10-09T12:44:13.3598049Z Unpacking libblkid-dev:amd64 (2.39.3-9ubuntu6.6) ...
2026-10-09T12:44:13.3840584Z Selecting previously unselected package libsepol-dev:amd64.
2026-10-09T12:44:13.3972643Z Preparing to unpack .../083-libsepol-dev_3.5-2build1_amd64.deb ...
2026-10-09T12:44:13.3979956Z Unpacking libsepol-dev:amd64 (3.5-2build1) ...
2026-10-09T12:44:13.4343719Z Selecting previously unselected package libselinux1-dev:amd64.
2026-10-09T12:44:13.4475380Z Preparing to unpack .../084-libselinux1-dev_3.5-2ubuntu2.1_amd64.deb ...
2026-10-09T12:44:13.4482670Z Unpacking libselinux1-dev:amd64 (3.5-2ubuntu2.1) ...
2026-10-09T12:44:13.4944703Z Selecting previously unselected package libmount-dev:amd64.
2026-10-09T12:44:13.5075073Z Preparing to unpack .../085-libmount-dev_2.39.3-9ubuntu6.6_amd64.deb ...
2026-10-09T12:44:13.5083105Z Unpacking libmount-dev:amd64 (2.39.3-9ubuntu6.6) ...
2026-10-09T12:44:13.5321416Z Selecting previously unselected package libgirepository-2.0-0:amd64.
2026-10-09T12:44:13.5451689Z Preparing to unpack .../086-libgirepository-2.0-0_2.80.0-6ubuntu3.9_amd64.deb ...
2026-10-09T12:44:13.5459625Z Unpacking libgirepository-2.0-0:amd64 (2.80.0-6ubuntu3.9) ...
2026-10-09T12:44:13.5665580Z Selecting previously unselected package libglib2.0-dev:amd64.
2026-10-09T12:44:13.5795255Z Preparing to unpack .../087-libglib2.0-dev_2.80.0-6ubuntu3.9_amd64.deb ...
2026-10-09T12:44:13.5803048Z Unpacking libglib2.0-dev:amd64 (2.80.0-6ubuntu3.9) ...
2026-10-09T12:44:13.6778429Z Selecting previously unselected package libout123-0t64:amd64.
2026-10-09T12:44:13.6907189Z Preparing to unpack .../088-libout123-0t64_1.32.5-1ubuntu1.1_amd64.deb ...
2026-10-09T12:44:13.6915710Z Unpacking libout123-0t64:amd64 (1.32.5-1ubuntu1.1) ...
2026-10-09T12:44:13.7125667Z Selecting previously unselected package libsyn123-0t64:amd64.
2026-10-09T12:44:13.7251509Z Preparing to unpack .../089-libsyn123-0t64_1.32.5-1ubuntu1.1_amd64.deb ...
2026-10-09T12:44:13.7259808Z Unpacking libsyn123-0t64:amd64 (1.32.5-1ubuntu1.1) ...
2026-10-09T12:44:13.7481455Z Selecting previously unselected package libmpg123-dev:amd64.
2026-10-09T12:44:13.7606932Z Preparing to unpack .../090-libmpg123-dev_1.32.5-1ubuntu1.1_amd64.deb ...
2026-10-09T12:44:13.7619726Z Unpacking libmpg123-dev:amd64 (1.32.5-1ubuntu1.1) ...
2026-10-09T12:44:13.7861239Z Selecting previously unselected package libopus-dev:amd64.
2026-10-09T12:44:13.7988410Z Preparing to unpack .../091-libopus-dev_1.4-1build1_amd64.deb ...
2026-10-09T12:44:13.7996301Z Unpacking libopus-dev:amd64 (1.4-1build1) ...
2026-10-09T12:44:13.8246926Z Selecting previously unselected package libvorbis-dev:amd64.
2026-10-09T12:44:13.8372377Z Preparing to unpack .../092-libvorbis-dev_1.3.7-1build3_amd64.deb ...
2026-10-09T12:44:13.8379648Z Unpacking libvorbis-dev:amd64 (1.3.7-1build3) ...
2026-10-09T12:44:13.8847638Z Selecting previously unselected package libsndfile1-dev:amd64.
2026-10-09T12:44:13.8973147Z Preparing to unpack .../093-libsndfile1-dev_1.2.2-1ubuntu5.24.04.1_amd64.deb ...
2026-10-09T12:44:13.8979572Z Unpacking libsndfile1-dev:amd64 (1.2.2-1ubuntu5.24.04.1) ...
2026-10-09T12:44:13.9322399Z Selecting previously unselected package libinstpatch-dev:amd64.
2026-10-09T12:44:13.9452127Z Preparing to unpack .../094-libinstpatch-dev_1.1.6-1build2_amd64.deb ...
2026-10-09T12:44:13.9460079Z Unpacking libinstpatch-dev:amd64 (1.1.6-1build2) ...
2026-10-09T12:44:13.9818715Z Selecting previously unselected package libjack-dev:amd64.
2026-10-09T12:44:13.9945778Z Preparing to unpack .../095-libjack-dev_1%3a0.126.0-2build3_amd64.deb ...
2026-10-09T12:44:13.9953555Z Unpacking libjack-dev:amd64 (1:0.126.0-2build3) ...
2026-10-09T12:44:14.0371561Z Selecting previously unselected package libspa-0.2-dev:amd64.
2026-10-09T12:44:14.0499508Z Preparing to unpack .../096-libspa-0.2-dev_1.0.5-1ubuntu3.3_amd64.deb ...
2026-10-09T12:44:14.0509197Z Unpacking libspa-0.2-dev:amd64 (1.0.5-1ubuntu3.3) ...
2026-10-09T12:44:14.0928304Z Selecting previously unselected package libpipewire-0.3-dev:amd64.
2026-10-09T12:44:14.1056793Z Preparing to unpack .../097-libpipewire-0.3-dev_1.0.5-1ubuntu3.3_amd64.deb ...
2026-10-09T12:44:14.1064823Z Unpacking libpipewire-0.3-dev:amd64 (1.0.5-1ubuntu3.3) ...
2026-10-09T12:44:14.1382957Z Selecting previously unselected package libpulse-mainloop-glib0:amd64.
2026-10-09T12:44:14.1509679Z Preparing to unpack .../098-libpulse-mainloop-glib0_1%3a16.1+dfsg1-2ubuntu10.1_amd64.deb ...
2026-10-09T12:44:14.1520493Z Unpacking libpulse-mainloop-glib0:amd64 (1:16.1+dfsg1-2ubuntu10.1) ...
2026-10-09T12:44:14.1725491Z Selecting previously unselected package libpulse-dev:amd64.
2026-10-09T12:44:14.1851941Z Preparing to unpack .../099-libpulse-dev_1%3a16.1+dfsg1-2ubuntu10.1_amd64.deb ...
2026-10-09T12:44:14.1861635Z Unpacking libpulse-dev:amd64 (1:16.1+dfsg1-2ubuntu10.1) ...
2026-10-09T12:44:14.2140370Z Selecting previously unselected package libreadline-dev:amd64.
2026-10-09T12:44:14.2270040Z Preparing to unpack .../100-libreadline-dev_8.2-4build1_amd64.deb ...
2026-10-09T12:44:14.2278344Z Unpacking libreadline-dev:amd64 (8.2-4build1) ...
2026-10-09T12:44:14.2533190Z Selecting previously unselected package libgbm-dev:amd64.
2026-10-09T12:44:14.2663007Z Preparing to unpack .../101-libgbm-dev_25.2.8-0ubuntu0.24.04.4_amd64.deb ...
2026-10-09T12:44:14.2671924Z Unpacking libgbm-dev:amd64 (25.2.8-0ubuntu0.24.04.4) ...
2026-10-09T12:44:14.2881312Z Selecting previously unselected package libibus-1.0-dev:amd64.
2026-10-09T12:44:14.3009609Z Preparing to unpack .../102-libibus-1.0-dev_1.5.29-2_amd64.deb ...
2026-10-09T12:44:14.3016885Z Unpacking libibus-1.0-dev:amd64 (1.5.29-2) ...
2026-10-09T12:44:14.3359785Z Selecting previously unselected package libsamplerate0-dev:amd64.
2026-10-09T12:44:14.3488224Z Preparing to unpack .../103-libsamplerate0-dev_0.2.2-4build1_amd64.deb ...
2026-10-09T12:44:14.3495855Z Unpacking libsamplerate0-dev:amd64 (0.2.2-4build1) ...
2026-10-09T12:44:14.3745962Z Selecting previously unselected package libsndio7.0:amd64.
2026-10-09T12:44:14.3872081Z Preparing to unpack .../104-libsndio7.0_1.9.0-0.3build3_amd64.deb ...
2026-10-09T12:44:14.3879656Z Unpacking libsndio7.0:amd64 (1.9.0-0.3build3) ...
2026-10-09T12:44:14.4077907Z Selecting previously unselected package libsndio-dev:amd64.
2026-10-09T12:44:14.4208317Z Preparing to unpack .../105-libsndio-dev_1.9.0-0.3build3_amd64.deb ...
2026-10-09T12:44:14.4214835Z Unpacking libsndio-dev:amd64 (1.9.0-0.3build3) ...
2026-10-09T12:44:14.4448974Z Selecting previously unselected package libudev-dev:amd64.
2026-10-09T12:44:14.4576786Z Preparing to unpack .../106-libudev-dev_255.4-1ubuntu8.17_amd64.deb ...
2026-10-09T12:44:14.4620464Z Unpacking libudev-dev:amd64 (255.4-1ubuntu8.17) ...
2026-10-09T12:44:14.4887356Z Selecting previously unselected package libxrender-dev:amd64.
2026-10-09T12:44:14.5013404Z Preparing to unpack .../107-libxrender-dev_1%3a0.9.10-1.1build1_amd64.deb ...
2026-10-09T12:44:14.5020619Z Unpacking libxrender-dev:amd64 (1:0.9.10-1.1build1) ...
2026-10-09T12:44:14.5218346Z Selecting previously unselected package libxfixes-dev:amd64.
2026-10-09T12:44:14.5344442Z Preparing to unpack .../108-libxfixes-dev_1%3a6.0.0-2build1_amd64.deb ...
2026-10-09T12:44:14.5350188Z Unpacking libxfixes-dev:amd64 (1:6.0.0-2build1) ...
2026-10-09T12:44:14.5554373Z Selecting previously unselected package libxcursor-dev:amd64.
2026-10-09T12:44:14.5681465Z Preparing to unpack .../109-libxcursor-dev_1%3a1.2.1-1build1_amd64.deb ...
2026-10-09T12:44:14.5710144Z Unpacking libxcursor-dev:amd64 (1:1.2.1-1build1) ...
2026-10-09T12:44:14.5981519Z Selecting previously unselected package libxi-dev:amd64.
2026-10-09T12:44:14.6109587Z Preparing to unpack .../110-libxi-dev_2%3a1.8.1-1build1_amd64.deb ...
2026-10-09T12:44:14.6116715Z Unpacking libxi-dev:amd64 (2:1.8.1-1build1) ...
2026-10-09T12:44:14.6443197Z Selecting previously unselected package libxinerama-dev:amd64.
2026-10-09T12:44:14.6571684Z Preparing to unpack .../111-libxinerama-dev_2%3a1.1.4-3build1_amd64.deb ...
2026-10-09T12:44:14.6578947Z Unpacking libxinerama-dev:amd64 (2:1.1.4-3build1) ...
2026-10-09T12:44:14.6787489Z Selecting previously unselected package libxkbcommon-dev:amd64.
2026-10-09T12:44:14.6915711Z Preparing to unpack .../112-libxkbcommon-dev_1.6.0-1build1_amd64.deb ...
2026-10-09T12:44:14.6923343Z Unpacking libxkbcommon-dev:amd64 (1.6.0-1build1) ...
2026-10-09T12:44:14.7142072Z Selecting previously unselected package libxrandr-dev:amd64.
2026-10-09T12:44:14.7270821Z Preparing to unpack .../113-libxrandr-dev_2%3a1.5.2-2build1_amd64.deb ...
2026-10-09T12:44:14.7282166Z Unpacking libxrandr-dev:amd64 (2:1.5.2-2build1) ...
2026-10-09T12:44:14.7505572Z Selecting previously unselected package libxss-dev:amd64.
2026-10-09T12:44:14.7630940Z Preparing to unpack .../114-libxss-dev_1%3a1.2.3-1build3_amd64.deb ...
2026-10-09T12:44:14.7637882Z Unpacking libxss-dev:amd64 (1:1.2.3-1build3) ...
2026-10-09T12:44:14.7854632Z Selecting previously unselected package libxv1:amd64.
2026-10-09T12:44:14.7980444Z Preparing to unpack .../115-libxv1_2%3a1.0.11-1.1build1_amd64.deb ...
2026-10-09T12:44:14.7988774Z Unpacking libxv1:amd64 (2:1.0.11-1.1build1) ...
2026-10-09T12:44:14.8187053Z Selecting previously unselected package libxv-dev:amd64.
2026-10-09T12:44:14.8312493Z Preparing to unpack .../116-libxv-dev_2%3a1.0.11-1.1build1_amd64.deb ...
2026-10-09T12:44:14.8319613Z Unpacking libxv-dev:amd64 (2:1.0.11-1.1build1) ...
2026-10-09T12:44:14.8565351Z Selecting previously unselected package libxxf86vm-dev:amd64.
2026-10-09T12:44:14.8693274Z Preparing to unpack .../117-libxxf86vm-dev_1%3a1.1.4-1build4_amd64.deb ...
2026-10-09T12:44:14.8699958Z Unpacking libxxf86vm-dev:amd64 (1:1.1.4-1build4) ...
2026-10-09T12:44:14.8919802Z Selecting previously unselected package libsdl2-dev:amd64.
2026-10-09T12:44:14.9048085Z Preparing to unpack .../118-libsdl2-dev_2.30.0+dfsg-1ubuntu3.1_amd64.deb ...
2026-10-09T12:44:14.9055656Z Unpacking libsdl2-dev:amd64 (2.30.0+dfsg-1ubuntu3.1) ...
2026-10-09T12:44:14.9577808Z Selecting previously unselected package libsystemd-dev:amd64.
2026-10-09T12:44:14.9705005Z Preparing to unpack .../119-libsystemd-dev_255.4-1ubuntu8.17_amd64.deb ...
2026-10-09T12:44:14.9712200Z Unpacking libsystemd-dev:amd64 (255.4-1ubuntu8.17) ...
2026-10-09T12:44:15.0777202Z Selecting previously unselected package libfluidsynth-dev:amd64.
2026-10-09T12:44:15.0905098Z Preparing to unpack .../120-libfluidsynth-dev_2.3.4-1build3_amd64.deb ...
2026-10-09T12:44:15.0914685Z Unpacking libfluidsynth-dev:amd64 (2.3.4-1build3) ...
2026-10-09T12:44:15.1298126Z Preparing to unpack .../121-libfreetype6_2.13.2+dfsg-1ubuntu0.2_amd64.deb ...
2026-10-09T12:44:15.1320329Z Unpacking libfreetype6:amd64 (2.13.2+dfsg-1ubuntu0.2) over (2.13.2+dfsg-1ubuntu0.1) ...
2026-10-09T12:44:15.1578950Z Selecting previously unselected package libpng-dev:amd64.
2026-10-09T12:44:15.1708669Z Preparing to unpack .../122-libpng-dev_1.6.43-5ubuntu0.7_amd64.deb ...
2026-10-09T12:44:15.1716637Z Unpacking libpng-dev:amd64 (1.6.43-5ubuntu0.7) ...
2026-10-09T12:44:15.2051805Z Selecting previously unselected package libfreetype-dev:amd64.
2026-10-09T12:44:15.2178825Z Preparing to unpack .../123-libfreetype-dev_2.13.2+dfsg-1ubuntu0.2_amd64.deb ...
2026-10-09T12:44:15.2187402Z Unpacking libfreetype-dev:amd64 (2.13.2+dfsg-1ubuntu0.2) ...
2026-10-09T12:44:15.2538833Z Selecting previously unselected package libglew2.2:amd64.
2026-10-09T12:44:15.2668842Z Preparing to unpack .../124-libglew2.2_2.2.0-4build1_amd64.deb ...
2026-10-09T12:44:15.2676661Z Unpacking libglew2.2:amd64 (2.2.0-4build1) ...
2026-10-09T12:44:15.2911502Z Selecting previously unselected package libglew-dev:amd64.
2026-10-09T12:44:15.3044162Z Preparing to unpack .../125-libglew-dev_2.2.0-4build1_amd64.deb ...
2026-10-09T12:44:15.3052286Z Unpacking libglew-dev:amd64 (2.2.0-4build1) ...
2026-10-09T12:44:15.3348103Z Selecting previously unselected package libglfw3:amd64.
2026-10-09T12:44:15.3479632Z Preparing to unpack .../126-libglfw3_3.3.10-1build1_amd64.deb ...
2026-10-09T12:44:15.3486848Z Unpacking libglfw3:amd64 (3.3.10-1build1) ...
2026-10-09T12:44:15.3709581Z Selecting previously unselected package libglfw3-dev:amd64.
2026-10-09T12:44:15.3841593Z Preparing to unpack .../127-libglfw3-dev_3.3.10-1build1_amd64.deb ...
2026-10-09T12:44:15.3849804Z Unpacking libglfw3-dev:amd64 (3.3.10-1build1) ...
2026-10-09T12:44:15.4082877Z Selecting previously unselected package libgraphite2-dev:amd64.
2026-10-09T12:44:15.4211283Z Preparing to unpack .../128-libgraphite2-dev_1.3.14-2ubuntu0.24.04.1_amd64.deb ...
2026-10-09T12:44:15.4219300Z Unpacking libgraphite2-dev:amd64 (1.3.14-2ubuntu0.24.04.1) ...
2026-10-09T12:44:15.4449032Z Selecting previously unselected package libharfbuzz-cairo0:amd64.
2026-10-09T12:44:15.4583104Z Preparing to unpack .../129-libharfbuzz-cairo0_8.3.0-2build2_amd64.deb ...
2026-10-09T12:44:15.4591560Z Unpacking libharfbuzz-cairo0:amd64 (8.3.0-2build2) ...
2026-10-09T12:44:15.4816947Z Selecting previously unselected package libharfbuzz-icu0:amd64.
2026-10-09T12:44:15.4946365Z Preparing to unpack .../130-libharfbuzz-icu0_8.3.0-2build2_amd64.deb ...
2026-10-09T12:44:15.4954333Z Unpacking libharfbuzz-icu0:amd64 (8.3.0-2build2) ...
2026-10-09T12:44:15.5170364Z Selecting previously unselected package libharfbuzz-subset0:amd64.
2026-10-09T12:44:15.5299324Z Preparing to unpack .../131-libharfbuzz-subset0_8.3.0-2build2_amd64.deb ...
2026-10-09T12:44:15.5306762Z Unpacking libharfbuzz-subset0:amd64 (8.3.0-2build2) ...
2026-10-09T12:44:15.5561993Z Selecting previously unselected package libharfbuzz-dev:amd64.
2026-10-09T12:44:15.5694808Z Preparing to unpack .../132-libharfbuzz-dev_8.3.0-2build2_amd64.deb ...
2026-10-09T12:44:15.5707524Z Unpacking libharfbuzz-dev:amd64 (8.3.0-2build2) ...
2026-10-09T12:44:15.6036602Z Selecting previously unselected package libjpeg-turbo8-dev:amd64.
2026-10-09T12:44:15.6166496Z Preparing to unpack .../133-libjpeg-turbo8-dev_2.1.5-2ubuntu2_amd64.deb ...
2026-10-09T12:44:15.6175088Z Unpacking libjpeg-turbo8-dev:amd64 (2.1.5-2ubuntu2) ...
2026-10-09T12:44:15.6435236Z Selecting previously unselected package libjpeg8-dev:amd64.
2026-10-09T12:44:15.6564963Z Preparing to unpack .../134-libjpeg8-dev_8c-2ubuntu11_amd64.deb ...
2026-10-09T12:44:15.6572185Z Unpacking libjpeg8-dev:amd64 (8c-2ubuntu11) ...
2026-10-09T12:44:15.6773965Z Selecting previously unselected package libjpeg-dev:amd64.
2026-10-09T12:44:15.6903279Z Preparing to unpack .../135-libjpeg-dev_8c-2ubuntu11_amd64.deb ...
2026-10-09T12:44:15.6909648Z Unpacking libjpeg-dev:amd64 (8c-2ubuntu11) ...
2026-10-09T12:44:15.7115569Z Selecting previously unselected package liblerc-dev:amd64.
2026-10-09T12:44:15.7244653Z Preparing to unpack .../136-liblerc-dev_4.0.0+ds-4ubuntu2_amd64.deb ...
2026-10-09T12:44:15.7253181Z Unpacking liblerc-dev:amd64 (4.0.0+ds-4ubuntu2) ...
2026-10-09T12:44:15.7514229Z Selecting previously unselected package libmodplug1:amd64.
2026-10-09T12:44:15.7646431Z Preparing to unpack .../137-libmodplug1_1%3a0.8.9.0-3build1_amd64.deb ...
2026-10-09T12:44:15.7653873Z Unpacking libmodplug1:amd64 (1:0.8.9.0-3build1) ...
2026-10-09T12:44:15.7893013Z Selecting previously unselected package libmodplug-dev:amd64.
2026-10-09T12:44:15.8022901Z Preparing to unpack .../138-libmodplug-dev_1%3a0.8.9.0-3build1_amd64.deb ...
2026-10-09T12:44:15.8029702Z Unpacking libmodplug-dev:amd64 (1:0.8.9.0-3build1) ...
2026-10-09T12:44:15.8254683Z Selecting previously unselected package libopusfile0:amd64.
2026-10-09T12:44:15.8383863Z Preparing to unpack .../139-libopusfile0_0.12-4build3_amd64.deb ...
2026-10-09T12:44:15.8394489Z Unpacking libopusfile0:amd64 (0.12-4build3) ...
2026-10-09T12:44:15.8609994Z Selecting previously unselected package libopusfile-dev:amd64.
2026-10-09T12:44:15.8740083Z Preparing to unpack .../140-libopusfile-dev_0.12-4build3_amd64.deb ...
2026-10-09T12:44:15.8746928Z Unpacking libopusfile-dev:amd64 (0.12-4build3) ...
2026-10-09T12:44:15.8971238Z Selecting previously unselected package libpipewire-0.3-common.
2026-10-09T12:44:15.9101900Z Preparing to unpack .../141-libpipewire-0.3-common_1.0.5-1ubuntu3.3_all.deb ...
2026-10-09T12:44:15.9111662Z Unpacking libpipewire-0.3-common (1.0.5-1ubuntu3.3) ...
2026-10-09T12:44:15.9321550Z Selecting previously unselected package libpng-tools.
2026-10-09T12:44:15.9449933Z Preparing to unpack .../142-libpng-tools_1.6.43-5ubuntu0.7_amd64.deb ...
2026-10-09T12:44:15.9458128Z Unpacking libpng-tools (1.6.43-5ubuntu0.7) ...
2026-10-09T12:44:15.9683472Z Selecting previously unselected package libsdl2-image-2.0-0:amd64.
2026-10-09T12:44:15.9814864Z Preparing to unpack .../143-libsdl2-image-2.0-0_2.8.2+dfsg-1build2_amd64.deb ...
2026-10-09T12:44:15.9823287Z Unpacking libsdl2-image-2.0-0:amd64 (2.8.2+dfsg-1build2) ...
2026-10-09T12:44:16.0044693Z Selecting previously unselected package libjbig-dev:amd64.
2026-10-09T12:44:16.0173502Z Preparing to unpack .../144-libjbig-dev_2.1-6.1ubuntu2_amd64.deb ...
2026-10-09T12:44:16.0183369Z Unpacking libjbig-dev:amd64 (2.1-6.1ubuntu2) ...
2026-10-09T12:44:16.0404703Z Selecting previously unselected package liblzma-dev:amd64.
2026-10-09T12:44:16.0534279Z Preparing to unpack .../145-liblzma-dev_5.6.1+really5.4.5-1ubuntu0.3_amd64.deb ...
2026-10-09T12:44:16.0545034Z Unpacking liblzma-dev:amd64 (5.6.1+really5.4.5-1ubuntu0.3) ...
2026-10-09T12:44:16.0834409Z Selecting previously unselected package libwebpdecoder3:amd64.
2026-10-09T12:44:16.0965320Z Preparing to unpack .../146-libwebpdecoder3_1.3.2-0.4build3_amd64.deb ...
2026-10-09T12:44:16.0974887Z Unpacking libwebpdecoder3:amd64 (1.3.2-0.4build3) ...
2026-10-09T12:44:16.1198124Z Selecting previously unselected package libsharpyuv-dev:amd64.
2026-10-09T12:44:16.1329333Z Preparing to unpack .../147-libsharpyuv-dev_1.3.2-0.4build3_amd64.deb ...
2026-10-09T12:44:16.1337070Z Unpacking libsharpyuv-dev:amd64 (1.3.2-0.4build3) ...
2026-10-09T12:44:16.1556236Z Selecting previously unselected package libwebp-dev:amd64.
2026-10-09T12:44:16.1689255Z Preparing to unpack .../148-libwebp-dev_1.3.2-0.4build3_amd64.deb ...
2026-10-09T12:44:16.1697354Z Unpacking libwebp-dev:amd64 (1.3.2-0.4build3) ...
2026-10-09T12:44:16.2013497Z Selecting previously unselected package libtiffxx6:amd64.
2026-10-09T12:44:16.2141804Z Preparing to unpack .../149-libtiffxx6_4.5.1+git230720-4ubuntu2.5_amd64.deb ...
2026-10-09T12:44:16.2152789Z Unpacking libtiffxx6:amd64 (4.5.1+git230720-4ubuntu2.5) ...
2026-10-09T12:44:16.2362320Z Selecting previously unselected package libtiff-dev:amd64.
2026-10-09T12:44:16.2491740Z Preparing to unpack .../150-libtiff-dev_4.5.1+git230720-4ubuntu2.5_amd64.deb ...
2026-10-09T12:44:16.2499616Z Unpacking libtiff-dev:amd64 (4.5.1+git230720-4ubuntu2.5) ...
2026-10-09T12:44:16.2862374Z Selecting previously unselected package libsdl2-image-dev:amd64.
2026-10-09T12:44:16.2992522Z Preparing to unpack .../151-libsdl2-image-dev_2.8.2+dfsg-1build2_amd64.deb ...
2026-10-09T12:44:16.2999771Z Unpacking libsdl2-image-dev:amd64 (2.8.2+dfsg-1build2) ...
2026-10-09T12:44:16.3236628Z Selecting previously unselected package libsdl2-mixer-2.0-0:amd64.
2026-10-09T12:44:16.3364740Z Preparing to unpack .../152-libsdl2-mixer-2.0-0_2.8.0+dfsg-1build3_amd64.deb ...
2026-10-09T12:44:16.3384963Z Unpacking libsdl2-mixer-2.0-0:amd64 (2.8.0+dfsg-1build3) ...
2026-10-09T12:44:16.3610805Z Selecting previously unselected package libsdl2-mixer-dev:amd64.
2026-10-09T12:44:16.3743400Z Preparing to unpack .../153-libsdl2-mixer-dev_2.8.0+dfsg-1build3_amd64.deb ...
2026-10-09T12:44:16.3753143Z Unpacking libsdl2-mixer-dev:amd64 (2.8.0+dfsg-1build3) ...
2026-10-09T12:44:16.4006218Z Selecting previously unselected package libsdl2-ttf-2.0-0:amd64.
2026-10-09T12:44:16.4141048Z Preparing to unpack .../154-libsdl2-ttf-2.0-0_2.22.0+dfsg-1_amd64.deb ...
2026-10-09T12:44:16.4149473Z Unpacking libsdl2-ttf-2.0-0:amd64 (2.22.0+dfsg-1) ...
2026-10-09T12:44:16.4361768Z Selecting previously unselected package libsdl2-ttf-dev:amd64.
2026-10-09T12:44:16.4493885Z Preparing to unpack .../155-libsdl2-ttf-dev_2.22.0+dfsg-1_amd64.deb ...
2026-10-09T12:44:16.4502645Z Unpacking libsdl2-ttf-dev:amd64 (2.22.0+dfsg-1) ...
2026-10-09T12:44:16.4725359Z Selecting previously unselected package libuv1-dev:amd64.
2026-10-09T12:44:16.4853690Z Preparing to unpack .../156-libuv1-dev_1.48.0-1.1build1_amd64.deb ...
2026-10-09T12:44:16.4861396Z Unpacking libuv1-dev:amd64 (1.48.0-1.1build1) ...
2026-10-09T12:44:16.5112432Z Selecting previously unselected package libvulkan-dev:amd64.
2026-10-09T12:44:16.5243154Z Preparing to unpack .../157-libvulkan-dev_1.3.275.0-1build1_amd64.deb ...
2026-10-09T12:44:16.5253192Z Unpacking libvulkan-dev:amd64 (1.3.275.0-1build1) ...
2026-10-09T12:44:16.6144845Z Selecting previously unselected package libbullet-dev:amd64.
2026-10-09T12:44:16.6272664Z Preparing to unpack .../158-libbullet-dev_3.24+dfsg-2.1build1_amd64.deb ...
2026-10-09T12:44:16.6280347Z Unpacking libbullet-dev:amd64 (3.24+dfsg-2.1build1) ...
2026-10-09T12:44:16.7547578Z Setting up libpipewire-0.3-common (1.0.5-1ubuntu3.3) ...
2026-10-09T12:44:16.7573369Z Setting up libuv1-dev:amd64 (1.48.0-1.1build1) ...
2026-10-09T12:44:16.7591658Z Setting up libglib2.0-dev-bin (2.80.0-6ubuntu3.9) ...
2026-10-09T12:44:16.9202807Z Setting up libglfw3:amd64 (3.3.10-1build1) ...
2026-10-09T12:44:16.9222499Z Setting up libmodplug1:amd64 (1:0.8.9.0-3build1) ...
2026-10-09T12:44:16.9238754Z Setting up bzip2-doc (1.0.8-5.1ubuntu0.1) ...
2026-10-09T12:44:16.9256646Z Setting up libwayland-server0:amd64 (1.22.0-2.1build1) ...
2026-10-09T12:44:16.9275813Z Setting up libjpeg-turbo8-dev:amd64 (2.1.5-2ubuntu2) ...
2026-10-09T12:44:16.9293972Z Setting up libvulkan-dev:amd64 (1.3.275.0-1build1) ...
2026-10-09T12:44:16.9311538Z Setting up libmodplug-dev:amd64 (1:0.8.9.0-3build1) ...
2026-10-09T12:44:16.9327312Z Setting up libdrm-nouveau2:amd64 (2.4.125-1ubuntu0.1~24.04.2) ...
2026-10-09T12:44:16.9343870Z Setting up gir1.2-freedesktop:amd64 (1.80.1-1) ...
2026-10-09T12:44:16.9362421Z Setting up libharfbuzz-icu0:amd64 (8.3.0-2build2) ...
2026-10-09T12:44:16.9382379Z Setting up libpciaccess-dev:amd64 (0.17-3ubuntu0.24.04.3) ...
2026-10-09T12:44:16.9407299Z Setting up libglvnd-core-dev:amd64 (1.7.0-1build1) ...
2026-10-09T12:44:16.9427209Z Setting up libgirepository-2.0-0:amd64 (2.80.0-6ubuntu3.9) ...
2026-10-09T12:44:16.9442930Z Setting up libdrm-radeon1:amd64 (2.4.125-1ubuntu0.1~24.04.2) ...
2026-10-09T12:44:16.9460804Z Setting up libxkbcommon-dev:amd64 (1.6.0-1build1) ...
2026-10-09T12:44:16.9476389Z Setting up libevent-openssl-2.1-7t64:amd64 (2.1.12-stable-9ubuntu2.2) ...
2026-10-09T12:44:16.9495885Z Setting up libibus-1.0-5:amd64 (1.5.29-2) ...
2026-10-09T12:44:16.9514784Z Setting up libjbig-dev:amd64 (2.1-6.1ubuntu2) ...
2026-10-09T12:44:16.9546244Z Setting up libwebrtc-audio-processing1:amd64 (0.3.1-0ubuntu6) ...
2026-10-09T12:44:16.9563602Z Setting up libwebpdecoder3:amd64 (1.3.2-0.4build3) ...
2026-10-09T12:44:16.9581571Z Setting up libevent-2.1-7t64:amd64 (2.1.12-stable-9ubuntu2.2) ...
2026-10-09T12:44:16.9603892Z Setting up libharfbuzz-gobject0:amd64 (8.3.0-2build2) ...
2026-10-09T12:44:16.9621472Z Setting up libogg-dev:amd64 (1.3.5-3build1) ...
2026-10-09T12:44:16.9640432Z Setting up libreadline-dev:amd64 (8.2-4build1) ...
2026-10-09T12:44:16.9658748Z Setting up libmpg123-0t64:amd64 (1.32.5-1ubuntu1.1) ...
2026-10-09T12:44:16.9675628Z Setting up gir1.2-harfbuzz-0.0:amd64 (8.3.0-2build2) ...
2026-10-09T12:44:16.9698133Z Setting up libpthread-stubs0-dev:amd64 (0.4-1build3) ...
2026-10-09T12:44:16.9717316Z Setting up libgbm-dev:amd64 (25.2.8-0ubuntu0.24.04.4) ...
2026-10-09T12:44:16.9737278Z Setting up libopengl0:amd64 (1.7.0-1build1) ...
2026-10-09T12:44:16.9753929Z Setting up libbullet3.24t64:amd64 (3.24+dfsg-2.1build1) ...
2026-10-09T12:44:16.9772638Z Setting up xtrans-dev (1.4.0-1) ...
2026-10-09T12:44:16.9788979Z Setting up libwayland-bin (1.22.0-2.1build1) ...
2026-10-09T12:44:16.9808108Z Setting up libgraphite2-dev:amd64 (1.3.14-2ubuntu0.24.04.1) ...
2026-10-09T12:44:16.9824595Z Setting up libegl-mesa0:amd64 (25.2.8-0ubuntu0.24.04.4) ...
2026-10-09T12:44:16.9842243Z Setting up libgles2:amd64 (1.7.0-1build1) ...
2026-10-09T12:44:16.9861047Z Setting up libharfbuzz-cairo0:amd64 (8.3.0-2build2) ...
2026-10-09T12:44:16.9881328Z Setting up libdbus-1-dev:amd64 (1.14.10-4ubuntu4.1) ...
2026-10-09T12:44:17.1420758Z Setting up libsyn123-0t64:amd64 (1.32.5-1ubuntu1.1) ...
2026-10-09T12:44:17.1449707Z Setting up libspa-0.2-modules:amd64 (1.0.5-1ubuntu3.3) ...
2026-10-09T12:44:17.1466369Z Setting up libjack0:amd64 (1:0.126.0-2build3) ...
2026-10-09T12:44:17.1483392Z Setting up libglut3.12:amd64 (3.4.0-1build1) ...
2026-10-09T12:44:17.1499975Z Setting up uuid-dev:amd64 (2.39.3-9ubuntu6.6) ...
2026-10-09T12:44:17.1518446Z Setting up libgles1:amd64 (1.7.0-1build1) ...
2026-10-09T12:44:17.1535022Z Setting up libopus0:amd64 (1.4-1build1) ...
2026-10-09T12:44:17.1552592Z Setting up libxv1:amd64 (2:1.0.11-1.1build1) ...
2026-10-09T12:44:17.1570966Z Setting up libpng16-16t64:amd64 (1.6.43-5ubuntu0.7) ...
2026-10-09T12:44:17.1590603Z Setting up libudev-dev:amd64 (255.4-1ubuntu8.17) ...
2026-10-09T12:44:17.1608699Z Setting up libsepol-dev:amd64 (3.5-2build1) ...
2026-10-09T12:44:17.1627412Z Setting up liblerc-dev:amd64 (4.0.0+ds-4ubuntu2) ...
2026-10-09T12:44:17.1644386Z Setting up libglew2.2:amd64 (2.2.0-4build1) ...
2026-10-09T12:44:17.1664810Z Setting up libevent-extra-2.1-7t64:amd64 (2.1.12-stable-9ubuntu2.2) ...
2026-10-09T12:44:17.1681351Z Setting up liblzma-dev:amd64 (5.6.1+really5.4.5-1ubuntu0.3) ...
2026-10-09T12:44:17.1701753Z Setting up libsndio7.0:amd64 (1.9.0-0.3build3) ...
2026-10-09T12:44:17.1719125Z Setting up libout123-0t64:amd64 (1.32.5-1ubuntu1.1) ...
2026-10-09T12:44:17.1738491Z Setting up gir1.2-glib-2.0-dev:amd64 (2.80.0-6ubuntu3.9) ...
2026-10-09T12:44:17.1760326Z Setting up libasyncns0:amd64 (0.8-6build4) ...
2026-10-09T12:44:17.1782370Z Setting up libbullet-dev:amd64 (3.24+dfsg-2.1build1) ...
2026-10-09T12:44:17.1802758Z Setting up libegl1:amd64 (1.7.0-1build1) ...
2026-10-09T12:44:17.1823826Z Setting up libdecor-0-0:amd64 (0.2.2-1build2) ...
2026-10-09T12:44:17.1842409Z Setting up libharfbuzz-subset0:amd64 (8.3.0-2build2) ...
2026-10-09T12:44:17.1867512Z Setting up build-essential (12.10ubuntu1) ...
2026-10-09T12:44:17.1889445Z Setting up xorg-sgml-doctools (1:1.11-1.1) ...
2026-10-09T12:44:17.1919338Z Setting up libglu1-mesa:amd64 (9.0.2-1.1build1) ...
2026-10-09T12:44:17.1940779Z Setting up libflac12t64:amd64 (1.4.3+ds-2.1ubuntu2) ...
2026-10-09T12:44:17.1960109Z Setting up libjack-dev:amd64 (1:0.126.0-2build3) ...
2026-10-09T12:44:17.1980289Z Setting up libopengl-dev:amd64 (1.7.0-1build1) ...
2026-10-09T12:44:17.2002148Z Setting up libjpeg8-dev:amd64 (8c-2ubuntu11) ...
2026-10-09T12:44:17.2021513Z Setting up libspa-0.2-dev:amd64 (1.0.5-1ubuntu3.3) ...
2026-10-09T12:44:17.2041794Z Setting up libasound2-dev:amd64 (1.2.11-1ubuntu0.3) ...
2026-10-09T12:44:17.2064282Z Setting up libsharpyuv-dev:amd64 (1.3.2-0.4build3) ...
2026-10-09T12:44:17.2085975Z Setting up libsamplerate0:amd64 (0.2.2-4build1) ...
2026-10-09T12:44:17.2106771Z Setting up timgm6mb-soundfont (1.3-5) ...
2026-10-09T12:44:17.2190567Z update-alternatives: using /usr/share/sounds/sf2/TimGM6mb.sf2 to provide /usr/share/sounds/sf2/default-GM.sf2 (default-GM.sf2) in auto mode
2026-10-09T12:44:17.2235205Z update-alternatives: using /usr/share/sounds/sf2/TimGM6mb.sf2 to provide /usr/share/sounds/sf3/default-GM.sf3 (default-GM.sf3) in auto mode
2026-10-09T12:44:17.2249796Z Setting up libtiffxx6:amd64 (4.5.1+git230720-4ubuntu2.5) ...
2026-10-09T12:44:17.2271641Z Setting up libdeflate-dev:amd64 (1.19-1build1.1) ...
2026-10-09T12:44:17.2289553Z Setting up gir1.2-ibus-1.0:amd64 (1.5.29-2) ...
2026-10-09T12:44:17.2311753Z Setting up libopusfile0:amd64 (0.12-4build3) ...
2026-10-09T12:44:17.2330695Z Setting up libpipewire-0.3-0t64:amd64 (1.0.5-1ubuntu3.3) ...
2026-10-09T12:44:17.2348004Z Setting up libdecor-0-plugin-1-gtk:amd64 (0.2.2-1build2) ...
2026-10-09T12:44:17.2372449Z Setting up libsystemd-dev:amd64 (255.4-1ubuntu8.17) ...
2026-10-09T12:44:17.2391862Z Setting up libbrotli-dev:amd64 (1.1.0-2build2) ...
2026-10-09T12:44:17.2411278Z Setting up libmp3lame0:amd64 (3.100-6build1) ...
2026-10-09T12:44:17.2692781Z Setting up libvorbisenc2:amd64 (1.3.7-1build3) ...
2026-10-09T12:44:17.2711431Z Setting up libbz2-dev:amd64 (1.0.8-5.1ubuntu0.1) ...
2026-10-09T12:44:17.2730023Z Setting up libvorbis-dev:amd64 (1.3.7-1build3) ...
2026-10-09T12:44:17.2750353Z Setting up libblkid-dev:amd64 (2.39.3-9ubuntu6.6) ...
2026-10-09T12:44:17.2766760Z Setting up libflac-dev:amd64 (1.4.3+ds-2.1ubuntu2) ...
2026-10-09T12:44:17.2782996Z Setting up libdrm-dev:amd64 (2.4.125-1ubuntu0.1~24.04.2) ...
2026-10-09T12:44:17.2803944Z Setting up libsndio-dev:amd64 (1.9.0-0.3build3) ...
2026-10-09T12:44:17.2820884Z Setting up libpng-tools (1.6.43-5ubuntu0.7) ...
2026-10-09T12:44:17.2847984Z Setting up libselinux1-dev:amd64 (3.5-2ubuntu2.1) ...
2026-10-09T12:44:17.2867368Z Setting up libsamplerate0-dev:amd64 (0.2.2-4build1) ...
2026-10-09T12:44:17.2890126Z Setting up libpng-dev:amd64 (1.6.43-5ubuntu0.7) ...
2026-10-09T12:44:17.2908835Z Setting up libjpeg-dev:amd64 (8c-2ubuntu11) ...
2026-10-09T12:44:17.2928280Z Setting up libwayland-dev:amd64 (1.22.0-2.1build1) ...
2026-10-09T12:44:17.2947311Z Setting up libopus-dev:amd64 (1.4-1build1) ...
2026-10-09T12:44:17.2964026Z Setting up libmpg123-dev:amd64 (1.32.5-1ubuntu1.1) ...
2026-10-09T12:44:17.2979792Z Setting up libdecor-0-dev:amd64 (0.2.2-1build2) ...
2026-10-09T12:44:17.3001572Z Setting up libwebp-dev:amd64 (1.3.2-0.4build3) ...
2026-10-09T12:44:17.3026072Z Setting up libfreetype6:amd64 (2.13.2+dfsg-1ubuntu0.2) ...
2026-10-09T12:44:17.3047259Z Setting up libtiff-dev:amd64 (4.5.1+git230720-4ubuntu2.5) ...
2026-10-09T12:44:17.3066461Z Setting up gir1.2-freedesktop-dev:amd64 (1.80.1-1) ...
2026-10-09T12:44:17.3087411Z Setting up libevent-dev (2.1.12-stable-9ubuntu2.2) ...
2026-10-09T12:44:17.3106389Z Setting up libpipewire-0.3-dev:amd64 (1.0.5-1ubuntu3.3) ...
2026-10-09T12:44:17.3124564Z Setting up libsndfile1:amd64 (1.2.2-1ubuntu5.24.04.1) ...
2026-10-09T12:44:17.3143899Z Setting up libinstpatch-1.0-2:amd64 (1.1.6-1build2) ...
2026-10-09T12:44:17.3162863Z Setting up libmount-dev:amd64 (2.39.3-9ubuntu6.6) ...
2026-10-09T12:44:17.3181039Z Setting up libpulse0:amd64 (1:16.1+dfsg1-2ubuntu10.1) ...
2026-10-09T12:44:17.3256044Z Setting up libopusfile-dev:amd64 (0.12-4build3) ...
2026-10-09T12:44:17.3276372Z Setting up libfreetype-dev:amd64 (2.13.2+dfsg-1ubuntu0.2) ...
2026-10-09T12:44:17.3293618Z Setting up libglib2.0-dev:amd64 (2.80.0-6ubuntu3.9) ...
2026-10-09T12:44:17.3309752Z Setting up libsndfile1-dev:amd64 (1.2.2-1ubuntu5.24.04.1) ...
2026-10-09T12:44:17.3342212Z Setting up libpulse-mainloop-glib0:amd64 (1:16.1+dfsg1-2ubuntu10.1) ...
2026-10-09T12:44:17.3362735Z Setting up libsdl2-2.0-0:amd64 (2.30.0+dfsg-1ubuntu3.1) ...
2026-10-09T12:44:17.3379987Z Setting up libfluidsynth3:amd64 (2.3.4-1build3) ...
2026-10-09T12:44:17.3402414Z Setting up libsdl2-image-2.0-0:amd64 (2.8.2+dfsg-1build2) ...
2026-10-09T12:44:17.3420134Z Setting up libsdl2-mixer-2.0-0:amd64 (2.8.0+dfsg-1build3) ...
2026-10-09T12:44:17.3437875Z Setting up libsdl2-ttf-2.0-0:amd64 (2.22.0+dfsg-1) ...
2026-10-09T12:44:17.3758183Z Processing triggers for install-info (7.1-3build2) ...
2026-10-09T12:44:17.5834598Z Processing triggers for libc-bin (2.39-0ubuntu8.9) ...
2026-10-09T12:44:17.6394610Z Processing triggers for man-db (2.12.0-4build2) ...
2026-10-09T12:44:17.6416973Z Not building database; man-db/auto-update is not 'true'.
2026-10-09T12:44:17.6459133Z Processing triggers for libglib2.0-0t64:amd64 (2.80.0-6ubuntu3.9) ...
2026-10-09T12:44:17.6658686Z Setting up libpulse-dev:amd64 (1:16.1+dfsg1-2ubuntu10.1) ...
2026-10-09T12:44:17.6688766Z Processing triggers for sgml-base (1.31) ...
2026-10-09T12:44:17.6894131Z Setting up libinstpatch-dev:amd64 (1.1.6-1build2) ...
2026-10-09T12:44:17.6929038Z Setting up x11proto-dev (2023.2-1) ...
2026-10-09T12:44:17.6951685Z Setting up libharfbuzz-dev:amd64 (8.3.0-2build2) ...
2026-10-09T12:44:17.6978036Z Setting up libxau-dev:amd64 (1:1.0.9-1build6) ...
2026-10-09T12:44:17.7010949Z Setting up libice-dev:amd64 (2:1.0.10-1build3) ...
2026-10-09T12:44:17.7036963Z Setting up libsm-dev:amd64 (2:1.2.3-1build3) ...
2026-10-09T12:44:17.7067819Z Setting up libibus-1.0-dev:amd64 (1.5.29-2) ...
2026-10-09T12:44:17.7102788Z Setting up libxdmcp-dev:amd64 (1:1.1.3-0ubuntu6) ...
2026-10-09T12:44:17.7192860Z Setting up libxcb1-dev:amd64 (1.15-1ubuntu2) ...
2026-10-09T12:44:17.7231880Z Setting up libx11-dev:amd64 (2:1.8.7-1build1) ...
2026-10-09T12:44:17.7259694Z Setting up libxfixes-dev:amd64 (1:6.0.0-2build1) ...
2026-10-09T12:44:17.7312787Z Setting up libxt-dev:amd64 (1:1.2.1-1.2build1) ...
2026-10-09T12:44:17.7349308Z Setting up libxext-dev:amd64 (2:1.3.4-1build2) ...
2026-10-09T12:44:17.7379206Z Setting up libglx-dev:amd64 (1.7.0-1build1) ...
2026-10-09T12:44:17.7414051Z Setting up libxi-dev:amd64 (2:1.8.1-1build1) ...
2026-10-09T12:44:17.7443352Z Setting up libxrender-dev:amd64 (1:0.9.10-1.1build1) ...
2026-10-09T12:44:17.7466746Z Setting up libgl-dev:amd64 (1.7.0-1build1) ...
2026-10-09T12:44:17.7504746Z Setting up libegl-dev:amd64 (1.7.0-1build1) ...
2026-10-09T12:44:17.7529884Z Setting up libxcursor-dev:amd64 (1:1.2.1-1build1) ...
2026-10-09T12:44:17.7549097Z Setting up libxxf86vm-dev:amd64 (1:1.1.4-1build4) ...
2026-10-09T12:44:17.7574054Z Setting up libxss-dev:amd64 (1:1.2.3-1build3) ...
2026-10-09T12:44:17.7612638Z Setting up libxv-dev:amd64 (2:1.0.11-1.1build1) ...
2026-10-09T12:44:17.7636820Z Setting up libxrandr-dev:amd64 (2:1.5.2-2build1) ...
2026-10-09T12:44:17.7672759Z Setting up libglu1-mesa-dev:amd64 (9.0.2-1.1build1) ...
2026-10-09T12:44:17.7702259Z Setting up libxinerama-dev:amd64 (2:1.1.4-3build1) ...
2026-10-09T12:44:17.7740232Z Setting up libgles-dev:amd64 (1.7.0-1build1) ...
2026-10-09T12:44:17.7798216Z Setting up libsdl2-dev:amd64 (2.30.0+dfsg-1ubuntu3.1) ...
2026-10-09T12:44:17.7826496Z Setting up libglvnd-dev:amd64 (1.7.0-1build1) ...
2026-10-09T12:44:17.7858017Z Setting up libfluidsynth-dev:amd64 (2.3.4-1build3) ...
2026-10-09T12:44:17.7886258Z Setting up libglew-dev:amd64 (2.2.0-4build1) ...
2026-10-09T12:44:17.7916767Z Setting up libsdl2-ttf-dev:amd64 (2.22.0+dfsg-1) ...
2026-10-09T12:44:17.7945457Z Setting up libsdl2-mixer-dev:amd64 (2.8.0+dfsg-1build3) ...
2026-10-09T12:44:17.7969744Z Setting up libgl1-mesa-dev:amd64 (25.2.8-0ubuntu0.24.04.4) ...
2026-10-09T12:44:17.8000591Z Setting up libsdl2-image-dev:amd64 (2.8.2+dfsg-1build2) ...
2026-10-09T12:44:17.8025682Z Setting up libglut-dev:amd64 (3.4.0-1build1) ...
2026-10-09T12:44:17.8049714Z Setting up libegl1-mesa-dev:amd64 (25.2.8-0ubuntu0.24.04.4) ...
2026-10-09T12:44:17.8077672Z Setting up libglfw3-dev:amd64 (3.3.10-1build1) ...
2026-10-09T12:44:17.8102747Z Setting up freeglut3-dev:amd64 (3.4.0-1build1) ...
2026-10-09T12:44:18.9412479Z 
2026-10-09T12:44:18.9413316Z Running kernel seems to be up-to-date.
2026-10-09T12:44:18.9413627Z 
2026-10-09T12:44:18.9494380Z Restarting services...
2026-10-09T12:44:18.9494724Z  systemctl restart php8.3-fpm.service
2026-10-09T12:44:19.0573757Z 
2026-10-09T12:44:19.0580582Z No containers need to be restarted.
2026-10-09T12:44:19.0603088Z 
2026-10-09T12:44:19.0603429Z No user sessions are running outdated binaries.
2026-10-09T12:44:19.0603837Z 
2026-10-09T12:44:19.0604177Z No VM guests are running outdated hypervisor (qemu) binaries on this host.
2026-10-09T12:44:20.1891314Z apt install succeeded on attempt 1
2026-10-09T12:44:20.1947401Z ##[group]Run make stage1
2026-10-09T12:44:20.1947699Z [36;1mmake stage1[0m
2026-10-09T12:44:20.2016021Z shell: /usr/bin/bash -e {0}
2026-10-09T12:44:20.2016323Z env:
2026-10-09T12:44:20.2016621Z   NANO_VERIFY_CORPUS_LOG_ROOT: .test_output/verifier-corpus
2026-10-09T12:44:20.2017001Z   NANO_SHADOW_TIMEOUT_SECONDS: 60
2026-10-09T12:44:20.2017279Z ##[endgroup]
2026-10-09T12:44:20.2657471Z mkdir -p obj/build_bootstrap
2026-10-09T12:44:20.2773181Z [schema] Generating compiler schema artifacts...
2026-10-09T12:44:20.2792208Z [schema] Using Python version (bootstrap)...
2026-10-09T12:44:20.3215393Z mkdir -p obj/runtime
2026-10-09T12:44:20.3276880Z mkdir -p obj/eval
2026-10-09T12:44:20.3368959Z cc -Wall -Wextra -Werror -std=c99 -g -O3 -ftree-vectorize -fPIC -Isrc -D_GNU_SOURCE  -MMD -MP -c src/bcp47.c -o obj/bcp47.o
2026-10-09T12:44:20.5388879Z cc -Wall -Wextra -Werror -std=c99 -g -O3 -ftree-vectorize -fPIC -Isrc -D_GNU_SOURCE  -MMD -MP -c src/bench.c -o obj/bench.o
2026-10-09T12:44:20.7026747Z cc -Wall -Wextra -Werror -std=c99 -g -O3 -ftree-vectorize -fPIC -Isrc -D_GNU_SOURCE  -MMD -MP -c src/bench_native.c -o obj/bench_native.o
2026-10-09T12:44:20.7549211Z cc -Wall -Wextra -Werror -std=c99 -g -O3 -ftree-vectorize -fPIC -Isrc -D_GNU_SOURCE  -MMD -MP -c src/builtins_registry.c -o obj/builtins_registry.o
2026-10-09T12:44:20.7922335Z cc -Wall -Wextra -Werror -std=c99 -g -O3 -ftree-vectorize -fPIC -Isrc -D_GNU_SOURCE  -MMD -MP -c src/cJSON.c -o obj/cJSON.o
2026-10-09T12:44:21.4327589Z cc -Wall -Wextra -Werror -std=c99 -g -O3 -ftree-vectorize -fPIC -Isrc -D_GNU_SOURCE  -MMD -MP -c src/c_backend.c -o obj/c_backend.o
2026-10-09T12:44:22.9030867Z cc -Wall -Wextra -Werror -std=c99 -g -O3 -ftree-vectorize -fPIC -Isrc -D_GNU_SOURCE  -MMD -MP -c src/catalog.c -o obj/catalog.o
2026-10-09T12:44:23.0979668Z cc -Wall -Wextra -Werror -std=c99 -g -O3 -ftree-vectorize -fPIC -Isrc -D_GNU_SOURCE  -MMD -MP -c src/channel.c -o obj/channel.o
2026-10-09T12:44:23.1804655Z cc -Wall -Wextra -Werror -std=c99 -g -O3 -ftree-vectorize -fPIC -Isrc -D_GNU_SOURCE  -MMD -MP -c src/coroutine.c -o obj/coroutine.o
2026-10-09T12:44:23.3126380Z cc -Wall -Wextra -Werror -std=c99 -g -O3 -ftree-vectorize -fPIC -Isrc -D_GNU_SOURCE  -MMD -MP -c src/cps_pass.c -o obj/cps_pass.o
2026-10-09T12:44:23.3955871Z cc -Wall -Wextra -Werror -std=c99 -g -O3 -ftree-vectorize -fPIC -Isrc -D_GNU_SOURCE  -MMD -MP -c src/dce_pass.c -o obj/dce_pass.o
2026-10-09T12:44:23.5453261Z cc -Wall -Wextra -Werror -std=c99 -g -O3 -ftree-vectorize -fPIC -Isrc -D_GNU_SOURCE  -MMD -MP -c src/diag_id.c -o obj/diag_id.o
2026-10-09T12:44:23.5749991Z cc -Wall -Wextra -Werror -std=c99 -g -O3 -ftree-vectorize -fPIC -Isrc -D_GNU_SOURCE  -MMD -MP -c src/docgen.c -o obj/docgen.o
2026-10-09T12:44:23.8748985Z cc -Wall -Wextra -Werror -std=c99 -g -O3 -ftree-vectorize -fPIC -Isrc -D_GNU_SOURCE  -MMD -MP -c src/docgen_md.c -o obj/docgen_md.o
2026-10-09T12:44:24.1325626Z cc -Wall -Wextra -Werror -std=c99 -g -O3 -ftree-vectorize -fPIC -Isrc -D_GNU_SOURCE  -MMD -MP -c src/dwarf_info.c -o obj/dwarf_info.o
2026-10-09T12:44:24.2213725Z cc -Wall -Wextra -Werror -std=c99 -g -O3 -ftree-vectorize -fPIC -Isrc -D_GNU_SOURCE  -MMD -MP -c src/effects.c -o obj/effects.o
2026-10-09T12:44:24.4839813Z cc -Wall -Wextra -Werror -std=c99 -g -O3 -ftree-vectorize -fPIC -Isrc -D_GNU_SOURCE  -MMD -MP -c src/emit_typed_ast.c -o obj/emit_typed_ast.o
2026-10-09T12:44:24.7619049Z cc -Wall -Wextra -Werror -std=c99 -g -O3 -ftree-vectorize -fPIC -Isrc -D_GNU_SOURCE  -MMD -MP -c src/env.c -o obj/env.o
2026-10-09T12:44:25.8064046Z cc -Wall -Wextra -Werror -std=c99 -g -O3 -ftree-vectorize -fPIC -Isrc -D_GNU_SOURCE  -MMD -MP -ffp-contract=off -fno-fast-math -c src/eval.c -o obj/eval.o
2026-10-09T12:44:28.5910968Z cc -Wall -Wextra -Werror -std=c99 -g -O3 -ftree-vectorize -fPIC -Isrc -D_GNU_SOURCE  -MMD -MP -c src/eval/eval_hashmap.c -o obj/eval/eval_hashmap.o
2026-10-09T12:44:28.6955861Z cc -Wall -Wextra -Werror -std=c99 -g -O3 -ftree-vectorize -fPIC -Isrc -D_GNU_SOURCE  -MMD -MP -c src/eval/eval_io.c -o obj/eval/eval_io.o
2026-10-09T12:44:29.0228362Z cc -Wall -Wextra -Werror -std=c99 -g -O3 -ftree-vectorize -fPIC -Isrc -D_GNU_SOURCE  -MMD -MP -c src/eval/eval_math.c -o obj/eval/eval_math.o
2026-10-09T12:44:29.1324541Z cc -Wall -Wextra -Werror -std=c99 -g -O3 -ftree-vectorize -fPIC -Isrc -D_GNU_SOURCE  -MMD -MP -c src/eval/eval_string.c -o obj/eval/eval_string.o
2026-10-09T12:44:29.2989909Z cc -Wall -Wextra -Werror -std=c99 -g -O3 -ftree-vectorize -fPIC -Isrc -D_GNU_SOURCE  -MMD -MP -c src/fmt.c -o obj/fmt.o
2026-10-09T12:44:29.4533776Z cc -Wall -Wextra -Werror -std=c99 -g -O3 -ftree-vectorize -fPIC -Isrc -D_GNU_SOURCE  -MMD -MP -c src/fold_constants.c -o obj/fold_constants.o
2026-10-09T12:44:29.6031223Z cc -Wall -Wextra -Werror -std=c99 -g -O3 -ftree-vectorize -fPIC -Isrc -D_GNU_SOURCE  -MMD -MP -c src/interpreter_ffi.c -o obj/interpreter_ffi.o
2026-10-09T12:44:29.7521655Z cc -Wall -Wextra -Werror -std=c99 -g -O3 -ftree-vectorize -fPIC -Isrc -D_GNU_SOURCE  -MMD -MP -c src/json_diagnostics.c -o obj/json_diagnostics.o
2026-10-09T12:44:29.8505070Z cc -Wall -Wextra -Werror -std=c99 -g -O3 -ftree-vectorize -fPIC -Isrc -D_GNU_SOURCE  -MMD -MP -c src/lexer.c -o obj/lexer.o
2026-10-09T12:44:30.2081704Z cc -Wall -Wextra -Werror -std=c99 -g -O3 -ftree-vectorize -fPIC -Isrc -D_GNU_SOURCE  -MMD -MP -c src/locale.c -o obj/locale.o
2026-10-09T12:44:30.2856953Z cc -Wall -Wextra -Werror -std=c99 -g -O3 -ftree-vectorize -fPIC -Isrc -D_GNU_SOURCE  -MMD -MP -c src/main.c -o obj/main.o
2026-10-09T12:44:30.9490966Z cc -Wall -Wextra -Werror -std=c99 -g -O3 -ftree-vectorize -fPIC -Isrc -D_GNU_SOURCE  -MMD -MP -c src/module.c -o obj/module.o
2026-10-09T12:44:31.8687378Z cc -Wall -Wextra -Werror -std=c99 -g -O3 -ftree-vectorize -fPIC -Isrc -D_GNU_SOURCE  -MMD -MP -c src/module_builder.c -o obj/module_builder.o
2026-10-09T12:44:35.8254538Z cc -Wall -Wextra -Werror -std=c99 -g -O3 -ftree-vectorize -fPIC -Isrc -D_GNU_SOURCE  -MMD -MP -c src/module_metadata.c -o obj/module_metadata.o
2026-10-09T12:44:36.7974518Z cc -Wall -Wextra -Werror -std=c99 -g -O3 -ftree-vectorize -fPIC -Isrc -D_GNU_SOURCE  -MMD -MP -c src/nanocore_export.c -o obj/nanocore_export.o
2026-10-09T12:44:37.0551125Z cc -Wall -Wextra -Werror -std=c99 -g -O3 -ftree-vectorize -fPIC -Isrc -D_GNU_SOURCE  -MMD -MP -c src/nanocore_subset.c -o obj/nanocore_subset.o
2026-10-09T12:44:37.2208143Z mkdir -p obj/nanoisa
2026-10-09T12:44:37.2319477Z cc -Wall -Wextra -Werror -std=c99 -g -O3 -ftree-vectorize -fPIC -Isrc -D_GNU_SOURCE  -MMD -MP -Isrc/nanoisa -c src/nanoisa/affine_bytecode.c -o obj/nanoisa/affine_bytecode.o
2026-10-09T12:44:37.9285564Z cc -Wall -Wextra -Werror -std=c99 -g -O3 -ftree-vectorize -fPIC -Isrc -D_GNU_SOURCE  -MMD -MP -Isrc/nanoisa -c src/nanoisa/affine_state.c -o obj/nanoisa/affine_state.o
2026-10-09T12:44:39.8124922Z cc -Wall -Wextra -Werror -std=c99 -g -O3 -ftree-vectorize -fPIC -Isrc -D_GNU_SOURCE  -MMD -MP -Isrc/nanoisa -c src/nanoisa/assembler.c -o obj/nanoisa/assembler.o
2026-10-09T12:44:40.5680401Z cc -Wall -Wextra -Werror -std=c99 -g -O3 -ftree-vectorize -fPIC -Isrc -D_GNU_SOURCE  -MMD -MP -Isrc/nanoisa -c src/nanoisa/disassembler.c -o obj/nanoisa/disassembler.o
2026-10-09T12:44:40.7836016Z cc -Wall -Wextra -Werror -std=c99 -g -O3 -ftree-vectorize -fPIC -Isrc -D_GNU_SOURCE  -MMD -MP -Isrc/nanoisa -c src/nanoisa/file_flow.c -o obj/nanoisa/file_flow.o
2026-10-09T12:44:43.3420883Z cc -Wall -Wextra -Werror -std=c99 -g -O3 -ftree-vectorize -fPIC -Isrc -D_GNU_SOURCE  -MMD -MP -Isrc/nanoisa -c src/nanoisa/frontend.c -o obj/nanoisa/frontend.o
2026-10-09T12:44:43.4498776Z cc -Wall -Wextra -Werror -std=c99 -g -O3 -ftree-vectorize -fPIC -Isrc -D_GNU_SOURCE  -MMD -MP -Isrc/nanoisa -c src/nanoisa/isa.c -o obj/nanoisa/isa.o
2026-10-09T12:44:43.5483009Z cc -Wall -Wextra -Werror -std=c99 -g -O3 -ftree-vectorize -fPIC -Isrc -D_GNU_SOURCE  -MMD -MP -Isrc/nanoisa -c src/nanoisa/local_bindings.c -o obj/nanoisa/local_bindings.o
2026-10-09T12:44:43.6657069Z cc -Wall -Wextra -Werror -std=c99 -g -O3 -ftree-vectorize -fPIC -Isrc -D_GNU_SOURCE  -MMD -MP -Isrc/nanoisa -c src/nanoisa/managed_array_shapes.c -o obj/nanoisa/managed_array_shapes.o
2026-10-09T12:44:45.1282704Z cc -Wall -Wextra -Werror -std=c99 -g -O3 -ftree-vectorize -fPIC -Isrc -D_GNU_SOURCE  -MMD -MP -Isrc/nanoisa -c src/nanoisa/mixed_float_proof.c -o obj/nanoisa/mixed_float_proof.o
2026-10-09T12:44:45.6589645Z cc -Wall -Wextra -Werror -std=c99 -g -O3 -ftree-vectorize -fPIC -Isrc -D_GNU_SOURCE  -MMD -MP -Isrc/nanoisa -Imodules/nanoisa -c modules/nanoisa/nanoisa.c -o obj/nanoisa/nanoisa_facade.o
2026-10-09T12:44:45.8729432Z python3 scripts/embed_managed_native.py
2026-10-09T12:44:45.9289511Z cc -Wall -Wextra -Werror -std=c99 -g -O3 -ftree-vectorize -fPIC -Isrc -D_GNU_SOURCE  -MMD -MP -Isrc/nanoisa -c src/nanoisa/nvm2c.c -o obj/nanoisa/nvm2c.o
2026-10-09T12:44:51.6241715Z cc -Wall -Wextra -Werror -std=c99 -g -O3 -ftree-vectorize -fPIC -Isrc -D_GNU_SOURCE  -MMD -MP -Isrc/nanoisa -c src/nanoisa/nvm2c_callables.c -o obj/nanoisa/nvm2c_callables.o
2026-10-09T12:44:51.9900203Z cc -Wall -Wextra -Werror -std=c99 -g -O3 -ftree-vectorize -fPIC -Isrc -D_GNU_SOURCE  -MMD -MP -Isrc/nanoisa -c src/nanoisa/nvm2c_shape.c -o obj/nanoisa/nvm2c_shape.o
2026-10-09T12:44:52.3926323Z cc -Wall -Wextra -Werror -std=c99 -g -O3 -ftree-vectorize -fPIC -Isrc -D_GNU_SOURCE  -MMD -MP -Isrc/nanoisa -c src/nanoisa/nvm_format.c -o obj/nanoisa/nvm_format.o
2026-10-09T12:44:52.8313291Z cc -Wall -Wextra -Werror -std=c99 -g -O3 -ftree-vectorize -fPIC -Isrc -D_GNU_SOURCE  -MMD -MP -Isrc/nanoisa -c src/nanoisa/nvm_format_v2.c -o obj/nanoisa/nvm_format_v2.o
2026-10-09T12:44:52.9253512Z cc -Wall -Wextra -Werror -std=c99 -g -O3 -ftree-vectorize -fPIC -Isrc -D_GNU_SOURCE  -MMD -MP -Isrc/nanoisa -c src/nanoisa/nvm_v2_constants.c -o obj/nanoisa/nvm_v2_constants.o
2026-10-09T12:44:52.9981542Z cc -Wall -Wextra -Werror -std=c99 -g -O3 -ftree-vectorize -fPIC -Isrc -D_GNU_SOURCE  -MMD -MP -Isrc/nanoisa -c src/nanoisa/nvm_v2_convert.c -o obj/nanoisa/nvm_v2_convert.o
2026-10-09T12:44:53.3487467Z cc -Wall -Wextra -Werror -std=c99 -g -O3 -ftree-vectorize -fPIC -Isrc -D_GNU_SOURCE  -MMD -MP -Isrc/nanoisa -c src/nanoisa/nvm_v2_cursor.c -o obj/nanoisa/nvm_v2_cursor.o
2026-10-09T12:44:53.3963597Z cc -Wall -Wextra -Werror -std=c99 -g -O3 -ftree-vectorize -fPIC -Isrc -D_GNU_SOURCE  -MMD -MP -Isrc/nanoisa -c src/nanoisa/nvm_v2_functions.c -o obj/nanoisa/nvm_v2_functions.o
2026-10-09T12:44:53.4854267Z cc -Wall -Wextra -Werror -std=c99 -g -O3 -ftree-vectorize -fPIC -Isrc -D_GNU_SOURCE  -MMD -MP -Isrc/nanoisa -c src/nanoisa/nvm_v2_imports.c -o obj/nanoisa/nvm_v2_imports.o
2026-10-09T12:44:53.6399082Z cc -Wall -Wextra -Werror -std=c99 -g -O3 -ftree-vectorize -fPIC -Isrc -D_GNU_SOURCE  -MMD -MP -Isrc/nanoisa -c src/nanoisa/nvm_v2_layouts.c -o obj/nanoisa/nvm_v2_layouts.o
2026-10-09T12:44:53.8056573Z cc -Wall -Wextra -Werror -std=c99 -g -O3 -ftree-vectorize -fPIC -Isrc -D_GNU_SOURCE  -MMD -MP -Isrc/nanoisa -c src/nanoisa/nvm_v2_module.c -o obj/nanoisa/nvm_v2_module.o
2026-10-09T12:44:54.0259629Z cc -Wall -Wextra -Werror -std=c99 -g -O3 -ftree-vectorize -fPIC -Isrc -D_GNU_SOURCE  -MMD -MP -Isrc/nanoisa -c src/nanoisa/nvm_v2_signatures.c -o obj/nanoisa/nvm_v2_signatures.o
2026-10-09T12:44:54.1050086Z cc -Wall -Wextra -Werror -std=c99 -g -O3 -ftree-vectorize -fPIC -Isrc -D_GNU_SOURCE  -MMD -MP -Isrc/nanoisa -c src/nanoisa/ownership_contracts.c -o obj/nanoisa/ownership_contracts.o
2026-10-09T12:44:54.6645492Z cc -Wall -Wextra -Werror -std=c99 -g -O3 -ftree-vectorize -fPIC -Isrc -D_GNU_SOURCE  -MMD -MP -Isrc/nanoisa -c src/nanoisa/passive.c -o obj/nanoisa/passive.o
2026-10-09T12:44:55.1580623Z cc -Wall -Wextra -Werror -std=c99 -g -O3 -ftree-vectorize -fPIC -Isrc -D_GNU_SOURCE  -MMD -MP -Isrc/nanoisa -c src/nanoisa/reference_places.c -o obj/nanoisa/reference_places.o
2026-10-09T12:44:55.2428458Z cc -Wall -Wextra -Werror -std=c99 -g -O3 -ftree-vectorize -fPIC -Isrc -D_GNU_SOURCE  -MMD -MP -Isrc/nanoisa -c src/nanoisa/retained_layouts.c -o obj/nanoisa/retained_layouts.o
2026-10-09T12:44:56.3345963Z cc -Wall -Wextra -Werror -std=c99 -g -O3 -ftree-vectorize -fPIC -Isrc -D_GNU_SOURCE  -MMD -MP -Isrc/nanoisa -c src/nanoisa/service_bindings.c -o obj/nanoisa/service_bindings.o
2026-10-09T12:44:56.3896499Z cc -Wall -Wextra -Werror -std=c99 -g -O3 -ftree-vectorize -fPIC -Isrc -D_GNU_SOURCE  -MMD -MP -Isrc/nanoisa -c src/nanoisa/service_bindings_module.c -o obj/nanoisa/service_bindings_module.o
2026-10-09T12:44:56.5932879Z cc -Wall -Wextra -Werror -std=c99 -g -O3 -ftree-vectorize -fPIC -Isrc -D_GNU_SOURCE  -MMD -MP -Isrc/nanoisa -c src/nanoisa/service_file_nominal.c -o obj/nanoisa/service_file_nominal.o
2026-10-09T12:44:56.6681570Z cc -Wall -Wextra -Werror -std=c99 -g -O3 -ftree-vectorize -fPIC -Isrc -D_GNU_SOURCE  -MMD -MP -Isrc/nanoisa -c src/nanoisa/service_file_nominal_plan.c -o obj/nanoisa/service_file_nominal_plan.o
2026-10-09T12:44:56.8626296Z cc -Wall -Wextra -Werror -std=c99 -g -O3 -ftree-vectorize -fPIC -Isrc -D_GNU_SOURCE  -MMD -MP -Isrc/nanoisa -c src/nanoisa/verifier.c -o obj/nanoisa/verifier.o
2026-10-09T12:44:57.8375452Z cc -Wall -Wextra -Werror -std=c99 -g -O3 -ftree-vectorize -fPIC -Isrc -D_GNU_SOURCE  -MMD -MP -Isrc/nanoisa -c src/nanoisa/verifier_types.c -o obj/nanoisa/verifier_types.o
2026-10-09T12:44:58.0135145Z mkdir -p obj/nanovirt
2026-10-09T12:44:58.0232120Z cc -Wall -Wextra -Werror -std=c99 -g -O3 -ftree-vectorize -fPIC -Isrc -D_GNU_SOURCE  -MMD -MP -c src/nanovirt/codegen.c -o obj/nanovirt/codegen.o
2026-10-09T12:45:02.4198239Z cc -Wall -Wextra -Werror -std=c99 -g -O3 -ftree-vectorize -fPIC -Isrc -D_GNU_SOURCE  -MMD -MP -c src/nanovirt/shadow_runner.c -o obj/nanovirt/shadow_runner.o
2026-10-09T12:45:02.6211154Z cc -Wall -Wextra -Werror -std=c99 -g -O3 -ftree-vectorize -fPIC -Isrc -D_GNU_SOURCE  -MMD -MP  -DNANO_WRAPPER_INSTRUMENT_FLAGS='""' -c src/nanovirt/wrapper_gen.c -o obj/nanovirt/wrapper_gen.o
2026-10-09T12:45:02.8889997Z mkdir -p obj/nanovm
2026-10-09T12:45:02.8987816Z cc -Wall -Wextra -Werror -std=c99 -g -O3 -ftree-vectorize -fPIC -Isrc -D_GNU_SOURCE  -MMD -MP -c src/nanovm/cop_protocol.c -o obj/nanovm/cop_protocol.o
2026-10-09T12:45:03.3206426Z cc -Wall -Wextra -Werror -std=c99 -g -O3 -ftree-vectorize -fPIC -Isrc -D_GNU_SOURCE  -MMD -MP -c src/nanovm/heap.c -o obj/nanovm/heap.o
2026-10-09T12:45:03.6360528Z cc -Wall -Wextra -Werror -std=c99 -g -O3 -ftree-vectorize -fPIC -Isrc -D_GNU_SOURCE  -MMD -MP -c src/nanovm/heap_cycles.c -o obj/nanovm/heap_cycles.o
2026-10-09T12:45:03.9191632Z cc -Wall -Wextra -Werror -std=c99 -g -O3 -ftree-vectorize -fPIC -Isrc -D_GNU_SOURCE  -MMD -MP -c src/nanovm/value.c -o obj/nanovm/value.o
2026-10-09T12:45:04.0310264Z cc -Wall -Wextra -Werror -std=c99 -g -O3 -ftree-vectorize -fPIC -Isrc -D_GNU_SOURCE  -MMD -MP -ffp-contract=off -fno-fast-math -c src/nanovm/vm.c -o obj/nanovm/vm.o
2026-10-09T12:45:08.9315220Z cc -Wall -Wextra -Werror -std=c99 -g -O3 -ftree-vectorize -fPIC -Isrc -D_GNU_SOURCE  -MMD -MP -c src/nanovm/vm_builtins.c -o obj/nanovm/vm_builtins.o
2026-10-09T12:45:09.1862374Z cc -Wall -Wextra -Werror -std=c99 -g -O3 -ftree-vectorize -fPIC -Isrc -D_GNU_SOURCE  -MMD -MP -c src/nanovm/vm_callback.c -o obj/nanovm/vm_callback.o
2026-10-09T12:45:09.2800778Z cc -Wall -Wextra -Werror -std=c99 -g -O3 -ftree-vectorize -fPIC -Isrc -D_GNU_SOURCE  -MMD -MP -c src/nanovm/vm_decode.c -o obj/nanovm/vm_decode.o
2026-10-09T12:45:09.3801042Z cc -Wall -Wextra -Werror -std=c99 -g -O3 -ftree-vectorize -fPIC -Isrc -D_GNU_SOURCE  -MMD -MP -c src/nanovm/vm_dispatch.c -o obj/nanovm/vm_dispatch.o
2026-10-09T12:45:09.4900312Z cc -Wall -Wextra -Werror -std=c99 -g -O3 -ftree-vectorize -fPIC -Isrc -D_GNU_SOURCE  -MMD -MP -c src/nanovm/vm_ffi.c -o obj/nanovm/vm_ffi.o
2026-10-09T12:45:10.3562196Z cc -Wall -Wextra -Werror -std=c99 -g -O3 -ftree-vectorize -fPIC -Isrc -D_GNU_SOURCE  -MMD -MP -c src/nanovm/vm_ffi_arrays.c -o obj/nanovm/vm_ffi_arrays.o
2026-10-09T12:45:10.4929942Z cc -Wall -Wextra -Werror -std=c99 -g -O3 -ftree-vectorize -fPIC -Isrc -D_GNU_SOURCE  -MMD -MP -c src/nominal_types.c -o obj/nominal_types.o
2026-10-09T12:45:10.7789911Z cc -Wall -Wextra -Werror -std=c99 -g -O3 -ftree-vectorize -fPIC -Isrc -D_GNU_SOURCE  -MMD -MP -c src/nsi_file_plan.c -o obj/nsi_file_plan.o
2026-10-09T12:45:10.8715121Z cc -Wall -Wextra -Werror -std=c99 -g -O3 -ftree-vectorize -fPIC -Isrc -D_GNU_SOURCE  -MMD -MP -c src/opencl_backend.c -o obj/opencl_backend.o
2026-10-09T12:45:11.0914421Z cc -Wall -Wextra -Werror -std=c99 -g -O3 -ftree-vectorize -fPIC -Isrc -D_GNU_SOURCE  -MMD -MP -c src/par_let_pass.c -o obj/par_let_pass.o
2026-10-09T12:45:11.1800155Z cc -Wall -Wextra -Werror -std=c99 -g -O3 -ftree-vectorize -fPIC -Isrc -D_GNU_SOURCE  -MMD -MP -c src/parser.c -o obj/parser.o
2026-10-09T12:45:14.3539726Z cc -Wall -Wextra -Werror -std=c99 -g -O3 -ftree-vectorize -fPIC -Isrc -D_GNU_SOURCE  -MMD -MP -c src/pgo_pass.c -o obj/pgo_pass.o
2026-10-09T12:45:14.5570941Z cc -Wall -Wextra -Werror -std=c99 -g -O3 -ftree-vectorize -fPIC -Isrc -D_GNU_SOURCE  -MMD -MP -c src/ptx_backend.c -o obj/ptx_backend.o
2026-10-09T12:45:14.7802258Z cc -Wall -Wextra -Werror -std=c99 -g -O3 -ftree-vectorize -fPIC -Isrc -D_GNU_SOURCE  -MMD -MP -c src/reflection.c -o obj/reflection.o
2026-10-09T12:45:14.9284107Z cc -Wall -Wextra -Werror -std=c99 -g -O3 -ftree-vectorize -fPIC -Isrc -D_GNU_SOURCE  -MMD -MP -c src/resource_flow.c -o obj/resource_flow.o
2026-10-09T12:45:15.8185258Z cc -Wall -Wextra -Werror -std=c99 -g -O3 -ftree-vectorize -fPIC -Isrc -D_GNU_SOURCE  -MMD -MP -c src/resource_tracking.c -o obj/resource_tracking.o
2026-10-09T12:45:16.2119629Z cc -Wall -Wextra -Werror -std=c99 -g -O3 -ftree-vectorize -fPIC -Isrc -D_GNU_SOURCE  -MMD -MP -c src/riscv_backend.c -o obj/riscv_backend.o
2026-10-09T12:45:16.3815112Z cc -Wall -Wextra -Werror -std=c99 -g -O3 -ftree-vectorize -fPIC -Isrc -D_GNU_SOURCE  -MMD -MP -c src/runtime/callback_runtime.c -o obj/runtime/callback_runtime.o
2026-10-09T12:45:16.5275526Z cc -Wall -Wextra -Werror -std=c99 -g -O3 -ftree-vectorize -fPIC -Isrc -D_GNU_SOURCE  -MMD -MP -c src/runtime/cli.c -o obj/runtime/cli.o
2026-10-09T12:45:16.5646903Z cc -Wall -Wextra -Werror -std=c99 -g -O3 -ftree-vectorize -fPIC -Isrc -D_GNU_SOURCE  -MMD -MP -c src/runtime/dyn_array.c -o obj/runtime/dyn_array.o
2026-10-09T12:45:16.8066399Z cc -Wall -Wextra -Werror -std=c99 -g -O3 -ftree-vectorize -fPIC -Isrc -D_GNU_SOURCE  -MMD -MP -c src/runtime/effect_runtime.c -o obj/runtime/effect_runtime.o
2026-10-09T12:45:16.8390563Z cc -Wall -Wextra -Werror -std=c99 -g -O3 -ftree-vectorize -fPIC -Isrc -D_GNU_SOURCE  -MMD -MP -c src/runtime/ffi_loader.c -o obj/runtime/ffi_loader.o
2026-10-09T12:45:17.0168436Z cc -Wall -Wextra -Werror -std=c99 -g -O3 -ftree-vectorize -fPIC -Isrc -D_GNU_SOURCE  -MMD -MP -c src/runtime/gc.c -o obj/runtime/gc.o
2026-10-09T12:45:17.1323944Z cc -Wall -Wextra -Werror -std=c99 -g -O3 -ftree-vectorize -fPIC -Isrc -D_GNU_SOURCE  -MMD -MP -c src/runtime/gc_struct.c -o obj/runtime/gc_struct.o
2026-10-09T12:45:17.2132742Z cc -Wall -Wextra -Werror -std=c99 -g -O3 -ftree-vectorize -fPIC -Isrc -D_GNU_SOURCE  -MMD -MP -c src/runtime/list_ASTArrayLiteral.c -o obj/runtime/list_ASTArrayLiteral.o
2026-10-09T12:45:17.3035966Z cc -Wall -Wextra -Werror -std=c99 -g -O3 -ftree-vectorize -fPIC -Isrc -D_GNU_SOURCE  -MMD -MP -c src/runtime/list_ASTAssert.c -o obj/runtime/list_ASTAssert.o
2026-10-09T12:45:17.3949382Z cc -Wall -Wextra -Werror -std=c99 -g -O3 -ftree-vectorize -fPIC -Isrc -D_GNU_SOURCE  -MMD -MP -c src/runtime/list_ASTBinaryOp.c -o obj/runtime/list_ASTBinaryOp.o
2026-10-09T12:45:17.4803141Z cc -Wall -Wextra -Werror -std=c99 -g -O3 -ftree-vectorize -fPIC -Isrc -D_GNU_SOURCE  -MMD -MP -c src/runtime/list_ASTBlock.c -o obj/runtime/list_ASTBlock.o
2026-10-09T12:45:17.5694174Z cc -Wall -Wextra -Werror -std=c99 -g -O3 -ftree-vectorize -fPIC -Isrc -D_GNU_SOURCE  -MMD -MP -c src/runtime/list_ASTBool.c -o obj/runtime/list_ASTBool.o
2026-10-09T12:45:17.6576376Z cc -Wall -Wextra -Werror -std=c99 -g -O3 -ftree-vectorize -fPIC -Isrc -D_GNU_SOURCE  -MMD -MP -c src/runtime/list_ASTCall.c -o obj/runtime/list_ASTCall.o
2026-10-09T12:45:17.7456665Z cc -Wall -Wextra -Werror -std=c99 -g -O3 -ftree-vectorize -fPIC -Isrc -D_GNU_SOURCE  -MMD -MP -c src/runtime/list_ASTEnum.c -o obj/runtime/list_ASTEnum.o
2026-10-09T12:45:17.8316452Z cc -Wall -Wextra -Werror -std=c99 -g -O3 -ftree-vectorize -fPIC -Isrc -D_GNU_SOURCE  -MMD -MP -c src/runtime/list_ASTFieldAccess.c -o obj/runtime/list_ASTFieldAccess.o
2026-10-09T12:45:17.9200900Z cc -Wall -Wextra -Werror -std=c99 -g -O3 -ftree-vectorize -fPIC -Isrc -D_GNU_SOURCE  -MMD -MP -c src/runtime/list_ASTFloat.c -o obj/runtime/list_ASTFloat.o
2026-10-09T12:45:18.0100590Z cc -Wall -Wextra -Werror -std=c99 -g -O3 -ftree-vectorize -fPIC -Isrc -D_GNU_SOURCE  -MMD -MP -c src/runtime/list_ASTFor.c -o obj/runtime/list_ASTFor.o
2026-10-09T12:45:18.0958119Z cc -Wall -Wextra -Werror -std=c99 -g -O3 -ftree-vectorize -fPIC -Isrc -D_GNU_SOURCE  -MMD -MP -c src/runtime/list_ASTFunction.c -o obj/runtime/list_ASTFunction.o
2026-10-09T12:45:18.1828576Z cc -Wall -Wextra -Werror -std=c99 -g -O3 -ftree-vectorize -fPIC -Isrc -D_GNU_SOURCE  -MMD -MP -c src/runtime/list_ASTIdentifier.c -o obj/runtime/list_ASTIdentifier.o
2026-10-09T12:45:18.2739614Z cc -Wall -Wextra -Werror -std=c99 -g -O3 -ftree-vectorize -fPIC -Isrc -D_GNU_SOURCE  -MMD -MP -c src/runtime/list_ASTIf.c -o obj/runtime/list_ASTIf.o
2026-10-09T12:45:18.3650470Z cc -Wall -Wextra -Werror -std=c99 -g -O3 -ftree-vectorize -fPIC -Isrc -D_GNU_SOURCE  -MMD -MP -c src/runtime/list_ASTImport.c -o obj/runtime/list_ASTImport.o
2026-10-09T12:45:18.4502436Z cc -Wall -Wextra -Werror -std=c99 -g -O3 -ftree-vectorize -fPIC -Isrc -D_GNU_SOURCE  -MMD -MP -c src/runtime/list_ASTLet.c -o obj/runtime/list_ASTLet.o
2026-10-09T12:45:18.5370913Z cc -Wall -Wextra -Werror -std=c99 -g -O3 -ftree-vectorize -fPIC -Isrc -D_GNU_SOURCE  -MMD -MP -c src/runtime/list_ASTMatch.c -o obj/runtime/list_ASTMatch.o
2026-10-09T12:45:18.6242761Z cc -Wall -Wextra -Werror -std=c99 -g -O3 -ftree-vectorize -fPIC -Isrc -D_GNU_SOURCE  -MMD -MP -c src/runtime/list_ASTModuleQualifiedCall.c -o obj/runtime/list_ASTModuleQualifiedCall.o
2026-10-09T12:45:18.7095281Z cc -Wall -Wextra -Werror -std=c99 -g -O3 -ftree-vectorize -fPIC -Isrc -D_GNU_SOURCE  -MMD -MP -c src/runtime/list_ASTNumber.c -o obj/runtime/list_ASTNumber.o
2026-10-09T12:45:18.7987958Z cc -Wall -Wextra -Werror -std=c99 -g -O3 -ftree-vectorize -fPIC -Isrc -D_GNU_SOURCE  -MMD -MP -c src/runtime/list_ASTOpaqueType.c -o obj/runtime/list_ASTOpaqueType.o
2026-10-09T12:45:18.8899946Z cc -Wall -Wextra -Werror -std=c99 -g -O3 -ftree-vectorize -fPIC -Isrc -D_GNU_SOURCE  -MMD -MP -c src/runtime/list_ASTPrint.c -o obj/runtime/list_ASTPrint.o
2026-10-09T12:45:18.9799208Z cc -Wall -Wextra -Werror -std=c99 -g -O3 -ftree-vectorize -fPIC -Isrc -D_GNU_SOURCE  -MMD -MP -c src/runtime/list_ASTReturn.c -o obj/runtime/list_ASTReturn.o
2026-10-09T12:45:19.0688801Z cc -Wall -Wextra -Werror -std=c99 -g -O3 -ftree-vectorize -fPIC -Isrc -D_GNU_SOURCE  -MMD -MP -c src/runtime/list_ASTServiceDecl.c -o obj/runtime/list_ASTServiceDecl.o
2026-10-09T12:45:19.1552765Z cc -Wall -Wextra -Werror -std=c99 -g -O3 -ftree-vectorize -fPIC -Isrc -D_GNU_SOURCE  -MMD -MP -c src/runtime/list_ASTSet.c -o obj/runtime/list_ASTSet.o
2026-10-09T12:45:19.2404682Z cc -Wall -Wextra -Werror -std=c99 -g -O3 -ftree-vectorize -fPIC -Isrc -D_GNU_SOURCE  -MMD -MP -c src/runtime/list_ASTShadow.c -o obj/runtime/list_ASTShadow.o
2026-10-09T12:45:19.3277770Z cc -Wall -Wextra -Werror -std=c99 -g -O3 -ftree-vectorize -fPIC -Isrc -D_GNU_SOURCE  -MMD -MP -c src/runtime/list_ASTStmtRef.c -o obj/runtime/list_ASTStmtRef.o
2026-10-09T12:45:19.4147541Z cc -Wall -Wextra -Werror -std=c99 -g -O3 -ftree-vectorize -fPIC -Isrc -D_GNU_SOURCE  -MMD -MP -c src/runtime/list_ASTString.c -o obj/runtime/list_ASTString.o
2026-10-09T12:45:19.5058115Z cc -Wall -Wextra -Werror -std=c99 -g -O3 -ftree-vectorize -fPIC -Isrc -D_GNU_SOURCE  -MMD -MP -c src/runtime/list_ASTStruct.c -o obj/runtime/list_ASTStruct.o
2026-10-09T12:45:19.5936644Z cc -Wall -Wextra -Werror -std=c99 -g -O3 -ftree-vectorize -fPIC -Isrc -D_GNU_SOURCE  -MMD -MP -c src/runtime/list_ASTStructLiteral.c -o obj/runtime/list_ASTStructLiteral.o
2026-10-09T12:45:19.6807270Z cc -Wall -Wextra -Werror -std=c99 -g -O3 -ftree-vectorize -fPIC -Isrc -D_GNU_SOURCE  -MMD -MP -c src/runtime/list_ASTTupleIndex.c -o obj/runtime/list_ASTTupleIndex.o
2026-10-09T12:45:19.7705801Z cc -Wall -Wextra -Werror -std=c99 -g -O3 -ftree-vectorize -fPIC -Isrc -D_GNU_SOURCE  -MMD -MP -c src/runtime/list_ASTTupleLiteral.c -o obj/runtime/list_ASTTupleLiteral.o
2026-10-09T12:45:19.8564265Z cc -Wall -Wextra -Werror -std=c99 -g -O3 -ftree-vectorize -fPIC -Isrc -D_GNU_SOURCE  -MMD -MP -c src/runtime/list_ASTUnion.c -o obj/runtime/list_ASTUnion.o
2026-10-09T12:45:19.9452658Z cc -Wall -Wextra -Werror -std=c99 -g -O3 -ftree-vectorize -fPIC -Isrc -D_GNU_SOURCE  -MMD -MP -c src/runtime/list_ASTUnionConstruct.c -o obj/runtime/list_ASTUnionConstruct.o
2026-10-09T12:45:20.0307282Z cc -Wall -Wextra -Werror -std=c99 -g -O3 -ftree-vectorize -fPIC -Isrc -D_GNU_SOURCE  -MMD -MP -c src/runtime/list_ASTUnsafeBlock.c -o obj/runtime/list_ASTUnsafeBlock.o
2026-10-09T12:45:20.1207736Z cc -Wall -Wextra -Werror -std=c99 -g -O3 -ftree-vectorize -fPIC -Isrc -D_GNU_SOURCE  -MMD -MP -c src/runtime/list_ASTWhile.c -o obj/runtime/list_ASTWhile.o
2026-10-09T12:45:20.2104494Z cc -Wall -Wextra -Werror -std=c99 -g -O3 -ftree-vectorize -fPIC -Isrc -D_GNU_SOURCE  -MMD -MP -c src/runtime/list_CompilerDiagnostic.c -o obj/runtime/list_CompilerDiagnostic.o
2026-10-09T12:45:20.2955945Z cc -Wall -Wextra -Werror -std=c99 -g -O3 -ftree-vectorize -fPIC -Isrc -D_GNU_SOURCE  -MMD -MP -c src/runtime/list_CompilerSourceLocation.c -o obj/runtime/list_CompilerSourceLocation.o
2026-10-09T12:45:20.3822999Z cc -Wall -Wextra -Werror -std=c99 -g -O3 -ftree-vectorize -fPIC -Isrc -D_GNU_SOURCE  -MMD -MP -c src/runtime/list_LexerToken.c -o obj/runtime/list_LexerToken.o
2026-10-09T12:45:20.4708856Z cc -Wall -Wextra -Werror -std=c99 -g -O3 -ftree-vectorize -fPIC -Isrc -D_GNU_SOURCE  -MMD -MP -c src/runtime/list_bool.c -o obj/runtime/list_bool.o
2026-10-09T12:45:20.5533627Z cc -Wall -Wextra -Werror -std=c99 -g -O3 -ftree-vectorize -fPIC -Isrc -D_GNU_SOURCE  -MMD -MP -c src/runtime/list_int.c -o obj/runtime/list_int.o
2026-10-09T12:45:20.6385111Z cc -Wall -Wextra -Werror -std=c99 -g -O3 -ftree-vectorize -fPIC -Isrc -D_GNU_SOURCE  -MMD -MP -c src/runtime/list_string.c -o obj/runtime/list_string.o
2026-10-09T12:45:20.7276946Z cc -Wall -Wextra -Werror -std=c99 -g -O3 -ftree-vectorize -fPIC -Isrc -D_GNU_SOURCE  -MMD -MP -c src/runtime/list_token.c -o obj/runtime/list_token.o
2026-10-09T12:45:20.8183032Z cc -Wall -Wextra -Werror -std=c99 -g -O3 -ftree-vectorize -fPIC -Isrc -D_GNU_SOURCE  -MMD -MP -c src/runtime/module_build_dir.c -o obj/runtime/module_build_dir.o
2026-10-09T12:45:20.9198994Z cc -Wall -Wextra -Werror -std=c99 -g -O3 -ftree-vectorize -fPIC -Isrc -D_GNU_SOURCE  -MMD -MP -c src/runtime/nl_string.c -o obj/runtime/nl_string.o
2026-10-09T12:45:21.0728088Z cc -Wall -Wextra -Werror -std=c99 -g -O3 -ftree-vectorize -fPIC -Isrc -D_GNU_SOURCE  -MMD -MP -c src/runtime/regex.c -o obj/runtime/regex.o
2026-10-09T12:45:21.1636256Z cc -Wall -Wextra -Werror -std=c99 -g -O3 -ftree-vectorize -fPIC -Isrc -D_GNU_SOURCE  -MMD -MP -c src/runtime/token_helpers.c -o obj/runtime/token_helpers.o
2026-10-09T12:45:21.2169999Z cc -Wall -Wextra -Werror -std=c99 -g -O3 -ftree-vectorize -fPIC -Isrc -D_GNU_SOURCE  -MMD -MP -c src/stdlib_runtime.c -o obj/stdlib_runtime.o
2026-10-09T12:45:21.5159560Z cc -Wall -Wextra -Werror -std=c99 -g -O3 -ftree-vectorize -fPIC -Isrc -D_GNU_SOURCE  -MMD -MP -c src/tco_pass.c -o obj/tco_pass.o
2026-10-09T12:45:21.8212112Z cc -Wall -Wextra -Werror -std=c99 -g -O3 -ftree-vectorize -fPIC -Isrc -D_GNU_SOURCE  -MMD -MP -c src/toon_output.c -o obj/toon_output.o
2026-10-09T12:45:21.8983549Z cc -Wall -Wextra -Werror -std=c99 -g -O3 -ftree-vectorize -fPIC -Isrc -D_GNU_SOURCE  -MMD -MP -c src/transpiler.c -o obj/transpiler.o
2026-10-09T12:45:25.3445646Z cc -Wall -Wextra -Werror -std=c99 -g -O3 -ftree-vectorize -fPIC -Isrc -D_GNU_SOURCE  -MMD -MP -c src/type_infer.c -o obj/type_infer.o
2026-10-09T12:45:25.9799387Z cc -Wall -Wextra -Werror -std=c99 -g -O3 -ftree-vectorize -fPIC -Isrc -D_GNU_SOURCE  -MMD -MP -c src/typechecker.c -o obj/typechecker.o
2026-10-09T12:45:29.3884679Z cc -Wall -Wextra -Werror -std=c99 -g -O3 -ftree-vectorize -fPIC -Isrc -D_GNU_SOURCE  -MMD -MP -c src/utf8.c -o obj/utf8.o
2026-10-09T12:45:29.4760737Z mkdir -p bin
2026-10-09T12:45:29.4888589Z cc  -Wall -Wextra -Werror -std=c99 -g -O3 -ftree-vectorize -fPIC -Isrc -D_GNU_SOURCE -fPIC -shared -o bin/nano_as_capture.so src/runtime/assembler_capture.c -lm -lcrypto -lffi -rdynamic -ldl
2026-10-09T12:45:29.7536139Z Stage 1: Building C reference compiler...
2026-10-09T12:45:30.5168214Z ✓ C Compiler: bin/nanoc_c
2026-10-09T12:45:30.5234480Z ✓ Compiler: bin/nanoc -> bin/nanoc_c (C reference)
2026-10-09T12:45:30.5269202Z cc -Wall -Wextra -Werror -std=c99 -g -O3 -ftree-vectorize -fPIC -Isrc -D_GNU_SOURCE  -MMD -MP -c src/ffi_bindgen.c -o obj/ffi_bindgen.o
2026-10-09T12:45:30.7222629Z cc -Wall -Wextra -Werror -std=c99 -g -O3 -ftree-vectorize -fPIC -Isrc -D_GNU_SOURCE  -o bin/nanoc-ffi obj/ffi_bindgen.o obj/utf8.o -lm -lcrypto -lffi  -rdynamic
2026-10-09T12:45:30.7573151Z ✓ Stage 1 complete (C reference binaries)
2026-10-09T12:45:30.7644961Z ##[group]Run make test-examples-regressions
2026-10-09T12:45:30.7645369Z [36;1mmake test-examples-regressions[0m
2026-10-09T12:45:30.7709179Z shell: /usr/bin/bash -e {0}
2026-10-09T12:45:30.7709446Z env:
2026-10-09T12:45:30.7709714Z   NANO_VERIFY_CORPUS_LOG_ROOT: .test_output/verifier-corpus
2026-10-09T12:45:30.7710067Z   NANO_SHADOW_TIMEOUT_SECONDS: 60
2026-10-09T12:45:30.7710321Z ##[endgroup]
2026-10-09T12:45:30.9080929Z Compiling examples/graphics/sdl_game_of_life.nano...
2026-10-09T12:45:35.9690089Z   ✓ examples/graphics/sdl_game_of_life.nano
2026-10-09T12:45:35.9690702Z Compiling examples/audio/sdl_nanoamp.nano...
2026-10-09T12:45:44.2859068Z   ✓ examples/audio/sdl_nanoamp.nano
2026-10-09T12:45:44.2859645Z Compiling audio/sdl_nanoamp.nano...
2026-10-09T12:45:53.8361858Z   ✓ audio/sdl_nanoamp.nano
2026-10-09T12:45:53.8362666Z Compiling examples/opl/opl_cli.nano...
2026-10-09T12:45:59.3016786Z   ✓ examples/opl/opl_cli.nano
2026-10-09T12:45:59.3017441Z Compiling opl/opl_cli.nano...
2026-10-09T12:46:04.8360487Z   ✓ opl/opl_cli.nano
2026-10-09T12:46:04.8360960Z Example regressions passed
2026-10-09T12:46:04.8435087Z ##[group]Run make examples EXAMPLES_TIMEOUT=2400
2026-10-09T12:46:04.8435471Z [36;1mmake examples EXAMPLES_TIMEOUT=2400[0m
2026-10-09T12:46:04.8498551Z shell: /usr/bin/bash -e {0}
2026-10-09T12:46:04.8498808Z env:
2026-10-09T12:46:04.8499082Z   NANO_VERIFY_CORPUS_LOG_ROOT: .test_output/verifier-corpus
2026-10-09T12:46:04.8499630Z   NANO_SHADOW_TIMEOUT_SECONDS: 60
2026-10-09T12:46:04.8499877Z ##[endgroup]
2026-10-09T12:46:04.9826515Z [tool] Building module index generator (C)...
2026-10-09T12:46:06.3830547Z [modules] Generating module index from manifests...
2026-10-09T12:46:06.3930533Z Generating module index...
2026-10-09T12:46:06.3931049Z Found 47 module manifests
2026-10-09T12:46:06.3931819Z   ✓ audio_viz
2026-10-09T12:46:06.3932229Z   ✓ pybridge_matplotlib
2026-10-09T12:46:06.3932871Z   ✓ openai
2026-10-09T12:46:06.3933240Z   ✓ stdlib
2026-10-09T12:46:06.3933577Z   ✓ github
2026-10-09T12:46:06.3933917Z   ✓ pybridge
2026-10-09T12:46:06.3934262Z   ✓ sqlite
2026-10-09T12:46:06.3934729Z   ✓ pt2_audio
2026-10-09T12:46:06.3935084Z   ✓ sdl_image
2026-10-09T12:46:06.3935432Z   ✓ sdl_helpers
2026-10-09T12:46:06.3935783Z   ✓ event
2026-10-09T12:46:06.3936118Z   ✓ nano_tools
2026-10-09T12:46:06.3936460Z   ✓ sdl
2026-10-09T12:46:06.3936783Z   ✓ tools
2026-10-09T12:46:06.3937123Z   ✓ preferences
2026-10-09T12:46:06.3937484Z   ✓ readline
2026-10-09T12:46:06.3937851Z   ✓ proptest
2026-10-09T12:46:06.3938209Z   ✓ nano_highlight
2026-10-09T12:46:06.3938542Z   ✓ glew
2026-10-09T12:46:06.3938869Z   ✓ pt2_state
2026-10-09T12:46:06.3939233Z   ✓ sdl_mixer
2026-10-09T12:46:06.3939580Z   ✓ nanoisa
2026-10-09T12:46:06.3939922Z   ✓ filesystem
2026-10-09T12:46:06.3940262Z   ✓ mujoco
2026-10-09T12:46:06.3940595Z   ✓ unicode
2026-10-09T12:46:06.3940935Z   ✓ ui_widgets
2026-10-09T12:46:06.3941328Z   ✓ pty
2026-10-09T12:46:06.3941670Z   ✓ http_server
2026-10-09T12:46:06.3942024Z   ✓ std
2026-10-09T12:46:06.3942334Z   ✓ curl
2026-10-09T12:46:06.3942929Z   ✓ sdl_ttf
2026-10-09T12:46:06.3943286Z   ✓ math_ext
2026-10-09T12:46:06.3943666Z   ✓ glfw
2026-10-09T12:46:06.3944002Z   ✓ sdl_term
2026-10-09T12:46:06.3944367Z   ✓ pybridge_warp
2026-10-09T12:46:06.3944818Z   ✓ pt2_module
2026-10-09T12:46:06.3945172Z   ✓ uv
2026-10-09T12:46:06.3945514Z   ✓ nano_eval
2026-10-09T12:46:06.3945875Z   ✓ forth_see
2026-10-09T12:46:06.3946263Z   ✓ vector2d
2026-10-09T12:46:06.3946646Z   ✓ ncurses
2026-10-09T12:46:06.3947045Z   ✓ stdio
2026-10-09T12:46:06.3947417Z   ✓ opengl
2026-10-09T12:46:06.3947788Z   ✓ bullet
2026-10-09T12:46:06.3948169Z   ✓ glut
2026-10-09T12:46:06.3948462Z   ✓ audio_helpers
2026-10-09T12:46:06.3948685Z   ✓ log
2026-10-09T12:46:06.3948792Z 
2026-10-09T12:46:06.3948925Z ✓ Generated modules/index.json
2026-10-09T12:46:06.3949177Z   47 modules indexed
2026-10-09T12:46:06.3991457Z Checking SDL2 dependencies for graphics examples...
2026-10-09T12:46:06.4058398Z ✓ SDL2 found: 2.30.0
2026-10-09T12:46:06.4109090Z 
2026-10-09T12:46:06.4128466Z ==========================================
2026-10-09T12:46:06.4147713Z Building Examples
2026-10-09T12:46:06.4167814Z ==========================================
2026-10-09T12:46:06.4187656Z Compiler: ../bin/nanoc_c
2026-10-09T12:46:06.4207192Z Backend:  c
2026-10-09T12:46:06.4227441Z Suffix:   (none)
2026-10-09T12:46:06.4247020Z Note: This will fail if any module dependencies are missing.
2026-10-09T12:46:06.4266556Z       Run 'make -B modules' to see what's needed.
2026-10-09T12:46:06.4286407Z       Or use 'make examples-available' to skip unavailable examples.
2026-10-09T12:46:06.4305661Z 
2026-10-09T12:46:06.4392903Z make[1]: Entering directory '/home/runner/work/nanolang/nanolang'
2026-10-09T12:46:06.5703888Z make[1]: Leaving directory '/home/runner/work/nanolang/nanolang'
2026-10-09T12:46:06.5756755Z make[1]: Entering directory '/home/runner/work/nanolang/nanolang/examples'
2026-10-09T12:46:06.5982225Z Building ../bin/nl_advanced_math...
2026-10-09T12:46:06.5983356Z ../bin/nanoc_c language/nl_advanced_math.nano  -o ../bin/nl_advanced_math
2026-10-09T12:46:08.3828542Z Building ../bin/nl_affine_resource_demo...
2026-10-09T12:46:08.3829413Z ../bin/nanoc_c language/nl_affine_resource_demo.nano  -o ../bin/nl_affine_resource_demo
2026-10-09T12:46:10.1725368Z Building ../bin/nl_array_bounds...
2026-10-09T12:46:10.1726021Z ../bin/nanoc_c language/nl_array_bounds.nano  -o ../bin/nl_array_bounds
2026-10-09T12:46:11.9624785Z Building ../bin/nl_array_complete...
2026-10-09T12:46:11.9625976Z ../bin/nanoc_c language/nl_array_complete.nano  -o ../bin/nl_array_complete
2026-10-09T12:46:13.7174992Z Building ../bin/nl_array_functional...
2026-10-09T12:46:13.7175710Z ../bin/nanoc_c language/nl_array_functional.nano  -o ../bin/nl_array_functional
2026-10-09T12:46:15.4694578Z Building ../bin/nl_array_infer...
2026-10-09T12:46:15.4695308Z ../bin/nanoc_c language/nl_array_infer.nano  -o ../bin/nl_array_infer
2026-10-09T12:46:17.2237890Z Building ../bin/nl_boids...
2026-10-09T12:46:17.2238418Z ../bin/nanoc_c language/nl_boids.nano  -o ../bin/nl_boids
2026-10-09T12:46:19.3087832Z Building ../bin/nl_calculator...
2026-10-09T12:46:19.3088496Z ../bin/nanoc_c language/nl_calculator.nano  -o ../bin/nl_calculator
2026-10-09T12:46:21.0878588Z Building ../bin/nl_checked_math_demo...
2026-10-09T12:46:21.0879241Z ../bin/nanoc_c language/nl_checked_math_demo.nano  -o ../bin/nl_checked_math_demo
2026-10-09T12:46:23.0772279Z Building ../bin/nl_comparisons...
2026-10-09T12:46:23.0773307Z ../bin/nanoc_c language/nl_comparisons.nano  -o ../bin/nl_comparisons
2026-10-09T12:46:24.8196955Z Building ../bin/nl_control_for...
2026-10-09T12:46:24.8197714Z ../bin/nanoc_c language/nl_control_for.nano  -o ../bin/nl_control_for
2026-10-09T12:46:26.5745670Z Building ../bin/nl_control_if_while...
2026-10-09T12:46:26.5746576Z ../bin/nanoc_c language/nl_control_if_while.nano  -o ../bin/nl_control_if_while
2026-10-09T12:46:28.3370155Z Building ../bin/nl_csv_processor...
2026-10-09T12:46:28.3372988Z ../bin/nanoc_c language/nl_csv_processor.nano  -o ../bin/nl_csv_processor
2026-10-09T12:46:30.0992842Z Building ../bin/nl_data_analytics...
2026-10-09T12:46:30.0993689Z ../bin/nanoc_c language/nl_data_analytics.nano  -o ../bin/nl_data_analytics
2026-10-09T12:46:31.8846971Z Building ../bin/nl_demo_selfhosting...
2026-10-09T12:46:31.8848057Z ../bin/nanoc_c language/nl_demo_selfhosting.nano  -o ../bin/nl_demo_selfhosting
2026-10-09T12:46:33.8824684Z Building ../bin/nl_dispatch_counter...
2026-10-09T12:46:33.8825550Z ../bin/nanoc_c language/nl_dispatch_counter.nano  -o ../bin/nl_dispatch_counter
2026-10-09T12:46:36.1344084Z Building ../bin/nl_dispatch_pipeline...
2026-10-09T12:46:36.1344895Z ../bin/nanoc_c language/nl_dispatch_pipeline.nano  -o ../bin/nl_dispatch_pipeline
2026-10-09T12:46:38.3255589Z Building ../bin/nl_dispatch_stats...
2026-10-09T12:46:38.3256253Z ../bin/nanoc_c language/nl_dispatch_stats.nano  -o ../bin/nl_dispatch_stats
2026-10-09T12:46:40.5127300Z Building ../bin/nl_enum...
2026-10-09T12:46:40.5127879Z ../bin/nanoc_c language/nl_enum.nano  -o ../bin/nl_enum
2026-10-09T12:46:42.2699430Z Building ../bin/nl_extern_char...
2026-10-09T12:46:42.2700195Z ../bin/nanoc_c language/nl_extern_char.nano  -o ../bin/nl_extern_char
2026-10-09T12:46:43.9790670Z Building ../bin/nl_extern_math...
2026-10-09T12:46:43.9791384Z ../bin/nanoc_c language/nl_extern_math.nano  -o ../bin/nl_extern_math
2026-10-09T12:46:45.6782885Z Building ../bin/nl_extern_string...
2026-10-09T12:46:45.6783721Z ../bin/nanoc_c language/nl_extern_string.nano  -o ../bin/nl_extern_string
2026-10-09T12:46:47.3621807Z Building ../bin/nl_factorial...
2026-10-09T12:46:47.3622701Z ../bin/nanoc_c language/nl_factorial.nano  -o ../bin/nl_factorial
2026-10-09T12:46:49.0567952Z Building ../bin/nl_falling_sand...
2026-10-09T12:46:49.0568712Z ../bin/nanoc_c language/nl_falling_sand.nano  -o ../bin/nl_falling_sand
2026-10-09T12:46:50.8084714Z Building ../bin/nl_fibonacci...
2026-10-09T12:46:50.8085397Z ../bin/nanoc_c language/nl_fibonacci.nano  -o ../bin/nl_fibonacci
2026-10-09T12:46:52.5431997Z Building ../bin/nl_floats...
2026-10-09T12:46:52.5433077Z ../bin/nanoc_c language/nl_floats.nano  -o ../bin/nl_floats
2026-10-09T12:46:54.2660850Z Building ../bin/nl_for_in_array...
2026-10-09T12:46:54.2661511Z ../bin/nanoc_c language/nl_for_in_array.nano  -o ../bin/nl_for_in_array
2026-10-09T12:46:55.9986128Z Building ../bin/nl_forth_interpreter...
2026-10-09T12:46:55.9986866Z ../bin/nanoc_c language/nl_forth_interpreter.nano  -o ../bin/nl_forth_interpreter
2026-10-09T12:47:05.1188213Z Building ../bin/nl_functions_basic...
2026-10-09T12:47:05.1188966Z ../bin/nanoc_c language/nl_functions_basic.nano  -o ../bin/nl_functions_basic
2026-10-09T12:47:06.8587728Z Building ../bin/nl_game_of_life...
2026-10-09T12:47:06.8588720Z ../bin/nanoc_c language/nl_game_of_life.nano  -o ../bin/nl_game_of_life
2026-10-09T12:47:08.5769066Z Building ../bin/nl_generics_demo...
2026-10-09T12:47:08.5769849Z ../bin/nanoc_c language/nl_generics_demo.nano  -o ../bin/nl_generics_demo
2026-10-09T12:47:10.2970321Z Building ../bin/nl_global_counter...
2026-10-09T12:47:10.2971021Z ../bin/nanoc_c language/nl_global_counter.nano  -o ../bin/nl_global_counter
2026-10-09T12:47:12.0361730Z Building ../bin/nl_hashmap...
2026-10-09T12:47:12.0362725Z ../bin/nanoc_c language/nl_hashmap.nano  -o ../bin/nl_hashmap
2026-10-09T12:47:13.7593911Z Building ../bin/nl_hashmap_word_count...
2026-10-09T12:47:13.7594627Z ../bin/nanoc_c language/nl_hashmap_word_count.nano  -o ../bin/nl_hashmap_word_count
2026-10-09T12:47:15.4870900Z Building ../bin/nl_hello...
2026-10-09T12:47:15.4871563Z ../bin/nanoc_c language/nl_hello.nano  -o ../bin/nl_hello
2026-10-09T12:47:17.2006121Z Building ../bin/nl_logical...
2026-10-09T12:47:17.2007748Z ../bin/nanoc_c language/nl_logical.nano  -o ../bin/nl_logical
2026-10-09T12:47:18.9237762Z Building ../bin/nl_match_int...
2026-10-09T12:47:18.9238486Z ../bin/nanoc_c language/nl_match_int.nano  -o ../bin/nl_match_int
2026-10-09T12:47:20.6826916Z Building ../bin/nl_matrix_operations...
2026-10-09T12:47:20.6827845Z ../bin/nanoc_c language/nl_matrix_operations.nano  -o ../bin/nl_matrix_operations
2026-10-09T12:47:22.4066880Z Building ../bin/nl_maze...
2026-10-09T12:47:22.4067579Z ../bin/nanoc_c language/nl_maze.nano  -o ../bin/nl_maze
2026-10-09T12:47:24.1428092Z Building ../bin/nl_mutable...
2026-10-09T12:47:24.1428643Z ../bin/nanoc_c language/nl_mutable.nano  -o ../bin/nl_mutable
2026-10-09T12:47:25.8994916Z Building ../bin/nl_operators...
2026-10-09T12:47:25.8995572Z ../bin/nanoc_c language/nl_operators.nano  -o ../bin/nl_operators
2026-10-09T12:47:27.6886670Z Building ../bin/nl_peg2_csv...
2026-10-09T12:47:27.6887304Z ../bin/nanoc_c language/nl_peg2_csv.nano  -o ../bin/nl_peg2_csv
2026-10-09T12:47:30.1666572Z Building ../bin/nl_peg2_expr...
2026-10-09T12:47:30.1667281Z ../bin/nanoc_c language/nl_peg2_expr.nano  -o ../bin/nl_peg2_expr
2026-10-09T12:47:32.4512956Z Building ../bin/nl_peg2_json...
2026-10-09T12:47:32.4513695Z ../bin/nanoc_c language/nl_peg2_json.nano  -o ../bin/nl_peg2_json
2026-10-09T12:47:34.7421588Z Building ../bin/nl_primes...
2026-10-09T12:47:34.7422237Z ../bin/nanoc_c language/nl_primes.nano  -o ../bin/nl_primes
2026-10-09T12:47:36.5441734Z Building ../bin/nl_primes_sieve...
2026-10-09T12:47:36.5443444Z ../bin/nanoc_c language/nl_primes_sieve.nano  -o ../bin/nl_primes_sieve
2026-10-09T12:47:41.0635022Z Building ../bin/nl_random_sentence...
2026-10-09T12:47:41.0635837Z ../bin/nanoc_c language/nl_random_sentence.nano  -o ../bin/nl_random_sentence
2026-10-09T12:47:43.5389884Z Building ../bin/nl_result_propagation...
2026-10-09T12:47:43.5390785Z ../bin/nanoc_c language/nl_result_propagation.nano  -o ../bin/nl_result_propagation
2026-10-09T12:47:45.3449047Z Building ../bin/nl_snake...
2026-10-09T12:47:45.3449599Z ../bin/nanoc_c language/nl_snake.nano  -o ../bin/nl_snake
2026-10-09T12:47:47.1248168Z Building ../bin/nl_string_interp...
2026-10-09T12:47:47.1248919Z ../bin/nanoc_c language/nl_string_interp.nano  -o ../bin/nl_string_interp
2026-10-09T12:47:48.8957219Z Building ../bin/nl_string_operations...
2026-10-09T12:47:48.8958031Z ../bin/nanoc_c language/nl_string_operations.nano  -o ../bin/nl_string_operations
2026-10-09T12:47:50.6890736Z Building ../bin/nl_struct...
2026-10-09T12:47:50.6891251Z ../bin/nanoc_c language/nl_struct.nano  -o ../bin/nl_struct
2026-10-09T12:47:52.4917541Z Building ../bin/nl_tictactoe...
2026-10-09T12:47:52.4919851Z ../bin/nanoc_c language/nl_tictactoe.nano  -o ../bin/nl_tictactoe
2026-10-09T12:47:54.3238535Z Building ../bin/nl_tracing...
2026-10-09T12:47:54.3239587Z ../bin/nanoc_c language/nl_tracing.nano  -o ../bin/nl_tracing
2026-10-09T12:47:56.5641804Z Building ../bin/nl_types...
2026-10-09T12:47:56.5642335Z ../bin/nanoc_c language/nl_types.nano  -o ../bin/nl_types
2026-10-09T12:47:58.3659665Z Building ../bin/nl_types_tuple...
2026-10-09T12:47:58.3660302Z ../bin/nanoc_c language/nl_types_tuple.nano  -o ../bin/nl_types_tuple
2026-10-09T12:48:00.1941798Z Building ../bin/nl_types_union_construct...
2026-10-09T12:48:00.1942927Z ../bin/nanoc_c language/nl_types_union_construct.nano  -o ../bin/nl_types_union_construct
2026-10-09T12:48:02.0450922Z Building ../bin/nl_union_types...
2026-10-09T12:48:02.0451629Z ../bin/nanoc_c language/nl_union_types.nano  -o ../bin/nl_union_types
2026-10-09T12:48:03.8630851Z Building ../bin/nl_unsafe_demo...
2026-10-09T12:48:03.8631568Z ../bin/nanoc_c language/nl_unsafe_demo.nano  -o ../bin/nl_unsafe_demo
2026-10-09T12:48:05.6539863Z Building ../bin/nl_word_frequency...
2026-10-09T12:48:05.6540646Z ../bin/nanoc_c language/nl_word_frequency.nano  -o ../bin/nl_word_frequency
2026-10-09T12:48:07.4420701Z make[2]: Entering directory '/home/runner/work/nanolang/nanolang'
2026-10-09T12:48:07.5769143Z mkdir -p obj/forth
2026-10-09T12:48:07.5866073Z cc -Wall -Wextra -Werror -std=c99 -g -O3 -ftree-vectorize -fPIC -Isrc -D_GNU_SOURCE  -MMD -MP -c src/forth/forth_session.c -o obj/forth/forth_session.o
2026-10-09T12:48:11.2445225Z cc -Wall -Wextra -Werror -std=c99 -g -O3 -ftree-vectorize -fPIC -Isrc -D_GNU_SOURCE  -o bin/nano_forth src/forth/forth_repl.c obj/forth/forth_session.o obj/nanovm/value.o obj/nanovm/heap.o obj/nanovm/heap_cycles.o obj/nanovm/vm.o obj/nanovm/vm_callback.o obj/nanovm/vm_ffi.o obj/nanovm/vm_builtins.o obj/nanovm/cop_protocol.o obj/nanovm/vm_ffi_arrays.o obj/runtime/callback_runtime.o obj/nanoisa/file_flow.o obj/nanoisa/service_file_nominal.o obj/nanoisa/service_file_nominal_plan.o obj/nanoisa/service_bindings.o obj/nanoisa/service_bindings_module.o obj/nanoisa/mixed_float_proof.o obj/nanoisa/managed_array_shapes.o obj/nanoisa/local_bindings.o obj/nanoisa/affine_bytecode.o obj/nanoisa/affine_state.o obj/nanoisa/ownership_contracts.o obj/nanoisa/retained_layouts.o obj/nanoisa/reference_places.o obj/nanoisa/passive.o obj/nanoisa/isa.o obj/nanoisa/verifier_types.o obj/nanoisa/nvm_format.o obj/nanoisa/nvm_format_v2.o obj/nanoisa/nvm_v2_cursor.o obj/nanoisa/nvm_v2_constants.o obj/nanoisa/nvm_v2_signatures.o obj/nanoisa/nvm_v2_layouts.o obj/nanoisa/nvm_v2_functions.o obj/nanoisa/nvm_v2_imports.o obj/nanoisa/nvm_v2_module.o obj/nanoisa/nvm_v2_convert.o obj/nanoisa/assembler.o obj/nanoisa/disassembler.o obj/nanoisa/verifier.o obj/nanoisa/nvm2c.o obj/nanoisa/nvm2c_shape.o obj/nanoisa/nvm2c_callables.o obj/nanoisa/frontend.o obj/nanoisa/nanoisa_facade.o obj/nanovm/vm_decode.o obj/nanovm/vm_dispatch.o obj/nsi_file_plan.o \
2026-10-09T12:48:11.2458710Z 	obj/lexer.o obj/parser.o obj/typechecker.o obj/transpiler.o obj/stdlib_runtime.o obj/env.o obj/builtins_registry.o obj/module.o obj/module_metadata.o obj/cJSON.o obj/toon_output.o obj/module_builder.o obj/resource_tracking.o obj/eval.o obj/eval/eval_hashmap.o obj/eval/eval_math.o obj/eval/eval_string.o obj/eval/eval_io.o obj/interpreter_ffi.o obj/json_diagnostics.o obj/reflection.o obj/nanocore_subset.o obj/nanocore_export.o obj/emit_typed_ast.o obj/type_infer.o obj/effects.o obj/fold_constants.o obj/dce_pass.o obj/par_let_pass.o obj/ptx_backend.o obj/opencl_backend.o obj/tco_pass.o obj/cps_pass.o obj/coroutine.o obj/pgo_pass.o obj/c_backend.o obj/bench.o obj/bench_native.o obj/riscv_backend.o obj/dwarf_info.o obj/docgen_md.o obj/docgen.o obj/fmt.o obj/channel.o obj/bcp47.o obj/locale.o obj/utf8.o obj/diag_id.o obj/catalog.o obj/resource_flow.o obj/nominal_types.o obj/runtime/list_int.o obj/runtime/list_bool.o obj/runtime/list_string.o obj/runtime/list_LexerToken.o obj/runtime/list_token.o obj/runtime/list_CompilerDiagnostic.o obj/runtime/list_CompilerSourceLocation.o obj/runtime/list_ASTNumber.o obj/runtime/list_ASTFloat.o obj/runtime/list_ASTString.o obj/runtime/list_ASTBool.o obj/runtime/list_ASTIdentifier.o obj/runtime/list_ASTBinaryOp.o obj/runtime/list_ASTCall.o obj/runtime/list_ASTModuleQualifiedCall.o obj/runtime/list_ASTArrayLiteral.o obj/runtime/list_ASTLet.o obj/runtime/list_ASTSet.o obj/runtime/list_ASTStmtRef.o obj/runtime/list_ASTIf.o obj/runtime/list_ASTWhile.o obj/runtime/list_ASTFor.o obj/runtime/list_ASTReturn.o obj/runtime/list_ASTBlock.o obj/runtime/list_ASTUnsafeBlock.o obj/runtime/list_ASTPrint.o obj/runtime/list_ASTAssert.o obj/runtime/list_ASTFunction.o obj/runtime/list_ASTShadow.o obj/runtime/list_ASTStruct.o obj/runtime/list_ASTStructLiteral.o obj/runtime/list_ASTFieldAccess.o obj/runtime/list_ASTEnum.o obj/runtime/list_ASTUnion.o obj/runtime/list_ASTUnionConstruct.o obj/runtime/list_ASTMatch.o obj/runtime/list_ASTImport.o obj/runtime/list_ASTOpaqueType.o obj/runtime/list_ASTServiceDecl.o obj/runtime/list_ASTTupleLiteral.o obj/runtime/list_ASTTupleIndex.o obj/runtime/token_helpers.o obj/runtime/gc.o obj/runtime/effect_runtime.o obj/runtime/dyn_array.o obj/runtime/gc_struct.o obj/runtime/nl_string.o obj/runtime/ffi_loader.o obj/runtime/module_build_dir.o obj/runtime/cli.o obj/runtime/regex.o -lm -lcrypto -lffi  -rdynamic 
2026-10-09T12:48:11.4525827Z cp bin/nano_forth bin/forth
2026-10-09T12:48:11.4654114Z make[2]: Leaving directory '/home/runner/work/nanolang/nanolang'
2026-10-09T12:48:11.4674857Z Building ../bin/full_repl...
2026-10-09T12:48:11.4675642Z ../bin/nanoc_c language/full_repl.nano  -o ../bin/full_repl
2026-10-09T12:48:24.2744256Z Building ../bin/datetime_demo...
2026-10-09T12:48:24.2745300Z ../bin/nanoc_c advanced/datetime_demo.nano  -o ../bin/datetime_demo
2026-10-09T12:48:26.4151742Z Building ../bin/error_handling_patterns...
2026-10-09T12:48:26.4152865Z ../bin/nanoc_c advanced/error_handling_patterns.nano  -o ../bin/error_handling_patterns
2026-10-09T12:48:28.1602783Z Building ../bin/ffi_tutorial...
2026-10-09T12:48:28.1603385Z ../bin/nanoc_c advanced/ffi_tutorial.nano  -o ../bin/ffi_tutorial
2026-10-09T12:48:29.9107681Z Building ../bin/math_ext_demo...
2026-10-09T12:48:29.9108290Z ../bin/nanoc_c advanced/math_ext_demo.nano  -o ../bin/math_ext_demo
2026-10-09T12:48:31.7043669Z Building ../bin/namespace_demo...
2026-10-09T12:48:31.7044470Z ../bin/nanoc_c advanced/namespace_demo.nano  -o ../bin/namespace_demo
2026-10-09T12:48:33.5100720Z Building ../bin/performance_optimization...
2026-10-09T12:48:33.5101453Z ../bin/nanoc_c advanced/performance_optimization.nano  -o ../bin/performance_optimization
2026-10-09T12:48:35.3166415Z Building ../bin/stdio_file_processor...
2026-10-09T12:48:35.3167176Z ../bin/nanoc_c advanced/stdio_file_processor.nano  -o ../bin/stdio_file_processor
2026-10-09T12:48:37.5087527Z Building ../bin/stdlib_ast_demo...
2026-10-09T12:48:37.5088249Z ../bin/nanoc_c advanced/stdlib_ast_demo.nano  -o ../bin/stdlib_ast_demo
2026-10-09T12:48:39.5895824Z Building ../bin/testing_strategies...
2026-10-09T12:48:39.5897450Z ../bin/nanoc_c advanced/testing_strategies.nano  -o ../bin/testing_strategies
2026-10-09T12:48:41.3844529Z Building ../bin/unsafe_demo...
2026-10-09T12:48:41.3845150Z ../bin/nanoc_c advanced/unsafe_demo.nano  -o ../bin/unsafe_demo
2026-10-09T12:48:43.1699294Z Building ../bin/vector2d_demo...
2026-10-09T12:48:43.1699969Z ../bin/nanoc_c advanced/vector2d_demo.nano  -o ../bin/vector2d_demo
2026-10-09T12:48:45.2397196Z Building ../bin/vector2d_physics_simple...
2026-10-09T12:48:45.2398024Z ../bin/nanoc_c advanced/vector2d_physics_simple.nano  -o ../bin/vector2d_physics_simple
2026-10-09T12:48:47.0264747Z Building ../bin/json_demo...
2026-10-09T12:48:47.0265394Z ../bin/nanoc_c data/json_demo.nano  -o ../bin/json_demo
2026-10-09T12:48:49.3374983Z Building ../bin/array_utils_api...
2026-10-09T12:48:49.3376058Z ../bin/nanoc_c api_lessons/array_utils_api.nano  -o ../bin/array_utils_api
2026-10-09T12:48:51.5050285Z Building ../bin/binary_api...
2026-10-09T12:48:51.5050869Z ../bin/nanoc_c api_lessons/binary_api.nano  -o ../bin/binary_api
2026-10-09T12:48:53.9661407Z Building ../bin/collections_hashmap_api...
2026-10-09T12:48:53.9662166Z ../bin/nanoc_c api_lessons/collections_hashmap_api.nano  -o ../bin/collections_hashmap_api
2026-10-09T12:48:56.1586826Z Building ../bin/collections_set_api...
2026-10-09T12:48:56.1587672Z ../bin/nanoc_c api_lessons/collections_set_api.nano  -o ../bin/collections_set_api
2026-10-09T12:48:58.3724893Z Building ../bin/diagnostics_api...
2026-10-09T12:48:58.3725689Z ../bin/nanoc_c api_lessons/diagnostics_api.nano  -o ../bin/diagnostics_api
2026-10-09T12:49:00.5656803Z Building ../bin/env_api...
2026-10-09T12:49:00.5657409Z ../bin/nanoc_c api_lessons/env_api.nano  -o ../bin/env_api
2026-10-09T12:49:02.7520077Z Building ../bin/examples_diag_api...
2026-10-09T12:49:02.7520896Z ../bin/nanoc_c api_lessons/examples_diag_api.nano  -o ../bin/examples_diag_api
2026-10-09T12:49:04.8931139Z Building ../bin/fs_api...
2026-10-09T12:49:04.8931816Z ../bin/nanoc_c api_lessons/fs_api.nano  -o ../bin/fs_api
2026-10-09T12:49:07.0938998Z Building ../bin/json_api...
2026-10-09T12:49:07.0940089Z ../bin/nanoc_c api_lessons/json_api.nano  -o ../bin/json_api
2026-10-09T12:49:09.3841289Z Building ../bin/log_api...
2026-10-09T12:49:09.3841950Z ../bin/nanoc_c api_lessons/log_api.nano  -o ../bin/log_api
2026-10-09T12:49:11.5540789Z Building ../bin/math_array_ops_api...
2026-10-09T12:49:11.5541750Z ../bin/nanoc_c api_lessons/math_array_ops_api.nano  -o ../bin/math_array_ops_api
2026-10-09T12:49:13.6439288Z Building ../bin/math_complex_api...
2026-10-09T12:49:13.6441068Z ../bin/nanoc_c api_lessons/math_complex_api.nano  -o ../bin/math_complex_api
2026-10-09T12:49:15.7159837Z Building ../bin/math_ext_api...
2026-10-09T12:49:15.7161125Z ../bin/nanoc_c api_lessons/math_ext_api.nano  -o ../bin/math_ext_api
2026-10-09T12:49:17.5325839Z Building ../bin/math_extended_api...
2026-10-09T12:49:17.5326608Z ../bin/nanoc_c api_lessons/math_extended_api.nano  -o ../bin/math_extended_api
2026-10-09T12:49:19.5911986Z Building ../bin/math_matrix4_api...
2026-10-09T12:49:19.5913370Z ../bin/nanoc_c api_lessons/math_matrix4_api.nano  -o ../bin/math_matrix4_api
2026-10-09T12:49:22.2073992Z Building ../bin/math_quaternion_api...
2026-10-09T12:49:22.2074813Z ../bin/nanoc_c api_lessons/math_quaternion_api.nano  -o ../bin/math_quaternion_api
2026-10-09T12:49:24.5387066Z Building ../bin/math_vector2d_api...
2026-10-09T12:49:24.5388239Z ../bin/nanoc_c api_lessons/math_vector2d_api.nano  -o ../bin/math_vector2d_api
2026-10-09T12:49:26.6397197Z Building ../bin/math_vector3d_api...
2026-10-09T12:49:26.6398002Z ../bin/nanoc_c api_lessons/math_vector3d_api.nano  -o ../bin/math_vector3d_api
2026-10-09T12:49:28.7037783Z Building ../bin/math_vector4d_api...
2026-10-09T12:49:28.7039505Z ../bin/nanoc_c api_lessons/math_vector4d_api.nano  -o ../bin/math_vector4d_api
2026-10-09T12:49:31.0678584Z Building ../bin/nano_highlight_api...
2026-10-09T12:49:31.0679309Z ../bin/nanoc_c api_lessons/nano_highlight_api.nano  -o ../bin/nano_highlight_api
2026-10-09T12:49:33.5838013Z Building ../bin/peg2_api...
2026-10-09T12:49:33.5838620Z ../bin/nanoc_c api_lessons/peg2_api.nano  -o ../bin/peg2_api
2026-10-09T12:49:35.9005205Z Building ../bin/peg_api...
2026-10-09T12:49:35.9005851Z ../bin/nanoc_c api_lessons/peg_api.nano  -o ../bin/peg_api
2026-10-09T12:49:38.1263454Z Building ../bin/process_api...
2026-10-09T12:49:38.1264011Z ../bin/nanoc_c api_lessons/process_api.nano  -o ../bin/process_api
2026-10-09T12:49:40.8461495Z Building ../bin/proptest_api...
2026-10-09T12:49:40.8462229Z ../bin/nanoc_c api_lessons/proptest_api.nano  -o ../bin/proptest_api
2026-10-09T12:49:43.0311100Z Building ../bin/result_api...
2026-10-09T12:49:43.0312151Z ../bin/nanoc_c api_lessons/result_api.nano  -o ../bin/result_api
2026-10-09T12:49:45.2408430Z Building ../bin/std_lib_api...
2026-10-09T12:49:45.2409564Z ../bin/nanoc_c api_lessons/std_lib_api.nano  -o ../bin/std_lib_api
2026-10-09T12:49:48.4068528Z Building ../bin/stdio_api...
2026-10-09T12:49:48.4069205Z ../bin/nanoc_c api_lessons/stdio_api.nano  -o ../bin/stdio_api
2026-10-09T12:49:50.9731726Z Building ../bin/stringbuilder_api...
2026-10-09T12:49:50.9732693Z ../bin/nanoc_c api_lessons/stringbuilder_api.nano  -o ../bin/stringbuilder_api
2026-10-09T12:49:53.1940219Z Building ../bin/tidy_api...
2026-10-09T12:49:53.1940826Z ../bin/nanoc_c api_lessons/tidy_api.nano  -o ../bin/tidy_api
2026-10-09T12:49:55.2385216Z Building ../bin/vector2d_api...
2026-10-09T12:49:55.2386118Z ../bin/nanoc_c api_lessons/vector2d_api.nano  -o ../bin/vector2d_api
2026-10-09T12:49:57.3089226Z Building ../bin/websocket_api...
2026-10-09T12:49:57.3089894Z ../bin/nanoc_c api_lessons/websocket_api.nano  -o ../bin/websocket_api
2026-10-09T12:49:59.6106620Z Building ../bin/break_the_proof...
2026-10-09T12:49:59.6107547Z ../bin/nanoc_c verified/break_the_proof.nano  -o ../bin/break_the_proof
2026-10-09T12:50:01.4185982Z Building ../bin/checksum_validator...
2026-10-09T12:50:01.4186747Z ../bin/nanoc_c verified/checksum_validator.nano  -o ../bin/checksum_validator
2026-10-09T12:50:03.2231062Z Building ../bin/financial_order_validator...
2026-10-09T12:50:03.2231977Z ../bin/nanoc_c verified/financial_order_validator.nano  -o ../bin/financial_order_validator
2026-10-09T12:50:05.0553455Z Building ../bin/medical_dosage...
2026-10-09T12:50:05.0554420Z ../bin/nanoc_c verified/medical_dosage.nano  -o ../bin/medical_dosage
2026-10-09T12:50:06.8732249Z Building ../bin/pid_controller...
2026-10-09T12:50:06.8733221Z ../bin/nanoc_c verified/pid_controller.nano  -o ../bin/pid_controller
2026-10-09T12:50:08.6861339Z Building ../bin/proof_trace...
2026-10-09T12:50:08.6862071Z ../bin/nanoc_c verified/proof_trace.nano  -o ../bin/proof_trace
2026-10-09T12:50:10.4878110Z Building ../bin/sensor_voting...
2026-10-09T12:50:10.4878929Z ../bin/nanoc_c verified/sensor_voting.nano  -o ../bin/sensor_voting
2026-10-09T12:50:12.3396480Z Building ../bin/state_machine...
2026-10-09T12:50:12.3397467Z ../bin/nanoc_c verified/state_machine.nano  -o ../bin/state_machine
2026-10-09T12:50:14.1439931Z Building ../bin/verified_vs_unverified...
2026-10-09T12:50:14.1440830Z ../bin/nanoc_c verified/verified_vs_unverified.nano  -o ../bin/verified_vs_unverified
2026-10-09T12:50:15.9691785Z Building ../bin/coverage_demo...
2026-10-09T12:50:15.9692692Z ../bin/nanoc_c debug/coverage_demo.nano  -o ../bin/coverage_demo
2026-10-09T12:50:18.0528593Z Building ../bin/logging_demo...
2026-10-09T12:50:18.0529858Z ../bin/nanoc_c debug/logging_demo.nano  -o ../bin/logging_demo
2026-10-09T12:50:20.1597627Z Building ../bin/property_test_math...
2026-10-09T12:50:20.1598183Z ../bin/nanoc_c debug/property_test_math.nano  -o ../bin/property_test_math
2026-10-09T12:50:22.4347932Z Building ../bin/property_test_sorting...
2026-10-09T12:50:22.4348633Z ../bin/nanoc_c debug/property_test_sorting.nano  -o ../bin/property_test_sorting
2026-10-09T12:50:24.9274945Z Building ../bin/http_hello_world...
2026-10-09T12:50:24.9275761Z ../bin/nanoc_c network/http_hello_world.nano  -o ../bin/http_hello_world
2026-10-09T12:50:24.9927219Z /home/runner/work/nanolang/nanolang/modules/http_server/http_server.c: In function ‘serve_static_file’:
2026-10-09T12:50:24.9929484Z /home/runner/work/nanolang/nanolang/modules/http_server/http_server.c:274:50: warning: ‘index.html’ directive output may be truncated writing 10 bytes into a region of size between 1 and 1024 [-Wformat-truncation=]
2026-10-09T12:50:24.9931221Z   274 |         snprintf(with_index, sizeof(with_index), "%sindex.html", req->path);
2026-10-09T12:50:24.9931939Z       |                                                  ^~~~~~~~~~~~~~
2026-10-09T12:50:24.9933415Z /home/runner/work/nanolang/nanolang/modules/http_server/http_server.c:274:9: note: ‘snprintf’ output between 11 and 1034 bytes into a destination of size 1024
2026-10-09T12:50:24.9934674Z   274 |         snprintf(with_index, sizeof(with_index), "%sindex.html", req->path);
2026-10-09T12:50:24.9935190Z       |         ^~~~~~~~~~~~~~~~~~~~~~~~~~~~~~~~~~~~~~~~~~~~~~~~~~~~~~~~~~~~~~~~~~~
2026-10-09T12:50:25.0481149Z /home/runner/work/nanolang/nanolang/modules/http_server/http_server.c: In function ‘serve_static_file’:
2026-10-09T12:50:25.0482802Z /home/runner/work/nanolang/nanolang/modules/http_server/http_server.c:274:50: warning: ‘index.html’ directive output may be truncated writing 10 bytes into a region of size between 1 and 1024 [-Wformat-truncation=]
2026-10-09T12:50:25.0484257Z   274 |         snprintf(with_index, sizeof(with_index), "%sindex.html", req->path);
2026-10-09T12:50:25.0484723Z       |                                                  ^~~~~~~~~~~~~~
2026-10-09T12:50:25.0485642Z /home/runner/work/nanolang/nanolang/modules/http_server/http_server.c:274:9: note: ‘snprintf’ output between 11 and 1034 bytes into a destination of size 1024
2026-10-09T12:50:25.0486513Z   274 |         snprintf(with_index, sizeof(with_index), "%sindex.html", req->path);
2026-10-09T12:50:25.0487005Z       |         ^~~~~~~~~~~~~~~~~~~~~~~~~~~~~~~~~~~~~~~~~~~~~~~~~~~~~~~~~~~~~~~~~~~
2026-10-09T12:50:25.1636781Z /home/runner/work/nanolang/nanolang/modules/http_server/http_server.c: In function ‘serve_static_file’:
2026-10-09T12:50:25.1638331Z /home/runner/work/nanolang/nanolang/modules/http_server/http_server.c:274:50: warning: ‘index.html’ directive output may be truncated writing 10 bytes into a region of size between 1 and 1024 [-Wformat-truncation=]
2026-10-09T12:50:25.1639488Z   274 |         snprintf(with_index, sizeof(with_index), "%sindex.html", req->path);
2026-10-09T12:50:25.1639950Z       |                                                  ^~~~~~~~~~~~~~
2026-10-09T12:50:25.1640845Z /home/runner/work/nanolang/nanolang/modules/http_server/http_server.c:274:9: note: ‘snprintf’ output between 11 and 1034 bytes into a destination of size 1024
2026-10-09T12:50:25.1641706Z   274 |         snprintf(with_index, sizeof(with_index), "%sindex.html", req->path);
2026-10-09T12:50:25.1642197Z       |         ^~~~~~~~~~~~~~~~~~~~~~~~~~~~~~~~~~~~~~~~~~~~~~~~~~~~~~~~~~~~~~~~~~~
2026-10-09T12:50:25.2200829Z /home/runner/work/nanolang/nanolang/modules/http_server/http_server.c: In function ‘serve_static_file’:
2026-10-09T12:50:25.2202794Z /home/runner/work/nanolang/nanolang/modules/http_server/http_server.c:274:50: warning: ‘index.html’ directive output may be truncated writing 10 bytes into a region of size between 1 and 1024 [-Wformat-truncation=]
2026-10-09T12:50:25.2204296Z   274 |         snprintf(with_index, sizeof(with_index), "%sindex.html", req->path);
2026-10-09T12:50:25.2204843Z       |                                                  ^~~~~~~~~~~~~~
2026-10-09T12:50:25.2205904Z /home/runner/work/nanolang/nanolang/modules/http_server/http_server.c:274:9: note: ‘snprintf’ output between 11 and 1034 bytes into a destination of size 1024
2026-10-09T12:50:25.2206934Z   274 |         snprintf(with_index, sizeof(with_index), "%sindex.html", req->path);
2026-10-09T12:50:25.2207534Z       |         ^~~~~~~~~~~~~~~~~~~~~~~~~~~~~~~~~~~~~~~~~~~~~~~~~~~~~~~~~~~~~~~~~~~
2026-10-09T12:50:27.3517688Z Building ../bin/http_static_server...
2026-10-09T12:50:27.3518504Z ../bin/nanoc_c network/http_static_server.nano  -o ../bin/http_static_server
2026-10-09T12:50:27.4144407Z /home/runner/work/nanolang/nanolang/modules/http_server/http_server.c: In function ‘serve_static_file’:
2026-10-09T12:50:27.4145938Z /home/runner/work/nanolang/nanolang/modules/http_server/http_server.c:274:50: warning: ‘index.html’ directive output may be truncated writing 10 bytes into a region of size between 1 and 1024 [-Wformat-truncation=]
2026-10-09T12:50:27.4147056Z   274 |         snprintf(with_index, sizeof(with_index), "%sindex.html", req->path);
2026-10-09T12:50:27.4147520Z       |                                                  ^~~~~~~~~~~~~~
2026-10-09T12:50:27.4148417Z /home/runner/work/nanolang/nanolang/modules/http_server/http_server.c:274:9: note: ‘snprintf’ output between 11 and 1034 bytes into a destination of size 1024
2026-10-09T12:50:27.4149618Z   274 |         snprintf(with_index, sizeof(with_index), "%sindex.html", req->path);
2026-10-09T12:50:27.4150118Z       |         ^~~~~~~~~~~~~~~~~~~~~~~~~~~~~~~~~~~~~~~~~~~~~~~~~~~~~~~~~~~~~~~~~~~
2026-10-09T12:50:27.4693162Z /home/runner/work/nanolang/nanolang/modules/http_server/http_server.c: In function ‘serve_static_file’:
2026-10-09T12:50:27.4695361Z /home/runner/work/nanolang/nanolang/modules/http_server/http_server.c:274:50: warning: ‘index.html’ directive output may be truncated writing 10 bytes into a region of size between 1 and 1024 [-Wformat-truncation=]
2026-10-09T12:50:27.4696878Z   274 |         snprintf(with_index, sizeof(with_index), "%sindex.html", req->path);
2026-10-09T12:50:27.4697604Z       |                                                  ^~~~~~~~~~~~~~
2026-10-09T12:50:27.4698899Z /home/runner/work/nanolang/nanolang/modules/http_server/http_server.c:274:9: note: ‘snprintf’ output between 11 and 1034 bytes into a destination of size 1024
2026-10-09T12:50:27.4700414Z   274 |         snprintf(with_index, sizeof(with_index), "%sindex.html", req->path);
2026-10-09T12:50:27.4701320Z       |         ^~~~~~~~~~~~~~~~~~~~~~~~~~~~~~~~~~~~~~~~~~~~~~~~~~~~~~~~~~~~~~~~~~~
2026-10-09T12:50:29.5952065Z Building ../bin/bullet_beads_simple...
2026-10-09T12:50:29.5953237Z ../bin/nanoc_c physics/bullet_beads_simple.nano  -o ../bin/bullet_beads_simple
2026-10-09T12:50:33.0580273Z Building ../bin/bullet_beads_visual...
2026-10-09T12:50:33.0581093Z ../bin/nanoc_c physics/bullet_beads_visual.nano  -o ../bin/bullet_beads_visual
2026-10-09T12:50:36.3379001Z Building ../bin/bullet_bouncy_balls...
2026-10-09T12:50:36.3380785Z ../bin/nanoc_c physics/bullet_bouncy_balls.nano  -o ../bin/bullet_bouncy_balls
2026-10-09T12:50:41.1628767Z Building ../bin/bullet_rigid_megastacks...
2026-10-09T12:50:41.1629684Z ../bin/nanoc_c physics/bullet_rigid_megastacks.nano  -o ../bin/bullet_rigid_megastacks
2026-10-09T12:50:45.4833983Z Building ../bin/bullet_soft_body_modern...
2026-10-09T12:50:45.4834909Z ../bin/nanoc_c physics/bullet_soft_body_modern.nano  -o ../bin/bullet_soft_body_modern
2026-10-09T12:50:49.4497333Z Building ../bin/bullet_softbody_hourglass...
2026-10-09T12:50:49.4498111Z ../bin/nanoc_c physics/bullet_softbody_hourglass.nano  -o ../bin/bullet_softbody_hourglass
2026-10-09T12:50:53.3541201Z Building ../bin/playground_server...
2026-10-09T12:50:53.3542055Z ../bin/nanoc_c playground/playground_server.nano  -o ../bin/playground_server
2026-10-09T12:50:53.4174458Z /home/runner/work/nanolang/nanolang/modules/http_server/http_server.c: In function ‘serve_static_file’:
2026-10-09T12:50:53.4176804Z /home/runner/work/nanolang/nanolang/modules/http_server/http_server.c:274:50: warning: ‘index.html’ directive output may be truncated writing 10 bytes into a region of size between 1 and 1024 [-Wformat-truncation=]
2026-10-09T12:50:53.4178521Z   274 |         snprintf(with_index, sizeof(with_index), "%sindex.html", req->path);
2026-10-09T12:50:53.4179324Z       |                                                  ^~~~~~~~~~~~~~
2026-10-09T12:50:53.4180837Z /home/runner/work/nanolang/nanolang/modules/http_server/http_server.c:274:9: note: ‘snprintf’ output between 11 and 1034 bytes into a destination of size 1024
2026-10-09T12:50:53.4182260Z   274 |         snprintf(with_index, sizeof(with_index), "%sindex.html", req->path);
2026-10-09T12:50:53.4183342Z       |         ^~~~~~~~~~~~~~~~~~~~~~~~~~~~~~~~~~~~~~~~~~~~~~~~~~~~~~~~~~~~~~~~~~~
2026-10-09T12:50:53.4731146Z /home/runner/work/nanolang/nanolang/modules/http_server/http_server.c: In function ‘serve_static_file’:
2026-10-09T12:50:53.4732912Z /home/runner/work/nanolang/nanolang/modules/http_server/http_server.c:274:50: warning: ‘index.html’ directive output may be truncated writing 10 bytes into a region of size between 1 and 1024 [-Wformat-truncation=]
2026-10-09T12:50:53.4734020Z   274 |         snprintf(with_index, sizeof(with_index), "%sindex.html", req->path);
2026-10-09T12:50:53.4734825Z       |                                                  ^~~~~~~~~~~~~~
2026-10-09T12:50:53.4735770Z /home/runner/work/nanolang/nanolang/modules/http_server/http_server.c:274:9: note: ‘snprintf’ output between 11 and 1034 bytes into a destination of size 1024
2026-10-09T12:50:53.4736643Z   274 |         snprintf(with_index, sizeof(with_index), "%sindex.html", req->path);
2026-10-09T12:50:53.4737123Z       |         ^~~~~~~~~~~~~~~~~~~~~~~~~~~~~~~~~~~~~~~~~~~~~~~~~~~~~~~~~~~~~~~~~~~
2026-10-09T12:50:55.9904921Z Linking ../bin/playground...
2026-10-09T12:50:55.9905400Z cp ../bin/playground_server ../bin/playground
2026-10-09T12:50:55.9955946Z Building ../bin/agentos_ipc_schema...
2026-10-09T12:50:55.9956892Z ../bin/nanoc_c agentos_ipc_schema.nano  -o ../bin/agentos_ipc_schema
2026-10-09T12:50:57.7856253Z Building ../bin/ai_github_agent...
2026-10-09T12:50:57.7857178Z ../bin/nanoc_c ai_github_agent.nano  -o ../bin/ai_github_agent
2026-10-09T12:50:59.5603117Z Building ../bin/nano_tools_lint...
2026-10-09T12:50:59.5603784Z ../bin/nanoc_c nano_tools_lint.nano  -o ../bin/nano_tools_lint
2026-10-09T12:51:11.3320071Z Building ../bin/row_poly_records...
2026-10-09T12:51:11.3320725Z ../bin/nanoc_c row_poly_records.nano  -o ../bin/row_poly_records
2026-10-09T12:51:13.1166469Z Building ../bin/run_examples...
2026-10-09T12:51:13.1167144Z ../bin/nanoc_c run_examples.nano  -o ../bin/run_examples
2026-10-09T12:51:17.1092250Z Building ../bin/sdl_example_launcher...
2026-10-09T12:51:17.1093579Z ../bin/nanoc_c sdl_example_launcher.nano  -o ../bin/sdl_example_launcher
2026-10-09T12:51:17.1186946Z I cannot bind a conflicting public global import.
2026-10-09T12:51:17.1187539Z Module loading failed
2026-10-09T12:51:17.1198647Z make[1]: *** [Makefile:824: ../bin/sdl_example_launcher] Error 1
2026-10-09T12:51:17.1199405Z make[1]: Leaving directory '/home/runner/work/nanolang/nanolang/examples'
2026-10-09T12:51:17.1202853Z make: *** [Makefile.gnu:3340: examples-core] Error 2
2026-10-09T12:51:17.1223374Z ##[error]Process completed with exit code 2.
2026-10-09T12:51:17.1357809Z Post job cleanup.
2026-10-09T12:51:17.2273301Z [command]/usr/bin/git version
2026-10-09T12:51:17.2323361Z git version 2.55.0
2026-10-09T12:51:17.2359266Z Temporarily overriding HOME='/home/runner/work/_temp/85ca9bb8-d893-41e3-b8cb-0574eb2cd7c0' before making global git config changes
2026-10-09T12:51:17.2360794Z Adding repository directory to the temporary git global config as a safe directory
2026-10-09T12:51:17.2366480Z [command]/usr/bin/git config --global --add safe.directory /home/runner/work/nanolang/nanolang
2026-10-09T12:51:17.2409672Z [command]/usr/bin/git config --local --name-only --get-regexp core\.sshCommand
2026-10-09T12:51:17.2446115Z [command]/usr/bin/git submodule foreach --recursive sh -c "git config --local --name-only --get-regexp 'core\.sshCommand' && git config --local --unset-all 'core.sshCommand' || :"
2026-10-09T12:51:17.2841891Z [command]/usr/bin/git config --local --name-only --get-regexp http\.https\:\/\/github\.com\/\.extraheader
2026-10-09T12:51:17.2861078Z http.https://github.com/.extraheader
2026-10-09T12:51:17.2863551Z [command]/usr/bin/git config --local --unset-all http.https://github.com/.extraheader
2026-10-09T12:51:17.2925655Z [command]/usr/bin/git submodule foreach --recursive sh -c "git config --local --name-only --get-regexp 'http\.https\:\/\/github\.com\/\.extraheader' && git config --local --unset-all 'http.https://github.com/.extraheader' || :"
2026-10-09T12:51:17.3346098Z [command]/usr/bin/git config --local --name-only --get-regexp ^includeIf\.gitdir:
2026-10-09T12:51:17.3394427Z [command]/usr/bin/git submodule foreach --recursive git config --local --show-origin --name-only --get-regexp remote.origin.url
2026-10-09T12:51:17.3873897Z Cleaning up orphan processes
2026-10-09T12:51:17.4298839Z ##[warning]Node.js 20 is deprecated. The following actions target Node.js 20 but are being forced to run on Node.js 24: actions/checkout@v4. For more information see: https://github.blog/changelog/2025-09-19-deprecation-of-node-20-on-github-actions-runners/
