2026-10-09T09:42:45.2339926Z Current runner version: '2.337.0'
2026-10-09T09:42:45.2364191Z ##[group]Runner Image Provisioner
2026-10-09T09:42:45.2365167Z Hosted Compute Agent
2026-10-09T09:42:45.2365792Z Version: 20261002.596
2026-10-09T09:42:45.2366514Z Commit: c3d12f3313a95f25162a1503be624f3b0617f8c0
2026-10-09T09:42:45.2367247Z Build Date: 2026-10-02T22:28:27Z
2026-10-09T09:42:45.2367924Z Worker ID: {0c3a2b7b-0c9a-412c-88bd-999d5ae5bb8d}
2026-10-09T09:42:45.2368704Z Region: westus3
2026-10-09T09:42:45.2369251Z Cloud: Azure
2026-10-09T09:42:45.2369813Z ##[endgroup]
2026-10-09T09:42:45.2371641Z ##[group]Operating System
2026-10-09T09:42:45.2372293Z Ubuntu
2026-10-09T09:42:45.2372901Z 24.04.5
2026-10-09T09:42:45.2373455Z LTS
2026-10-09T09:42:45.2374032Z ##[endgroup]
2026-10-09T09:42:45.2374608Z ##[group]Runner Image
2026-10-09T09:42:45.2375214Z Image: ubuntu-24.04
2026-10-09T09:42:45.2375821Z Version: 20261004.327.1
2026-10-09T09:42:45.2377095Z Included Software: https://github.com/actions/runner-images/blob/ubuntu24/20261004.327/images/ubuntu/Ubuntu2404-Readme.md
2026-10-09T09:42:45.2378768Z Image Release: https://github.com/actions/runner-images/releases/tag/ubuntu24%2F20261004.327
2026-10-09T09:42:45.2379729Z ##[endgroup]
2026-10-09T09:42:45.2381553Z ##[group]GITHUB_TOKEN Permissions
2026-10-09T09:42:45.2383528Z Contents: read
2026-10-09T09:42:45.2384255Z Metadata: read
2026-10-09T09:42:45.2384841Z PullRequests: write
2026-10-09T09:42:45.2385397Z ##[endgroup]
2026-10-09T09:42:45.2387519Z Secret source: Actions
2026-10-09T09:42:45.2388480Z Cache mode: write
2026-10-09T09:42:45.2389255Z Prepare workflow directory
2026-10-09T09:42:45.2798090Z Prepare all required actions
2026-10-09T09:42:45.2846666Z Getting action download info
2026-10-09T09:42:45.6028998Z Download action repository 'actions/checkout@v4' (SHA:11d5960a326750d5838078e36cf38b85af677262)
2026-10-09T09:42:45.7100334Z Download action repository 'actions/upload-artifact@v4' (SHA:ea165f8d65b6e75b540449e92b4886f43607fa02)
2026-10-09T09:42:45.8209451Z Download action repository 'actions/github-script@v7' (SHA:f28e40c7f34bde8b3046d885e986cb6290c5673b)
2026-10-09T09:42:46.4877126Z Complete job name: Code Coverage
2026-10-09T09:42:46.5707464Z ##[group]Run actions/checkout@v4
2026-10-09T09:42:46.5708366Z with:
2026-10-09T09:42:46.5708818Z   repository: jordanhubbard/nanolang
2026-10-09T09:42:46.5712659Z   token: ***
2026-10-09T09:42:46.5713094Z   ssh-strict: true
2026-10-09T09:42:46.5713533Z   ssh-user: git
2026-10-09T09:42:46.5713975Z   persist-credentials: true
2026-10-09T09:42:46.5714455Z   clean: true
2026-10-09T09:42:46.5714904Z   sparse-checkout-cone-mode: true
2026-10-09T09:42:46.5715420Z   fetch-depth: 1
2026-10-09T09:42:46.5715839Z   fetch-tags: false
2026-10-09T09:42:46.5716285Z   show-progress: true
2026-10-09T09:42:46.5716774Z   lfs: false
2026-10-09T09:42:46.5717185Z   submodules: false
2026-10-09T09:42:46.5717633Z   set-safe-directory: true
2026-10-09T09:42:46.5718143Z   allow-unsafe-pr-checkout: false
2026-10-09T09:42:46.5718920Z env:
2026-10-09T09:42:46.5719454Z   NANO_VERIFY_CORPUS_LOG_ROOT: .test_output/verifier-corpus
2026-10-09T09:42:46.5720154Z   NANO_SHADOW_TIMEOUT_SECONDS: 60
2026-10-09T09:42:46.5720847Z ##[endgroup]
2026-10-09T09:42:46.6746111Z Syncing repository: jordanhubbard/nanolang
2026-10-09T09:42:46.6748816Z ##[group]Getting Git version info
2026-10-09T09:42:46.6750015Z Working directory is '/home/runner/work/nanolang/nanolang'
2026-10-09T09:42:46.6752082Z [command]/usr/bin/git version
2026-10-09T09:42:46.6861327Z git version 2.55.0
2026-10-09T09:42:46.6892977Z ##[endgroup]
2026-10-09T09:42:46.6986873Z Temporarily overriding HOME='/home/runner/work/_temp/6aff3ffb-2984-48b1-a84d-6a836c8db233' before making global git config changes
2026-10-09T09:42:46.6988255Z Adding repository directory to the temporary git global config as a safe directory
2026-10-09T09:42:46.6989364Z [command]/usr/bin/git config --global --add safe.directory /home/runner/work/nanolang/nanolang
2026-10-09T09:42:46.6992079Z Deleting the contents of '/home/runner/work/nanolang/nanolang'
2026-10-09T09:42:46.6993823Z ##[group]Initializing the repository
2026-10-09T09:42:46.7008035Z [command]/usr/bin/git init /home/runner/work/nanolang/nanolang
2026-10-09T09:42:46.7119892Z hint: Using 'master' as the name for the initial branch. This default branch name
2026-10-09T09:42:46.7122170Z hint: will change to "main" in Git 3.0. To configure the initial branch name
2026-10-09T09:42:46.7123467Z hint: to use in all of your new repositories, which will suppress this warning,
2026-10-09T09:42:46.7124553Z hint: call:
2026-10-09T09:42:46.7125059Z hint:
2026-10-09T09:42:46.7126026Z hint: 	git config --global init.defaultBranch <name>
2026-10-09T09:42:46.7127271Z hint:
2026-10-09T09:42:46.7128221Z hint: Names commonly chosen instead of 'master' are 'main', 'trunk' and
2026-10-09T09:42:46.7130041Z hint: 'development'. The just-created branch can be renamed via this command:
2026-10-09T09:42:46.7131291Z hint:
2026-10-09T09:42:46.7131827Z hint: 	git branch -m <name>
2026-10-09T09:42:46.7132597Z hint:
2026-10-09T09:42:46.7133363Z hint: Disable this message with "git config set advice.defaultBranchName false"
2026-10-09T09:42:46.7135105Z Initialized empty Git repository in /home/runner/work/nanolang/nanolang/.git/
2026-10-09T09:42:46.7138237Z [command]/usr/bin/git remote add origin https://github.com/jordanhubbard/nanolang
2026-10-09T09:42:46.7191154Z ##[endgroup]
2026-10-09T09:42:46.7192319Z ##[group]Disabling automatic garbage collection
2026-10-09T09:42:46.7195168Z [command]/usr/bin/git config --local gc.auto 0
2026-10-09T09:42:46.7230374Z ##[endgroup]
2026-10-09T09:42:46.7231776Z ##[group]Setting up auth
2026-10-09T09:42:46.7238416Z [command]/usr/bin/git config --local --name-only --get-regexp core\.sshCommand
2026-10-09T09:42:46.7273185Z [command]/usr/bin/git submodule foreach --recursive sh -c "git config --local --name-only --get-regexp 'core\.sshCommand' && git config --local --unset-all 'core.sshCommand' || :"
2026-10-09T09:42:46.7673556Z [command]/usr/bin/git config --local --name-only --get-regexp http\.https\:\/\/github\.com\/\.extraheader
2026-10-09T09:42:46.7717107Z [command]/usr/bin/git submodule foreach --recursive sh -c "git config --local --name-only --get-regexp 'http\.https\:\/\/github\.com\/\.extraheader' && git config --local --unset-all 'http.https://github.com/.extraheader' || :"
2026-10-09T09:42:46.7955241Z [command]/usr/bin/git config --local --name-only --get-regexp ^includeIf\.gitdir:
2026-10-09T09:42:46.7994523Z [command]/usr/bin/git submodule foreach --recursive git config --local --show-origin --name-only --get-regexp remote.origin.url
2026-10-09T09:42:46.8218904Z [command]/usr/bin/git config --local http.https://github.com/.extraheader AUTHORIZATION: basic ***
2026-10-09T09:42:46.8260325Z ##[endgroup]
2026-10-09T09:42:46.8262171Z ##[group]Fetching the repository
2026-10-09T09:42:46.8271340Z [command]/usr/bin/git -c protocol.version=2 fetch --no-tags --prune --no-recurse-submodules --depth=1 origin +92b40253c07f687bc5e032874802991c689b9f88:refs/remotes/pull/974/merge
2026-10-09T09:42:53.1477014Z From https://github.com/jordanhubbard/nanolang
2026-10-09T09:42:53.1478976Z  * [new ref]           92b40253c07f687bc5e032874802991c689b9f88 -> pull/974/merge
2026-10-09T09:42:53.1489767Z ##[endgroup]
2026-10-09T09:42:53.1492247Z ##[group]Determining the checkout info
2026-10-09T09:42:53.1500907Z ##[endgroup]
2026-10-09T09:42:53.1501812Z [command]/usr/bin/git sparse-checkout disable
2026-10-09T09:42:53.1559039Z [command]/usr/bin/git config --local --unset-all extensions.worktreeConfig
2026-10-09T09:42:53.1592450Z ##[group]Checking out the ref
2026-10-09T09:42:53.1597160Z [command]/usr/bin/git checkout --progress --force refs/remotes/pull/974/merge
2026-10-09T09:42:54.2622165Z Updating files:   6% (5123/77106)
2026-10-09T09:42:54.3860943Z Updating files:   7% (5398/77106)
2026-10-09T09:42:54.4461577Z Updating files:   8% (6169/77106)
2026-10-09T09:42:54.5033075Z Updating files:   9% (6940/77106)
2026-10-09T09:42:54.5705145Z Updating files:  10% (7711/77106)
2026-10-09T09:42:54.8839841Z Updating files:  11% (8482/77106)
2026-10-09T09:42:55.1507132Z Updating files:  12% (9253/77106)
2026-10-09T09:42:55.2202993Z Updating files:  13% (10024/77106)
2026-10-09T09:42:55.7897934Z Updating files:  13% (10199/77106)
2026-10-09T09:42:56.2220253Z Updating files:  14% (10795/77106)
2026-10-09T09:42:56.3526770Z Updating files:  14% (11182/77106)
2026-10-09T09:42:57.2216684Z Updating files:  15% (11566/77106)
2026-10-09T09:42:57.3671299Z Updating files:  15% (12194/77106)
2026-10-09T09:42:57.8258646Z Updating files:  16% (12337/77106)
2026-10-09T09:42:57.8682502Z Updating files:  17% (13109/77106)
2026-10-09T09:42:58.2170243Z Updating files:  18% (13880/77106)
2026-10-09T09:42:58.2705651Z Updating files:  18% (14538/77106)
2026-10-09T09:42:58.6933234Z Updating files:  19% (14651/77106)
2026-10-09T09:42:58.8530370Z Updating files:  20% (15422/77106)
2026-10-09T09:42:58.9163307Z Updating files:  21% (16193/77106)
2026-10-09T09:42:58.9497599Z Updating files:  22% (16964/77106)
2026-10-09T09:42:59.0395953Z Updating files:  23% (17735/77106)
2026-10-09T09:42:59.0808982Z Updating files:  24% (18506/77106)
2026-10-09T09:42:59.3132614Z Updating files:  25% (19277/77106)
2026-10-09T09:42:59.3290138Z Updating files:  25% (19648/77106)
2026-10-09T09:42:59.3733271Z Updating files:  26% (20048/77106)
2026-10-09T09:42:59.4169718Z Updating files:  27% (20819/77106)
2026-10-09T09:42:59.4500959Z Updating files:  28% (21590/77106)
2026-10-09T09:42:59.5056177Z Updating files:  29% (22361/77106)
2026-10-09T09:42:59.5553360Z Updating files:  30% (23132/77106)
2026-10-09T09:42:59.5887150Z Updating files:  31% (23903/77106)
2026-10-09T09:42:59.6337931Z Updating files:  32% (24674/77106)
2026-10-09T09:42:59.7047873Z Updating files:  33% (25445/77106)
2026-10-09T09:42:59.7538343Z Updating files:  34% (26217/77106)
2026-10-09T09:42:59.7919652Z Updating files:  35% (26988/77106)
2026-10-09T09:42:59.8286963Z Updating files:  36% (27759/77106)
2026-10-09T09:42:59.8660229Z Updating files:  37% (28530/77106)
2026-10-09T09:42:59.9014493Z Updating files:  38% (29301/77106)
2026-10-09T09:42:59.9443899Z Updating files:  39% (30072/77106)
2026-10-09T09:42:59.9802626Z Updating files:  40% (30843/77106)
2026-10-09T09:43:00.0195217Z Updating files:  41% (31614/77106)
2026-10-09T09:43:00.0736732Z Updating files:  42% (32385/77106)
2026-10-09T09:43:00.1094747Z Updating files:  43% (33156/77106)
2026-10-09T09:43:00.1467918Z Updating files:  44% (33927/77106)
2026-10-09T09:43:00.1840390Z Updating files:  45% (34698/77106)
2026-10-09T09:43:00.2176690Z Updating files:  46% (35469/77106)
2026-10-09T09:43:00.2256543Z Updating files:  46% (36150/77106)
2026-10-09T09:43:00.2605258Z Updating files:  47% (36240/77106)
2026-10-09T09:43:00.2930179Z Updating files:  48% (37011/77106)
2026-10-09T09:43:00.3336740Z Updating files:  49% (37782/77106)
2026-10-09T09:43:00.4261602Z Updating files:  50% (38553/77106)
2026-10-09T09:43:00.4922001Z Updating files:  51% (39325/77106)
2026-10-09T09:43:00.6546731Z Updating files:  52% (40096/77106)
2026-10-09T09:43:00.7378524Z Updating files:  53% (40867/77106)
2026-10-09T09:43:00.7915826Z Updating files:  54% (41638/77106)
2026-10-09T09:43:00.9350428Z Updating files:  55% (42409/77106)
2026-10-09T09:43:00.9722000Z Updating files:  56% (43180/77106)
2026-10-09T09:43:01.0370095Z Updating files:  57% (43951/77106)
2026-10-09T09:43:01.1082687Z Updating files:  58% (44722/77106)
2026-10-09T09:43:01.1388562Z Updating files:  59% (45493/77106)
2026-10-09T09:43:01.1863674Z Updating files:  60% (46264/77106)
2026-10-09T09:43:01.2249623Z Updating files:  61% (47035/77106)
2026-10-09T09:43:01.6851930Z Updating files:  61% (47047/77106)
2026-10-09T09:43:01.7748035Z Updating files:  62% (47806/77106)
2026-10-09T09:43:01.8866568Z Updating files:  63% (48577/77106)
2026-10-09T09:43:01.9118271Z Updating files:  64% (49348/77106)
2026-10-09T09:43:01.9371604Z Updating files:  65% (50119/77106)
2026-10-09T09:43:01.9623020Z Updating files:  66% (50890/77106)
2026-10-09T09:43:01.9869577Z Updating files:  67% (51662/77106)
2026-10-09T09:43:02.2177140Z Updating files:  68% (52433/77106)
2026-10-09T09:43:02.4105041Z Updating files:  68% (53133/77106)
2026-10-09T09:43:03.2184097Z Updating files:  69% (53204/77106)
2026-10-09T09:43:03.2732315Z Updating files:  69% (53930/77106)
2026-10-09T09:43:04.1282460Z Updating files:  70% (53975/77106)
2026-10-09T09:43:04.2167019Z Updating files:  71% (54746/77106)
2026-10-09T09:43:04.2310262Z Updating files:  71% (55407/77106)
2026-10-09T09:43:04.3738841Z Updating files:  72% (55517/77106)
2026-10-09T09:43:04.5420099Z Updating files:  73% (56288/77106)
2026-10-09T09:43:04.7120591Z Updating files:  74% (57059/77106)
2026-10-09T09:43:04.8765813Z Updating files:  75% (57830/77106)
2026-10-09T09:43:05.0728176Z Updating files:  76% (58601/77106)
2026-10-09T09:43:05.2244838Z Updating files:  77% (59372/77106)
2026-10-09T09:43:05.2368902Z Updating files:  77% (60040/77106)
2026-10-09T09:43:05.4151404Z Updating files:  78% (60143/77106)
2026-10-09T09:43:05.5034943Z Updating files:  79% (60914/77106)
2026-10-09T09:43:05.5334432Z Updating files:  80% (61685/77106)
2026-10-09T09:43:05.5585186Z Updating files:  81% (62456/77106)
2026-10-09T09:43:05.6286503Z Updating files:  82% (63227/77106)
2026-10-09T09:43:05.6525096Z Updating files:  83% (63998/77106)
2026-10-09T09:43:05.6785200Z Updating files:  84% (64770/77106)
2026-10-09T09:43:05.7035610Z Updating files:  85% (65541/77106)
2026-10-09T09:43:05.7281460Z Updating files:  86% (66312/77106)
2026-10-09T09:43:05.7601767Z Updating files:  87% (67083/77106)
2026-10-09T09:43:05.8368928Z Updating files:  88% (67854/77106)
2026-10-09T09:43:06.2248700Z Updating files:  89% (68625/77106)
2026-10-09T09:43:06.3735521Z Updating files:  89% (69285/77106)
2026-10-09T09:43:06.6366788Z Updating files:  90% (69396/77106)
2026-10-09T09:43:06.6922820Z Updating files:  91% (70167/77106)
2026-10-09T09:43:06.9276619Z Updating files:  92% (70938/77106)
2026-10-09T09:43:07.2207488Z Updating files:  93% (71709/77106)
2026-10-09T09:43:07.2936390Z Updating files:  93% (72337/77106)
2026-10-09T09:43:07.5214459Z Updating files:  94% (72480/77106)
2026-10-09T09:43:07.6482798Z Updating files:  95% (73251/77106)
2026-10-09T09:43:07.6925800Z Updating files:  96% (74022/77106)
2026-10-09T09:43:07.7549121Z Updating files:  97% (74793/77106)
2026-10-09T09:43:07.8043411Z Updating files:  98% (75564/77106)
2026-10-09T09:43:07.8551924Z Updating files:  99% (76335/77106)
2026-10-09T09:43:07.8552764Z Updating files: 100% (77106/77106)
2026-10-09T09:43:07.8553247Z Updating files: 100% (77106/77106), done.
2026-10-09T09:43:08.1090038Z Note: switching to 'refs/remotes/pull/974/merge'.
2026-10-09T09:43:08.1090499Z 
2026-10-09T09:43:08.1091109Z You are in 'detached HEAD' state. You can look around, make experimental
2026-10-09T09:43:08.1091900Z changes and commit them, and you can discard any commits you make in this
2026-10-09T09:43:08.1092711Z state without impacting any branches by switching back to a branch.
2026-10-09T09:43:08.1093144Z 
2026-10-09T09:43:08.1093434Z If you want to create a new branch to retain commits you create, you may
2026-10-09T09:43:08.1094340Z do so (now or later) by using -c with the switch command. Example:
2026-10-09T09:43:08.1094780Z 
2026-10-09T09:43:08.1094971Z   git switch -c <new-branch-name>
2026-10-09T09:43:08.1095266Z 
2026-10-09T09:43:08.1095431Z Or undo this operation with:
2026-10-09T09:43:08.1095705Z 
2026-10-09T09:43:08.1095846Z   git switch -
2026-10-09T09:43:08.1096051Z 
2026-10-09T09:43:08.1096408Z Turn off this advice by setting config variable advice.detachedHead to false
2026-10-09T09:43:08.1096946Z 
2026-10-09T09:43:08.1097578Z HEAD is now at 92b40253 Merge 6cc098a0c9f7ae84fabc1e2cbaaf9d88a467e160 into 1bbae0bb051efb1c6b356a98d12be0494b9ff935
2026-10-09T09:43:08.1183629Z ##[endgroup]
2026-10-09T09:43:08.1228522Z [command]/usr/bin/git log -1 --format=%H
2026-10-09T09:43:08.1255738Z 92b40253c07f687bc5e032874802991c689b9f88
2026-10-09T09:43:08.1579891Z ##[group]Run # Already satisfied on some images; skip rather than fight the
2026-10-09T09:43:08.1580515Z # Already satisfied on some images; skip rather than fight the
2026-10-09T09:43:08.1581574Z # environment. Where pip refuses under PEP 668
2026-10-09T09:43:08.1582026Z # (externally-managed-environment, seen on the arm64 runners), retry
2026-10-09T09:43:08.1582561Z # with --break-system-packages: this is a throwaway CI environment,
2026-10-09T09:43:08.1582989Z # not a system Python worth protecting.
2026-10-09T09:43:08.1583333Z python3 -c 'import yaml' 2>/dev/null && exit 0
2026-10-09T09:43:08.1583719Z python3 -m pip install --user --upgrade pyyaml \
2026-10-09T09:43:08.1584165Z   || python3 -m pip install --user --break-system-packages --upgrade pyyaml
2026-10-09T09:43:08.1584594Z python3 -c 'import yaml'
2026-10-09T09:43:09.3046846Z shell: /usr/bin/bash --noprofile --norc -e -o pipefail {0}
2026-10-09T09:43:09.3047487Z env:
2026-10-09T09:43:09.3047936Z   NANO_VERIFY_CORPUS_LOG_ROOT: .test_output/verifier-corpus
2026-10-09T09:43:09.3048535Z   NANO_SHADOW_TIMEOUT_SECONDS: 60
2026-10-09T09:43:09.3048976Z ##[endgroup]
2026-10-09T09:43:09.4123088Z ##[group]Run ./scripts/ci-apt-install.sh \
2026-10-09T09:43:09.4123507Z ./scripts/ci-apt-install.sh \
2026-10-09T09:43:09.4123799Z   build-essential \
2026-10-09T09:43:09.4124043Z   lcov \
2026-10-09T09:43:09.4124242Z   bc \
2026-10-09T09:43:09.4124445Z   pkg-config \
2026-10-09T09:43:09.4124952Z   libssl-dev libffi-dev libsqlite3-dev \
2026-10-09T09:43:09.4125258Z   libsdl2-dev \
2026-10-09T09:43:09.4125493Z   libsdl2-image-dev \
2026-10-09T09:43:09.4125740Z   libsdl2-mixer-dev \
2026-10-09T09:43:09.4126040Z   libsdl2-ttf-dev \
2026-10-09T09:43:09.4126588Z   libutf8proc-dev \
2026-10-09T09:43:09.4127057Z   libncurses-dev libreadline-dev \
2026-10-09T09:43:09.4127615Z   libevent-dev libuv1-dev libbullet-dev \
2026-10-09T09:43:09.4128172Z   libglfw3-dev libglew-dev freeglut3-dev \
2026-10-09T09:43:09.4128641Z   gforth
2026-10-09T09:43:09.4197645Z shell: /usr/bin/bash -e {0}
2026-10-09T09:43:09.4197897Z env:
2026-10-09T09:43:09.4198163Z   NANO_VERIFY_CORPUS_LOG_ROOT: .test_output/verifier-corpus
2026-10-09T09:43:09.4198514Z   NANO_SHADOW_TIMEOUT_SECONDS: 60
2026-10-09T09:43:09.4198763Z ##[endgroup]
2026-10-09T09:43:09.5098305Z apt install attempt 1/3 (timeout 180s): build-essential lcov bc pkg-config libssl-dev libffi-dev libsqlite3-dev libsdl2-dev libsdl2-image-dev libsdl2-mixer-dev libsdl2-ttf-dev libutf8proc-dev libncurses-dev libreadline-dev libevent-dev libuv1-dev libbullet-dev libglfw3-dev libglew-dev freeglut3-dev gforth
2026-10-09T09:43:14.9278074Z Reading package lists...
2026-10-09T09:43:15.1304113Z Building dependency tree...
2026-10-09T09:43:15.1311804Z Reading state information...
2026-10-09T09:43:15.2778277Z bc is already the newest version (1.07.1-3ubuntu4).
2026-10-09T09:43:15.2778930Z bc set to manually installed.
2026-10-09T09:43:15.2779459Z pkg-config is already the newest version (1.8.1-2build1).
2026-10-09T09:43:15.2780205Z libssl-dev is already the newest version (3.0.13-0ubuntu3.16).
2026-10-09T09:43:15.2781431Z libffi-dev is already the newest version (3.4.6-1build1).
2026-10-09T09:43:15.2782085Z libffi-dev set to manually installed.
2026-10-09T09:43:15.2782706Z libsqlite3-dev is already the newest version (3.45.1-1ubuntu2.8).
2026-10-09T09:43:15.2783496Z libncurses-dev is already the newest version (6.4+20240113-1ubuntu2.2).
2026-10-09T09:43:15.2784196Z libncurses-dev set to manually installed.
2026-10-09T09:43:15.2784757Z The following additional packages will be installed:
2026-10-09T09:43:15.2785516Z   bzip2-doc gforth-common gforth-lib gir1.2-freedesktop gir1.2-freedesktop-dev
2026-10-09T09:43:15.2786446Z   gir1.2-glib-2.0-dev gir1.2-harfbuzz-0.0 gir1.2-ibus-1.0 libalgorithm-c3-perl
2026-10-09T09:43:15.2787239Z   libasound2-dev libasyncns0 libb-hooks-endofscope-perl
2026-10-09T09:43:15.2787971Z   libb-hooks-op-check-perl libblkid-dev libbrotli-dev libbullet3.24t64
2026-10-09T09:43:15.2789270Z   libbz2-dev libcapture-tiny-perl libclass-c3-perl libclass-c3-xs-perl
2026-10-09T09:43:15.2790064Z   libclass-data-inheritable-perl libclass-inspector-perl
2026-10-09T09:43:15.2791051Z   libclass-method-modifiers-perl libclass-singleton-perl
2026-10-09T09:43:15.2791837Z   libclass-xsaccessor-perl libdata-optlist-perl libdatetime-locale-perl
2026-10-09T09:43:15.2792762Z   libdatetime-perl libdatetime-timezone-perl libdbus-1-dev libdecor-0-0
2026-10-09T09:43:15.2793510Z   libdecor-0-dev libdecor-0-plugin-1-gtk libdeflate-dev
2026-10-09T09:43:15.2794253Z   libdevel-callchecker-perl libdevel-caller-perl libdevel-lexalias-perl
2026-10-09T09:43:15.2795036Z   libdevel-stacktrace-perl libdrm-dev libdrm-nouveau2 libdrm-radeon1
2026-10-09T09:43:15.2795686Z   libdynaloader-functions-perl libegl-dev libegl-mesa0 libegl1
2026-10-09T09:43:15.2796103Z   libegl1-mesa-dev libeval-closure-perl libevent-2.1-7t64
2026-10-09T09:43:15.2796549Z   libevent-extra-2.1-7t64 libevent-openssl-2.1-7t64 libexception-class-perl
2026-10-09T09:43:15.2797298Z   libfile-sharedir-perl libflac-dev libflac12t64 libfluidsynth-dev
2026-10-09T09:43:15.2797785Z   libfluidsynth3 libfreetype-dev libfreetype6 libgbm-dev libgd-perl
2026-10-09T09:43:15.2798251Z   libgirepository-2.0-0 libgl-dev libgl1-mesa-dev libgles-dev libgles1
2026-10-09T09:43:15.2799225Z   libgles2 libglew2.2 libglfw3 libglib2.0-dev libglib2.0-dev-bin libglu1-mesa
2026-10-09T09:43:15.2799752Z   libglu1-mesa-dev libglut-dev libglut3.12 libglvnd-core-dev libglvnd-dev
2026-10-09T09:43:15.2800212Z   libglx-dev libgraphite2-dev libharfbuzz-cairo0 libharfbuzz-dev
2026-10-09T09:43:15.2800940Z   libharfbuzz-gobject0 libharfbuzz-icu0 libharfbuzz-subset0 libibus-1.0-5
2026-10-09T09:43:15.2801743Z   libibus-1.0-dev libice-dev libinstpatch-1.0-2 libinstpatch-dev libjack-dev
2026-10-09T09:43:15.2802259Z   libjack0 libjbig-dev libjpeg-dev libjpeg-turbo8-dev libjpeg8-dev liblerc-dev
2026-10-09T09:43:15.2802764Z   liblzma-dev libmodplug-dev libmodplug1 libmodule-implementation-perl
2026-10-09T09:43:15.2803417Z   libmodule-runtime-perl libmount-dev libmp3lame0 libmpg123-0t64 libmpg123-dev
2026-10-09T09:43:15.2804300Z   libmro-compat-perl libnamespace-autoclean-perl libnamespace-clean-perl
2026-10-09T09:43:15.2805177Z   libogg-dev libopengl-dev libopengl0 libopus-dev libopus0 libopusfile-dev
2026-10-09T09:43:15.2806049Z   libopusfile0 libout123-0t64 libpackage-stash-perl libpackage-stash-xs-perl
2026-10-09T09:43:15.2806703Z   libpadwalker-perl libparams-classify-perl libparams-util-perl
2026-10-09T09:43:15.2807194Z   libparams-validationcompiler-perl libpciaccess-dev libperlio-gzip-perl
2026-10-09T09:43:15.2807709Z   libpipewire-0.3-0t64 libpipewire-0.3-common libpipewire-0.3-dev libpng-dev
2026-10-09T09:43:15.2808179Z   libpng-tools libpng16-16t64 libpthread-stubs0-dev libpulse-dev
2026-10-09T09:43:15.2809036Z   libpulse-mainloop-glib0 libpulse0 libreadonly-perl libref-util-perl
2026-10-09T09:43:15.2809928Z   libref-util-xs-perl librole-tiny-perl libsamplerate0 libsamplerate0-dev
2026-10-09T09:43:15.2810993Z   libsdl2-2.0-0 libsdl2-image-2.0-0 libsdl2-mixer-2.0-0 libsdl2-ttf-2.0-0
2026-10-09T09:43:15.2811511Z   libselinux1-dev libsepol-dev libsharpyuv-dev libsm-dev libsndfile1
2026-10-09T09:43:15.2812023Z   libsndfile1-dev libsndio-dev libsndio7.0 libspa-0.2-dev libspa-0.2-modules
2026-10-09T09:43:15.2812549Z   libspecio-perl libsub-exporter-perl libsub-exporter-progressive-perl
2026-10-09T09:43:15.2813506Z   libsub-identify-perl libsub-install-perl libsub-name-perl libsub-quote-perl
2026-10-09T09:43:15.2814514Z   libsyn123-0t64 libsystemd-dev libtiff-dev libtiffxx6 libtry-tiny-perl
2026-10-09T09:43:15.2815414Z   libudev-dev libutf8proc3 libvariable-magic-perl libvorbis-dev libvorbisenc2
2026-10-09T09:43:15.2816364Z   libvulkan-dev libwayland-bin libwayland-dev libwayland-server0 libwebp-dev
2026-10-09T09:43:15.2817231Z   libwebpdecoder3 libwebrtc-audio-processing1 libx11-dev libxau-dev
2026-10-09T09:43:15.2818093Z   libxcb1-dev libxcursor-dev libxdmcp-dev libxext-dev libxfixes-dev libxi-dev
2026-10-09T09:43:15.2819217Z   libxinerama-dev libxkbcommon-dev libxrandr-dev libxrender-dev libxss-dev
2026-10-09T09:43:15.2820115Z   libxstring-perl libxt-dev libxv-dev libxv1 libxxf86vm-dev timgm6mb-soundfont
2026-10-09T09:43:15.2821122Z   uuid-dev x11proto-dev xorg-sgml-doctools xtrans-dev
2026-10-09T09:43:15.2821656Z Suggested packages:
2026-10-09T09:43:15.2822188Z   libasound2-doc freetype2-doc glew-utils libosmesa6 libglfw3-doc
2026-10-09T09:43:15.2822974Z   libglib2.0-doc libgdk-pixbuf2.0-bin libxml2-utils libgraphite2-utils
2026-10-09T09:43:15.2823821Z   libice-doc jackd1 liblzma-doc opus-tools libscalar-number-perl pipewire
2026-10-09T09:43:15.2824695Z   pipewire-doc pulseaudio readline-doc libsm-doc sndiod libtest-fatal-perl
2026-10-09T09:43:15.2825517Z   libwayland-doc libx11-doc libxcb-doc libxext-doc libxt-doc
2026-10-09T09:43:15.2826205Z   fluid-soundfont-gm
2026-10-09T09:43:15.3570608Z The following NEW packages will be installed:
2026-10-09T09:43:15.3572349Z   build-essential bzip2-doc freeglut3-dev gforth gforth-common gforth-lib
2026-10-09T09:43:15.3573290Z   gir1.2-freedesktop gir1.2-freedesktop-dev gir1.2-glib-2.0-dev
2026-10-09T09:43:15.3574177Z   gir1.2-harfbuzz-0.0 gir1.2-ibus-1.0 lcov libalgorithm-c3-perl libasound2-dev
2026-10-09T09:43:15.3575207Z   libasyncns0 libb-hooks-endofscope-perl libb-hooks-op-check-perl libblkid-dev
2026-10-09T09:43:15.3576269Z   libbrotli-dev libbullet-dev libbullet3.24t64 libbz2-dev libcapture-tiny-perl
2026-10-09T09:43:15.3577245Z   libclass-c3-perl libclass-c3-xs-perl libclass-data-inheritable-perl
2026-10-09T09:43:15.3578044Z   libclass-inspector-perl libclass-method-modifiers-perl
2026-10-09T09:43:15.3578936Z   libclass-singleton-perl libclass-xsaccessor-perl libdata-optlist-perl
2026-10-09T09:43:15.3579887Z   libdatetime-locale-perl libdatetime-perl libdatetime-timezone-perl
2026-10-09T09:43:15.3581089Z   libdbus-1-dev libdecor-0-0 libdecor-0-dev libdecor-0-plugin-1-gtk
2026-10-09T09:43:15.3581929Z   libdeflate-dev libdevel-callchecker-perl libdevel-caller-perl
2026-10-09T09:43:15.3582804Z   libdevel-lexalias-perl libdevel-stacktrace-perl libdrm-dev libdrm-nouveau2
2026-10-09T09:43:15.3583739Z   libdrm-radeon1 libdynaloader-functions-perl libegl-dev libegl-mesa0 libegl1
2026-10-09T09:43:15.3584659Z   libegl1-mesa-dev libeval-closure-perl libevent-2.1-7t64 libevent-dev
2026-10-09T09:43:15.3585538Z   libevent-extra-2.1-7t64 libevent-openssl-2.1-7t64 libexception-class-perl
2026-10-09T09:43:15.3586397Z   libfile-sharedir-perl libflac-dev libflac12t64 libfluidsynth-dev
2026-10-09T09:43:15.3587341Z   libfluidsynth3 libfreetype-dev libgbm-dev libgd-perl libgirepository-2.0-0
2026-10-09T09:43:15.3588280Z   libgl-dev libgl1-mesa-dev libgles-dev libgles1 libgles2 libglew-dev
2026-10-09T09:43:15.3589091Z   libglew2.2 libglfw3 libglfw3-dev libglib2.0-dev libglib2.0-dev-bin
2026-10-09T09:43:15.3590000Z   libglu1-mesa libglu1-mesa-dev libglut-dev libglut3.12 libglvnd-core-dev
2026-10-09T09:43:15.3591154Z   libglvnd-dev libglx-dev libgraphite2-dev libharfbuzz-cairo0 libharfbuzz-dev
2026-10-09T09:43:15.3592173Z   libharfbuzz-gobject0 libharfbuzz-icu0 libharfbuzz-subset0 libibus-1.0-5
2026-10-09T09:43:15.3593063Z   libibus-1.0-dev libice-dev libinstpatch-1.0-2 libinstpatch-dev libjack-dev
2026-10-09T09:43:15.3593993Z   libjack0 libjbig-dev libjpeg-dev libjpeg-turbo8-dev libjpeg8-dev liblerc-dev
2026-10-09T09:43:15.3594936Z   liblzma-dev libmodplug-dev libmodplug1 libmodule-implementation-perl
2026-10-09T09:43:15.3595844Z   libmodule-runtime-perl libmount-dev libmp3lame0 libmpg123-0t64 libmpg123-dev
2026-10-09T09:43:15.3596772Z   libmro-compat-perl libnamespace-autoclean-perl libnamespace-clean-perl
2026-10-09T09:43:15.3597765Z   libogg-dev libopengl-dev libopengl0 libopus-dev libopus0 libopusfile-dev
2026-10-09T09:43:15.3598723Z   libopusfile0 libout123-0t64 libpackage-stash-perl libpackage-stash-xs-perl
2026-10-09T09:43:15.3599578Z   libpadwalker-perl libparams-classify-perl libparams-util-perl
2026-10-09T09:43:15.3600434Z   libparams-validationcompiler-perl libpciaccess-dev libperlio-gzip-perl
2026-10-09T09:43:15.3601874Z   libpipewire-0.3-0t64 libpipewire-0.3-common libpipewire-0.3-dev libpng-dev
2026-10-09T09:43:15.3602840Z   libpng-tools libpthread-stubs0-dev libpulse-dev libpulse-mainloop-glib0
2026-10-09T09:43:15.3603720Z   libpulse0 libreadline-dev libreadonly-perl libref-util-perl
2026-10-09T09:43:15.3604550Z   libref-util-xs-perl librole-tiny-perl libsamplerate0 libsamplerate0-dev
2026-10-09T09:43:15.3605339Z   libsdl2-2.0-0 libsdl2-dev libsdl2-image-2.0-0 libsdl2-image-dev
2026-10-09T09:43:15.3606106Z   libsdl2-mixer-2.0-0 libsdl2-mixer-dev libsdl2-ttf-2.0-0 libsdl2-ttf-dev
2026-10-09T09:43:15.3606913Z   libselinux1-dev libsepol-dev libsharpyuv-dev libsm-dev libsndfile1
2026-10-09T09:43:15.3607751Z   libsndfile1-dev libsndio-dev libsndio7.0 libspa-0.2-dev libspa-0.2-modules
2026-10-09T09:43:15.3608627Z   libspecio-perl libsub-exporter-perl libsub-exporter-progressive-perl
2026-10-09T09:43:15.3609532Z   libsub-identify-perl libsub-install-perl libsub-name-perl libsub-quote-perl
2026-10-09T09:43:15.3610572Z   libsyn123-0t64 libsystemd-dev libtiff-dev libtiffxx6 libtry-tiny-perl
2026-10-09T09:43:15.3611601Z   libudev-dev libutf8proc-dev libutf8proc3 libuv1-dev libvariable-magic-perl
2026-10-09T09:43:15.3612479Z   libvorbis-dev libvorbisenc2 libvulkan-dev libwayland-bin libwayland-dev
2026-10-09T09:43:15.3613366Z   libwayland-server0 libwebp-dev libwebpdecoder3 libwebrtc-audio-processing1
2026-10-09T09:43:15.3614258Z   libx11-dev libxau-dev libxcb1-dev libxcursor-dev libxdmcp-dev libxext-dev
2026-10-09T09:43:15.3615101Z   libxfixes-dev libxi-dev libxinerama-dev libxkbcommon-dev libxrandr-dev
2026-10-09T09:43:15.3615926Z   libxrender-dev libxss-dev libxstring-perl libxt-dev libxv-dev libxv1
2026-10-09T09:43:15.3616779Z   libxxf86vm-dev timgm6mb-soundfont uuid-dev x11proto-dev xorg-sgml-doctools
2026-10-09T09:43:15.3617440Z   xtrans-dev
2026-10-09T09:43:15.3617816Z The following packages will be upgraded:
2026-10-09T09:43:15.3618297Z   libfreetype6 libpng16-16t64
2026-10-09T09:43:15.3828485Z 2 upgraded, 213 newly installed, 0 to remove and 21 not upgraded.
2026-10-09T09:43:15.3828961Z Need to get 39.1 MB of archives.
2026-10-09T09:43:15.3829319Z After this operation, 192 MB of additional disk space will be used.
2026-10-09T09:43:15.3829745Z Get:1 file:/etc/apt/apt-mirrors.txt Mirrorlist [144 B]
2026-10-09T09:43:15.4635943Z Get:2 http://azure.archive.ubuntu.com/ubuntu noble-updates/main amd64 libpng16-16t64 amd64 1.6.43-5ubuntu0.7 [189 kB]
2026-10-09T09:43:15.5332361Z Get:3 http://azure.archive.ubuntu.com/ubuntu noble/main amd64 build-essential amd64 12.10ubuntu1 [4928 B]
2026-10-09T09:43:15.5979866Z Get:4 http://azure.archive.ubuntu.com/ubuntu noble-updates/main amd64 bzip2-doc all 1.0.8-5.1ubuntu0.1 [499 kB]
2026-10-09T09:43:15.6723722Z Get:5 http://azure.archive.ubuntu.com/ubuntu noble/universe amd64 libglut3.12 amd64 3.4.0-1build1 [98.0 kB]
2026-10-09T09:43:15.7386297Z Get:6 http://azure.archive.ubuntu.com/ubuntu noble/main amd64 xorg-sgml-doctools all 1:1.11-1.1 [10.9 kB]
2026-10-09T09:43:15.8035172Z Get:7 http://azure.archive.ubuntu.com/ubuntu noble/main amd64 x11proto-dev all 2023.2-1 [602 kB]
2026-10-09T09:43:15.8793735Z Get:8 http://azure.archive.ubuntu.com/ubuntu noble/main amd64 libxau-dev amd64 1:1.0.9-1build6 [9570 B]
2026-10-09T09:43:15.9444941Z Get:9 http://azure.archive.ubuntu.com/ubuntu noble/main amd64 libxdmcp-dev amd64 1:1.1.3-0ubuntu6 [26.5 kB]
2026-10-09T09:43:16.0095642Z Get:10 http://azure.archive.ubuntu.com/ubuntu noble/main amd64 xtrans-dev all 1.4.0-1 [68.9 kB]
2026-10-09T09:43:16.0746359Z Get:11 http://azure.archive.ubuntu.com/ubuntu noble/main amd64 libpthread-stubs0-dev amd64 0.4-1build3 [4746 B]
2026-10-09T09:43:16.1395635Z Get:12 http://azure.archive.ubuntu.com/ubuntu noble/main amd64 libxcb1-dev amd64 1.15-1ubuntu2 [85.8 kB]
2026-10-09T09:43:16.2052261Z Get:13 http://azure.archive.ubuntu.com/ubuntu noble/main amd64 libx11-dev amd64 2:1.8.7-1build1 [732 kB]
2026-10-09T09:43:16.2837967Z Get:14 http://azure.archive.ubuntu.com/ubuntu noble/main amd64 libglx-dev amd64 1.7.0-1build1 [14.2 kB]
2026-10-09T09:43:16.3486358Z Get:15 http://azure.archive.ubuntu.com/ubuntu noble/main amd64 libgl-dev amd64 1.7.0-1build1 [102 kB]
2026-10-09T09:43:16.4142133Z Get:16 http://azure.archive.ubuntu.com/ubuntu noble/main amd64 libglvnd-core-dev amd64 1.7.0-1build1 [13.6 kB]
2026-10-09T09:43:16.4793011Z Get:17 http://azure.archive.ubuntu.com/ubuntu noble-updates/main amd64 libegl-mesa0 amd64 25.2.8-0ubuntu0.24.04.4 [117 kB]
2026-10-09T09:43:16.5452118Z Get:18 http://azure.archive.ubuntu.com/ubuntu noble/main amd64 libegl1 amd64 1.7.0-1build1 [28.7 kB]
2026-10-09T09:43:16.6124057Z Get:19 http://azure.archive.ubuntu.com/ubuntu noble/main amd64 libegl-dev amd64 1.7.0-1build1 [18.2 kB]
2026-10-09T09:43:16.6781383Z Get:20 http://azure.archive.ubuntu.com/ubuntu noble/main amd64 libgles1 amd64 1.7.0-1build1 [11.6 kB]
2026-10-09T09:43:16.7430087Z Get:21 http://azure.archive.ubuntu.com/ubuntu noble/main amd64 libgles2 amd64 1.7.0-1build1 [17.1 kB]
2026-10-09T09:43:16.8079149Z Get:22 http://azure.archive.ubuntu.com/ubuntu noble/main amd64 libgles-dev amd64 1.7.0-1build1 [50.5 kB]
2026-10-09T09:43:16.8731842Z Get:23 http://azure.archive.ubuntu.com/ubuntu noble/main amd64 libopengl0 amd64 1.7.0-1build1 [32.8 kB]
2026-10-09T09:43:16.9382548Z Get:24 http://azure.archive.ubuntu.com/ubuntu noble/main amd64 libopengl-dev amd64 1.7.0-1build1 [3454 B]
2026-10-09T09:43:17.0030570Z Get:25 http://azure.archive.ubuntu.com/ubuntu noble/main amd64 libglvnd-dev amd64 1.7.0-1build1 [3198 B]
2026-10-09T09:43:17.0677141Z Get:26 http://azure.archive.ubuntu.com/ubuntu noble-updates/main amd64 libgl1-mesa-dev amd64 25.2.8-0ubuntu0.24.04.4 [22.8 kB]
2026-10-09T09:43:17.1329599Z Get:27 http://azure.archive.ubuntu.com/ubuntu noble/main amd64 libglu1-mesa amd64 9.0.2-1.1build1 [152 kB]
2026-10-09T09:43:17.1992865Z Get:28 http://azure.archive.ubuntu.com/ubuntu noble/main amd64 libglu1-mesa-dev amd64 9.0.2-1.1build1 [237 kB]
2026-10-09T09:43:17.2677179Z Get:29 http://azure.archive.ubuntu.com/ubuntu noble/main amd64 libxext-dev amd64 2:1.3.4-1build2 [83.5 kB]
2026-10-09T09:43:17.3956666Z Get:30 http://azure.archive.ubuntu.com/ubuntu noble/main amd64 libice-dev amd64 2:1.0.10-1build3 [51.0 kB]
2026-10-09T09:43:17.5921637Z Get:31 http://azure.archive.ubuntu.com/ubuntu noble/main amd64 libsm-dev amd64 2:1.2.3-1build3 [17.8 kB]
2026-10-09T09:43:17.6668743Z Get:32 http://azure.archive.ubuntu.com/ubuntu noble/main amd64 libxt-dev amd64 1:1.2.1-1.2build1 [394 kB]
2026-10-09T09:43:17.9130266Z Get:33 http://azure.archive.ubuntu.com/ubuntu noble/universe amd64 libglut-dev amd64 3.4.0-1build1 [125 kB]
2026-10-09T09:43:17.9900505Z Get:34 http://azure.archive.ubuntu.com/ubuntu noble/universe amd64 freeglut3-dev amd64 3.4.0-1build1 [2022 B]
2026-10-09T09:43:18.0545844Z Get:35 http://azure.archive.ubuntu.com/ubuntu noble/universe amd64 gforth-common all 0.7.3+dfsg-9build4.1 [329 kB]
2026-10-09T09:43:18.1504072Z Get:36 http://azure.archive.ubuntu.com/ubuntu noble/universe amd64 gforth-lib amd64 0.7.3+dfsg-9build4.1 [150 kB]
2026-10-09T09:43:18.2291853Z Get:37 http://azure.archive.ubuntu.com/ubuntu noble/universe amd64 gforth amd64 0.7.3+dfsg-9build4.1 [139 kB]
2026-10-09T09:43:18.3083863Z Get:38 http://azure.archive.ubuntu.com/ubuntu noble/main amd64 gir1.2-freedesktop amd64 1.80.1-1 [49.7 kB]
2026-10-09T09:43:18.3767510Z Get:39 http://azure.archive.ubuntu.com/ubuntu noble-updates/main amd64 gir1.2-glib-2.0-dev amd64 2.80.0-6ubuntu3.9 [848 kB]
2026-10-09T09:43:18.5240407Z Get:40 http://azure.archive.ubuntu.com/ubuntu noble/main amd64 gir1.2-freedesktop-dev amd64 1.80.1-1 [28.8 kB]
2026-10-09T09:43:18.5896177Z Get:41 http://azure.archive.ubuntu.com/ubuntu noble/main amd64 libharfbuzz-gobject0 amd64 8.3.0-2build2 [34.3 kB]
2026-10-09T09:43:18.6543869Z Get:42 http://azure.archive.ubuntu.com/ubuntu noble/main amd64 gir1.2-harfbuzz-0.0 amd64 8.3.0-2build2 [44.5 kB]
2026-10-09T09:43:18.7195095Z Get:43 http://azure.archive.ubuntu.com/ubuntu noble/main amd64 libibus-1.0-5 amd64 1.5.29-2 [181 kB]
2026-10-09T09:43:18.7889009Z Get:44 http://azure.archive.ubuntu.com/ubuntu noble/main amd64 gir1.2-ibus-1.0 amd64 1.5.29-2 [86.3 kB]
2026-10-09T09:43:18.8552364Z Get:45 http://azure.archive.ubuntu.com/ubuntu noble/main amd64 libcapture-tiny-perl all 0.48-2 [20.2 kB]
2026-10-09T09:43:18.9196922Z Get:46 http://azure.archive.ubuntu.com/ubuntu noble/main amd64 libclass-inspector-perl all 1.36-3 [15.4 kB]
2026-10-09T09:43:18.9841079Z Get:47 http://azure.archive.ubuntu.com/ubuntu noble/main amd64 libfile-sharedir-perl all 1.118-3 [14.0 kB]
2026-10-09T09:43:19.0484170Z Get:48 http://azure.archive.ubuntu.com/ubuntu noble/main amd64 libb-hooks-op-check-perl amd64 0.22-3build1 [9518 B]
2026-10-09T09:43:19.1127608Z Get:49 http://azure.archive.ubuntu.com/ubuntu noble/main amd64 libdynaloader-functions-perl all 0.003-3 [12.1 kB]
2026-10-09T09:43:19.1771335Z Get:50 http://azure.archive.ubuntu.com/ubuntu noble/main amd64 libdevel-callchecker-perl amd64 0.008-2build3 [13.2 kB]
2026-10-09T09:43:19.2415006Z Get:51 http://azure.archive.ubuntu.com/ubuntu noble/main amd64 libparams-classify-perl amd64 0.015-2build5 [20.1 kB]
2026-10-09T09:43:19.3057409Z Get:52 http://azure.archive.ubuntu.com/ubuntu noble/main amd64 libmodule-runtime-perl all 0.016-2 [16.4 kB]
2026-10-09T09:43:19.3699258Z Get:53 http://azure.archive.ubuntu.com/ubuntu noble/main amd64 libtry-tiny-perl all 0.31-2 [20.8 kB]
2026-10-09T09:43:19.4349255Z Get:54 http://azure.archive.ubuntu.com/ubuntu noble/main amd64 libmodule-implementation-perl all 0.09-2 [12.0 kB]
2026-10-09T09:43:19.4991286Z Get:55 http://azure.archive.ubuntu.com/ubuntu noble/main amd64 libsub-exporter-progressive-perl all 0.001013-3 [6718 B]
2026-10-09T09:43:19.5632601Z Get:56 http://azure.archive.ubuntu.com/ubuntu noble/main amd64 libvariable-magic-perl amd64 0.63-1build3 [35.1 kB]
2026-10-09T09:43:19.6293175Z Get:57 http://azure.archive.ubuntu.com/ubuntu noble/main amd64 libb-hooks-endofscope-perl all 0.28-1 [15.8 kB]
2026-10-09T09:43:19.6953915Z Get:58 http://azure.archive.ubuntu.com/ubuntu noble/main amd64 libpackage-stash-perl all 0.40-1 [19.5 kB]
2026-10-09T09:43:19.7599101Z Get:59 http://azure.archive.ubuntu.com/ubuntu noble/main amd64 libsub-identify-perl amd64 0.14-3build3 [9786 B]
2026-10-09T09:43:19.8241930Z Get:60 http://azure.archive.ubuntu.com/ubuntu noble/main amd64 libsub-name-perl amd64 0.27-1build3 [10.8 kB]
2026-10-09T09:43:19.8885196Z Get:61 http://azure.archive.ubuntu.com/ubuntu noble/main amd64 libnamespace-clean-perl all 0.27-2 [14.0 kB]
2026-10-09T09:43:19.9529745Z Get:62 http://azure.archive.ubuntu.com/ubuntu noble/universe amd64 libnamespace-autoclean-perl all 0.29-2 [11.7 kB]
2026-10-09T09:43:20.0172519Z Get:63 http://azure.archive.ubuntu.com/ubuntu noble/main amd64 libparams-util-perl amd64 1.102-2build3 [21.2 kB]
2026-10-09T09:43:20.0815713Z Get:64 http://azure.archive.ubuntu.com/ubuntu noble/main amd64 libsub-install-perl all 0.929-1 [9764 B]
2026-10-09T09:43:20.1459137Z Get:65 http://azure.archive.ubuntu.com/ubuntu noble/main amd64 libdata-optlist-perl all 0.114-1 [9708 B]
2026-10-09T09:43:20.2102016Z Get:66 http://azure.archive.ubuntu.com/ubuntu noble/main amd64 libsub-exporter-perl all 0.990-1 [49.0 kB]
2026-10-09T09:43:20.2753772Z Get:67 http://azure.archive.ubuntu.com/ubuntu noble/universe amd64 libeval-closure-perl all 0.14-3 [10.1 kB]
2026-10-09T09:43:20.3396398Z Get:68 http://azure.archive.ubuntu.com/ubuntu noble/main amd64 libclass-data-inheritable-perl all 0.08-3 [8084 B]
2026-10-09T09:43:20.4038405Z Get:69 http://azure.archive.ubuntu.com/ubuntu noble/main amd64 libdevel-stacktrace-perl all 2.0500-1 [22.1 kB]
2026-10-09T09:43:20.4682162Z Get:70 http://azure.archive.ubuntu.com/ubuntu noble/main amd64 libexception-class-perl all 1.45-1 [28.6 kB]
2026-10-09T09:43:20.5329777Z Get:71 http://azure.archive.ubuntu.com/ubuntu noble/universe amd64 libparams-validationcompiler-perl all 0.31-1 [28.3 kB]
2026-10-09T09:43:20.5973197Z Get:72 http://azure.archive.ubuntu.com/ubuntu noble/universe amd64 libalgorithm-c3-perl all 0.11-2 [10.2 kB]
2026-10-09T09:43:20.6633625Z Get:73 http://azure.archive.ubuntu.com/ubuntu noble/universe amd64 libclass-c3-perl all 0.35-2 [18.4 kB]
2026-10-09T09:43:20.7285613Z Get:74 http://azure.archive.ubuntu.com/ubuntu noble/universe amd64 libmro-compat-perl all 0.15-2 [10.1 kB]
2026-10-09T09:43:20.7975368Z Get:75 http://azure.archive.ubuntu.com/ubuntu noble/main amd64 libclass-method-modifiers-perl all 2.15-1 [16.1 kB]
2026-10-09T09:43:20.8687215Z Get:76 http://azure.archive.ubuntu.com/ubuntu noble/main amd64 librole-tiny-perl all 2.002004-1 [16.3 kB]
2026-10-09T09:43:20.9517314Z Get:77 http://azure.archive.ubuntu.com/ubuntu noble/main amd64 libsub-quote-perl all 2.006008-1ubuntu1 [20.7 kB]
2026-10-09T09:43:21.0438976Z Get:78 http://azure.archive.ubuntu.com/ubuntu noble/universe amd64 libxstring-perl amd64 0.005-2build3 [7852 B]
2026-10-09T09:43:21.1154738Z Get:79 http://azure.archive.ubuntu.com/ubuntu noble/universe amd64 libspecio-perl all 0.48-1 [137 kB]
2026-10-09T09:43:21.3367668Z Get:80 http://azure.archive.ubuntu.com/ubuntu noble/universe amd64 libdatetime-locale-perl all 1:1.37-1 [2833 kB]
2026-10-09T09:43:21.4591364Z Get:81 http://azure.archive.ubuntu.com/ubuntu noble/universe amd64 libclass-singleton-perl all 1.6-2 [11.5 kB]
2026-10-09T09:43:21.5248893Z Get:82 http://azure.archive.ubuntu.com/ubuntu noble/universe amd64 libdatetime-timezone-perl all 1:2.62-1+2024a [262 kB]
2026-10-09T09:43:21.5934759Z Get:83 http://azure.archive.ubuntu.com/ubuntu noble/universe amd64 libdatetime-perl amd64 2:1.65-1build2 [95.8 kB]
2026-10-09T09:43:21.6601854Z Get:84 http://azure.archive.ubuntu.com/ubuntu noble/main amd64 libperlio-gzip-perl amd64 0.20-1build4 [14.6 kB]
2026-10-09T09:43:21.7262158Z Get:85 http://azure.archive.ubuntu.com/ubuntu noble/universe amd64 lcov all 2.0-4ubuntu2 [223 kB]
2026-10-09T09:43:21.7938945Z Get:86 http://azure.archive.ubuntu.com/ubuntu noble-updates/main amd64 libasound2-dev amd64 1.2.11-1ubuntu0.3 [115 kB]
2026-10-09T09:43:21.8598704Z Get:87 http://azure.archive.ubuntu.com/ubuntu noble/main amd64 libasyncns0 amd64 0.8-6build4 [11.3 kB]
2026-10-09T09:43:21.9247124Z Get:88 http://azure.archive.ubuntu.com/ubuntu noble/main amd64 libbrotli-dev amd64 1.1.0-2build2 [353 kB]
2026-10-09T09:43:21.9955000Z Get:89 http://azure.archive.ubuntu.com/ubuntu noble/universe amd64 libbullet3.24t64 amd64 3.24+dfsg-2.1build1 [1802 kB]
2026-10-09T09:43:22.0957038Z Get:90 http://azure.archive.ubuntu.com/ubuntu noble-updates/main amd64 libbz2-dev amd64 1.0.8-5.1ubuntu0.1 [33.6 kB]
2026-10-09T09:43:22.1608590Z Get:91 http://azure.archive.ubuntu.com/ubuntu noble/universe amd64 libclass-c3-xs-perl amd64 0.15-1build6 [16.3 kB]
2026-10-09T09:43:22.2264856Z Get:92 http://azure.archive.ubuntu.com/ubuntu noble/main amd64 libclass-xsaccessor-perl amd64 1.19-4build4 [33.1 kB]
2026-10-09T09:43:22.2919489Z Get:93 http://azure.archive.ubuntu.com/ubuntu noble-updates/main amd64 libdbus-1-dev amd64 1.14.10-4ubuntu4.1 [190 kB]
2026-10-09T09:43:22.3589783Z Get:94 http://azure.archive.ubuntu.com/ubuntu noble/main amd64 libdecor-0-0 amd64 0.2.2-1build2 [16.5 kB]
2026-10-09T09:43:22.4239294Z Get:95 http://azure.archive.ubuntu.com/ubuntu noble/main amd64 libwayland-server0 amd64 1.22.0-2.1build1 [33.9 kB]
2026-10-09T09:43:22.4886341Z Get:96 http://azure.archive.ubuntu.com/ubuntu noble/main amd64 libwayland-bin amd64 1.22.0-2.1build1 [20.6 kB]
2026-10-09T09:43:22.5533701Z Get:97 http://azure.archive.ubuntu.com/ubuntu noble/main amd64 libwayland-dev amd64 1.22.0-2.1build1 [71.3 kB]
2026-10-09T09:43:22.6175566Z Get:98 http://azure.archive.ubuntu.com/ubuntu noble/main amd64 libdecor-0-dev amd64 0.2.2-1build2 [5726 B]
2026-10-09T09:43:22.6891883Z Get:99 http://azure.archive.ubuntu.com/ubuntu noble/main amd64 libdecor-0-plugin-1-gtk amd64 0.2.2-1build2 [22.2 kB]
2026-10-09T09:43:22.7528821Z Get:100 http://azure.archive.ubuntu.com/ubuntu noble-updates/main amd64 libdeflate-dev amd64 1.19-1build1.1 [50.9 kB]
2026-10-09T09:43:22.8172426Z Get:101 http://azure.archive.ubuntu.com/ubuntu noble/universe amd64 libpadwalker-perl amd64 2.5-1build6 [15.5 kB]
2026-10-09T09:43:22.8808676Z Get:102 http://azure.archive.ubuntu.com/ubuntu noble/universe amd64 libdevel-caller-perl amd64 2.07-1build3 [9766 B]
2026-10-09T09:43:22.9455764Z Get:103 http://azure.archive.ubuntu.com/ubuntu noble/universe amd64 libdevel-lexalias-perl amd64 0.05-3build4 [8014 B]
2026-10-09T09:43:23.0086345Z Get:104 http://azure.archive.ubuntu.com/ubuntu noble-updates/main amd64 libdrm-radeon1 amd64 2.4.125-1ubuntu0.1~24.04.2 [20.8 kB]
2026-10-09T09:43:23.0720197Z Get:105 http://azure.archive.ubuntu.com/ubuntu noble-updates/main amd64 libdrm-nouveau2 amd64 2.4.125-1ubuntu0.1~24.04.2 [17.6 kB]
2026-10-09T09:43:23.1354342Z Get:106 http://azure.archive.ubuntu.com/ubuntu noble-updates/main amd64 libpciaccess-dev amd64 0.17-3ubuntu0.24.04.3 [22.0 kB]
2026-10-09T09:43:23.1984997Z Get:107 http://azure.archive.ubuntu.com/ubuntu noble-updates/main amd64 libdrm-dev amd64 2.4.125-1ubuntu0.1~24.04.2 [314 kB]
2026-10-09T09:43:23.2664270Z Get:108 http://azure.archive.ubuntu.com/ubuntu noble-updates/main amd64 libegl1-mesa-dev amd64 25.2.8-0ubuntu0.24.04.4 [26.8 kB]
2026-10-09T09:43:23.3945164Z Get:109 http://azure.archive.ubuntu.com/ubuntu noble-updates/main amd64 libevent-2.1-7t64 amd64 2.1.12-stable-9ubuntu2.2 [146 kB]
2026-10-09T09:43:23.6897003Z Get:110 http://azure.archive.ubuntu.com/ubuntu noble-updates/main amd64 libevent-extra-2.1-7t64 amd64 2.1.12-stable-9ubuntu2.2 [64.6 kB]
2026-10-09T09:43:23.7744096Z Get:111 http://azure.archive.ubuntu.com/ubuntu noble-updates/main amd64 libevent-openssl-2.1-7t64 amd64 2.1.12-stable-9ubuntu2.2 [15.8 kB]
2026-10-09T09:43:23.8430383Z Get:112 http://azure.archive.ubuntu.com/ubuntu noble-updates/main amd64 libevent-dev amd64 2.1.12-stable-9ubuntu2.2 [274 kB]
2026-10-09T09:43:23.9981183Z Get:113 http://azure.archive.ubuntu.com/ubuntu noble/main amd64 libflac12t64 amd64 1.4.3+ds-2.1ubuntu2 [197 kB]
2026-10-09T09:43:24.0885547Z Get:114 http://azure.archive.ubuntu.com/ubuntu noble/main amd64 libogg-dev amd64 1.3.5-3build1 [161 kB]
2026-10-09T09:43:24.1546646Z Get:115 http://azure.archive.ubuntu.com/ubuntu noble/main amd64 libflac-dev amd64 1.4.3+ds-2.1ubuntu2 [247 kB]
2026-10-09T09:43:24.2459798Z Get:116 http://azure.archive.ubuntu.com/ubuntu noble/main amd64 libmp3lame0 amd64 3.100-6build1 [142 kB]
2026-10-09T09:43:24.3253939Z Get:117 http://azure.archive.ubuntu.com/ubuntu noble-updates/main amd64 libmpg123-0t64 amd64 1.32.5-1ubuntu1.1 [169 kB]
2026-10-09T09:43:24.4067717Z Get:118 http://azure.archive.ubuntu.com/ubuntu noble/main amd64 libopus0 amd64 1.4-1build1 [208 kB]
2026-10-09T09:43:24.4722413Z Get:119 http://azure.archive.ubuntu.com/ubuntu noble/main amd64 libvorbisenc2 amd64 1.3.7-1build3 [80.8 kB]
2026-10-09T09:43:24.5359599Z Get:120 http://azure.archive.ubuntu.com/ubuntu noble-updates/main amd64 libsndfile1 amd64 1.2.2-1ubuntu5.24.04.1 [209 kB]
2026-10-09T09:43:24.6015926Z Get:121 http://azure.archive.ubuntu.com/ubuntu noble/universe amd64 libinstpatch-1.0-2 amd64 1.1.6-1build2 [251 kB]
2026-10-09T09:43:24.6667685Z Get:122 http://azure.archive.ubuntu.com/ubuntu noble/universe amd64 libjack0 amd64 1:0.126.0-2build3 [101 kB]
2026-10-09T09:43:24.7306476Z Get:123 http://azure.archive.ubuntu.com/ubuntu noble/main amd64 libwebrtc-audio-processing1 amd64 0.3.1-0ubuntu6 [290 kB]
2026-10-09T09:43:24.7961949Z Get:124 http://azure.archive.ubuntu.com/ubuntu noble-updates/main amd64 libspa-0.2-modules amd64 1.0.5-1ubuntu3.3 [628 kB]
2026-10-09T09:43:24.8635932Z Get:125 http://azure.archive.ubuntu.com/ubuntu noble-updates/main amd64 libpipewire-0.3-0t64 amd64 1.0.5-1ubuntu3.3 [252 kB]
2026-10-09T09:43:24.9285461Z Get:126 http://azure.archive.ubuntu.com/ubuntu noble-updates/main amd64 libpulse0 amd64 1:16.1+dfsg1-2ubuntu10.1 [292 kB]
2026-10-09T09:43:24.9947050Z Get:127 http://azure.archive.ubuntu.com/ubuntu noble/main amd64 libsamplerate0 amd64 0.2.2-4build1 [1344 kB]
2026-10-09T09:43:25.0670023Z Get:128 http://azure.archive.ubuntu.com/ubuntu noble-updates/main amd64 libsdl2-2.0-0 amd64 2.30.0+dfsg-1ubuntu3.1 [686 kB]
2026-10-09T09:43:25.1357131Z Get:129 http://azure.archive.ubuntu.com/ubuntu noble/universe amd64 timgm6mb-soundfont all 1.3-5 [5427 kB]
2026-10-09T09:43:25.2772701Z Get:130 http://azure.archive.ubuntu.com/ubuntu noble/universe amd64 libfluidsynth3 amd64 2.3.4-1build3 [249 kB]
2026-10-09T09:43:25.3422193Z Get:131 http://azure.archive.ubuntu.com/ubuntu noble-updates/main amd64 libglib2.0-dev-bin amd64 2.80.0-6ubuntu3.9 [138 kB]
2026-10-09T09:43:25.4064968Z Get:132 http://azure.archive.ubuntu.com/ubuntu noble-updates/main amd64 uuid-dev amd64 2.39.3-9ubuntu6.6 [33.5 kB]
2026-10-09T09:43:25.4699333Z Get:133 http://azure.archive.ubuntu.com/ubuntu noble-updates/main amd64 libblkid-dev amd64 2.39.3-9ubuntu6.6 [205 kB]
2026-10-09T09:43:25.5380323Z Get:134 http://azure.archive.ubuntu.com/ubuntu noble/main amd64 libsepol-dev amd64 3.5-2build1 [384 kB]
2026-10-09T09:43:25.6036450Z Get:135 http://azure.archive.ubuntu.com/ubuntu noble-updates/main amd64 libselinux1-dev amd64 3.5-2ubuntu2.1 [164 kB]
2026-10-09T09:43:25.6678482Z Get:136 http://azure.archive.ubuntu.com/ubuntu noble-updates/main amd64 libmount-dev amd64 2.39.3-9ubuntu6.6 [14.9 kB]
2026-10-09T09:43:25.7311050Z Get:137 http://azure.archive.ubuntu.com/ubuntu noble-updates/main amd64 libgirepository-2.0-0 amd64 2.80.0-6ubuntu3.9 [73.5 kB]
2026-10-09T09:43:25.7957952Z Get:138 http://azure.archive.ubuntu.com/ubuntu noble-updates/main amd64 libglib2.0-dev amd64 2.80.0-6ubuntu3.9 [1860 kB]
2026-10-09T09:43:25.8719731Z Get:139 http://azure.archive.ubuntu.com/ubuntu noble-updates/main amd64 libout123-0t64 amd64 1.32.5-1ubuntu1.1 [31.1 kB]
2026-10-09T09:43:25.9356622Z Get:140 http://azure.archive.ubuntu.com/ubuntu noble-updates/main amd64 libsyn123-0t64 amd64 1.32.5-1ubuntu1.1 [95.4 kB]
2026-10-09T09:43:25.9998495Z Get:141 http://azure.archive.ubuntu.com/ubuntu noble-updates/main amd64 libmpg123-dev amd64 1.32.5-1ubuntu1.1 [60.9 kB]
2026-10-09T09:43:26.0636518Z Get:142 http://azure.archive.ubuntu.com/ubuntu noble/main amd64 libopus-dev amd64 1.4-1build1 [267 kB]
2026-10-09T09:43:26.1291971Z Get:143 http://azure.archive.ubuntu.com/ubuntu noble/main amd64 libvorbis-dev amd64 1.3.7-1build3 [342 kB]
2026-10-09T09:43:26.1949624Z Get:144 http://azure.archive.ubuntu.com/ubuntu noble-updates/main amd64 libsndfile1-dev amd64 1.2.2-1ubuntu5.24.04.1 [287 kB]
2026-10-09T09:43:26.2598470Z Get:145 http://azure.archive.ubuntu.com/ubuntu noble/universe amd64 libinstpatch-dev amd64 1.1.6-1build2 [55.6 kB]
2026-10-09T09:43:26.3231854Z Get:146 http://azure.archive.ubuntu.com/ubuntu noble/universe amd64 libjack-dev amd64 1:0.126.0-2build3 [140 kB]
2026-10-09T09:43:26.3872653Z Get:147 http://azure.archive.ubuntu.com/ubuntu noble-updates/main amd64 libspa-0.2-dev amd64 1.0.5-1ubuntu3.3 [109 kB]
2026-10-09T09:43:26.4511924Z Get:148 http://azure.archive.ubuntu.com/ubuntu noble-updates/main amd64 libpipewire-0.3-dev amd64 1.0.5-1ubuntu3.3 [53.3 kB]
2026-10-09T09:43:26.5145462Z Get:149 http://azure.archive.ubuntu.com/ubuntu noble-updates/main amd64 libpulse-mainloop-glib0 amd64 1:16.1+dfsg1-2ubuntu10.1 [12.2 kB]
2026-10-09T09:43:26.5777620Z Get:150 http://azure.archive.ubuntu.com/ubuntu noble-updates/universe amd64 libpulse-dev amd64 1:16.1+dfsg1-2ubuntu10.1 [75.6 kB]
2026-10-09T09:43:26.6415364Z Get:151 http://azure.archive.ubuntu.com/ubuntu noble/main amd64 libreadline-dev amd64 8.2-4build1 [167 kB]
2026-10-09T09:43:26.7056539Z Get:152 http://azure.archive.ubuntu.com/ubuntu noble-updates/main amd64 libgbm-dev amd64 25.2.8-0ubuntu0.24.04.4 [12.7 kB]
2026-10-09T09:43:26.7689232Z Get:153 http://azure.archive.ubuntu.com/ubuntu noble/universe amd64 libibus-1.0-dev amd64 1.5.29-2 [187 kB]
2026-10-09T09:43:26.8347946Z Get:154 http://azure.archive.ubuntu.com/ubuntu noble/main amd64 libsamplerate0-dev amd64 0.2.2-4build1 [61.5 kB]
2026-10-09T09:43:26.8996022Z Get:155 http://azure.archive.ubuntu.com/ubuntu noble/universe amd64 libsndio7.0 amd64 1.9.0-0.3build3 [29.6 kB]
2026-10-09T09:43:26.9646175Z Get:156 http://azure.archive.ubuntu.com/ubuntu noble/universe amd64 libsndio-dev amd64 1.9.0-0.3build3 [17.7 kB]
2026-10-09T09:43:27.0282957Z Get:157 http://azure.archive.ubuntu.com/ubuntu noble-updates/main amd64 libudev-dev amd64 255.4-1ubuntu8.17 [22.0 kB]
2026-10-09T09:43:27.0916146Z Get:158 http://azure.archive.ubuntu.com/ubuntu noble/main amd64 libxrender-dev amd64 1:0.9.10-1.1build1 [26.3 kB]
2026-10-09T09:43:27.1550264Z Get:159 http://azure.archive.ubuntu.com/ubuntu noble/main amd64 libxfixes-dev amd64 1:6.0.0-2build1 [12.1 kB]
2026-10-09T09:43:27.2183507Z Get:160 http://azure.archive.ubuntu.com/ubuntu noble/main amd64 libxcursor-dev amd64 1:1.2.1-1build1 [31.8 kB]
2026-10-09T09:43:27.2815630Z Get:161 http://azure.archive.ubuntu.com/ubuntu noble/main amd64 libxi-dev amd64 2:1.8.1-1build1 [194 kB]
2026-10-09T09:43:27.3471225Z Get:162 http://azure.archive.ubuntu.com/ubuntu noble/main amd64 libxinerama-dev amd64 2:1.1.4-3build1 [7988 B]
2026-10-09T09:43:27.4102492Z Get:163 http://azure.archive.ubuntu.com/ubuntu noble/main amd64 libxkbcommon-dev amd64 1.6.0-1build1 [56.3 kB]
2026-10-09T09:43:27.4739517Z Get:164 http://azure.archive.ubuntu.com/ubuntu noble/main amd64 libxrandr-dev amd64 2:1.5.2-2build1 [26.4 kB]
2026-10-09T09:43:27.5379156Z Get:165 http://azure.archive.ubuntu.com/ubuntu noble/main amd64 libxss-dev amd64 1:1.2.3-1build3 [12.1 kB]
2026-10-09T09:43:27.6028125Z Get:166 http://azure.archive.ubuntu.com/ubuntu noble/main amd64 libxv1 amd64 2:1.0.11-1.1build1 [10.7 kB]
2026-10-09T09:43:27.6660169Z Get:167 http://azure.archive.ubuntu.com/ubuntu noble/main amd64 libxv-dev amd64 2:1.0.11-1.1build1 [33.3 kB]
2026-10-09T09:43:27.7293613Z Get:168 http://azure.archive.ubuntu.com/ubuntu noble/main amd64 libxxf86vm-dev amd64 1:1.1.4-1build4 [13.8 kB]
2026-10-09T09:43:27.7926628Z Get:169 http://azure.archive.ubuntu.com/ubuntu noble-updates/universe amd64 libsdl2-dev amd64 2.30.0+dfsg-1ubuntu3.1 [1141 kB]
2026-10-09T09:43:27.8636513Z Get:170 http://azure.archive.ubuntu.com/ubuntu noble-updates/main amd64 libsystemd-dev amd64 255.4-1ubuntu8.17 [1239 kB]
2026-10-09T09:43:27.9349337Z Get:171 http://azure.archive.ubuntu.com/ubuntu noble/universe amd64 libfluidsynth-dev amd64 2.3.4-1build3 [39.4 kB]
2026-10-09T09:43:27.9986616Z Get:172 http://azure.archive.ubuntu.com/ubuntu noble-updates/main amd64 libfreetype6 amd64 2.13.2+dfsg-1ubuntu0.2 [403 kB]
2026-10-09T09:43:28.0642213Z Get:173 http://azure.archive.ubuntu.com/ubuntu noble-updates/main amd64 libpng-dev amd64 1.6.43-5ubuntu0.7 [265 kB]
2026-10-09T09:43:28.1287883Z Get:174 http://azure.archive.ubuntu.com/ubuntu noble-updates/main amd64 libfreetype-dev amd64 2.13.2+dfsg-1ubuntu0.2 [574 kB]
2026-10-09T09:43:28.1958146Z Get:175 http://azure.archive.ubuntu.com/ubuntu noble/universe amd64 libglew2.2 amd64 2.2.0-4build1 [187 kB]
2026-10-09T09:43:28.2602009Z Get:176 http://azure.archive.ubuntu.com/ubuntu noble/universe amd64 libglew-dev amd64 2.2.0-4build1 [280 kB]
2026-10-09T09:43:28.3248288Z Get:177 http://azure.archive.ubuntu.com/ubuntu noble/universe amd64 libglfw3 amd64 3.3.10-1build1 [80.5 kB]
2026-10-09T09:43:28.3886061Z Get:178 http://azure.archive.ubuntu.com/ubuntu noble/universe amd64 libglfw3-dev amd64 3.3.10-1build1 [41.5 kB]
2026-10-09T09:43:28.4520222Z Get:179 http://azure.archive.ubuntu.com/ubuntu noble-updates/main amd64 libgraphite2-dev amd64 1.3.14-2ubuntu0.24.04.1 [14.7 kB]
2026-10-09T09:43:28.5152479Z Get:180 http://azure.archive.ubuntu.com/ubuntu noble/main amd64 libharfbuzz-cairo0 amd64 8.3.0-2build2 [26.2 kB]
2026-10-09T09:43:28.5795466Z Get:181 http://azure.archive.ubuntu.com/ubuntu noble/main amd64 libharfbuzz-icu0 amd64 8.3.0-2build2 [13.3 kB]
2026-10-09T09:43:28.6428947Z Get:182 http://azure.archive.ubuntu.com/ubuntu noble/main amd64 libharfbuzz-subset0 amd64 8.3.0-2build2 [448 kB]
2026-10-09T09:43:28.7090211Z Get:183 http://azure.archive.ubuntu.com/ubuntu noble/main amd64 libharfbuzz-dev amd64 8.3.0-2build2 [142 kB]
2026-10-09T09:43:28.7732486Z Get:184 http://azure.archive.ubuntu.com/ubuntu noble/main amd64 libjpeg-turbo8-dev amd64 2.1.5-2ubuntu2 [295 kB]
2026-10-09T09:43:28.8383555Z Get:185 http://azure.archive.ubuntu.com/ubuntu noble/main amd64 libjpeg8-dev amd64 8c-2ubuntu11 [1484 B]
2026-10-09T09:43:28.9015524Z Get:186 http://azure.archive.ubuntu.com/ubuntu noble/main amd64 libjpeg-dev amd64 8c-2ubuntu11 [1482 B]
2026-10-09T09:43:28.9648376Z Get:187 http://azure.archive.ubuntu.com/ubuntu noble/main amd64 liblerc-dev amd64 4.0.0+ds-4ubuntu2 [182 kB]
2026-10-09T09:43:29.0292850Z Get:188 http://azure.archive.ubuntu.com/ubuntu noble/universe amd64 libmodplug1 amd64 1:0.8.9.0-3build1 [166 kB]
2026-10-09T09:43:29.0934086Z Get:189 http://azure.archive.ubuntu.com/ubuntu noble/universe amd64 libmodplug-dev amd64 1:0.8.9.0-3build1 [14.9 kB]
2026-10-09T09:43:29.1575961Z Get:190 http://azure.archive.ubuntu.com/ubuntu noble/universe amd64 libopusfile0 amd64 0.12-4build3 [44.7 kB]
2026-10-09T09:43:29.2221550Z Get:191 http://azure.archive.ubuntu.com/ubuntu noble/universe amd64 libopusfile-dev amd64 0.12-4build3 [63.1 kB]
2026-10-09T09:43:29.2870135Z Get:192 http://azure.archive.ubuntu.com/ubuntu noble/main amd64 libpackage-stash-xs-perl amd64 0.30-1build4 [18.7 kB]
2026-10-09T09:43:29.3513672Z Get:193 http://azure.archive.ubuntu.com/ubuntu noble-updates/main amd64 libpipewire-0.3-common all 1.0.5-1ubuntu3.3 [19.5 kB]
2026-10-09T09:43:29.4166945Z Get:194 http://azure.archive.ubuntu.com/ubuntu noble-updates/main amd64 libpng-tools amd64 1.6.43-5ubuntu0.7 [28.5 kB]
2026-10-09T09:43:29.4811131Z Get:195 http://azure.archive.ubuntu.com/ubuntu noble/universe amd64 libreadonly-perl all 2.050-3 [19.9 kB]
2026-10-09T09:43:29.5445221Z Get:196 http://azure.archive.ubuntu.com/ubuntu noble/universe amd64 libref-util-perl all 0.204-2 [15.1 kB]
2026-10-09T09:43:29.6157504Z Get:197 http://azure.archive.ubuntu.com/ubuntu noble/universe amd64 libref-util-xs-perl amd64 0.117-2build4 [12.6 kB]
2026-10-09T09:43:29.6891744Z Get:198 http://azure.archive.ubuntu.com/ubuntu noble/universe amd64 libsdl2-image-2.0-0 amd64 2.8.2+dfsg-1build2 [65.1 kB]
2026-10-09T09:43:29.7944812Z Get:199 http://azure.archive.ubuntu.com/ubuntu noble/main amd64 libjbig-dev amd64 2.1-6.1ubuntu2 [27.9 kB]
2026-10-09T09:43:29.8723791Z Get:200 http://azure.archive.ubuntu.com/ubuntu noble-updates/main amd64 liblzma-dev amd64 5.6.1+really5.4.5-1ubuntu0.3 [176 kB]
2026-10-09T09:43:30.0345596Z Get:201 http://azure.archive.ubuntu.com/ubuntu noble/main amd64 libwebpdecoder3 amd64 1.3.2-0.4build3 [114 kB]
2026-10-09T09:43:30.1194259Z Get:202 http://azure.archive.ubuntu.com/ubuntu noble/main amd64 libsharpyuv-dev amd64 1.3.2-0.4build3 [16.0 kB]
2026-10-09T09:43:30.1848533Z Get:203 http://azure.archive.ubuntu.com/ubuntu noble/main amd64 libwebp-dev amd64 1.3.2-0.4build3 [367 kB]
2026-10-09T09:43:30.3231974Z Get:204 http://azure.archive.ubuntu.com/ubuntu noble-updates/main amd64 libtiffxx6 amd64 4.5.1+git230720-4ubuntu2.5 [5642 B]
2026-10-09T09:43:30.3872799Z Get:205 http://azure.archive.ubuntu.com/ubuntu noble-updates/main amd64 libtiff-dev amd64 4.5.1+git230720-4ubuntu2.5 [338 kB]
2026-10-09T09:43:30.4575000Z Get:206 http://azure.archive.ubuntu.com/ubuntu noble/universe amd64 libsdl2-image-dev amd64 2.8.2+dfsg-1build2 [77.1 kB]
2026-10-09T09:43:30.5250535Z Get:207 http://azure.archive.ubuntu.com/ubuntu noble/universe amd64 libsdl2-mixer-2.0-0 amd64 2.8.0+dfsg-1build3 [81.8 kB]
2026-10-09T09:43:30.5899856Z Get:208 http://azure.archive.ubuntu.com/ubuntu noble/universe amd64 libsdl2-mixer-dev amd64 2.8.0+dfsg-1build3 [116 kB]
2026-10-09T09:43:30.6554918Z Get:209 http://azure.archive.ubuntu.com/ubuntu noble/universe amd64 libsdl2-ttf-2.0-0 amd64 2.22.0+dfsg-1 [35.7 kB]
2026-10-09T09:43:30.7201078Z Get:210 http://azure.archive.ubuntu.com/ubuntu noble/universe amd64 libsdl2-ttf-dev amd64 2.22.0+dfsg-1 [45.8 kB]
2026-10-09T09:43:30.7870332Z Get:211 http://azure.archive.ubuntu.com/ubuntu noble/universe amd64 libutf8proc3 amd64 2.9.0-1build1 [70.6 kB]
2026-10-09T09:43:30.8522723Z Get:212 http://azure.archive.ubuntu.com/ubuntu noble/universe amd64 libutf8proc-dev amd64 2.9.0-1build1 [74.1 kB]
2026-10-09T09:43:30.9173419Z Get:213 http://azure.archive.ubuntu.com/ubuntu noble/main amd64 libuv1-dev amd64 1.48.0-1.1build1 [136 kB]
2026-10-09T09:43:30.9835478Z Get:214 http://azure.archive.ubuntu.com/ubuntu noble/main amd64 libvulkan-dev amd64 1.3.275.0-1build1 [1239 kB]
2026-10-09T09:43:31.0727799Z Get:215 http://azure.archive.ubuntu.com/ubuntu noble/universe amd64 libbullet-dev amd64 3.24+dfsg-2.1build1 [397 kB]
2026-10-09T09:43:31.1447714Z Get:216 http://azure.archive.ubuntu.com/ubuntu noble-updates/main amd64 libgd-perl amd64 2.78-1ubuntu0.24.04.1 [129 kB]
2026-10-09T09:43:31.5969023Z Fetched 39.1 MB in 16s (2480 kB/s)
2026-10-09T09:43:32.4643637Z (Reading database ... 203191 files and directories currently installed.)
2026-10-09T09:43:32.4686538Z Preparing to unpack .../000-libpng16-16t64_1.6.43-5ubuntu0.7_amd64.deb ...
2026-10-09T09:43:32.4736741Z Unpacking libpng16-16t64:amd64 (1.6.43-5ubuntu0.7) over (1.6.43-5ubuntu0.6) ...
2026-10-09T09:43:32.4993331Z Selecting previously unselected package build-essential.
2026-10-09T09:43:32.5120392Z Preparing to unpack .../001-build-essential_12.10ubuntu1_amd64.deb ...
2026-10-09T09:43:32.5126482Z Unpacking build-essential (12.10ubuntu1) ...
2026-10-09T09:43:32.5312943Z Selecting previously unselected package bzip2-doc.
2026-10-09T09:43:32.5436951Z Preparing to unpack .../002-bzip2-doc_1.0.8-5.1ubuntu0.1_all.deb ...
2026-10-09T09:43:32.5442852Z Unpacking bzip2-doc (1.0.8-5.1ubuntu0.1) ...
2026-10-09T09:43:32.5680314Z Selecting previously unselected package libglut3.12:amd64.
2026-10-09T09:43:32.5806231Z Preparing to unpack .../003-libglut3.12_3.4.0-1build1_amd64.deb ...
2026-10-09T09:43:32.5813160Z Unpacking libglut3.12:amd64 (3.4.0-1build1) ...
2026-10-09T09:43:32.6011169Z Selecting previously unselected package xorg-sgml-doctools.
2026-10-09T09:43:32.6139631Z Preparing to unpack .../004-xorg-sgml-doctools_1%3a1.11-1.1_all.deb ...
2026-10-09T09:43:32.6146323Z Unpacking xorg-sgml-doctools (1:1.11-1.1) ...
2026-10-09T09:43:32.6370021Z Selecting previously unselected package x11proto-dev.
2026-10-09T09:43:32.6498276Z Preparing to unpack .../005-x11proto-dev_2023.2-1_all.deb ...
2026-10-09T09:43:32.6504912Z Unpacking x11proto-dev (2023.2-1) ...
2026-10-09T09:43:32.7025657Z Selecting previously unselected package libxau-dev:amd64.
2026-10-09T09:43:32.7157734Z Preparing to unpack .../006-libxau-dev_1%3a1.0.9-1build6_amd64.deb ...
2026-10-09T09:43:32.7165000Z Unpacking libxau-dev:amd64 (1:1.0.9-1build6) ...
2026-10-09T09:43:32.7434792Z Selecting previously unselected package libxdmcp-dev:amd64.
2026-10-09T09:43:32.7566232Z Preparing to unpack .../007-libxdmcp-dev_1%3a1.1.3-0ubuntu6_amd64.deb ...
2026-10-09T09:43:32.7574000Z Unpacking libxdmcp-dev:amd64 (1:1.1.3-0ubuntu6) ...
2026-10-09T09:43:32.7780566Z Selecting previously unselected package xtrans-dev.
2026-10-09T09:43:32.7912622Z Preparing to unpack .../008-xtrans-dev_1.4.0-1_all.deb ...
2026-10-09T09:43:32.7920326Z Unpacking xtrans-dev (1.4.0-1) ...
2026-10-09T09:43:32.8169325Z Selecting previously unselected package libpthread-stubs0-dev:amd64.
2026-10-09T09:43:32.8301995Z Preparing to unpack .../009-libpthread-stubs0-dev_0.4-1build3_amd64.deb ...
2026-10-09T09:43:32.8309600Z Unpacking libpthread-stubs0-dev:amd64 (0.4-1build3) ...
2026-10-09T09:43:32.8508818Z Selecting previously unselected package libxcb1-dev:amd64.
2026-10-09T09:43:32.8642017Z Preparing to unpack .../010-libxcb1-dev_1.15-1ubuntu2_amd64.deb ...
2026-10-09T09:43:32.8649153Z Unpacking libxcb1-dev:amd64 (1.15-1ubuntu2) ...
2026-10-09T09:43:32.8876480Z Selecting previously unselected package libx11-dev:amd64.
2026-10-09T09:43:32.9005018Z Preparing to unpack .../011-libx11-dev_2%3a1.8.7-1build1_amd64.deb ...
2026-10-09T09:43:32.9012787Z Unpacking libx11-dev:amd64 (2:1.8.7-1build1) ...
2026-10-09T09:43:32.9317166Z Selecting previously unselected package libglx-dev:amd64.
2026-10-09T09:43:32.9447663Z Preparing to unpack .../012-libglx-dev_1.7.0-1build1_amd64.deb ...
2026-10-09T09:43:32.9454499Z Unpacking libglx-dev:amd64 (1.7.0-1build1) ...
2026-10-09T09:43:32.9665174Z Selecting previously unselected package libgl-dev:amd64.
2026-10-09T09:43:32.9794497Z Preparing to unpack .../013-libgl-dev_1.7.0-1build1_amd64.deb ...
2026-10-09T09:43:32.9801494Z Unpacking libgl-dev:amd64 (1.7.0-1build1) ...
2026-10-09T09:43:33.0036461Z Selecting previously unselected package libglvnd-core-dev:amd64.
2026-10-09T09:43:33.0163879Z Preparing to unpack .../014-libglvnd-core-dev_1.7.0-1build1_amd64.deb ...
2026-10-09T09:43:33.0170384Z Unpacking libglvnd-core-dev:amd64 (1.7.0-1build1) ...
2026-10-09T09:43:33.0380797Z Selecting previously unselected package libegl-mesa0:amd64.
2026-10-09T09:43:33.0507373Z Preparing to unpack .../015-libegl-mesa0_25.2.8-0ubuntu0.24.04.4_amd64.deb ...
2026-10-09T09:43:33.0514661Z Unpacking libegl-mesa0:amd64 (25.2.8-0ubuntu0.24.04.4) ...
2026-10-09T09:43:33.0754660Z Selecting previously unselected package libegl1:amd64.
2026-10-09T09:43:33.0894003Z Preparing to unpack .../016-libegl1_1.7.0-1build1_amd64.deb ...
2026-10-09T09:43:33.0903199Z Unpacking libegl1:amd64 (1.7.0-1build1) ...
2026-10-09T09:43:33.1117418Z Selecting previously unselected package libegl-dev:amd64.
2026-10-09T09:43:33.1248833Z Preparing to unpack .../017-libegl-dev_1.7.0-1build1_amd64.deb ...
2026-10-09T09:43:33.1255877Z Unpacking libegl-dev:amd64 (1.7.0-1build1) ...
2026-10-09T09:43:33.1482987Z Selecting previously unselected package libgles1:amd64.
2026-10-09T09:43:33.1616030Z Preparing to unpack .../018-libgles1_1.7.0-1build1_amd64.deb ...
2026-10-09T09:43:33.1623118Z Unpacking libgles1:amd64 (1.7.0-1build1) ...
2026-10-09T09:43:33.1836122Z Selecting previously unselected package libgles2:amd64.
2026-10-09T09:43:33.1967960Z Preparing to unpack .../019-libgles2_1.7.0-1build1_amd64.deb ...
2026-10-09T09:43:33.1976170Z Unpacking libgles2:amd64 (1.7.0-1build1) ...
2026-10-09T09:43:33.2189790Z Selecting previously unselected package libgles-dev:amd64.
2026-10-09T09:43:33.2320882Z Preparing to unpack .../020-libgles-dev_1.7.0-1build1_amd64.deb ...
2026-10-09T09:43:33.2327762Z Unpacking libgles-dev:amd64 (1.7.0-1build1) ...
2026-10-09T09:43:33.2573703Z Selecting previously unselected package libopengl0:amd64.
2026-10-09T09:43:33.2704542Z Preparing to unpack .../021-libopengl0_1.7.0-1build1_amd64.deb ...
2026-10-09T09:43:33.2713327Z Unpacking libopengl0:amd64 (1.7.0-1build1) ...
2026-10-09T09:43:33.2923740Z Selecting previously unselected package libopengl-dev:amd64.
2026-10-09T09:43:33.3051221Z Preparing to unpack .../022-libopengl-dev_1.7.0-1build1_amd64.deb ...
2026-10-09T09:43:33.3057524Z Unpacking libopengl-dev:amd64 (1.7.0-1build1) ...
2026-10-09T09:43:33.3252096Z Selecting previously unselected package libglvnd-dev:amd64.
2026-10-09T09:43:33.3381879Z Preparing to unpack .../023-libglvnd-dev_1.7.0-1build1_amd64.deb ...
2026-10-09T09:43:33.3388658Z Unpacking libglvnd-dev:amd64 (1.7.0-1build1) ...
2026-10-09T09:43:33.3588364Z Selecting previously unselected package libgl1-mesa-dev:amd64.
2026-10-09T09:43:33.3717948Z Preparing to unpack .../024-libgl1-mesa-dev_25.2.8-0ubuntu0.24.04.4_amd64.deb ...
2026-10-09T09:43:33.3725071Z Unpacking libgl1-mesa-dev:amd64 (25.2.8-0ubuntu0.24.04.4) ...
2026-10-09T09:43:33.3926671Z Selecting previously unselected package libglu1-mesa:amd64.
2026-10-09T09:43:33.4059215Z Preparing to unpack .../025-libglu1-mesa_9.0.2-1.1build1_amd64.deb ...
2026-10-09T09:43:33.4066276Z Unpacking libglu1-mesa:amd64 (9.0.2-1.1build1) ...
2026-10-09T09:43:33.4276488Z Selecting previously unselected package libglu1-mesa-dev:amd64.
2026-10-09T09:43:33.4407658Z Preparing to unpack .../026-libglu1-mesa-dev_9.0.2-1.1build1_amd64.deb ...
2026-10-09T09:43:33.4413856Z Unpacking libglu1-mesa-dev:amd64 (9.0.2-1.1build1) ...
2026-10-09T09:43:33.4646635Z Selecting previously unselected package libxext-dev:amd64.
2026-10-09T09:43:33.4779519Z Preparing to unpack .../027-libxext-dev_2%3a1.3.4-1build2_amd64.deb ...
2026-10-09T09:43:33.4786646Z Unpacking libxext-dev:amd64 (2:1.3.4-1build2) ...
2026-10-09T09:43:33.5100863Z Selecting previously unselected package libice-dev:amd64.
2026-10-09T09:43:33.5233135Z Preparing to unpack .../028-libice-dev_2%3a1.0.10-1build3_amd64.deb ...
2026-10-09T09:43:33.5242337Z Unpacking libice-dev:amd64 (2:1.0.10-1build3) ...
2026-10-09T09:43:33.5463699Z Selecting previously unselected package libsm-dev:amd64.
2026-10-09T09:43:33.5595328Z Preparing to unpack .../029-libsm-dev_2%3a1.2.3-1build3_amd64.deb ...
2026-10-09T09:43:33.5603921Z Unpacking libsm-dev:amd64 (2:1.2.3-1build3) ...
2026-10-09T09:43:33.5823951Z Selecting previously unselected package libxt-dev:amd64.
2026-10-09T09:43:33.5954791Z Preparing to unpack .../030-libxt-dev_1%3a1.2.1-1.2build1_amd64.deb ...
2026-10-09T09:43:33.5961611Z Unpacking libxt-dev:amd64 (1:1.2.1-1.2build1) ...
2026-10-09T09:43:33.6526101Z Selecting previously unselected package libglut-dev:amd64.
2026-10-09T09:43:33.6658613Z Preparing to unpack .../031-libglut-dev_3.4.0-1build1_amd64.deb ...
2026-10-09T09:43:33.6667255Z Unpacking libglut-dev:amd64 (3.4.0-1build1) ...
2026-10-09T09:43:33.6907372Z Selecting previously unselected package freeglut3-dev:amd64.
2026-10-09T09:43:33.7035645Z Preparing to unpack .../032-freeglut3-dev_3.4.0-1build1_amd64.deb ...
2026-10-09T09:43:33.7042281Z Unpacking freeglut3-dev:amd64 (3.4.0-1build1) ...
2026-10-09T09:43:33.7229912Z Selecting previously unselected package gforth-common.
2026-10-09T09:43:33.7360935Z Preparing to unpack .../033-gforth-common_0.7.3+dfsg-9build4.1_all.deb ...
2026-10-09T09:43:33.7369075Z Unpacking gforth-common (0.7.3+dfsg-9build4.1) ...
2026-10-09T09:43:33.7912330Z Selecting previously unselected package gforth-lib:amd64.
2026-10-09T09:43:33.8040827Z Preparing to unpack .../034-gforth-lib_0.7.3+dfsg-9build4.1_amd64.deb ...
2026-10-09T09:43:33.8049889Z Unpacking gforth-lib:amd64 (0.7.3+dfsg-9build4.1) ...
2026-10-09T09:43:33.8295125Z Selecting previously unselected package gforth.
2026-10-09T09:43:33.8424348Z Preparing to unpack .../035-gforth_0.7.3+dfsg-9build4.1_amd64.deb ...
2026-10-09T09:43:33.8703700Z Unpacking gforth (0.7.3+dfsg-9build4.1) ...
2026-10-09T09:43:33.9168806Z Selecting previously unselected package gir1.2-freedesktop:amd64.
2026-10-09T09:43:33.9299928Z Preparing to unpack .../036-gir1.2-freedesktop_1.80.1-1_amd64.deb ...
2026-10-09T09:43:33.9307284Z Unpacking gir1.2-freedesktop:amd64 (1.80.1-1) ...
2026-10-09T09:43:33.9533216Z Selecting previously unselected package gir1.2-glib-2.0-dev:amd64.
2026-10-09T09:43:33.9665777Z Preparing to unpack .../037-gir1.2-glib-2.0-dev_2.80.0-6ubuntu3.9_amd64.deb ...
2026-10-09T09:43:33.9673599Z Unpacking gir1.2-glib-2.0-dev:amd64 (2.80.0-6ubuntu3.9) ...
2026-10-09T09:43:34.0224071Z Selecting previously unselected package gir1.2-freedesktop-dev:amd64.
2026-10-09T09:43:34.0356697Z Preparing to unpack .../038-gir1.2-freedesktop-dev_1.80.1-1_amd64.deb ...
2026-10-09T09:43:34.0364197Z Unpacking gir1.2-freedesktop-dev:amd64 (1.80.1-1) ...
2026-10-09T09:43:34.0586037Z Selecting previously unselected package libharfbuzz-gobject0:amd64.
2026-10-09T09:43:34.0715886Z Preparing to unpack .../039-libharfbuzz-gobject0_8.3.0-2build2_amd64.deb ...
2026-10-09T09:43:34.0724060Z Unpacking libharfbuzz-gobject0:amd64 (8.3.0-2build2) ...
2026-10-09T09:43:34.0929241Z Selecting previously unselected package gir1.2-harfbuzz-0.0:amd64.
2026-10-09T09:43:34.1057278Z Preparing to unpack .../040-gir1.2-harfbuzz-0.0_8.3.0-2build2_amd64.deb ...
2026-10-09T09:43:34.1063867Z Unpacking gir1.2-harfbuzz-0.0:amd64 (8.3.0-2build2) ...
2026-10-09T09:43:34.1267108Z Selecting previously unselected package libibus-1.0-5:amd64.
2026-10-09T09:43:34.1396708Z Preparing to unpack .../041-libibus-1.0-5_1.5.29-2_amd64.deb ...
2026-10-09T09:43:34.1404074Z Unpacking libibus-1.0-5:amd64 (1.5.29-2) ...
2026-10-09T09:43:34.1641971Z Selecting previously unselected package gir1.2-ibus-1.0:amd64.
2026-10-09T09:43:34.1772832Z Preparing to unpack .../042-gir1.2-ibus-1.0_1.5.29-2_amd64.deb ...
2026-10-09T09:43:34.1781095Z Unpacking gir1.2-ibus-1.0:amd64 (1.5.29-2) ...
2026-10-09T09:43:34.1992841Z Selecting previously unselected package libcapture-tiny-perl.
2026-10-09T09:43:34.2124806Z Preparing to unpack .../043-libcapture-tiny-perl_0.48-2_all.deb ...
2026-10-09T09:43:34.2132154Z Unpacking libcapture-tiny-perl (0.48-2) ...
2026-10-09T09:43:34.2336471Z Selecting previously unselected package libclass-inspector-perl.
2026-10-09T09:43:34.2468262Z Preparing to unpack .../044-libclass-inspector-perl_1.36-3_all.deb ...
2026-10-09T09:43:34.2475966Z Unpacking libclass-inspector-perl (1.36-3) ...
2026-10-09T09:43:34.2673859Z Selecting previously unselected package libfile-sharedir-perl.
2026-10-09T09:43:34.2805687Z Preparing to unpack .../045-libfile-sharedir-perl_1.118-3_all.deb ...
2026-10-09T09:43:34.2822693Z Unpacking libfile-sharedir-perl (1.118-3) ...
2026-10-09T09:43:34.3030205Z Selecting previously unselected package libb-hooks-op-check-perl:amd64.
2026-10-09T09:43:34.3162552Z Preparing to unpack .../046-libb-hooks-op-check-perl_0.22-3build1_amd64.deb ...
2026-10-09T09:43:34.3169687Z Unpacking libb-hooks-op-check-perl:amd64 (0.22-3build1) ...
2026-10-09T09:43:34.3378207Z Selecting previously unselected package libdynaloader-functions-perl.
2026-10-09T09:43:34.3514516Z Preparing to unpack .../047-libdynaloader-functions-perl_0.003-3_all.deb ...
2026-10-09T09:43:34.3522451Z Unpacking libdynaloader-functions-perl (0.003-3) ...
2026-10-09T09:43:34.3735816Z Selecting previously unselected package libdevel-callchecker-perl:amd64.
2026-10-09T09:43:34.3866949Z Preparing to unpack .../048-libdevel-callchecker-perl_0.008-2build3_amd64.deb ...
2026-10-09T09:43:34.3874169Z Unpacking libdevel-callchecker-perl:amd64 (0.008-2build3) ...
2026-10-09T09:43:34.4070877Z Selecting previously unselected package libparams-classify-perl:amd64.
2026-10-09T09:43:34.4202724Z Preparing to unpack .../049-libparams-classify-perl_0.015-2build5_amd64.deb ...
2026-10-09T09:43:34.4209703Z Unpacking libparams-classify-perl:amd64 (0.015-2build5) ...
2026-10-09T09:43:34.4411357Z Selecting previously unselected package libmodule-runtime-perl.
2026-10-09T09:43:34.4540061Z Preparing to unpack .../050-libmodule-runtime-perl_0.016-2_all.deb ...
2026-10-09T09:43:34.4549001Z Unpacking libmodule-runtime-perl (0.016-2) ...
2026-10-09T09:43:34.4747220Z Selecting previously unselected package libtry-tiny-perl.
2026-10-09T09:43:34.4878011Z Preparing to unpack .../051-libtry-tiny-perl_0.31-2_all.deb ...
2026-10-09T09:43:34.4886157Z Unpacking libtry-tiny-perl (0.31-2) ...
2026-10-09T09:43:34.5083116Z Selecting previously unselected package libmodule-implementation-perl.
2026-10-09T09:43:34.5213986Z Preparing to unpack .../052-libmodule-implementation-perl_0.09-2_all.deb ...
2026-10-09T09:43:34.5221051Z Unpacking libmodule-implementation-perl (0.09-2) ...
2026-10-09T09:43:34.5411979Z Selecting previously unselected package libsub-exporter-progressive-perl.
2026-10-09T09:43:34.5541489Z Preparing to unpack .../053-libsub-exporter-progressive-perl_0.001013-3_all.deb ...
2026-10-09T09:43:34.5548126Z Unpacking libsub-exporter-progressive-perl (0.001013-3) ...
2026-10-09T09:43:34.5740380Z Selecting previously unselected package libvariable-magic-perl.
2026-10-09T09:43:34.5868021Z Preparing to unpack .../054-libvariable-magic-perl_0.63-1build3_amd64.deb ...
2026-10-09T09:43:34.5874890Z Unpacking libvariable-magic-perl (0.63-1build3) ...
2026-10-09T09:43:34.6086552Z Selecting previously unselected package libb-hooks-endofscope-perl.
2026-10-09T09:43:34.6215545Z Preparing to unpack .../055-libb-hooks-endofscope-perl_0.28-1_all.deb ...
2026-10-09T09:43:34.6222844Z Unpacking libb-hooks-endofscope-perl (0.28-1) ...
2026-10-09T09:43:34.6654119Z Selecting previously unselected package libpackage-stash-perl.
2026-10-09T09:43:34.6787002Z Preparing to unpack .../056-libpackage-stash-perl_0.40-1_all.deb ...
2026-10-09T09:43:34.6794894Z Unpacking libpackage-stash-perl (0.40-1) ...
2026-10-09T09:43:34.7001886Z Selecting previously unselected package libsub-identify-perl.
2026-10-09T09:43:34.7133159Z Preparing to unpack .../057-libsub-identify-perl_0.14-3build3_amd64.deb ...
2026-10-09T09:43:34.7140386Z Unpacking libsub-identify-perl (0.14-3build3) ...
2026-10-09T09:43:34.7341931Z Selecting previously unselected package libsub-name-perl:amd64.
2026-10-09T09:43:34.7470428Z Preparing to unpack .../058-libsub-name-perl_0.27-1build3_amd64.deb ...
2026-10-09T09:43:34.7477440Z Unpacking libsub-name-perl:amd64 (0.27-1build3) ...
2026-10-09T09:43:34.7671650Z Selecting previously unselected package libnamespace-clean-perl.
2026-10-09T09:43:34.7802265Z Preparing to unpack .../059-libnamespace-clean-perl_0.27-2_all.deb ...
2026-10-09T09:43:34.7809074Z Unpacking libnamespace-clean-perl (0.27-2) ...
2026-10-09T09:43:34.8002035Z Selecting previously unselected package libnamespace-autoclean-perl.
2026-10-09T09:43:34.8130070Z Preparing to unpack .../060-libnamespace-autoclean-perl_0.29-2_all.deb ...
2026-10-09T09:43:34.8137192Z Unpacking libnamespace-autoclean-perl (0.29-2) ...
2026-10-09T09:43:34.8332854Z Selecting previously unselected package libparams-util-perl.
2026-10-09T09:43:34.8464669Z Preparing to unpack .../061-libparams-util-perl_1.102-2build3_amd64.deb ...
2026-10-09T09:43:34.8472368Z Unpacking libparams-util-perl (1.102-2build3) ...
2026-10-09T09:43:34.8685015Z Selecting previously unselected package libsub-install-perl.
2026-10-09T09:43:34.8816868Z Preparing to unpack .../062-libsub-install-perl_0.929-1_all.deb ...
2026-10-09T09:43:34.8824276Z Unpacking libsub-install-perl (0.929-1) ...
2026-10-09T09:43:34.9021086Z Selecting previously unselected package libdata-optlist-perl.
2026-10-09T09:43:34.9153105Z Preparing to unpack .../063-libdata-optlist-perl_0.114-1_all.deb ...
2026-10-09T09:43:34.9159975Z Unpacking libdata-optlist-perl (0.114-1) ...
2026-10-09T09:43:34.9351293Z Selecting previously unselected package libsub-exporter-perl.
2026-10-09T09:43:34.9481632Z Preparing to unpack .../064-libsub-exporter-perl_0.990-1_all.deb ...
2026-10-09T09:43:34.9488836Z Unpacking libsub-exporter-perl (0.990-1) ...
2026-10-09T09:43:34.9698078Z Selecting previously unselected package libeval-closure-perl.
2026-10-09T09:43:34.9829856Z Preparing to unpack .../065-libeval-closure-perl_0.14-3_all.deb ...
2026-10-09T09:43:34.9837798Z Unpacking libeval-closure-perl (0.14-3) ...
2026-10-09T09:43:35.0048791Z Selecting previously unselected package libclass-data-inheritable-perl.
2026-10-09T09:43:35.0178012Z Preparing to unpack .../066-libclass-data-inheritable-perl_0.08-3_all.deb ...
2026-10-09T09:43:35.0185058Z Unpacking libclass-data-inheritable-perl (0.08-3) ...
2026-10-09T09:43:35.0398567Z Selecting previously unselected package libdevel-stacktrace-perl.
2026-10-09T09:43:35.0529012Z Preparing to unpack .../067-libdevel-stacktrace-perl_2.0500-1_all.deb ...
2026-10-09T09:43:35.0536696Z Unpacking libdevel-stacktrace-perl (2.0500-1) ...
2026-10-09T09:43:35.0753110Z Selecting previously unselected package libexception-class-perl.
2026-10-09T09:43:35.0883730Z Preparing to unpack .../068-libexception-class-perl_1.45-1_all.deb ...
2026-10-09T09:43:35.0891623Z Unpacking libexception-class-perl (1.45-1) ...
2026-10-09T09:43:35.1091909Z Selecting previously unselected package libparams-validationcompiler-perl.
2026-10-09T09:43:35.1223184Z Preparing to unpack .../069-libparams-validationcompiler-perl_0.31-1_all.deb ...
2026-10-09T09:43:35.1231441Z Unpacking libparams-validationcompiler-perl (0.31-1) ...
2026-10-09T09:43:35.1447058Z Selecting previously unselected package libalgorithm-c3-perl.
2026-10-09T09:43:35.1579163Z Preparing to unpack .../070-libalgorithm-c3-perl_0.11-2_all.deb ...
2026-10-09T09:43:35.1586364Z Unpacking libalgorithm-c3-perl (0.11-2) ...
2026-10-09T09:43:35.1793593Z Selecting previously unselected package libclass-c3-perl.
2026-10-09T09:43:35.1922732Z Preparing to unpack .../071-libclass-c3-perl_0.35-2_all.deb ...
2026-10-09T09:43:35.1929570Z Unpacking libclass-c3-perl (0.35-2) ...
2026-10-09T09:43:35.2119707Z Selecting previously unselected package libmro-compat-perl.
2026-10-09T09:43:35.2245646Z Preparing to unpack .../072-libmro-compat-perl_0.15-2_all.deb ...
2026-10-09T09:43:35.2252684Z Unpacking libmro-compat-perl (0.15-2) ...
2026-10-09T09:43:35.2436583Z Selecting previously unselected package libclass-method-modifiers-perl.
2026-10-09T09:43:35.2564436Z Preparing to unpack .../073-libclass-method-modifiers-perl_2.15-1_all.deb ...
2026-10-09T09:43:35.2571432Z Unpacking libclass-method-modifiers-perl (2.15-1) ...
2026-10-09T09:43:35.2769118Z Selecting previously unselected package librole-tiny-perl.
2026-10-09T09:43:35.2896181Z Preparing to unpack .../074-librole-tiny-perl_2.002004-1_all.deb ...
2026-10-09T09:43:35.2903749Z Unpacking librole-tiny-perl (2.002004-1) ...
2026-10-09T09:43:35.3105467Z Selecting previously unselected package libsub-quote-perl.
2026-10-09T09:43:35.3234548Z Preparing to unpack .../075-libsub-quote-perl_2.006008-1ubuntu1_all.deb ...
2026-10-09T09:43:35.3241692Z Unpacking libsub-quote-perl (2.006008-1ubuntu1) ...
2026-10-09T09:43:35.3433298Z Selecting previously unselected package libxstring-perl:amd64.
2026-10-09T09:43:35.3561540Z Preparing to unpack .../076-libxstring-perl_0.005-2build3_amd64.deb ...
2026-10-09T09:43:35.3571886Z Unpacking libxstring-perl:amd64 (0.005-2build3) ...
2026-10-09T09:43:35.3770917Z Selecting previously unselected package libspecio-perl.
2026-10-09T09:43:35.3902660Z Preparing to unpack .../077-libspecio-perl_0.48-1_all.deb ...
2026-10-09T09:43:35.3910956Z Unpacking libspecio-perl (0.48-1) ...
2026-10-09T09:43:35.4227783Z Selecting previously unselected package libdatetime-locale-perl.
2026-10-09T09:43:35.4355854Z Preparing to unpack .../078-libdatetime-locale-perl_1%3a1.37-1_all.deb ...
2026-10-09T09:43:35.4362822Z Unpacking libdatetime-locale-perl (1:1.37-1) ...
2026-10-09T09:43:35.8826237Z Selecting previously unselected package libclass-singleton-perl.
2026-10-09T09:43:35.8972338Z Preparing to unpack .../079-libclass-singleton-perl_1.6-2_all.deb ...
2026-10-09T09:43:35.8980351Z Unpacking libclass-singleton-perl (1.6-2) ...
2026-10-09T09:43:35.9193454Z Selecting previously unselected package libdatetime-timezone-perl.
2026-10-09T09:43:35.9327436Z Preparing to unpack .../080-libdatetime-timezone-perl_1%3a2.62-1+2024a_all.deb ...
2026-10-09T09:43:35.9335276Z Unpacking libdatetime-timezone-perl (1:2.62-1+2024a) ...
2026-10-09T09:43:36.0439683Z Selecting previously unselected package libdatetime-perl.
2026-10-09T09:43:36.0571815Z Preparing to unpack .../081-libdatetime-perl_2%3a1.65-1build2_amd64.deb ...
2026-10-09T09:43:36.0579391Z Unpacking libdatetime-perl (2:1.65-1build2) ...
2026-10-09T09:43:36.0819328Z Selecting previously unselected package libperlio-gzip-perl.
2026-10-09T09:43:36.0947970Z Preparing to unpack .../082-libperlio-gzip-perl_0.20-1build4_amd64.deb ...
2026-10-09T09:43:36.0954422Z Unpacking libperlio-gzip-perl (0.20-1build4) ...
2026-10-09T09:43:36.1149552Z Selecting previously unselected package lcov.
2026-10-09T09:43:36.1279967Z Preparing to unpack .../083-lcov_2.0-4ubuntu2_all.deb ...
2026-10-09T09:43:36.1287884Z Unpacking lcov (2.0-4ubuntu2) ...
2026-10-09T09:43:36.1588574Z Selecting previously unselected package libasound2-dev:amd64.
2026-10-09T09:43:36.1717457Z Preparing to unpack .../084-libasound2-dev_1.2.11-1ubuntu0.3_amd64.deb ...
2026-10-09T09:43:36.1749874Z Unpacking libasound2-dev:amd64 (1.2.11-1ubuntu0.3) ...
2026-10-09T09:43:36.2059174Z Selecting previously unselected package libasyncns0:amd64.
2026-10-09T09:43:36.2190703Z Preparing to unpack .../085-libasyncns0_0.8-6build4_amd64.deb ...
2026-10-09T09:43:36.2197385Z Unpacking libasyncns0:amd64 (0.8-6build4) ...
2026-10-09T09:43:36.2380843Z Selecting previously unselected package libbrotli-dev:amd64.
2026-10-09T09:43:36.2508161Z Preparing to unpack .../086-libbrotli-dev_1.1.0-2build2_amd64.deb ...
2026-10-09T09:43:36.2514640Z Unpacking libbrotli-dev:amd64 (1.1.0-2build2) ...
2026-10-09T09:43:36.2754034Z Selecting previously unselected package libbullet3.24t64:amd64.
2026-10-09T09:43:36.2884963Z Preparing to unpack .../087-libbullet3.24t64_3.24+dfsg-2.1build1_amd64.deb ...
2026-10-09T09:43:36.2891942Z Unpacking libbullet3.24t64:amd64 (3.24+dfsg-2.1build1) ...
2026-10-09T09:43:36.3366026Z Selecting previously unselected package libbz2-dev:amd64.
2026-10-09T09:43:36.3495343Z Preparing to unpack .../088-libbz2-dev_1.0.8-5.1ubuntu0.1_amd64.deb ...
2026-10-09T09:43:36.3501784Z Unpacking libbz2-dev:amd64 (1.0.8-5.1ubuntu0.1) ...
2026-10-09T09:43:36.3730136Z Selecting previously unselected package libclass-c3-xs-perl.
2026-10-09T09:43:36.3860137Z Preparing to unpack .../089-libclass-c3-xs-perl_0.15-1build6_amd64.deb ...
2026-10-09T09:43:36.3868063Z Unpacking libclass-c3-xs-perl (0.15-1build6) ...
2026-10-09T09:43:36.4065884Z Selecting previously unselected package libclass-xsaccessor-perl.
2026-10-09T09:43:36.4195253Z Preparing to unpack .../090-libclass-xsaccessor-perl_1.19-4build4_amd64.deb ...
2026-10-09T09:43:36.4201542Z Unpacking libclass-xsaccessor-perl (1.19-4build4) ...
2026-10-09T09:43:36.4410854Z Selecting previously unselected package libdbus-1-dev:amd64.
2026-10-09T09:43:36.4542555Z Preparing to unpack .../091-libdbus-1-dev_1.14.10-4ubuntu4.1_amd64.deb ...
2026-10-09T09:43:36.4548206Z Unpacking libdbus-1-dev:amd64 (1.14.10-4ubuntu4.1) ...
2026-10-09T09:43:36.4833701Z Selecting previously unselected package libdecor-0-0:amd64.
2026-10-09T09:43:36.4963025Z Preparing to unpack .../092-libdecor-0-0_0.2.2-1build2_amd64.deb ...
2026-10-09T09:43:36.4969654Z Unpacking libdecor-0-0:amd64 (0.2.2-1build2) ...
2026-10-09T09:43:36.5177641Z Selecting previously unselected package libwayland-server0:amd64.
2026-10-09T09:43:36.5308619Z Preparing to unpack .../093-libwayland-server0_1.22.0-2.1build1_amd64.deb ...
2026-10-09T09:43:36.5315719Z Unpacking libwayland-server0:amd64 (1.22.0-2.1build1) ...
2026-10-09T09:43:36.5508503Z Selecting previously unselected package libwayland-bin.
2026-10-09T09:43:36.5639208Z Preparing to unpack .../094-libwayland-bin_1.22.0-2.1build1_amd64.deb ...
2026-10-09T09:43:36.5645569Z Unpacking libwayland-bin (1.22.0-2.1build1) ...
2026-10-09T09:43:36.5837000Z Selecting previously unselected package libwayland-dev:amd64.
2026-10-09T09:43:36.5967486Z Preparing to unpack .../095-libwayland-dev_1.22.0-2.1build1_amd64.deb ...
2026-10-09T09:43:36.5974469Z Unpacking libwayland-dev:amd64 (1.22.0-2.1build1) ...
2026-10-09T09:43:36.6212757Z Selecting previously unselected package libdecor-0-dev:amd64.
2026-10-09T09:43:36.6345808Z Preparing to unpack .../096-libdecor-0-dev_0.2.2-1build2_amd64.deb ...
2026-10-09T09:43:36.6353917Z Unpacking libdecor-0-dev:amd64 (0.2.2-1build2) ...
2026-10-09T09:43:36.6548311Z Selecting previously unselected package libdecor-0-plugin-1-gtk:amd64.
2026-10-09T09:43:36.6681025Z Preparing to unpack .../097-libdecor-0-plugin-1-gtk_0.2.2-1build2_amd64.deb ...
2026-10-09T09:43:36.6686460Z Unpacking libdecor-0-plugin-1-gtk:amd64 (0.2.2-1build2) ...
2026-10-09T09:43:36.6878151Z Selecting previously unselected package libdeflate-dev:amd64.
2026-10-09T09:43:36.7006860Z Preparing to unpack .../098-libdeflate-dev_1.19-1build1.1_amd64.deb ...
2026-10-09T09:43:36.7014299Z Unpacking libdeflate-dev:amd64 (1.19-1build1.1) ...
2026-10-09T09:43:36.7241093Z Selecting previously unselected package libpadwalker-perl.
2026-10-09T09:43:36.7369394Z Preparing to unpack .../099-libpadwalker-perl_2.5-1build6_amd64.deb ...
2026-10-09T09:43:36.7376930Z Unpacking libpadwalker-perl (2.5-1build6) ...
2026-10-09T09:43:36.7575863Z Selecting previously unselected package libdevel-caller-perl:amd64.
2026-10-09T09:43:36.7704789Z Preparing to unpack .../100-libdevel-caller-perl_2.07-1build3_amd64.deb ...
2026-10-09T09:43:36.7714697Z Unpacking libdevel-caller-perl:amd64 (2.07-1build3) ...
2026-10-09T09:43:36.7918075Z Selecting previously unselected package libdevel-lexalias-perl.
2026-10-09T09:43:36.8051302Z Preparing to unpack .../101-libdevel-lexalias-perl_0.05-3build4_amd64.deb ...
2026-10-09T09:43:36.8063090Z Unpacking libdevel-lexalias-perl (0.05-3build4) ...
2026-10-09T09:43:36.8280340Z Selecting previously unselected package libdrm-radeon1:amd64.
2026-10-09T09:43:36.8413622Z Preparing to unpack .../102-libdrm-radeon1_2.4.125-1ubuntu0.1~24.04.2_amd64.deb ...
2026-10-09T09:43:36.8421204Z Unpacking libdrm-radeon1:amd64 (2.4.125-1ubuntu0.1~24.04.2) ...
2026-10-09T09:43:36.8635530Z Selecting previously unselected package libdrm-nouveau2:amd64.
2026-10-09T09:43:36.8769112Z Preparing to unpack .../103-libdrm-nouveau2_2.4.125-1ubuntu0.1~24.04.2_amd64.deb ...
2026-10-09T09:43:36.8777387Z Unpacking libdrm-nouveau2:amd64 (2.4.125-1ubuntu0.1~24.04.2) ...
2026-10-09T09:43:36.8977802Z Selecting previously unselected package libpciaccess-dev:amd64.
2026-10-09T09:43:36.9110816Z Preparing to unpack .../104-libpciaccess-dev_0.17-3ubuntu0.24.04.3_amd64.deb ...
2026-10-09T09:43:36.9117759Z Unpacking libpciaccess-dev:amd64 (0.17-3ubuntu0.24.04.3) ...
2026-10-09T09:43:36.9312567Z Selecting previously unselected package libdrm-dev:amd64.
2026-10-09T09:43:36.9444865Z Preparing to unpack .../105-libdrm-dev_2.4.125-1ubuntu0.1~24.04.2_amd64.deb ...
2026-10-09T09:43:36.9452098Z Unpacking libdrm-dev:amd64 (2.4.125-1ubuntu0.1~24.04.2) ...
2026-10-09T09:43:36.9794148Z Selecting previously unselected package libegl1-mesa-dev:amd64.
2026-10-09T09:43:36.9924664Z Preparing to unpack .../106-libegl1-mesa-dev_25.2.8-0ubuntu0.24.04.4_amd64.deb ...
2026-10-09T09:43:36.9932067Z Unpacking libegl1-mesa-dev:amd64 (25.2.8-0ubuntu0.24.04.4) ...
2026-10-09T09:43:37.0140493Z Selecting previously unselected package libevent-2.1-7t64:amd64.
2026-10-09T09:43:37.0272180Z Preparing to unpack .../107-libevent-2.1-7t64_2.1.12-stable-9ubuntu2.2_amd64.deb ...
2026-10-09T09:43:37.0279388Z Unpacking libevent-2.1-7t64:amd64 (2.1.12-stable-9ubuntu2.2) ...
2026-10-09T09:43:37.0506569Z Selecting previously unselected package libevent-extra-2.1-7t64:amd64.
2026-10-09T09:43:37.0638993Z Preparing to unpack .../108-libevent-extra-2.1-7t64_2.1.12-stable-9ubuntu2.2_amd64.deb ...
2026-10-09T09:43:37.0646500Z Unpacking libevent-extra-2.1-7t64:amd64 (2.1.12-stable-9ubuntu2.2) ...
2026-10-09T09:43:37.0859545Z Selecting previously unselected package libevent-openssl-2.1-7t64:amd64.
2026-10-09T09:43:37.0988601Z Preparing to unpack .../109-libevent-openssl-2.1-7t64_2.1.12-stable-9ubuntu2.2_amd64.deb ...
2026-10-09T09:43:37.0995286Z Unpacking libevent-openssl-2.1-7t64:amd64 (2.1.12-stable-9ubuntu2.2) ...
2026-10-09T09:43:37.1191175Z Selecting previously unselected package libevent-dev.
2026-10-09T09:43:37.1322444Z Preparing to unpack .../110-libevent-dev_2.1.12-stable-9ubuntu2.2_amd64.deb ...
2026-10-09T09:43:37.1329592Z Unpacking libevent-dev (2.1.12-stable-9ubuntu2.2) ...
2026-10-09T09:43:37.1660468Z Selecting previously unselected package libflac12t64:amd64.
2026-10-09T09:43:37.1789444Z Preparing to unpack .../111-libflac12t64_1.4.3+ds-2.1ubuntu2_amd64.deb ...
2026-10-09T09:43:37.1799173Z Unpacking libflac12t64:amd64 (1.4.3+ds-2.1ubuntu2) ...
2026-10-09T09:43:37.2014193Z Selecting previously unselected package libogg-dev:amd64.
2026-10-09T09:43:37.2144179Z Preparing to unpack .../112-libogg-dev_1.3.5-3build1_amd64.deb ...
2026-10-09T09:43:37.2151042Z Unpacking libogg-dev:amd64 (1.3.5-3build1) ...
2026-10-09T09:43:37.2482476Z Selecting previously unselected package libflac-dev:amd64.
2026-10-09T09:43:37.2614943Z Preparing to unpack .../113-libflac-dev_1.4.3+ds-2.1ubuntu2_amd64.deb ...
2026-10-09T09:43:37.2624779Z Unpacking libflac-dev:amd64 (1.4.3+ds-2.1ubuntu2) ...
2026-10-09T09:43:37.2867752Z Selecting previously unselected package libmp3lame0:amd64.
2026-10-09T09:43:37.2996423Z Preparing to unpack .../114-libmp3lame0_3.100-6build1_amd64.deb ...
2026-10-09T09:43:37.3005149Z Unpacking libmp3lame0:amd64 (3.100-6build1) ...
2026-10-09T09:43:37.3213615Z Selecting previously unselected package libmpg123-0t64:amd64.
2026-10-09T09:43:37.3344213Z Preparing to unpack .../115-libmpg123-0t64_1.32.5-1ubuntu1.1_amd64.deb ...
2026-10-09T09:43:37.3350476Z Unpacking libmpg123-0t64:amd64 (1.32.5-1ubuntu1.1) ...
2026-10-09T09:43:37.3565998Z Selecting previously unselected package libopus0:amd64.
2026-10-09T09:43:37.3695349Z Preparing to unpack .../116-libopus0_1.4-1build1_amd64.deb ...
2026-10-09T09:43:37.3702734Z Unpacking libopus0:amd64 (1.4-1build1) ...
2026-10-09T09:43:37.3927815Z Selecting previously unselected package libvorbisenc2:amd64.
2026-10-09T09:43:37.4056855Z Preparing to unpack .../117-libvorbisenc2_1.3.7-1build3_amd64.deb ...
2026-10-09T09:43:37.4065814Z Unpacking libvorbisenc2:amd64 (1.3.7-1build3) ...
2026-10-09T09:43:37.4293306Z Selecting previously unselected package libsndfile1:amd64.
2026-10-09T09:43:37.4421262Z Preparing to unpack .../118-libsndfile1_1.2.2-1ubuntu5.24.04.1_amd64.deb ...
2026-10-09T09:43:37.4428846Z Unpacking libsndfile1:amd64 (1.2.2-1ubuntu5.24.04.1) ...
2026-10-09T09:43:37.4659388Z Selecting previously unselected package libinstpatch-1.0-2:amd64.
2026-10-09T09:43:37.4789358Z Preparing to unpack .../119-libinstpatch-1.0-2_1.1.6-1build2_amd64.deb ...
2026-10-09T09:43:37.4797415Z Unpacking libinstpatch-1.0-2:amd64 (1.1.6-1build2) ...
2026-10-09T09:43:37.5037742Z Selecting previously unselected package libjack0:amd64.
2026-10-09T09:43:37.5166408Z Preparing to unpack .../120-libjack0_1%3a0.126.0-2build3_amd64.deb ...
2026-10-09T09:43:37.5173472Z Unpacking libjack0:amd64 (1:0.126.0-2build3) ...
2026-10-09T09:43:37.5397148Z Selecting previously unselected package libwebrtc-audio-processing1:amd64.
2026-10-09T09:43:37.5531480Z Preparing to unpack .../121-libwebrtc-audio-processing1_0.3.1-0ubuntu6_amd64.deb ...
2026-10-09T09:43:37.5539672Z Unpacking libwebrtc-audio-processing1:amd64 (0.3.1-0ubuntu6) ...
2026-10-09T09:43:37.5766957Z Selecting previously unselected package libspa-0.2-modules:amd64.
2026-10-09T09:43:37.5898798Z Preparing to unpack .../122-libspa-0.2-modules_1.0.5-1ubuntu3.3_amd64.deb ...
2026-10-09T09:43:37.5905687Z Unpacking libspa-0.2-modules:amd64 (1.0.5-1ubuntu3.3) ...
2026-10-09T09:43:37.6230403Z Selecting previously unselected package libpipewire-0.3-0t64:amd64.
2026-10-09T09:43:37.6362753Z Preparing to unpack .../123-libpipewire-0.3-0t64_1.0.5-1ubuntu3.3_amd64.deb ...
2026-10-09T09:43:37.6369602Z Unpacking libpipewire-0.3-0t64:amd64 (1.0.5-1ubuntu3.3) ...
2026-10-09T09:43:37.6654051Z Selecting previously unselected package libpulse0:amd64.
2026-10-09T09:43:37.6787392Z Preparing to unpack .../124-libpulse0_1%3a16.1+dfsg1-2ubuntu10.1_amd64.deb ...
2026-10-09T09:43:37.6860453Z Unpacking libpulse0:amd64 (1:16.1+dfsg1-2ubuntu10.1) ...
2026-10-09T09:43:37.7127625Z Selecting previously unselected package libsamplerate0:amd64.
2026-10-09T09:43:37.7259055Z Preparing to unpack .../125-libsamplerate0_0.2.2-4build1_amd64.deb ...
2026-10-09T09:43:37.7271574Z Unpacking libsamplerate0:amd64 (0.2.2-4build1) ...
2026-10-09T09:43:37.7554152Z Selecting previously unselected package libsdl2-2.0-0:amd64.
2026-10-09T09:43:37.7684124Z Preparing to unpack .../126-libsdl2-2.0-0_2.30.0+dfsg-1ubuntu3.1_amd64.deb ...
2026-10-09T09:43:37.7692314Z Unpacking libsdl2-2.0-0:amd64 (2.30.0+dfsg-1ubuntu3.1) ...
2026-10-09T09:43:37.8010422Z Selecting previously unselected package timgm6mb-soundfont.
2026-10-09T09:43:37.8146249Z Preparing to unpack .../127-timgm6mb-soundfont_1.3-5_all.deb ...
2026-10-09T09:43:37.8154399Z Unpacking timgm6mb-soundfont (1.3-5) ...
2026-10-09T09:43:38.1554348Z Selecting previously unselected package libfluidsynth3:amd64.
2026-10-09T09:43:38.1685822Z Preparing to unpack .../128-libfluidsynth3_2.3.4-1build3_amd64.deb ...
2026-10-09T09:43:38.1692454Z Unpacking libfluidsynth3:amd64 (2.3.4-1build3) ...
2026-10-09T09:43:38.1915125Z Selecting previously unselected package libglib2.0-dev-bin.
2026-10-09T09:43:38.2042655Z Preparing to unpack .../129-libglib2.0-dev-bin_2.80.0-6ubuntu3.9_amd64.deb ...
2026-10-09T09:43:38.2049170Z Unpacking libglib2.0-dev-bin (2.80.0-6ubuntu3.9) ...
2026-10-09T09:43:38.2351105Z Selecting previously unselected package uuid-dev:amd64.
2026-10-09T09:43:38.2493950Z Preparing to unpack .../130-uuid-dev_2.39.3-9ubuntu6.6_amd64.deb ...
2026-10-09T09:43:38.2494690Z Unpacking uuid-dev:amd64 (2.39.3-9ubuntu6.6) ...
2026-10-09T09:43:38.2706452Z Selecting previously unselected package libblkid-dev:amd64.
2026-10-09T09:43:38.2838539Z Preparing to unpack .../131-libblkid-dev_2.39.3-9ubuntu6.6_amd64.deb ...
2026-10-09T09:43:38.2848380Z Unpacking libblkid-dev:amd64 (2.39.3-9ubuntu6.6) ...
2026-10-09T09:43:38.3079499Z Selecting previously unselected package libsepol-dev:amd64.
2026-10-09T09:43:38.3213090Z Preparing to unpack .../132-libsepol-dev_3.5-2build1_amd64.deb ...
2026-10-09T09:43:38.3222500Z Unpacking libsepol-dev:amd64 (3.5-2build1) ...
2026-10-09T09:43:38.3531357Z Selecting previously unselected package libselinux1-dev:amd64.
2026-10-09T09:43:38.3664059Z Preparing to unpack .../133-libselinux1-dev_3.5-2ubuntu2.1_amd64.deb ...
2026-10-09T09:43:38.3670782Z Unpacking libselinux1-dev:amd64 (3.5-2ubuntu2.1) ...
2026-10-09T09:43:38.4124354Z Selecting previously unselected package libmount-dev:amd64.
2026-10-09T09:43:38.4256072Z Preparing to unpack .../134-libmount-dev_2.39.3-9ubuntu6.6_amd64.deb ...
2026-10-09T09:43:38.4263453Z Unpacking libmount-dev:amd64 (2.39.3-9ubuntu6.6) ...
2026-10-09T09:43:38.4483741Z Selecting previously unselected package libgirepository-2.0-0:amd64.
2026-10-09T09:43:38.4617069Z Preparing to unpack .../135-libgirepository-2.0-0_2.80.0-6ubuntu3.9_amd64.deb ...
2026-10-09T09:43:38.4627307Z Unpacking libgirepository-2.0-0:amd64 (2.80.0-6ubuntu3.9) ...
2026-10-09T09:43:38.4824018Z Selecting previously unselected package libglib2.0-dev:amd64.
2026-10-09T09:43:38.4956073Z Preparing to unpack .../136-libglib2.0-dev_2.80.0-6ubuntu3.9_amd64.deb ...
2026-10-09T09:43:38.4962686Z Unpacking libglib2.0-dev:amd64 (2.80.0-6ubuntu3.9) ...
2026-10-09T09:43:38.5921345Z Selecting previously unselected package libout123-0t64:amd64.
2026-10-09T09:43:38.6056625Z Preparing to unpack .../137-libout123-0t64_1.32.5-1ubuntu1.1_amd64.deb ...
2026-10-09T09:43:38.6063174Z Unpacking libout123-0t64:amd64 (1.32.5-1ubuntu1.1) ...
2026-10-09T09:43:38.6274027Z Selecting previously unselected package libsyn123-0t64:amd64.
2026-10-09T09:43:38.6407477Z Preparing to unpack .../138-libsyn123-0t64_1.32.5-1ubuntu1.1_amd64.deb ...
2026-10-09T09:43:38.6417049Z Unpacking libsyn123-0t64:amd64 (1.32.5-1ubuntu1.1) ...
2026-10-09T09:43:38.6631624Z Selecting previously unselected package libmpg123-dev:amd64.
2026-10-09T09:43:38.6764583Z Preparing to unpack .../139-libmpg123-dev_1.32.5-1ubuntu1.1_amd64.deb ...
2026-10-09T09:43:38.6773329Z Unpacking libmpg123-dev:amd64 (1.32.5-1ubuntu1.1) ...
2026-10-09T09:43:38.7030136Z Selecting previously unselected package libopus-dev:amd64.
2026-10-09T09:43:38.7165038Z Preparing to unpack .../140-libopus-dev_1.4-1build1_amd64.deb ...
2026-10-09T09:43:38.7171766Z Unpacking libopus-dev:amd64 (1.4-1build1) ...
2026-10-09T09:43:38.7411871Z Selecting previously unselected package libvorbis-dev:amd64.
2026-10-09T09:43:38.7542304Z Preparing to unpack .../141-libvorbis-dev_1.3.7-1build3_amd64.deb ...
2026-10-09T09:43:38.7551170Z Unpacking libvorbis-dev:amd64 (1.3.7-1build3) ...
2026-10-09T09:43:38.8001649Z Selecting previously unselected package libsndfile1-dev:amd64.
2026-10-09T09:43:38.8136855Z Preparing to unpack .../142-libsndfile1-dev_1.2.2-1ubuntu5.24.04.1_amd64.deb ...
2026-10-09T09:43:38.8145304Z Unpacking libsndfile1-dev:amd64 (1.2.2-1ubuntu5.24.04.1) ...
2026-10-09T09:43:38.8479801Z Selecting previously unselected package libinstpatch-dev:amd64.
2026-10-09T09:43:38.8615047Z Preparing to unpack .../143-libinstpatch-dev_1.1.6-1build2_amd64.deb ...
2026-10-09T09:43:38.8624874Z Unpacking libinstpatch-dev:amd64 (1.1.6-1build2) ...
2026-10-09T09:43:38.8967272Z Selecting previously unselected package libjack-dev:amd64.
2026-10-09T09:43:38.9103640Z Preparing to unpack .../144-libjack-dev_1%3a0.126.0-2build3_amd64.deb ...
2026-10-09T09:43:38.9110290Z Unpacking libjack-dev:amd64 (1:0.126.0-2build3) ...
2026-10-09T09:43:38.9541989Z Selecting previously unselected package libspa-0.2-dev:amd64.
2026-10-09T09:43:38.9676030Z Preparing to unpack .../145-libspa-0.2-dev_1.0.5-1ubuntu3.3_amd64.deb ...
2026-10-09T09:43:38.9682805Z Unpacking libspa-0.2-dev:amd64 (1.0.5-1ubuntu3.3) ...
2026-10-09T09:43:39.0094503Z Selecting previously unselected package libpipewire-0.3-dev:amd64.
2026-10-09T09:43:39.0231512Z Preparing to unpack .../146-libpipewire-0.3-dev_1.0.5-1ubuntu3.3_amd64.deb ...
2026-10-09T09:43:39.0241001Z Unpacking libpipewire-0.3-dev:amd64 (1.0.5-1ubuntu3.3) ...
2026-10-09T09:43:39.0541894Z Selecting previously unselected package libpulse-mainloop-glib0:amd64.
2026-10-09T09:43:39.0677078Z Preparing to unpack .../147-libpulse-mainloop-glib0_1%3a16.1+dfsg1-2ubuntu10.1_amd64.deb ...
2026-10-09T09:43:39.0686542Z Unpacking libpulse-mainloop-glib0:amd64 (1:16.1+dfsg1-2ubuntu10.1) ...
2026-10-09T09:43:39.0895968Z Selecting previously unselected package libpulse-dev:amd64.
2026-10-09T09:43:39.1033502Z Preparing to unpack .../148-libpulse-dev_1%3a16.1+dfsg1-2ubuntu10.1_amd64.deb ...
2026-10-09T09:43:39.1043020Z Unpacking libpulse-dev:amd64 (1:16.1+dfsg1-2ubuntu10.1) ...
2026-10-09T09:43:39.1335197Z Selecting previously unselected package libreadline-dev:amd64.
2026-10-09T09:43:39.1469977Z Preparing to unpack .../149-libreadline-dev_8.2-4build1_amd64.deb ...
2026-10-09T09:43:39.1477325Z Unpacking libreadline-dev:amd64 (8.2-4build1) ...
2026-10-09T09:43:39.1734332Z Selecting previously unselected package libgbm-dev:amd64.
2026-10-09T09:43:39.1866575Z Preparing to unpack .../150-libgbm-dev_25.2.8-0ubuntu0.24.04.4_amd64.deb ...
2026-10-09T09:43:39.1873893Z Unpacking libgbm-dev:amd64 (25.2.8-0ubuntu0.24.04.4) ...
2026-10-09T09:43:39.2070444Z Selecting previously unselected package libibus-1.0-dev:amd64.
2026-10-09T09:43:39.2199277Z Preparing to unpack .../151-libibus-1.0-dev_1.5.29-2_amd64.deb ...
2026-10-09T09:43:39.2206205Z Unpacking libibus-1.0-dev:amd64 (1.5.29-2) ...
2026-10-09T09:43:39.2538699Z Selecting previously unselected package libsamplerate0-dev:amd64.
2026-10-09T09:43:39.2672890Z Preparing to unpack .../152-libsamplerate0-dev_0.2.2-4build1_amd64.deb ...
2026-10-09T09:43:39.2682342Z Unpacking libsamplerate0-dev:amd64 (0.2.2-4build1) ...
2026-10-09T09:43:39.2926366Z Selecting previously unselected package libsndio7.0:amd64.
2026-10-09T09:43:39.3058851Z Preparing to unpack .../153-libsndio7.0_1.9.0-0.3build3_amd64.deb ...
2026-10-09T09:43:39.3065844Z Unpacking libsndio7.0:amd64 (1.9.0-0.3build3) ...
2026-10-09T09:43:39.3283892Z Selecting previously unselected package libsndio-dev:amd64.
2026-10-09T09:43:39.3417691Z Preparing to unpack .../154-libsndio-dev_1.9.0-0.3build3_amd64.deb ...
2026-10-09T09:43:39.3424362Z Unpacking libsndio-dev:amd64 (1.9.0-0.3build3) ...
2026-10-09T09:43:39.3666747Z Selecting previously unselected package libudev-dev:amd64.
2026-10-09T09:43:39.3800320Z Preparing to unpack .../155-libudev-dev_255.4-1ubuntu8.17_amd64.deb ...
2026-10-09T09:43:39.3808694Z Unpacking libudev-dev:amd64 (255.4-1ubuntu8.17) ...
2026-10-09T09:43:39.4086369Z Selecting previously unselected package libxrender-dev:amd64.
2026-10-09T09:43:39.4218400Z Preparing to unpack .../156-libxrender-dev_1%3a0.9.10-1.1build1_amd64.deb ...
2026-10-09T09:43:39.4228456Z Unpacking libxrender-dev:amd64 (1:0.9.10-1.1build1) ...
2026-10-09T09:43:39.4758602Z Selecting previously unselected package libxfixes-dev:amd64.
2026-10-09T09:43:39.4896375Z Preparing to unpack .../157-libxfixes-dev_1%3a6.0.0-2build1_amd64.deb ...
2026-10-09T09:43:39.6163506Z Unpacking libxfixes-dev:amd64 (1:6.0.0-2build1) ...
2026-10-09T09:43:39.9131175Z Selecting previously unselected package libxcursor-dev:amd64.
2026-10-09T09:43:39.9281772Z Preparing to unpack .../158-libxcursor-dev_1%3a1.2.1-1build1_amd64.deb ...
2026-10-09T09:43:40.0580120Z Unpacking libxcursor-dev:amd64 (1:1.2.1-1build1) ...
2026-10-09T09:43:40.4598598Z Selecting previously unselected package libxi-dev:amd64.
2026-10-09T09:43:40.4737475Z Preparing to unpack .../159-libxi-dev_2%3a1.8.1-1build1_amd64.deb ...
2026-10-09T09:43:40.5615351Z Unpacking libxi-dev:amd64 (2:1.8.1-1build1) ...
2026-10-09T09:43:40.7070239Z Selecting previously unselected package libxinerama-dev:amd64.
2026-10-09T09:43:40.7243979Z Preparing to unpack .../160-libxinerama-dev_2%3a1.1.4-3build1_amd64.deb ...
2026-10-09T09:43:40.7262917Z Unpacking libxinerama-dev:amd64 (2:1.1.4-3build1) ...
2026-10-09T09:43:40.9115830Z Selecting previously unselected package libxkbcommon-dev:amd64.
2026-10-09T09:43:40.9257108Z Preparing to unpack .../161-libxkbcommon-dev_1.6.0-1build1_amd64.deb ...
2026-10-09T09:43:40.9268698Z Unpacking libxkbcommon-dev:amd64 (1.6.0-1build1) ...
2026-10-09T09:43:40.9505813Z Selecting previously unselected package libxrandr-dev:amd64.
2026-10-09T09:43:40.9643687Z Preparing to unpack .../162-libxrandr-dev_2%3a1.5.2-2build1_amd64.deb ...
2026-10-09T09:43:40.9653784Z Unpacking libxrandr-dev:amd64 (2:1.5.2-2build1) ...
2026-10-09T09:43:40.9898579Z Selecting previously unselected package libxss-dev:amd64.
2026-10-09T09:43:41.0035643Z Preparing to unpack .../163-libxss-dev_1%3a1.2.3-1build3_amd64.deb ...
2026-10-09T09:43:41.0314914Z Unpacking libxss-dev:amd64 (1:1.2.3-1build3) ...
2026-10-09T09:43:41.0552133Z Selecting previously unselected package libxv1:amd64.
2026-10-09T09:43:41.0690053Z Preparing to unpack .../164-libxv1_2%3a1.0.11-1.1build1_amd64.deb ...
2026-10-09T09:43:41.0698078Z Unpacking libxv1:amd64 (2:1.0.11-1.1build1) ...
2026-10-09T09:43:41.0905974Z Selecting previously unselected package libxv-dev:amd64.
2026-10-09T09:43:41.1048678Z Preparing to unpack .../165-libxv-dev_2%3a1.0.11-1.1build1_amd64.deb ...
2026-10-09T09:43:41.1055447Z Unpacking libxv-dev:amd64 (2:1.0.11-1.1build1) ...
2026-10-09T09:43:41.1303256Z Selecting previously unselected package libxxf86vm-dev:amd64.
2026-10-09T09:43:41.1439829Z Preparing to unpack .../166-libxxf86vm-dev_1%3a1.1.4-1build4_amd64.deb ...
2026-10-09T09:43:41.1446603Z Unpacking libxxf86vm-dev:amd64 (1:1.1.4-1build4) ...
2026-10-09T09:43:41.1682887Z Selecting previously unselected package libsdl2-dev:amd64.
2026-10-09T09:43:41.1817731Z Preparing to unpack .../167-libsdl2-dev_2.30.0+dfsg-1ubuntu3.1_amd64.deb ...
2026-10-09T09:43:41.1824900Z Unpacking libsdl2-dev:amd64 (2.30.0+dfsg-1ubuntu3.1) ...
2026-10-09T09:43:41.2368858Z Selecting previously unselected package libsystemd-dev:amd64.
2026-10-09T09:43:41.2503997Z Preparing to unpack .../168-libsystemd-dev_255.4-1ubuntu8.17_amd64.deb ...
2026-10-09T09:43:41.2510223Z Unpacking libsystemd-dev:amd64 (255.4-1ubuntu8.17) ...
2026-10-09T09:43:41.3655441Z Selecting previously unselected package libfluidsynth-dev:amd64.
2026-10-09T09:43:41.3787797Z Preparing to unpack .../169-libfluidsynth-dev_2.3.4-1build3_amd64.deb ...
2026-10-09T09:43:41.3794048Z Unpacking libfluidsynth-dev:amd64 (2.3.4-1build3) ...
2026-10-09T09:43:41.4168768Z Preparing to unpack .../170-libfreetype6_2.13.2+dfsg-1ubuntu0.2_amd64.deb ...
2026-10-09T09:43:41.4190396Z Unpacking libfreetype6:amd64 (2.13.2+dfsg-1ubuntu0.2) over (2.13.2+dfsg-1ubuntu0.1) ...
2026-10-09T09:43:41.4437331Z Selecting previously unselected package libpng-dev:amd64.
2026-10-09T09:43:41.4572708Z Preparing to unpack .../171-libpng-dev_1.6.43-5ubuntu0.7_amd64.deb ...
2026-10-09T09:43:41.4578643Z Unpacking libpng-dev:amd64 (1.6.43-5ubuntu0.7) ...
2026-10-09T09:43:41.4826246Z Selecting previously unselected package libfreetype-dev:amd64.
2026-10-09T09:43:41.4958385Z Preparing to unpack .../172-libfreetype-dev_2.13.2+dfsg-1ubuntu0.2_amd64.deb ...
2026-10-09T09:43:41.4966594Z Unpacking libfreetype-dev:amd64 (2.13.2+dfsg-1ubuntu0.2) ...
2026-10-09T09:43:41.5315220Z Selecting previously unselected package libglew2.2:amd64.
2026-10-09T09:43:41.5445673Z Preparing to unpack .../173-libglew2.2_2.2.0-4build1_amd64.deb ...
2026-10-09T09:43:41.5452909Z Unpacking libglew2.2:amd64 (2.2.0-4build1) ...
2026-10-09T09:43:41.5672305Z Selecting previously unselected package libglew-dev:amd64.
2026-10-09T09:43:41.5802833Z Preparing to unpack .../174-libglew-dev_2.2.0-4build1_amd64.deb ...
2026-10-09T09:43:41.5809105Z Unpacking libglew-dev:amd64 (2.2.0-4build1) ...
2026-10-09T09:43:41.6088397Z Selecting previously unselected package libglfw3:amd64.
2026-10-09T09:43:41.6219157Z Preparing to unpack .../175-libglfw3_3.3.10-1build1_amd64.deb ...
2026-10-09T09:43:41.6225353Z Unpacking libglfw3:amd64 (3.3.10-1build1) ...
2026-10-09T09:43:41.6435914Z Selecting previously unselected package libglfw3-dev:amd64.
2026-10-09T09:43:41.6570250Z Preparing to unpack .../176-libglfw3-dev_3.3.10-1build1_amd64.deb ...
2026-10-09T09:43:41.6576487Z Unpacking libglfw3-dev:amd64 (3.3.10-1build1) ...
2026-10-09T09:43:41.6794970Z Selecting previously unselected package libgraphite2-dev:amd64.
2026-10-09T09:43:41.6931258Z Preparing to unpack .../177-libgraphite2-dev_1.3.14-2ubuntu0.24.04.1_amd64.deb ...
2026-10-09T09:43:41.6939311Z Unpacking libgraphite2-dev:amd64 (1.3.14-2ubuntu0.24.04.1) ...
2026-10-09T09:43:41.7158738Z Selecting previously unselected package libharfbuzz-cairo0:amd64.
2026-10-09T09:43:41.7294531Z Preparing to unpack .../178-libharfbuzz-cairo0_8.3.0-2build2_amd64.deb ...
2026-10-09T09:43:41.7301683Z Unpacking libharfbuzz-cairo0:amd64 (8.3.0-2build2) ...
2026-10-09T09:43:41.7512789Z Selecting previously unselected package libharfbuzz-icu0:amd64.
2026-10-09T09:43:41.7646881Z Preparing to unpack .../179-libharfbuzz-icu0_8.3.0-2build2_amd64.deb ...
2026-10-09T09:43:41.7653974Z Unpacking libharfbuzz-icu0:amd64 (8.3.0-2build2) ...
2026-10-09T09:43:41.7861837Z Selecting previously unselected package libharfbuzz-subset0:amd64.
2026-10-09T09:43:41.7995420Z Preparing to unpack .../180-libharfbuzz-subset0_8.3.0-2build2_amd64.deb ...
2026-10-09T09:43:41.8002496Z Unpacking libharfbuzz-subset0:amd64 (8.3.0-2build2) ...
2026-10-09T09:43:41.8246520Z Selecting previously unselected package libharfbuzz-dev:amd64.
2026-10-09T09:43:41.8383871Z Preparing to unpack .../181-libharfbuzz-dev_8.3.0-2build2_amd64.deb ...
2026-10-09T09:43:41.8389989Z Unpacking libharfbuzz-dev:amd64 (8.3.0-2build2) ...
2026-10-09T09:43:41.8724724Z Selecting previously unselected package libjpeg-turbo8-dev:amd64.
2026-10-09T09:43:41.8858768Z Preparing to unpack .../182-libjpeg-turbo8-dev_2.1.5-2ubuntu2_amd64.deb ...
2026-10-09T09:43:41.8865541Z Unpacking libjpeg-turbo8-dev:amd64 (2.1.5-2ubuntu2) ...
2026-10-09T09:43:41.9133601Z Selecting previously unselected package libjpeg8-dev:amd64.
2026-10-09T09:43:41.9263641Z Preparing to unpack .../183-libjpeg8-dev_8c-2ubuntu11_amd64.deb ...
2026-10-09T09:43:41.9271176Z Unpacking libjpeg8-dev:amd64 (8c-2ubuntu11) ...
2026-10-09T09:43:41.9463688Z Selecting previously unselected package libjpeg-dev:amd64.
2026-10-09T09:43:41.9594123Z Preparing to unpack .../184-libjpeg-dev_8c-2ubuntu11_amd64.deb ...
2026-10-09T09:43:41.9603435Z Unpacking libjpeg-dev:amd64 (8c-2ubuntu11) ...
2026-10-09T09:43:41.9791151Z Selecting previously unselected package liblerc-dev:amd64.
2026-10-09T09:43:41.9923216Z Preparing to unpack .../185-liblerc-dev_4.0.0+ds-4ubuntu2_amd64.deb ...
2026-10-09T09:43:41.9931769Z Unpacking liblerc-dev:amd64 (4.0.0+ds-4ubuntu2) ...
2026-10-09T09:43:42.0167210Z Selecting previously unselected package libmodplug1:amd64.
2026-10-09T09:43:42.0300559Z Preparing to unpack .../186-libmodplug1_1%3a0.8.9.0-3build1_amd64.deb ...
2026-10-09T09:43:42.0312101Z Unpacking libmodplug1:amd64 (1:0.8.9.0-3build1) ...
2026-10-09T09:43:42.0529053Z Selecting previously unselected package libmodplug-dev:amd64.
2026-10-09T09:43:42.0662381Z Preparing to unpack .../187-libmodplug-dev_1%3a0.8.9.0-3build1_amd64.deb ...
2026-10-09T09:43:42.0673893Z Unpacking libmodplug-dev:amd64 (1:0.8.9.0-3build1) ...
2026-10-09T09:43:42.0880278Z Selecting previously unselected package libopusfile0:amd64.
2026-10-09T09:43:42.1009848Z Preparing to unpack .../188-libopusfile0_0.12-4build3_amd64.deb ...
2026-10-09T09:43:42.1016473Z Unpacking libopusfile0:amd64 (0.12-4build3) ...
2026-10-09T09:43:42.1216006Z Selecting previously unselected package libopusfile-dev:amd64.
2026-10-09T09:43:42.1348196Z Preparing to unpack .../189-libopusfile-dev_0.12-4build3_amd64.deb ...
2026-10-09T09:43:42.1354725Z Unpacking libopusfile-dev:amd64 (0.12-4build3) ...
2026-10-09T09:43:42.1563747Z Selecting previously unselected package libpackage-stash-xs-perl:amd64.
2026-10-09T09:43:42.1694294Z Preparing to unpack .../190-libpackage-stash-xs-perl_0.30-1build4_amd64.deb ...
2026-10-09T09:43:42.1702184Z Unpacking libpackage-stash-xs-perl:amd64 (0.30-1build4) ...
2026-10-09T09:43:42.1904537Z Selecting previously unselected package libpipewire-0.3-common.
2026-10-09T09:43:42.2033453Z Preparing to unpack .../191-libpipewire-0.3-common_1.0.5-1ubuntu3.3_all.deb ...
2026-10-09T09:43:42.2039622Z Unpacking libpipewire-0.3-common (1.0.5-1ubuntu3.3) ...
2026-10-09T09:43:42.2223533Z Selecting previously unselected package libpng-tools.
2026-10-09T09:43:42.2357632Z Preparing to unpack .../192-libpng-tools_1.6.43-5ubuntu0.7_amd64.deb ...
2026-10-09T09:43:42.2364310Z Unpacking libpng-tools (1.6.43-5ubuntu0.7) ...
2026-10-09T09:43:42.2563099Z Selecting previously unselected package libreadonly-perl.
2026-10-09T09:43:42.2696564Z Preparing to unpack .../193-libreadonly-perl_2.050-3_all.deb ...
2026-10-09T09:43:42.2702814Z Unpacking libreadonly-perl (2.050-3) ...
2026-10-09T09:43:42.2907110Z Selecting previously unselected package libref-util-perl.
2026-10-09T09:43:42.3038315Z Preparing to unpack .../194-libref-util-perl_0.204-2_all.deb ...
2026-10-09T09:43:42.3045117Z Unpacking libref-util-perl (0.204-2) ...
2026-10-09T09:43:42.3239056Z Selecting previously unselected package libref-util-xs-perl.
2026-10-09T09:43:42.3369841Z Preparing to unpack .../195-libref-util-xs-perl_0.117-2build4_amd64.deb ...
2026-10-09T09:43:42.3376969Z Unpacking libref-util-xs-perl (0.117-2build4) ...
2026-10-09T09:43:42.3623966Z Selecting previously unselected package libsdl2-image-2.0-0:amd64.
2026-10-09T09:43:42.3756074Z Preparing to unpack .../196-libsdl2-image-2.0-0_2.8.2+dfsg-1build2_amd64.deb ...
2026-10-09T09:43:42.3763850Z Unpacking libsdl2-image-2.0-0:amd64 (2.8.2+dfsg-1build2) ...
2026-10-09T09:43:42.3962943Z Selecting previously unselected package libjbig-dev:amd64.
2026-10-09T09:43:42.4092644Z Preparing to unpack .../197-libjbig-dev_2.1-6.1ubuntu2_amd64.deb ...
2026-10-09T09:43:42.4099532Z Unpacking libjbig-dev:amd64 (2.1-6.1ubuntu2) ...
2026-10-09T09:43:42.4295666Z Selecting previously unselected package liblzma-dev:amd64.
2026-10-09T09:43:42.4426519Z Preparing to unpack .../198-liblzma-dev_5.6.1+really5.4.5-1ubuntu0.3_amd64.deb ...
2026-10-09T09:43:42.4433171Z Unpacking liblzma-dev:amd64 (5.6.1+really5.4.5-1ubuntu0.3) ...
2026-10-09T09:43:42.4692587Z Selecting previously unselected package libwebpdecoder3:amd64.
2026-10-09T09:43:42.4823894Z Preparing to unpack .../199-libwebpdecoder3_1.3.2-0.4build3_amd64.deb ...
2026-10-09T09:43:42.4830474Z Unpacking libwebpdecoder3:amd64 (1.3.2-0.4build3) ...
2026-10-09T09:43:42.5035752Z Selecting previously unselected package libsharpyuv-dev:amd64.
2026-10-09T09:43:42.5180120Z Preparing to unpack .../200-libsharpyuv-dev_1.3.2-0.4build3_amd64.deb ...
2026-10-09T09:43:42.5190476Z Unpacking libsharpyuv-dev:amd64 (1.3.2-0.4build3) ...
2026-10-09T09:43:42.5403954Z Selecting previously unselected package libwebp-dev:amd64.
2026-10-09T09:43:42.5541750Z Preparing to unpack .../201-libwebp-dev_1.3.2-0.4build3_amd64.deb ...
2026-10-09T09:43:42.5549594Z Unpacking libwebp-dev:amd64 (1.3.2-0.4build3) ...
2026-10-09T09:43:42.5848398Z Selecting previously unselected package libtiffxx6:amd64.
2026-10-09T09:43:42.5980436Z Preparing to unpack .../202-libtiffxx6_4.5.1+git230720-4ubuntu2.5_amd64.deb ...
2026-10-09T09:43:42.5988096Z Unpacking libtiffxx6:amd64 (4.5.1+git230720-4ubuntu2.5) ...
2026-10-09T09:43:42.6176349Z Selecting previously unselected package libtiff-dev:amd64.
2026-10-09T09:43:42.6311393Z Preparing to unpack .../203-libtiff-dev_4.5.1+git230720-4ubuntu2.5_amd64.deb ...
2026-10-09T09:43:42.6318888Z Unpacking libtiff-dev:amd64 (4.5.1+git230720-4ubuntu2.5) ...
2026-10-09T09:43:42.6645599Z Selecting previously unselected package libsdl2-image-dev:amd64.
2026-10-09T09:43:42.6777929Z Preparing to unpack .../204-libsdl2-image-dev_2.8.2+dfsg-1build2_amd64.deb ...
2026-10-09T09:43:42.6785569Z Unpacking libsdl2-image-dev:amd64 (2.8.2+dfsg-1build2) ...
2026-10-09T09:43:42.7003406Z Selecting previously unselected package libsdl2-mixer-2.0-0:amd64.
2026-10-09T09:43:42.7137045Z Preparing to unpack .../205-libsdl2-mixer-2.0-0_2.8.0+dfsg-1build3_amd64.deb ...
2026-10-09T09:43:42.7144345Z Unpacking libsdl2-mixer-2.0-0:amd64 (2.8.0+dfsg-1build3) ...
2026-10-09T09:43:42.7341682Z Selecting previously unselected package libsdl2-mixer-dev:amd64.
2026-10-09T09:43:42.7475715Z Preparing to unpack .../206-libsdl2-mixer-dev_2.8.0+dfsg-1build3_amd64.deb ...
2026-10-09T09:43:42.7482439Z Unpacking libsdl2-mixer-dev:amd64 (2.8.0+dfsg-1build3) ...
2026-10-09T09:43:42.7712943Z Selecting previously unselected package libsdl2-ttf-2.0-0:amd64.
2026-10-09T09:43:42.7843497Z Preparing to unpack .../207-libsdl2-ttf-2.0-0_2.22.0+dfsg-1_amd64.deb ...
2026-10-09T09:43:42.7849427Z Unpacking libsdl2-ttf-2.0-0:amd64 (2.22.0+dfsg-1) ...
2026-10-09T09:43:42.8039614Z Selecting previously unselected package libsdl2-ttf-dev:amd64.
2026-10-09T09:43:42.8169177Z Preparing to unpack .../208-libsdl2-ttf-dev_2.22.0+dfsg-1_amd64.deb ...
2026-10-09T09:43:42.8175673Z Unpacking libsdl2-ttf-dev:amd64 (2.22.0+dfsg-1) ...
2026-10-09T09:43:42.8393691Z Selecting previously unselected package libutf8proc3:amd64.
2026-10-09T09:43:42.8531077Z Preparing to unpack .../209-libutf8proc3_2.9.0-1build1_amd64.deb ...
2026-10-09T09:43:42.8539098Z Unpacking libutf8proc3:amd64 (2.9.0-1build1) ...
2026-10-09T09:43:42.8756847Z Selecting previously unselected package libutf8proc-dev:amd64.
2026-10-09T09:43:42.8892668Z Preparing to unpack .../210-libutf8proc-dev_2.9.0-1build1_amd64.deb ...
2026-10-09T09:43:42.8899973Z Unpacking libutf8proc-dev:amd64 (2.9.0-1build1) ...
2026-10-09T09:43:42.9129191Z Selecting previously unselected package libuv1-dev:amd64.
2026-10-09T09:43:42.9263893Z Preparing to unpack .../211-libuv1-dev_1.48.0-1.1build1_amd64.deb ...
2026-10-09T09:43:42.9272889Z Unpacking libuv1-dev:amd64 (1.48.0-1.1build1) ...
2026-10-09T09:43:42.9508858Z Selecting previously unselected package libvulkan-dev:amd64.
2026-10-09T09:43:42.9641632Z Preparing to unpack .../212-libvulkan-dev_1.3.275.0-1build1_amd64.deb ...
2026-10-09T09:43:42.9648871Z Unpacking libvulkan-dev:amd64 (1.3.275.0-1build1) ...
2026-10-09T09:43:43.0544315Z Selecting previously unselected package libbullet-dev:amd64.
2026-10-09T09:43:43.0678709Z Preparing to unpack .../213-libbullet-dev_3.24+dfsg-2.1build1_amd64.deb ...
2026-10-09T09:43:43.0685248Z Unpacking libbullet-dev:amd64 (3.24+dfsg-2.1build1) ...
2026-10-09T09:43:43.1543439Z Selecting previously unselected package libgd-perl.
2026-10-09T09:43:43.1679496Z Preparing to unpack .../214-libgd-perl_2.78-1ubuntu0.24.04.1_amd64.deb ...
2026-10-09T09:43:43.1686653Z Unpacking libgd-perl (2.78-1ubuntu0.24.04.1) ...
2026-10-09T09:43:43.2259455Z Setting up libpipewire-0.3-common (1.0.5-1ubuntu3.3) ...
2026-10-09T09:43:43.2284016Z Setting up libuv1-dev:amd64 (1.48.0-1.1build1) ...
2026-10-09T09:43:43.2303490Z Setting up libglib2.0-dev-bin (2.80.0-6ubuntu3.9) ...
2026-10-09T09:43:43.3733014Z Setting up libglfw3:amd64 (3.3.10-1build1) ...
2026-10-09T09:43:43.3749614Z Setting up libmodplug1:amd64 (1:0.8.9.0-3build1) ...
2026-10-09T09:43:43.3765713Z Setting up bzip2-doc (1.0.8-5.1ubuntu0.1) ...
2026-10-09T09:43:43.3782476Z Setting up libwayland-server0:amd64 (1.22.0-2.1build1) ...
2026-10-09T09:43:43.3799121Z Setting up libjpeg-turbo8-dev:amd64 (2.1.5-2ubuntu2) ...
2026-10-09T09:43:43.3815499Z Setting up libvulkan-dev:amd64 (1.3.275.0-1build1) ...
2026-10-09T09:43:43.3832050Z Setting up libmodplug-dev:amd64 (1:0.8.9.0-3build1) ...
2026-10-09T09:43:43.3847557Z Setting up libdrm-nouveau2:amd64 (2.4.125-1ubuntu0.1~24.04.2) ...
2026-10-09T09:43:43.3866357Z Setting up gir1.2-freedesktop:amd64 (1.80.1-1) ...
2026-10-09T09:43:43.3883044Z Setting up libharfbuzz-icu0:amd64 (8.3.0-2build2) ...
2026-10-09T09:43:43.3899309Z Setting up libpciaccess-dev:amd64 (0.17-3ubuntu0.24.04.3) ...
2026-10-09T09:43:43.3914668Z Setting up libglvnd-core-dev:amd64 (1.7.0-1build1) ...
2026-10-09T09:43:43.3932554Z Setting up libclass-inspector-perl (1.36-3) ...
2026-10-09T09:43:43.3949087Z Setting up libdynaloader-functions-perl (0.003-3) ...
2026-10-09T09:43:43.3967816Z Setting up libclass-method-modifiers-perl (2.15-1) ...
2026-10-09T09:43:43.3985079Z Setting up libref-util-xs-perl (0.117-2build4) ...
2026-10-09T09:43:43.4001856Z Setting up libutf8proc3:amd64 (2.9.0-1build1) ...
2026-10-09T09:43:43.4021557Z Setting up libgirepository-2.0-0:amd64 (2.80.0-6ubuntu3.9) ...
2026-10-09T09:43:43.4038655Z Setting up libsub-identify-perl (0.14-3build3) ...
2026-10-09T09:43:43.4057017Z Setting up libdrm-radeon1:amd64 (2.4.125-1ubuntu0.1~24.04.2) ...
2026-10-09T09:43:43.4074589Z Setting up libxkbcommon-dev:amd64 (1.6.0-1build1) ...
2026-10-09T09:43:43.4092961Z Setting up libevent-openssl-2.1-7t64:amd64 (2.1.12-stable-9ubuntu2.2) ...
2026-10-09T09:43:43.4111048Z Setting up libibus-1.0-5:amd64 (1.5.29-2) ...
2026-10-09T09:43:43.4129304Z Setting up libtry-tiny-perl (0.31-2) ...
2026-10-09T09:43:43.4147497Z Setting up libjbig-dev:amd64 (2.1-6.1ubuntu2) ...
2026-10-09T09:43:43.4165599Z Setting up libwebrtc-audio-processing1:amd64 (0.3.1-0ubuntu6) ...
2026-10-09T09:43:43.4182494Z Setting up libwebpdecoder3:amd64 (1.3.2-0.4build3) ...
2026-10-09T09:43:43.4200119Z Setting up libevent-2.1-7t64:amd64 (2.1.12-stable-9ubuntu2.2) ...
2026-10-09T09:43:43.4217431Z Setting up libclass-singleton-perl (1.6-2) ...
2026-10-09T09:43:43.4234310Z Setting up libpadwalker-perl (2.5-1build6) ...
2026-10-09T09:43:43.4253689Z Setting up libharfbuzz-gobject0:amd64 (8.3.0-2build2) ...
2026-10-09T09:43:43.4271226Z Setting up libogg-dev:amd64 (1.3.5-3build1) ...
2026-10-09T09:43:43.4290104Z Setting up libreadline-dev:amd64 (8.2-4build1) ...
2026-10-09T09:43:43.4307797Z Setting up libxstring-perl:amd64 (0.005-2build3) ...
2026-10-09T09:43:43.4325742Z Setting up libmpg123-0t64:amd64 (1.32.5-1ubuntu1.1) ...
2026-10-09T09:43:43.4347290Z Setting up libutf8proc-dev:amd64 (2.9.0-1build1) ...
2026-10-09T09:43:43.4367251Z Setting up gir1.2-harfbuzz-0.0:amd64 (8.3.0-2build2) ...
2026-10-09T09:43:43.4387319Z Setting up libpthread-stubs0-dev:amd64 (0.4-1build3) ...
2026-10-09T09:43:43.4404781Z Setting up libclass-c3-xs-perl (0.15-1build6) ...
2026-10-09T09:43:43.4422346Z Setting up libgbm-dev:amd64 (25.2.8-0ubuntu0.24.04.4) ...
2026-10-09T09:43:43.4439759Z Setting up libdevel-caller-perl:amd64 (2.07-1build3) ...
2026-10-09T09:43:43.4458630Z Setting up libopengl0:amd64 (1.7.0-1build1) ...
2026-10-09T09:43:43.4475177Z Setting up libsub-install-perl (0.929-1) ...
2026-10-09T09:43:43.4505618Z Setting up libbullet3.24t64:amd64 (3.24+dfsg-2.1build1) ...
2026-10-09T09:43:43.4524744Z Setting up libgd-perl (2.78-1ubuntu0.24.04.1) ...
2026-10-09T09:43:43.4542515Z Setting up libreadonly-perl (2.050-3) ...
2026-10-09T09:43:43.4560247Z Setting up xtrans-dev (1.4.0-1) ...
2026-10-09T09:43:43.4576572Z Setting up libdevel-lexalias-perl (0.05-3build4) ...
2026-10-09T09:43:43.4594551Z Setting up libwayland-bin (1.22.0-2.1build1) ...
2026-10-09T09:43:43.4611472Z Setting up libgraphite2-dev:amd64 (1.3.14-2ubuntu0.24.04.1) ...
2026-10-09T09:43:43.4629806Z Setting up libpackage-stash-xs-perl:amd64 (0.30-1build4) ...
2026-10-09T09:43:43.4646856Z Setting up libegl-mesa0:amd64 (25.2.8-0ubuntu0.24.04.4) ...
2026-10-09T09:43:43.4667441Z Setting up libclass-data-inheritable-perl (0.08-3) ...
2026-10-09T09:43:43.4686436Z Setting up gforth-common (0.7.3+dfsg-9build4.1) ...
2026-10-09T09:43:43.4704298Z Setting up libalgorithm-c3-perl (0.11-2) ...
2026-10-09T09:43:43.4722547Z Setting up libgles2:amd64 (1.7.0-1build1) ...
2026-10-09T09:43:43.4741385Z Setting up libharfbuzz-cairo0:amd64 (8.3.0-2build2) ...
2026-10-09T09:43:43.4759174Z Setting up libdbus-1-dev:amd64 (1.14.10-4ubuntu4.1) ...
2026-10-09T09:43:43.6193934Z Setting up libsyn123-0t64:amd64 (1.32.5-1ubuntu1.1) ...
2026-10-09T09:43:43.6214054Z Setting up libspa-0.2-modules:amd64 (1.0.5-1ubuntu3.3) ...
2026-10-09T09:43:43.6233302Z Setting up libref-util-perl (0.204-2) ...
2026-10-09T09:43:43.6251864Z Setting up libjack0:amd64 (1:0.126.0-2build3) ...
2026-10-09T09:43:43.6272323Z Setting up libglut3.12:amd64 (3.4.0-1build1) ...
2026-10-09T09:43:43.6292034Z Setting up uuid-dev:amd64 (2.39.3-9ubuntu6.6) ...
2026-10-09T09:43:43.6310594Z Setting up libgles1:amd64 (1.7.0-1build1) ...
2026-10-09T09:43:43.6330376Z Setting up libopus0:amd64 (1.4-1build1) ...
2026-10-09T09:43:43.6348746Z Setting up libxv1:amd64 (2:1.0.11-1.1build1) ...
2026-10-09T09:43:43.6367616Z Setting up libpng16-16t64:amd64 (1.6.43-5ubuntu0.7) ...
2026-10-09T09:43:43.6387767Z Setting up libvariable-magic-perl (0.63-1build3) ...
2026-10-09T09:43:43.6407646Z Setting up libb-hooks-op-check-perl:amd64 (0.22-3build1) ...
2026-10-09T09:43:43.6425895Z Setting up libudev-dev:amd64 (255.4-1ubuntu8.17) ...
2026-10-09T09:43:43.6442644Z Setting up libsepol-dev:amd64 (3.5-2build1) ...
2026-10-09T09:43:43.6462258Z Setting up liblerc-dev:amd64 (4.0.0+ds-4ubuntu2) ...
2026-10-09T09:43:43.6482868Z Setting up libglew2.2:amd64 (2.2.0-4build1) ...
2026-10-09T09:43:43.6502442Z Setting up libparams-util-perl (1.102-2build3) ...
2026-10-09T09:43:43.6522166Z Setting up libsub-exporter-progressive-perl (0.001013-3) ...
2026-10-09T09:43:43.6541318Z Setting up libevent-extra-2.1-7t64:amd64 (2.1.12-stable-9ubuntu2.2) ...
2026-10-09T09:43:43.6561553Z Setting up libcapture-tiny-perl (0.48-2) ...
2026-10-09T09:43:43.6581115Z Setting up liblzma-dev:amd64 (5.6.1+really5.4.5-1ubuntu0.3) ...
2026-10-09T09:43:43.6600386Z Setting up libsndio7.0:amd64 (1.9.0-0.3build3) ...
2026-10-09T09:43:43.6619468Z Setting up libsub-name-perl:amd64 (0.27-1build3) ...
2026-10-09T09:43:43.6890898Z Setting up libout123-0t64:amd64 (1.32.5-1ubuntu1.1) ...
2026-10-09T09:43:43.6909246Z Setting up gir1.2-glib-2.0-dev:amd64 (2.80.0-6ubuntu3.9) ...
2026-10-09T09:43:43.6925718Z Setting up libasyncns0:amd64 (0.8-6build4) ...
2026-10-09T09:43:43.6943994Z Setting up libbullet-dev:amd64 (3.24+dfsg-2.1build1) ...
2026-10-09T09:43:43.6960344Z Setting up libegl1:amd64 (1.7.0-1build1) ...
2026-10-09T09:43:43.6979939Z Setting up librole-tiny-perl (2.002004-1) ...
2026-10-09T09:43:43.6996164Z Setting up libdecor-0-0:amd64 (0.2.2-1build2) ...
2026-10-09T09:43:43.7014169Z Setting up libharfbuzz-subset0:amd64 (8.3.0-2build2) ...
2026-10-09T09:43:43.7032802Z Setting up libfile-sharedir-perl (1.118-3) ...
2026-10-09T09:43:43.7050195Z Setting up build-essential (12.10ubuntu1) ...
2026-10-09T09:43:43.7066061Z Setting up xorg-sgml-doctools (1:1.11-1.1) ...
2026-10-09T09:43:43.7082992Z Setting up libsub-quote-perl (2.006008-1ubuntu1) ...
2026-10-09T09:43:43.7100819Z Setting up libdevel-stacktrace-perl (2.0500-1) ...
2026-10-09T09:43:43.7117911Z Setting up libclass-xsaccessor-perl (1.19-4build4) ...
2026-10-09T09:43:43.7135528Z Setting up libglu1-mesa:amd64 (9.0.2-1.1build1) ...
2026-10-09T09:43:43.7153283Z Setting up libflac12t64:amd64 (1.4.3+ds-2.1ubuntu2) ...
2026-10-09T09:43:43.7172177Z Setting up libjack-dev:amd64 (1:0.126.0-2build3) ...
2026-10-09T09:43:43.7189821Z Setting up libopengl-dev:amd64 (1.7.0-1build1) ...
2026-10-09T09:43:43.7207317Z Setting up libjpeg8-dev:amd64 (8c-2ubuntu11) ...
2026-10-09T09:43:43.7224854Z Setting up gforth-lib:amd64 (0.7.3+dfsg-9build4.1) ...
2026-10-09T09:43:43.7242756Z Setting up libspa-0.2-dev:amd64 (1.0.5-1ubuntu3.3) ...
2026-10-09T09:43:43.7259453Z Setting up libasound2-dev:amd64 (1.2.11-1ubuntu0.3) ...
2026-10-09T09:43:43.7276266Z Setting up libsharpyuv-dev:amd64 (1.3.2-0.4build3) ...
2026-10-09T09:43:43.7294055Z Setting up libsamplerate0:amd64 (0.2.2-4build1) ...
2026-10-09T09:43:43.7310860Z Setting up timgm6mb-soundfont (1.3-5) ...
2026-10-09T09:43:43.7394333Z update-alternatives: using /usr/share/sounds/sf2/TimGM6mb.sf2 to provide /usr/share/sounds/sf2/default-GM.sf2 (default-GM.sf2) in auto mode
2026-10-09T09:43:43.7437338Z update-alternatives: using /usr/share/sounds/sf2/TimGM6mb.sf2 to provide /usr/share/sounds/sf3/default-GM.sf3 (default-GM.sf3) in auto mode
2026-10-09T09:43:43.7453724Z Setting up libtiffxx6:amd64 (4.5.1+git230720-4ubuntu2.5) ...
2026-10-09T09:43:43.7471021Z Setting up libdeflate-dev:amd64 (1.19-1build1.1) ...
2026-10-09T09:43:43.7488109Z Setting up libperlio-gzip-perl (0.20-1build4) ...
2026-10-09T09:43:43.7504691Z Setting up gir1.2-ibus-1.0:amd64 (1.5.29-2) ...
2026-10-09T09:43:43.7520892Z Setting up libopusfile0:amd64 (0.12-4build3) ...
2026-10-09T09:43:43.7537975Z Setting up libpipewire-0.3-0t64:amd64 (1.0.5-1ubuntu3.3) ...
2026-10-09T09:43:43.7555507Z Setting up libdecor-0-plugin-1-gtk:amd64 (0.2.2-1build2) ...
2026-10-09T09:43:43.7572382Z Setting up libsystemd-dev:amd64 (255.4-1ubuntu8.17) ...
2026-10-09T09:43:43.7589133Z Setting up libbrotli-dev:amd64 (1.1.0-2build2) ...
2026-10-09T09:43:43.7606823Z Setting up libmp3lame0:amd64 (3.100-6build1) ...
2026-10-09T09:43:43.7623120Z Setting up libvorbisenc2:amd64 (1.3.7-1build3) ...
2026-10-09T09:43:43.7641825Z Setting up libbz2-dev:amd64 (1.0.8-5.1ubuntu0.1) ...
2026-10-09T09:43:43.7658012Z Setting up libvorbis-dev:amd64 (1.3.7-1build3) ...
2026-10-09T09:43:43.7674498Z Setting up libblkid-dev:amd64 (2.39.3-9ubuntu6.6) ...
2026-10-09T09:43:43.7691976Z Setting up libflac-dev:amd64 (1.4.3+ds-2.1ubuntu2) ...
2026-10-09T09:43:43.7708415Z Setting up libdrm-dev:amd64 (2.4.125-1ubuntu0.1~24.04.2) ...
2026-10-09T09:43:43.7726156Z Setting up libsndio-dev:amd64 (1.9.0-0.3build3) ...
2026-10-09T09:43:43.7743859Z Setting up libpng-tools (1.6.43-5ubuntu0.7) ...
2026-10-09T09:43:43.7761505Z Setting up libselinux1-dev:amd64 (3.5-2ubuntu2.1) ...
2026-10-09T09:43:43.7787043Z Setting up libsamplerate0-dev:amd64 (0.2.2-4build1) ...
2026-10-09T09:43:43.7805551Z Setting up libpng-dev:amd64 (1.6.43-5ubuntu0.7) ...
2026-10-09T09:43:43.7824357Z Setting up libjpeg-dev:amd64 (8c-2ubuntu11) ...
2026-10-09T09:43:43.7841836Z Setting up libexception-class-perl (1.45-1) ...
2026-10-09T09:43:43.7859190Z Setting up libclass-c3-perl (0.35-2) ...
2026-10-09T09:43:43.7877225Z Setting up libdevel-callchecker-perl:amd64 (0.008-2build3) ...
2026-10-09T09:43:43.7896319Z Setting up libwayland-dev:amd64 (1.22.0-2.1build1) ...
2026-10-09T09:43:43.7914258Z Setting up libopus-dev:amd64 (1.4-1build1) ...
2026-10-09T09:43:43.7931353Z Setting up libmpg123-dev:amd64 (1.32.5-1ubuntu1.1) ...
2026-10-09T09:43:43.7950728Z Setting up libdecor-0-dev:amd64 (0.2.2-1build2) ...
2026-10-09T09:43:43.7968187Z Setting up libwebp-dev:amd64 (1.3.2-0.4build3) ...
2026-10-09T09:43:43.7985116Z Setting up libfreetype6:amd64 (2.13.2+dfsg-1ubuntu0.2) ...
2026-10-09T09:43:43.8003848Z Setting up libtiff-dev:amd64 (4.5.1+git230720-4ubuntu2.5) ...
2026-10-09T09:43:43.8021954Z Setting up gir1.2-freedesktop-dev:amd64 (1.80.1-1) ...
2026-10-09T09:43:43.8040897Z Setting up libevent-dev (2.1.12-stable-9ubuntu2.2) ...
2026-10-09T09:43:43.8058944Z Setting up libdata-optlist-perl (0.114-1) ...
2026-10-09T09:43:43.8076677Z Setting up libpipewire-0.3-dev:amd64 (1.0.5-1ubuntu3.3) ...
2026-10-09T09:43:43.8095147Z Setting up gforth (0.7.3+dfsg-9build4.1) ...
2026-10-09T09:43:43.8544100Z Setting up libsndfile1:amd64 (1.2.2-1ubuntu5.24.04.1) ...
2026-10-09T09:43:43.8562391Z Setting up libmro-compat-perl (0.15-2) ...
2026-10-09T09:43:43.8579979Z Setting up libinstpatch-1.0-2:amd64 (1.1.6-1build2) ...
2026-10-09T09:43:43.8596381Z Setting up libmount-dev:amd64 (2.39.3-9ubuntu6.6) ...
2026-10-09T09:43:43.8614440Z Setting up libsub-exporter-perl (0.990-1) ...
2026-10-09T09:43:43.8631883Z Setting up libeval-closure-perl (0.14-3) ...
2026-10-09T09:43:43.8649133Z Setting up libparams-validationcompiler-perl (0.31-1) ...
2026-10-09T09:43:43.8666292Z Setting up libpulse0:amd64 (1:16.1+dfsg1-2ubuntu10.1) ...
2026-10-09T09:43:43.8740262Z Setting up libparams-classify-perl:amd64 (0.015-2build5) ...
2026-10-09T09:43:43.8759352Z Setting up libopusfile-dev:amd64 (0.12-4build3) ...
2026-10-09T09:43:43.8775707Z Setting up libfreetype-dev:amd64 (2.13.2+dfsg-1ubuntu0.2) ...
2026-10-09T09:43:43.8800500Z Setting up libglib2.0-dev:amd64 (2.80.0-6ubuntu3.9) ...
2026-10-09T09:43:43.8818272Z Setting up libmodule-runtime-perl (0.016-2) ...
2026-10-09T09:43:43.8836125Z Setting up libsndfile1-dev:amd64 (1.2.2-1ubuntu5.24.04.1) ...
2026-10-09T09:43:43.8867855Z Setting up libpulse-mainloop-glib0:amd64 (1:16.1+dfsg1-2ubuntu10.1) ...
2026-10-09T09:43:43.8889986Z Setting up libsdl2-2.0-0:amd64 (2.30.0+dfsg-1ubuntu3.1) ...
2026-10-09T09:43:43.8909621Z Setting up libfluidsynth3:amd64 (2.3.4-1build3) ...
2026-10-09T09:43:43.8928954Z Setting up libsdl2-image-2.0-0:amd64 (2.8.2+dfsg-1build2) ...
2026-10-09T09:43:43.8948071Z Setting up libmodule-implementation-perl (0.09-2) ...
2026-10-09T09:43:43.8966175Z Setting up libpackage-stash-perl (0.40-1) ...
2026-10-09T09:43:43.8987182Z Setting up libspecio-perl (0.48-1) ...
2026-10-09T09:43:43.9245986Z Setting up libsdl2-mixer-2.0-0:amd64 (2.8.0+dfsg-1build3) ...
2026-10-09T09:43:43.9264802Z Setting up libsdl2-ttf-2.0-0:amd64 (2.22.0+dfsg-1) ...
2026-10-09T09:43:43.9282853Z Setting up libb-hooks-endofscope-perl (0.28-1) ...
2026-10-09T09:43:43.9299804Z Setting up libnamespace-clean-perl (0.27-2) ...
2026-10-09T09:43:43.9317350Z Setting up libnamespace-autoclean-perl (0.29-2) ...
2026-10-09T09:43:43.9336112Z Setting up libdatetime-locale-perl (1:1.37-1) ...
2026-10-09T09:43:43.9356613Z Setting up libdatetime-timezone-perl (1:2.62-1+2024a) ...
2026-10-09T09:43:43.9376000Z Setting up libdatetime-perl (2:1.65-1build2) ...
2026-10-09T09:43:43.9392959Z Setting up lcov (2.0-4ubuntu2) ...
2026-10-09T09:43:43.9710443Z Processing triggers for man-db (2.12.0-4build2) ...
2026-10-09T09:43:43.9737629Z Not building database; man-db/auto-update is not 'true'.
2026-10-09T09:43:43.9777660Z Processing triggers for libglib2.0-0t64:amd64 (2.80.0-6ubuntu3.9) ...
2026-10-09T09:43:43.9895712Z Setting up libpulse-dev:amd64 (1:16.1+dfsg1-2ubuntu10.1) ...
2026-10-09T09:43:43.9925311Z Processing triggers for sgml-base (1.31) ...
2026-10-09T09:43:44.0052958Z Processing triggers for install-info (7.1-3build2) ...
2026-10-09T09:43:44.1120199Z Setting up libinstpatch-dev:amd64 (1.1.6-1build2) ...
2026-10-09T09:43:44.1156806Z Setting up x11proto-dev (2023.2-1) ...
2026-10-09T09:43:44.1180010Z Setting up libharfbuzz-dev:amd64 (8.3.0-2build2) ...
2026-10-09T09:43:44.1201867Z Setting up libxau-dev:amd64 (1:1.0.9-1build6) ...
2026-10-09T09:43:44.1236186Z Setting up libice-dev:amd64 (2:1.0.10-1build3) ...
2026-10-09T09:43:44.1260604Z Setting up libsm-dev:amd64 (2:1.2.3-1build3) ...
2026-10-09T09:43:44.1287875Z Processing triggers for libc-bin (2.39-0ubuntu8.9) ...
2026-10-09T09:43:44.1700232Z Setting up libibus-1.0-dev:amd64 (1.5.29-2) ...
2026-10-09T09:43:44.1738367Z Setting up libxdmcp-dev:amd64 (1:1.1.3-0ubuntu6) ...
2026-10-09T09:43:44.1833707Z Setting up libxcb1-dev:amd64 (1.15-1ubuntu2) ...
2026-10-09T09:43:44.1874119Z Setting up libx11-dev:amd64 (2:1.8.7-1build1) ...
2026-10-09T09:43:44.1900289Z Setting up libxfixes-dev:amd64 (1:6.0.0-2build1) ...
2026-10-09T09:43:44.1952219Z Setting up libxt-dev:amd64 (1:1.2.1-1.2build1) ...
2026-10-09T09:43:44.1986794Z Setting up libxext-dev:amd64 (2:1.3.4-1build2) ...
2026-10-09T09:43:44.2015638Z Setting up libglx-dev:amd64 (1.7.0-1build1) ...
2026-10-09T09:43:44.2051798Z Setting up libxi-dev:amd64 (2:1.8.1-1build1) ...
2026-10-09T09:43:44.2078408Z Setting up libxrender-dev:amd64 (1:0.9.10-1.1build1) ...
2026-10-09T09:43:44.2103336Z Setting up libgl-dev:amd64 (1.7.0-1build1) ...
2026-10-09T09:43:44.2141219Z Setting up libegl-dev:amd64 (1.7.0-1build1) ...
2026-10-09T09:43:44.2161281Z Setting up libxcursor-dev:amd64 (1:1.2.1-1build1) ...
2026-10-09T09:43:44.2182696Z Setting up libxxf86vm-dev:amd64 (1:1.1.4-1build4) ...
2026-10-09T09:43:44.2215432Z Setting up libxss-dev:amd64 (1:1.2.3-1build3) ...
2026-10-09T09:43:44.2251551Z Setting up libxv-dev:amd64 (2:1.0.11-1.1build1) ...
2026-10-09T09:43:44.2274833Z Setting up libxrandr-dev:amd64 (2:1.5.2-2build1) ...
2026-10-09T09:43:44.2313778Z Setting up libglu1-mesa-dev:amd64 (9.0.2-1.1build1) ...
2026-10-09T09:43:44.2343287Z Setting up libxinerama-dev:amd64 (2:1.1.4-3build1) ...
2026-10-09T09:43:44.2386256Z Setting up libgles-dev:amd64 (1.7.0-1build1) ...
2026-10-09T09:43:44.2425175Z Setting up libsdl2-dev:amd64 (2.30.0+dfsg-1ubuntu3.1) ...
2026-10-09T09:43:44.2450863Z Setting up libglvnd-dev:amd64 (1.7.0-1build1) ...
2026-10-09T09:43:44.2492080Z Setting up libfluidsynth-dev:amd64 (2.3.4-1build3) ...
2026-10-09T09:43:44.2519369Z Setting up libglew-dev:amd64 (2.2.0-4build1) ...
2026-10-09T09:43:44.2548742Z Setting up libsdl2-ttf-dev:amd64 (2.22.0+dfsg-1) ...
2026-10-09T09:43:44.2579062Z Setting up libsdl2-mixer-dev:amd64 (2.8.0+dfsg-1build3) ...
2026-10-09T09:43:44.2608119Z Setting up libgl1-mesa-dev:amd64 (25.2.8-0ubuntu0.24.04.4) ...
2026-10-09T09:43:44.2640021Z Setting up libsdl2-image-dev:amd64 (2.8.2+dfsg-1build2) ...
2026-10-09T09:43:44.2665254Z Setting up libglut-dev:amd64 (3.4.0-1build1) ...
2026-10-09T09:43:44.2689357Z Setting up libegl1-mesa-dev:amd64 (25.2.8-0ubuntu0.24.04.4) ...
2026-10-09T09:43:44.2713422Z Setting up libglfw3-dev:amd64 (3.3.10-1build1) ...
2026-10-09T09:43:44.2736843Z Setting up freeglut3-dev:amd64 (3.4.0-1build1) ...
2026-10-09T09:43:44.9410523Z 
2026-10-09T09:43:44.9411738Z Running kernel seems to be up-to-date.
2026-10-09T09:43:44.9412544Z 
2026-10-09T09:43:44.9412700Z Restarting services...
2026-10-09T09:43:44.9490368Z  systemctl restart php8.3-fpm.service
2026-10-09T09:43:45.0609660Z 
2026-10-09T09:43:45.0610252Z No containers need to be restarted.
2026-10-09T09:43:45.0610917Z 
2026-10-09T09:43:45.0611239Z No user sessions are running outdated binaries.
2026-10-09T09:43:45.0611701Z 
2026-10-09T09:43:45.0612168Z No VM guests are running outdated hypervisor (qemu) binaries on this host.
2026-10-09T09:43:46.0109770Z apt install succeeded on attempt 1
2026-10-09T09:43:46.0149936Z ##[group]Run make coverage
2026-10-09T09:43:46.0150233Z make coverage
2026-10-09T09:43:46.0214614Z shell: /usr/bin/bash -e {0}
2026-10-09T09:43:46.0214884Z env:
2026-10-09T09:43:46.0215175Z   NANO_VERIFY_CORPUS_LOG_ROOT: .test_output/verifier-corpus
2026-10-09T09:43:46.0215563Z   NANO_SHADOW_TIMEOUT_SECONDS: 60
2026-10-09T09:43:46.0215839Z ##[endgroup]
2026-10-09T09:43:46.0777778Z rm -f "lib/libnano_file_runtime.a"
2026-10-09T09:43:46.0853653Z I clean compiler artifacts and retain module runtime caches.
2026-10-09T09:43:46.0855679Z python3 scripts/clean_build_trees.py --root "obj" --root "obj/build_bootstrap" \
2026-10-09T09:43:46.0856443Z 	--root "coverage" --root "bin" \
2026-10-09T09:43:46.0856999Z 	--cache "obj/module_cache" --cache "/home/runner/work/nanolang/nanolang/obj/module_cache" \
2026-10-09T09:43:46.0858685Z 	--file ".stage1.built" --file ".stage2.built" --file ".stage3.built" --file ".bootstrap0.built" --file ".bootstrap1.built" --file ".bootstrap2.built" --file ".bootstrap3.built" \
2026-10-09T09:43:46.0860183Z 	--file "obj/build_bootstrap/schema.stamp" --file coverage.info --file test.nano \
2026-10-09T09:43:46.0861376Z 	--file test_output.c --file test_program --root .test_output \
2026-10-09T09:43:46.0862133Z 	--glob '*.out' --glob '*.out.c' --glob 'tests/**/*.out' --glob 'tests/**/*.out.c' \
2026-10-09T09:43:46.0862818Z 	--glob '*.gcda' --glob '*.gcno' --glob '*.gcov' \
2026-10-09T09:43:46.0863224Z 	--glob 'formal/*.vo' --glob 'formal/*.vok' --glob 'formal/*.vos' \
2026-10-09T09:43:46.0863621Z 	--glob 'formal/*.glob' --glob 'formal/.*.aux'
2026-10-09T09:43:46.1372087Z ✅ Clean complete - ready for fresh build
2026-10-09T09:43:46.1381287Z mkdir -p obj/build_bootstrap
2026-10-09T09:43:46.1491076Z [schema] Generating compiler schema artifacts...
2026-10-09T09:43:46.1510817Z [schema] Using Python version (bootstrap)...
2026-10-09T09:43:46.1955872Z [tool] Building module index generator (C)...
2026-10-09T09:43:48.2260243Z [modules] Generating module index from manifests...
2026-10-09T09:43:48.2365342Z Generating module index...
2026-10-09T09:43:48.2365801Z Found 47 module manifests
2026-10-09T09:43:48.2366259Z   ✓ audio_viz
2026-10-09T09:43:48.2366513Z   ✓ pybridge_matplotlib
2026-10-09T09:43:48.2366786Z   ✓ openai
2026-10-09T09:43:48.2366996Z   ✓ stdlib
2026-10-09T09:43:48.2367196Z   ✓ github
2026-10-09T09:43:48.2367404Z   ✓ pybridge
2026-10-09T09:43:48.2367616Z   ✓ sqlite
2026-10-09T09:43:48.2368061Z   ✓ pt2_audio
2026-10-09T09:43:48.2368439Z   ✓ sdl_image
2026-10-09T09:43:48.2368769Z   ✓ sdl_helpers
2026-10-09T09:43:48.2369102Z   ✓ event
2026-10-09T09:43:48.2369436Z   ✓ nano_tools
2026-10-09T09:43:48.2369781Z   ✓ sdl
2026-10-09T09:43:48.2370138Z   ✓ tools
2026-10-09T09:43:48.2370508Z   ✓ preferences
2026-10-09T09:43:48.2371128Z   ✓ readline
2026-10-09T09:43:48.2383480Z   ✓ proptest
2026-10-09T09:43:48.2383919Z   ✓ nano_highlight
2026-10-09T09:43:48.2384339Z   ✓ glew
2026-10-09T09:43:48.2384733Z   ✓ pt2_state
2026-10-09T09:43:48.2385130Z   ✓ sdl_mixer
2026-10-09T09:43:48.2385543Z   ✓ nanoisa
2026-10-09T09:43:48.2385929Z   ✓ filesystem
2026-10-09T09:43:48.2386314Z   ✓ mujoco
2026-10-09T09:43:48.2386664Z   ✓ unicode
2026-10-09T09:43:48.2387023Z   ✓ ui_widgets
2026-10-09T09:43:48.2387400Z   ✓ pty
2026-10-09T09:43:48.2387785Z   ✓ http_server
2026-10-09T09:43:48.2388183Z   ✓ std
2026-10-09T09:43:48.2388563Z   ✓ curl
2026-10-09T09:43:48.2388794Z   ✓ sdl_ttf
2026-10-09T09:43:48.2389002Z   ✓ math_ext
2026-10-09T09:43:48.2389518Z   ✓ glfw
2026-10-09T09:43:48.2389719Z   ✓ sdl_term
2026-10-09T09:43:48.2389935Z   ✓ pybridge_warp
2026-10-09T09:43:48.2390170Z   ✓ pt2_module
2026-10-09T09:43:48.2390376Z   ✓ uv
2026-10-09T09:43:48.2390580Z   ✓ nano_eval
2026-10-09T09:43:48.2391124Z   ✓ forth_see
2026-10-09T09:43:48.2391339Z   ✓ vector2d
2026-10-09T09:43:48.2391543Z   ✓ ncurses
2026-10-09T09:43:48.2391739Z   ✓ stdio
2026-10-09T09:43:48.2391937Z   ✓ opengl
2026-10-09T09:43:48.2392412Z   ✓ bullet
2026-10-09T09:43:48.2392769Z   ✓ glut
2026-10-09T09:43:48.2393134Z   ✓ audio_helpers
2026-10-09T09:43:48.2393853Z   ✓ log
2026-10-09T09:43:48.2394084Z 
2026-10-09T09:43:48.2394349Z ✓ Generated modules/index.json
2026-10-09T09:43:48.2394803Z   47 modules indexed
2026-10-09T09:43:48.2427998Z mkdir -p obj/runtime
2026-10-09T09:43:48.2488766Z mkdir -p obj/eval
2026-10-09T09:43:48.2579922Z cc -Wall -Wextra -Werror -std=c99 -g -O3 -ftree-vectorize -fPIC -Isrc -D_GNU_SOURCE  -fprofile-arcs -ftest-coverage -MMD -MP -c src/bcp47.c -o obj/bcp47.o
2026-10-09T09:43:48.4076006Z cc -Wall -Wextra -Werror -std=c99 -g -O3 -ftree-vectorize -fPIC -Isrc -D_GNU_SOURCE  -fprofile-arcs -ftest-coverage -MMD -MP -c src/bench.c -o obj/bench.o
2026-10-09T09:43:48.5700197Z cc -Wall -Wextra -Werror -std=c99 -g -O3 -ftree-vectorize -fPIC -Isrc -D_GNU_SOURCE  -fprofile-arcs -ftest-coverage -MMD -MP -c src/bench_native.c -o obj/bench_native.o
2026-10-09T09:43:48.6223948Z cc -Wall -Wextra -Werror -std=c99 -g -O3 -ftree-vectorize -fPIC -Isrc -D_GNU_SOURCE  -fprofile-arcs -ftest-coverage -MMD -MP -c src/builtins_registry.c -o obj/builtins_registry.o
2026-10-09T09:43:48.6617898Z cc -Wall -Wextra -Werror -std=c99 -g -O3 -ftree-vectorize -fPIC -Isrc -D_GNU_SOURCE  -fprofile-arcs -ftest-coverage -MMD -MP -c src/cJSON.c -o obj/cJSON.o
2026-10-09T09:43:49.4629749Z cc -Wall -Wextra -Werror -std=c99 -g -O3 -ftree-vectorize -fPIC -Isrc -D_GNU_SOURCE  -fprofile-arcs -ftest-coverage -MMD -MP -c src/c_backend.c -o obj/c_backend.o
2026-10-09T09:43:51.4890931Z cc -Wall -Wextra -Werror -std=c99 -g -O3 -ftree-vectorize -fPIC -Isrc -D_GNU_SOURCE  -fprofile-arcs -ftest-coverage -MMD -MP -c src/catalog.c -o obj/catalog.o
2026-10-09T09:43:51.7466465Z cc -Wall -Wextra -Werror -std=c99 -g -O3 -ftree-vectorize -fPIC -Isrc -D_GNU_SOURCE  -fprofile-arcs -ftest-coverage -MMD -MP -c src/channel.c -o obj/channel.o
2026-10-09T09:43:51.8407478Z cc -Wall -Wextra -Werror -std=c99 -g -O3 -ftree-vectorize -fPIC -Isrc -D_GNU_SOURCE  -fprofile-arcs -ftest-coverage -MMD -MP -c src/coroutine.c -o obj/coroutine.o
2026-10-09T09:43:52.0041341Z cc -Wall -Wextra -Werror -std=c99 -g -O3 -ftree-vectorize -fPIC -Isrc -D_GNU_SOURCE  -fprofile-arcs -ftest-coverage -MMD -MP -c src/cps_pass.c -o obj/cps_pass.o
2026-10-09T09:43:52.1038760Z cc -Wall -Wextra -Werror -std=c99 -g -O3 -ftree-vectorize -fPIC -Isrc -D_GNU_SOURCE  -fprofile-arcs -ftest-coverage -MMD -MP -c src/dce_pass.c -o obj/dce_pass.o
2026-10-09T09:43:52.3093727Z cc -Wall -Wextra -Werror -std=c99 -g -O3 -ftree-vectorize -fPIC -Isrc -D_GNU_SOURCE  -fprofile-arcs -ftest-coverage -MMD -MP -c src/diag_id.c -o obj/diag_id.o
2026-10-09T09:43:52.3406748Z cc -Wall -Wextra -Werror -std=c99 -g -O3 -ftree-vectorize -fPIC -Isrc -D_GNU_SOURCE  -fprofile-arcs -ftest-coverage -MMD -MP -c src/docgen.c -o obj/docgen.o
2026-10-09T09:43:52.7124111Z cc -Wall -Wextra -Werror -std=c99 -g -O3 -ftree-vectorize -fPIC -Isrc -D_GNU_SOURCE  -fprofile-arcs -ftest-coverage -MMD -MP -c src/docgen_md.c -o obj/docgen_md.o
2026-10-09T09:43:53.0537100Z cc -Wall -Wextra -Werror -std=c99 -g -O3 -ftree-vectorize -fPIC -Isrc -D_GNU_SOURCE  -fprofile-arcs -ftest-coverage -MMD -MP -c src/dwarf_info.c -o obj/dwarf_info.o
2026-10-09T09:43:53.1411013Z cc -Wall -Wextra -Werror -std=c99 -g -O3 -ftree-vectorize -fPIC -Isrc -D_GNU_SOURCE  -fprofile-arcs -ftest-coverage -MMD -MP -c src/effects.c -o obj/effects.o
2026-10-09T09:43:53.4571340Z cc -Wall -Wextra -Werror -std=c99 -g -O3 -ftree-vectorize -fPIC -Isrc -D_GNU_SOURCE  -fprofile-arcs -ftest-coverage -MMD -MP -c src/emit_typed_ast.c -o obj/emit_typed_ast.o
2026-10-09T09:43:53.7323889Z cc -Wall -Wextra -Werror -std=c99 -g -O3 -ftree-vectorize -fPIC -Isrc -D_GNU_SOURCE  -fprofile-arcs -ftest-coverage -MMD -MP -c src/env.c -o obj/env.o
2026-10-09T09:43:54.9837816Z cc -Wall -Wextra -Werror -std=c99 -g -O3 -ftree-vectorize -fPIC -Isrc -D_GNU_SOURCE  -fprofile-arcs -ftest-coverage -MMD -MP -ffp-contract=off -fno-fast-math -c src/eval.c -o obj/eval.o
2026-10-09T09:43:58.8938335Z cc -Wall -Wextra -Werror -std=c99 -g -O3 -ftree-vectorize -fPIC -Isrc -D_GNU_SOURCE  -fprofile-arcs -ftest-coverage -MMD -MP -c src/eval/eval_hashmap.c -o obj/eval/eval_hashmap.o
2026-10-09T09:43:59.0150798Z cc -Wall -Wextra -Werror -std=c99 -g -O3 -ftree-vectorize -fPIC -Isrc -D_GNU_SOURCE  -fprofile-arcs -ftest-coverage -MMD -MP -c src/eval/eval_io.c -o obj/eval/eval_io.o
2026-10-09T09:43:59.4317111Z cc -Wall -Wextra -Werror -std=c99 -g -O3 -ftree-vectorize -fPIC -Isrc -D_GNU_SOURCE  -fprofile-arcs -ftest-coverage -MMD -MP -c src/eval/eval_math.c -o obj/eval/eval_math.o
2026-10-09T09:43:59.5628941Z cc -Wall -Wextra -Werror -std=c99 -g -O3 -ftree-vectorize -fPIC -Isrc -D_GNU_SOURCE  -fprofile-arcs -ftest-coverage -MMD -MP -c src/eval/eval_string.c -o obj/eval/eval_string.o
2026-10-09T09:43:59.7478462Z cc -Wall -Wextra -Werror -std=c99 -g -O3 -ftree-vectorize -fPIC -Isrc -D_GNU_SOURCE  -fprofile-arcs -ftest-coverage -MMD -MP -c src/fmt.c -o obj/fmt.o
2026-10-09T09:43:59.9897017Z cc -Wall -Wextra -Werror -std=c99 -g -O3 -ftree-vectorize -fPIC -Isrc -D_GNU_SOURCE  -fprofile-arcs -ftest-coverage -MMD -MP -c src/fold_constants.c -o obj/fold_constants.o
2026-10-09T09:44:00.2246117Z cc -Wall -Wextra -Werror -std=c99 -g -O3 -ftree-vectorize -fPIC -Isrc -D_GNU_SOURCE  -fprofile-arcs -ftest-coverage -MMD -MP -c src/interpreter_ffi.c -o obj/interpreter_ffi.o
2026-10-09T09:44:00.4213990Z cc -Wall -Wextra -Werror -std=c99 -g -O3 -ftree-vectorize -fPIC -Isrc -D_GNU_SOURCE  -fprofile-arcs -ftest-coverage -MMD -MP -c src/json_diagnostics.c -o obj/json_diagnostics.o
2026-10-09T09:44:00.5428440Z cc -Wall -Wextra -Werror -std=c99 -g -O3 -ftree-vectorize -fPIC -Isrc -D_GNU_SOURCE  -fprofile-arcs -ftest-coverage -MMD -MP -c src/lexer.c -o obj/lexer.o
2026-10-09T09:44:01.0236950Z cc -Wall -Wextra -Werror -std=c99 -g -O3 -ftree-vectorize -fPIC -Isrc -D_GNU_SOURCE  -fprofile-arcs -ftest-coverage -MMD -MP -c src/locale.c -o obj/locale.o
2026-10-09T09:44:01.1222289Z cc -Wall -Wextra -Werror -std=c99 -g -O3 -ftree-vectorize -fPIC -Isrc -D_GNU_SOURCE  -fprofile-arcs -ftest-coverage -MMD -MP -c src/main.c -o obj/main.o
2026-10-09T09:44:02.0538018Z cc -Wall -Wextra -Werror -std=c99 -g -O3 -ftree-vectorize -fPIC -Isrc -D_GNU_SOURCE  -fprofile-arcs -ftest-coverage -MMD -MP -c src/module.c -o obj/module.o
2026-10-09T09:44:03.2953236Z cc -Wall -Wextra -Werror -std=c99 -g -O3 -ftree-vectorize -fPIC -Isrc -D_GNU_SOURCE  -fprofile-arcs -ftest-coverage -MMD -MP -c src/module_builder.c -o obj/module_builder.o
2026-10-09T09:44:08.5210556Z cc -Wall -Wextra -Werror -std=c99 -g -O3 -ftree-vectorize -fPIC -Isrc -D_GNU_SOURCE  -fprofile-arcs -ftest-coverage -MMD -MP -c src/module_metadata.c -o obj/module_metadata.o
2026-10-09T09:44:09.7577193Z cc -Wall -Wextra -Werror -std=c99 -g -O3 -ftree-vectorize -fPIC -Isrc -D_GNU_SOURCE  -fprofile-arcs -ftest-coverage -MMD -MP -c src/nanocore_export.c -o obj/nanocore_export.o
2026-10-09T09:44:10.0635569Z cc -Wall -Wextra -Werror -std=c99 -g -O3 -ftree-vectorize -fPIC -Isrc -D_GNU_SOURCE  -fprofile-arcs -ftest-coverage -MMD -MP -c src/nanocore_subset.c -o obj/nanocore_subset.o
2026-10-09T09:44:10.2616133Z mkdir -p obj/nanoisa
2026-10-09T09:44:10.2727674Z cc -Wall -Wextra -Werror -std=c99 -g -O3 -ftree-vectorize -fPIC -Isrc -D_GNU_SOURCE  -fprofile-arcs -ftest-coverage -MMD -MP -Isrc/nanoisa -c src/nanoisa/affine_bytecode.c -o obj/nanoisa/affine_bytecode.o
2026-10-09T09:44:11.2911815Z cc -Wall -Wextra -Werror -std=c99 -g -O3 -ftree-vectorize -fPIC -Isrc -D_GNU_SOURCE  -fprofile-arcs -ftest-coverage -MMD -MP -Isrc/nanoisa -c src/nanoisa/affine_state.c -o obj/nanoisa/affine_state.o
2026-10-09T09:44:13.6514377Z cc -Wall -Wextra -Werror -std=c99 -g -O3 -ftree-vectorize -fPIC -Isrc -D_GNU_SOURCE  -fprofile-arcs -ftest-coverage -MMD -MP -Isrc/nanoisa -c src/nanoisa/assembler.c -o obj/nanoisa/assembler.o
2026-10-09T09:44:14.6184449Z cc -Wall -Wextra -Werror -std=c99 -g -O3 -ftree-vectorize -fPIC -Isrc -D_GNU_SOURCE  -fprofile-arcs -ftest-coverage -MMD -MP -Isrc/nanoisa -c src/nanoisa/disassembler.c -o obj/nanoisa/disassembler.o
2026-10-09T09:44:14.9136565Z cc -Wall -Wextra -Werror -std=c99 -g -O3 -ftree-vectorize -fPIC -Isrc -D_GNU_SOURCE  -fprofile-arcs -ftest-coverage -MMD -MP -Isrc/nanoisa -c src/nanoisa/file_flow.c -o obj/nanoisa/file_flow.o
2026-10-09T09:44:18.8276126Z cc -Wall -Wextra -Werror -std=c99 -g -O3 -ftree-vectorize -fPIC -Isrc -D_GNU_SOURCE  -fprofile-arcs -ftest-coverage -MMD -MP -Isrc/nanoisa -c src/nanoisa/frontend.c -o obj/nanoisa/frontend.o
2026-10-09T09:44:18.9690231Z cc -Wall -Wextra -Werror -std=c99 -g -O3 -ftree-vectorize -fPIC -Isrc -D_GNU_SOURCE  -fprofile-arcs -ftest-coverage -MMD -MP -Isrc/nanoisa -c src/nanoisa/isa.c -o obj/nanoisa/isa.o
2026-10-09T09:44:19.0824156Z cc -Wall -Wextra -Werror -std=c99 -g -O3 -ftree-vectorize -fPIC -Isrc -D_GNU_SOURCE  -fprofile-arcs -ftest-coverage -MMD -MP -Isrc/nanoisa -c src/nanoisa/local_bindings.c -o obj/nanoisa/local_bindings.o
2026-10-09T09:44:19.2192733Z cc -Wall -Wextra -Werror -std=c99 -g -O3 -ftree-vectorize -fPIC -Isrc -D_GNU_SOURCE  -fprofile-arcs -ftest-coverage -MMD -MP -Isrc/nanoisa -c src/nanoisa/managed_array_shapes.c -o obj/nanoisa/managed_array_shapes.o
2026-10-09T09:44:21.1761599Z cc -Wall -Wextra -Werror -std=c99 -g -O3 -ftree-vectorize -fPIC -Isrc -D_GNU_SOURCE  -fprofile-arcs -ftest-coverage -MMD -MP -Isrc/nanoisa -c src/nanoisa/mixed_float_proof.c -o obj/nanoisa/mixed_float_proof.o
2026-10-09T09:44:21.8482599Z cc -Wall -Wextra -Werror -std=c99 -g -O3 -ftree-vectorize -fPIC -Isrc -D_GNU_SOURCE  -fprofile-arcs -ftest-coverage -MMD -MP -Isrc/nanoisa -Imodules/nanoisa -c modules/nanoisa/nanoisa.c -o obj/nanoisa/nanoisa_facade.o
2026-10-09T09:44:22.1194817Z cc -Wall -Wextra -Werror -std=c99 -g -O3 -ftree-vectorize -fPIC -Isrc -D_GNU_SOURCE  -fprofile-arcs -ftest-coverage -MMD -MP -Isrc/nanoisa -c src/nanoisa/nvm2c.c -o obj/nanoisa/nvm2c.o
2026-10-09T09:44:28.7004096Z cc -Wall -Wextra -Werror -std=c99 -g -O3 -ftree-vectorize -fPIC -Isrc -D_GNU_SOURCE  -fprofile-arcs -ftest-coverage -MMD -MP -Isrc/nanoisa -c src/nanoisa/nvm2c_callables.c -o obj/nanoisa/nvm2c_callables.o
2026-10-09T09:44:29.1961915Z cc -Wall -Wextra -Werror -std=c99 -g -O3 -ftree-vectorize -fPIC -Isrc -D_GNU_SOURCE  -fprofile-arcs -ftest-coverage -MMD -MP -Isrc/nanoisa -c src/nanoisa/nvm2c_shape.c -o obj/nanoisa/nvm2c_shape.o
2026-10-09T09:44:29.6381958Z cc -Wall -Wextra -Werror -std=c99 -g -O3 -ftree-vectorize -fPIC -Isrc -D_GNU_SOURCE  -fprofile-arcs -ftest-coverage -MMD -MP -Isrc/nanoisa -c src/nanoisa/nvm_format.c -o obj/nanoisa/nvm_format.o
2026-10-09T09:44:30.2152297Z cc -Wall -Wextra -Werror -std=c99 -g -O3 -ftree-vectorize -fPIC -Isrc -D_GNU_SOURCE  -fprofile-arcs -ftest-coverage -MMD -MP -Isrc/nanoisa -c src/nanoisa/nvm_format_v2.c -o obj/nanoisa/nvm_format_v2.o
2026-10-09T09:44:30.3261997Z cc -Wall -Wextra -Werror -std=c99 -g -O3 -ftree-vectorize -fPIC -Isrc -D_GNU_SOURCE  -fprofile-arcs -ftest-coverage -MMD -MP -Isrc/nanoisa -c src/nanoisa/nvm_v2_constants.c -o obj/nanoisa/nvm_v2_constants.o
2026-10-09T09:44:30.4067292Z cc -Wall -Wextra -Werror -std=c99 -g -O3 -ftree-vectorize -fPIC -Isrc -D_GNU_SOURCE  -fprofile-arcs -ftest-coverage -MMD -MP -Isrc/nanoisa -c src/nanoisa/nvm_v2_convert.c -o obj/nanoisa/nvm_v2_convert.o
2026-10-09T09:44:30.8620922Z cc -Wall -Wextra -Werror -std=c99 -g -O3 -ftree-vectorize -fPIC -Isrc -D_GNU_SOURCE  -fprofile-arcs -ftest-coverage -MMD -MP -Isrc/nanoisa -c src/nanoisa/nvm_v2_cursor.c -o obj/nanoisa/nvm_v2_cursor.o
2026-10-09T09:44:30.9166032Z cc -Wall -Wextra -Werror -std=c99 -g -O3 -ftree-vectorize -fPIC -Isrc -D_GNU_SOURCE  -fprofile-arcs -ftest-coverage -MMD -MP -Isrc/nanoisa -c src/nanoisa/nvm_v2_functions.c -o obj/nanoisa/nvm_v2_functions.o
2026-10-09T09:44:31.0319113Z cc -Wall -Wextra -Werror -std=c99 -g -O3 -ftree-vectorize -fPIC -Isrc -D_GNU_SOURCE  -fprofile-arcs -ftest-coverage -MMD -MP -Isrc/nanoisa -c src/nanoisa/nvm_v2_imports.c -o obj/nanoisa/nvm_v2_imports.o
2026-10-09T09:44:31.2181247Z cc -Wall -Wextra -Werror -std=c99 -g -O3 -ftree-vectorize -fPIC -Isrc -D_GNU_SOURCE  -fprofile-arcs -ftest-coverage -MMD -MP -Isrc/nanoisa -c src/nanoisa/nvm_v2_layouts.c -o obj/nanoisa/nvm_v2_layouts.o
2026-10-09T09:44:31.4324170Z cc -Wall -Wextra -Werror -std=c99 -g -O3 -ftree-vectorize -fPIC -Isrc -D_GNU_SOURCE  -fprofile-arcs -ftest-coverage -MMD -MP -Isrc/nanoisa -c src/nanoisa/nvm_v2_module.c -o obj/nanoisa/nvm_v2_module.o
2026-10-09T09:44:31.7310145Z cc -Wall -Wextra -Werror -std=c99 -g -O3 -ftree-vectorize -fPIC -Isrc -D_GNU_SOURCE  -fprofile-arcs -ftest-coverage -MMD -MP -Isrc/nanoisa -c src/nanoisa/nvm_v2_signatures.c -o obj/nanoisa/nvm_v2_signatures.o
2026-10-09T09:44:31.8218631Z cc -Wall -Wextra -Werror -std=c99 -g -O3 -ftree-vectorize -fPIC -Isrc -D_GNU_SOURCE  -fprofile-arcs -ftest-coverage -MMD -MP -Isrc/nanoisa -c src/nanoisa/ownership_contracts.c -o obj/nanoisa/ownership_contracts.o
2026-10-09T09:44:32.7313103Z cc -Wall -Wextra -Werror -std=c99 -g -O3 -ftree-vectorize -fPIC -Isrc -D_GNU_SOURCE  -fprofile-arcs -ftest-coverage -MMD -MP -Isrc/nanoisa -c src/nanoisa/passive.c -o obj/nanoisa/passive.o
2026-10-09T09:44:33.4443786Z cc -Wall -Wextra -Werror -std=c99 -g -O3 -ftree-vectorize -fPIC -Isrc -D_GNU_SOURCE  -fprofile-arcs -ftest-coverage -MMD -MP -Isrc/nanoisa -c src/nanoisa/reference_places.c -o obj/nanoisa/reference_places.o
2026-10-09T09:44:33.5710288Z cc -Wall -Wextra -Werror -std=c99 -g -O3 -ftree-vectorize -fPIC -Isrc -D_GNU_SOURCE  -fprofile-arcs -ftest-coverage -MMD -MP -Isrc/nanoisa -c src/nanoisa/retained_layouts.c -o obj/nanoisa/retained_layouts.o
2026-10-09T09:44:35.0865331Z cc -Wall -Wextra -Werror -std=c99 -g -O3 -ftree-vectorize -fPIC -Isrc -D_GNU_SOURCE  -fprofile-arcs -ftest-coverage -MMD -MP -Isrc/nanoisa -c src/nanoisa/service_bindings.c -o obj/nanoisa/service_bindings.o
2026-10-09T09:44:35.1495814Z cc -Wall -Wextra -Werror -std=c99 -g -O3 -ftree-vectorize -fPIC -Isrc -D_GNU_SOURCE  -fprofile-arcs -ftest-coverage -MMD -MP -Isrc/nanoisa -c src/nanoisa/service_bindings_module.c -o obj/nanoisa/service_bindings_module.o
2026-10-09T09:44:35.4328673Z cc -Wall -Wextra -Werror -std=c99 -g -O3 -ftree-vectorize -fPIC -Isrc -D_GNU_SOURCE  -fprofile-arcs -ftest-coverage -MMD -MP -Isrc/nanoisa -c src/nanoisa/service_file_nominal.c -o obj/nanoisa/service_file_nominal.o
2026-10-09T09:44:35.5260835Z cc -Wall -Wextra -Werror -std=c99 -g -O3 -ftree-vectorize -fPIC -Isrc -D_GNU_SOURCE  -fprofile-arcs -ftest-coverage -MMD -MP -Isrc/nanoisa -c src/nanoisa/service_file_nominal_plan.c -o obj/nanoisa/service_file_nominal_plan.o
2026-10-09T09:44:35.7815176Z cc -Wall -Wextra -Werror -std=c99 -g -O3 -ftree-vectorize -fPIC -Isrc -D_GNU_SOURCE  -fprofile-arcs -ftest-coverage -MMD -MP -Isrc/nanoisa -c src/nanoisa/verifier.c -o obj/nanoisa/verifier.o
2026-10-09T09:44:37.1269072Z cc -Wall -Wextra -Werror -std=c99 -g -O3 -ftree-vectorize -fPIC -Isrc -D_GNU_SOURCE  -fprofile-arcs -ftest-coverage -MMD -MP -Isrc/nanoisa -c src/nanoisa/verifier_types.c -o obj/nanoisa/verifier_types.o
2026-10-09T09:44:37.3944686Z mkdir -p obj/nanovirt
2026-10-09T09:44:37.4040982Z cc -Wall -Wextra -Werror -std=c99 -g -O3 -ftree-vectorize -fPIC -Isrc -D_GNU_SOURCE  -fprofile-arcs -ftest-coverage -MMD -MP -c src/nanovirt/codegen.c -o obj/nanovirt/codegen.o
2026-10-09T09:44:43.2858382Z cc -Wall -Wextra -Werror -std=c99 -g -O3 -ftree-vectorize -fPIC -Isrc -D_GNU_SOURCE  -fprofile-arcs -ftest-coverage -MMD -MP -c src/nanovirt/shadow_runner.c -o obj/nanovirt/shadow_runner.o
2026-10-09T09:44:43.5471456Z cc -Wall -Wextra -Werror -std=c99 -g -O3 -ftree-vectorize -fPIC -Isrc -D_GNU_SOURCE  -fprofile-arcs -ftest-coverage -MMD -MP  -DNANO_WRAPPER_INSTRUMENT_FLAGS='"-fprofile-arcs -ftest-coverage"' -c src/nanovirt/wrapper_gen.c -o obj/nanovirt/wrapper_gen.o
2026-10-09T09:44:43.9011079Z mkdir -p obj/nanovm
2026-10-09T09:44:43.9106704Z cc -Wall -Wextra -Werror -std=c99 -g -O3 -ftree-vectorize -fPIC -Isrc -D_GNU_SOURCE  -fprofile-arcs -ftest-coverage -MMD -MP -c src/nanovm/cop_protocol.c -o obj/nanovm/cop_protocol.o
2026-10-09T09:44:44.4284270Z cc -Wall -Wextra -Werror -std=c99 -g -O3 -ftree-vectorize -fPIC -Isrc -D_GNU_SOURCE  -fprofile-arcs -ftest-coverage -MMD -MP -c src/nanovm/heap.c -o obj/nanovm/heap.o
2026-10-09T09:44:44.8160323Z cc -Wall -Wextra -Werror -std=c99 -g -O3 -ftree-vectorize -fPIC -Isrc -D_GNU_SOURCE  -fprofile-arcs -ftest-coverage -MMD -MP -c src/nanovm/heap_cycles.c -o obj/nanovm/heap_cycles.o
2026-10-09T09:44:45.0188576Z cc -Wall -Wextra -Werror -std=c99 -g -O3 -ftree-vectorize -fPIC -Isrc -D_GNU_SOURCE  -fprofile-arcs -ftest-coverage -MMD -MP -c src/nanovm/value.c -o obj/nanovm/value.o
2026-10-09T09:44:45.1639040Z cc -Wall -Wextra -Werror -std=c99 -g -O3 -ftree-vectorize -fPIC -Isrc -D_GNU_SOURCE  -fprofile-arcs -ftest-coverage -MMD -MP -ffp-contract=off -fno-fast-math -c src/nanovm/vm.c -o obj/nanovm/vm.o
2026-10-09T09:44:53.4677738Z cc -Wall -Wextra -Werror -std=c99 -g -O3 -ftree-vectorize -fPIC -Isrc -D_GNU_SOURCE  -fprofile-arcs -ftest-coverage -MMD -MP -c src/nanovm/vm_builtins.c -o obj/nanovm/vm_builtins.o
2026-10-09T09:44:53.7952015Z cc -Wall -Wextra -Werror -std=c99 -g -O3 -ftree-vectorize -fPIC -Isrc -D_GNU_SOURCE  -fprofile-arcs -ftest-coverage -MMD -MP -c src/nanovm/vm_callback.c -o obj/nanovm/vm_callback.o
2026-10-09T09:44:53.9080461Z cc -Wall -Wextra -Werror -std=c99 -g -O3 -ftree-vectorize -fPIC -Isrc -D_GNU_SOURCE  -fprofile-arcs -ftest-coverage -MMD -MP -c src/nanovm/vm_decode.c -o obj/nanovm/vm_decode.o
2026-10-09T09:44:54.0277101Z cc -Wall -Wextra -Werror -std=c99 -g -O3 -ftree-vectorize -fPIC -Isrc -D_GNU_SOURCE  -fprofile-arcs -ftest-coverage -MMD -MP -c src/nanovm/vm_dispatch.c -o obj/nanovm/vm_dispatch.o
2026-10-09T09:44:54.1898073Z cc -Wall -Wextra -Werror -std=c99 -g -O3 -ftree-vectorize -fPIC -Isrc -D_GNU_SOURCE  -fprofile-arcs -ftest-coverage -MMD -MP -c src/nanovm/vm_ffi.c -o obj/nanovm/vm_ffi.o
2026-10-09T09:44:55.4394473Z cc -Wall -Wextra -Werror -std=c99 -g -O3 -ftree-vectorize -fPIC -Isrc -D_GNU_SOURCE  -fprofile-arcs -ftest-coverage -MMD -MP -c src/nanovm/vm_ffi_arrays.c -o obj/nanovm/vm_ffi_arrays.o
2026-10-09T09:44:55.6112575Z cc -Wall -Wextra -Werror -std=c99 -g -O3 -ftree-vectorize -fPIC -Isrc -D_GNU_SOURCE  -fprofile-arcs -ftest-coverage -MMD -MP -c src/nominal_types.c -o obj/nominal_types.o
2026-10-09T09:44:55.9698937Z cc -Wall -Wextra -Werror -std=c99 -g -O3 -ftree-vectorize -fPIC -Isrc -D_GNU_SOURCE  -fprofile-arcs -ftest-coverage -MMD -MP -c src/nsi_file_plan.c -o obj/nsi_file_plan.o
2026-10-09T09:44:56.0854731Z cc -Wall -Wextra -Werror -std=c99 -g -O3 -ftree-vectorize -fPIC -Isrc -D_GNU_SOURCE  -fprofile-arcs -ftest-coverage -MMD -MP -c src/opencl_backend.c -o obj/opencl_backend.o
2026-10-09T09:44:56.3598728Z cc -Wall -Wextra -Werror -std=c99 -g -O3 -ftree-vectorize -fPIC -Isrc -D_GNU_SOURCE  -fprofile-arcs -ftest-coverage -MMD -MP -c src/par_let_pass.c -o obj/par_let_pass.o
2026-10-09T09:44:56.4655874Z cc -Wall -Wextra -Werror -std=c99 -g -O3 -ftree-vectorize -fPIC -Isrc -D_GNU_SOURCE  -fprofile-arcs -ftest-coverage -MMD -MP -c src/parser.c -o obj/parser.o
2026-10-09T09:44:59.5395090Z cc -Wall -Wextra -Werror -std=c99 -g -O3 -ftree-vectorize -fPIC -Isrc -D_GNU_SOURCE  -fprofile-arcs -ftest-coverage -MMD -MP -c src/pgo_pass.c -o obj/pgo_pass.o
2026-10-09T09:44:59.8089914Z cc -Wall -Wextra -Werror -std=c99 -g -O3 -ftree-vectorize -fPIC -Isrc -D_GNU_SOURCE  -fprofile-arcs -ftest-coverage -MMD -MP -c src/ptx_backend.c -o obj/ptx_backend.o
2026-10-09T09:45:00.0846476Z cc -Wall -Wextra -Werror -std=c99 -g -O3 -ftree-vectorize -fPIC -Isrc -D_GNU_SOURCE  -fprofile-arcs -ftest-coverage -MMD -MP -c src/reflection.c -o obj/reflection.o
2026-10-09T09:45:00.2644465Z cc -Wall -Wextra -Werror -std=c99 -g -O3 -ftree-vectorize -fPIC -Isrc -D_GNU_SOURCE  -fprofile-arcs -ftest-coverage -MMD -MP -c src/resource_flow.c -o obj/resource_flow.o
2026-10-09T09:45:01.3603289Z cc -Wall -Wextra -Werror -std=c99 -g -O3 -ftree-vectorize -fPIC -Isrc -D_GNU_SOURCE  -fprofile-arcs -ftest-coverage -MMD -MP -c src/resource_tracking.c -o obj/resource_tracking.o
2026-10-09T09:45:01.7910469Z cc -Wall -Wextra -Werror -std=c99 -g -O3 -ftree-vectorize -fPIC -Isrc -D_GNU_SOURCE  -fprofile-arcs -ftest-coverage -MMD -MP -c src/riscv_backend.c -o obj/riscv_backend.o
2026-10-09T09:45:02.0045073Z cc -Wall -Wextra -Werror -std=c99 -g -O3 -ftree-vectorize -fPIC -Isrc -D_GNU_SOURCE  -fprofile-arcs -ftest-coverage -MMD -MP -c src/runtime/callback_runtime.c -o obj/runtime/callback_runtime.o
2026-10-09T09:45:02.1622479Z cc -Wall -Wextra -Werror -std=c99 -g -O3 -ftree-vectorize -fPIC -Isrc -D_GNU_SOURCE  -fprofile-arcs -ftest-coverage -MMD -MP -c src/runtime/cli.c -o obj/runtime/cli.o
2026-10-09T09:45:02.2022544Z cc -Wall -Wextra -Werror -std=c99 -g -O3 -ftree-vectorize -fPIC -Isrc -D_GNU_SOURCE  -fprofile-arcs -ftest-coverage -MMD -MP -c src/runtime/dyn_array.c -o obj/runtime/dyn_array.o
2026-10-09T09:45:02.5011146Z cc -Wall -Wextra -Werror -std=c99 -g -O3 -ftree-vectorize -fPIC -Isrc -D_GNU_SOURCE  -fprofile-arcs -ftest-coverage -MMD -MP -c src/runtime/effect_runtime.c -o obj/runtime/effect_runtime.o
2026-10-09T09:45:02.5320051Z cc -Wall -Wextra -Werror -std=c99 -g -O3 -ftree-vectorize -fPIC -Isrc -D_GNU_SOURCE  -fprofile-arcs -ftest-coverage -MMD -MP -c src/runtime/ffi_loader.c -o obj/runtime/ffi_loader.o
2026-10-09T09:45:02.7377788Z cc -Wall -Wextra -Werror -std=c99 -g -O3 -ftree-vectorize -fPIC -Isrc -D_GNU_SOURCE  -fprofile-arcs -ftest-coverage -MMD -MP -c src/runtime/gc.c -o obj/runtime/gc.o
2026-10-09T09:45:02.8771017Z cc -Wall -Wextra -Werror -std=c99 -g -O3 -ftree-vectorize -fPIC -Isrc -D_GNU_SOURCE  -fprofile-arcs -ftest-coverage -MMD -MP -c src/runtime/gc_struct.c -o obj/runtime/gc_struct.o
2026-10-09T09:45:02.9690449Z cc -Wall -Wextra -Werror -std=c99 -g -O3 -ftree-vectorize -fPIC -Isrc -D_GNU_SOURCE  -fprofile-arcs -ftest-coverage -MMD -MP -c src/runtime/list_ASTArrayLiteral.c -o obj/runtime/list_ASTArrayLiteral.o
2026-10-09T09:45:03.0678107Z cc -Wall -Wextra -Werror -std=c99 -g -O3 -ftree-vectorize -fPIC -Isrc -D_GNU_SOURCE  -fprofile-arcs -ftest-coverage -MMD -MP -c src/runtime/list_ASTAssert.c -o obj/runtime/list_ASTAssert.o
2026-10-09T09:45:03.1666106Z cc -Wall -Wextra -Werror -std=c99 -g -O3 -ftree-vectorize -fPIC -Isrc -D_GNU_SOURCE  -fprofile-arcs -ftest-coverage -MMD -MP -c src/runtime/list_ASTBinaryOp.c -o obj/runtime/list_ASTBinaryOp.o
2026-10-09T09:45:03.2668352Z cc -Wall -Wextra -Werror -std=c99 -g -O3 -ftree-vectorize -fPIC -Isrc -D_GNU_SOURCE  -fprofile-arcs -ftest-coverage -MMD -MP -c src/runtime/list_ASTBlock.c -o obj/runtime/list_ASTBlock.o
2026-10-09T09:45:03.3659365Z cc -Wall -Wextra -Werror -std=c99 -g -O3 -ftree-vectorize -fPIC -Isrc -D_GNU_SOURCE  -fprofile-arcs -ftest-coverage -MMD -MP -c src/runtime/list_ASTBool.c -o obj/runtime/list_ASTBool.o
2026-10-09T09:45:03.4651518Z cc -Wall -Wextra -Werror -std=c99 -g -O3 -ftree-vectorize -fPIC -Isrc -D_GNU_SOURCE  -fprofile-arcs -ftest-coverage -MMD -MP -c src/runtime/list_ASTCall.c -o obj/runtime/list_ASTCall.o
2026-10-09T09:45:03.5648653Z cc -Wall -Wextra -Werror -std=c99 -g -O3 -ftree-vectorize -fPIC -Isrc -D_GNU_SOURCE  -fprofile-arcs -ftest-coverage -MMD -MP -c src/runtime/list_ASTEnum.c -o obj/runtime/list_ASTEnum.o
2026-10-09T09:45:03.6642516Z cc -Wall -Wextra -Werror -std=c99 -g -O3 -ftree-vectorize -fPIC -Isrc -D_GNU_SOURCE  -fprofile-arcs -ftest-coverage -MMD -MP -c src/runtime/list_ASTFieldAccess.c -o obj/runtime/list_ASTFieldAccess.o
2026-10-09T09:45:03.7632285Z cc -Wall -Wextra -Werror -std=c99 -g -O3 -ftree-vectorize -fPIC -Isrc -D_GNU_SOURCE  -fprofile-arcs -ftest-coverage -MMD -MP -c src/runtime/list_ASTFloat.c -o obj/runtime/list_ASTFloat.o
2026-10-09T09:45:03.8625566Z cc -Wall -Wextra -Werror -std=c99 -g -O3 -ftree-vectorize -fPIC -Isrc -D_GNU_SOURCE  -fprofile-arcs -ftest-coverage -MMD -MP -c src/runtime/list_ASTFor.c -o obj/runtime/list_ASTFor.o
2026-10-09T09:45:03.9642581Z cc -Wall -Wextra -Werror -std=c99 -g -O3 -ftree-vectorize -fPIC -Isrc -D_GNU_SOURCE  -fprofile-arcs -ftest-coverage -MMD -MP -c src/runtime/list_ASTFunction.c -o obj/runtime/list_ASTFunction.o
2026-10-09T09:45:04.0659732Z cc -Wall -Wextra -Werror -std=c99 -g -O3 -ftree-vectorize -fPIC -Isrc -D_GNU_SOURCE  -fprofile-arcs -ftest-coverage -MMD -MP -c src/runtime/list_ASTIdentifier.c -o obj/runtime/list_ASTIdentifier.o
2026-10-09T09:45:04.1662048Z cc -Wall -Wextra -Werror -std=c99 -g -O3 -ftree-vectorize -fPIC -Isrc -D_GNU_SOURCE  -fprofile-arcs -ftest-coverage -MMD -MP -c src/runtime/list_ASTIf.c -o obj/runtime/list_ASTIf.o
2026-10-09T09:45:04.2665854Z cc -Wall -Wextra -Werror -std=c99 -g -O3 -ftree-vectorize -fPIC -Isrc -D_GNU_SOURCE  -fprofile-arcs -ftest-coverage -MMD -MP -c src/runtime/list_ASTImport.c -o obj/runtime/list_ASTImport.o
2026-10-09T09:45:04.3667905Z cc -Wall -Wextra -Werror -std=c99 -g -O3 -ftree-vectorize -fPIC -Isrc -D_GNU_SOURCE  -fprofile-arcs -ftest-coverage -MMD -MP -c src/runtime/list_ASTLet.c -o obj/runtime/list_ASTLet.o
2026-10-09T09:45:04.4693702Z cc -Wall -Wextra -Werror -std=c99 -g -O3 -ftree-vectorize -fPIC -Isrc -D_GNU_SOURCE  -fprofile-arcs -ftest-coverage -MMD -MP -c src/runtime/list_ASTMatch.c -o obj/runtime/list_ASTMatch.o
2026-10-09T09:45:04.5747808Z cc -Wall -Wextra -Werror -std=c99 -g -O3 -ftree-vectorize -fPIC -Isrc -D_GNU_SOURCE  -fprofile-arcs -ftest-coverage -MMD -MP -c src/runtime/list_ASTModuleQualifiedCall.c -o obj/runtime/list_ASTModuleQualifiedCall.o
2026-10-09T09:45:04.6774357Z cc -Wall -Wextra -Werror -std=c99 -g -O3 -ftree-vectorize -fPIC -Isrc -D_GNU_SOURCE  -fprofile-arcs -ftest-coverage -MMD -MP -c src/runtime/list_ASTNumber.c -o obj/runtime/list_ASTNumber.o
2026-10-09T09:45:04.7780292Z cc -Wall -Wextra -Werror -std=c99 -g -O3 -ftree-vectorize -fPIC -Isrc -D_GNU_SOURCE  -fprofile-arcs -ftest-coverage -MMD -MP -c src/runtime/list_ASTOpaqueType.c -o obj/runtime/list_ASTOpaqueType.o
2026-10-09T09:45:04.8769024Z cc -Wall -Wextra -Werror -std=c99 -g -O3 -ftree-vectorize -fPIC -Isrc -D_GNU_SOURCE  -fprofile-arcs -ftest-coverage -MMD -MP -c src/runtime/list_ASTPrint.c -o obj/runtime/list_ASTPrint.o
2026-10-09T09:45:04.9779086Z cc -Wall -Wextra -Werror -std=c99 -g -O3 -ftree-vectorize -fPIC -Isrc -D_GNU_SOURCE  -fprofile-arcs -ftest-coverage -MMD -MP -c src/runtime/list_ASTReturn.c -o obj/runtime/list_ASTReturn.o
2026-10-09T09:45:05.0777568Z cc -Wall -Wextra -Werror -std=c99 -g -O3 -ftree-vectorize -fPIC -Isrc -D_GNU_SOURCE  -fprofile-arcs -ftest-coverage -MMD -MP -c src/runtime/list_ASTServiceDecl.c -o obj/runtime/list_ASTServiceDecl.o
2026-10-09T09:45:05.1810016Z cc -Wall -Wextra -Werror -std=c99 -g -O3 -ftree-vectorize -fPIC -Isrc -D_GNU_SOURCE  -fprofile-arcs -ftest-coverage -MMD -MP -c src/runtime/list_ASTSet.c -o obj/runtime/list_ASTSet.o
2026-10-09T09:45:05.2830277Z cc -Wall -Wextra -Werror -std=c99 -g -O3 -ftree-vectorize -fPIC -Isrc -D_GNU_SOURCE  -fprofile-arcs -ftest-coverage -MMD -MP -c src/runtime/list_ASTShadow.c -o obj/runtime/list_ASTShadow.o
2026-10-09T09:45:05.3808052Z cc -Wall -Wextra -Werror -std=c99 -g -O3 -ftree-vectorize -fPIC -Isrc -D_GNU_SOURCE  -fprofile-arcs -ftest-coverage -MMD -MP -c src/runtime/list_ASTStmtRef.c -o obj/runtime/list_ASTStmtRef.o
2026-10-09T09:45:05.4777507Z cc -Wall -Wextra -Werror -std=c99 -g -O3 -ftree-vectorize -fPIC -Isrc -D_GNU_SOURCE  -fprofile-arcs -ftest-coverage -MMD -MP -c src/runtime/list_ASTString.c -o obj/runtime/list_ASTString.o
2026-10-09T09:45:05.5779258Z cc -Wall -Wextra -Werror -std=c99 -g -O3 -ftree-vectorize -fPIC -Isrc -D_GNU_SOURCE  -fprofile-arcs -ftest-coverage -MMD -MP -c src/runtime/list_ASTStruct.c -o obj/runtime/list_ASTStruct.o
2026-10-09T09:45:05.6807342Z cc -Wall -Wextra -Werror -std=c99 -g -O3 -ftree-vectorize -fPIC -Isrc -D_GNU_SOURCE  -fprofile-arcs -ftest-coverage -MMD -MP -c src/runtime/list_ASTStructLiteral.c -o obj/runtime/list_ASTStructLiteral.o
2026-10-09T09:45:05.7844647Z cc -Wall -Wextra -Werror -std=c99 -g -O3 -ftree-vectorize -fPIC -Isrc -D_GNU_SOURCE  -fprofile-arcs -ftest-coverage -MMD -MP -c src/runtime/list_ASTTupleIndex.c -o obj/runtime/list_ASTTupleIndex.o
2026-10-09T09:45:05.8855557Z cc -Wall -Wextra -Werror -std=c99 -g -O3 -ftree-vectorize -fPIC -Isrc -D_GNU_SOURCE  -fprofile-arcs -ftest-coverage -MMD -MP -c src/runtime/list_ASTTupleLiteral.c -o obj/runtime/list_ASTTupleLiteral.o
2026-10-09T09:45:05.9896984Z cc -Wall -Wextra -Werror -std=c99 -g -O3 -ftree-vectorize -fPIC -Isrc -D_GNU_SOURCE  -fprofile-arcs -ftest-coverage -MMD -MP -c src/runtime/list_ASTUnion.c -o obj/runtime/list_ASTUnion.o
2026-10-09T09:45:06.0968345Z cc -Wall -Wextra -Werror -std=c99 -g -O3 -ftree-vectorize -fPIC -Isrc -D_GNU_SOURCE  -fprofile-arcs -ftest-coverage -MMD -MP -c src/runtime/list_ASTUnionConstruct.c -o obj/runtime/list_ASTUnionConstruct.o
2026-10-09T09:45:06.1980482Z cc -Wall -Wextra -Werror -std=c99 -g -O3 -ftree-vectorize -fPIC -Isrc -D_GNU_SOURCE  -fprofile-arcs -ftest-coverage -MMD -MP -c src/runtime/list_ASTUnsafeBlock.c -o obj/runtime/list_ASTUnsafeBlock.o
2026-10-09T09:45:06.2974193Z cc -Wall -Wextra -Werror -std=c99 -g -O3 -ftree-vectorize -fPIC -Isrc -D_GNU_SOURCE  -fprofile-arcs -ftest-coverage -MMD -MP -c src/runtime/list_ASTWhile.c -o obj/runtime/list_ASTWhile.o
2026-10-09T09:45:06.3973595Z cc -Wall -Wextra -Werror -std=c99 -g -O3 -ftree-vectorize -fPIC -Isrc -D_GNU_SOURCE  -fprofile-arcs -ftest-coverage -MMD -MP -c src/runtime/list_CompilerDiagnostic.c -o obj/runtime/list_CompilerDiagnostic.o
2026-10-09T09:45:06.4992067Z cc -Wall -Wextra -Werror -std=c99 -g -O3 -ftree-vectorize -fPIC -Isrc -D_GNU_SOURCE  -fprofile-arcs -ftest-coverage -MMD -MP -c src/runtime/list_CompilerSourceLocation.c -o obj/runtime/list_CompilerSourceLocation.o
2026-10-09T09:45:06.5980850Z cc -Wall -Wextra -Werror -std=c99 -g -O3 -ftree-vectorize -fPIC -Isrc -D_GNU_SOURCE  -fprofile-arcs -ftest-coverage -MMD -MP -c src/runtime/list_LexerToken.c -o obj/runtime/list_LexerToken.o
2026-10-09T09:45:06.6961730Z cc -Wall -Wextra -Werror -std=c99 -g -O3 -ftree-vectorize -fPIC -Isrc -D_GNU_SOURCE  -fprofile-arcs -ftest-coverage -MMD -MP -c src/runtime/list_bool.c -o obj/runtime/list_bool.o
2026-10-09T09:45:06.7895728Z cc -Wall -Wextra -Werror -std=c99 -g -O3 -ftree-vectorize -fPIC -Isrc -D_GNU_SOURCE  -fprofile-arcs -ftest-coverage -MMD -MP -c src/runtime/list_int.c -o obj/runtime/list_int.o
2026-10-09T09:45:06.8831175Z cc -Wall -Wextra -Werror -std=c99 -g -O3 -ftree-vectorize -fPIC -Isrc -D_GNU_SOURCE  -fprofile-arcs -ftest-coverage -MMD -MP -c src/runtime/list_string.c -o obj/runtime/list_string.o
2026-10-09T09:45:06.9953335Z cc -Wall -Wextra -Werror -std=c99 -g -O3 -ftree-vectorize -fPIC -Isrc -D_GNU_SOURCE  -fprofile-arcs -ftest-coverage -MMD -MP -c src/runtime/list_token.c -o obj/runtime/list_token.o
2026-10-09T09:45:07.0950862Z cc -Wall -Wextra -Werror -std=c99 -g -O3 -ftree-vectorize -fPIC -Isrc -D_GNU_SOURCE  -fprofile-arcs -ftest-coverage -MMD -MP -c src/runtime/module_build_dir.c -o obj/runtime/module_build_dir.o
2026-10-09T09:45:07.2112699Z cc -Wall -Wextra -Werror -std=c99 -g -O3 -ftree-vectorize -fPIC -Isrc -D_GNU_SOURCE  -fprofile-arcs -ftest-coverage -MMD -MP -c src/runtime/nl_string.c -o obj/runtime/nl_string.o
2026-10-09T09:45:07.4042787Z cc -Wall -Wextra -Werror -std=c99 -g -O3 -ftree-vectorize -fPIC -Isrc -D_GNU_SOURCE  -fprofile-arcs -ftest-coverage -MMD -MP -c src/runtime/regex.c -o obj/runtime/regex.o
2026-10-09T09:45:07.5100138Z cc -Wall -Wextra -Werror -std=c99 -g -O3 -ftree-vectorize -fPIC -Isrc -D_GNU_SOURCE  -fprofile-arcs -ftest-coverage -MMD -MP -c src/runtime/token_helpers.c -o obj/runtime/token_helpers.o
2026-10-09T09:45:07.5683043Z cc -Wall -Wextra -Werror -std=c99 -g -O3 -ftree-vectorize -fPIC -Isrc -D_GNU_SOURCE  -fprofile-arcs -ftest-coverage -MMD -MP -c src/stdlib_runtime.c -o obj/stdlib_runtime.o
2026-10-09T09:45:08.1489683Z cc -Wall -Wextra -Werror -std=c99 -g -O3 -ftree-vectorize -fPIC -Isrc -D_GNU_SOURCE  -fprofile-arcs -ftest-coverage -MMD -MP -c src/tco_pass.c -o obj/tco_pass.o
2026-10-09T09:45:08.5223360Z cc -Wall -Wextra -Werror -std=c99 -g -O3 -ftree-vectorize -fPIC -Isrc -D_GNU_SOURCE  -fprofile-arcs -ftest-coverage -MMD -MP -c src/toon_output.c -o obj/toon_output.o
2026-10-09T09:45:08.6118775Z cc -Wall -Wextra -Werror -std=c99 -g -O3 -ftree-vectorize -fPIC -Isrc -D_GNU_SOURCE  -fprofile-arcs -ftest-coverage -MMD -MP -c src/transpiler.c -o obj/transpiler.o
2026-10-09T09:45:13.3463909Z cc -Wall -Wextra -Werror -std=c99 -g -O3 -ftree-vectorize -fPIC -Isrc -D_GNU_SOURCE  -fprofile-arcs -ftest-coverage -MMD -MP -c src/type_infer.c -o obj/type_infer.o
2026-10-09T09:45:14.0421778Z cc -Wall -Wextra -Werror -std=c99 -g -O3 -ftree-vectorize -fPIC -Isrc -D_GNU_SOURCE  -fprofile-arcs -ftest-coverage -MMD -MP -c src/typechecker.c -o obj/typechecker.o
2026-10-09T09:45:18.7795197Z cc -Wall -Wextra -Werror -std=c99 -g -O3 -ftree-vectorize -fPIC -Isrc -D_GNU_SOURCE  -fprofile-arcs -ftest-coverage -MMD -MP -c src/utf8.c -o obj/utf8.o
2026-10-09T09:45:18.9123410Z cc  -Wall -Wextra -Werror -std=c99 -g -O3 -ftree-vectorize -fPIC -Isrc -D_GNU_SOURCE -fprofile-arcs -ftest-coverage -fPIC -shared -o bin/nano_as_capture.so src/runtime/assembler_capture.c -lm -lcrypto -lffi -rdynamic -fprofile-arcs -ftest-coverage -ldl
2026-10-09T09:45:19.2539430Z Stage 1: Building C reference compiler...
2026-10-09T09:45:20.0260830Z   (Coverage instrumentation detected in objects - linking with coverage flags)
2026-10-09T09:45:20.2036507Z ✓ C Compiler: bin/nanoc_c
2026-10-09T09:45:20.2098100Z ✓ Compiler: bin/nanoc -> bin/nanoc_c (C reference)
2026-10-09T09:45:20.2132672Z cc -Wall -Wextra -Werror -std=c99 -g -O3 -ftree-vectorize -fPIC -Isrc -D_GNU_SOURCE  -fprofile-arcs -ftest-coverage -MMD -MP -c src/ffi_bindgen.c -o obj/ffi_bindgen.o
2026-10-09T09:45:20.4744035Z cc -Wall -Wextra -Werror -std=c99 -g -O3 -ftree-vectorize -fPIC -Isrc -D_GNU_SOURCE  -fprofile-arcs -ftest-coverage -o bin/nanoc-ffi obj/ffi_bindgen.o obj/utf8.o -lm -lcrypto -lffi  -rdynamic -fprofile-arcs -ftest-coverage
2026-10-09T09:45:20.5103461Z ✓ Stage 1 complete (C reference binaries)
2026-10-09T09:45:20.5996606Z 
2026-10-09T09:45:20.6016003Z ==========================================
2026-10-09T09:45:20.6035508Z Stage 2: Building Self-Hosted Components
2026-10-09T09:45:20.6055029Z ==========================================
2026-10-09T09:45:20.6074574Z Compiling components with bin/nanoc...
2026-10-09T09:45:20.6094543Z 
2026-10-09T09:45:20.6536411Z   Building parser...
2026-10-09T09:45:34.8418407Z     ✓ parser compiled successfully
2026-10-09T09:45:34.8418886Z 
2026-10-09T09:45:34.8419051Z   Building typecheck...
2026-10-09T09:46:02.0767698Z     ✓ typecheck compiled successfully
2026-10-09T09:46:02.0768111Z 
2026-10-09T09:46:02.0768228Z   Building nanoisa_emitter...
2026-10-09T09:46:40.6684012Z     ✓ nanoisa_emitter compiled successfully
2026-10-09T09:46:40.6684614Z 
2026-10-09T09:46:40.6685010Z ✓ Stage 2: 3/3 components built successfully
2026-10-09T09:46:40.6749418Z 
2026-10-09T09:46:40.6768995Z ==========================================
2026-10-09T09:46:40.6788623Z Stage 3: Bootstrap Validation
2026-10-09T09:46:40.6809378Z ==========================================
2026-10-09T09:46:40.6829543Z Validating self-hosted components...
2026-10-09T09:46:40.6848641Z 
2026-10-09T09:46:40.6888302Z   Checking parser entry assertions...
2026-10-09T09:46:40.6975277Z     ✓ parser entry assertions passed
2026-10-09T09:46:40.6975812Z   Checking typecheck entry assertions...
2026-10-09T09:46:40.7080131Z     ✓ typecheck entry assertions passed
2026-10-09T09:46:40.7081107Z   Checking nanoisa_emitter entry assertions...
2026-10-09T09:46:40.7179552Z     ✓ nanoisa_emitter entry assertions passed
2026-10-09T09:46:40.7179945Z 
2026-10-09T09:46:40.7180426Z ✓ Stage 3: 3/3 component entry checks passed; imported shadows are separate
2026-10-09T09:46:40.7230967Z cc -Wall -Wextra -Werror -std=c99 -g -O3 -ftree-vectorize -fPIC -Isrc -D_GNU_SOURCE  -fprofile-arcs -ftest-coverage -MMD -MP -c src/nano_main.c -o obj/nano_main.o
2026-10-09T09:46:40.8616628Z cc -Wall -Wextra -Werror -std=c99 -g -O3 -ftree-vectorize -fPIC -Isrc -D_GNU_SOURCE  -fprofile-arcs -ftest-coverage -MMD -MP -c src/proptest.c -o obj/proptest.o
2026-10-09T09:46:41.1829480Z cc -Wall -Wextra -Werror -std=c99 -g -O3 -ftree-vectorize -fPIC -Isrc -D_GNU_SOURCE  -fprofile-arcs -ftest-coverage -o bin/nano obj/lexer.o obj/parser.o obj/typechecker.o obj/transpiler.o obj/stdlib_runtime.o obj/env.o obj/builtins_registry.o obj/module.o obj/module_metadata.o obj/cJSON.o obj/toon_output.o obj/module_builder.o obj/resource_tracking.o obj/eval.o obj/eval/eval_hashmap.o obj/eval/eval_math.o obj/eval/eval_string.o obj/eval/eval_io.o obj/interpreter_ffi.o obj/json_diagnostics.o obj/reflection.o obj/nanocore_subset.o obj/nanocore_export.o obj/emit_typed_ast.o obj/type_infer.o obj/effects.o obj/fold_constants.o obj/dce_pass.o obj/par_let_pass.o obj/ptx_backend.o obj/opencl_backend.o obj/tco_pass.o obj/cps_pass.o obj/coroutine.o obj/pgo_pass.o obj/c_backend.o obj/bench.o obj/bench_native.o obj/riscv_backend.o obj/dwarf_info.o obj/docgen_md.o obj/docgen.o obj/fmt.o obj/channel.o obj/bcp47.o obj/locale.o obj/utf8.o obj/diag_id.o obj/catalog.o obj/resource_flow.o obj/nominal_types.o obj/runtime/list_int.o obj/runtime/list_bool.o obj/runtime/list_string.o obj/runtime/list_LexerToken.o obj/runtime/list_token.o obj/runtime/list_CompilerDiagnostic.o obj/runtime/list_CompilerSourceLocation.o obj/runtime/list_ASTNumber.o obj/runtime/list_ASTFloat.o obj/runtime/list_ASTString.o obj/runtime/list_ASTBool.o obj/runtime/list_ASTIdentifier.o obj/runtime/list_ASTBinaryOp.o obj/runtime/list_ASTCall.o obj/runtime/list_ASTModuleQualifiedCall.o obj/runtime/list_ASTArrayLiteral.o obj/runtime/list_ASTLet.o obj/runtime/list_ASTSet.o obj/runtime/list_ASTStmtRef.o obj/runtime/list_ASTIf.o obj/runtime/list_ASTWhile.o obj/runtime/list_ASTFor.o obj/runtime/list_ASTReturn.o obj/runtime/list_ASTBlock.o obj/runtime/list_ASTUnsafeBlock.o obj/runtime/list_ASTPrint.o obj/runtime/list_ASTAssert.o obj/runtime/list_ASTFunction.o obj/runtime/list_ASTShadow.o obj/runtime/list_ASTStruct.o obj/runtime/list_ASTStructLiteral.o obj/runtime/list_ASTFieldAccess.o obj/runtime/list_ASTEnum.o obj/runtime/list_ASTUnion.o obj/runtime/list_ASTUnionConstruct.o obj/runtime/list_ASTMatch.o obj/runtime/list_ASTImport.o obj/runtime/list_ASTOpaqueType.o obj/runtime/list_ASTServiceDecl.o obj/runtime/list_ASTTupleLiteral.o obj/runtime/list_ASTTupleIndex.o obj/runtime/token_helpers.o obj/runtime/gc.o obj/runtime/effect_runtime.o obj/runtime/dyn_array.o obj/runtime/gc_struct.o obj/runtime/nl_string.o obj/runtime/ffi_loader.o obj/runtime/module_build_dir.o obj/runtime/cli.o obj/runtime/regex.o obj/nano_main.o obj/proptest.o -lm -lcrypto -lffi  -rdynamic -fprofile-arcs -ftest-coverage
2026-10-09T09:46:41.3308953Z ✓ Interpreter: bin/nano
2026-10-09T09:46:41.3363275Z 
2026-10-09T09:46:41.3383704Z ==========================================
2026-10-09T09:46:41.3404600Z ✅ Build Complete (3-Stage Bootstrap)
2026-10-09T09:46:41.3424243Z ==========================================
2026-10-09T09:46:41.3455615Z make[1]: Entering directory '/home/runner/work/nanolang/nanolang'
2026-10-09T09:46:41.4494361Z Build Status:
2026-10-09T09:46:41.4514870Z 
2026-10-09T09:46:41.4536281Z   ✅ Stage 1: C reference compiler (bin/nanoc)
2026-10-09T09:46:41.4556651Z   ✅ Stage 2: Self-hosted components compiled
2026-10-09T09:46:41.4557313Z     • parser
2026-10-09T09:46:41.4557686Z     • typecheck
2026-10-09T09:46:41.4558033Z     • nanoisa_emitter
2026-10-09T09:46:41.4577423Z   ✅ Stage 3: Bootstrap validated
2026-10-09T09:46:41.4596728Z 
2026-10-09T09:46:41.4599611Z make[1]: Leaving directory '/home/runner/work/nanolang/nanolang'
2026-10-09T09:46:41.4624347Z 
2026-10-09T09:46:41.4680452Z ##[group]Run make build CFLAGS="-Wall -Wextra -Werror -std=c99 -g -Isrc -D_GNU_SOURCE -fprofile-arcs -ftest-coverage"
2026-10-09T09:46:41.4681884Z make build CFLAGS="-Wall -Wextra -Werror -std=c99 -g -Isrc -D_GNU_SOURCE -fprofile-arcs -ftest-coverage"
2026-10-09T09:46:41.4748657Z shell: /usr/bin/bash -e {0}
2026-10-09T09:46:41.4748985Z env:
2026-10-09T09:46:41.4749331Z   NANO_VERIFY_CORPUS_LOG_ROOT: .test_output/verifier-corpus
2026-10-09T09:46:41.4749787Z   NANO_SHADOW_TIMEOUT_SECONDS: 60
2026-10-09T09:46:41.4750116Z ##[endgroup]
2026-10-09T09:46:41.7174487Z 
2026-10-09T09:46:41.7194608Z ==========================================
2026-10-09T09:46:41.7215973Z ✅ Build Complete (3-Stage Bootstrap)
2026-10-09T09:46:41.7236445Z ==========================================
2026-10-09T09:46:41.7268880Z make[1]: Entering directory '/home/runner/work/nanolang/nanolang'
2026-10-09T09:46:41.8318489Z Build Status:
2026-10-09T09:46:41.8337788Z 
2026-10-09T09:46:41.8361182Z   ✅ Stage 1: C reference compiler (bin/nanoc)
2026-10-09T09:46:41.8382464Z   ✅ Stage 2: Self-hosted components compiled
2026-10-09T09:46:41.8384693Z     • parser
2026-10-09T09:46:41.8385530Z     • typecheck
2026-10-09T09:46:41.8385945Z     • nanoisa_emitter
2026-10-09T09:46:41.8407010Z   ✅ Stage 3: Bootstrap validated
2026-10-09T09:46:41.8429759Z 
2026-10-09T09:46:41.8434879Z make[1]: Leaving directory '/home/runner/work/nanolang/nanolang'
2026-10-09T09:46:41.8459231Z 
2026-10-09T09:46:41.8513599Z ##[group]Run make test-quick CFLAGS="-Wall -Wextra -Werror -std=c99 -g -Isrc -D_GNU_SOURCE -fprofile-arcs -ftest-coverage" LDFLAGS="-lm -lcrypto -fprofile-arcs -ftest-coverage"
2026-10-09T09:46:41.8515109Z make test-quick CFLAGS="-Wall -Wextra -Werror -std=c99 -g -Isrc -D_GNU_SOURCE -fprofile-arcs -ftest-coverage" LDFLAGS="-lm -lcrypto -fprofile-arcs -ftest-coverage"
2026-10-09T09:46:41.8581158Z shell: /usr/bin/bash -e {0}
2026-10-09T09:46:41.8581515Z env:
2026-10-09T09:46:41.8581882Z   NANO_VERIFY_CORPUS_LOG_ROOT: .test_output/verifier-corpus
2026-10-09T09:46:41.8582391Z   NANO_SHADOW_TIMEOUT_SECONDS: 60
2026-10-09T09:46:41.8582782Z   NANO_VM_EXAMPLE_SHADOW_TIMEOUT_SECONDS: 60
2026-10-09T09:46:41.8583178Z ##[endgroup]
2026-10-09T09:46:42.0925100Z 
2026-10-09T09:46:42.0945305Z ==========================================
2026-10-09T09:46:42.0966267Z ✅ Build Complete (3-Stage Bootstrap)
2026-10-09T09:46:42.0985923Z ==========================================
2026-10-09T09:46:42.1021497Z make[1]: Entering directory '/home/runner/work/nanolang/nanolang'
2026-10-09T09:46:42.2084115Z Build Status:
2026-10-09T09:46:42.2104526Z 
2026-10-09T09:46:42.2125503Z   ✅ Stage 1: C reference compiler (bin/nanoc)
2026-10-09T09:46:42.2146605Z   ✅ Stage 2: Self-hosted components compiled
2026-10-09T09:46:42.2147191Z     • parser
2026-10-09T09:46:42.2147517Z     • typecheck
2026-10-09T09:46:42.2147831Z     • nanoisa_emitter
2026-10-09T09:46:42.2167131Z   ✅ Stage 3: Bootstrap validated
2026-10-09T09:46:42.2187399Z 
2026-10-09T09:46:42.2190343Z make[1]: Leaving directory '/home/runner/work/nanolang/nanolang'
2026-10-09T09:46:42.2214801Z 
2026-10-09T09:46:42.2217436Z python3 -m unittest -v tests.test_github_issue_tracking
2026-10-09T09:46:42.3354108Z test_create_preserves_literal_multiline_body_and_deduplicates_run (tests.test_github_issue_tracking.GitHubTracking.test_create_preserves_literal_multiline_body_and_deduplicates_run) ... ok
2026-10-09T09:46:42.3367226Z test_dry_run_never_contacts_github (tests.test_github_issue_tracking.GitHubTracking.test_dry_run_never_contacts_github) ... ok
2026-10-09T09:46:42.3375557Z test_fingerprint_finds_issue_after_title_change (tests.test_github_issue_tracking.GitHubTracking.test_fingerprint_finds_issue_after_title_change) ... ok
2026-10-09T09:46:42.3961491Z test_legacy_entry_point_routes_to_github_without_network_in_dry_run (tests.test_github_issue_tracking.GitHubTracking.test_legacy_entry_point_routes_to_github_without_network_in_dry_run) ... ok
2026-10-09T09:46:42.3972963Z test_new_issue_limit_does_not_suppress_existing_updates (tests.test_github_issue_tracking.GitHubTracking.test_new_issue_limit_does_not_suppress_existing_updates) ... ok
2026-10-09T09:46:42.4013027Z test_offline_preserves_failure_and_still_runs_examples (tests.test_github_issue_tracking.GitHubTracking.test_offline_preserves_failure_and_still_runs_examples) ... ok
2026-10-09T09:46:42.4018191Z test_paginated_issues_exclude_pull_requests (tests.test_github_issue_tracking.GitHubTracking.test_paginated_issues_exclude_pull_requests) ... ok
2026-10-09T09:46:42.4026662Z test_recurrence_reopens_closed_issue_without_creating_duplicate (tests.test_github_issue_tracking.GitHubTracking.test_recurrence_reopens_closed_issue_without_creating_duplicate) ... ok
2026-10-09T09:46:42.4037148Z test_success_never_creates_summary_and_closes_only_managed_issue (tests.test_github_issue_tracking.GitHubTracking.test_success_never_creates_summary_and_closes_only_managed_issue) ... ok
2026-10-09T09:46:42.4045584Z test_summary_failure_reopens_and_records_nonzero_exit (tests.test_github_issue_tracking.GitHubTracking.test_summary_failure_reopens_and_records_nonzero_exit) ... ok
2026-10-09T09:46:42.4051358Z test_summary_zero_limit_leaves_failure_unfiled (tests.test_github_issue_tracking.GitHubTracking.test_summary_zero_limit_leaves_failure_unfiled) ... ok
2026-10-09T09:46:42.4052363Z 
2026-10-09T09:46:42.4052551Z ----------------------------------------------------------------------
2026-10-09T09:46:42.4053249Z Ran 11 tests in 0.072s
2026-10-09T09:46:42.4053428Z 
2026-10-09T09:46:42.4053525Z OK
2026-10-09T09:46:42.4349983Z 
2026-10-09T09:46:42.4350897Z ========================================
2026-10-09T09:46:42.4351522Z NANOLANG COMPREHENSIVE TEST SUITE
2026-10-09T09:46:42.4352065Z ========================================
2026-10-09T09:46:42.4352443Z Backend: c
2026-10-09T09:46:42.4352690Z Native compiler: ./bin/nanoc
2026-10-09T09:46:42.4352859Z 
2026-10-09T09:46:42.4353033Z === CORE LANGUAGE TESTS (nl_*) ===
2026-10-09T09:46:42.4353229Z 
2026-10-09T09:46:42.4353351Z -- Syntax --
2026-10-09T09:46:44.3178471Z ✅ nl_syntax_literals.nano
2026-10-09T09:46:46.1917167Z ✅ nl_syntax_operators.nano
2026-10-09T09:46:46.1933164Z 
2026-10-09T09:46:46.1933615Z -- Types --
2026-10-09T09:46:48.0766078Z ✅ nl_types_bool_list.nano
2026-10-09T09:46:49.9610580Z ✅ nl_types_enum.nano
2026-10-09T09:46:51.8593627Z ✅ nl_types_struct.nano
2026-10-09T09:46:53.7448942Z ✅ nl_types_tuple.nano
2026-10-09T09:46:53.7466745Z 
2026-10-09T09:46:53.7467252Z -- Control Flow --
2026-10-09T09:46:55.6201557Z ✅ nl_control_array_elements.nano
2026-10-09T09:46:57.5049317Z ✅ nl_control_flow.nano
2026-10-09T09:46:59.3763941Z ✅ nl_control_match.nano
2026-10-09T09:47:01.2779058Z ✅ nl_control_while.nano
2026-10-09T09:47:01.2796259Z 
2026-10-09T09:47:01.2796621Z -- Functions --
2026-10-09T09:47:03.1825402Z ✅ nl_functions_array_param.nano
2026-10-09T09:47:06.0911798Z ✅ nl_functions_audio_examples_default_args.nano
2026-10-09T09:47:08.0039144Z ✅ nl_functions_filter.nano
2026-10-09T09:47:09.8792830Z ✅ nl_functions_map_reduce.nano
2026-10-09T09:47:12.0471860Z ✅ nl_functions_module_introspection_flags.nano
2026-10-09T09:47:14.1993411Z ✅ nl_functions_module_metadata.nano
2026-10-09T09:47:16.9452016Z ✅ nl_functions_nanoamp_default_args.nano
2026-10-09T09:47:19.0925238Z ✅ nl_functions_relative_import.nano
2026-10-09T09:47:20.9926148Z ✅ nl_functions_string_edges.nano
2026-10-09T09:47:20.9942128Z 
2026-10-09T09:47:20.9942620Z Language Tests: 19 passed, 0 failed
2026-10-09T09:47:20.9942932Z 
2026-10-09T09:47:20.9944457Z ========================================
2026-10-09T09:47:20.9944977Z TEST RESULTS SUMMARY
2026-10-09T09:47:20.9945540Z ========================================
2026-10-09T09:47:20.9945839Z 
2026-10-09T09:47:20.9946236Z Core Language (nl_*):  19 passed, 0 failed
2026-10-09T09:47:20.9946681Z 
2026-10-09T09:47:20.9947164Z TOTAL: 19 passed, 0 failed, 0 skipped
2026-10-09T09:47:20.9947630Z 
2026-10-09T09:47:20.9952154Z ✅ All runnable tests passed!
2026-10-09T09:47:21.3607254Z .s.
2026-10-09T09:47:21.3607617Z ----------------------------------------------------------------------
2026-10-09T09:47:21.3608016Z Ran 3 tests in 0.212s
2026-10-09T09:47:21.3608166Z 
2026-10-09T09:47:21.3608247Z OK (skipped=1)
2026-10-09T09:47:21.4980484Z cc -Wall -Wextra -Werror -std=c99 -g -Isrc -D_GNU_SOURCE -fprofile-arcs -ftest-coverage  -MMD -MP -c src/nanovirt/main.c -o obj/nanovirt/main.o
2026-10-09T09:47:21.5880536Z cc -Wall -Wextra -Werror -std=c99 -g -Isrc -D_GNU_SOURCE -fprofile-arcs -ftest-coverage  -o bin/nano_virt obj/nanovirt/codegen.o obj/nanovirt/wrapper_gen.o obj/nanovirt/shadow_runner.o obj/nanovm/value.o obj/nanovm/heap.o obj/nanovm/heap_cycles.o obj/nanovm/vm.o obj/nanovm/vm_callback.o obj/nanovm/vm_ffi.o obj/nanovm/vm_builtins.o obj/nanovm/cop_protocol.o obj/nanovm/vm_ffi_arrays.o obj/runtime/callback_runtime.o obj/nanoisa/file_flow.o obj/nanoisa/service_file_nominal.o obj/nanoisa/service_file_nominal_plan.o obj/nanoisa/service_bindings.o obj/nanoisa/service_bindings_module.o obj/nanoisa/mixed_float_proof.o obj/nanoisa/managed_array_shapes.o obj/nanoisa/local_bindings.o obj/nanoisa/affine_bytecode.o obj/nanoisa/affine_state.o obj/nanoisa/ownership_contracts.o obj/nanoisa/retained_layouts.o obj/nanoisa/reference_places.o obj/nanoisa/passive.o obj/nanoisa/isa.o obj/nanoisa/verifier_types.o obj/nanoisa/nvm_format.o obj/nanoisa/nvm_format_v2.o obj/nanoisa/nvm_v2_cursor.o obj/nanoisa/nvm_v2_constants.o obj/nanoisa/nvm_v2_signatures.o obj/nanoisa/nvm_v2_layouts.o obj/nanoisa/nvm_v2_functions.o obj/nanoisa/nvm_v2_imports.o obj/nanoisa/nvm_v2_module.o obj/nanoisa/nvm_v2_convert.o obj/nanoisa/assembler.o obj/nanoisa/disassembler.o obj/nanoisa/verifier.o obj/nanoisa/nvm2c.o obj/nanoisa/nvm2c_shape.o obj/nanoisa/nvm2c_callables.o obj/nanoisa/frontend.o obj/nanoisa/nanoisa_facade.o obj/nanovm/vm_decode.o obj/nanovm/vm_dispatch.o obj/nsi_file_plan.o \
2026-10-09T09:47:21.5909378Z 	obj/lexer.o obj/parser.o obj/typechecker.o obj/transpiler.o obj/stdlib_runtime.o obj/env.o obj/builtins_registry.o obj/module.o obj/module_metadata.o obj/cJSON.o obj/toon_output.o obj/module_builder.o obj/resource_tracking.o obj/eval.o obj/eval/eval_hashmap.o obj/eval/eval_math.o obj/eval/eval_string.o obj/eval/eval_io.o obj/interpreter_ffi.o obj/json_diagnostics.o obj/reflection.o obj/nanocore_subset.o obj/nanocore_export.o obj/emit_typed_ast.o obj/type_infer.o obj/effects.o obj/fold_constants.o obj/dce_pass.o obj/par_let_pass.o obj/ptx_backend.o obj/opencl_backend.o obj/tco_pass.o obj/cps_pass.o obj/coroutine.o obj/pgo_pass.o obj/c_backend.o obj/bench.o obj/bench_native.o obj/riscv_backend.o obj/dwarf_info.o obj/docgen_md.o obj/docgen.o obj/fmt.o obj/channel.o obj/bcp47.o obj/locale.o obj/utf8.o obj/diag_id.o obj/catalog.o obj/resource_flow.o obj/nominal_types.o obj/runtime/list_int.o obj/runtime/list_bool.o obj/runtime/list_string.o obj/runtime/list_LexerToken.o obj/runtime/list_token.o obj/runtime/list_CompilerDiagnostic.o obj/runtime/list_CompilerSourceLocation.o obj/runtime/list_ASTNumber.o obj/runtime/list_ASTFloat.o obj/runtime/list_ASTString.o obj/runtime/list_ASTBool.o obj/runtime/list_ASTIdentifier.o obj/runtime/list_ASTBinaryOp.o obj/runtime/list_ASTCall.o obj/runtime/list_ASTModuleQualifiedCall.o obj/runtime/list_ASTArrayLiteral.o obj/runtime/list_ASTLet.o obj/runtime/list_ASTSet.o obj/runtime/list_ASTStmtRef.o obj/runtime/list_ASTIf.o obj/runtime/list_ASTWhile.o obj/runtime/list_ASTFor.o obj/runtime/list_ASTReturn.o obj/runtime/list_ASTBlock.o obj/runtime/list_ASTUnsafeBlock.o obj/runtime/list_ASTPrint.o obj/runtime/list_ASTAssert.o obj/runtime/list_ASTFunction.o obj/runtime/list_ASTShadow.o obj/runtime/list_ASTStruct.o obj/runtime/list_ASTStructLiteral.o obj/runtime/list_ASTFieldAccess.o obj/runtime/list_ASTEnum.o obj/runtime/list_ASTUnion.o obj/runtime/list_ASTUnionConstruct.o obj/runtime/list_ASTMatch.o obj/runtime/list_ASTImport.o obj/runtime/list_ASTOpaqueType.o obj/runtime/list_ASTServiceDecl.o obj/runtime/list_ASTTupleLiteral.o obj/runtime/list_ASTTupleIndex.o obj/runtime/token_helpers.o obj/runtime/gc.o obj/runtime/effect_runtime.o obj/runtime/dyn_array.o obj/runtime/gc_struct.o obj/runtime/nl_string.o obj/runtime/ffi_loader.o obj/runtime/module_build_dir.o obj/runtime/cli.o obj/runtime/regex.o obj/nanovirt/main.o -lm -lcrypto -fprofile-arcs -ftest-coverage -lcrypto -lffi  -rdynamic
2026-10-09T09:47:21.7785272Z cc -Wall -Wextra -Werror -std=c99 -g -Isrc -D_GNU_SOURCE -fprofile-arcs -ftest-coverage  -MMD -MP -c src/nanovm/vmd_protocol.c -o obj/nanovm/vmd_protocol.o
2026-10-09T09:47:21.8321333Z cc -Wall -Wextra -Werror -std=c99 -g -Isrc -D_GNU_SOURCE -fprofile-arcs -ftest-coverage  -MMD -MP -c src/nanovm/vmd_client.c -o obj/nanovm/vmd_client.o
2026-10-09T09:47:21.8897375Z cc -Wall -Wextra -Werror -std=c99 -g -Isrc -D_GNU_SOURCE -fprofile-arcs -ftest-coverage  -MMD -MP -c src/nanovm/main.c -o obj/nanovm/main.o
2026-10-09T09:47:21.9876217Z cc -Wall -Wextra -Werror -std=c99 -g -Isrc -D_GNU_SOURCE -fprofile-arcs -ftest-coverage  -MMD -MP -Isrc/nanoisa -c src/nanoisa/file_cli.c -o obj/nanoisa/file_cli.o
2026-10-09T09:47:22.0394887Z cc  -Wall -Wextra -Werror -std=c99 -g -Isrc -D_GNU_SOURCE -fprofile-arcs -ftest-coverage  -MMD -MP -Isrc/nanoisa -std=c11 -c src/nanoisa/file_host_grant.c -o obj/nanoisa/file_host_grant.o
2026-10-09T09:47:22.0771579Z cc  -Wall -Wextra -Werror -std=c99 -g -Isrc -D_GNU_SOURCE -fprofile-arcs -ftest-coverage  -MMD -MP -DNVM_FILE_PUBLIC_ENGINE -c src/nanoisa/file_runtime.c -o obj/nanoisa/file_runtime_public.o
2026-10-09T09:47:22.3673190Z cc -Wall -Wextra -Werror -std=c99 -g -Isrc -D_GNU_SOURCE -fprofile-arcs -ftest-coverage  -MMD -MP -Isrc/nanoisa -c src/nanoisa/file_public_native.c -o obj/nanoisa/file_public_native.o
2026-10-09T09:47:22.4687535Z cc -Wall -Wextra -Werror -std=c99 -g -Isrc -D_GNU_SOURCE -fprofile-arcs -ftest-coverage  -MMD -MP -c src/nanovm/file_public_vm.c -o obj/nanovm/file_public_vm.o
2026-10-09T09:47:22.5590090Z cc -Wall -Wextra -Werror -std=c99 -g -Isrc -D_GNU_SOURCE -fprofile-arcs -ftest-coverage  -MMD -MP -Isrc/nanoisa -c src/nanoisa/file_cyclic_public_native.c -o obj/nanoisa/file_cyclic_public_native.o
2026-10-09T09:47:22.6756968Z cc -Wall -Wextra -Werror -std=c99 -g -Isrc -D_GNU_SOURCE -fprofile-arcs -ftest-coverage  -MMD -MP -c src/nanovm/file_cyclic_public_vm.c -o obj/nanovm/file_cyclic_public_vm.o
2026-10-09T09:47:22.7728715Z cc -Wall -Wextra -Werror -std=c99 -g -Isrc -D_GNU_SOURCE -fprofile-arcs -ftest-coverage  -MMD -MP -Isrc/nanoisa -c src/nanoisa/file_cyclic_public_abi.c -o obj/nanoisa/file_cyclic_public_abi.o
2026-10-09T09:47:22.8069312Z cc -Wall -Wextra -Werror -std=c99 -g -Isrc -D_GNU_SOURCE -fprofile-arcs -ftest-coverage  -MMD -MP -c src/nsi_cap.c -o obj/nsi_cap.o
2026-10-09T09:47:22.8848454Z cc -Wall -Wextra -Werror -std=c99 -g -Isrc -D_GNU_SOURCE -fprofile-arcs -ftest-coverage  -MMD -MP -c src/nsi_file.c -o obj/nsi_file.o
2026-10-09T09:47:22.9461403Z cc -Wall -Wextra -Werror -std=c99 -g -Isrc -D_GNU_SOURCE -fprofile-arcs -ftest-coverage  -MMD -MP -c src/nsi_file_values.c -o obj/nsi_file_values.o
2026-10-09T09:47:23.1025523Z cc -Wall -Wextra -Werror -std=c99 -g -Isrc -D_GNU_SOURCE -fprofile-arcs -ftest-coverage  -o bin/nano_vm obj/nanovm/value.o obj/nanovm/heap.o obj/nanovm/heap_cycles.o obj/nanovm/vm.o obj/nanovm/vm_callback.o obj/nanovm/vm_ffi.o obj/nanovm/vm_builtins.o obj/nanovm/cop_protocol.o obj/nanovm/vm_ffi_arrays.o obj/runtime/callback_runtime.o obj/nanoisa/file_flow.o obj/nanoisa/service_file_nominal.o obj/nanoisa/service_file_nominal_plan.o obj/nanoisa/service_bindings.o obj/nanoisa/service_bindings_module.o obj/nanoisa/mixed_float_proof.o obj/nanoisa/managed_array_shapes.o obj/nanoisa/local_bindings.o obj/nanoisa/affine_bytecode.o obj/nanoisa/affine_state.o obj/nanoisa/ownership_contracts.o obj/nanoisa/retained_layouts.o obj/nanoisa/reference_places.o obj/nanoisa/passive.o obj/nanoisa/isa.o obj/nanoisa/verifier_types.o obj/nanoisa/nvm_format.o obj/nanoisa/nvm_format_v2.o obj/nanoisa/nvm_v2_cursor.o obj/nanoisa/nvm_v2_constants.o obj/nanoisa/nvm_v2_signatures.o obj/nanoisa/nvm_v2_layouts.o obj/nanoisa/nvm_v2_functions.o obj/nanoisa/nvm_v2_imports.o obj/nanoisa/nvm_v2_module.o obj/nanoisa/nvm_v2_convert.o obj/nanoisa/assembler.o obj/nanoisa/disassembler.o obj/nanoisa/verifier.o obj/nanoisa/nvm2c.o obj/nanoisa/nvm2c_shape.o obj/nanoisa/nvm2c_callables.o obj/nanoisa/frontend.o obj/nanoisa/nanoisa_facade.o obj/nanovm/vm_decode.o obj/nanovm/vm_dispatch.o obj/nsi_file_plan.o obj/lexer.o obj/parser.o obj/typechecker.o obj/transpiler.o obj/stdlib_runtime.o obj/env.o obj/builtins_registry.o obj/module.o obj/module_metadata.o obj/cJSON.o obj/toon_output.o obj/module_builder.o obj/resource_tracking.o obj/eval.o obj/eval/eval_hashmap.o obj/eval/eval_math.o obj/eval/eval_string.o obj/eval/eval_io.o obj/interpreter_ffi.o obj/json_diagnostics.o obj/reflection.o obj/nanocore_subset.o obj/nanocore_export.o obj/emit_typed_ast.o obj/type_infer.o obj/effects.o obj/fold_constants.o obj/dce_pass.o obj/par_let_pass.o obj/ptx_backend.o obj/opencl_backend.o obj/tco_pass.o obj/cps_pass.o obj/coroutine.o obj/pgo_pass.o obj/c_backend.o obj/bench.o obj/bench_native.o obj/riscv_backend.o obj/dwarf_info.o obj/docgen_md.o obj/docgen.o obj/fmt.o obj/channel.o obj/bcp47.o obj/locale.o obj/utf8.o obj/diag_id.o obj/catalog.o obj/resource_flow.o obj/nominal_types.o obj/runtime/list_int.o obj/runtime/list_bool.o obj/runtime/list_string.o obj/runtime/list_LexerToken.o obj/runtime/list_token.o obj/runtime/list_CompilerDiagnostic.o obj/runtime/list_CompilerSourceLocation.o obj/runtime/list_ASTNumber.o obj/runtime/list_ASTFloat.o obj/runtime/list_ASTString.o obj/runtime/list_ASTBool.o obj/runtime/list_ASTIdentifier.o obj/runtime/list_ASTBinaryOp.o obj/runtime/list_ASTCall.o obj/runtime/list_ASTModuleQualifiedCall.o obj/runtime/list_ASTArrayLiteral.o obj/runtime/list_ASTLet.o obj/runtime/list_ASTSet.o obj/runtime/list_ASTStmtRef.o obj/runtime/list_ASTIf.o obj/runtime/list_ASTWhile.o obj/runtime/list_ASTFor.o obj/runtime/list_ASTReturn.o obj/runtime/list_ASTBlock.o obj/runtime/list_ASTUnsafeBlock.o obj/runtime/list_ASTPrint.o obj/runtime/list_ASTAssert.o obj/runtime/list_ASTFunction.o obj/runtime/list_ASTShadow.o obj/runtime/list_ASTStruct.o obj/runtime/list_ASTStructLiteral.o obj/runtime/list_ASTFieldAccess.o obj/runtime/list_ASTEnum.o obj/runtime/list_ASTUnion.o obj/runtime/list_ASTUnionConstruct.o obj/runtime/list_ASTMatch.o obj/runtime/list_ASTImport.o obj/runtime/list_ASTOpaqueType.o obj/runtime/list_ASTServiceDecl.o obj/runtime/list_ASTTupleLiteral.o obj/runtime/list_ASTTupleIndex.o obj/runtime/token_helpers.o obj/runtime/gc.o obj/runtime/effect_runtime.o obj/runtime/dyn_array.o obj/runtime/gc_struct.o obj/runtime/nl_string.o obj/runtime/ffi_loader.o obj/runtime/module_build_dir.o obj/runtime/cli.o obj/runtime/regex.o \
2026-10-09T09:47:23.1038450Z 	obj/nanovm/vmd_protocol.o obj/nanovm/vmd_client.o \
2026-10-09T09:47:23.1039281Z 	obj/nanovm/main.o obj/nanoisa/file_cli.o lib/libnano_file_runtime.a -lm -lcrypto -fprofile-arcs -ftest-coverage -lcrypto -lffi  -rdynamic -rdynamic
2026-10-09T09:47:23.2892286Z python3 scripts/embed_binary64_parser.py --check
2026-10-09T09:47:23.3351577Z cc -Wall -Wextra -Werror -std=c99 -g -Isrc -D_GNU_SOURCE -fprofile-arcs -ftest-coverage  -MMD -MP -Isrc/nanoisa -Imodules/nanoisa -c src/nanoisa/nvm2c_main.c -o obj/nanoisa/nvm2c_main.o
2026-10-09T09:47:23.3882465Z cc -Wall -Wextra -Werror -std=c99 -g -Isrc -D_GNU_SOURCE -fprofile-arcs -ftest-coverage  -o bin/nvm2c obj/nanoisa/nvm2c_main.o obj/nanoisa/file_flow.o obj/nanoisa/service_file_nominal.o obj/nanoisa/service_file_nominal_plan.o obj/nanoisa/service_bindings.o obj/nanoisa/service_bindings_module.o obj/nanoisa/mixed_float_proof.o obj/nanoisa/managed_array_shapes.o obj/nanoisa/local_bindings.o obj/nanoisa/affine_bytecode.o obj/nanoisa/affine_state.o obj/nanoisa/ownership_contracts.o obj/nanoisa/retained_layouts.o obj/nanoisa/reference_places.o obj/nanoisa/passive.o obj/nanoisa/isa.o obj/nanoisa/verifier_types.o obj/nanoisa/nvm_format.o obj/nanoisa/nvm_format_v2.o obj/nanoisa/nvm_v2_cursor.o obj/nanoisa/nvm_v2_constants.o obj/nanoisa/nvm_v2_signatures.o obj/nanoisa/nvm_v2_layouts.o obj/nanoisa/nvm_v2_functions.o obj/nanoisa/nvm_v2_imports.o obj/nanoisa/nvm_v2_module.o obj/nanoisa/nvm_v2_convert.o obj/nanoisa/assembler.o obj/nanoisa/disassembler.o obj/nanoisa/verifier.o obj/nanoisa/nvm2c.o obj/nanoisa/nvm2c_shape.o obj/nanoisa/nvm2c_callables.o obj/nanoisa/frontend.o obj/nanoisa/nanoisa_facade.o obj/nanovm/vm_decode.o obj/nanovm/vm_dispatch.o obj/nsi_file_plan.o obj/utf8.o obj/nanoisa/file_cli.o lib/libnano_file_runtime.a -lm -lcrypto -fprofile-arcs -ftest-coverage -lcrypto -lffi  -rdynamic
2026-10-09T09:47:23.4589625Z cc -r -nostdlib -o bin/nano_aot_runtime.o obj/runtime/dyn_array.o obj/runtime/gc.o obj/runtime/gc_struct.o
2026-10-09T09:51:08.8698686Z ....E
2026-10-09T09:51:08.8699264Z ======================================================================
2026-10-09T09:51:08.8701386Z ERROR: test_real_emitter_driver_executes_in_vm_and_sanitized_native (tests.test_bootstrap_components.BootstrapComponents.test_real_emitter_driver_executes_in_vm_and_sanitized_native)
2026-10-09T09:51:08.8702622Z ----------------------------------------------------------------------
2026-10-09T09:51:08.8703130Z Traceback (most recent call last):
2026-10-09T09:51:08.8704460Z   File "/home/runner/work/nanolang/nanolang/tests/test_bootstrap_components.py", line 90, in test_real_emitter_driver_executes_in_vm_and_sanitized_native
2026-10-09T09:51:08.8705645Z     result = subprocess.run(list(map(str, command)), cwd=ROOT, capture_output=True,
2026-10-09T09:51:08.8706275Z              ^^^^^^^^^^^^^^^^^^^^^^^^^^^^^^^^^^^^^^^^^^^^^^^^^^^^^^^^^^^^^^^^^^^^^^
2026-10-09T09:51:08.8706806Z   File "/usr/lib/python3.12/subprocess.py", line 550, in run
2026-10-09T09:51:08.8707602Z     stdout, stderr = process.communicate(input, timeout=timeout)
2026-10-09T09:51:08.8708313Z                      ^^^^^^^^^^^^^^^^^^^^^^^^^^^^^^^^^^^^^^^^^^^
2026-10-09T09:51:08.8708853Z   File "/usr/lib/python3.12/subprocess.py", line 1209, in communicate
2026-10-09T09:51:08.8709457Z     stdout, stderr = self._communicate(input, endtime, timeout)
2026-10-09T09:51:08.8709956Z                      ^^^^^^^^^^^^^^^^^^^^^^^^^^^^^^^^^^^^^^^^^^
2026-10-09T09:51:08.8710478Z   File "/usr/lib/python3.12/subprocess.py", line 2116, in _communicate
2026-10-09T09:51:08.8711772Z     self._check_timeout(endtime, orig_timeout, stdout, stderr)
2026-10-09T09:51:08.8712289Z   File "/usr/lib/python3.12/subprocess.py", line 1253, in _check_timeout
2026-10-09T09:51:08.8712693Z     raise TimeoutExpired(
2026-10-09T09:51:08.8714410Z subprocess.TimeoutExpired: Command '['cc', '-std=c11', '-O0', '-g', '-Wall', '-Wextra', '-Werror', '-fsanitize=address,undefined', '-fno-sanitize-recover=all', '/tmp/nano-emitter-component-gmg06nx0/emitter.c', '/home/runner/work/nanolang/nanolang/bin/nano_aot_runtime.o', '-lm', '-Wl,--export-dynamic', '-ldl', '-lm', '-lcrypto', '-fprofile-arcs', '-ftest-coverage', '-lcrypto', '-lffi', '-rdynamic', '-o', '/tmp/nano-emitter-component-gmg06nx0/emitter']' timed out after 180 seconds
2026-10-09T09:51:08.8716088Z 
2026-10-09T09:51:08.8716241Z ----------------------------------------------------------------------
2026-10-09T09:51:08.8716580Z Ran 5 tests in 225.341s
2026-10-09T09:51:08.8716717Z 
2026-10-09T09:51:08.8716805Z FAILED (errors=1)
2026-10-09T09:51:08.8797126Z make[1]: *** [Makefile.gnu:539: test-bootstrap-components] Error 1
2026-10-09T09:51:08.8804140Z make: *** [Makefile.gnu:3148: test-quick] Error 2
2026-10-09T09:51:08.8841584Z ##[error]Process completed with exit code 2.
2026-10-09T09:51:08.8976895Z ##[group]Run actions/upload-artifact@v4
2026-10-09T09:51:08.8977494Z with:
2026-10-09T09:51:08.8977912Z   name: verifier-corpus-coverage
2026-10-09T09:51:08.8978832Z   path: .test_output/verifier-corpus/
obj/bootstrap-nanoisa/**/*.log
obj/bootstrap-nanoisa/**/manifest.json

2026-10-09T09:51:08.8979805Z   include-hidden-files: true
2026-10-09T09:51:08.8980298Z   if-no-files-found: ignore
2026-10-09T09:51:08.8981035Z   retention-days: 7
2026-10-09T09:51:08.8981484Z   compression-level: 6
2026-10-09T09:51:08.8981934Z   overwrite: false
2026-10-09T09:51:08.8982329Z env:
2026-10-09T09:51:08.8982820Z   NANO_VERIFY_CORPUS_LOG_ROOT: .test_output/verifier-corpus
2026-10-09T09:51:08.8983470Z   NANO_SHADOW_TIMEOUT_SECONDS: 60
2026-10-09T09:51:08.8983961Z ##[endgroup]
2026-10-09T09:51:09.0854483Z (node:37181) [DEP0040] DeprecationWarning: The `punycode` module is deprecated. Please use a userland alternative instead.
2026-10-09T09:51:09.0856590Z (Use `node --trace-deprecation ...` to show where the warning was created)
2026-10-09T09:51:09.1011587Z Multiple search paths detected. Calculating the least common ancestor of all paths
2026-10-09T09:51:09.1072518Z The least common ancestor is /home/runner/work/nanolang/nanolang. This will be the root directory of the artifact
2026-10-09T09:51:09.1073935Z No files were found with the provided path: .test_output/verifier-corpus/
2026-10-09T09:51:09.1074775Z obj/bootstrap-nanoisa/**/*.log
2026-10-09T09:51:09.1075567Z obj/bootstrap-nanoisa/**/manifest.json. No artifacts will be uploaded.
2026-10-09T09:51:09.1142790Z ##[group]Run echo "=== Showing first failed test logs ==="
2026-10-09T09:51:09.1143255Z echo "=== Showing first failed test logs ==="
2026-10-09T09:51:09.1143597Z for log in .test_output/*.compile.log; do
2026-10-09T09:51:09.1143903Z   if [ -f "$log" ]; then
2026-10-09T09:51:09.1144158Z     echo "=== $log ==="
2026-10-09T09:51:09.1144415Z     cat "$log"
2026-10-09T09:51:09.1144635Z     echo ""
2026-10-09T09:51:09.1144840Z   fi
2026-10-09T09:51:09.1145042Z done | head -200
2026-10-09T09:51:09.1209985Z shell: /usr/bin/bash --noprofile --norc -e -o pipefail {0}
2026-10-09T09:51:09.1210358Z env:
2026-10-09T09:51:09.1210991Z   NANO_VERIFY_CORPUS_LOG_ROOT: .test_output/verifier-corpus
2026-10-09T09:51:09.1211558Z   NANO_SHADOW_TIMEOUT_SECONDS: 60
2026-10-09T09:51:09.1211853Z ##[endgroup]
2026-10-09T09:51:09.1330167Z === Showing first failed test logs ===
2026-10-09T09:51:09.1551588Z Post job cleanup.
2026-10-09T09:51:09.2531986Z [command]/usr/bin/git version
2026-10-09T09:51:09.2579040Z git version 2.55.0
2026-10-09T09:51:09.2632776Z Temporarily overriding HOME='/home/runner/work/_temp/fd8e2a42-53c7-453a-a68c-ee856cb9851a' before making global git config changes
2026-10-09T09:51:09.2636583Z Adding repository directory to the temporary git global config as a safe directory
2026-10-09T09:51:09.2640636Z [command]/usr/bin/git config --global --add safe.directory /home/runner/work/nanolang/nanolang
2026-10-09T09:51:09.2691761Z [command]/usr/bin/git config --local --name-only --get-regexp core\.sshCommand
2026-10-09T09:51:09.2736203Z [command]/usr/bin/git submodule foreach --recursive sh -c "git config --local --name-only --get-regexp 'core\.sshCommand' && git config --local --unset-all 'core.sshCommand' || :"
2026-10-09T09:51:09.3393330Z [command]/usr/bin/git config --local --name-only --get-regexp http\.https\:\/\/github\.com\/\.extraheader
2026-10-09T09:51:09.3461803Z http.https://github.com/.extraheader
2026-10-09T09:51:09.3511583Z [command]/usr/bin/git config --local --unset-all http.https://github.com/.extraheader
2026-10-09T09:51:09.3545565Z [command]/usr/bin/git submodule foreach --recursive sh -c "git config --local --name-only --get-regexp 'http\.https\:\/\/github\.com\/\.extraheader' && git config --local --unset-all 'http.https://github.com/.extraheader' || :"
2026-10-09T09:51:09.4101694Z [command]/usr/bin/git config --local --name-only --get-regexp ^includeIf\.gitdir:
2026-10-09T09:51:09.4172318Z [command]/usr/bin/git submodule foreach --recursive git config --local --show-origin --name-only --get-regexp remote.origin.url
2026-10-09T09:51:09.4839878Z Cleaning up orphan processes
2026-10-09T09:51:09.5327208Z Terminate orphan process: pid (37179) (as)
2026-10-09T09:51:09.5339130Z ##[warning]Node.js 20 is deprecated. The following actions target Node.js 20 but are being forced to run on Node.js 24: actions/checkout@v4, actions/upload-artifact@v4. For more information see: https://github.blog/changelog/2025-09-19-deprecation-of-node-20-on-github-actions-runners/
