test_branch_join (tests.test_affine_contract_boundaries.AffineContractBoundaries.test_branch_join) ... ok
test_early_return (tests.test_affine_contract_boundaries.AffineContractBoundaries.test_early_return) ... ok
test_field_observation_does_not_resolve_parameter (tests.test_affine_contract_boundaries.AffineContractBoundaries.test_field_observation_does_not_resolve_parameter) ... ok
test_hidden_outer_owner_still_has_obligation (tests.test_affine_contract_boundaries.AffineContractBoundaries.test_hidden_outer_owner_still_has_obligation) ... ok
test_indirect_resource_result (tests.test_affine_contract_boundaries.AffineContractBoundaries.test_indirect_resource_result) ... 
  test_indirect_resource_result (tests.test_affine_contract_boundaries.AffineContractBoundaries.test_indirect_resource_result) (case='indirect_result_owner', compiler='nanoc_c') ... FAIL
test_loop_local_exits (tests.test_affine_contract_boundaries.AffineContractBoundaries.test_loop_local_exits) ... ok
test_loop_outer_owner (tests.test_affine_contract_boundaries.AffineContractBoundaries.test_loop_outer_owner) ... ok
test_move_then_consume (tests.test_affine_contract_boundaries.AffineContractBoundaries.test_move_then_consume) ... ok
test_nested_record_parameter_obligations (tests.test_affine_contract_boundaries.AffineContractBoundaries.test_nested_record_parameter_obligations) ... ok
test_nested_resource_collection_signature (tests.test_affine_contract_boundaries.AffineContractBoundaries.test_nested_resource_collection_signature) ... ok
test_observation_after_move (tests.test_affine_contract_boundaries.AffineContractBoundaries.test_observation_after_move) ... ok
test_observe_then_return_owner (tests.test_affine_contract_boundaries.AffineContractBoundaries.test_observe_then_return_owner) ... ok
test_owner_beyond_old_fixed_capacity (tests.test_affine_contract_boundaries.AffineContractBoundaries.test_owner_beyond_old_fixed_capacity) ... ok
test_resource_assignment (tests.test_affine_contract_boundaries.AffineContractBoundaries.test_resource_assignment) ... ok
test_resource_collection_annotations (tests.test_affine_contract_boundaries.AffineContractBoundaries.test_resource_collection_annotations) ... ok
test_return_owned_parameter (tests.test_affine_contract_boundaries.AffineContractBoundaries.test_return_owned_parameter) ... ok
test_shadowed_ordinary_binding (tests.test_affine_contract_boundaries.AffineContractBoundaries.test_shadowed_ordinary_binding) ... ok
test_short_circuit_consumption (tests.test_affine_contract_boundaries.AffineContractBoundaries.test_short_circuit_consumption) ... ok
test_union_payload_parameter_obligations (tests.test_affine_contract_boundaries.AffineContractBoundaries.test_union_payload_parameter_obligations) ... 
  test_union_payload_parameter_obligations (tests.test_affine_contract_boundaries.AffineContractBoundaries.test_union_payload_parameter_obligations) (case='union_return', compiler='nanoc_c') ... FAIL
test_unused_parameter_is_unresolved (tests.test_affine_contract_boundaries.AffineContractBoundaries.test_unused_parameter_is_unresolved) ... ok
test_exact_lexical_dependencies_and_selected_suffix (tests.test_checked_owner_selection.CheckedOwnerSelection.test_exact_lexical_dependencies_and_selected_suffix) ... 
  test_exact_lexical_dependencies_and_selected_suffix (tests.test_checked_owner_selection.CheckedOwnerSelection.test_exact_lexical_dependencies_and_selected_suffix) (case='shadow-owner', producer='nanoc_c') ... FAIL
  test_exact_lexical_dependencies_and_selected_suffix (tests.test_checked_owner_selection.CheckedOwnerSelection.test_exact_lexical_dependencies_and_selected_suffix) (case='shadow-owner', producer='nanoc_stage1') ... FAIL
  test_exact_lexical_dependencies_and_selected_suffix (tests.test_checked_owner_selection.CheckedOwnerSelection.test_exact_lexical_dependencies_and_selected_suffix) (case='shadow-owner', producer='nanoc_stage2') ... FAIL
  test_exact_lexical_dependencies_and_selected_suffix (tests.test_checked_owner_selection.CheckedOwnerSelection.test_exact_lexical_dependencies_and_selected_suffix) (case='suffix-all', producer='nanoc_c') ... FAIL
  test_exact_lexical_dependencies_and_selected_suffix (tests.test_checked_owner_selection.CheckedOwnerSelection.test_exact_lexical_dependencies_and_selected_suffix) (case='suffix-all', producer='nanoc_stage1') ... FAIL
  test_exact_lexical_dependencies_and_selected_suffix (tests.test_checked_owner_selection.CheckedOwnerSelection.test_exact_lexical_dependencies_and_selected_suffix) (case='suffix-all', producer='nanoc_stage2') ... FAIL
  test_exact_lexical_dependencies_and_selected_suffix (tests.test_checked_owner_selection.CheckedOwnerSelection.test_exact_lexical_dependencies_and_selected_suffix) (case='suffix-selected', producer='nanoc_c') ... FAIL
  test_exact_lexical_dependencies_and_selected_suffix (tests.test_checked_owner_selection.CheckedOwnerSelection.test_exact_lexical_dependencies_and_selected_suffix) (case='suffix-selected', producer='nanoc_stage1') ... FAIL
  test_exact_lexical_dependencies_and_selected_suffix (tests.test_checked_owner_selection.CheckedOwnerSelection.test_exact_lexical_dependencies_and_selected_suffix) (case='suffix-selected', producer='nanoc_stage2') ... FAIL
test_full_source_invalid_unused_and_raw_full_module_refusal (tests.test_checked_owner_selection.CheckedOwnerSelection.test_full_source_invalid_unused_and_raw_full_module_refusal) ... ok
test_original_declaration_probes_keep_whole_source_checks (tests.test_checked_owner_selection.CheckedOwnerSelection.test_original_declaration_probes_keep_whole_source_checks) ... ok
test_borrowed_names_and_stripped_execution (tests.test_source_borrow_emission.SourceBorrowEmission.test_borrowed_names_and_stripped_execution) ... ERROR
test_both_producers_and_native_stages_preserve_exact_contracts (tests.test_source_borrow_emission.SourceBorrowEmission.test_both_producers_and_native_stages_preserve_exact_contracts) ... ERROR
test_consumed_owner_reassignment_preserves_paths_and_names (tests.test_source_borrow_emission.SourceBorrowEmission.test_consumed_owner_reassignment_preserves_paths_and_names) ... ERROR
test_consuming_selected_shadows_and_terminal_cleanup (tests.test_source_borrow_emission.SourceBorrowEmission.test_consuming_selected_shadows_and_terminal_cleanup) ... ERROR
test_consuming_source_calls_and_exact_metadata (tests.test_source_borrow_emission.SourceBorrowEmission.test_consuming_source_calls_and_exact_metadata) ... ERROR
test_consuming_source_refusals_preserve_publication (tests.test_source_borrow_emission.SourceBorrowEmission.test_consuming_source_refusals_preserve_publication) ... ERROR
test_control_flow_depth_boundary (tests.test_source_borrow_emission.SourceBorrowEmission.test_control_flow_depth_boundary) ... ERROR
test_control_flow_preserves_exact_joins_and_effects (tests.test_source_borrow_emission.SourceBorrowEmission.test_control_flow_preserves_exact_joins_and_effects) ... ERROR
test_control_flow_refusals_preserve_publication (tests.test_source_borrow_emission.SourceBorrowEmission.test_control_flow_refusals_preserve_publication) ... ERROR
test_explicit_resource_paths_preserve_exact_joins (tests.test_source_borrow_emission.SourceBorrowEmission.test_explicit_resource_paths_preserve_exact_joins) ... ERROR
test_false_borrowed_helper_cleans_actual_caller_owners (tests.test_source_borrow_emission.SourceBorrowEmission.test_false_borrowed_helper_cleans_actual_caller_owners) ... ok
test_false_shadow_and_unsupported_graph_preserve_publication (tests.test_source_borrow_emission.SourceBorrowEmission.test_false_shadow_and_unsupported_graph_preserve_publication) ... 
  test_false_shadow_and_unsupported_graph_preserve_publication (tests.test_source_borrow_emission.SourceBorrowEmission.test_false_shadow_and_unsupported_graph_preserve_publication) (case='false helper', compiler='nano_virt') ... ERROR
  test_false_shadow_and_unsupported_graph_preserve_publication (tests.test_source_borrow_emission.SourceBorrowEmission.test_false_shadow_and_unsupported_graph_preserve_publication) (case='scalar-only selected shadows', compiler='nano_virt') ... ERROR
  test_false_shadow_and_unsupported_graph_preserve_publication (tests.test_source_borrow_emission.SourceBorrowEmission.test_false_shadow_and_unsupported_graph_preserve_publication) (case='scalar-only selected shadows', compiler='nanoc_stage1') ... FAIL
  test_false_shadow_and_unsupported_graph_preserve_publication (tests.test_source_borrow_emission.SourceBorrowEmission.test_false_shadow_and_unsupported_graph_preserve_publication) (case='scalar-only selected shadows', compiler='nanoc_stage2') ... FAIL
  test_false_shadow_and_unsupported_graph_preserve_publication (tests.test_source_borrow_emission.SourceBorrowEmission.test_false_shadow_and_unsupported_graph_preserve_publication) (case='false shadow', compiler='nano_virt') ... ERROR
  test_false_shadow_and_unsupported_graph_preserve_publication (tests.test_source_borrow_emission.SourceBorrowEmission.test_false_shadow_and_unsupported_graph_preserve_publication) (case='shadow calls main', compiler='nano_virt') ... ERROR
  test_false_shadow_and_unsupported_graph_preserve_publication (tests.test_source_borrow_emission.SourceBorrowEmission.test_false_shadow_and_unsupported_graph_preserve_publication) (case='extra function', compiler='nano_virt') ... ERROR
  test_false_shadow_and_unsupported_graph_preserve_publication (tests.test_source_borrow_emission.SourceBorrowEmission.test_false_shadow_and_unsupported_graph_preserve_publication) (case='loop resource declaration', compiler='nano_virt') ... ERROR
  test_false_shadow_and_unsupported_graph_preserve_publication (tests.test_source_borrow_emission.SourceBorrowEmission.test_false_shadow_and_unsupported_graph_preserve_publication) (case='heap field', compiler='nano_virt') ... ERROR
  test_false_shadow_and_unsupported_graph_preserve_publication (tests.test_source_borrow_emission.SourceBorrowEmission.test_false_shadow_and_unsupported_graph_preserve_publication) (case='wrong nominal', compiler='nano_virt') ... ERROR
test_helper_owned_locals_preserve_formals_and_shadows (tests.test_source_borrow_emission.SourceBorrowEmission.test_helper_owned_locals_preserve_formals_and_shadows) ... ERROR
test_helper_owner_refusals_preserve_publication (tests.test_source_borrow_emission.SourceBorrowEmission.test_helper_owner_refusals_preserve_publication) ... ERROR
test_inline_owner_wrappers_refuse_without_ordinary_fallback (tests.test_source_borrow_emission.SourceBorrowEmission.test_inline_owner_wrappers_refuse_without_ordinary_fallback) ... 
  test_inline_owner_wrappers_refuse_without_ordinary_fallback (tests.test_source_borrow_emission.SourceBorrowEmission.test_inline_owner_wrappers_refuse_without_ordinary_fallback) (case='tuple', compiler=PosixPath('/home/jkh/Src/nanolang-checked-owner-dependency-selection/bin/nano_virt')) ... ERROR
  test_inline_owner_wrappers_refuse_without_ordinary_fallback (tests.test_source_borrow_emission.SourceBorrowEmission.test_inline_owner_wrappers_refuse_without_ordinary_fallback) (case='tuple', compiler=PosixPath('/home/jkh/Src/nanolang-checked-owner-dependency-selection/bin/nanoisa_emit')) ... ERROR
  test_inline_owner_wrappers_refuse_without_ordinary_fallback (tests.test_source_borrow_emission.SourceBorrowEmission.test_inline_owner_wrappers_refuse_without_ordinary_fallback) (case='array', compiler=PosixPath('/home/jkh/Src/nanolang-checked-owner-dependency-selection/bin/nano_virt')) ... ERROR
  test_inline_owner_wrappers_refuse_without_ordinary_fallback (tests.test_source_borrow_emission.SourceBorrowEmission.test_inline_owner_wrappers_refuse_without_ordinary_fallback) (case='array', compiler=PosixPath('/home/jkh/Src/nanolang-checked-owner-dependency-selection/bin/nanoisa_emit')) ... ERROR
  test_inline_owner_wrappers_refuse_without_ordinary_fallback (tests.test_source_borrow_emission.SourceBorrowEmission.test_inline_owner_wrappers_refuse_without_ordinary_fallback) (case='field', compiler=PosixPath('/home/jkh/Src/nanolang-checked-owner-dependency-selection/bin/nano_virt')) ... ERROR
  test_inline_owner_wrappers_refuse_without_ordinary_fallback (tests.test_source_borrow_emission.SourceBorrowEmission.test_inline_owner_wrappers_refuse_without_ordinary_fallback) (case='field', compiler=PosixPath('/home/jkh/Src/nanolang-checked-owner-dependency-selection/bin/nanoisa_emit')) ... ERROR
  test_inline_owner_wrappers_refuse_without_ordinary_fallback (tests.test_source_borrow_emission.SourceBorrowEmission.test_inline_owner_wrappers_refuse_without_ordinary_fallback) (case='call', compiler=PosixPath('/home/jkh/Src/nanolang-checked-owner-dependency-selection/bin/nano_virt')) ... ERROR
  test_inline_owner_wrappers_refuse_without_ordinary_fallback (tests.test_source_borrow_emission.SourceBorrowEmission.test_inline_owner_wrappers_refuse_without_ordinary_fallback) (case='call', compiler=PosixPath('/home/jkh/Src/nanolang-checked-owner-dependency-selection/bin/nanoisa_emit')) ... ERROR
  test_inline_owner_wrappers_refuse_without_ordinary_fallback (tests.test_source_borrow_emission.SourceBorrowEmission.test_inline_owner_wrappers_refuse_without_ordinary_fallback) (case='set', compiler=PosixPath('/home/jkh/Src/nanolang-checked-owner-dependency-selection/bin/nano_virt')) ... ERROR
  test_inline_owner_wrappers_refuse_without_ordinary_fallback (tests.test_source_borrow_emission.SourceBorrowEmission.test_inline_owner_wrappers_refuse_without_ordinary_fallback) (case='set', compiler=PosixPath('/home/jkh/Src/nanolang-checked-owner-dependency-selection/bin/nanoisa_emit')) ... ERROR
test_lexical_scalar_visibility_refusals (tests.test_source_borrow_emission.SourceBorrowEmission.test_lexical_scalar_visibility_refusals) ... ERROR
test_lexical_scalars_restore_outer_bindings_and_names (tests.test_source_borrow_emission.SourceBorrowEmission.test_lexical_scalars_restore_outer_bindings_and_names) ... ERROR
test_loop_exits_preserve_exact_owners_and_innermost_targets (tests.test_source_borrow_emission.SourceBorrowEmission.test_loop_exits_preserve_exact_owners_and_innermost_targets) ... ERROR
test_multiple_parameter_refusals_preserve_publication (tests.test_source_borrow_emission.SourceBorrowEmission.test_multiple_parameter_refusals_preserve_publication) ... ERROR
test_multiple_parameters_preserve_callers_and_metadata (tests.test_source_borrow_emission.SourceBorrowEmission.test_multiple_parameters_preserve_callers_and_metadata) ... ERROR
test_nested_depth_boundary (tests.test_source_borrow_emission.SourceBorrowEmission.test_nested_depth_boundary) ... ERROR
test_nested_paths_preserve_trees_and_callers (tests.test_source_borrow_emission.SourceBorrowEmission.test_nested_paths_preserve_trees_and_callers) ... ERROR
test_nested_source_refusals_preserve_publication (tests.test_source_borrow_emission.SourceBorrowEmission.test_nested_source_refusals_preserve_publication) ... ERROR
test_owned_local_routing_and_shadow_only_admission (tests.test_source_borrow_emission.SourceBorrowEmission.test_owned_local_routing_and_shadow_only_admission) ... ERROR
test_owned_string_exact_bytes_and_forwarding (tests.test_source_borrow_emission.SourceBorrowEmission.test_owned_string_exact_bytes_and_forwarding) ... ERROR
test_owned_string_output_precedes_assertion_cleanup (tests.test_source_borrow_emission.SourceBorrowEmission.test_owned_string_output_precedes_assertion_cleanup) ... ERROR
test_owned_string_refusals_preserve_publication (tests.test_source_borrow_emission.SourceBorrowEmission.test_owned_string_refusals_preserve_publication) ... 
  test_owned_string_refusals_preserve_publication (tests.test_source_borrow_emission.SourceBorrowEmission.test_owned_string_refusals_preserve_publication) (case='nul', compiler='nano_virt') ... ERROR
  test_owned_string_refusals_preserve_publication (tests.test_source_borrow_emission.SourceBorrowEmission.test_owned_string_refusals_preserve_publication) (case='nul', compiler='nanoisa_emit') ... ERROR
  test_owned_string_refusals_preserve_publication (tests.test_source_borrow_emission.SourceBorrowEmission.test_owned_string_refusals_preserve_publication) (case='field', compiler='nano_virt') ... ERROR
  test_owned_string_refusals_preserve_publication (tests.test_source_borrow_emission.SourceBorrowEmission.test_owned_string_refusals_preserve_publication) (case='field', compiler='nanoisa_emit') ... ERROR
  test_owned_string_refusals_preserve_publication (tests.test_source_borrow_emission.SourceBorrowEmission.test_owned_string_refusals_preserve_publication) (case='local', compiler='nano_virt') ... ERROR
  test_owned_string_refusals_preserve_publication (tests.test_source_borrow_emission.SourceBorrowEmission.test_owned_string_refusals_preserve_publication) (case='local', compiler='nanoisa_emit') ... ERROR
  test_owned_string_refusals_preserve_publication (tests.test_source_borrow_emission.SourceBorrowEmission.test_owned_string_refusals_preserve_publication) (case='operation', compiler='nano_virt') ... ERROR
  test_owned_string_refusals_preserve_publication (tests.test_source_borrow_emission.SourceBorrowEmission.test_owned_string_refusals_preserve_publication) (case='operation', compiler='nanoisa_emit') ... ERROR
  test_owned_string_refusals_preserve_publication (tests.test_source_borrow_emission.SourceBorrowEmission.test_owned_string_refusals_preserve_publication) (case='argument', compiler='nano_virt') ... ERROR
  test_owned_string_refusals_preserve_publication (tests.test_source_borrow_emission.SourceBorrowEmission.test_owned_string_refusals_preserve_publication) (case='argument', compiler='nanoisa_emit') ... ERROR
  test_owned_string_refusals_preserve_publication (tests.test_source_borrow_emission.SourceBorrowEmission.test_owned_string_refusals_preserve_publication) (case='result', compiler='nano_virt') ... ERROR
  test_owned_string_refusals_preserve_publication (tests.test_source_borrow_emission.SourceBorrowEmission.test_owned_string_refusals_preserve_publication) (case='result', compiler='nanoisa_emit') ... ERROR
  test_owned_string_refusals_preserve_publication (tests.test_source_borrow_emission.SourceBorrowEmission.test_owned_string_refusals_preserve_publication) (case='print_binding', compiler='nano_virt') ... ERROR
  test_owned_string_refusals_preserve_publication (tests.test_source_borrow_emission.SourceBorrowEmission.test_owned_string_refusals_preserve_publication) (case='print_binding', compiler='nanoisa_emit') ... ERROR
  test_owned_string_refusals_preserve_publication (tests.test_source_borrow_emission.SourceBorrowEmission.test_owned_string_refusals_preserve_publication) (case='false_shadow', compiler='nano_virt') ... ERROR
test_owned_string_unchanged_affine_example (tests.test_source_borrow_emission.SourceBorrowEmission.test_owned_string_unchanged_affine_example) ... ERROR
test_owned_suffix_and_synthetic_name_collision (tests.test_source_borrow_emission.SourceBorrowEmission.test_owned_suffix_and_synthetic_name_collision) ... ERROR
test_owned_value_graph_eight_frames (tests.test_source_borrow_emission.SourceBorrowEmission.test_owned_value_graph_eight_frames) ... ERROR
test_owned_value_graph_eight_positional_arguments (tests.test_source_borrow_emission.SourceBorrowEmission.test_owned_value_graph_eight_positional_arguments) ... ERROR
test_owned_value_graph_multiple_nested_owners (tests.test_source_borrow_emission.SourceBorrowEmission.test_owned_value_graph_multiple_nested_owners) ... ERROR
test_owned_value_graph_refusals_preserve_output (tests.test_source_borrow_emission.SourceBorrowEmission.test_owned_value_graph_refusals_preserve_output) ... 
  test_owned_value_graph_refusals_preserve_output (tests.test_source_borrow_emission.SourceBorrowEmission.test_owned_value_graph_refusals_preserve_output) (case='late_observation', compiler=PosixPath('/home/jkh/Src/nanolang-checked-owner-dependency-selection/bin/nano_virt')) ... ERROR
  test_owned_value_graph_refusals_preserve_output (tests.test_source_borrow_emission.SourceBorrowEmission.test_owned_value_graph_refusals_preserve_output) (case='late_observation', compiler=PosixPath('/home/jkh/Src/nanolang-checked-owner-dependency-selection/bin/nanoisa_emit')) ... ERROR
  test_owned_value_graph_refusals_preserve_output (tests.test_source_borrow_emission.SourceBorrowEmission.test_owned_value_graph_refusals_preserve_output) (case='duplicate_move', compiler=PosixPath('/home/jkh/Src/nanolang-checked-owner-dependency-selection/bin/nano_virt')) ... ERROR
  test_owned_value_graph_refusals_preserve_output (tests.test_source_borrow_emission.SourceBorrowEmission.test_owned_value_graph_refusals_preserve_output) (case='duplicate_move', compiler=PosixPath('/home/jkh/Src/nanolang-checked-owner-dependency-selection/bin/nanoisa_emit')) ... ERROR
  test_owned_value_graph_refusals_preserve_output (tests.test_source_borrow_emission.SourceBorrowEmission.test_owned_value_graph_refusals_preserve_output) (case='discard_result', compiler=PosixPath('/home/jkh/Src/nanolang-checked-owner-dependency-selection/bin/nano_virt')) ... ERROR
  test_owned_value_graph_refusals_preserve_output (tests.test_source_borrow_emission.SourceBorrowEmission.test_owned_value_graph_refusals_preserve_output) (case='discard_result', compiler=PosixPath('/home/jkh/Src/nanolang-checked-owner-dependency-selection/bin/nanoisa_emit')) ... ERROR
  test_owned_value_graph_refusals_preserve_output (tests.test_source_borrow_emission.SourceBorrowEmission.test_owned_value_graph_refusals_preserve_output) (case='wrong_return_nominal', compiler=PosixPath('/home/jkh/Src/nanolang-checked-owner-dependency-selection/bin/nano_virt')) ... ERROR
  test_owned_value_graph_refusals_preserve_output (tests.test_source_borrow_emission.SourceBorrowEmission.test_owned_value_graph_refusals_preserve_output) (case='wrong_return_nominal', compiler=PosixPath('/home/jkh/Src/nanolang-checked-owner-dependency-selection/bin/nanoisa_emit')) ... ERROR
  test_owned_value_graph_refusals_preserve_output (tests.test_source_borrow_emission.SourceBorrowEmission.test_owned_value_graph_refusals_preserve_output) (case='unconsumed', compiler=PosixPath('/home/jkh/Src/nanolang-checked-owner-dependency-selection/bin/nano_virt')) ... ERROR
  test_owned_value_graph_refusals_preserve_output (tests.test_source_borrow_emission.SourceBorrowEmission.test_owned_value_graph_refusals_preserve_output) (case='unconsumed', compiler=PosixPath('/home/jkh/Src/nanolang-checked-owner-dependency-selection/bin/nanoisa_emit')) ... ERROR
  test_owned_value_graph_refusals_preserve_output (tests.test_source_borrow_emission.SourceBorrowEmission.test_owned_value_graph_refusals_preserve_output) (case='constructed_actual', compiler=PosixPath('/home/jkh/Src/nanolang-checked-owner-dependency-selection/bin/nano_virt')) ... ERROR
  test_owned_value_graph_refusals_preserve_output (tests.test_source_borrow_emission.SourceBorrowEmission.test_owned_value_graph_refusals_preserve_output) (case='constructed_actual', compiler=PosixPath('/home/jkh/Src/nanolang-checked-owner-dependency-selection/bin/nanoisa_emit')) ... ERROR
  test_owned_value_graph_refusals_preserve_output (tests.test_source_borrow_emission.SourceBorrowEmission.test_owned_value_graph_refusals_preserve_output) (case='missing_result', compiler=PosixPath('/home/jkh/Src/nanolang-checked-owner-dependency-selection/bin/nano_virt')) ... ERROR
  test_owned_value_graph_refusals_preserve_output (tests.test_source_borrow_emission.SourceBorrowEmission.test_owned_value_graph_refusals_preserve_output) (case='missing_result', compiler=PosixPath('/home/jkh/Src/nanolang-checked-owner-dependency-selection/bin/nanoisa_emit')) ... ERROR
  test_owned_value_graph_refusals_preserve_output (tests.test_source_borrow_emission.SourceBorrowEmission.test_owned_value_graph_refusals_preserve_output) (case='scalar_result', compiler=PosixPath('/home/jkh/Src/nanolang-checked-owner-dependency-selection/bin/nano_virt')) ... ERROR
  test_owned_value_graph_refusals_preserve_output (tests.test_source_borrow_emission.SourceBorrowEmission.test_owned_value_graph_refusals_preserve_output) (case='scalar_result', compiler=PosixPath('/home/jkh/Src/nanolang-checked-owner-dependency-selection/bin/nanoisa_emit')) ... ERROR
  test_owned_value_graph_refusals_preserve_output (tests.test_source_borrow_emission.SourceBorrowEmission.test_owned_value_graph_refusals_preserve_output) (case='cycle', compiler=PosixPath('/home/jkh/Src/nanolang-checked-owner-dependency-selection/bin/nano_virt')) ... ERROR
  test_owned_value_graph_refusals_preserve_output (tests.test_source_borrow_emission.SourceBorrowEmission.test_owned_value_graph_refusals_preserve_output) (case='cycle', compiler=PosixPath('/home/jkh/Src/nanolang-checked-owner-dependency-selection/bin/nanoisa_emit')) ... ERROR
  test_owned_value_graph_refusals_preserve_output (tests.test_source_borrow_emission.SourceBorrowEmission.test_owned_value_graph_refusals_preserve_output) (case='function_shadow', compiler=PosixPath('/home/jkh/Src/nanolang-checked-owner-dependency-selection/bin/nano_virt')) ... ERROR
  test_owned_value_graph_refusals_preserve_output (tests.test_source_borrow_emission.SourceBorrowEmission.test_owned_value_graph_refusals_preserve_output) (case='function_shadow', compiler=PosixPath('/home/jkh/Src/nanolang-checked-owner-dependency-selection/bin/nanoisa_emit')) ... ERROR
  test_owned_value_graph_refusals_preserve_output (tests.test_source_borrow_emission.SourceBorrowEmission.test_owned_value_graph_refusals_preserve_output) (case='too_many_functions', compiler=PosixPath('/home/jkh/Src/nanolang-checked-owner-dependency-selection/bin/nano_virt')) ... ERROR
  test_owned_value_graph_refusals_preserve_output (tests.test_source_borrow_emission.SourceBorrowEmission.test_owned_value_graph_refusals_preserve_output) (case='too_many_functions', compiler=PosixPath('/home/jkh/Src/nanolang-checked-owner-dependency-selection/bin/nanoisa_emit')) ... ERROR
test_owned_value_graph_results_and_shadow_main (tests.test_source_borrow_emission.SourceBorrowEmission.test_owned_value_graph_results_and_shadow_main) ... ERROR
test_owner_reassignment_refusals_preserve_publication (tests.test_source_borrow_emission.SourceBorrowEmission.test_owner_reassignment_refusals_preserve_publication) ... ERROR
test_range_for_preserves_bounds_scope_and_exact_edges (tests.test_source_borrow_emission.SourceBorrowEmission.test_range_for_preserves_bounds_scope_and_exact_edges) ... ERROR
test_range_for_refusals_preserve_publication (tests.test_source_borrow_emission.SourceBorrowEmission.test_range_for_refusals_preserve_publication) ... ERROR
test_resource_path_refusals_preserve_publication (tests.test_source_borrow_emission.SourceBorrowEmission.test_resource_path_refusals_preserve_publication) ... ERROR
test_return_path_refusals_preserve_publication (tests.test_source_borrow_emission.SourceBorrowEmission.test_return_path_refusals_preserve_publication) ... ERROR
test_return_paths_preserve_ownership_and_fallthrough (tests.test_source_borrow_emission.SourceBorrowEmission.test_return_paths_preserve_ownership_and_fallthrough) ... ERROR
test_selected_shadows_execute_and_preserve_suffix_identity (tests.test_source_borrow_emission.SourceBorrowEmission.test_selected_shadows_execute_and_preserve_suffix_identity) ... FAIL
test_shadow_names_close_before_next_selected_scope (tests.test_source_borrow_emission.SourceBorrowEmission.test_shadow_names_close_before_next_selected_scope) ... ERROR
test_temporary_owner_actual_refusals_preserve_output (tests.test_source_borrow_emission.SourceBorrowEmission.test_temporary_owner_actual_refusals_preserve_output) ... 
  test_temporary_owner_actual_refusals_preserve_output (tests.test_source_borrow_emission.SourceBorrowEmission.test_temporary_owner_actual_refusals_preserve_output) (case='constructor_nominal', compiler='nano_virt') ... ERROR
  test_temporary_owner_actual_refusals_preserve_output (tests.test_source_borrow_emission.SourceBorrowEmission.test_temporary_owner_actual_refusals_preserve_output) (case='constructor_nominal', compiler='nanoisa_emit') ... ERROR
  test_temporary_owner_actual_refusals_preserve_output (tests.test_source_borrow_emission.SourceBorrowEmission.test_temporary_owner_actual_refusals_preserve_output) (case='factory_nominal', compiler='nano_virt') ... ERROR
  test_temporary_owner_actual_refusals_preserve_output (tests.test_source_borrow_emission.SourceBorrowEmission.test_temporary_owner_actual_refusals_preserve_output) (case='factory_nominal', compiler='nanoisa_emit') ... ERROR
  test_temporary_owner_actual_refusals_preserve_output (tests.test_source_borrow_emission.SourceBorrowEmission.test_temporary_owner_actual_refusals_preserve_output) (case='missing_field', compiler='nano_virt') ... ERROR
  test_temporary_owner_actual_refusals_preserve_output (tests.test_source_borrow_emission.SourceBorrowEmission.test_temporary_owner_actual_refusals_preserve_output) (case='missing_field', compiler='nanoisa_emit') ... ERROR
  test_temporary_owner_actual_refusals_preserve_output (tests.test_source_borrow_emission.SourceBorrowEmission.test_temporary_owner_actual_refusals_preserve_output) (case='duplicate_field', compiler='nano_virt') ... ERROR
  test_temporary_owner_actual_refusals_preserve_output (tests.test_source_borrow_emission.SourceBorrowEmission.test_temporary_owner_actual_refusals_preserve_output) (case='duplicate_field', compiler='nanoisa_emit') ... ERROR
test_temporary_owner_actuals_preserve_order_and_roots (tests.test_source_borrow_emission.SourceBorrowEmission.test_temporary_owner_actuals_preserve_order_and_roots) ... ERROR
test_temporary_owner_factory_failure_cleans_prepared_arguments (tests.test_source_borrow_emission.SourceBorrowEmission.test_temporary_owner_factory_failure_cleans_prepared_arguments) ... ERROR
test_temporary_owners_restore_original_pattern_sources (tests.test_source_borrow_emission.SourceBorrowEmission.test_temporary_owners_restore_original_pattern_sources) ... 
  test_temporary_owners_restore_original_pattern_sources (tests.test_source_borrow_emission.SourceBorrowEmission.test_temporary_owners_restore_original_pattern_sources) (original_case=0) ... ERROR
  test_temporary_owners_restore_original_pattern_sources (tests.test_source_borrow_emission.SourceBorrowEmission.test_temporary_owners_restore_original_pattern_sources) (original_case=1) ... ERROR
  test_temporary_owners_restore_original_pattern_sources (tests.test_source_borrow_emission.SourceBorrowEmission.test_temporary_owners_restore_original_pattern_sources) (original_case=2) ... ERROR
  test_temporary_owners_restore_original_pattern_sources (tests.test_source_borrow_emission.SourceBorrowEmission.test_temporary_owners_restore_original_pattern_sources) (original_case=3) ... ERROR

======================================================================
ERROR: test_borrowed_names_and_stripped_execution (tests.test_source_borrow_emission.SourceBorrowEmission.test_borrowed_names_and_stripped_execution)
----------------------------------------------------------------------
Traceback (most recent call last):
  File "/home/jkh/Src/nanolang-checked-owner-dependency-selection/tests/test_source_borrow_emission.py", line 113, in test_borrowed_names_and_stripped_execution
    self.command(ROOT / 'bin' / compiler, source, '--emit-nvm', '-o', module)
    ~~~~~~~~~~~~^^^^^^^^^^^^^^^^^^^^^^^^^^^^^^^^^^^^^^^^^^^^^^^^^^^^^^^^^^^^^
  File "/home/jkh/Src/nanolang-checked-owner-dependency-selection/tests/test_source_borrow_emission.py", line 36, in command
    result = subprocess.run([str(arg) for arg in args], cwd=ROOT, capture_output=True,
                            text=True, timeout=timeout)
  File "/home/linuxbrew/.linuxbrew/Cellar/python@3.14/3.14.5/lib/python3.14/subprocess.py", line 555, in run
    with Popen(*popenargs, **kwargs) as process:
         ~~~~~^^^^^^^^^^^^^^^^^^^^^^
  File "/home/linuxbrew/.linuxbrew/Cellar/python@3.14/3.14.5/lib/python3.14/subprocess.py", line 1039, in __init__
    self._execute_child(args, executable, preexec_fn, close_fds,
    ~~~~~~~~~~~~~~~~~~~^^^^^^^^^^^^^^^^^^^^^^^^^^^^^^^^^^^^^^^^^
                        pass_fds, cwd, env,
                        ^^^^^^^^^^^^^^^^^^^
    ...<5 lines>...
                        gid, gids, uid, umask,
                        ^^^^^^^^^^^^^^^^^^^^^^
                        start_new_session, process_group)
                        ^^^^^^^^^^^^^^^^^^^^^^^^^^^^^^^^^
  File "/home/linuxbrew/.linuxbrew/Cellar/python@3.14/3.14.5/lib/python3.14/subprocess.py", line 1990, in _execute_child
    raise child_exception_type(errno_num, err_msg, err_filename)
FileNotFoundError: [Errno 2] No such file or directory: '/home/jkh/Src/nanolang-checked-owner-dependency-selection/bin/nano_virt'

======================================================================
ERROR: test_both_producers_and_native_stages_preserve_exact_contracts (tests.test_source_borrow_emission.SourceBorrowEmission.test_both_producers_and_native_stages_preserve_exact_contracts)
----------------------------------------------------------------------
Traceback (most recent call last):
  File "/home/jkh/Src/nanolang-checked-owner-dependency-selection/tests/test_source_borrow_emission.py", line 67, in test_both_producers_and_native_stages_preserve_exact_contracts
    self.command(ROOT / 'bin/nano_virt', source, '--emit-nvm', '--strip-debug', '-o', seed)
    ~~~~~~~~~~~~^^^^^^^^^^^^^^^^^^^^^^^^^^^^^^^^^^^^^^^^^^^^^^^^^^^^^^^^^^^^^^^^^^^^^^^^^^^
  File "/home/jkh/Src/nanolang-checked-owner-dependency-selection/tests/test_source_borrow_emission.py", line 36, in command
    result = subprocess.run([str(arg) for arg in args], cwd=ROOT, capture_output=True,
                            text=True, timeout=timeout)
  File "/home/linuxbrew/.linuxbrew/Cellar/python@3.14/3.14.5/lib/python3.14/subprocess.py", line 555, in run
    with Popen(*popenargs, **kwargs) as process:
         ~~~~~^^^^^^^^^^^^^^^^^^^^^^
  File "/home/linuxbrew/.linuxbrew/Cellar/python@3.14/3.14.5/lib/python3.14/subprocess.py", line 1039, in __init__
    self._execute_child(args, executable, preexec_fn, close_fds,
    ~~~~~~~~~~~~~~~~~~~^^^^^^^^^^^^^^^^^^^^^^^^^^^^^^^^^^^^^^^^^
                        pass_fds, cwd, env,
                        ^^^^^^^^^^^^^^^^^^^
    ...<5 lines>...
                        gid, gids, uid, umask,
                        ^^^^^^^^^^^^^^^^^^^^^^
                        start_new_session, process_group)
                        ^^^^^^^^^^^^^^^^^^^^^^^^^^^^^^^^^
  File "/home/linuxbrew/.linuxbrew/Cellar/python@3.14/3.14.5/lib/python3.14/subprocess.py", line 1990, in _execute_child
    raise child_exception_type(errno_num, err_msg, err_filename)
FileNotFoundError: [Errno 2] No such file or directory: '/home/jkh/Src/nanolang-checked-owner-dependency-selection/bin/nano_virt'

======================================================================
ERROR: test_consumed_owner_reassignment_preserves_paths_and_names (tests.test_source_borrow_emission.SourceBorrowEmission.test_consumed_owner_reassignment_preserves_paths_and_names)
----------------------------------------------------------------------
Traceback (most recent call last):
  File "/home/jkh/Src/nanolang-checked-owner-dependency-selection/tests/test_source_borrow_emission.py", line 447, in test_consumed_owner_reassignment_preserves_paths_and_names
    self.command(ROOT / 'bin/nano_virt', source, '--emit-nvm', '--strip-debug', '-o', seed)
    ~~~~~~~~~~~~^^^^^^^^^^^^^^^^^^^^^^^^^^^^^^^^^^^^^^^^^^^^^^^^^^^^^^^^^^^^^^^^^^^^^^^^^^^
  File "/home/jkh/Src/nanolang-checked-owner-dependency-selection/tests/test_source_borrow_emission.py", line 36, in command
    result = subprocess.run([str(arg) for arg in args], cwd=ROOT, capture_output=True,
                            text=True, timeout=timeout)
  File "/home/linuxbrew/.linuxbrew/Cellar/python@3.14/3.14.5/lib/python3.14/subprocess.py", line 555, in run
    with Popen(*popenargs, **kwargs) as process:
         ~~~~~^^^^^^^^^^^^^^^^^^^^^^
  File "/home/linuxbrew/.linuxbrew/Cellar/python@3.14/3.14.5/lib/python3.14/subprocess.py", line 1039, in __init__
    self._execute_child(args, executable, preexec_fn, close_fds,
    ~~~~~~~~~~~~~~~~~~~^^^^^^^^^^^^^^^^^^^^^^^^^^^^^^^^^^^^^^^^^
                        pass_fds, cwd, env,
                        ^^^^^^^^^^^^^^^^^^^
    ...<5 lines>...
                        gid, gids, uid, umask,
                        ^^^^^^^^^^^^^^^^^^^^^^
                        start_new_session, process_group)
                        ^^^^^^^^^^^^^^^^^^^^^^^^^^^^^^^^^
  File "/home/linuxbrew/.linuxbrew/Cellar/python@3.14/3.14.5/lib/python3.14/subprocess.py", line 1990, in _execute_child
    raise child_exception_type(errno_num, err_msg, err_filename)
FileNotFoundError: [Errno 2] No such file or directory: '/home/jkh/Src/nanolang-checked-owner-dependency-selection/bin/nano_virt'

======================================================================
ERROR: test_consuming_selected_shadows_and_terminal_cleanup (tests.test_source_borrow_emission.SourceBorrowEmission.test_consuming_selected_shadows_and_terminal_cleanup)
----------------------------------------------------------------------
Traceback (most recent call last):
  File "/home/jkh/Src/nanolang-checked-owner-dependency-selection/tests/test_source_borrow_emission.py", line 1084, in test_consuming_selected_shadows_and_terminal_cleanup
    result = subprocess.run([ROOT / 'bin' / compiler, source, '--emit-nvm', '-o', output],
                            cwd=ROOT, capture_output=True, text=True, timeout=90)
  File "/home/linuxbrew/.linuxbrew/Cellar/python@3.14/3.14.5/lib/python3.14/subprocess.py", line 555, in run
    with Popen(*popenargs, **kwargs) as process:
         ~~~~~^^^^^^^^^^^^^^^^^^^^^^
  File "/home/linuxbrew/.linuxbrew/Cellar/python@3.14/3.14.5/lib/python3.14/subprocess.py", line 1039, in __init__
    self._execute_child(args, executable, preexec_fn, close_fds,
    ~~~~~~~~~~~~~~~~~~~^^^^^^^^^^^^^^^^^^^^^^^^^^^^^^^^^^^^^^^^^
                        pass_fds, cwd, env,
                        ^^^^^^^^^^^^^^^^^^^
    ...<5 lines>...
                        gid, gids, uid, umask,
                        ^^^^^^^^^^^^^^^^^^^^^^
                        start_new_session, process_group)
                        ^^^^^^^^^^^^^^^^^^^^^^^^^^^^^^^^^
  File "/home/linuxbrew/.linuxbrew/Cellar/python@3.14/3.14.5/lib/python3.14/subprocess.py", line 1990, in _execute_child
    raise child_exception_type(errno_num, err_msg, err_filename)
FileNotFoundError: [Errno 2] No such file or directory: PosixPath('/home/jkh/Src/nanolang-checked-owner-dependency-selection/bin/nano_virt')

======================================================================
ERROR: test_consuming_source_calls_and_exact_metadata (tests.test_source_borrow_emission.SourceBorrowEmission.test_consuming_source_calls_and_exact_metadata)
----------------------------------------------------------------------
Traceback (most recent call last):
  File "/home/jkh/Src/nanolang-checked-owner-dependency-selection/tests/test_source_borrow_emission.py", line 1041, in test_consuming_source_calls_and_exact_metadata
    self.command(ROOT / 'bin/nano_virt', source, '--emit-nvm', '--strip-debug', '-o', seed)
    ~~~~~~~~~~~~^^^^^^^^^^^^^^^^^^^^^^^^^^^^^^^^^^^^^^^^^^^^^^^^^^^^^^^^^^^^^^^^^^^^^^^^^^^
  File "/home/jkh/Src/nanolang-checked-owner-dependency-selection/tests/test_source_borrow_emission.py", line 36, in command
    result = subprocess.run([str(arg) for arg in args], cwd=ROOT, capture_output=True,
                            text=True, timeout=timeout)
  File "/home/linuxbrew/.linuxbrew/Cellar/python@3.14/3.14.5/lib/python3.14/subprocess.py", line 555, in run
    with Popen(*popenargs, **kwargs) as process:
         ~~~~~^^^^^^^^^^^^^^^^^^^^^^
  File "/home/linuxbrew/.linuxbrew/Cellar/python@3.14/3.14.5/lib/python3.14/subprocess.py", line 1039, in __init__
    self._execute_child(args, executable, preexec_fn, close_fds,
    ~~~~~~~~~~~~~~~~~~~^^^^^^^^^^^^^^^^^^^^^^^^^^^^^^^^^^^^^^^^^
                        pass_fds, cwd, env,
                        ^^^^^^^^^^^^^^^^^^^
    ...<5 lines>...
                        gid, gids, uid, umask,
                        ^^^^^^^^^^^^^^^^^^^^^^
                        start_new_session, process_group)
                        ^^^^^^^^^^^^^^^^^^^^^^^^^^^^^^^^^
  File "/home/linuxbrew/.linuxbrew/Cellar/python@3.14/3.14.5/lib/python3.14/subprocess.py", line 1990, in _execute_child
    raise child_exception_type(errno_num, err_msg, err_filename)
FileNotFoundError: [Errno 2] No such file or directory: '/home/jkh/Src/nanolang-checked-owner-dependency-selection/bin/nano_virt'

======================================================================
ERROR: test_consuming_source_refusals_preserve_publication (tests.test_source_borrow_emission.SourceBorrowEmission.test_consuming_source_refusals_preserve_publication)
----------------------------------------------------------------------
Traceback (most recent call last):
  File "/home/jkh/Src/nanolang-checked-owner-dependency-selection/tests/test_source_borrow_emission.py", line 1117, in test_consuming_source_refusals_preserve_publication
    self.graph_positive('former-' + name, text)
    ~~~~~~~~~~~~~~~~~~~^^^^^^^^^^^^^^^^^^^^^^^^
  File "/home/jkh/Src/nanolang-checked-owner-dependency-selection/tests/test_source_borrow_emission.py", line 1141, in graph_positive
    self.command(ROOT / 'bin' / compiler, source, '--emit-nvm', '-o', module)
    ~~~~~~~~~~~~^^^^^^^^^^^^^^^^^^^^^^^^^^^^^^^^^^^^^^^^^^^^^^^^^^^^^^^^^^^^^
  File "/home/jkh/Src/nanolang-checked-owner-dependency-selection/tests/test_source_borrow_emission.py", line 36, in command
    result = subprocess.run([str(arg) for arg in args], cwd=ROOT, capture_output=True,
                            text=True, timeout=timeout)
  File "/home/linuxbrew/.linuxbrew/Cellar/python@3.14/3.14.5/lib/python3.14/subprocess.py", line 555, in run
    with Popen(*popenargs, **kwargs) as process:
         ~~~~~^^^^^^^^^^^^^^^^^^^^^^
  File "/home/linuxbrew/.linuxbrew/Cellar/python@3.14/3.14.5/lib/python3.14/subprocess.py", line 1039, in __init__
    self._execute_child(args, executable, preexec_fn, close_fds,
    ~~~~~~~~~~~~~~~~~~~^^^^^^^^^^^^^^^^^^^^^^^^^^^^^^^^^^^^^^^^^
                        pass_fds, cwd, env,
                        ^^^^^^^^^^^^^^^^^^^
    ...<5 lines>...
                        gid, gids, uid, umask,
                        ^^^^^^^^^^^^^^^^^^^^^^
                        start_new_session, process_group)
                        ^^^^^^^^^^^^^^^^^^^^^^^^^^^^^^^^^
  File "/home/linuxbrew/.linuxbrew/Cellar/python@3.14/3.14.5/lib/python3.14/subprocess.py", line 1990, in _execute_child
    raise child_exception_type(errno_num, err_msg, err_filename)
FileNotFoundError: [Errno 2] No such file or directory: '/home/jkh/Src/nanolang-checked-owner-dependency-selection/bin/nano_virt'

======================================================================
ERROR: test_control_flow_depth_boundary (tests.test_source_borrow_emission.SourceBorrowEmission.test_control_flow_depth_boundary)
----------------------------------------------------------------------
Traceback (most recent call last):
  File "/home/jkh/Src/nanolang-checked-owner-dependency-selection/tests/test_source_borrow_emission.py", line 839, in test_control_flow_depth_boundary
    result = subprocess.run([*args, '-o', output], cwd=ROOT,
                            capture_output=True, text=True, timeout=60)
  File "/home/linuxbrew/.linuxbrew/Cellar/python@3.14/3.14.5/lib/python3.14/subprocess.py", line 555, in run
    with Popen(*popenargs, **kwargs) as process:
         ~~~~~^^^^^^^^^^^^^^^^^^^^^^
  File "/home/linuxbrew/.linuxbrew/Cellar/python@3.14/3.14.5/lib/python3.14/subprocess.py", line 1039, in __init__
    self._execute_child(args, executable, preexec_fn, close_fds,
    ~~~~~~~~~~~~~~~~~~~^^^^^^^^^^^^^^^^^^^^^^^^^^^^^^^^^^^^^^^^^
                        pass_fds, cwd, env,
                        ^^^^^^^^^^^^^^^^^^^
    ...<5 lines>...
                        gid, gids, uid, umask,
                        ^^^^^^^^^^^^^^^^^^^^^^
                        start_new_session, process_group)
                        ^^^^^^^^^^^^^^^^^^^^^^^^^^^^^^^^^
  File "/home/linuxbrew/.linuxbrew/Cellar/python@3.14/3.14.5/lib/python3.14/subprocess.py", line 1990, in _execute_child
    raise child_exception_type(errno_num, err_msg, err_filename)
FileNotFoundError: [Errno 2] No such file or directory: PosixPath('/home/jkh/Src/nanolang-checked-owner-dependency-selection/bin/nano_virt')

======================================================================
ERROR: test_control_flow_preserves_exact_joins_and_effects (tests.test_source_borrow_emission.SourceBorrowEmission.test_control_flow_preserves_exact_joins_and_effects)
----------------------------------------------------------------------
Traceback (most recent call last):
  File "/home/jkh/Src/nanolang-checked-owner-dependency-selection/tests/test_source_borrow_emission.py", line 238, in test_control_flow_preserves_exact_joins_and_effects
    self.command(ROOT / 'bin/nano_virt', source, '--emit-nvm', '--strip-debug', '-o', seed)
    ~~~~~~~~~~~~^^^^^^^^^^^^^^^^^^^^^^^^^^^^^^^^^^^^^^^^^^^^^^^^^^^^^^^^^^^^^^^^^^^^^^^^^^^
  File "/home/jkh/Src/nanolang-checked-owner-dependency-selection/tests/test_source_borrow_emission.py", line 36, in command
    result = subprocess.run([str(arg) for arg in args], cwd=ROOT, capture_output=True,
                            text=True, timeout=timeout)
  File "/home/linuxbrew/.linuxbrew/Cellar/python@3.14/3.14.5/lib/python3.14/subprocess.py", line 555, in run
    with Popen(*popenargs, **kwargs) as process:
         ~~~~~^^^^^^^^^^^^^^^^^^^^^^
  File "/home/linuxbrew/.linuxbrew/Cellar/python@3.14/3.14.5/lib/python3.14/subprocess.py", line 1039, in __init__
    self._execute_child(args, executable, preexec_fn, close_fds,
    ~~~~~~~~~~~~~~~~~~~^^^^^^^^^^^^^^^^^^^^^^^^^^^^^^^^^^^^^^^^^
                        pass_fds, cwd, env,
                        ^^^^^^^^^^^^^^^^^^^
    ...<5 lines>...
                        gid, gids, uid, umask,
                        ^^^^^^^^^^^^^^^^^^^^^^
                        start_new_session, process_group)
                        ^^^^^^^^^^^^^^^^^^^^^^^^^^^^^^^^^
  File "/home/linuxbrew/.linuxbrew/Cellar/python@3.14/3.14.5/lib/python3.14/subprocess.py", line 1990, in _execute_child
    raise child_exception_type(errno_num, err_msg, err_filename)
FileNotFoundError: [Errno 2] No such file or directory: '/home/jkh/Src/nanolang-checked-owner-dependency-selection/bin/nano_virt'

======================================================================
ERROR: test_control_flow_refusals_preserve_publication (tests.test_source_borrow_emission.SourceBorrowEmission.test_control_flow_refusals_preserve_publication)
----------------------------------------------------------------------
Traceback (most recent call last):
  File "/home/jkh/Src/nanolang-checked-owner-dependency-selection/tests/test_source_borrow_emission.py", line 667, in test_control_flow_refusals_preserve_publication
    result = subprocess.run([ROOT / 'bin' / compiler, source, '--emit-nvm', '-o', output],
                            cwd=ROOT, capture_output=True, text=True, timeout=60)
  File "/home/linuxbrew/.linuxbrew/Cellar/python@3.14/3.14.5/lib/python3.14/subprocess.py", line 555, in run
    with Popen(*popenargs, **kwargs) as process:
         ~~~~~^^^^^^^^^^^^^^^^^^^^^^
  File "/home/linuxbrew/.linuxbrew/Cellar/python@3.14/3.14.5/lib/python3.14/subprocess.py", line 1039, in __init__
    self._execute_child(args, executable, preexec_fn, close_fds,
    ~~~~~~~~~~~~~~~~~~~^^^^^^^^^^^^^^^^^^^^^^^^^^^^^^^^^^^^^^^^^
                        pass_fds, cwd, env,
                        ^^^^^^^^^^^^^^^^^^^
    ...<5 lines>...
                        gid, gids, uid, umask,
                        ^^^^^^^^^^^^^^^^^^^^^^
                        start_new_session, process_group)
                        ^^^^^^^^^^^^^^^^^^^^^^^^^^^^^^^^^
  File "/home/linuxbrew/.linuxbrew/Cellar/python@3.14/3.14.5/lib/python3.14/subprocess.py", line 1990, in _execute_child
    raise child_exception_type(errno_num, err_msg, err_filename)
FileNotFoundError: [Errno 2] No such file or directory: PosixPath('/home/jkh/Src/nanolang-checked-owner-dependency-selection/bin/nano_virt')

======================================================================
ERROR: test_explicit_resource_paths_preserve_exact_joins (tests.test_source_borrow_emission.SourceBorrowEmission.test_explicit_resource_paths_preserve_exact_joins)
----------------------------------------------------------------------
Traceback (most recent call last):
  File "/home/jkh/Src/nanolang-checked-owner-dependency-selection/tests/test_source_borrow_emission.py", line 287, in test_explicit_resource_paths_preserve_exact_joins
    self.command(ROOT / 'bin/nano_virt', source, '--emit-nvm', '--strip-debug', '-o', seed)
    ~~~~~~~~~~~~^^^^^^^^^^^^^^^^^^^^^^^^^^^^^^^^^^^^^^^^^^^^^^^^^^^^^^^^^^^^^^^^^^^^^^^^^^^
  File "/home/jkh/Src/nanolang-checked-owner-dependency-selection/tests/test_source_borrow_emission.py", line 36, in command
    result = subprocess.run([str(arg) for arg in args], cwd=ROOT, capture_output=True,
                            text=True, timeout=timeout)
  File "/home/linuxbrew/.linuxbrew/Cellar/python@3.14/3.14.5/lib/python3.14/subprocess.py", line 555, in run
    with Popen(*popenargs, **kwargs) as process:
         ~~~~~^^^^^^^^^^^^^^^^^^^^^^
  File "/home/linuxbrew/.linuxbrew/Cellar/python@3.14/3.14.5/lib/python3.14/subprocess.py", line 1039, in __init__
    self._execute_child(args, executable, preexec_fn, close_fds,
    ~~~~~~~~~~~~~~~~~~~^^^^^^^^^^^^^^^^^^^^^^^^^^^^^^^^^^^^^^^^^
                        pass_fds, cwd, env,
                        ^^^^^^^^^^^^^^^^^^^
    ...<5 lines>...
                        gid, gids, uid, umask,
                        ^^^^^^^^^^^^^^^^^^^^^^
                        start_new_session, process_group)
                        ^^^^^^^^^^^^^^^^^^^^^^^^^^^^^^^^^
  File "/home/linuxbrew/.linuxbrew/Cellar/python@3.14/3.14.5/lib/python3.14/subprocess.py", line 1990, in _execute_child
    raise child_exception_type(errno_num, err_msg, err_filename)
FileNotFoundError: [Errno 2] No such file or directory: '/home/jkh/Src/nanolang-checked-owner-dependency-selection/bin/nano_virt'

======================================================================
ERROR: test_false_shadow_and_unsupported_graph_preserve_publication (tests.test_source_borrow_emission.SourceBorrowEmission.test_false_shadow_and_unsupported_graph_preserve_publication) (case='false helper', compiler='nano_virt')
----------------------------------------------------------------------
Traceback (most recent call last):
  File "/home/jkh/Src/nanolang-checked-owner-dependency-selection/tests/test_source_borrow_emission.py", line 1028, in test_false_shadow_and_unsupported_graph_preserve_publication
    result = subprocess.run([ROOT / 'bin' / compiler, source, '--emit-nvm', '-o', output],
                            cwd=ROOT, capture_output=True, text=True, timeout=120)
  File "/home/linuxbrew/.linuxbrew/Cellar/python@3.14/3.14.5/lib/python3.14/subprocess.py", line 555, in run
    with Popen(*popenargs, **kwargs) as process:
         ~~~~~^^^^^^^^^^^^^^^^^^^^^^
  File "/home/linuxbrew/.linuxbrew/Cellar/python@3.14/3.14.5/lib/python3.14/subprocess.py", line 1039, in __init__
    self._execute_child(args, executable, preexec_fn, close_fds,
    ~~~~~~~~~~~~~~~~~~~^^^^^^^^^^^^^^^^^^^^^^^^^^^^^^^^^^^^^^^^^
                        pass_fds, cwd, env,
                        ^^^^^^^^^^^^^^^^^^^
    ...<5 lines>...
                        gid, gids, uid, umask,
                        ^^^^^^^^^^^^^^^^^^^^^^
                        start_new_session, process_group)
                        ^^^^^^^^^^^^^^^^^^^^^^^^^^^^^^^^^
  File "/home/linuxbrew/.linuxbrew/Cellar/python@3.14/3.14.5/lib/python3.14/subprocess.py", line 1990, in _execute_child
    raise child_exception_type(errno_num, err_msg, err_filename)
FileNotFoundError: [Errno 2] No such file or directory: PosixPath('/home/jkh/Src/nanolang-checked-owner-dependency-selection/bin/nano_virt')

======================================================================
ERROR: test_false_shadow_and_unsupported_graph_preserve_publication (tests.test_source_borrow_emission.SourceBorrowEmission.test_false_shadow_and_unsupported_graph_preserve_publication) (case='scalar-only selected shadows', compiler='nano_virt')
----------------------------------------------------------------------
Traceback (most recent call last):
  File "/home/jkh/Src/nanolang-checked-owner-dependency-selection/tests/test_source_borrow_emission.py", line 1028, in test_false_shadow_and_unsupported_graph_preserve_publication
    result = subprocess.run([ROOT / 'bin' / compiler, source, '--emit-nvm', '-o', output],
                            cwd=ROOT, capture_output=True, text=True, timeout=120)
  File "/home/linuxbrew/.linuxbrew/Cellar/python@3.14/3.14.5/lib/python3.14/subprocess.py", line 555, in run
    with Popen(*popenargs, **kwargs) as process:
         ~~~~~^^^^^^^^^^^^^^^^^^^^^^
  File "/home/linuxbrew/.linuxbrew/Cellar/python@3.14/3.14.5/lib/python3.14/subprocess.py", line 1039, in __init__
    self._execute_child(args, executable, preexec_fn, close_fds,
    ~~~~~~~~~~~~~~~~~~~^^^^^^^^^^^^^^^^^^^^^^^^^^^^^^^^^^^^^^^^^
                        pass_fds, cwd, env,
                        ^^^^^^^^^^^^^^^^^^^
    ...<5 lines>...
                        gid, gids, uid, umask,
                        ^^^^^^^^^^^^^^^^^^^^^^
                        start_new_session, process_group)
                        ^^^^^^^^^^^^^^^^^^^^^^^^^^^^^^^^^
  File "/home/linuxbrew/.linuxbrew/Cellar/python@3.14/3.14.5/lib/python3.14/subprocess.py", line 1990, in _execute_child
    raise child_exception_type(errno_num, err_msg, err_filename)
FileNotFoundError: [Errno 2] No such file or directory: PosixPath('/home/jkh/Src/nanolang-checked-owner-dependency-selection/bin/nano_virt')

======================================================================
ERROR: test_false_shadow_and_unsupported_graph_preserve_publication (tests.test_source_borrow_emission.SourceBorrowEmission.test_false_shadow_and_unsupported_graph_preserve_publication) (case='false shadow', compiler='nano_virt')
----------------------------------------------------------------------
Traceback (most recent call last):
  File "/home/jkh/Src/nanolang-checked-owner-dependency-selection/tests/test_source_borrow_emission.py", line 1028, in test_false_shadow_and_unsupported_graph_preserve_publication
    result = subprocess.run([ROOT / 'bin' / compiler, source, '--emit-nvm', '-o', output],
                            cwd=ROOT, capture_output=True, text=True, timeout=120)
  File "/home/linuxbrew/.linuxbrew/Cellar/python@3.14/3.14.5/lib/python3.14/subprocess.py", line 555, in run
    with Popen(*popenargs, **kwargs) as process:
         ~~~~~^^^^^^^^^^^^^^^^^^^^^^
  File "/home/linuxbrew/.linuxbrew/Cellar/python@3.14/3.14.5/lib/python3.14/subprocess.py", line 1039, in __init__
    self._execute_child(args, executable, preexec_fn, close_fds,
    ~~~~~~~~~~~~~~~~~~~^^^^^^^^^^^^^^^^^^^^^^^^^^^^^^^^^^^^^^^^^
                        pass_fds, cwd, env,
                        ^^^^^^^^^^^^^^^^^^^
    ...<5 lines>...
                        gid, gids, uid, umask,
                        ^^^^^^^^^^^^^^^^^^^^^^
                        start_new_session, process_group)
                        ^^^^^^^^^^^^^^^^^^^^^^^^^^^^^^^^^
  File "/home/linuxbrew/.linuxbrew/Cellar/python@3.14/3.14.5/lib/python3.14/subprocess.py", line 1990, in _execute_child
    raise child_exception_type(errno_num, err_msg, err_filename)
FileNotFoundError: [Errno 2] No such file or directory: PosixPath('/home/jkh/Src/nanolang-checked-owner-dependency-selection/bin/nano_virt')

======================================================================
ERROR: test_false_shadow_and_unsupported_graph_preserve_publication (tests.test_source_borrow_emission.SourceBorrowEmission.test_false_shadow_and_unsupported_graph_preserve_publication) (case='shadow calls main', compiler='nano_virt')
----------------------------------------------------------------------
Traceback (most recent call last):
  File "/home/jkh/Src/nanolang-checked-owner-dependency-selection/tests/test_source_borrow_emission.py", line 1028, in test_false_shadow_and_unsupported_graph_preserve_publication
    result = subprocess.run([ROOT / 'bin' / compiler, source, '--emit-nvm', '-o', output],
                            cwd=ROOT, capture_output=True, text=True, timeout=120)
  File "/home/linuxbrew/.linuxbrew/Cellar/python@3.14/3.14.5/lib/python3.14/subprocess.py", line 555, in run
    with Popen(*popenargs, **kwargs) as process:
         ~~~~~^^^^^^^^^^^^^^^^^^^^^^
  File "/home/linuxbrew/.linuxbrew/Cellar/python@3.14/3.14.5/lib/python3.14/subprocess.py", line 1039, in __init__
    self._execute_child(args, executable, preexec_fn, close_fds,
    ~~~~~~~~~~~~~~~~~~~^^^^^^^^^^^^^^^^^^^^^^^^^^^^^^^^^^^^^^^^^
                        pass_fds, cwd, env,
                        ^^^^^^^^^^^^^^^^^^^
    ...<5 lines>...
                        gid, gids, uid, umask,
                        ^^^^^^^^^^^^^^^^^^^^^^
                        start_new_session, process_group)
                        ^^^^^^^^^^^^^^^^^^^^^^^^^^^^^^^^^
  File "/home/linuxbrew/.linuxbrew/Cellar/python@3.14/3.14.5/lib/python3.14/subprocess.py", line 1990, in _execute_child
    raise child_exception_type(errno_num, err_msg, err_filename)
FileNotFoundError: [Errno 2] No such file or directory: PosixPath('/home/jkh/Src/nanolang-checked-owner-dependency-selection/bin/nano_virt')

======================================================================
ERROR: test_false_shadow_and_unsupported_graph_preserve_publication (tests.test_source_borrow_emission.SourceBorrowEmission.test_false_shadow_and_unsupported_graph_preserve_publication) (case='extra function', compiler='nano_virt')
----------------------------------------------------------------------
Traceback (most recent call last):
  File "/home/jkh/Src/nanolang-checked-owner-dependency-selection/tests/test_source_borrow_emission.py", line 1028, in test_false_shadow_and_unsupported_graph_preserve_publication
    result = subprocess.run([ROOT / 'bin' / compiler, source, '--emit-nvm', '-o', output],
                            cwd=ROOT, capture_output=True, text=True, timeout=120)
  File "/home/linuxbrew/.linuxbrew/Cellar/python@3.14/3.14.5/lib/python3.14/subprocess.py", line 555, in run
    with Popen(*popenargs, **kwargs) as process:
         ~~~~~^^^^^^^^^^^^^^^^^^^^^^
  File "/home/linuxbrew/.linuxbrew/Cellar/python@3.14/3.14.5/lib/python3.14/subprocess.py", line 1039, in __init__
    self._execute_child(args, executable, preexec_fn, close_fds,
    ~~~~~~~~~~~~~~~~~~~^^^^^^^^^^^^^^^^^^^^^^^^^^^^^^^^^^^^^^^^^
                        pass_fds, cwd, env,
                        ^^^^^^^^^^^^^^^^^^^
    ...<5 lines>...
                        gid, gids, uid, umask,
                        ^^^^^^^^^^^^^^^^^^^^^^
                        start_new_session, process_group)
                        ^^^^^^^^^^^^^^^^^^^^^^^^^^^^^^^^^
  File "/home/linuxbrew/.linuxbrew/Cellar/python@3.14/3.14.5/lib/python3.14/subprocess.py", line 1990, in _execute_child
    raise child_exception_type(errno_num, err_msg, err_filename)
FileNotFoundError: [Errno 2] No such file or directory: PosixPath('/home/jkh/Src/nanolang-checked-owner-dependency-selection/bin/nano_virt')

======================================================================
ERROR: test_false_shadow_and_unsupported_graph_preserve_publication (tests.test_source_borrow_emission.SourceBorrowEmission.test_false_shadow_and_unsupported_graph_preserve_publication) (case='loop resource declaration', compiler='nano_virt')
----------------------------------------------------------------------
Traceback (most recent call last):
  File "/home/jkh/Src/nanolang-checked-owner-dependency-selection/tests/test_source_borrow_emission.py", line 1028, in test_false_shadow_and_unsupported_graph_preserve_publication
    result = subprocess.run([ROOT / 'bin' / compiler, source, '--emit-nvm', '-o', output],
                            cwd=ROOT, capture_output=True, text=True, timeout=120)
  File "/home/linuxbrew/.linuxbrew/Cellar/python@3.14/3.14.5/lib/python3.14/subprocess.py", line 555, in run
    with Popen(*popenargs, **kwargs) as process:
         ~~~~~^^^^^^^^^^^^^^^^^^^^^^
  File "/home/linuxbrew/.linuxbrew/Cellar/python@3.14/3.14.5/lib/python3.14/subprocess.py", line 1039, in __init__
    self._execute_child(args, executable, preexec_fn, close_fds,
    ~~~~~~~~~~~~~~~~~~~^^^^^^^^^^^^^^^^^^^^^^^^^^^^^^^^^^^^^^^^^
                        pass_fds, cwd, env,
                        ^^^^^^^^^^^^^^^^^^^
    ...<5 lines>...
                        gid, gids, uid, umask,
                        ^^^^^^^^^^^^^^^^^^^^^^
                        start_new_session, process_group)
                        ^^^^^^^^^^^^^^^^^^^^^^^^^^^^^^^^^
  File "/home/linuxbrew/.linuxbrew/Cellar/python@3.14/3.14.5/lib/python3.14/subprocess.py", line 1990, in _execute_child
    raise child_exception_type(errno_num, err_msg, err_filename)
FileNotFoundError: [Errno 2] No such file or directory: PosixPath('/home/jkh/Src/nanolang-checked-owner-dependency-selection/bin/nano_virt')

======================================================================
ERROR: test_false_shadow_and_unsupported_graph_preserve_publication (tests.test_source_borrow_emission.SourceBorrowEmission.test_false_shadow_and_unsupported_graph_preserve_publication) (case='heap field', compiler='nano_virt')
----------------------------------------------------------------------
Traceback (most recent call last):
  File "/home/jkh/Src/nanolang-checked-owner-dependency-selection/tests/test_source_borrow_emission.py", line 1028, in test_false_shadow_and_unsupported_graph_preserve_publication
    result = subprocess.run([ROOT / 'bin' / compiler, source, '--emit-nvm', '-o', output],
                            cwd=ROOT, capture_output=True, text=True, timeout=120)
  File "/home/linuxbrew/.linuxbrew/Cellar/python@3.14/3.14.5/lib/python3.14/subprocess.py", line 555, in run
    with Popen(*popenargs, **kwargs) as process:
         ~~~~~^^^^^^^^^^^^^^^^^^^^^^
  File "/home/linuxbrew/.linuxbrew/Cellar/python@3.14/3.14.5/lib/python3.14/subprocess.py", line 1039, in __init__
    self._execute_child(args, executable, preexec_fn, close_fds,
    ~~~~~~~~~~~~~~~~~~~^^^^^^^^^^^^^^^^^^^^^^^^^^^^^^^^^^^^^^^^^
                        pass_fds, cwd, env,
                        ^^^^^^^^^^^^^^^^^^^
    ...<5 lines>...
                        gid, gids, uid, umask,
                        ^^^^^^^^^^^^^^^^^^^^^^
                        start_new_session, process_group)
                        ^^^^^^^^^^^^^^^^^^^^^^^^^^^^^^^^^
  File "/home/linuxbrew/.linuxbrew/Cellar/python@3.14/3.14.5/lib/python3.14/subprocess.py", line 1990, in _execute_child
    raise child_exception_type(errno_num, err_msg, err_filename)
FileNotFoundError: [Errno 2] No such file or directory: PosixPath('/home/jkh/Src/nanolang-checked-owner-dependency-selection/bin/nano_virt')

======================================================================
ERROR: test_false_shadow_and_unsupported_graph_preserve_publication (tests.test_source_borrow_emission.SourceBorrowEmission.test_false_shadow_and_unsupported_graph_preserve_publication) (case='wrong nominal', compiler='nano_virt')
----------------------------------------------------------------------
Traceback (most recent call last):
  File "/home/jkh/Src/nanolang-checked-owner-dependency-selection/tests/test_source_borrow_emission.py", line 1028, in test_false_shadow_and_unsupported_graph_preserve_publication
    result = subprocess.run([ROOT / 'bin' / compiler, source, '--emit-nvm', '-o', output],
                            cwd=ROOT, capture_output=True, text=True, timeout=120)
  File "/home/linuxbrew/.linuxbrew/Cellar/python@3.14/3.14.5/lib/python3.14/subprocess.py", line 555, in run
    with Popen(*popenargs, **kwargs) as process:
         ~~~~~^^^^^^^^^^^^^^^^^^^^^^
  File "/home/linuxbrew/.linuxbrew/Cellar/python@3.14/3.14.5/lib/python3.14/subprocess.py", line 1039, in __init__
    self._execute_child(args, executable, preexec_fn, close_fds,
    ~~~~~~~~~~~~~~~~~~~^^^^^^^^^^^^^^^^^^^^^^^^^^^^^^^^^^^^^^^^^
                        pass_fds, cwd, env,
                        ^^^^^^^^^^^^^^^^^^^
    ...<5 lines>...
                        gid, gids, uid, umask,
                        ^^^^^^^^^^^^^^^^^^^^^^
                        start_new_session, process_group)
                        ^^^^^^^^^^^^^^^^^^^^^^^^^^^^^^^^^
  File "/home/linuxbrew/.linuxbrew/Cellar/python@3.14/3.14.5/lib/python3.14/subprocess.py", line 1990, in _execute_child
    raise child_exception_type(errno_num, err_msg, err_filename)
FileNotFoundError: [Errno 2] No such file or directory: PosixPath('/home/jkh/Src/nanolang-checked-owner-dependency-selection/bin/nano_virt')

======================================================================
ERROR: test_helper_owned_locals_preserve_formals_and_shadows (tests.test_source_borrow_emission.SourceBorrowEmission.test_helper_owned_locals_preserve_formals_and_shadows)
----------------------------------------------------------------------
Traceback (most recent call last):
  File "/home/jkh/Src/nanolang-checked-owner-dependency-selection/tests/test_source_borrow_emission.py", line 745, in test_helper_owned_locals_preserve_formals_and_shadows
    self.command(ROOT / 'bin' / compiler, source, '--emit-nvm', '-o', module)
    ~~~~~~~~~~~~^^^^^^^^^^^^^^^^^^^^^^^^^^^^^^^^^^^^^^^^^^^^^^^^^^^^^^^^^^^^^
  File "/home/jkh/Src/nanolang-checked-owner-dependency-selection/tests/test_source_borrow_emission.py", line 36, in command
    result = subprocess.run([str(arg) for arg in args], cwd=ROOT, capture_output=True,
                            text=True, timeout=timeout)
  File "/home/linuxbrew/.linuxbrew/Cellar/python@3.14/3.14.5/lib/python3.14/subprocess.py", line 555, in run
    with Popen(*popenargs, **kwargs) as process:
         ~~~~~^^^^^^^^^^^^^^^^^^^^^^
  File "/home/linuxbrew/.linuxbrew/Cellar/python@3.14/3.14.5/lib/python3.14/subprocess.py", line 1039, in __init__
    self._execute_child(args, executable, preexec_fn, close_fds,
    ~~~~~~~~~~~~~~~~~~~^^^^^^^^^^^^^^^^^^^^^^^^^^^^^^^^^^^^^^^^^
                        pass_fds, cwd, env,
                        ^^^^^^^^^^^^^^^^^^^
    ...<5 lines>...
                        gid, gids, uid, umask,
                        ^^^^^^^^^^^^^^^^^^^^^^
                        start_new_session, process_group)
                        ^^^^^^^^^^^^^^^^^^^^^^^^^^^^^^^^^
  File "/home/linuxbrew/.linuxbrew/Cellar/python@3.14/3.14.5/lib/python3.14/subprocess.py", line 1990, in _execute_child
    raise child_exception_type(errno_num, err_msg, err_filename)
FileNotFoundError: [Errno 2] No such file or directory: '/home/jkh/Src/nanolang-checked-owner-dependency-selection/bin/nano_virt'

======================================================================
ERROR: test_helper_owner_refusals_preserve_publication (tests.test_source_borrow_emission.SourceBorrowEmission.test_helper_owner_refusals_preserve_publication)
----------------------------------------------------------------------
Traceback (most recent call last):
  File "/home/jkh/Src/nanolang-checked-owner-dependency-selection/tests/test_source_borrow_emission.py", line 794, in test_helper_owner_refusals_preserve_publication
    result = subprocess.run([*args, '-o', output], cwd=ROOT, capture_output=True, text=True, timeout=60)
  File "/home/linuxbrew/.linuxbrew/Cellar/python@3.14/3.14.5/lib/python3.14/subprocess.py", line 555, in run
    with Popen(*popenargs, **kwargs) as process:
         ~~~~~^^^^^^^^^^^^^^^^^^^^^^
  File "/home/linuxbrew/.linuxbrew/Cellar/python@3.14/3.14.5/lib/python3.14/subprocess.py", line 1039, in __init__
    self._execute_child(args, executable, preexec_fn, close_fds,
    ~~~~~~~~~~~~~~~~~~~^^^^^^^^^^^^^^^^^^^^^^^^^^^^^^^^^^^^^^^^^
                        pass_fds, cwd, env,
                        ^^^^^^^^^^^^^^^^^^^
    ...<5 lines>...
                        gid, gids, uid, umask,
                        ^^^^^^^^^^^^^^^^^^^^^^
                        start_new_session, process_group)
                        ^^^^^^^^^^^^^^^^^^^^^^^^^^^^^^^^^
  File "/home/linuxbrew/.linuxbrew/Cellar/python@3.14/3.14.5/lib/python3.14/subprocess.py", line 1990, in _execute_child
    raise child_exception_type(errno_num, err_msg, err_filename)
FileNotFoundError: [Errno 2] No such file or directory: PosixPath('/home/jkh/Src/nanolang-checked-owner-dependency-selection/bin/nano_virt')

======================================================================
ERROR: test_inline_owner_wrappers_refuse_without_ordinary_fallback (tests.test_source_borrow_emission.SourceBorrowEmission.test_inline_owner_wrappers_refuse_without_ordinary_fallback) (case='tuple', compiler=PosixPath('/home/jkh/Src/nanolang-checked-owner-dependency-selection/bin/nano_virt'))
----------------------------------------------------------------------
Traceback (most recent call last):
  File "/home/jkh/Src/nanolang-checked-owner-dependency-selection/tests/test_source_borrow_emission.py", line 1298, in test_inline_owner_wrappers_refuse_without_ordinary_fallback
    result = subprocess.run([*args, '-o', output], cwd=ROOT, capture_output=True, text=True, timeout=180)
  File "/home/linuxbrew/.linuxbrew/Cellar/python@3.14/3.14.5/lib/python3.14/subprocess.py", line 555, in run
    with Popen(*popenargs, **kwargs) as process:
         ~~~~~^^^^^^^^^^^^^^^^^^^^^^
  File "/home/linuxbrew/.linuxbrew/Cellar/python@3.14/3.14.5/lib/python3.14/subprocess.py", line 1039, in __init__
    self._execute_child(args, executable, preexec_fn, close_fds,
    ~~~~~~~~~~~~~~~~~~~^^^^^^^^^^^^^^^^^^^^^^^^^^^^^^^^^^^^^^^^^
                        pass_fds, cwd, env,
                        ^^^^^^^^^^^^^^^^^^^
    ...<5 lines>...
                        gid, gids, uid, umask,
                        ^^^^^^^^^^^^^^^^^^^^^^
                        start_new_session, process_group)
                        ^^^^^^^^^^^^^^^^^^^^^^^^^^^^^^^^^
  File "/home/linuxbrew/.linuxbrew/Cellar/python@3.14/3.14.5/lib/python3.14/subprocess.py", line 1990, in _execute_child
    raise child_exception_type(errno_num, err_msg, err_filename)
FileNotFoundError: [Errno 2] No such file or directory: PosixPath('/home/jkh/Src/nanolang-checked-owner-dependency-selection/bin/nano_virt')

======================================================================
ERROR: test_inline_owner_wrappers_refuse_without_ordinary_fallback (tests.test_source_borrow_emission.SourceBorrowEmission.test_inline_owner_wrappers_refuse_without_ordinary_fallback) (case='tuple', compiler=PosixPath('/home/jkh/Src/nanolang-checked-owner-dependency-selection/bin/nanoisa_emit'))
----------------------------------------------------------------------
Traceback (most recent call last):
  File "/home/jkh/Src/nanolang-checked-owner-dependency-selection/tests/test_source_borrow_emission.py", line 1298, in test_inline_owner_wrappers_refuse_without_ordinary_fallback
    result = subprocess.run([*args, '-o', output], cwd=ROOT, capture_output=True, text=True, timeout=180)
  File "/home/linuxbrew/.linuxbrew/Cellar/python@3.14/3.14.5/lib/python3.14/subprocess.py", line 555, in run
    with Popen(*popenargs, **kwargs) as process:
         ~~~~~^^^^^^^^^^^^^^^^^^^^^^
  File "/home/linuxbrew/.linuxbrew/Cellar/python@3.14/3.14.5/lib/python3.14/subprocess.py", line 1039, in __init__
    self._execute_child(args, executable, preexec_fn, close_fds,
    ~~~~~~~~~~~~~~~~~~~^^^^^^^^^^^^^^^^^^^^^^^^^^^^^^^^^^^^^^^^^
                        pass_fds, cwd, env,
                        ^^^^^^^^^^^^^^^^^^^
    ...<5 lines>...
                        gid, gids, uid, umask,
                        ^^^^^^^^^^^^^^^^^^^^^^
                        start_new_session, process_group)
                        ^^^^^^^^^^^^^^^^^^^^^^^^^^^^^^^^^
  File "/home/linuxbrew/.linuxbrew/Cellar/python@3.14/3.14.5/lib/python3.14/subprocess.py", line 1990, in _execute_child
    raise child_exception_type(errno_num, err_msg, err_filename)
FileNotFoundError: [Errno 2] No such file or directory: PosixPath('/home/jkh/Src/nanolang-checked-owner-dependency-selection/bin/nanoisa_emit')

======================================================================
ERROR: test_inline_owner_wrappers_refuse_without_ordinary_fallback (tests.test_source_borrow_emission.SourceBorrowEmission.test_inline_owner_wrappers_refuse_without_ordinary_fallback) (case='array', compiler=PosixPath('/home/jkh/Src/nanolang-checked-owner-dependency-selection/bin/nano_virt'))
----------------------------------------------------------------------
Traceback (most recent call last):
  File "/home/jkh/Src/nanolang-checked-owner-dependency-selection/tests/test_source_borrow_emission.py", line 1298, in test_inline_owner_wrappers_refuse_without_ordinary_fallback
    result = subprocess.run([*args, '-o', output], cwd=ROOT, capture_output=True, text=True, timeout=180)
  File "/home/linuxbrew/.linuxbrew/Cellar/python@3.14/3.14.5/lib/python3.14/subprocess.py", line 555, in run
    with Popen(*popenargs, **kwargs) as process:
         ~~~~~^^^^^^^^^^^^^^^^^^^^^^
  File "/home/linuxbrew/.linuxbrew/Cellar/python@3.14/3.14.5/lib/python3.14/subprocess.py", line 1039, in __init__
    self._execute_child(args, executable, preexec_fn, close_fds,
    ~~~~~~~~~~~~~~~~~~~^^^^^^^^^^^^^^^^^^^^^^^^^^^^^^^^^^^^^^^^^
                        pass_fds, cwd, env,
                        ^^^^^^^^^^^^^^^^^^^
    ...<5 lines>...
                        gid, gids, uid, umask,
                        ^^^^^^^^^^^^^^^^^^^^^^
                        start_new_session, process_group)
                        ^^^^^^^^^^^^^^^^^^^^^^^^^^^^^^^^^
  File "/home/linuxbrew/.linuxbrew/Cellar/python@3.14/3.14.5/lib/python3.14/subprocess.py", line 1990, in _execute_child
    raise child_exception_type(errno_num, err_msg, err_filename)
FileNotFoundError: [Errno 2] No such file or directory: PosixPath('/home/jkh/Src/nanolang-checked-owner-dependency-selection/bin/nano_virt')

======================================================================
ERROR: test_inline_owner_wrappers_refuse_without_ordinary_fallback (tests.test_source_borrow_emission.SourceBorrowEmission.test_inline_owner_wrappers_refuse_without_ordinary_fallback) (case='array', compiler=PosixPath('/home/jkh/Src/nanolang-checked-owner-dependency-selection/bin/nanoisa_emit'))
----------------------------------------------------------------------
Traceback (most recent call last):
  File "/home/jkh/Src/nanolang-checked-owner-dependency-selection/tests/test_source_borrow_emission.py", line 1298, in test_inline_owner_wrappers_refuse_without_ordinary_fallback
    result = subprocess.run([*args, '-o', output], cwd=ROOT, capture_output=True, text=True, timeout=180)
  File "/home/linuxbrew/.linuxbrew/Cellar/python@3.14/3.14.5/lib/python3.14/subprocess.py", line 555, in run
    with Popen(*popenargs, **kwargs) as process:
         ~~~~~^^^^^^^^^^^^^^^^^^^^^^
  File "/home/linuxbrew/.linuxbrew/Cellar/python@3.14/3.14.5/lib/python3.14/subprocess.py", line 1039, in __init__
    self._execute_child(args, executable, preexec_fn, close_fds,
    ~~~~~~~~~~~~~~~~~~~^^^^^^^^^^^^^^^^^^^^^^^^^^^^^^^^^^^^^^^^^
                        pass_fds, cwd, env,
                        ^^^^^^^^^^^^^^^^^^^
    ...<5 lines>...
                        gid, gids, uid, umask,
                        ^^^^^^^^^^^^^^^^^^^^^^
                        start_new_session, process_group)
                        ^^^^^^^^^^^^^^^^^^^^^^^^^^^^^^^^^
  File "/home/linuxbrew/.linuxbrew/Cellar/python@3.14/3.14.5/lib/python3.14/subprocess.py", line 1990, in _execute_child
    raise child_exception_type(errno_num, err_msg, err_filename)
FileNotFoundError: [Errno 2] No such file or directory: PosixPath('/home/jkh/Src/nanolang-checked-owner-dependency-selection/bin/nanoisa_emit')

======================================================================
ERROR: test_inline_owner_wrappers_refuse_without_ordinary_fallback (tests.test_source_borrow_emission.SourceBorrowEmission.test_inline_owner_wrappers_refuse_without_ordinary_fallback) (case='field', compiler=PosixPath('/home/jkh/Src/nanolang-checked-owner-dependency-selection/bin/nano_virt'))
----------------------------------------------------------------------
Traceback (most recent call last):
  File "/home/jkh/Src/nanolang-checked-owner-dependency-selection/tests/test_source_borrow_emission.py", line 1298, in test_inline_owner_wrappers_refuse_without_ordinary_fallback
    result = subprocess.run([*args, '-o', output], cwd=ROOT, capture_output=True, text=True, timeout=180)
  File "/home/linuxbrew/.linuxbrew/Cellar/python@3.14/3.14.5/lib/python3.14/subprocess.py", line 555, in run
    with Popen(*popenargs, **kwargs) as process:
         ~~~~~^^^^^^^^^^^^^^^^^^^^^^
  File "/home/linuxbrew/.linuxbrew/Cellar/python@3.14/3.14.5/lib/python3.14/subprocess.py", line 1039, in __init__
    self._execute_child(args, executable, preexec_fn, close_fds,
    ~~~~~~~~~~~~~~~~~~~^^^^^^^^^^^^^^^^^^^^^^^^^^^^^^^^^^^^^^^^^
                        pass_fds, cwd, env,
                        ^^^^^^^^^^^^^^^^^^^
    ...<5 lines>...
                        gid, gids, uid, umask,
                        ^^^^^^^^^^^^^^^^^^^^^^
                        start_new_session, process_group)
                        ^^^^^^^^^^^^^^^^^^^^^^^^^^^^^^^^^
  File "/home/linuxbrew/.linuxbrew/Cellar/python@3.14/3.14.5/lib/python3.14/subprocess.py", line 1990, in _execute_child
    raise child_exception_type(errno_num, err_msg, err_filename)
FileNotFoundError: [Errno 2] No such file or directory: PosixPath('/home/jkh/Src/nanolang-checked-owner-dependency-selection/bin/nano_virt')

======================================================================
ERROR: test_inline_owner_wrappers_refuse_without_ordinary_fallback (tests.test_source_borrow_emission.SourceBorrowEmission.test_inline_owner_wrappers_refuse_without_ordinary_fallback) (case='field', compiler=PosixPath('/home/jkh/Src/nanolang-checked-owner-dependency-selection/bin/nanoisa_emit'))
----------------------------------------------------------------------
Traceback (most recent call last):
  File "/home/jkh/Src/nanolang-checked-owner-dependency-selection/tests/test_source_borrow_emission.py", line 1298, in test_inline_owner_wrappers_refuse_without_ordinary_fallback
    result = subprocess.run([*args, '-o', output], cwd=ROOT, capture_output=True, text=True, timeout=180)
  File "/home/linuxbrew/.linuxbrew/Cellar/python@3.14/3.14.5/lib/python3.14/subprocess.py", line 555, in run
    with Popen(*popenargs, **kwargs) as process:
         ~~~~~^^^^^^^^^^^^^^^^^^^^^^
  File "/home/linuxbrew/.linuxbrew/Cellar/python@3.14/3.14.5/lib/python3.14/subprocess.py", line 1039, in __init__
    self._execute_child(args, executable, preexec_fn, close_fds,
    ~~~~~~~~~~~~~~~~~~~^^^^^^^^^^^^^^^^^^^^^^^^^^^^^^^^^^^^^^^^^
                        pass_fds, cwd, env,
                        ^^^^^^^^^^^^^^^^^^^
    ...<5 lines>...
                        gid, gids, uid, umask,
                        ^^^^^^^^^^^^^^^^^^^^^^
                        start_new_session, process_group)
                        ^^^^^^^^^^^^^^^^^^^^^^^^^^^^^^^^^
  File "/home/linuxbrew/.linuxbrew/Cellar/python@3.14/3.14.5/lib/python3.14/subprocess.py", line 1990, in _execute_child
    raise child_exception_type(errno_num, err_msg, err_filename)
FileNotFoundError: [Errno 2] No such file or directory: PosixPath('/home/jkh/Src/nanolang-checked-owner-dependency-selection/bin/nanoisa_emit')

======================================================================
ERROR: test_inline_owner_wrappers_refuse_without_ordinary_fallback (tests.test_source_borrow_emission.SourceBorrowEmission.test_inline_owner_wrappers_refuse_without_ordinary_fallback) (case='call', compiler=PosixPath('/home/jkh/Src/nanolang-checked-owner-dependency-selection/bin/nano_virt'))
----------------------------------------------------------------------
Traceback (most recent call last):
  File "/home/jkh/Src/nanolang-checked-owner-dependency-selection/tests/test_source_borrow_emission.py", line 1298, in test_inline_owner_wrappers_refuse_without_ordinary_fallback
    result = subprocess.run([*args, '-o', output], cwd=ROOT, capture_output=True, text=True, timeout=180)
  File "/home/linuxbrew/.linuxbrew/Cellar/python@3.14/3.14.5/lib/python3.14/subprocess.py", line 555, in run
    with Popen(*popenargs, **kwargs) as process:
         ~~~~~^^^^^^^^^^^^^^^^^^^^^^
  File "/home/linuxbrew/.linuxbrew/Cellar/python@3.14/3.14.5/lib/python3.14/subprocess.py", line 1039, in __init__
    self._execute_child(args, executable, preexec_fn, close_fds,
    ~~~~~~~~~~~~~~~~~~~^^^^^^^^^^^^^^^^^^^^^^^^^^^^^^^^^^^^^^^^^
                        pass_fds, cwd, env,
                        ^^^^^^^^^^^^^^^^^^^
    ...<5 lines>...
                        gid, gids, uid, umask,
                        ^^^^^^^^^^^^^^^^^^^^^^
                        start_new_session, process_group)
                        ^^^^^^^^^^^^^^^^^^^^^^^^^^^^^^^^^
  File "/home/linuxbrew/.linuxbrew/Cellar/python@3.14/3.14.5/lib/python3.14/subprocess.py", line 1990, in _execute_child
    raise child_exception_type(errno_num, err_msg, err_filename)
FileNotFoundError: [Errno 2] No such file or directory: PosixPath('/home/jkh/Src/nanolang-checked-owner-dependency-selection/bin/nano_virt')

======================================================================
ERROR: test_inline_owner_wrappers_refuse_without_ordinary_fallback (tests.test_source_borrow_emission.SourceBorrowEmission.test_inline_owner_wrappers_refuse_without_ordinary_fallback) (case='call', compiler=PosixPath('/home/jkh/Src/nanolang-checked-owner-dependency-selection/bin/nanoisa_emit'))
----------------------------------------------------------------------
Traceback (most recent call last):
  File "/home/jkh/Src/nanolang-checked-owner-dependency-selection/tests/test_source_borrow_emission.py", line 1298, in test_inline_owner_wrappers_refuse_without_ordinary_fallback
    result = subprocess.run([*args, '-o', output], cwd=ROOT, capture_output=True, text=True, timeout=180)
  File "/home/linuxbrew/.linuxbrew/Cellar/python@3.14/3.14.5/lib/python3.14/subprocess.py", line 555, in run
    with Popen(*popenargs, **kwargs) as process:
         ~~~~~^^^^^^^^^^^^^^^^^^^^^^
  File "/home/linuxbrew/.linuxbrew/Cellar/python@3.14/3.14.5/lib/python3.14/subprocess.py", line 1039, in __init__
    self._execute_child(args, executable, preexec_fn, close_fds,
    ~~~~~~~~~~~~~~~~~~~^^^^^^^^^^^^^^^^^^^^^^^^^^^^^^^^^^^^^^^^^
                        pass_fds, cwd, env,
                        ^^^^^^^^^^^^^^^^^^^
    ...<5 lines>...
                        gid, gids, uid, umask,
                        ^^^^^^^^^^^^^^^^^^^^^^
                        start_new_session, process_group)
                        ^^^^^^^^^^^^^^^^^^^^^^^^^^^^^^^^^
  File "/home/linuxbrew/.linuxbrew/Cellar/python@3.14/3.14.5/lib/python3.14/subprocess.py", line 1990, in _execute_child
    raise child_exception_type(errno_num, err_msg, err_filename)
FileNotFoundError: [Errno 2] No such file or directory: PosixPath('/home/jkh/Src/nanolang-checked-owner-dependency-selection/bin/nanoisa_emit')

======================================================================
ERROR: test_inline_owner_wrappers_refuse_without_ordinary_fallback (tests.test_source_borrow_emission.SourceBorrowEmission.test_inline_owner_wrappers_refuse_without_ordinary_fallback) (case='set', compiler=PosixPath('/home/jkh/Src/nanolang-checked-owner-dependency-selection/bin/nano_virt'))
----------------------------------------------------------------------
Traceback (most recent call last):
  File "/home/jkh/Src/nanolang-checked-owner-dependency-selection/tests/test_source_borrow_emission.py", line 1298, in test_inline_owner_wrappers_refuse_without_ordinary_fallback
    result = subprocess.run([*args, '-o', output], cwd=ROOT, capture_output=True, text=True, timeout=180)
  File "/home/linuxbrew/.linuxbrew/Cellar/python@3.14/3.14.5/lib/python3.14/subprocess.py", line 555, in run
    with Popen(*popenargs, **kwargs) as process:
         ~~~~~^^^^^^^^^^^^^^^^^^^^^^
  File "/home/linuxbrew/.linuxbrew/Cellar/python@3.14/3.14.5/lib/python3.14/subprocess.py", line 1039, in __init__
    self._execute_child(args, executable, preexec_fn, close_fds,
    ~~~~~~~~~~~~~~~~~~~^^^^^^^^^^^^^^^^^^^^^^^^^^^^^^^^^^^^^^^^^
                        pass_fds, cwd, env,
                        ^^^^^^^^^^^^^^^^^^^
    ...<5 lines>...
                        gid, gids, uid, umask,
                        ^^^^^^^^^^^^^^^^^^^^^^
                        start_new_session, process_group)
                        ^^^^^^^^^^^^^^^^^^^^^^^^^^^^^^^^^
  File "/home/linuxbrew/.linuxbrew/Cellar/python@3.14/3.14.5/lib/python3.14/subprocess.py", line 1990, in _execute_child
    raise child_exception_type(errno_num, err_msg, err_filename)
FileNotFoundError: [Errno 2] No such file or directory: PosixPath('/home/jkh/Src/nanolang-checked-owner-dependency-selection/bin/nano_virt')

======================================================================
ERROR: test_inline_owner_wrappers_refuse_without_ordinary_fallback (tests.test_source_borrow_emission.SourceBorrowEmission.test_inline_owner_wrappers_refuse_without_ordinary_fallback) (case='set', compiler=PosixPath('/home/jkh/Src/nanolang-checked-owner-dependency-selection/bin/nanoisa_emit'))
----------------------------------------------------------------------
Traceback (most recent call last):
  File "/home/jkh/Src/nanolang-checked-owner-dependency-selection/tests/test_source_borrow_emission.py", line 1298, in test_inline_owner_wrappers_refuse_without_ordinary_fallback
    result = subprocess.run([*args, '-o', output], cwd=ROOT, capture_output=True, text=True, timeout=180)
  File "/home/linuxbrew/.linuxbrew/Cellar/python@3.14/3.14.5/lib/python3.14/subprocess.py", line 555, in run
    with Popen(*popenargs, **kwargs) as process:
         ~~~~~^^^^^^^^^^^^^^^^^^^^^^
  File "/home/linuxbrew/.linuxbrew/Cellar/python@3.14/3.14.5/lib/python3.14/subprocess.py", line 1039, in __init__
    self._execute_child(args, executable, preexec_fn, close_fds,
    ~~~~~~~~~~~~~~~~~~~^^^^^^^^^^^^^^^^^^^^^^^^^^^^^^^^^^^^^^^^^
                        pass_fds, cwd, env,
                        ^^^^^^^^^^^^^^^^^^^
    ...<5 lines>...
                        gid, gids, uid, umask,
                        ^^^^^^^^^^^^^^^^^^^^^^
                        start_new_session, process_group)
                        ^^^^^^^^^^^^^^^^^^^^^^^^^^^^^^^^^
  File "/home/linuxbrew/.linuxbrew/Cellar/python@3.14/3.14.5/lib/python3.14/subprocess.py", line 1990, in _execute_child
    raise child_exception_type(errno_num, err_msg, err_filename)
FileNotFoundError: [Errno 2] No such file or directory: PosixPath('/home/jkh/Src/nanolang-checked-owner-dependency-selection/bin/nanoisa_emit')

======================================================================
ERROR: test_lexical_scalar_visibility_refusals (tests.test_source_borrow_emission.SourceBorrowEmission.test_lexical_scalar_visibility_refusals)
----------------------------------------------------------------------
Traceback (most recent call last):
  File "/home/jkh/Src/nanolang-checked-owner-dependency-selection/tests/test_source_borrow_emission.py", line 696, in test_lexical_scalar_visibility_refusals
    result = subprocess.run([*args, '-o', output], cwd=ROOT, capture_output=True, text=True, timeout=60)
  File "/home/linuxbrew/.linuxbrew/Cellar/python@3.14/3.14.5/lib/python3.14/subprocess.py", line 555, in run
    with Popen(*popenargs, **kwargs) as process:
         ~~~~~^^^^^^^^^^^^^^^^^^^^^^
  File "/home/linuxbrew/.linuxbrew/Cellar/python@3.14/3.14.5/lib/python3.14/subprocess.py", line 1039, in __init__
    self._execute_child(args, executable, preexec_fn, close_fds,
    ~~~~~~~~~~~~~~~~~~~^^^^^^^^^^^^^^^^^^^^^^^^^^^^^^^^^^^^^^^^^
                        pass_fds, cwd, env,
                        ^^^^^^^^^^^^^^^^^^^
    ...<5 lines>...
                        gid, gids, uid, umask,
                        ^^^^^^^^^^^^^^^^^^^^^^
                        start_new_session, process_group)
                        ^^^^^^^^^^^^^^^^^^^^^^^^^^^^^^^^^
  File "/home/linuxbrew/.linuxbrew/Cellar/python@3.14/3.14.5/lib/python3.14/subprocess.py", line 1990, in _execute_child
    raise child_exception_type(errno_num, err_msg, err_filename)
FileNotFoundError: [Errno 2] No such file or directory: PosixPath('/home/jkh/Src/nanolang-checked-owner-dependency-selection/bin/nano_virt')

======================================================================
ERROR: test_lexical_scalars_restore_outer_bindings_and_names (tests.test_source_borrow_emission.SourceBorrowEmission.test_lexical_scalars_restore_outer_bindings_and_names)
----------------------------------------------------------------------
Traceback (most recent call last):
  File "/home/jkh/Src/nanolang-checked-owner-dependency-selection/tests/test_source_borrow_emission.py", line 564, in test_lexical_scalars_restore_outer_bindings_and_names
    self.command(ROOT / 'bin/nano_virt', source, '--emit-nvm', '--strip-debug', '-o', seed)
    ~~~~~~~~~~~~^^^^^^^^^^^^^^^^^^^^^^^^^^^^^^^^^^^^^^^^^^^^^^^^^^^^^^^^^^^^^^^^^^^^^^^^^^^
  File "/home/jkh/Src/nanolang-checked-owner-dependency-selection/tests/test_source_borrow_emission.py", line 36, in command
    result = subprocess.run([str(arg) for arg in args], cwd=ROOT, capture_output=True,
                            text=True, timeout=timeout)
  File "/home/linuxbrew/.linuxbrew/Cellar/python@3.14/3.14.5/lib/python3.14/subprocess.py", line 555, in run
    with Popen(*popenargs, **kwargs) as process:
         ~~~~~^^^^^^^^^^^^^^^^^^^^^^
  File "/home/linuxbrew/.linuxbrew/Cellar/python@3.14/3.14.5/lib/python3.14/subprocess.py", line 1039, in __init__
    self._execute_child(args, executable, preexec_fn, close_fds,
    ~~~~~~~~~~~~~~~~~~~^^^^^^^^^^^^^^^^^^^^^^^^^^^^^^^^^^^^^^^^^
                        pass_fds, cwd, env,
                        ^^^^^^^^^^^^^^^^^^^
    ...<5 lines>...
                        gid, gids, uid, umask,
                        ^^^^^^^^^^^^^^^^^^^^^^
                        start_new_session, process_group)
                        ^^^^^^^^^^^^^^^^^^^^^^^^^^^^^^^^^
  File "/home/linuxbrew/.linuxbrew/Cellar/python@3.14/3.14.5/lib/python3.14/subprocess.py", line 1990, in _execute_child
    raise child_exception_type(errno_num, err_msg, err_filename)
FileNotFoundError: [Errno 2] No such file or directory: '/home/jkh/Src/nanolang-checked-owner-dependency-selection/bin/nano_virt'

======================================================================
ERROR: test_loop_exits_preserve_exact_owners_and_innermost_targets (tests.test_source_borrow_emission.SourceBorrowEmission.test_loop_exits_preserve_exact_owners_and_innermost_targets)
----------------------------------------------------------------------
Traceback (most recent call last):
  File "/home/jkh/Src/nanolang-checked-owner-dependency-selection/tests/test_source_borrow_emission.py", line 325, in test_loop_exits_preserve_exact_owners_and_innermost_targets
    self.command(ROOT / 'bin/nano_virt', source, '--emit-nvm', '--strip-debug', '-o', seed)
    ~~~~~~~~~~~~^^^^^^^^^^^^^^^^^^^^^^^^^^^^^^^^^^^^^^^^^^^^^^^^^^^^^^^^^^^^^^^^^^^^^^^^^^^
  File "/home/jkh/Src/nanolang-checked-owner-dependency-selection/tests/test_source_borrow_emission.py", line 36, in command
    result = subprocess.run([str(arg) for arg in args], cwd=ROOT, capture_output=True,
                            text=True, timeout=timeout)
  File "/home/linuxbrew/.linuxbrew/Cellar/python@3.14/3.14.5/lib/python3.14/subprocess.py", line 555, in run
    with Popen(*popenargs, **kwargs) as process:
         ~~~~~^^^^^^^^^^^^^^^^^^^^^^
  File "/home/linuxbrew/.linuxbrew/Cellar/python@3.14/3.14.5/lib/python3.14/subprocess.py", line 1039, in __init__
    self._execute_child(args, executable, preexec_fn, close_fds,
    ~~~~~~~~~~~~~~~~~~~^^^^^^^^^^^^^^^^^^^^^^^^^^^^^^^^^^^^^^^^^
                        pass_fds, cwd, env,
                        ^^^^^^^^^^^^^^^^^^^
    ...<5 lines>...
                        gid, gids, uid, umask,
                        ^^^^^^^^^^^^^^^^^^^^^^
                        start_new_session, process_group)
                        ^^^^^^^^^^^^^^^^^^^^^^^^^^^^^^^^^
  File "/home/linuxbrew/.linuxbrew/Cellar/python@3.14/3.14.5/lib/python3.14/subprocess.py", line 1990, in _execute_child
    raise child_exception_type(errno_num, err_msg, err_filename)
FileNotFoundError: [Errno 2] No such file or directory: '/home/jkh/Src/nanolang-checked-owner-dependency-selection/bin/nano_virt'

======================================================================
ERROR: test_multiple_parameter_refusals_preserve_publication (tests.test_source_borrow_emission.SourceBorrowEmission.test_multiple_parameter_refusals_preserve_publication)
----------------------------------------------------------------------
Traceback (most recent call last):
  File "/home/jkh/Src/nanolang-checked-owner-dependency-selection/tests/test_source_borrow_emission.py", line 221, in test_multiple_parameter_refusals_preserve_publication
    result = subprocess.run([ROOT / 'bin' / compiler, source, '--emit-nvm', '-o', output],
                            cwd=ROOT, capture_output=True, text=True, timeout=60)
  File "/home/linuxbrew/.linuxbrew/Cellar/python@3.14/3.14.5/lib/python3.14/subprocess.py", line 555, in run
    with Popen(*popenargs, **kwargs) as process:
         ~~~~~^^^^^^^^^^^^^^^^^^^^^^
  File "/home/linuxbrew/.linuxbrew/Cellar/python@3.14/3.14.5/lib/python3.14/subprocess.py", line 1039, in __init__
    self._execute_child(args, executable, preexec_fn, close_fds,
    ~~~~~~~~~~~~~~~~~~~^^^^^^^^^^^^^^^^^^^^^^^^^^^^^^^^^^^^^^^^^
                        pass_fds, cwd, env,
                        ^^^^^^^^^^^^^^^^^^^
    ...<5 lines>...
                        gid, gids, uid, umask,
                        ^^^^^^^^^^^^^^^^^^^^^^
                        start_new_session, process_group)
                        ^^^^^^^^^^^^^^^^^^^^^^^^^^^^^^^^^
  File "/home/linuxbrew/.linuxbrew/Cellar/python@3.14/3.14.5/lib/python3.14/subprocess.py", line 1990, in _execute_child
    raise child_exception_type(errno_num, err_msg, err_filename)
FileNotFoundError: [Errno 2] No such file or directory: PosixPath('/home/jkh/Src/nanolang-checked-owner-dependency-selection/bin/nano_virt')

======================================================================
ERROR: test_multiple_parameters_preserve_callers_and_metadata (tests.test_source_borrow_emission.SourceBorrowEmission.test_multiple_parameters_preserve_callers_and_metadata)
----------------------------------------------------------------------
Traceback (most recent call last):
  File "/home/jkh/Src/nanolang-checked-owner-dependency-selection/tests/test_source_borrow_emission.py", line 156, in test_multiple_parameters_preserve_callers_and_metadata
    self.command(ROOT / 'bin/nano_virt', source, '--emit-nvm', '--strip-debug', '-o', seed)
    ~~~~~~~~~~~~^^^^^^^^^^^^^^^^^^^^^^^^^^^^^^^^^^^^^^^^^^^^^^^^^^^^^^^^^^^^^^^^^^^^^^^^^^^
  File "/home/jkh/Src/nanolang-checked-owner-dependency-selection/tests/test_source_borrow_emission.py", line 36, in command
    result = subprocess.run([str(arg) for arg in args], cwd=ROOT, capture_output=True,
                            text=True, timeout=timeout)
  File "/home/linuxbrew/.linuxbrew/Cellar/python@3.14/3.14.5/lib/python3.14/subprocess.py", line 555, in run
    with Popen(*popenargs, **kwargs) as process:
         ~~~~~^^^^^^^^^^^^^^^^^^^^^^
  File "/home/linuxbrew/.linuxbrew/Cellar/python@3.14/3.14.5/lib/python3.14/subprocess.py", line 1039, in __init__
    self._execute_child(args, executable, preexec_fn, close_fds,
    ~~~~~~~~~~~~~~~~~~~^^^^^^^^^^^^^^^^^^^^^^^^^^^^^^^^^^^^^^^^^
                        pass_fds, cwd, env,
                        ^^^^^^^^^^^^^^^^^^^
    ...<5 lines>...
                        gid, gids, uid, umask,
                        ^^^^^^^^^^^^^^^^^^^^^^
                        start_new_session, process_group)
                        ^^^^^^^^^^^^^^^^^^^^^^^^^^^^^^^^^
  File "/home/linuxbrew/.linuxbrew/Cellar/python@3.14/3.14.5/lib/python3.14/subprocess.py", line 1990, in _execute_child
    raise child_exception_type(errno_num, err_msg, err_filename)
FileNotFoundError: [Errno 2] No such file or directory: '/home/jkh/Src/nanolang-checked-owner-dependency-selection/bin/nano_virt'

======================================================================
ERROR: test_nested_depth_boundary (tests.test_source_borrow_emission.SourceBorrowEmission.test_nested_depth_boundary)
----------------------------------------------------------------------
Traceback (most recent call last):
  File "/home/jkh/Src/nanolang-checked-owner-dependency-selection/tests/test_source_borrow_emission.py", line 927, in test_nested_depth_boundary
    result = subprocess.run([ROOT / 'bin' / compiler, source, '--emit-nvm', *(['--strip-debug'] if compiler == 'nano_virt' else []), '-o', module],
                            cwd=ROOT, capture_output=True, text=True, timeout=60)
  File "/home/linuxbrew/.linuxbrew/Cellar/python@3.14/3.14.5/lib/python3.14/subprocess.py", line 555, in run
    with Popen(*popenargs, **kwargs) as process:
         ~~~~~^^^^^^^^^^^^^^^^^^^^^^
  File "/home/linuxbrew/.linuxbrew/Cellar/python@3.14/3.14.5/lib/python3.14/subprocess.py", line 1039, in __init__
    self._execute_child(args, executable, preexec_fn, close_fds,
    ~~~~~~~~~~~~~~~~~~~^^^^^^^^^^^^^^^^^^^^^^^^^^^^^^^^^^^^^^^^^
                        pass_fds, cwd, env,
                        ^^^^^^^^^^^^^^^^^^^
    ...<5 lines>...
                        gid, gids, uid, umask,
                        ^^^^^^^^^^^^^^^^^^^^^^
                        start_new_session, process_group)
                        ^^^^^^^^^^^^^^^^^^^^^^^^^^^^^^^^^
  File "/home/linuxbrew/.linuxbrew/Cellar/python@3.14/3.14.5/lib/python3.14/subprocess.py", line 1990, in _execute_child
    raise child_exception_type(errno_num, err_msg, err_filename)
FileNotFoundError: [Errno 2] No such file or directory: PosixPath('/home/jkh/Src/nanolang-checked-owner-dependency-selection/bin/nano_virt')

======================================================================
ERROR: test_nested_paths_preserve_trees_and_callers (tests.test_source_borrow_emission.SourceBorrowEmission.test_nested_paths_preserve_trees_and_callers)
----------------------------------------------------------------------
Traceback (most recent call last):
  File "/home/jkh/Src/nanolang-checked-owner-dependency-selection/tests/test_source_borrow_emission.py", line 615, in test_nested_paths_preserve_trees_and_callers
    self.command(ROOT / 'bin/nano_virt', source, '--emit-nvm', '--strip-debug', '-o', seed)
    ~~~~~~~~~~~~^^^^^^^^^^^^^^^^^^^^^^^^^^^^^^^^^^^^^^^^^^^^^^^^^^^^^^^^^^^^^^^^^^^^^^^^^^^
  File "/home/jkh/Src/nanolang-checked-owner-dependency-selection/tests/test_source_borrow_emission.py", line 36, in command
    result = subprocess.run([str(arg) for arg in args], cwd=ROOT, capture_output=True,
                            text=True, timeout=timeout)
  File "/home/linuxbrew/.linuxbrew/Cellar/python@3.14/3.14.5/lib/python3.14/subprocess.py", line 555, in run
    with Popen(*popenargs, **kwargs) as process:
         ~~~~~^^^^^^^^^^^^^^^^^^^^^^
  File "/home/linuxbrew/.linuxbrew/Cellar/python@3.14/3.14.5/lib/python3.14/subprocess.py", line 1039, in __init__
    self._execute_child(args, executable, preexec_fn, close_fds,
    ~~~~~~~~~~~~~~~~~~~^^^^^^^^^^^^^^^^^^^^^^^^^^^^^^^^^^^^^^^^^
                        pass_fds, cwd, env,
                        ^^^^^^^^^^^^^^^^^^^
    ...<5 lines>...
                        gid, gids, uid, umask,
                        ^^^^^^^^^^^^^^^^^^^^^^
                        start_new_session, process_group)
                        ^^^^^^^^^^^^^^^^^^^^^^^^^^^^^^^^^
  File "/home/linuxbrew/.linuxbrew/Cellar/python@3.14/3.14.5/lib/python3.14/subprocess.py", line 1990, in _execute_child
    raise child_exception_type(errno_num, err_msg, err_filename)
FileNotFoundError: [Errno 2] No such file or directory: '/home/jkh/Src/nanolang-checked-owner-dependency-selection/bin/nano_virt'

======================================================================
ERROR: test_nested_source_refusals_preserve_publication (tests.test_source_borrow_emission.SourceBorrowEmission.test_nested_source_refusals_preserve_publication)
----------------------------------------------------------------------
Traceback (most recent call last):
  File "/home/jkh/Src/nanolang-checked-owner-dependency-selection/tests/test_source_borrow_emission.py", line 890, in test_nested_source_refusals_preserve_publication
    result = subprocess.run([ROOT / 'bin' / compiler, source, '--emit-nvm', '-o', output],
                            cwd=ROOT, capture_output=True, text=True, timeout=60)
  File "/home/linuxbrew/.linuxbrew/Cellar/python@3.14/3.14.5/lib/python3.14/subprocess.py", line 555, in run
    with Popen(*popenargs, **kwargs) as process:
         ~~~~~^^^^^^^^^^^^^^^^^^^^^^
  File "/home/linuxbrew/.linuxbrew/Cellar/python@3.14/3.14.5/lib/python3.14/subprocess.py", line 1039, in __init__
    self._execute_child(args, executable, preexec_fn, close_fds,
    ~~~~~~~~~~~~~~~~~~~^^^^^^^^^^^^^^^^^^^^^^^^^^^^^^^^^^^^^^^^^
                        pass_fds, cwd, env,
                        ^^^^^^^^^^^^^^^^^^^
    ...<5 lines>...
                        gid, gids, uid, umask,
                        ^^^^^^^^^^^^^^^^^^^^^^
                        start_new_session, process_group)
                        ^^^^^^^^^^^^^^^^^^^^^^^^^^^^^^^^^
  File "/home/linuxbrew/.linuxbrew/Cellar/python@3.14/3.14.5/lib/python3.14/subprocess.py", line 1990, in _execute_child
    raise child_exception_type(errno_num, err_msg, err_filename)
FileNotFoundError: [Errno 2] No such file or directory: PosixPath('/home/jkh/Src/nanolang-checked-owner-dependency-selection/bin/nano_virt')

======================================================================
ERROR: test_owned_local_routing_and_shadow_only_admission (tests.test_source_borrow_emission.SourceBorrowEmission.test_owned_local_routing_and_shadow_only_admission)
----------------------------------------------------------------------
Traceback (most recent call last):
  File "/home/jkh/Src/nanolang-checked-owner-dependency-selection/tests/test_source_borrow_emission.py", line 1247, in test_owned_local_routing_and_shadow_only_admission
    baseline, _ = self.graph_positive('local-only', local)
                  ~~~~~~~~~~~~~~~~~~~^^^^^^^^^^^^^^^^^^^^^
  File "/home/jkh/Src/nanolang-checked-owner-dependency-selection/tests/test_source_borrow_emission.py", line 1141, in graph_positive
    self.command(ROOT / 'bin' / compiler, source, '--emit-nvm', '-o', module)
    ~~~~~~~~~~~~^^^^^^^^^^^^^^^^^^^^^^^^^^^^^^^^^^^^^^^^^^^^^^^^^^^^^^^^^^^^^
  File "/home/jkh/Src/nanolang-checked-owner-dependency-selection/tests/test_source_borrow_emission.py", line 36, in command
    result = subprocess.run([str(arg) for arg in args], cwd=ROOT, capture_output=True,
                            text=True, timeout=timeout)
  File "/home/linuxbrew/.linuxbrew/Cellar/python@3.14/3.14.5/lib/python3.14/subprocess.py", line 555, in run
    with Popen(*popenargs, **kwargs) as process:
         ~~~~~^^^^^^^^^^^^^^^^^^^^^^
  File "/home/linuxbrew/.linuxbrew/Cellar/python@3.14/3.14.5/lib/python3.14/subprocess.py", line 1039, in __init__
    self._execute_child(args, executable, preexec_fn, close_fds,
    ~~~~~~~~~~~~~~~~~~~^^^^^^^^^^^^^^^^^^^^^^^^^^^^^^^^^^^^^^^^^
                        pass_fds, cwd, env,
                        ^^^^^^^^^^^^^^^^^^^
    ...<5 lines>...
                        gid, gids, uid, umask,
                        ^^^^^^^^^^^^^^^^^^^^^^
                        start_new_session, process_group)
                        ^^^^^^^^^^^^^^^^^^^^^^^^^^^^^^^^^
  File "/home/linuxbrew/.linuxbrew/Cellar/python@3.14/3.14.5/lib/python3.14/subprocess.py", line 1990, in _execute_child
    raise child_exception_type(errno_num, err_msg, err_filename)
FileNotFoundError: [Errno 2] No such file or directory: '/home/jkh/Src/nanolang-checked-owner-dependency-selection/bin/nano_virt'

======================================================================
ERROR: test_owned_string_exact_bytes_and_forwarding (tests.test_source_borrow_emission.SourceBorrowEmission.test_owned_string_exact_bytes_and_forwarding)
----------------------------------------------------------------------
Traceback (most recent call last):
  File "/home/jkh/Src/nanolang-checked-owner-dependency-selection/tests/test_source_borrow_emission.py", line 1349, in test_owned_string_exact_bytes_and_forwarding
    self.graph_positive('string-bytes', text, expected, expected)
    ~~~~~~~~~~~~~~~~~~~^^^^^^^^^^^^^^^^^^^^^^^^^^^^^^^^^^^^^^^^^^
  File "/home/jkh/Src/nanolang-checked-owner-dependency-selection/tests/test_source_borrow_emission.py", line 1141, in graph_positive
    self.command(ROOT / 'bin' / compiler, source, '--emit-nvm', '-o', module)
    ~~~~~~~~~~~~^^^^^^^^^^^^^^^^^^^^^^^^^^^^^^^^^^^^^^^^^^^^^^^^^^^^^^^^^^^^^
  File "/home/jkh/Src/nanolang-checked-owner-dependency-selection/tests/test_source_borrow_emission.py", line 36, in command
    result = subprocess.run([str(arg) for arg in args], cwd=ROOT, capture_output=True,
                            text=True, timeout=timeout)
  File "/home/linuxbrew/.linuxbrew/Cellar/python@3.14/3.14.5/lib/python3.14/subprocess.py", line 555, in run
    with Popen(*popenargs, **kwargs) as process:
         ~~~~~^^^^^^^^^^^^^^^^^^^^^^
  File "/home/linuxbrew/.linuxbrew/Cellar/python@3.14/3.14.5/lib/python3.14/subprocess.py", line 1039, in __init__
    self._execute_child(args, executable, preexec_fn, close_fds,
    ~~~~~~~~~~~~~~~~~~~^^^^^^^^^^^^^^^^^^^^^^^^^^^^^^^^^^^^^^^^^
                        pass_fds, cwd, env,
                        ^^^^^^^^^^^^^^^^^^^
    ...<5 lines>...
                        gid, gids, uid, umask,
                        ^^^^^^^^^^^^^^^^^^^^^^
                        start_new_session, process_group)
                        ^^^^^^^^^^^^^^^^^^^^^^^^^^^^^^^^^
  File "/home/linuxbrew/.linuxbrew/Cellar/python@3.14/3.14.5/lib/python3.14/subprocess.py", line 1990, in _execute_child
    raise child_exception_type(errno_num, err_msg, err_filename)
FileNotFoundError: [Errno 2] No such file or directory: '/home/jkh/Src/nanolang-checked-owner-dependency-selection/bin/nano_virt'

======================================================================
ERROR: test_owned_string_output_precedes_assertion_cleanup (tests.test_source_borrow_emission.SourceBorrowEmission.test_owned_string_output_precedes_assertion_cleanup)
----------------------------------------------------------------------
Traceback (most recent call last):
  File "/home/jkh/Src/nanolang-checked-owner-dependency-selection/tests/test_source_borrow_emission.py", line 1388, in test_owned_string_output_precedes_assertion_cleanup
    self.command(emitter, source, '-o', assembly)
    ~~~~~~~~~~~~^^^^^^^^^^^^^^^^^^^^^^^^^^^^^^^^^
  File "/home/jkh/Src/nanolang-checked-owner-dependency-selection/tests/test_source_borrow_emission.py", line 36, in command
    result = subprocess.run([str(arg) for arg in args], cwd=ROOT, capture_output=True,
                            text=True, timeout=timeout)
  File "/home/linuxbrew/.linuxbrew/Cellar/python@3.14/3.14.5/lib/python3.14/subprocess.py", line 555, in run
    with Popen(*popenargs, **kwargs) as process:
         ~~~~~^^^^^^^^^^^^^^^^^^^^^^
  File "/home/linuxbrew/.linuxbrew/Cellar/python@3.14/3.14.5/lib/python3.14/subprocess.py", line 1039, in __init__
    self._execute_child(args, executable, preexec_fn, close_fds,
    ~~~~~~~~~~~~~~~~~~~^^^^^^^^^^^^^^^^^^^^^^^^^^^^^^^^^^^^^^^^^
                        pass_fds, cwd, env,
                        ^^^^^^^^^^^^^^^^^^^
    ...<5 lines>...
                        gid, gids, uid, umask,
                        ^^^^^^^^^^^^^^^^^^^^^^
                        start_new_session, process_group)
                        ^^^^^^^^^^^^^^^^^^^^^^^^^^^^^^^^^
  File "/home/linuxbrew/.linuxbrew/Cellar/python@3.14/3.14.5/lib/python3.14/subprocess.py", line 1990, in _execute_child
    raise child_exception_type(errno_num, err_msg, err_filename)
FileNotFoundError: [Errno 2] No such file or directory: '/home/jkh/Src/nanolang-checked-owner-dependency-selection/bin/nanoisa_emit'

======================================================================
ERROR: test_owned_string_refusals_preserve_publication (tests.test_source_borrow_emission.SourceBorrowEmission.test_owned_string_refusals_preserve_publication) (case='nul', compiler='nano_virt')
----------------------------------------------------------------------
Traceback (most recent call last):
  File "/home/jkh/Src/nanolang-checked-owner-dependency-selection/tests/test_source_borrow_emission.py", line 1376, in test_owned_string_refusals_preserve_publication
    result = subprocess.run([*args, '-o', output], cwd=ROOT, capture_output=True, text=True, timeout=180)
  File "/home/linuxbrew/.linuxbrew/Cellar/python@3.14/3.14.5/lib/python3.14/subprocess.py", line 555, in run
    with Popen(*popenargs, **kwargs) as process:
         ~~~~~^^^^^^^^^^^^^^^^^^^^^^
  File "/home/linuxbrew/.linuxbrew/Cellar/python@3.14/3.14.5/lib/python3.14/subprocess.py", line 1039, in __init__
    self._execute_child(args, executable, preexec_fn, close_fds,
    ~~~~~~~~~~~~~~~~~~~^^^^^^^^^^^^^^^^^^^^^^^^^^^^^^^^^^^^^^^^^
                        pass_fds, cwd, env,
                        ^^^^^^^^^^^^^^^^^^^
    ...<5 lines>...
                        gid, gids, uid, umask,
                        ^^^^^^^^^^^^^^^^^^^^^^
                        start_new_session, process_group)
                        ^^^^^^^^^^^^^^^^^^^^^^^^^^^^^^^^^
  File "/home/linuxbrew/.linuxbrew/Cellar/python@3.14/3.14.5/lib/python3.14/subprocess.py", line 1990, in _execute_child
    raise child_exception_type(errno_num, err_msg, err_filename)
FileNotFoundError: [Errno 2] No such file or directory: PosixPath('/home/jkh/Src/nanolang-checked-owner-dependency-selection/bin/nano_virt')

======================================================================
ERROR: test_owned_string_refusals_preserve_publication (tests.test_source_borrow_emission.SourceBorrowEmission.test_owned_string_refusals_preserve_publication) (case='nul', compiler='nanoisa_emit')
----------------------------------------------------------------------
Traceback (most recent call last):
  File "/home/jkh/Src/nanolang-checked-owner-dependency-selection/tests/test_source_borrow_emission.py", line 1376, in test_owned_string_refusals_preserve_publication
    result = subprocess.run([*args, '-o', output], cwd=ROOT, capture_output=True, text=True, timeout=180)
  File "/home/linuxbrew/.linuxbrew/Cellar/python@3.14/3.14.5/lib/python3.14/subprocess.py", line 555, in run
    with Popen(*popenargs, **kwargs) as process:
         ~~~~~^^^^^^^^^^^^^^^^^^^^^^
  File "/home/linuxbrew/.linuxbrew/Cellar/python@3.14/3.14.5/lib/python3.14/subprocess.py", line 1039, in __init__
    self._execute_child(args, executable, preexec_fn, close_fds,
    ~~~~~~~~~~~~~~~~~~~^^^^^^^^^^^^^^^^^^^^^^^^^^^^^^^^^^^^^^^^^
                        pass_fds, cwd, env,
                        ^^^^^^^^^^^^^^^^^^^
    ...<5 lines>...
                        gid, gids, uid, umask,
                        ^^^^^^^^^^^^^^^^^^^^^^
                        start_new_session, process_group)
                        ^^^^^^^^^^^^^^^^^^^^^^^^^^^^^^^^^
  File "/home/linuxbrew/.linuxbrew/Cellar/python@3.14/3.14.5/lib/python3.14/subprocess.py", line 1990, in _execute_child
    raise child_exception_type(errno_num, err_msg, err_filename)
FileNotFoundError: [Errno 2] No such file or directory: PosixPath('/home/jkh/Src/nanolang-checked-owner-dependency-selection/bin/nanoisa_emit')

======================================================================
ERROR: test_owned_string_refusals_preserve_publication (tests.test_source_borrow_emission.SourceBorrowEmission.test_owned_string_refusals_preserve_publication) (case='field', compiler='nano_virt')
----------------------------------------------------------------------
Traceback (most recent call last):
  File "/home/jkh/Src/nanolang-checked-owner-dependency-selection/tests/test_source_borrow_emission.py", line 1376, in test_owned_string_refusals_preserve_publication
    result = subprocess.run([*args, '-o', output], cwd=ROOT, capture_output=True, text=True, timeout=180)
  File "/home/linuxbrew/.linuxbrew/Cellar/python@3.14/3.14.5/lib/python3.14/subprocess.py", line 555, in run
    with Popen(*popenargs, **kwargs) as process:
         ~~~~~^^^^^^^^^^^^^^^^^^^^^^
  File "/home/linuxbrew/.linuxbrew/Cellar/python@3.14/3.14.5/lib/python3.14/subprocess.py", line 1039, in __init__
    self._execute_child(args, executable, preexec_fn, close_fds,
    ~~~~~~~~~~~~~~~~~~~^^^^^^^^^^^^^^^^^^^^^^^^^^^^^^^^^^^^^^^^^
                        pass_fds, cwd, env,
                        ^^^^^^^^^^^^^^^^^^^
    ...<5 lines>...
                        gid, gids, uid, umask,
                        ^^^^^^^^^^^^^^^^^^^^^^
                        start_new_session, process_group)
                        ^^^^^^^^^^^^^^^^^^^^^^^^^^^^^^^^^
  File "/home/linuxbrew/.linuxbrew/Cellar/python@3.14/3.14.5/lib/python3.14/subprocess.py", line 1990, in _execute_child
    raise child_exception_type(errno_num, err_msg, err_filename)
FileNotFoundError: [Errno 2] No such file or directory: PosixPath('/home/jkh/Src/nanolang-checked-owner-dependency-selection/bin/nano_virt')

======================================================================
ERROR: test_owned_string_refusals_preserve_publication (tests.test_source_borrow_emission.SourceBorrowEmission.test_owned_string_refusals_preserve_publication) (case='field', compiler='nanoisa_emit')
----------------------------------------------------------------------
Traceback (most recent call last):
  File "/home/jkh/Src/nanolang-checked-owner-dependency-selection/tests/test_source_borrow_emission.py", line 1376, in test_owned_string_refusals_preserve_publication
    result = subprocess.run([*args, '-o', output], cwd=ROOT, capture_output=True, text=True, timeout=180)
  File "/home/linuxbrew/.linuxbrew/Cellar/python@3.14/3.14.5/lib/python3.14/subprocess.py", line 555, in run
    with Popen(*popenargs, **kwargs) as process:
         ~~~~~^^^^^^^^^^^^^^^^^^^^^^
  File "/home/linuxbrew/.linuxbrew/Cellar/python@3.14/3.14.5/lib/python3.14/subprocess.py", line 1039, in __init__
    self._execute_child(args, executable, preexec_fn, close_fds,
    ~~~~~~~~~~~~~~~~~~~^^^^^^^^^^^^^^^^^^^^^^^^^^^^^^^^^^^^^^^^^
                        pass_fds, cwd, env,
                        ^^^^^^^^^^^^^^^^^^^
    ...<5 lines>...
                        gid, gids, uid, umask,
                        ^^^^^^^^^^^^^^^^^^^^^^
                        start_new_session, process_group)
                        ^^^^^^^^^^^^^^^^^^^^^^^^^^^^^^^^^
  File "/home/linuxbrew/.linuxbrew/Cellar/python@3.14/3.14.5/lib/python3.14/subprocess.py", line 1990, in _execute_child
    raise child_exception_type(errno_num, err_msg, err_filename)
FileNotFoundError: [Errno 2] No such file or directory: PosixPath('/home/jkh/Src/nanolang-checked-owner-dependency-selection/bin/nanoisa_emit')

======================================================================
ERROR: test_owned_string_refusals_preserve_publication (tests.test_source_borrow_emission.SourceBorrowEmission.test_owned_string_refusals_preserve_publication) (case='local', compiler='nano_virt')
----------------------------------------------------------------------
Traceback (most recent call last):
  File "/home/jkh/Src/nanolang-checked-owner-dependency-selection/tests/test_source_borrow_emission.py", line 1376, in test_owned_string_refusals_preserve_publication
    result = subprocess.run([*args, '-o', output], cwd=ROOT, capture_output=True, text=True, timeout=180)
  File "/home/linuxbrew/.linuxbrew/Cellar/python@3.14/3.14.5/lib/python3.14/subprocess.py", line 555, in run
    with Popen(*popenargs, **kwargs) as process:
         ~~~~~^^^^^^^^^^^^^^^^^^^^^^
  File "/home/linuxbrew/.linuxbrew/Cellar/python@3.14/3.14.5/lib/python3.14/subprocess.py", line 1039, in __init__
    self._execute_child(args, executable, preexec_fn, close_fds,
    ~~~~~~~~~~~~~~~~~~~^^^^^^^^^^^^^^^^^^^^^^^^^^^^^^^^^^^^^^^^^
                        pass_fds, cwd, env,
                        ^^^^^^^^^^^^^^^^^^^
    ...<5 lines>...
                        gid, gids, uid, umask,
                        ^^^^^^^^^^^^^^^^^^^^^^
                        start_new_session, process_group)
                        ^^^^^^^^^^^^^^^^^^^^^^^^^^^^^^^^^
  File "/home/linuxbrew/.linuxbrew/Cellar/python@3.14/3.14.5/lib/python3.14/subprocess.py", line 1990, in _execute_child
    raise child_exception_type(errno_num, err_msg, err_filename)
FileNotFoundError: [Errno 2] No such file or directory: PosixPath('/home/jkh/Src/nanolang-checked-owner-dependency-selection/bin/nano_virt')

======================================================================
ERROR: test_owned_string_refusals_preserve_publication (tests.test_source_borrow_emission.SourceBorrowEmission.test_owned_string_refusals_preserve_publication) (case='local', compiler='nanoisa_emit')
----------------------------------------------------------------------
Traceback (most recent call last):
  File "/home/jkh/Src/nanolang-checked-owner-dependency-selection/tests/test_source_borrow_emission.py", line 1376, in test_owned_string_refusals_preserve_publication
    result = subprocess.run([*args, '-o', output], cwd=ROOT, capture_output=True, text=True, timeout=180)
  File "/home/linuxbrew/.linuxbrew/Cellar/python@3.14/3.14.5/lib/python3.14/subprocess.py", line 555, in run
    with Popen(*popenargs, **kwargs) as process:
         ~~~~~^^^^^^^^^^^^^^^^^^^^^^
  File "/home/linuxbrew/.linuxbrew/Cellar/python@3.14/3.14.5/lib/python3.14/subprocess.py", line 1039, in __init__
    self._execute_child(args, executable, preexec_fn, close_fds,
    ~~~~~~~~~~~~~~~~~~~^^^^^^^^^^^^^^^^^^^^^^^^^^^^^^^^^^^^^^^^^
                        pass_fds, cwd, env,
                        ^^^^^^^^^^^^^^^^^^^
    ...<5 lines>...
                        gid, gids, uid, umask,
                        ^^^^^^^^^^^^^^^^^^^^^^
                        start_new_session, process_group)
                        ^^^^^^^^^^^^^^^^^^^^^^^^^^^^^^^^^
  File "/home/linuxbrew/.linuxbrew/Cellar/python@3.14/3.14.5/lib/python3.14/subprocess.py", line 1990, in _execute_child
    raise child_exception_type(errno_num, err_msg, err_filename)
FileNotFoundError: [Errno 2] No such file or directory: PosixPath('/home/jkh/Src/nanolang-checked-owner-dependency-selection/bin/nanoisa_emit')

======================================================================
ERROR: test_owned_string_refusals_preserve_publication (tests.test_source_borrow_emission.SourceBorrowEmission.test_owned_string_refusals_preserve_publication) (case='operation', compiler='nano_virt')
----------------------------------------------------------------------
Traceback (most recent call last):
  File "/home/jkh/Src/nanolang-checked-owner-dependency-selection/tests/test_source_borrow_emission.py", line 1376, in test_owned_string_refusals_preserve_publication
    result = subprocess.run([*args, '-o', output], cwd=ROOT, capture_output=True, text=True, timeout=180)
  File "/home/linuxbrew/.linuxbrew/Cellar/python@3.14/3.14.5/lib/python3.14/subprocess.py", line 555, in run
    with Popen(*popenargs, **kwargs) as process:
         ~~~~~^^^^^^^^^^^^^^^^^^^^^^
  File "/home/linuxbrew/.linuxbrew/Cellar/python@3.14/3.14.5/lib/python3.14/subprocess.py", line 1039, in __init__
    self._execute_child(args, executable, preexec_fn, close_fds,
    ~~~~~~~~~~~~~~~~~~~^^^^^^^^^^^^^^^^^^^^^^^^^^^^^^^^^^^^^^^^^
                        pass_fds, cwd, env,
                        ^^^^^^^^^^^^^^^^^^^
    ...<5 lines>...
                        gid, gids, uid, umask,
                        ^^^^^^^^^^^^^^^^^^^^^^
                        start_new_session, process_group)
                        ^^^^^^^^^^^^^^^^^^^^^^^^^^^^^^^^^
  File "/home/linuxbrew/.linuxbrew/Cellar/python@3.14/3.14.5/lib/python3.14/subprocess.py", line 1990, in _execute_child
    raise child_exception_type(errno_num, err_msg, err_filename)
FileNotFoundError: [Errno 2] No such file or directory: PosixPath('/home/jkh/Src/nanolang-checked-owner-dependency-selection/bin/nano_virt')

======================================================================
ERROR: test_owned_string_refusals_preserve_publication (tests.test_source_borrow_emission.SourceBorrowEmission.test_owned_string_refusals_preserve_publication) (case='operation', compiler='nanoisa_emit')
----------------------------------------------------------------------
Traceback (most recent call last):
  File "/home/jkh/Src/nanolang-checked-owner-dependency-selection/tests/test_source_borrow_emission.py", line 1376, in test_owned_string_refusals_preserve_publication
    result = subprocess.run([*args, '-o', output], cwd=ROOT, capture_output=True, text=True, timeout=180)
  File "/home/linuxbrew/.linuxbrew/Cellar/python@3.14/3.14.5/lib/python3.14/subprocess.py", line 555, in run
    with Popen(*popenargs, **kwargs) as process:
         ~~~~~^^^^^^^^^^^^^^^^^^^^^^
  File "/home/linuxbrew/.linuxbrew/Cellar/python@3.14/3.14.5/lib/python3.14/subprocess.py", line 1039, in __init__
    self._execute_child(args, executable, preexec_fn, close_fds,
    ~~~~~~~~~~~~~~~~~~~^^^^^^^^^^^^^^^^^^^^^^^^^^^^^^^^^^^^^^^^^
                        pass_fds, cwd, env,
                        ^^^^^^^^^^^^^^^^^^^
    ...<5 lines>...
                        gid, gids, uid, umask,
                        ^^^^^^^^^^^^^^^^^^^^^^
                        start_new_session, process_group)
                        ^^^^^^^^^^^^^^^^^^^^^^^^^^^^^^^^^
  File "/home/linuxbrew/.linuxbrew/Cellar/python@3.14/3.14.5/lib/python3.14/subprocess.py", line 1990, in _execute_child
    raise child_exception_type(errno_num, err_msg, err_filename)
FileNotFoundError: [Errno 2] No such file or directory: PosixPath('/home/jkh/Src/nanolang-checked-owner-dependency-selection/bin/nanoisa_emit')

======================================================================
ERROR: test_owned_string_refusals_preserve_publication (tests.test_source_borrow_emission.SourceBorrowEmission.test_owned_string_refusals_preserve_publication) (case='argument', compiler='nano_virt')
----------------------------------------------------------------------
Traceback (most recent call last):
  File "/home/jkh/Src/nanolang-checked-owner-dependency-selection/tests/test_source_borrow_emission.py", line 1376, in test_owned_string_refusals_preserve_publication
    result = subprocess.run([*args, '-o', output], cwd=ROOT, capture_output=True, text=True, timeout=180)
  File "/home/linuxbrew/.linuxbrew/Cellar/python@3.14/3.14.5/lib/python3.14/subprocess.py", line 555, in run
    with Popen(*popenargs, **kwargs) as process:
         ~~~~~^^^^^^^^^^^^^^^^^^^^^^
  File "/home/linuxbrew/.linuxbrew/Cellar/python@3.14/3.14.5/lib/python3.14/subprocess.py", line 1039, in __init__
    self._execute_child(args, executable, preexec_fn, close_fds,
    ~~~~~~~~~~~~~~~~~~~^^^^^^^^^^^^^^^^^^^^^^^^^^^^^^^^^^^^^^^^^
                        pass_fds, cwd, env,
                        ^^^^^^^^^^^^^^^^^^^
    ...<5 lines>...
                        gid, gids, uid, umask,
                        ^^^^^^^^^^^^^^^^^^^^^^
                        start_new_session, process_group)
                        ^^^^^^^^^^^^^^^^^^^^^^^^^^^^^^^^^
  File "/home/linuxbrew/.linuxbrew/Cellar/python@3.14/3.14.5/lib/python3.14/subprocess.py", line 1990, in _execute_child
    raise child_exception_type(errno_num, err_msg, err_filename)
FileNotFoundError: [Errno 2] No such file or directory: PosixPath('/home/jkh/Src/nanolang-checked-owner-dependency-selection/bin/nano_virt')

======================================================================
ERROR: test_owned_string_refusals_preserve_publication (tests.test_source_borrow_emission.SourceBorrowEmission.test_owned_string_refusals_preserve_publication) (case='argument', compiler='nanoisa_emit')
----------------------------------------------------------------------
Traceback (most recent call last):
  File "/home/jkh/Src/nanolang-checked-owner-dependency-selection/tests/test_source_borrow_emission.py", line 1376, in test_owned_string_refusals_preserve_publication
    result = subprocess.run([*args, '-o', output], cwd=ROOT, capture_output=True, text=True, timeout=180)
  File "/home/linuxbrew/.linuxbrew/Cellar/python@3.14/3.14.5/lib/python3.14/subprocess.py", line 555, in run
    with Popen(*popenargs, **kwargs) as process:
         ~~~~~^^^^^^^^^^^^^^^^^^^^^^
  File "/home/linuxbrew/.linuxbrew/Cellar/python@3.14/3.14.5/lib/python3.14/subprocess.py", line 1039, in __init__
    self._execute_child(args, executable, preexec_fn, close_fds,
    ~~~~~~~~~~~~~~~~~~~^^^^^^^^^^^^^^^^^^^^^^^^^^^^^^^^^^^^^^^^^
                        pass_fds, cwd, env,
                        ^^^^^^^^^^^^^^^^^^^
    ...<5 lines>...
                        gid, gids, uid, umask,
                        ^^^^^^^^^^^^^^^^^^^^^^
                        start_new_session, process_group)
                        ^^^^^^^^^^^^^^^^^^^^^^^^^^^^^^^^^
  File "/home/linuxbrew/.linuxbrew/Cellar/python@3.14/3.14.5/lib/python3.14/subprocess.py", line 1990, in _execute_child
    raise child_exception_type(errno_num, err_msg, err_filename)
FileNotFoundError: [Errno 2] No such file or directory: PosixPath('/home/jkh/Src/nanolang-checked-owner-dependency-selection/bin/nanoisa_emit')

======================================================================
ERROR: test_owned_string_refusals_preserve_publication (tests.test_source_borrow_emission.SourceBorrowEmission.test_owned_string_refusals_preserve_publication) (case='result', compiler='nano_virt')
----------------------------------------------------------------------
Traceback (most recent call last):
  File "/home/jkh/Src/nanolang-checked-owner-dependency-selection/tests/test_source_borrow_emission.py", line 1376, in test_owned_string_refusals_preserve_publication
    result = subprocess.run([*args, '-o', output], cwd=ROOT, capture_output=True, text=True, timeout=180)
  File "/home/linuxbrew/.linuxbrew/Cellar/python@3.14/3.14.5/lib/python3.14/subprocess.py", line 555, in run
    with Popen(*popenargs, **kwargs) as process:
         ~~~~~^^^^^^^^^^^^^^^^^^^^^^
  File "/home/linuxbrew/.linuxbrew/Cellar/python@3.14/3.14.5/lib/python3.14/subprocess.py", line 1039, in __init__
    self._execute_child(args, executable, preexec_fn, close_fds,
    ~~~~~~~~~~~~~~~~~~~^^^^^^^^^^^^^^^^^^^^^^^^^^^^^^^^^^^^^^^^^
                        pass_fds, cwd, env,
                        ^^^^^^^^^^^^^^^^^^^
    ...<5 lines>...
                        gid, gids, uid, umask,
                        ^^^^^^^^^^^^^^^^^^^^^^
                        start_new_session, process_group)
                        ^^^^^^^^^^^^^^^^^^^^^^^^^^^^^^^^^
  File "/home/linuxbrew/.linuxbrew/Cellar/python@3.14/3.14.5/lib/python3.14/subprocess.py", line 1990, in _execute_child
    raise child_exception_type(errno_num, err_msg, err_filename)
FileNotFoundError: [Errno 2] No such file or directory: PosixPath('/home/jkh/Src/nanolang-checked-owner-dependency-selection/bin/nano_virt')

======================================================================
ERROR: test_owned_string_refusals_preserve_publication (tests.test_source_borrow_emission.SourceBorrowEmission.test_owned_string_refusals_preserve_publication) (case='result', compiler='nanoisa_emit')
----------------------------------------------------------------------
Traceback (most recent call last):
  File "/home/jkh/Src/nanolang-checked-owner-dependency-selection/tests/test_source_borrow_emission.py", line 1376, in test_owned_string_refusals_preserve_publication
    result = subprocess.run([*args, '-o', output], cwd=ROOT, capture_output=True, text=True, timeout=180)
  File "/home/linuxbrew/.linuxbrew/Cellar/python@3.14/3.14.5/lib/python3.14/subprocess.py", line 555, in run
    with Popen(*popenargs, **kwargs) as process:
         ~~~~~^^^^^^^^^^^^^^^^^^^^^^
  File "/home/linuxbrew/.linuxbrew/Cellar/python@3.14/3.14.5/lib/python3.14/subprocess.py", line 1039, in __init__
    self._execute_child(args, executable, preexec_fn, close_fds,
    ~~~~~~~~~~~~~~~~~~~^^^^^^^^^^^^^^^^^^^^^^^^^^^^^^^^^^^^^^^^^
                        pass_fds, cwd, env,
                        ^^^^^^^^^^^^^^^^^^^
    ...<5 lines>...
                        gid, gids, uid, umask,
                        ^^^^^^^^^^^^^^^^^^^^^^
                        start_new_session, process_group)
                        ^^^^^^^^^^^^^^^^^^^^^^^^^^^^^^^^^
  File "/home/linuxbrew/.linuxbrew/Cellar/python@3.14/3.14.5/lib/python3.14/subprocess.py", line 1990, in _execute_child
    raise child_exception_type(errno_num, err_msg, err_filename)
FileNotFoundError: [Errno 2] No such file or directory: PosixPath('/home/jkh/Src/nanolang-checked-owner-dependency-selection/bin/nanoisa_emit')

======================================================================
ERROR: test_owned_string_refusals_preserve_publication (tests.test_source_borrow_emission.SourceBorrowEmission.test_owned_string_refusals_preserve_publication) (case='print_binding', compiler='nano_virt')
----------------------------------------------------------------------
Traceback (most recent call last):
  File "/home/jkh/Src/nanolang-checked-owner-dependency-selection/tests/test_source_borrow_emission.py", line 1376, in test_owned_string_refusals_preserve_publication
    result = subprocess.run([*args, '-o', output], cwd=ROOT, capture_output=True, text=True, timeout=180)
  File "/home/linuxbrew/.linuxbrew/Cellar/python@3.14/3.14.5/lib/python3.14/subprocess.py", line 555, in run
    with Popen(*popenargs, **kwargs) as process:
         ~~~~~^^^^^^^^^^^^^^^^^^^^^^
  File "/home/linuxbrew/.linuxbrew/Cellar/python@3.14/3.14.5/lib/python3.14/subprocess.py", line 1039, in __init__
    self._execute_child(args, executable, preexec_fn, close_fds,
    ~~~~~~~~~~~~~~~~~~~^^^^^^^^^^^^^^^^^^^^^^^^^^^^^^^^^^^^^^^^^
                        pass_fds, cwd, env,
                        ^^^^^^^^^^^^^^^^^^^
    ...<5 lines>...
                        gid, gids, uid, umask,
                        ^^^^^^^^^^^^^^^^^^^^^^
                        start_new_session, process_group)
                        ^^^^^^^^^^^^^^^^^^^^^^^^^^^^^^^^^
  File "/home/linuxbrew/.linuxbrew/Cellar/python@3.14/3.14.5/lib/python3.14/subprocess.py", line 1990, in _execute_child
    raise child_exception_type(errno_num, err_msg, err_filename)
FileNotFoundError: [Errno 2] No such file or directory: PosixPath('/home/jkh/Src/nanolang-checked-owner-dependency-selection/bin/nano_virt')

======================================================================
ERROR: test_owned_string_refusals_preserve_publication (tests.test_source_borrow_emission.SourceBorrowEmission.test_owned_string_refusals_preserve_publication) (case='print_binding', compiler='nanoisa_emit')
----------------------------------------------------------------------
Traceback (most recent call last):
  File "/home/jkh/Src/nanolang-checked-owner-dependency-selection/tests/test_source_borrow_emission.py", line 1376, in test_owned_string_refusals_preserve_publication
    result = subprocess.run([*args, '-o', output], cwd=ROOT, capture_output=True, text=True, timeout=180)
  File "/home/linuxbrew/.linuxbrew/Cellar/python@3.14/3.14.5/lib/python3.14/subprocess.py", line 555, in run
    with Popen(*popenargs, **kwargs) as process:
         ~~~~~^^^^^^^^^^^^^^^^^^^^^^
  File "/home/linuxbrew/.linuxbrew/Cellar/python@3.14/3.14.5/lib/python3.14/subprocess.py", line 1039, in __init__
    self._execute_child(args, executable, preexec_fn, close_fds,
    ~~~~~~~~~~~~~~~~~~~^^^^^^^^^^^^^^^^^^^^^^^^^^^^^^^^^^^^^^^^^
                        pass_fds, cwd, env,
                        ^^^^^^^^^^^^^^^^^^^
    ...<5 lines>...
                        gid, gids, uid, umask,
                        ^^^^^^^^^^^^^^^^^^^^^^
                        start_new_session, process_group)
                        ^^^^^^^^^^^^^^^^^^^^^^^^^^^^^^^^^
  File "/home/linuxbrew/.linuxbrew/Cellar/python@3.14/3.14.5/lib/python3.14/subprocess.py", line 1990, in _execute_child
    raise child_exception_type(errno_num, err_msg, err_filename)
FileNotFoundError: [Errno 2] No such file or directory: PosixPath('/home/jkh/Src/nanolang-checked-owner-dependency-selection/bin/nanoisa_emit')

======================================================================
ERROR: test_owned_string_refusals_preserve_publication (tests.test_source_borrow_emission.SourceBorrowEmission.test_owned_string_refusals_preserve_publication) (case='false_shadow', compiler='nano_virt')
----------------------------------------------------------------------
Traceback (most recent call last):
  File "/home/jkh/Src/nanolang-checked-owner-dependency-selection/tests/test_source_borrow_emission.py", line 1376, in test_owned_string_refusals_preserve_publication
    result = subprocess.run([*args, '-o', output], cwd=ROOT, capture_output=True, text=True, timeout=180)
  File "/home/linuxbrew/.linuxbrew/Cellar/python@3.14/3.14.5/lib/python3.14/subprocess.py", line 555, in run
    with Popen(*popenargs, **kwargs) as process:
         ~~~~~^^^^^^^^^^^^^^^^^^^^^^
  File "/home/linuxbrew/.linuxbrew/Cellar/python@3.14/3.14.5/lib/python3.14/subprocess.py", line 1039, in __init__
    self._execute_child(args, executable, preexec_fn, close_fds,
    ~~~~~~~~~~~~~~~~~~~^^^^^^^^^^^^^^^^^^^^^^^^^^^^^^^^^^^^^^^^^
                        pass_fds, cwd, env,
                        ^^^^^^^^^^^^^^^^^^^
    ...<5 lines>...
                        gid, gids, uid, umask,
                        ^^^^^^^^^^^^^^^^^^^^^^
                        start_new_session, process_group)
                        ^^^^^^^^^^^^^^^^^^^^^^^^^^^^^^^^^
  File "/home/linuxbrew/.linuxbrew/Cellar/python@3.14/3.14.5/lib/python3.14/subprocess.py", line 1990, in _execute_child
    raise child_exception_type(errno_num, err_msg, err_filename)
FileNotFoundError: [Errno 2] No such file or directory: PosixPath('/home/jkh/Src/nanolang-checked-owner-dependency-selection/bin/nano_virt')

======================================================================
ERROR: test_owned_string_unchanged_affine_example (tests.test_source_borrow_emission.SourceBorrowEmission.test_owned_string_unchanged_affine_example)
----------------------------------------------------------------------
Traceback (most recent call last):
  File "/home/jkh/Src/nanolang-checked-owner-dependency-selection/tests/test_source_borrow_emission.py", line 1314, in test_owned_string_unchanged_affine_example
    baseline, shadows = self.graph_positive(
                        ~~~~~~~~~~~~~~~~~~~^
        'affine-demo-unchanged', text,
        ^^^^^^^^^^^^^^^^^^^^^^^^^^^^^^
        b'audit.log\nresource closed\n',
        ^^^^^^^^^^^^^^^^^^^^^^^^^^^^^^^^
        b'audit.log\nresource closed\nresource closed\naudit.log\nresource closed\n')
        ^^^^^^^^^^^^^^^^^^^^^^^^^^^^^^^^^^^^^^^^^^^^^^^^^^^^^^^^^^^^^^^^^^^^^^^^^^^^^
  File "/home/jkh/Src/nanolang-checked-owner-dependency-selection/tests/test_source_borrow_emission.py", line 1141, in graph_positive
    self.command(ROOT / 'bin' / compiler, source, '--emit-nvm', '-o', module)
    ~~~~~~~~~~~~^^^^^^^^^^^^^^^^^^^^^^^^^^^^^^^^^^^^^^^^^^^^^^^^^^^^^^^^^^^^^
  File "/home/jkh/Src/nanolang-checked-owner-dependency-selection/tests/test_source_borrow_emission.py", line 36, in command
    result = subprocess.run([str(arg) for arg in args], cwd=ROOT, capture_output=True,
                            text=True, timeout=timeout)
  File "/home/linuxbrew/.linuxbrew/Cellar/python@3.14/3.14.5/lib/python3.14/subprocess.py", line 555, in run
    with Popen(*popenargs, **kwargs) as process:
         ~~~~~^^^^^^^^^^^^^^^^^^^^^^
  File "/home/linuxbrew/.linuxbrew/Cellar/python@3.14/3.14.5/lib/python3.14/subprocess.py", line 1039, in __init__
    self._execute_child(args, executable, preexec_fn, close_fds,
    ~~~~~~~~~~~~~~~~~~~^^^^^^^^^^^^^^^^^^^^^^^^^^^^^^^^^^^^^^^^^
                        pass_fds, cwd, env,
                        ^^^^^^^^^^^^^^^^^^^
    ...<5 lines>...
                        gid, gids, uid, umask,
                        ^^^^^^^^^^^^^^^^^^^^^^
                        start_new_session, process_group)
                        ^^^^^^^^^^^^^^^^^^^^^^^^^^^^^^^^^
  File "/home/linuxbrew/.linuxbrew/Cellar/python@3.14/3.14.5/lib/python3.14/subprocess.py", line 1990, in _execute_child
    raise child_exception_type(errno_num, err_msg, err_filename)
FileNotFoundError: [Errno 2] No such file or directory: '/home/jkh/Src/nanolang-checked-owner-dependency-selection/bin/nano_virt'

======================================================================
ERROR: test_owned_suffix_and_synthetic_name_collision (tests.test_source_borrow_emission.SourceBorrowEmission.test_owned_suffix_and_synthetic_name_collision)
----------------------------------------------------------------------
Traceback (most recent call last):
  File "/home/jkh/Src/nanolang-checked-owner-dependency-selection/tests/test_source_borrow_emission.py", line 1005, in test_owned_suffix_and_synthetic_name_collision
    self.command(ROOT / 'bin' / compiler, source, '--emit-nvm', '-o', module)
    ~~~~~~~~~~~~^^^^^^^^^^^^^^^^^^^^^^^^^^^^^^^^^^^^^^^^^^^^^^^^^^^^^^^^^^^^^
  File "/home/jkh/Src/nanolang-checked-owner-dependency-selection/tests/test_source_borrow_emission.py", line 36, in command
    result = subprocess.run([str(arg) for arg in args], cwd=ROOT, capture_output=True,
                            text=True, timeout=timeout)
  File "/home/linuxbrew/.linuxbrew/Cellar/python@3.14/3.14.5/lib/python3.14/subprocess.py", line 555, in run
    with Popen(*popenargs, **kwargs) as process:
         ~~~~~^^^^^^^^^^^^^^^^^^^^^^
  File "/home/linuxbrew/.linuxbrew/Cellar/python@3.14/3.14.5/lib/python3.14/subprocess.py", line 1039, in __init__
    self._execute_child(args, executable, preexec_fn, close_fds,
    ~~~~~~~~~~~~~~~~~~~^^^^^^^^^^^^^^^^^^^^^^^^^^^^^^^^^^^^^^^^^
                        pass_fds, cwd, env,
                        ^^^^^^^^^^^^^^^^^^^
    ...<5 lines>...
                        gid, gids, uid, umask,
                        ^^^^^^^^^^^^^^^^^^^^^^
                        start_new_session, process_group)
                        ^^^^^^^^^^^^^^^^^^^^^^^^^^^^^^^^^
  File "/home/linuxbrew/.linuxbrew/Cellar/python@3.14/3.14.5/lib/python3.14/subprocess.py", line 1990, in _execute_child
    raise child_exception_type(errno_num, err_msg, err_filename)
FileNotFoundError: [Errno 2] No such file or directory: '/home/jkh/Src/nanolang-checked-owner-dependency-selection/bin/nano_virt'

======================================================================
ERROR: test_owned_value_graph_eight_frames (tests.test_source_borrow_emission.SourceBorrowEmission.test_owned_value_graph_eight_frames)
----------------------------------------------------------------------
Traceback (most recent call last):
  File "/home/jkh/Src/nanolang-checked-owner-dependency-selection/tests/test_source_borrow_emission.py", line 1196, in test_owned_value_graph_eight_frames
    _, shadow = self.graph_positive('eight-frames', text)
                ~~~~~~~~~~~~~~~~~~~^^^^^^^^^^^^^^^^^^^^^^
  File "/home/jkh/Src/nanolang-checked-owner-dependency-selection/tests/test_source_borrow_emission.py", line 1141, in graph_positive
    self.command(ROOT / 'bin' / compiler, source, '--emit-nvm', '-o', module)
    ~~~~~~~~~~~~^^^^^^^^^^^^^^^^^^^^^^^^^^^^^^^^^^^^^^^^^^^^^^^^^^^^^^^^^^^^^
  File "/home/jkh/Src/nanolang-checked-owner-dependency-selection/tests/test_source_borrow_emission.py", line 36, in command
    result = subprocess.run([str(arg) for arg in args], cwd=ROOT, capture_output=True,
                            text=True, timeout=timeout)
  File "/home/linuxbrew/.linuxbrew/Cellar/python@3.14/3.14.5/lib/python3.14/subprocess.py", line 555, in run
    with Popen(*popenargs, **kwargs) as process:
         ~~~~~^^^^^^^^^^^^^^^^^^^^^^
  File "/home/linuxbrew/.linuxbrew/Cellar/python@3.14/3.14.5/lib/python3.14/subprocess.py", line 1039, in __init__
    self._execute_child(args, executable, preexec_fn, close_fds,
    ~~~~~~~~~~~~~~~~~~~^^^^^^^^^^^^^^^^^^^^^^^^^^^^^^^^^^^^^^^^^
                        pass_fds, cwd, env,
                        ^^^^^^^^^^^^^^^^^^^
    ...<5 lines>...
                        gid, gids, uid, umask,
                        ^^^^^^^^^^^^^^^^^^^^^^
                        start_new_session, process_group)
                        ^^^^^^^^^^^^^^^^^^^^^^^^^^^^^^^^^
  File "/home/linuxbrew/.linuxbrew/Cellar/python@3.14/3.14.5/lib/python3.14/subprocess.py", line 1990, in _execute_child
    raise child_exception_type(errno_num, err_msg, err_filename)
FileNotFoundError: [Errno 2] No such file or directory: '/home/jkh/Src/nanolang-checked-owner-dependency-selection/bin/nano_virt'

======================================================================
ERROR: test_owned_value_graph_eight_positional_arguments (tests.test_source_borrow_emission.SourceBorrowEmission.test_owned_value_graph_eight_positional_arguments)
----------------------------------------------------------------------
Traceback (most recent call last):
  File "/home/jkh/Src/nanolang-checked-owner-dependency-selection/tests/test_source_borrow_emission.py", line 1211, in test_owned_value_graph_eight_positional_arguments
    baseline, _ = self.graph_positive('eight-args-' + str(swapped), text)
                  ~~~~~~~~~~~~~~~~~~~^^^^^^^^^^^^^^^^^^^^^^^^^^^^^^^^^^^^
  File "/home/jkh/Src/nanolang-checked-owner-dependency-selection/tests/test_source_borrow_emission.py", line 1141, in graph_positive
    self.command(ROOT / 'bin' / compiler, source, '--emit-nvm', '-o', module)
    ~~~~~~~~~~~~^^^^^^^^^^^^^^^^^^^^^^^^^^^^^^^^^^^^^^^^^^^^^^^^^^^^^^^^^^^^^
  File "/home/jkh/Src/nanolang-checked-owner-dependency-selection/tests/test_source_borrow_emission.py", line 36, in command
    result = subprocess.run([str(arg) for arg in args], cwd=ROOT, capture_output=True,
                            text=True, timeout=timeout)
  File "/home/linuxbrew/.linuxbrew/Cellar/python@3.14/3.14.5/lib/python3.14/subprocess.py", line 555, in run
    with Popen(*popenargs, **kwargs) as process:
         ~~~~~^^^^^^^^^^^^^^^^^^^^^^
  File "/home/linuxbrew/.linuxbrew/Cellar/python@3.14/3.14.5/lib/python3.14/subprocess.py", line 1039, in __init__
    self._execute_child(args, executable, preexec_fn, close_fds,
    ~~~~~~~~~~~~~~~~~~~^^^^^^^^^^^^^^^^^^^^^^^^^^^^^^^^^^^^^^^^^
                        pass_fds, cwd, env,
                        ^^^^^^^^^^^^^^^^^^^
    ...<5 lines>...
                        gid, gids, uid, umask,
                        ^^^^^^^^^^^^^^^^^^^^^^
                        start_new_session, process_group)
                        ^^^^^^^^^^^^^^^^^^^^^^^^^^^^^^^^^
  File "/home/linuxbrew/.linuxbrew/Cellar/python@3.14/3.14.5/lib/python3.14/subprocess.py", line 1990, in _execute_child
    raise child_exception_type(errno_num, err_msg, err_filename)
FileNotFoundError: [Errno 2] No such file or directory: '/home/jkh/Src/nanolang-checked-owner-dependency-selection/bin/nano_virt'

======================================================================
ERROR: test_owned_value_graph_multiple_nested_owners (tests.test_source_borrow_emission.SourceBorrowEmission.test_owned_value_graph_multiple_nested_owners)
----------------------------------------------------------------------
Traceback (most recent call last):
  File "/home/jkh/Src/nanolang-checked-owner-dependency-selection/tests/test_source_borrow_emission.py", line 1307, in test_owned_value_graph_multiple_nested_owners
    baseline, _ = self.graph_positive('nested-values', (FIXTURES / 'source_owned_value_nested.nano').read_text())
                  ~~~~~~~~~~~~~~~~~~~^^^^^^^^^^^^^^^^^^^^^^^^^^^^^^^^^^^^^^^^^^^^^^^^^^^^^^^^^^^^^^^^^^^^^^^^^^^^
  File "/home/jkh/Src/nanolang-checked-owner-dependency-selection/tests/test_source_borrow_emission.py", line 1141, in graph_positive
    self.command(ROOT / 'bin' / compiler, source, '--emit-nvm', '-o', module)
    ~~~~~~~~~~~~^^^^^^^^^^^^^^^^^^^^^^^^^^^^^^^^^^^^^^^^^^^^^^^^^^^^^^^^^^^^^
  File "/home/jkh/Src/nanolang-checked-owner-dependency-selection/tests/test_source_borrow_emission.py", line 36, in command
    result = subprocess.run([str(arg) for arg in args], cwd=ROOT, capture_output=True,
                            text=True, timeout=timeout)
  File "/home/linuxbrew/.linuxbrew/Cellar/python@3.14/3.14.5/lib/python3.14/subprocess.py", line 555, in run
    with Popen(*popenargs, **kwargs) as process:
         ~~~~~^^^^^^^^^^^^^^^^^^^^^^
  File "/home/linuxbrew/.linuxbrew/Cellar/python@3.14/3.14.5/lib/python3.14/subprocess.py", line 1039, in __init__
    self._execute_child(args, executable, preexec_fn, close_fds,
    ~~~~~~~~~~~~~~~~~~~^^^^^^^^^^^^^^^^^^^^^^^^^^^^^^^^^^^^^^^^^
                        pass_fds, cwd, env,
                        ^^^^^^^^^^^^^^^^^^^
    ...<5 lines>...
                        gid, gids, uid, umask,
                        ^^^^^^^^^^^^^^^^^^^^^^
                        start_new_session, process_group)
                        ^^^^^^^^^^^^^^^^^^^^^^^^^^^^^^^^^
  File "/home/linuxbrew/.linuxbrew/Cellar/python@3.14/3.14.5/lib/python3.14/subprocess.py", line 1990, in _execute_child
    raise child_exception_type(errno_num, err_msg, err_filename)
FileNotFoundError: [Errno 2] No such file or directory: '/home/jkh/Src/nanolang-checked-owner-dependency-selection/bin/nano_virt'

======================================================================
ERROR: test_owned_value_graph_refusals_preserve_output (tests.test_source_borrow_emission.SourceBorrowEmission.test_owned_value_graph_refusals_preserve_output) (case='late_observation', compiler=PosixPath('/home/jkh/Src/nanolang-checked-owner-dependency-selection/bin/nano_virt'))
----------------------------------------------------------------------
Traceback (most recent call last):
  File "/home/jkh/Src/nanolang-checked-owner-dependency-selection/tests/test_source_borrow_emission.py", line 1239, in test_owned_value_graph_refusals_preserve_output
    result = subprocess.run([*args, '-o', output], cwd=ROOT, capture_output=True, text=True, timeout=180)
  File "/home/linuxbrew/.linuxbrew/Cellar/python@3.14/3.14.5/lib/python3.14/subprocess.py", line 555, in run
    with Popen(*popenargs, **kwargs) as process:
         ~~~~~^^^^^^^^^^^^^^^^^^^^^^
  File "/home/linuxbrew/.linuxbrew/Cellar/python@3.14/3.14.5/lib/python3.14/subprocess.py", line 1039, in __init__
    self._execute_child(args, executable, preexec_fn, close_fds,
    ~~~~~~~~~~~~~~~~~~~^^^^^^^^^^^^^^^^^^^^^^^^^^^^^^^^^^^^^^^^^
                        pass_fds, cwd, env,
                        ^^^^^^^^^^^^^^^^^^^
    ...<5 lines>...
                        gid, gids, uid, umask,
                        ^^^^^^^^^^^^^^^^^^^^^^
                        start_new_session, process_group)
                        ^^^^^^^^^^^^^^^^^^^^^^^^^^^^^^^^^
  File "/home/linuxbrew/.linuxbrew/Cellar/python@3.14/3.14.5/lib/python3.14/subprocess.py", line 1990, in _execute_child
    raise child_exception_type(errno_num, err_msg, err_filename)
FileNotFoundError: [Errno 2] No such file or directory: PosixPath('/home/jkh/Src/nanolang-checked-owner-dependency-selection/bin/nano_virt')

======================================================================
ERROR: test_owned_value_graph_refusals_preserve_output (tests.test_source_borrow_emission.SourceBorrowEmission.test_owned_value_graph_refusals_preserve_output) (case='late_observation', compiler=PosixPath('/home/jkh/Src/nanolang-checked-owner-dependency-selection/bin/nanoisa_emit'))
----------------------------------------------------------------------
Traceback (most recent call last):
  File "/home/jkh/Src/nanolang-checked-owner-dependency-selection/tests/test_source_borrow_emission.py", line 1239, in test_owned_value_graph_refusals_preserve_output
    result = subprocess.run([*args, '-o', output], cwd=ROOT, capture_output=True, text=True, timeout=180)
  File "/home/linuxbrew/.linuxbrew/Cellar/python@3.14/3.14.5/lib/python3.14/subprocess.py", line 555, in run
    with Popen(*popenargs, **kwargs) as process:
         ~~~~~^^^^^^^^^^^^^^^^^^^^^^
  File "/home/linuxbrew/.linuxbrew/Cellar/python@3.14/3.14.5/lib/python3.14/subprocess.py", line 1039, in __init__
    self._execute_child(args, executable, preexec_fn, close_fds,
    ~~~~~~~~~~~~~~~~~~~^^^^^^^^^^^^^^^^^^^^^^^^^^^^^^^^^^^^^^^^^
                        pass_fds, cwd, env,
                        ^^^^^^^^^^^^^^^^^^^
    ...<5 lines>...
                        gid, gids, uid, umask,
                        ^^^^^^^^^^^^^^^^^^^^^^
                        start_new_session, process_group)
                        ^^^^^^^^^^^^^^^^^^^^^^^^^^^^^^^^^
  File "/home/linuxbrew/.linuxbrew/Cellar/python@3.14/3.14.5/lib/python3.14/subprocess.py", line 1990, in _execute_child
    raise child_exception_type(errno_num, err_msg, err_filename)
FileNotFoundError: [Errno 2] No such file or directory: PosixPath('/home/jkh/Src/nanolang-checked-owner-dependency-selection/bin/nanoisa_emit')

======================================================================
ERROR: test_owned_value_graph_refusals_preserve_output (tests.test_source_borrow_emission.SourceBorrowEmission.test_owned_value_graph_refusals_preserve_output) (case='duplicate_move', compiler=PosixPath('/home/jkh/Src/nanolang-checked-owner-dependency-selection/bin/nano_virt'))
----------------------------------------------------------------------
Traceback (most recent call last):
  File "/home/jkh/Src/nanolang-checked-owner-dependency-selection/tests/test_source_borrow_emission.py", line 1239, in test_owned_value_graph_refusals_preserve_output
    result = subprocess.run([*args, '-o', output], cwd=ROOT, capture_output=True, text=True, timeout=180)
  File "/home/linuxbrew/.linuxbrew/Cellar/python@3.14/3.14.5/lib/python3.14/subprocess.py", line 555, in run
    with Popen(*popenargs, **kwargs) as process:
         ~~~~~^^^^^^^^^^^^^^^^^^^^^^
  File "/home/linuxbrew/.linuxbrew/Cellar/python@3.14/3.14.5/lib/python3.14/subprocess.py", line 1039, in __init__
    self._execute_child(args, executable, preexec_fn, close_fds,
    ~~~~~~~~~~~~~~~~~~~^^^^^^^^^^^^^^^^^^^^^^^^^^^^^^^^^^^^^^^^^
                        pass_fds, cwd, env,
                        ^^^^^^^^^^^^^^^^^^^
    ...<5 lines>...
                        gid, gids, uid, umask,
                        ^^^^^^^^^^^^^^^^^^^^^^
                        start_new_session, process_group)
                        ^^^^^^^^^^^^^^^^^^^^^^^^^^^^^^^^^
  File "/home/linuxbrew/.linuxbrew/Cellar/python@3.14/3.14.5/lib/python3.14/subprocess.py", line 1990, in _execute_child
    raise child_exception_type(errno_num, err_msg, err_filename)
FileNotFoundError: [Errno 2] No such file or directory: PosixPath('/home/jkh/Src/nanolang-checked-owner-dependency-selection/bin/nano_virt')

======================================================================
ERROR: test_owned_value_graph_refusals_preserve_output (tests.test_source_borrow_emission.SourceBorrowEmission.test_owned_value_graph_refusals_preserve_output) (case='duplicate_move', compiler=PosixPath('/home/jkh/Src/nanolang-checked-owner-dependency-selection/bin/nanoisa_emit'))
----------------------------------------------------------------------
Traceback (most recent call last):
  File "/home/jkh/Src/nanolang-checked-owner-dependency-selection/tests/test_source_borrow_emission.py", line 1239, in test_owned_value_graph_refusals_preserve_output
    result = subprocess.run([*args, '-o', output], cwd=ROOT, capture_output=True, text=True, timeout=180)
  File "/home/linuxbrew/.linuxbrew/Cellar/python@3.14/3.14.5/lib/python3.14/subprocess.py", line 555, in run
    with Popen(*popenargs, **kwargs) as process:
         ~~~~~^^^^^^^^^^^^^^^^^^^^^^
  File "/home/linuxbrew/.linuxbrew/Cellar/python@3.14/3.14.5/lib/python3.14/subprocess.py", line 1039, in __init__
    self._execute_child(args, executable, preexec_fn, close_fds,
    ~~~~~~~~~~~~~~~~~~~^^^^^^^^^^^^^^^^^^^^^^^^^^^^^^^^^^^^^^^^^
                        pass_fds, cwd, env,
                        ^^^^^^^^^^^^^^^^^^^
    ...<5 lines>...
                        gid, gids, uid, umask,
                        ^^^^^^^^^^^^^^^^^^^^^^
                        start_new_session, process_group)
                        ^^^^^^^^^^^^^^^^^^^^^^^^^^^^^^^^^
  File "/home/linuxbrew/.linuxbrew/Cellar/python@3.14/3.14.5/lib/python3.14/subprocess.py", line 1990, in _execute_child
    raise child_exception_type(errno_num, err_msg, err_filename)
FileNotFoundError: [Errno 2] No such file or directory: PosixPath('/home/jkh/Src/nanolang-checked-owner-dependency-selection/bin/nanoisa_emit')

======================================================================
ERROR: test_owned_value_graph_refusals_preserve_output (tests.test_source_borrow_emission.SourceBorrowEmission.test_owned_value_graph_refusals_preserve_output) (case='discard_result', compiler=PosixPath('/home/jkh/Src/nanolang-checked-owner-dependency-selection/bin/nano_virt'))
----------------------------------------------------------------------
Traceback (most recent call last):
  File "/home/jkh/Src/nanolang-checked-owner-dependency-selection/tests/test_source_borrow_emission.py", line 1239, in test_owned_value_graph_refusals_preserve_output
    result = subprocess.run([*args, '-o', output], cwd=ROOT, capture_output=True, text=True, timeout=180)
  File "/home/linuxbrew/.linuxbrew/Cellar/python@3.14/3.14.5/lib/python3.14/subprocess.py", line 555, in run
    with Popen(*popenargs, **kwargs) as process:
         ~~~~~^^^^^^^^^^^^^^^^^^^^^^
  File "/home/linuxbrew/.linuxbrew/Cellar/python@3.14/3.14.5/lib/python3.14/subprocess.py", line 1039, in __init__
    self._execute_child(args, executable, preexec_fn, close_fds,
    ~~~~~~~~~~~~~~~~~~~^^^^^^^^^^^^^^^^^^^^^^^^^^^^^^^^^^^^^^^^^
                        pass_fds, cwd, env,
                        ^^^^^^^^^^^^^^^^^^^
    ...<5 lines>...
                        gid, gids, uid, umask,
                        ^^^^^^^^^^^^^^^^^^^^^^
                        start_new_session, process_group)
                        ^^^^^^^^^^^^^^^^^^^^^^^^^^^^^^^^^
  File "/home/linuxbrew/.linuxbrew/Cellar/python@3.14/3.14.5/lib/python3.14/subprocess.py", line 1990, in _execute_child
    raise child_exception_type(errno_num, err_msg, err_filename)
FileNotFoundError: [Errno 2] No such file or directory: PosixPath('/home/jkh/Src/nanolang-checked-owner-dependency-selection/bin/nano_virt')

======================================================================
ERROR: test_owned_value_graph_refusals_preserve_output (tests.test_source_borrow_emission.SourceBorrowEmission.test_owned_value_graph_refusals_preserve_output) (case='discard_result', compiler=PosixPath('/home/jkh/Src/nanolang-checked-owner-dependency-selection/bin/nanoisa_emit'))
----------------------------------------------------------------------
Traceback (most recent call last):
  File "/home/jkh/Src/nanolang-checked-owner-dependency-selection/tests/test_source_borrow_emission.py", line 1239, in test_owned_value_graph_refusals_preserve_output
    result = subprocess.run([*args, '-o', output], cwd=ROOT, capture_output=True, text=True, timeout=180)
  File "/home/linuxbrew/.linuxbrew/Cellar/python@3.14/3.14.5/lib/python3.14/subprocess.py", line 555, in run
    with Popen(*popenargs, **kwargs) as process:
         ~~~~~^^^^^^^^^^^^^^^^^^^^^^
  File "/home/linuxbrew/.linuxbrew/Cellar/python@3.14/3.14.5/lib/python3.14/subprocess.py", line 1039, in __init__
    self._execute_child(args, executable, preexec_fn, close_fds,
    ~~~~~~~~~~~~~~~~~~~^^^^^^^^^^^^^^^^^^^^^^^^^^^^^^^^^^^^^^^^^
                        pass_fds, cwd, env,
                        ^^^^^^^^^^^^^^^^^^^
    ...<5 lines>...
                        gid, gids, uid, umask,
                        ^^^^^^^^^^^^^^^^^^^^^^
                        start_new_session, process_group)
                        ^^^^^^^^^^^^^^^^^^^^^^^^^^^^^^^^^
  File "/home/linuxbrew/.linuxbrew/Cellar/python@3.14/3.14.5/lib/python3.14/subprocess.py", line 1990, in _execute_child
    raise child_exception_type(errno_num, err_msg, err_filename)
FileNotFoundError: [Errno 2] No such file or directory: PosixPath('/home/jkh/Src/nanolang-checked-owner-dependency-selection/bin/nanoisa_emit')

======================================================================
ERROR: test_owned_value_graph_refusals_preserve_output (tests.test_source_borrow_emission.SourceBorrowEmission.test_owned_value_graph_refusals_preserve_output) (case='wrong_return_nominal', compiler=PosixPath('/home/jkh/Src/nanolang-checked-owner-dependency-selection/bin/nano_virt'))
----------------------------------------------------------------------
Traceback (most recent call last):
  File "/home/jkh/Src/nanolang-checked-owner-dependency-selection/tests/test_source_borrow_emission.py", line 1239, in test_owned_value_graph_refusals_preserve_output
    result = subprocess.run([*args, '-o', output], cwd=ROOT, capture_output=True, text=True, timeout=180)
  File "/home/linuxbrew/.linuxbrew/Cellar/python@3.14/3.14.5/lib/python3.14/subprocess.py", line 555, in run
    with Popen(*popenargs, **kwargs) as process:
         ~~~~~^^^^^^^^^^^^^^^^^^^^^^
  File "/home/linuxbrew/.linuxbrew/Cellar/python@3.14/3.14.5/lib/python3.14/subprocess.py", line 1039, in __init__
    self._execute_child(args, executable, preexec_fn, close_fds,
    ~~~~~~~~~~~~~~~~~~~^^^^^^^^^^^^^^^^^^^^^^^^^^^^^^^^^^^^^^^^^
                        pass_fds, cwd, env,
                        ^^^^^^^^^^^^^^^^^^^
    ...<5 lines>...
                        gid, gids, uid, umask,
                        ^^^^^^^^^^^^^^^^^^^^^^
                        start_new_session, process_group)
                        ^^^^^^^^^^^^^^^^^^^^^^^^^^^^^^^^^
  File "/home/linuxbrew/.linuxbrew/Cellar/python@3.14/3.14.5/lib/python3.14/subprocess.py", line 1990, in _execute_child
    raise child_exception_type(errno_num, err_msg, err_filename)
FileNotFoundError: [Errno 2] No such file or directory: PosixPath('/home/jkh/Src/nanolang-checked-owner-dependency-selection/bin/nano_virt')

======================================================================
ERROR: test_owned_value_graph_refusals_preserve_output (tests.test_source_borrow_emission.SourceBorrowEmission.test_owned_value_graph_refusals_preserve_output) (case='wrong_return_nominal', compiler=PosixPath('/home/jkh/Src/nanolang-checked-owner-dependency-selection/bin/nanoisa_emit'))
----------------------------------------------------------------------
Traceback (most recent call last):
  File "/home/jkh/Src/nanolang-checked-owner-dependency-selection/tests/test_source_borrow_emission.py", line 1239, in test_owned_value_graph_refusals_preserve_output
    result = subprocess.run([*args, '-o', output], cwd=ROOT, capture_output=True, text=True, timeout=180)
  File "/home/linuxbrew/.linuxbrew/Cellar/python@3.14/3.14.5/lib/python3.14/subprocess.py", line 555, in run
    with Popen(*popenargs, **kwargs) as process:
         ~~~~~^^^^^^^^^^^^^^^^^^^^^^
  File "/home/linuxbrew/.linuxbrew/Cellar/python@3.14/3.14.5/lib/python3.14/subprocess.py", line 1039, in __init__
    self._execute_child(args, executable, preexec_fn, close_fds,
    ~~~~~~~~~~~~~~~~~~~^^^^^^^^^^^^^^^^^^^^^^^^^^^^^^^^^^^^^^^^^
                        pass_fds, cwd, env,
                        ^^^^^^^^^^^^^^^^^^^
    ...<5 lines>...
                        gid, gids, uid, umask,
                        ^^^^^^^^^^^^^^^^^^^^^^
                        start_new_session, process_group)
                        ^^^^^^^^^^^^^^^^^^^^^^^^^^^^^^^^^
  File "/home/linuxbrew/.linuxbrew/Cellar/python@3.14/3.14.5/lib/python3.14/subprocess.py", line 1990, in _execute_child
    raise child_exception_type(errno_num, err_msg, err_filename)
FileNotFoundError: [Errno 2] No such file or directory: PosixPath('/home/jkh/Src/nanolang-checked-owner-dependency-selection/bin/nanoisa_emit')

======================================================================
ERROR: test_owned_value_graph_refusals_preserve_output (tests.test_source_borrow_emission.SourceBorrowEmission.test_owned_value_graph_refusals_preserve_output) (case='unconsumed', compiler=PosixPath('/home/jkh/Src/nanolang-checked-owner-dependency-selection/bin/nano_virt'))
----------------------------------------------------------------------
Traceback (most recent call last):
  File "/home/jkh/Src/nanolang-checked-owner-dependency-selection/tests/test_source_borrow_emission.py", line 1239, in test_owned_value_graph_refusals_preserve_output
    result = subprocess.run([*args, '-o', output], cwd=ROOT, capture_output=True, text=True, timeout=180)
  File "/home/linuxbrew/.linuxbrew/Cellar/python@3.14/3.14.5/lib/python3.14/subprocess.py", line 555, in run
    with Popen(*popenargs, **kwargs) as process:
         ~~~~~^^^^^^^^^^^^^^^^^^^^^^
  File "/home/linuxbrew/.linuxbrew/Cellar/python@3.14/3.14.5/lib/python3.14/subprocess.py", line 1039, in __init__
    self._execute_child(args, executable, preexec_fn, close_fds,
    ~~~~~~~~~~~~~~~~~~~^^^^^^^^^^^^^^^^^^^^^^^^^^^^^^^^^^^^^^^^^
                        pass_fds, cwd, env,
                        ^^^^^^^^^^^^^^^^^^^
    ...<5 lines>...
                        gid, gids, uid, umask,
                        ^^^^^^^^^^^^^^^^^^^^^^
                        start_new_session, process_group)
                        ^^^^^^^^^^^^^^^^^^^^^^^^^^^^^^^^^
  File "/home/linuxbrew/.linuxbrew/Cellar/python@3.14/3.14.5/lib/python3.14/subprocess.py", line 1990, in _execute_child
    raise child_exception_type(errno_num, err_msg, err_filename)
FileNotFoundError: [Errno 2] No such file or directory: PosixPath('/home/jkh/Src/nanolang-checked-owner-dependency-selection/bin/nano_virt')

======================================================================
ERROR: test_owned_value_graph_refusals_preserve_output (tests.test_source_borrow_emission.SourceBorrowEmission.test_owned_value_graph_refusals_preserve_output) (case='unconsumed', compiler=PosixPath('/home/jkh/Src/nanolang-checked-owner-dependency-selection/bin/nanoisa_emit'))
----------------------------------------------------------------------
Traceback (most recent call last):
  File "/home/jkh/Src/nanolang-checked-owner-dependency-selection/tests/test_source_borrow_emission.py", line 1239, in test_owned_value_graph_refusals_preserve_output
    result = subprocess.run([*args, '-o', output], cwd=ROOT, capture_output=True, text=True, timeout=180)
  File "/home/linuxbrew/.linuxbrew/Cellar/python@3.14/3.14.5/lib/python3.14/subprocess.py", line 555, in run
    with Popen(*popenargs, **kwargs) as process:
         ~~~~~^^^^^^^^^^^^^^^^^^^^^^
  File "/home/linuxbrew/.linuxbrew/Cellar/python@3.14/3.14.5/lib/python3.14/subprocess.py", line 1039, in __init__
    self._execute_child(args, executable, preexec_fn, close_fds,
    ~~~~~~~~~~~~~~~~~~~^^^^^^^^^^^^^^^^^^^^^^^^^^^^^^^^^^^^^^^^^
                        pass_fds, cwd, env,
                        ^^^^^^^^^^^^^^^^^^^
    ...<5 lines>...
                        gid, gids, uid, umask,
                        ^^^^^^^^^^^^^^^^^^^^^^
                        start_new_session, process_group)
                        ^^^^^^^^^^^^^^^^^^^^^^^^^^^^^^^^^
  File "/home/linuxbrew/.linuxbrew/Cellar/python@3.14/3.14.5/lib/python3.14/subprocess.py", line 1990, in _execute_child
    raise child_exception_type(errno_num, err_msg, err_filename)
FileNotFoundError: [Errno 2] No such file or directory: PosixPath('/home/jkh/Src/nanolang-checked-owner-dependency-selection/bin/nanoisa_emit')

======================================================================
ERROR: test_owned_value_graph_refusals_preserve_output (tests.test_source_borrow_emission.SourceBorrowEmission.test_owned_value_graph_refusals_preserve_output) (case='constructed_actual', compiler=PosixPath('/home/jkh/Src/nanolang-checked-owner-dependency-selection/bin/nano_virt'))
----------------------------------------------------------------------
Traceback (most recent call last):
  File "/home/jkh/Src/nanolang-checked-owner-dependency-selection/tests/test_source_borrow_emission.py", line 1239, in test_owned_value_graph_refusals_preserve_output
    result = subprocess.run([*args, '-o', output], cwd=ROOT, capture_output=True, text=True, timeout=180)
  File "/home/linuxbrew/.linuxbrew/Cellar/python@3.14/3.14.5/lib/python3.14/subprocess.py", line 555, in run
    with Popen(*popenargs, **kwargs) as process:
         ~~~~~^^^^^^^^^^^^^^^^^^^^^^
  File "/home/linuxbrew/.linuxbrew/Cellar/python@3.14/3.14.5/lib/python3.14/subprocess.py", line 1039, in __init__
    self._execute_child(args, executable, preexec_fn, close_fds,
    ~~~~~~~~~~~~~~~~~~~^^^^^^^^^^^^^^^^^^^^^^^^^^^^^^^^^^^^^^^^^
                        pass_fds, cwd, env,
                        ^^^^^^^^^^^^^^^^^^^
    ...<5 lines>...
                        gid, gids, uid, umask,
                        ^^^^^^^^^^^^^^^^^^^^^^
                        start_new_session, process_group)
                        ^^^^^^^^^^^^^^^^^^^^^^^^^^^^^^^^^
  File "/home/linuxbrew/.linuxbrew/Cellar/python@3.14/3.14.5/lib/python3.14/subprocess.py", line 1990, in _execute_child
    raise child_exception_type(errno_num, err_msg, err_filename)
FileNotFoundError: [Errno 2] No such file or directory: PosixPath('/home/jkh/Src/nanolang-checked-owner-dependency-selection/bin/nano_virt')

======================================================================
ERROR: test_owned_value_graph_refusals_preserve_output (tests.test_source_borrow_emission.SourceBorrowEmission.test_owned_value_graph_refusals_preserve_output) (case='constructed_actual', compiler=PosixPath('/home/jkh/Src/nanolang-checked-owner-dependency-selection/bin/nanoisa_emit'))
----------------------------------------------------------------------
Traceback (most recent call last):
  File "/home/jkh/Src/nanolang-checked-owner-dependency-selection/tests/test_source_borrow_emission.py", line 1239, in test_owned_value_graph_refusals_preserve_output
    result = subprocess.run([*args, '-o', output], cwd=ROOT, capture_output=True, text=True, timeout=180)
  File "/home/linuxbrew/.linuxbrew/Cellar/python@3.14/3.14.5/lib/python3.14/subprocess.py", line 555, in run
    with Popen(*popenargs, **kwargs) as process:
         ~~~~~^^^^^^^^^^^^^^^^^^^^^^
  File "/home/linuxbrew/.linuxbrew/Cellar/python@3.14/3.14.5/lib/python3.14/subprocess.py", line 1039, in __init__
    self._execute_child(args, executable, preexec_fn, close_fds,
    ~~~~~~~~~~~~~~~~~~~^^^^^^^^^^^^^^^^^^^^^^^^^^^^^^^^^^^^^^^^^
                        pass_fds, cwd, env,
                        ^^^^^^^^^^^^^^^^^^^
    ...<5 lines>...
                        gid, gids, uid, umask,
                        ^^^^^^^^^^^^^^^^^^^^^^
                        start_new_session, process_group)
                        ^^^^^^^^^^^^^^^^^^^^^^^^^^^^^^^^^
  File "/home/linuxbrew/.linuxbrew/Cellar/python@3.14/3.14.5/lib/python3.14/subprocess.py", line 1990, in _execute_child
    raise child_exception_type(errno_num, err_msg, err_filename)
FileNotFoundError: [Errno 2] No such file or directory: PosixPath('/home/jkh/Src/nanolang-checked-owner-dependency-selection/bin/nanoisa_emit')

======================================================================
ERROR: test_owned_value_graph_refusals_preserve_output (tests.test_source_borrow_emission.SourceBorrowEmission.test_owned_value_graph_refusals_preserve_output) (case='missing_result', compiler=PosixPath('/home/jkh/Src/nanolang-checked-owner-dependency-selection/bin/nano_virt'))
----------------------------------------------------------------------
Traceback (most recent call last):
  File "/home/jkh/Src/nanolang-checked-owner-dependency-selection/tests/test_source_borrow_emission.py", line 1239, in test_owned_value_graph_refusals_preserve_output
    result = subprocess.run([*args, '-o', output], cwd=ROOT, capture_output=True, text=True, timeout=180)
  File "/home/linuxbrew/.linuxbrew/Cellar/python@3.14/3.14.5/lib/python3.14/subprocess.py", line 555, in run
    with Popen(*popenargs, **kwargs) as process:
         ~~~~~^^^^^^^^^^^^^^^^^^^^^^
  File "/home/linuxbrew/.linuxbrew/Cellar/python@3.14/3.14.5/lib/python3.14/subprocess.py", line 1039, in __init__
    self._execute_child(args, executable, preexec_fn, close_fds,
    ~~~~~~~~~~~~~~~~~~~^^^^^^^^^^^^^^^^^^^^^^^^^^^^^^^^^^^^^^^^^
                        pass_fds, cwd, env,
                        ^^^^^^^^^^^^^^^^^^^
    ...<5 lines>...
                        gid, gids, uid, umask,
                        ^^^^^^^^^^^^^^^^^^^^^^
                        start_new_session, process_group)
                        ^^^^^^^^^^^^^^^^^^^^^^^^^^^^^^^^^
  File "/home/linuxbrew/.linuxbrew/Cellar/python@3.14/3.14.5/lib/python3.14/subprocess.py", line 1990, in _execute_child
    raise child_exception_type(errno_num, err_msg, err_filename)
FileNotFoundError: [Errno 2] No such file or directory: PosixPath('/home/jkh/Src/nanolang-checked-owner-dependency-selection/bin/nano_virt')

======================================================================
ERROR: test_owned_value_graph_refusals_preserve_output (tests.test_source_borrow_emission.SourceBorrowEmission.test_owned_value_graph_refusals_preserve_output) (case='missing_result', compiler=PosixPath('/home/jkh/Src/nanolang-checked-owner-dependency-selection/bin/nanoisa_emit'))
----------------------------------------------------------------------
Traceback (most recent call last):
  File "/home/jkh/Src/nanolang-checked-owner-dependency-selection/tests/test_source_borrow_emission.py", line 1239, in test_owned_value_graph_refusals_preserve_output
    result = subprocess.run([*args, '-o', output], cwd=ROOT, capture_output=True, text=True, timeout=180)
  File "/home/linuxbrew/.linuxbrew/Cellar/python@3.14/3.14.5/lib/python3.14/subprocess.py", line 555, in run
    with Popen(*popenargs, **kwargs) as process:
         ~~~~~^^^^^^^^^^^^^^^^^^^^^^
  File "/home/linuxbrew/.linuxbrew/Cellar/python@3.14/3.14.5/lib/python3.14/subprocess.py", line 1039, in __init__
    self._execute_child(args, executable, preexec_fn, close_fds,
    ~~~~~~~~~~~~~~~~~~~^^^^^^^^^^^^^^^^^^^^^^^^^^^^^^^^^^^^^^^^^
                        pass_fds, cwd, env,
                        ^^^^^^^^^^^^^^^^^^^
    ...<5 lines>...
                        gid, gids, uid, umask,
                        ^^^^^^^^^^^^^^^^^^^^^^
                        start_new_session, process_group)
                        ^^^^^^^^^^^^^^^^^^^^^^^^^^^^^^^^^
  File "/home/linuxbrew/.linuxbrew/Cellar/python@3.14/3.14.5/lib/python3.14/subprocess.py", line 1990, in _execute_child
    raise child_exception_type(errno_num, err_msg, err_filename)
FileNotFoundError: [Errno 2] No such file or directory: PosixPath('/home/jkh/Src/nanolang-checked-owner-dependency-selection/bin/nanoisa_emit')

======================================================================
ERROR: test_owned_value_graph_refusals_preserve_output (tests.test_source_borrow_emission.SourceBorrowEmission.test_owned_value_graph_refusals_preserve_output) (case='scalar_result', compiler=PosixPath('/home/jkh/Src/nanolang-checked-owner-dependency-selection/bin/nano_virt'))
----------------------------------------------------------------------
Traceback (most recent call last):
  File "/home/jkh/Src/nanolang-checked-owner-dependency-selection/tests/test_source_borrow_emission.py", line 1239, in test_owned_value_graph_refusals_preserve_output
    result = subprocess.run([*args, '-o', output], cwd=ROOT, capture_output=True, text=True, timeout=180)
  File "/home/linuxbrew/.linuxbrew/Cellar/python@3.14/3.14.5/lib/python3.14/subprocess.py", line 555, in run
    with Popen(*popenargs, **kwargs) as process:
         ~~~~~^^^^^^^^^^^^^^^^^^^^^^
  File "/home/linuxbrew/.linuxbrew/Cellar/python@3.14/3.14.5/lib/python3.14/subprocess.py", line 1039, in __init__
    self._execute_child(args, executable, preexec_fn, close_fds,
    ~~~~~~~~~~~~~~~~~~~^^^^^^^^^^^^^^^^^^^^^^^^^^^^^^^^^^^^^^^^^
                        pass_fds, cwd, env,
                        ^^^^^^^^^^^^^^^^^^^
    ...<5 lines>...
                        gid, gids, uid, umask,
                        ^^^^^^^^^^^^^^^^^^^^^^
                        start_new_session, process_group)
                        ^^^^^^^^^^^^^^^^^^^^^^^^^^^^^^^^^
  File "/home/linuxbrew/.linuxbrew/Cellar/python@3.14/3.14.5/lib/python3.14/subprocess.py", line 1990, in _execute_child
    raise child_exception_type(errno_num, err_msg, err_filename)
FileNotFoundError: [Errno 2] No such file or directory: PosixPath('/home/jkh/Src/nanolang-checked-owner-dependency-selection/bin/nano_virt')

======================================================================
ERROR: test_owned_value_graph_refusals_preserve_output (tests.test_source_borrow_emission.SourceBorrowEmission.test_owned_value_graph_refusals_preserve_output) (case='scalar_result', compiler=PosixPath('/home/jkh/Src/nanolang-checked-owner-dependency-selection/bin/nanoisa_emit'))
----------------------------------------------------------------------
Traceback (most recent call last):
  File "/home/jkh/Src/nanolang-checked-owner-dependency-selection/tests/test_source_borrow_emission.py", line 1239, in test_owned_value_graph_refusals_preserve_output
    result = subprocess.run([*args, '-o', output], cwd=ROOT, capture_output=True, text=True, timeout=180)
  File "/home/linuxbrew/.linuxbrew/Cellar/python@3.14/3.14.5/lib/python3.14/subprocess.py", line 555, in run
    with Popen(*popenargs, **kwargs) as process:
         ~~~~~^^^^^^^^^^^^^^^^^^^^^^
  File "/home/linuxbrew/.linuxbrew/Cellar/python@3.14/3.14.5/lib/python3.14/subprocess.py", line 1039, in __init__
    self._execute_child(args, executable, preexec_fn, close_fds,
    ~~~~~~~~~~~~~~~~~~~^^^^^^^^^^^^^^^^^^^^^^^^^^^^^^^^^^^^^^^^^
                        pass_fds, cwd, env,
                        ^^^^^^^^^^^^^^^^^^^
    ...<5 lines>...
                        gid, gids, uid, umask,
                        ^^^^^^^^^^^^^^^^^^^^^^
                        start_new_session, process_group)
                        ^^^^^^^^^^^^^^^^^^^^^^^^^^^^^^^^^
  File "/home/linuxbrew/.linuxbrew/Cellar/python@3.14/3.14.5/lib/python3.14/subprocess.py", line 1990, in _execute_child
    raise child_exception_type(errno_num, err_msg, err_filename)
FileNotFoundError: [Errno 2] No such file or directory: PosixPath('/home/jkh/Src/nanolang-checked-owner-dependency-selection/bin/nanoisa_emit')

======================================================================
ERROR: test_owned_value_graph_refusals_preserve_output (tests.test_source_borrow_emission.SourceBorrowEmission.test_owned_value_graph_refusals_preserve_output) (case='cycle', compiler=PosixPath('/home/jkh/Src/nanolang-checked-owner-dependency-selection/bin/nano_virt'))
----------------------------------------------------------------------
Traceback (most recent call last):
  File "/home/jkh/Src/nanolang-checked-owner-dependency-selection/tests/test_source_borrow_emission.py", line 1239, in test_owned_value_graph_refusals_preserve_output
    result = subprocess.run([*args, '-o', output], cwd=ROOT, capture_output=True, text=True, timeout=180)
  File "/home/linuxbrew/.linuxbrew/Cellar/python@3.14/3.14.5/lib/python3.14/subprocess.py", line 555, in run
    with Popen(*popenargs, **kwargs) as process:
         ~~~~~^^^^^^^^^^^^^^^^^^^^^^
  File "/home/linuxbrew/.linuxbrew/Cellar/python@3.14/3.14.5/lib/python3.14/subprocess.py", line 1039, in __init__
    self._execute_child(args, executable, preexec_fn, close_fds,
    ~~~~~~~~~~~~~~~~~~~^^^^^^^^^^^^^^^^^^^^^^^^^^^^^^^^^^^^^^^^^
                        pass_fds, cwd, env,
                        ^^^^^^^^^^^^^^^^^^^
    ...<5 lines>...
                        gid, gids, uid, umask,
                        ^^^^^^^^^^^^^^^^^^^^^^
                        start_new_session, process_group)
                        ^^^^^^^^^^^^^^^^^^^^^^^^^^^^^^^^^
  File "/home/linuxbrew/.linuxbrew/Cellar/python@3.14/3.14.5/lib/python3.14/subprocess.py", line 1990, in _execute_child
    raise child_exception_type(errno_num, err_msg, err_filename)
FileNotFoundError: [Errno 2] No such file or directory: PosixPath('/home/jkh/Src/nanolang-checked-owner-dependency-selection/bin/nano_virt')

======================================================================
ERROR: test_owned_value_graph_refusals_preserve_output (tests.test_source_borrow_emission.SourceBorrowEmission.test_owned_value_graph_refusals_preserve_output) (case='cycle', compiler=PosixPath('/home/jkh/Src/nanolang-checked-owner-dependency-selection/bin/nanoisa_emit'))
----------------------------------------------------------------------
Traceback (most recent call last):
  File "/home/jkh/Src/nanolang-checked-owner-dependency-selection/tests/test_source_borrow_emission.py", line 1239, in test_owned_value_graph_refusals_preserve_output
    result = subprocess.run([*args, '-o', output], cwd=ROOT, capture_output=True, text=True, timeout=180)
  File "/home/linuxbrew/.linuxbrew/Cellar/python@3.14/3.14.5/lib/python3.14/subprocess.py", line 555, in run
    with Popen(*popenargs, **kwargs) as process:
         ~~~~~^^^^^^^^^^^^^^^^^^^^^^
  File "/home/linuxbrew/.linuxbrew/Cellar/python@3.14/3.14.5/lib/python3.14/subprocess.py", line 1039, in __init__
    self._execute_child(args, executable, preexec_fn, close_fds,
    ~~~~~~~~~~~~~~~~~~~^^^^^^^^^^^^^^^^^^^^^^^^^^^^^^^^^^^^^^^^^
                        pass_fds, cwd, env,
                        ^^^^^^^^^^^^^^^^^^^
    ...<5 lines>...
                        gid, gids, uid, umask,
                        ^^^^^^^^^^^^^^^^^^^^^^
                        start_new_session, process_group)
                        ^^^^^^^^^^^^^^^^^^^^^^^^^^^^^^^^^
  File "/home/linuxbrew/.linuxbrew/Cellar/python@3.14/3.14.5/lib/python3.14/subprocess.py", line 1990, in _execute_child
    raise child_exception_type(errno_num, err_msg, err_filename)
FileNotFoundError: [Errno 2] No such file or directory: PosixPath('/home/jkh/Src/nanolang-checked-owner-dependency-selection/bin/nanoisa_emit')

======================================================================
ERROR: test_owned_value_graph_refusals_preserve_output (tests.test_source_borrow_emission.SourceBorrowEmission.test_owned_value_graph_refusals_preserve_output) (case='function_shadow', compiler=PosixPath('/home/jkh/Src/nanolang-checked-owner-dependency-selection/bin/nano_virt'))
----------------------------------------------------------------------
Traceback (most recent call last):
  File "/home/jkh/Src/nanolang-checked-owner-dependency-selection/tests/test_source_borrow_emission.py", line 1239, in test_owned_value_graph_refusals_preserve_output
    result = subprocess.run([*args, '-o', output], cwd=ROOT, capture_output=True, text=True, timeout=180)
  File "/home/linuxbrew/.linuxbrew/Cellar/python@3.14/3.14.5/lib/python3.14/subprocess.py", line 555, in run
    with Popen(*popenargs, **kwargs) as process:
         ~~~~~^^^^^^^^^^^^^^^^^^^^^^
  File "/home/linuxbrew/.linuxbrew/Cellar/python@3.14/3.14.5/lib/python3.14/subprocess.py", line 1039, in __init__
    self._execute_child(args, executable, preexec_fn, close_fds,
    ~~~~~~~~~~~~~~~~~~~^^^^^^^^^^^^^^^^^^^^^^^^^^^^^^^^^^^^^^^^^
                        pass_fds, cwd, env,
                        ^^^^^^^^^^^^^^^^^^^
    ...<5 lines>...
                        gid, gids, uid, umask,
                        ^^^^^^^^^^^^^^^^^^^^^^
                        start_new_session, process_group)
                        ^^^^^^^^^^^^^^^^^^^^^^^^^^^^^^^^^
  File "/home/linuxbrew/.linuxbrew/Cellar/python@3.14/3.14.5/lib/python3.14/subprocess.py", line 1990, in _execute_child
    raise child_exception_type(errno_num, err_msg, err_filename)
FileNotFoundError: [Errno 2] No such file or directory: PosixPath('/home/jkh/Src/nanolang-checked-owner-dependency-selection/bin/nano_virt')

======================================================================
ERROR: test_owned_value_graph_refusals_preserve_output (tests.test_source_borrow_emission.SourceBorrowEmission.test_owned_value_graph_refusals_preserve_output) (case='function_shadow', compiler=PosixPath('/home/jkh/Src/nanolang-checked-owner-dependency-selection/bin/nanoisa_emit'))
----------------------------------------------------------------------
Traceback (most recent call last):
  File "/home/jkh/Src/nanolang-checked-owner-dependency-selection/tests/test_source_borrow_emission.py", line 1239, in test_owned_value_graph_refusals_preserve_output
    result = subprocess.run([*args, '-o', output], cwd=ROOT, capture_output=True, text=True, timeout=180)
  File "/home/linuxbrew/.linuxbrew/Cellar/python@3.14/3.14.5/lib/python3.14/subprocess.py", line 555, in run
    with Popen(*popenargs, **kwargs) as process:
         ~~~~~^^^^^^^^^^^^^^^^^^^^^^
  File "/home/linuxbrew/.linuxbrew/Cellar/python@3.14/3.14.5/lib/python3.14/subprocess.py", line 1039, in __init__
    self._execute_child(args, executable, preexec_fn, close_fds,
    ~~~~~~~~~~~~~~~~~~~^^^^^^^^^^^^^^^^^^^^^^^^^^^^^^^^^^^^^^^^^
                        pass_fds, cwd, env,
                        ^^^^^^^^^^^^^^^^^^^
    ...<5 lines>...
                        gid, gids, uid, umask,
                        ^^^^^^^^^^^^^^^^^^^^^^
                        start_new_session, process_group)
                        ^^^^^^^^^^^^^^^^^^^^^^^^^^^^^^^^^
  File "/home/linuxbrew/.linuxbrew/Cellar/python@3.14/3.14.5/lib/python3.14/subprocess.py", line 1990, in _execute_child
    raise child_exception_type(errno_num, err_msg, err_filename)
FileNotFoundError: [Errno 2] No such file or directory: PosixPath('/home/jkh/Src/nanolang-checked-owner-dependency-selection/bin/nanoisa_emit')

======================================================================
ERROR: test_owned_value_graph_refusals_preserve_output (tests.test_source_borrow_emission.SourceBorrowEmission.test_owned_value_graph_refusals_preserve_output) (case='too_many_functions', compiler=PosixPath('/home/jkh/Src/nanolang-checked-owner-dependency-selection/bin/nano_virt'))
----------------------------------------------------------------------
Traceback (most recent call last):
  File "/home/jkh/Src/nanolang-checked-owner-dependency-selection/tests/test_source_borrow_emission.py", line 1239, in test_owned_value_graph_refusals_preserve_output
    result = subprocess.run([*args, '-o', output], cwd=ROOT, capture_output=True, text=True, timeout=180)
  File "/home/linuxbrew/.linuxbrew/Cellar/python@3.14/3.14.5/lib/python3.14/subprocess.py", line 555, in run
    with Popen(*popenargs, **kwargs) as process:
         ~~~~~^^^^^^^^^^^^^^^^^^^^^^
  File "/home/linuxbrew/.linuxbrew/Cellar/python@3.14/3.14.5/lib/python3.14/subprocess.py", line 1039, in __init__
    self._execute_child(args, executable, preexec_fn, close_fds,
    ~~~~~~~~~~~~~~~~~~~^^^^^^^^^^^^^^^^^^^^^^^^^^^^^^^^^^^^^^^^^
                        pass_fds, cwd, env,
                        ^^^^^^^^^^^^^^^^^^^
    ...<5 lines>...
                        gid, gids, uid, umask,
                        ^^^^^^^^^^^^^^^^^^^^^^
                        start_new_session, process_group)
                        ^^^^^^^^^^^^^^^^^^^^^^^^^^^^^^^^^
  File "/home/linuxbrew/.linuxbrew/Cellar/python@3.14/3.14.5/lib/python3.14/subprocess.py", line 1990, in _execute_child
    raise child_exception_type(errno_num, err_msg, err_filename)
FileNotFoundError: [Errno 2] No such file or directory: PosixPath('/home/jkh/Src/nanolang-checked-owner-dependency-selection/bin/nano_virt')

======================================================================
ERROR: test_owned_value_graph_refusals_preserve_output (tests.test_source_borrow_emission.SourceBorrowEmission.test_owned_value_graph_refusals_preserve_output) (case='too_many_functions', compiler=PosixPath('/home/jkh/Src/nanolang-checked-owner-dependency-selection/bin/nanoisa_emit'))
----------------------------------------------------------------------
Traceback (most recent call last):
  File "/home/jkh/Src/nanolang-checked-owner-dependency-selection/tests/test_source_borrow_emission.py", line 1239, in test_owned_value_graph_refusals_preserve_output
    result = subprocess.run([*args, '-o', output], cwd=ROOT, capture_output=True, text=True, timeout=180)
  File "/home/linuxbrew/.linuxbrew/Cellar/python@3.14/3.14.5/lib/python3.14/subprocess.py", line 555, in run
    with Popen(*popenargs, **kwargs) as process:
         ~~~~~^^^^^^^^^^^^^^^^^^^^^^
  File "/home/linuxbrew/.linuxbrew/Cellar/python@3.14/3.14.5/lib/python3.14/subprocess.py", line 1039, in __init__
    self._execute_child(args, executable, preexec_fn, close_fds,
    ~~~~~~~~~~~~~~~~~~~^^^^^^^^^^^^^^^^^^^^^^^^^^^^^^^^^^^^^^^^^
                        pass_fds, cwd, env,
                        ^^^^^^^^^^^^^^^^^^^
    ...<5 lines>...
                        gid, gids, uid, umask,
                        ^^^^^^^^^^^^^^^^^^^^^^
                        start_new_session, process_group)
                        ^^^^^^^^^^^^^^^^^^^^^^^^^^^^^^^^^
  File "/home/linuxbrew/.linuxbrew/Cellar/python@3.14/3.14.5/lib/python3.14/subprocess.py", line 1990, in _execute_child
    raise child_exception_type(errno_num, err_msg, err_filename)
FileNotFoundError: [Errno 2] No such file or directory: PosixPath('/home/jkh/Src/nanolang-checked-owner-dependency-selection/bin/nanoisa_emit')

======================================================================
ERROR: test_owned_value_graph_results_and_shadow_main (tests.test_source_borrow_emission.SourceBorrowEmission.test_owned_value_graph_results_and_shadow_main)
----------------------------------------------------------------------
Traceback (most recent call last):
  File "/home/jkh/Src/nanolang-checked-owner-dependency-selection/tests/test_source_borrow_emission.py", line 1168, in test_owned_value_graph_results_and_shadow_main
    baseline, shadow = self.graph_positive('factories', text)
                       ~~~~~~~~~~~~~~~~~~~^^^^^^^^^^^^^^^^^^^
  File "/home/jkh/Src/nanolang-checked-owner-dependency-selection/tests/test_source_borrow_emission.py", line 1141, in graph_positive
    self.command(ROOT / 'bin' / compiler, source, '--emit-nvm', '-o', module)
    ~~~~~~~~~~~~^^^^^^^^^^^^^^^^^^^^^^^^^^^^^^^^^^^^^^^^^^^^^^^^^^^^^^^^^^^^^
  File "/home/jkh/Src/nanolang-checked-owner-dependency-selection/tests/test_source_borrow_emission.py", line 36, in command
    result = subprocess.run([str(arg) for arg in args], cwd=ROOT, capture_output=True,
                            text=True, timeout=timeout)
  File "/home/linuxbrew/.linuxbrew/Cellar/python@3.14/3.14.5/lib/python3.14/subprocess.py", line 555, in run
    with Popen(*popenargs, **kwargs) as process:
         ~~~~~^^^^^^^^^^^^^^^^^^^^^^
  File "/home/linuxbrew/.linuxbrew/Cellar/python@3.14/3.14.5/lib/python3.14/subprocess.py", line 1039, in __init__
    self._execute_child(args, executable, preexec_fn, close_fds,
    ~~~~~~~~~~~~~~~~~~~^^^^^^^^^^^^^^^^^^^^^^^^^^^^^^^^^^^^^^^^^
                        pass_fds, cwd, env,
                        ^^^^^^^^^^^^^^^^^^^
    ...<5 lines>...
                        gid, gids, uid, umask,
                        ^^^^^^^^^^^^^^^^^^^^^^
                        start_new_session, process_group)
                        ^^^^^^^^^^^^^^^^^^^^^^^^^^^^^^^^^
  File "/home/linuxbrew/.linuxbrew/Cellar/python@3.14/3.14.5/lib/python3.14/subprocess.py", line 1990, in _execute_child
    raise child_exception_type(errno_num, err_msg, err_filename)
FileNotFoundError: [Errno 2] No such file or directory: '/home/jkh/Src/nanolang-checked-owner-dependency-selection/bin/nano_virt'

======================================================================
ERROR: test_owner_reassignment_refusals_preserve_publication (tests.test_source_borrow_emission.SourceBorrowEmission.test_owner_reassignment_refusals_preserve_publication)
----------------------------------------------------------------------
Traceback (most recent call last):
  File "/home/jkh/Src/nanolang-checked-owner-dependency-selection/tests/test_source_borrow_emission.py", line 506, in test_owner_reassignment_refusals_preserve_publication
    result = subprocess.run([*args, '-o', output], cwd=ROOT, capture_output=True, text=True, timeout=60)
  File "/home/linuxbrew/.linuxbrew/Cellar/python@3.14/3.14.5/lib/python3.14/subprocess.py", line 555, in run
    with Popen(*popenargs, **kwargs) as process:
         ~~~~~^^^^^^^^^^^^^^^^^^^^^^
  File "/home/linuxbrew/.linuxbrew/Cellar/python@3.14/3.14.5/lib/python3.14/subprocess.py", line 1039, in __init__
    self._execute_child(args, executable, preexec_fn, close_fds,
    ~~~~~~~~~~~~~~~~~~~^^^^^^^^^^^^^^^^^^^^^^^^^^^^^^^^^^^^^^^^^
                        pass_fds, cwd, env,
                        ^^^^^^^^^^^^^^^^^^^
    ...<5 lines>...
                        gid, gids, uid, umask,
                        ^^^^^^^^^^^^^^^^^^^^^^
                        start_new_session, process_group)
                        ^^^^^^^^^^^^^^^^^^^^^^^^^^^^^^^^^
  File "/home/linuxbrew/.linuxbrew/Cellar/python@3.14/3.14.5/lib/python3.14/subprocess.py", line 1990, in _execute_child
    raise child_exception_type(errno_num, err_msg, err_filename)
FileNotFoundError: [Errno 2] No such file or directory: PosixPath('/home/jkh/Src/nanolang-checked-owner-dependency-selection/bin/nano_virt')

======================================================================
ERROR: test_range_for_preserves_bounds_scope_and_exact_edges (tests.test_source_borrow_emission.SourceBorrowEmission.test_range_for_preserves_bounds_scope_and_exact_edges)
----------------------------------------------------------------------
Traceback (most recent call last):
  File "/home/jkh/Src/nanolang-checked-owner-dependency-selection/tests/test_source_borrow_emission.py", line 363, in test_range_for_preserves_bounds_scope_and_exact_edges
    self.command(ROOT / 'bin/nano_virt', source, '--emit-nvm', '--strip-debug', '-o', seed)
    ~~~~~~~~~~~~^^^^^^^^^^^^^^^^^^^^^^^^^^^^^^^^^^^^^^^^^^^^^^^^^^^^^^^^^^^^^^^^^^^^^^^^^^^
  File "/home/jkh/Src/nanolang-checked-owner-dependency-selection/tests/test_source_borrow_emission.py", line 36, in command
    result = subprocess.run([str(arg) for arg in args], cwd=ROOT, capture_output=True,
                            text=True, timeout=timeout)
  File "/home/linuxbrew/.linuxbrew/Cellar/python@3.14/3.14.5/lib/python3.14/subprocess.py", line 555, in run
    with Popen(*popenargs, **kwargs) as process:
         ~~~~~^^^^^^^^^^^^^^^^^^^^^^
  File "/home/linuxbrew/.linuxbrew/Cellar/python@3.14/3.14.5/lib/python3.14/subprocess.py", line 1039, in __init__
    self._execute_child(args, executable, preexec_fn, close_fds,
    ~~~~~~~~~~~~~~~~~~~^^^^^^^^^^^^^^^^^^^^^^^^^^^^^^^^^^^^^^^^^
                        pass_fds, cwd, env,
                        ^^^^^^^^^^^^^^^^^^^
    ...<5 lines>...
                        gid, gids, uid, umask,
                        ^^^^^^^^^^^^^^^^^^^^^^
                        start_new_session, process_group)
                        ^^^^^^^^^^^^^^^^^^^^^^^^^^^^^^^^^
  File "/home/linuxbrew/.linuxbrew/Cellar/python@3.14/3.14.5/lib/python3.14/subprocess.py", line 1990, in _execute_child
    raise child_exception_type(errno_num, err_msg, err_filename)
FileNotFoundError: [Errno 2] No such file or directory: '/home/jkh/Src/nanolang-checked-owner-dependency-selection/bin/nano_virt'

======================================================================
ERROR: test_range_for_refusals_preserve_publication (tests.test_source_borrow_emission.SourceBorrowEmission.test_range_for_refusals_preserve_publication)
----------------------------------------------------------------------
Traceback (most recent call last):
  File "/home/jkh/Src/nanolang-checked-owner-dependency-selection/tests/test_source_borrow_emission.py", line 413, in test_range_for_refusals_preserve_publication
    result = subprocess.run([*args, '-o', output], cwd=ROOT, capture_output=True, text=True, timeout=60)
  File "/home/linuxbrew/.linuxbrew/Cellar/python@3.14/3.14.5/lib/python3.14/subprocess.py", line 555, in run
    with Popen(*popenargs, **kwargs) as process:
         ~~~~~^^^^^^^^^^^^^^^^^^^^^^
  File "/home/linuxbrew/.linuxbrew/Cellar/python@3.14/3.14.5/lib/python3.14/subprocess.py", line 1039, in __init__
    self._execute_child(args, executable, preexec_fn, close_fds,
    ~~~~~~~~~~~~~~~~~~~^^^^^^^^^^^^^^^^^^^^^^^^^^^^^^^^^^^^^^^^^
                        pass_fds, cwd, env,
                        ^^^^^^^^^^^^^^^^^^^
    ...<5 lines>...
                        gid, gids, uid, umask,
                        ^^^^^^^^^^^^^^^^^^^^^^
                        start_new_session, process_group)
                        ^^^^^^^^^^^^^^^^^^^^^^^^^^^^^^^^^
  File "/home/linuxbrew/.linuxbrew/Cellar/python@3.14/3.14.5/lib/python3.14/subprocess.py", line 1990, in _execute_child
    raise child_exception_type(errno_num, err_msg, err_filename)
FileNotFoundError: [Errno 2] No such file or directory: PosixPath('/home/jkh/Src/nanolang-checked-owner-dependency-selection/bin/nano_virt')

======================================================================
ERROR: test_resource_path_refusals_preserve_publication (tests.test_source_borrow_emission.SourceBorrowEmission.test_resource_path_refusals_preserve_publication)
----------------------------------------------------------------------
Traceback (most recent call last):
  File "/home/jkh/Src/nanolang-checked-owner-dependency-selection/tests/test_source_borrow_emission.py", line 822, in test_resource_path_refusals_preserve_publication
    result = subprocess.run([*args, '-o', output], cwd=ROOT, capture_output=True, text=True, timeout=60)
  File "/home/linuxbrew/.linuxbrew/Cellar/python@3.14/3.14.5/lib/python3.14/subprocess.py", line 555, in run
    with Popen(*popenargs, **kwargs) as process:
         ~~~~~^^^^^^^^^^^^^^^^^^^^^^
  File "/home/linuxbrew/.linuxbrew/Cellar/python@3.14/3.14.5/lib/python3.14/subprocess.py", line 1039, in __init__
    self._execute_child(args, executable, preexec_fn, close_fds,
    ~~~~~~~~~~~~~~~~~~~^^^^^^^^^^^^^^^^^^^^^^^^^^^^^^^^^^^^^^^^^
                        pass_fds, cwd, env,
                        ^^^^^^^^^^^^^^^^^^^
    ...<5 lines>...
                        gid, gids, uid, umask,
                        ^^^^^^^^^^^^^^^^^^^^^^
                        start_new_session, process_group)
                        ^^^^^^^^^^^^^^^^^^^^^^^^^^^^^^^^^
  File "/home/linuxbrew/.linuxbrew/Cellar/python@3.14/3.14.5/lib/python3.14/subprocess.py", line 1990, in _execute_child
    raise child_exception_type(errno_num, err_msg, err_filename)
FileNotFoundError: [Errno 2] No such file or directory: PosixPath('/home/jkh/Src/nanolang-checked-owner-dependency-selection/bin/nano_virt')

======================================================================
ERROR: test_return_path_refusals_preserve_publication (tests.test_source_borrow_emission.SourceBorrowEmission.test_return_path_refusals_preserve_publication)
----------------------------------------------------------------------
Traceback (most recent call last):
  File "/home/jkh/Src/nanolang-checked-owner-dependency-selection/tests/test_source_borrow_emission.py", line 723, in test_return_path_refusals_preserve_publication
    result = subprocess.run([*args, '-o', output], cwd=ROOT, capture_output=True, text=True, timeout=60)
  File "/home/linuxbrew/.linuxbrew/Cellar/python@3.14/3.14.5/lib/python3.14/subprocess.py", line 555, in run
    with Popen(*popenargs, **kwargs) as process:
         ~~~~~^^^^^^^^^^^^^^^^^^^^^^
  File "/home/linuxbrew/.linuxbrew/Cellar/python@3.14/3.14.5/lib/python3.14/subprocess.py", line 1039, in __init__
    self._execute_child(args, executable, preexec_fn, close_fds,
    ~~~~~~~~~~~~~~~~~~~^^^^^^^^^^^^^^^^^^^^^^^^^^^^^^^^^^^^^^^^^
                        pass_fds, cwd, env,
                        ^^^^^^^^^^^^^^^^^^^
    ...<5 lines>...
                        gid, gids, uid, umask,
                        ^^^^^^^^^^^^^^^^^^^^^^
                        start_new_session, process_group)
                        ^^^^^^^^^^^^^^^^^^^^^^^^^^^^^^^^^
  File "/home/linuxbrew/.linuxbrew/Cellar/python@3.14/3.14.5/lib/python3.14/subprocess.py", line 1990, in _execute_child
    raise child_exception_type(errno_num, err_msg, err_filename)
FileNotFoundError: [Errno 2] No such file or directory: PosixPath('/home/jkh/Src/nanolang-checked-owner-dependency-selection/bin/nano_virt')

======================================================================
ERROR: test_return_paths_preserve_ownership_and_fallthrough (tests.test_source_borrow_emission.SourceBorrowEmission.test_return_paths_preserve_ownership_and_fallthrough)
----------------------------------------------------------------------
Traceback (most recent call last):
  File "/home/jkh/Src/nanolang-checked-owner-dependency-selection/tests/test_source_borrow_emission.py", line 530, in test_return_paths_preserve_ownership_and_fallthrough
    self.command(ROOT / 'bin/nano_virt', source, '--emit-nvm', '--strip-debug', '-o', seed)
    ~~~~~~~~~~~~^^^^^^^^^^^^^^^^^^^^^^^^^^^^^^^^^^^^^^^^^^^^^^^^^^^^^^^^^^^^^^^^^^^^^^^^^^^
  File "/home/jkh/Src/nanolang-checked-owner-dependency-selection/tests/test_source_borrow_emission.py", line 36, in command
    result = subprocess.run([str(arg) for arg in args], cwd=ROOT, capture_output=True,
                            text=True, timeout=timeout)
  File "/home/linuxbrew/.linuxbrew/Cellar/python@3.14/3.14.5/lib/python3.14/subprocess.py", line 555, in run
    with Popen(*popenargs, **kwargs) as process:
         ~~~~~^^^^^^^^^^^^^^^^^^^^^^
  File "/home/linuxbrew/.linuxbrew/Cellar/python@3.14/3.14.5/lib/python3.14/subprocess.py", line 1039, in __init__
    self._execute_child(args, executable, preexec_fn, close_fds,
    ~~~~~~~~~~~~~~~~~~~^^^^^^^^^^^^^^^^^^^^^^^^^^^^^^^^^^^^^^^^^
                        pass_fds, cwd, env,
                        ^^^^^^^^^^^^^^^^^^^
    ...<5 lines>...
                        gid, gids, uid, umask,
                        ^^^^^^^^^^^^^^^^^^^^^^
                        start_new_session, process_group)
                        ^^^^^^^^^^^^^^^^^^^^^^^^^^^^^^^^^
  File "/home/linuxbrew/.linuxbrew/Cellar/python@3.14/3.14.5/lib/python3.14/subprocess.py", line 1990, in _execute_child
    raise child_exception_type(errno_num, err_msg, err_filename)
FileNotFoundError: [Errno 2] No such file or directory: '/home/jkh/Src/nanolang-checked-owner-dependency-selection/bin/nano_virt'

======================================================================
ERROR: test_shadow_names_close_before_next_selected_scope (tests.test_source_borrow_emission.SourceBorrowEmission.test_shadow_names_close_before_next_selected_scope)
----------------------------------------------------------------------
Traceback (most recent call last):
  File "/home/jkh/Src/nanolang-checked-owner-dependency-selection/tests/test_source_borrow_emission.py", line 140, in test_shadow_names_close_before_next_selected_scope
    assembly.write_text(self.command(tool, *args).stdout)
                        ~~~~~~~~~~~~^^^^^^^^^^^^^
  File "/home/jkh/Src/nanolang-checked-owner-dependency-selection/tests/test_source_borrow_emission.py", line 36, in command
    result = subprocess.run([str(arg) for arg in args], cwd=ROOT, capture_output=True,
                            text=True, timeout=timeout)
  File "/home/linuxbrew/.linuxbrew/Cellar/python@3.14/3.14.5/lib/python3.14/subprocess.py", line 555, in run
    with Popen(*popenargs, **kwargs) as process:
         ~~~~~^^^^^^^^^^^^^^^^^^^^^^
  File "/home/linuxbrew/.linuxbrew/Cellar/python@3.14/3.14.5/lib/python3.14/subprocess.py", line 1039, in __init__
    self._execute_child(args, executable, preexec_fn, close_fds,
    ~~~~~~~~~~~~~~~~~~~^^^^^^^^^^^^^^^^^^^^^^^^^^^^^^^^^^^^^^^^^
                        pass_fds, cwd, env,
                        ^^^^^^^^^^^^^^^^^^^
    ...<5 lines>...
                        gid, gids, uid, umask,
                        ^^^^^^^^^^^^^^^^^^^^^^
                        start_new_session, process_group)
                        ^^^^^^^^^^^^^^^^^^^^^^^^^^^^^^^^^
  File "/home/linuxbrew/.linuxbrew/Cellar/python@3.14/3.14.5/lib/python3.14/subprocess.py", line 1990, in _execute_child
    raise child_exception_type(errno_num, err_msg, err_filename)
FileNotFoundError: [Errno 2] No such file or directory: '/home/jkh/Src/nanolang-checked-owner-dependency-selection/obj/borrow_shadow_names'

======================================================================
ERROR: test_temporary_owner_actual_refusals_preserve_output (tests.test_source_borrow_emission.SourceBorrowEmission.test_temporary_owner_actual_refusals_preserve_output) (case='constructor_nominal', compiler='nano_virt')
----------------------------------------------------------------------
Traceback (most recent call last):
  File "/home/jkh/Src/nanolang-checked-owner-dependency-selection/tests/test_source_borrow_emission.py", line 1473, in test_temporary_owner_actual_refusals_preserve_output
    result = subprocess.run([*args, '-o', output], cwd=ROOT, capture_output=True, text=True, timeout=180)
  File "/home/linuxbrew/.linuxbrew/Cellar/python@3.14/3.14.5/lib/python3.14/subprocess.py", line 555, in run
    with Popen(*popenargs, **kwargs) as process:
         ~~~~~^^^^^^^^^^^^^^^^^^^^^^
  File "/home/linuxbrew/.linuxbrew/Cellar/python@3.14/3.14.5/lib/python3.14/subprocess.py", line 1039, in __init__
    self._execute_child(args, executable, preexec_fn, close_fds,
    ~~~~~~~~~~~~~~~~~~~^^^^^^^^^^^^^^^^^^^^^^^^^^^^^^^^^^^^^^^^^
                        pass_fds, cwd, env,
                        ^^^^^^^^^^^^^^^^^^^
    ...<5 lines>...
                        gid, gids, uid, umask,
                        ^^^^^^^^^^^^^^^^^^^^^^
                        start_new_session, process_group)
                        ^^^^^^^^^^^^^^^^^^^^^^^^^^^^^^^^^
  File "/home/linuxbrew/.linuxbrew/Cellar/python@3.14/3.14.5/lib/python3.14/subprocess.py", line 1990, in _execute_child
    raise child_exception_type(errno_num, err_msg, err_filename)
FileNotFoundError: [Errno 2] No such file or directory: PosixPath('/home/jkh/Src/nanolang-checked-owner-dependency-selection/bin/nano_virt')

======================================================================
ERROR: test_temporary_owner_actual_refusals_preserve_output (tests.test_source_borrow_emission.SourceBorrowEmission.test_temporary_owner_actual_refusals_preserve_output) (case='constructor_nominal', compiler='nanoisa_emit')
----------------------------------------------------------------------
Traceback (most recent call last):
  File "/home/jkh/Src/nanolang-checked-owner-dependency-selection/tests/test_source_borrow_emission.py", line 1473, in test_temporary_owner_actual_refusals_preserve_output
    result = subprocess.run([*args, '-o', output], cwd=ROOT, capture_output=True, text=True, timeout=180)
  File "/home/linuxbrew/.linuxbrew/Cellar/python@3.14/3.14.5/lib/python3.14/subprocess.py", line 555, in run
    with Popen(*popenargs, **kwargs) as process:
         ~~~~~^^^^^^^^^^^^^^^^^^^^^^
  File "/home/linuxbrew/.linuxbrew/Cellar/python@3.14/3.14.5/lib/python3.14/subprocess.py", line 1039, in __init__
    self._execute_child(args, executable, preexec_fn, close_fds,
    ~~~~~~~~~~~~~~~~~~~^^^^^^^^^^^^^^^^^^^^^^^^^^^^^^^^^^^^^^^^^
                        pass_fds, cwd, env,
                        ^^^^^^^^^^^^^^^^^^^
    ...<5 lines>...
                        gid, gids, uid, umask,
                        ^^^^^^^^^^^^^^^^^^^^^^
                        start_new_session, process_group)
                        ^^^^^^^^^^^^^^^^^^^^^^^^^^^^^^^^^
  File "/home/linuxbrew/.linuxbrew/Cellar/python@3.14/3.14.5/lib/python3.14/subprocess.py", line 1990, in _execute_child
    raise child_exception_type(errno_num, err_msg, err_filename)
FileNotFoundError: [Errno 2] No such file or directory: PosixPath('/home/jkh/Src/nanolang-checked-owner-dependency-selection/bin/nanoisa_emit')

======================================================================
ERROR: test_temporary_owner_actual_refusals_preserve_output (tests.test_source_borrow_emission.SourceBorrowEmission.test_temporary_owner_actual_refusals_preserve_output) (case='factory_nominal', compiler='nano_virt')
----------------------------------------------------------------------
Traceback (most recent call last):
  File "/home/jkh/Src/nanolang-checked-owner-dependency-selection/tests/test_source_borrow_emission.py", line 1473, in test_temporary_owner_actual_refusals_preserve_output
    result = subprocess.run([*args, '-o', output], cwd=ROOT, capture_output=True, text=True, timeout=180)
  File "/home/linuxbrew/.linuxbrew/Cellar/python@3.14/3.14.5/lib/python3.14/subprocess.py", line 555, in run
    with Popen(*popenargs, **kwargs) as process:
         ~~~~~^^^^^^^^^^^^^^^^^^^^^^
  File "/home/linuxbrew/.linuxbrew/Cellar/python@3.14/3.14.5/lib/python3.14/subprocess.py", line 1039, in __init__
    self._execute_child(args, executable, preexec_fn, close_fds,
    ~~~~~~~~~~~~~~~~~~~^^^^^^^^^^^^^^^^^^^^^^^^^^^^^^^^^^^^^^^^^
                        pass_fds, cwd, env,
                        ^^^^^^^^^^^^^^^^^^^
    ...<5 lines>...
                        gid, gids, uid, umask,
                        ^^^^^^^^^^^^^^^^^^^^^^
                        start_new_session, process_group)
                        ^^^^^^^^^^^^^^^^^^^^^^^^^^^^^^^^^
  File "/home/linuxbrew/.linuxbrew/Cellar/python@3.14/3.14.5/lib/python3.14/subprocess.py", line 1990, in _execute_child
    raise child_exception_type(errno_num, err_msg, err_filename)
FileNotFoundError: [Errno 2] No such file or directory: PosixPath('/home/jkh/Src/nanolang-checked-owner-dependency-selection/bin/nano_virt')

======================================================================
ERROR: test_temporary_owner_actual_refusals_preserve_output (tests.test_source_borrow_emission.SourceBorrowEmission.test_temporary_owner_actual_refusals_preserve_output) (case='factory_nominal', compiler='nanoisa_emit')
----------------------------------------------------------------------
Traceback (most recent call last):
  File "/home/jkh/Src/nanolang-checked-owner-dependency-selection/tests/test_source_borrow_emission.py", line 1473, in test_temporary_owner_actual_refusals_preserve_output
    result = subprocess.run([*args, '-o', output], cwd=ROOT, capture_output=True, text=True, timeout=180)
  File "/home/linuxbrew/.linuxbrew/Cellar/python@3.14/3.14.5/lib/python3.14/subprocess.py", line 555, in run
    with Popen(*popenargs, **kwargs) as process:
         ~~~~~^^^^^^^^^^^^^^^^^^^^^^
  File "/home/linuxbrew/.linuxbrew/Cellar/python@3.14/3.14.5/lib/python3.14/subprocess.py", line 1039, in __init__
    self._execute_child(args, executable, preexec_fn, close_fds,
    ~~~~~~~~~~~~~~~~~~~^^^^^^^^^^^^^^^^^^^^^^^^^^^^^^^^^^^^^^^^^
                        pass_fds, cwd, env,
                        ^^^^^^^^^^^^^^^^^^^
    ...<5 lines>...
                        gid, gids, uid, umask,
                        ^^^^^^^^^^^^^^^^^^^^^^
                        start_new_session, process_group)
                        ^^^^^^^^^^^^^^^^^^^^^^^^^^^^^^^^^
  File "/home/linuxbrew/.linuxbrew/Cellar/python@3.14/3.14.5/lib/python3.14/subprocess.py", line 1990, in _execute_child
    raise child_exception_type(errno_num, err_msg, err_filename)
FileNotFoundError: [Errno 2] No such file or directory: PosixPath('/home/jkh/Src/nanolang-checked-owner-dependency-selection/bin/nanoisa_emit')

======================================================================
ERROR: test_temporary_owner_actual_refusals_preserve_output (tests.test_source_borrow_emission.SourceBorrowEmission.test_temporary_owner_actual_refusals_preserve_output) (case='missing_field', compiler='nano_virt')
----------------------------------------------------------------------
Traceback (most recent call last):
  File "/home/jkh/Src/nanolang-checked-owner-dependency-selection/tests/test_source_borrow_emission.py", line 1473, in test_temporary_owner_actual_refusals_preserve_output
    result = subprocess.run([*args, '-o', output], cwd=ROOT, capture_output=True, text=True, timeout=180)
  File "/home/linuxbrew/.linuxbrew/Cellar/python@3.14/3.14.5/lib/python3.14/subprocess.py", line 555, in run
    with Popen(*popenargs, **kwargs) as process:
         ~~~~~^^^^^^^^^^^^^^^^^^^^^^
  File "/home/linuxbrew/.linuxbrew/Cellar/python@3.14/3.14.5/lib/python3.14/subprocess.py", line 1039, in __init__
    self._execute_child(args, executable, preexec_fn, close_fds,
    ~~~~~~~~~~~~~~~~~~~^^^^^^^^^^^^^^^^^^^^^^^^^^^^^^^^^^^^^^^^^
                        pass_fds, cwd, env,
                        ^^^^^^^^^^^^^^^^^^^
    ...<5 lines>...
                        gid, gids, uid, umask,
                        ^^^^^^^^^^^^^^^^^^^^^^
                        start_new_session, process_group)
                        ^^^^^^^^^^^^^^^^^^^^^^^^^^^^^^^^^
  File "/home/linuxbrew/.linuxbrew/Cellar/python@3.14/3.14.5/lib/python3.14/subprocess.py", line 1990, in _execute_child
    raise child_exception_type(errno_num, err_msg, err_filename)
FileNotFoundError: [Errno 2] No such file or directory: PosixPath('/home/jkh/Src/nanolang-checked-owner-dependency-selection/bin/nano_virt')

======================================================================
ERROR: test_temporary_owner_actual_refusals_preserve_output (tests.test_source_borrow_emission.SourceBorrowEmission.test_temporary_owner_actual_refusals_preserve_output) (case='missing_field', compiler='nanoisa_emit')
----------------------------------------------------------------------
Traceback (most recent call last):
  File "/home/jkh/Src/nanolang-checked-owner-dependency-selection/tests/test_source_borrow_emission.py", line 1473, in test_temporary_owner_actual_refusals_preserve_output
    result = subprocess.run([*args, '-o', output], cwd=ROOT, capture_output=True, text=True, timeout=180)
  File "/home/linuxbrew/.linuxbrew/Cellar/python@3.14/3.14.5/lib/python3.14/subprocess.py", line 555, in run
    with Popen(*popenargs, **kwargs) as process:
         ~~~~~^^^^^^^^^^^^^^^^^^^^^^
  File "/home/linuxbrew/.linuxbrew/Cellar/python@3.14/3.14.5/lib/python3.14/subprocess.py", line 1039, in __init__
    self._execute_child(args, executable, preexec_fn, close_fds,
    ~~~~~~~~~~~~~~~~~~~^^^^^^^^^^^^^^^^^^^^^^^^^^^^^^^^^^^^^^^^^
                        pass_fds, cwd, env,
                        ^^^^^^^^^^^^^^^^^^^
    ...<5 lines>...
                        gid, gids, uid, umask,
                        ^^^^^^^^^^^^^^^^^^^^^^
                        start_new_session, process_group)
                        ^^^^^^^^^^^^^^^^^^^^^^^^^^^^^^^^^
  File "/home/linuxbrew/.linuxbrew/Cellar/python@3.14/3.14.5/lib/python3.14/subprocess.py", line 1990, in _execute_child
    raise child_exception_type(errno_num, err_msg, err_filename)
FileNotFoundError: [Errno 2] No such file or directory: PosixPath('/home/jkh/Src/nanolang-checked-owner-dependency-selection/bin/nanoisa_emit')

======================================================================
ERROR: test_temporary_owner_actual_refusals_preserve_output (tests.test_source_borrow_emission.SourceBorrowEmission.test_temporary_owner_actual_refusals_preserve_output) (case='duplicate_field', compiler='nano_virt')
----------------------------------------------------------------------
Traceback (most recent call last):
  File "/home/jkh/Src/nanolang-checked-owner-dependency-selection/tests/test_source_borrow_emission.py", line 1473, in test_temporary_owner_actual_refusals_preserve_output
    result = subprocess.run([*args, '-o', output], cwd=ROOT, capture_output=True, text=True, timeout=180)
  File "/home/linuxbrew/.linuxbrew/Cellar/python@3.14/3.14.5/lib/python3.14/subprocess.py", line 555, in run
    with Popen(*popenargs, **kwargs) as process:
         ~~~~~^^^^^^^^^^^^^^^^^^^^^^
  File "/home/linuxbrew/.linuxbrew/Cellar/python@3.14/3.14.5/lib/python3.14/subprocess.py", line 1039, in __init__
    self._execute_child(args, executable, preexec_fn, close_fds,
    ~~~~~~~~~~~~~~~~~~~^^^^^^^^^^^^^^^^^^^^^^^^^^^^^^^^^^^^^^^^^
                        pass_fds, cwd, env,
                        ^^^^^^^^^^^^^^^^^^^
    ...<5 lines>...
                        gid, gids, uid, umask,
                        ^^^^^^^^^^^^^^^^^^^^^^
                        start_new_session, process_group)
                        ^^^^^^^^^^^^^^^^^^^^^^^^^^^^^^^^^
  File "/home/linuxbrew/.linuxbrew/Cellar/python@3.14/3.14.5/lib/python3.14/subprocess.py", line 1990, in _execute_child
    raise child_exception_type(errno_num, err_msg, err_filename)
FileNotFoundError: [Errno 2] No such file or directory: PosixPath('/home/jkh/Src/nanolang-checked-owner-dependency-selection/bin/nano_virt')

======================================================================
ERROR: test_temporary_owner_actual_refusals_preserve_output (tests.test_source_borrow_emission.SourceBorrowEmission.test_temporary_owner_actual_refusals_preserve_output) (case='duplicate_field', compiler='nanoisa_emit')
----------------------------------------------------------------------
Traceback (most recent call last):
  File "/home/jkh/Src/nanolang-checked-owner-dependency-selection/tests/test_source_borrow_emission.py", line 1473, in test_temporary_owner_actual_refusals_preserve_output
    result = subprocess.run([*args, '-o', output], cwd=ROOT, capture_output=True, text=True, timeout=180)
  File "/home/linuxbrew/.linuxbrew/Cellar/python@3.14/3.14.5/lib/python3.14/subprocess.py", line 555, in run
    with Popen(*popenargs, **kwargs) as process:
         ~~~~~^^^^^^^^^^^^^^^^^^^^^^
  File "/home/linuxbrew/.linuxbrew/Cellar/python@3.14/3.14.5/lib/python3.14/subprocess.py", line 1039, in __init__
    self._execute_child(args, executable, preexec_fn, close_fds,
    ~~~~~~~~~~~~~~~~~~~^^^^^^^^^^^^^^^^^^^^^^^^^^^^^^^^^^^^^^^^^
                        pass_fds, cwd, env,
                        ^^^^^^^^^^^^^^^^^^^
    ...<5 lines>...
                        gid, gids, uid, umask,
                        ^^^^^^^^^^^^^^^^^^^^^^
                        start_new_session, process_group)
                        ^^^^^^^^^^^^^^^^^^^^^^^^^^^^^^^^^
  File "/home/linuxbrew/.linuxbrew/Cellar/python@3.14/3.14.5/lib/python3.14/subprocess.py", line 1990, in _execute_child
    raise child_exception_type(errno_num, err_msg, err_filename)
FileNotFoundError: [Errno 2] No such file or directory: PosixPath('/home/jkh/Src/nanolang-checked-owner-dependency-selection/bin/nanoisa_emit')

======================================================================
ERROR: test_temporary_owner_actuals_preserve_order_and_roots (tests.test_source_borrow_emission.SourceBorrowEmission.test_temporary_owner_actuals_preserve_order_and_roots)
----------------------------------------------------------------------
Traceback (most recent call last):
  File "/home/jkh/Src/nanolang-checked-owner-dependency-selection/tests/test_source_borrow_emission.py", line 1437, in test_temporary_owner_actuals_preserve_order_and_roots
    baseline, shadows = self.graph_positive(
                        ~~~~~~~~~~~~~~~~~~~^
        'temporary-actuals', self.temporary_owner_fixture(), b'ABCABCABC', b'ABCABCABC')
        ^^^^^^^^^^^^^^^^^^^^^^^^^^^^^^^^^^^^^^^^^^^^^^^^^^^^^^^^^^^^^^^^^^^^^^^^^^^^^^^^
  File "/home/jkh/Src/nanolang-checked-owner-dependency-selection/tests/test_source_borrow_emission.py", line 1141, in graph_positive
    self.command(ROOT / 'bin' / compiler, source, '--emit-nvm', '-o', module)
    ~~~~~~~~~~~~^^^^^^^^^^^^^^^^^^^^^^^^^^^^^^^^^^^^^^^^^^^^^^^^^^^^^^^^^^^^^
  File "/home/jkh/Src/nanolang-checked-owner-dependency-selection/tests/test_source_borrow_emission.py", line 36, in command
    result = subprocess.run([str(arg) for arg in args], cwd=ROOT, capture_output=True,
                            text=True, timeout=timeout)
  File "/home/linuxbrew/.linuxbrew/Cellar/python@3.14/3.14.5/lib/python3.14/subprocess.py", line 555, in run
    with Popen(*popenargs, **kwargs) as process:
         ~~~~~^^^^^^^^^^^^^^^^^^^^^^
  File "/home/linuxbrew/.linuxbrew/Cellar/python@3.14/3.14.5/lib/python3.14/subprocess.py", line 1039, in __init__
    self._execute_child(args, executable, preexec_fn, close_fds,
    ~~~~~~~~~~~~~~~~~~~^^^^^^^^^^^^^^^^^^^^^^^^^^^^^^^^^^^^^^^^^
                        pass_fds, cwd, env,
                        ^^^^^^^^^^^^^^^^^^^
    ...<5 lines>...
                        gid, gids, uid, umask,
                        ^^^^^^^^^^^^^^^^^^^^^^
                        start_new_session, process_group)
                        ^^^^^^^^^^^^^^^^^^^^^^^^^^^^^^^^^
  File "/home/linuxbrew/.linuxbrew/Cellar/python@3.14/3.14.5/lib/python3.14/subprocess.py", line 1990, in _execute_child
    raise child_exception_type(errno_num, err_msg, err_filename)
FileNotFoundError: [Errno 2] No such file or directory: '/home/jkh/Src/nanolang-checked-owner-dependency-selection/bin/nano_virt'

======================================================================
ERROR: test_temporary_owner_factory_failure_cleans_prepared_arguments (tests.test_source_borrow_emission.SourceBorrowEmission.test_temporary_owner_factory_failure_cleans_prepared_arguments)
----------------------------------------------------------------------
Traceback (most recent call last):
  File "/home/jkh/Src/nanolang-checked-owner-dependency-selection/tests/test_source_borrow_emission.py", line 1449, in test_temporary_owner_factory_failure_cleans_prepared_arguments
    self.command(emitter, source, '-o', assembly)
    ~~~~~~~~~~~~^^^^^^^^^^^^^^^^^^^^^^^^^^^^^^^^^
  File "/home/jkh/Src/nanolang-checked-owner-dependency-selection/tests/test_source_borrow_emission.py", line 36, in command
    result = subprocess.run([str(arg) for arg in args], cwd=ROOT, capture_output=True,
                            text=True, timeout=timeout)
  File "/home/linuxbrew/.linuxbrew/Cellar/python@3.14/3.14.5/lib/python3.14/subprocess.py", line 555, in run
    with Popen(*popenargs, **kwargs) as process:
         ~~~~~^^^^^^^^^^^^^^^^^^^^^^
  File "/home/linuxbrew/.linuxbrew/Cellar/python@3.14/3.14.5/lib/python3.14/subprocess.py", line 1039, in __init__
    self._execute_child(args, executable, preexec_fn, close_fds,
    ~~~~~~~~~~~~~~~~~~~^^^^^^^^^^^^^^^^^^^^^^^^^^^^^^^^^^^^^^^^^
                        pass_fds, cwd, env,
                        ^^^^^^^^^^^^^^^^^^^
    ...<5 lines>...
                        gid, gids, uid, umask,
                        ^^^^^^^^^^^^^^^^^^^^^^
                        start_new_session, process_group)
                        ^^^^^^^^^^^^^^^^^^^^^^^^^^^^^^^^^
  File "/home/linuxbrew/.linuxbrew/Cellar/python@3.14/3.14.5/lib/python3.14/subprocess.py", line 1990, in _execute_child
    raise child_exception_type(errno_num, err_msg, err_filename)
FileNotFoundError: [Errno 2] No such file or directory: '/home/jkh/Src/nanolang-checked-owner-dependency-selection/bin/nanoisa_emit'

======================================================================
ERROR: test_temporary_owners_restore_original_pattern_sources (tests.test_source_borrow_emission.SourceBorrowEmission.test_temporary_owners_restore_original_pattern_sources) (original_case=0)
----------------------------------------------------------------------
Traceback (most recent call last):
  File "/home/jkh/Src/nanolang-checked-owner-dependency-selection/tests/test_source_borrow_emission.py", line 1433, in test_temporary_owners_restore_original_pattern_sources
    self.graph_positive('original-pattern-' + str(index), text,
    ~~~~~~~~~~~~~~~~~~~^^^^^^^^^^^^^^^^^^^^^^^^^^^^^^^^^^^^^^^^
                        None if output is None else output.encode())
                        ^^^^^^^^^^^^^^^^^^^^^^^^^^^^^^^^^^^^^^^^^^^^
  File "/home/jkh/Src/nanolang-checked-owner-dependency-selection/tests/test_source_borrow_emission.py", line 1141, in graph_positive
    self.command(ROOT / 'bin' / compiler, source, '--emit-nvm', '-o', module)
    ~~~~~~~~~~~~^^^^^^^^^^^^^^^^^^^^^^^^^^^^^^^^^^^^^^^^^^^^^^^^^^^^^^^^^^^^^
  File "/home/jkh/Src/nanolang-checked-owner-dependency-selection/tests/test_source_borrow_emission.py", line 36, in command
    result = subprocess.run([str(arg) for arg in args], cwd=ROOT, capture_output=True,
                            text=True, timeout=timeout)
  File "/home/linuxbrew/.linuxbrew/Cellar/python@3.14/3.14.5/lib/python3.14/subprocess.py", line 555, in run
    with Popen(*popenargs, **kwargs) as process:
         ~~~~~^^^^^^^^^^^^^^^^^^^^^^
  File "/home/linuxbrew/.linuxbrew/Cellar/python@3.14/3.14.5/lib/python3.14/subprocess.py", line 1039, in __init__
    self._execute_child(args, executable, preexec_fn, close_fds,
    ~~~~~~~~~~~~~~~~~~~^^^^^^^^^^^^^^^^^^^^^^^^^^^^^^^^^^^^^^^^^
                        pass_fds, cwd, env,
                        ^^^^^^^^^^^^^^^^^^^
    ...<5 lines>...
                        gid, gids, uid, umask,
                        ^^^^^^^^^^^^^^^^^^^^^^
                        start_new_session, process_group)
                        ^^^^^^^^^^^^^^^^^^^^^^^^^^^^^^^^^
  File "/home/linuxbrew/.linuxbrew/Cellar/python@3.14/3.14.5/lib/python3.14/subprocess.py", line 1990, in _execute_child
    raise child_exception_type(errno_num, err_msg, err_filename)
FileNotFoundError: [Errno 2] No such file or directory: '/home/jkh/Src/nanolang-checked-owner-dependency-selection/bin/nano_virt'

======================================================================
ERROR: test_temporary_owners_restore_original_pattern_sources (tests.test_source_borrow_emission.SourceBorrowEmission.test_temporary_owners_restore_original_pattern_sources) (original_case=1)
----------------------------------------------------------------------
Traceback (most recent call last):
  File "/home/jkh/Src/nanolang-checked-owner-dependency-selection/tests/test_source_borrow_emission.py", line 1433, in test_temporary_owners_restore_original_pattern_sources
    self.graph_positive('original-pattern-' + str(index), text,
    ~~~~~~~~~~~~~~~~~~~^^^^^^^^^^^^^^^^^^^^^^^^^^^^^^^^^^^^^^^^
                        None if output is None else output.encode())
                        ^^^^^^^^^^^^^^^^^^^^^^^^^^^^^^^^^^^^^^^^^^^^
  File "/home/jkh/Src/nanolang-checked-owner-dependency-selection/tests/test_source_borrow_emission.py", line 1141, in graph_positive
    self.command(ROOT / 'bin' / compiler, source, '--emit-nvm', '-o', module)
    ~~~~~~~~~~~~^^^^^^^^^^^^^^^^^^^^^^^^^^^^^^^^^^^^^^^^^^^^^^^^^^^^^^^^^^^^^
  File "/home/jkh/Src/nanolang-checked-owner-dependency-selection/tests/test_source_borrow_emission.py", line 36, in command
    result = subprocess.run([str(arg) for arg in args], cwd=ROOT, capture_output=True,
                            text=True, timeout=timeout)
  File "/home/linuxbrew/.linuxbrew/Cellar/python@3.14/3.14.5/lib/python3.14/subprocess.py", line 555, in run
    with Popen(*popenargs, **kwargs) as process:
         ~~~~~^^^^^^^^^^^^^^^^^^^^^^
  File "/home/linuxbrew/.linuxbrew/Cellar/python@3.14/3.14.5/lib/python3.14/subprocess.py", line 1039, in __init__
    self._execute_child(args, executable, preexec_fn, close_fds,
    ~~~~~~~~~~~~~~~~~~~^^^^^^^^^^^^^^^^^^^^^^^^^^^^^^^^^^^^^^^^^
                        pass_fds, cwd, env,
                        ^^^^^^^^^^^^^^^^^^^
    ...<5 lines>...
                        gid, gids, uid, umask,
                        ^^^^^^^^^^^^^^^^^^^^^^
                        start_new_session, process_group)
                        ^^^^^^^^^^^^^^^^^^^^^^^^^^^^^^^^^
  File "/home/linuxbrew/.linuxbrew/Cellar/python@3.14/3.14.5/lib/python3.14/subprocess.py", line 1990, in _execute_child
    raise child_exception_type(errno_num, err_msg, err_filename)
FileNotFoundError: [Errno 2] No such file or directory: '/home/jkh/Src/nanolang-checked-owner-dependency-selection/bin/nano_virt'

======================================================================
ERROR: test_temporary_owners_restore_original_pattern_sources (tests.test_source_borrow_emission.SourceBorrowEmission.test_temporary_owners_restore_original_pattern_sources) (original_case=2)
----------------------------------------------------------------------
Traceback (most recent call last):
  File "/home/jkh/Src/nanolang-checked-owner-dependency-selection/tests/test_source_borrow_emission.py", line 1433, in test_temporary_owners_restore_original_pattern_sources
    self.graph_positive('original-pattern-' + str(index), text,
    ~~~~~~~~~~~~~~~~~~~^^^^^^^^^^^^^^^^^^^^^^^^^^^^^^^^^^^^^^^^
                        None if output is None else output.encode())
                        ^^^^^^^^^^^^^^^^^^^^^^^^^^^^^^^^^^^^^^^^^^^^
  File "/home/jkh/Src/nanolang-checked-owner-dependency-selection/tests/test_source_borrow_emission.py", line 1141, in graph_positive
    self.command(ROOT / 'bin' / compiler, source, '--emit-nvm', '-o', module)
    ~~~~~~~~~~~~^^^^^^^^^^^^^^^^^^^^^^^^^^^^^^^^^^^^^^^^^^^^^^^^^^^^^^^^^^^^^
  File "/home/jkh/Src/nanolang-checked-owner-dependency-selection/tests/test_source_borrow_emission.py", line 36, in command
    result = subprocess.run([str(arg) for arg in args], cwd=ROOT, capture_output=True,
                            text=True, timeout=timeout)
  File "/home/linuxbrew/.linuxbrew/Cellar/python@3.14/3.14.5/lib/python3.14/subprocess.py", line 555, in run
    with Popen(*popenargs, **kwargs) as process:
         ~~~~~^^^^^^^^^^^^^^^^^^^^^^
  File "/home/linuxbrew/.linuxbrew/Cellar/python@3.14/3.14.5/lib/python3.14/subprocess.py", line 1039, in __init__
    self._execute_child(args, executable, preexec_fn, close_fds,
    ~~~~~~~~~~~~~~~~~~~^^^^^^^^^^^^^^^^^^^^^^^^^^^^^^^^^^^^^^^^^
                        pass_fds, cwd, env,
                        ^^^^^^^^^^^^^^^^^^^
    ...<5 lines>...
                        gid, gids, uid, umask,
                        ^^^^^^^^^^^^^^^^^^^^^^
                        start_new_session, process_group)
                        ^^^^^^^^^^^^^^^^^^^^^^^^^^^^^^^^^
  File "/home/linuxbrew/.linuxbrew/Cellar/python@3.14/3.14.5/lib/python3.14/subprocess.py", line 1990, in _execute_child
    raise child_exception_type(errno_num, err_msg, err_filename)
FileNotFoundError: [Errno 2] No such file or directory: '/home/jkh/Src/nanolang-checked-owner-dependency-selection/bin/nano_virt'

======================================================================
ERROR: test_temporary_owners_restore_original_pattern_sources (tests.test_source_borrow_emission.SourceBorrowEmission.test_temporary_owners_restore_original_pattern_sources) (original_case=3)
----------------------------------------------------------------------
Traceback (most recent call last):
  File "/home/jkh/Src/nanolang-checked-owner-dependency-selection/tests/test_source_borrow_emission.py", line 1433, in test_temporary_owners_restore_original_pattern_sources
    self.graph_positive('original-pattern-' + str(index), text,
    ~~~~~~~~~~~~~~~~~~~^^^^^^^^^^^^^^^^^^^^^^^^^^^^^^^^^^^^^^^^
                        None if output is None else output.encode())
                        ^^^^^^^^^^^^^^^^^^^^^^^^^^^^^^^^^^^^^^^^^^^^
  File "/home/jkh/Src/nanolang-checked-owner-dependency-selection/tests/test_source_borrow_emission.py", line 1141, in graph_positive
    self.command(ROOT / 'bin' / compiler, source, '--emit-nvm', '-o', module)
    ~~~~~~~~~~~~^^^^^^^^^^^^^^^^^^^^^^^^^^^^^^^^^^^^^^^^^^^^^^^^^^^^^^^^^^^^^
  File "/home/jkh/Src/nanolang-checked-owner-dependency-selection/tests/test_source_borrow_emission.py", line 36, in command
    result = subprocess.run([str(arg) for arg in args], cwd=ROOT, capture_output=True,
                            text=True, timeout=timeout)
  File "/home/linuxbrew/.linuxbrew/Cellar/python@3.14/3.14.5/lib/python3.14/subprocess.py", line 555, in run
    with Popen(*popenargs, **kwargs) as process:
         ~~~~~^^^^^^^^^^^^^^^^^^^^^^
  File "/home/linuxbrew/.linuxbrew/Cellar/python@3.14/3.14.5/lib/python3.14/subprocess.py", line 1039, in __init__
    self._execute_child(args, executable, preexec_fn, close_fds,
    ~~~~~~~~~~~~~~~~~~~^^^^^^^^^^^^^^^^^^^^^^^^^^^^^^^^^^^^^^^^^
                        pass_fds, cwd, env,
                        ^^^^^^^^^^^^^^^^^^^
    ...<5 lines>...
                        gid, gids, uid, umask,
                        ^^^^^^^^^^^^^^^^^^^^^^
                        start_new_session, process_group)
                        ^^^^^^^^^^^^^^^^^^^^^^^^^^^^^^^^^
  File "/home/linuxbrew/.linuxbrew/Cellar/python@3.14/3.14.5/lib/python3.14/subprocess.py", line 1990, in _execute_child
    raise child_exception_type(errno_num, err_msg, err_filename)
FileNotFoundError: [Errno 2] No such file or directory: '/home/jkh/Src/nanolang-checked-owner-dependency-selection/bin/nano_virt'

======================================================================
FAIL: test_indirect_resource_result (tests.test_affine_contract_boundaries.AffineContractBoundaries.test_indirect_resource_result) (case='indirect_result_owner', compiler='nanoc_c')
----------------------------------------------------------------------
Traceback (most recent call last):
  File "/home/jkh/Src/nanolang-checked-owner-dependency-selection/tests/test_affine_contract_boundaries.py", line 32, in check_case
    self.assertEqual(result.returncode, 0, diagnostic)
    ~~~~~~~~~~~~~~~~^^^^^^^^^^^^^^^^^^^^^^^^^^^^^^^^^^
AssertionError: 1 != 0 : Warning: Function 'probe' is missing a shadow test
[c_backend] I do not provide first-class callable values or indirect calls in this C profile.


======================================================================
FAIL: test_union_payload_parameter_obligations (tests.test_affine_contract_boundaries.AffineContractBoundaries.test_union_payload_parameter_obligations) (case='union_return', compiler='nanoc_c')
----------------------------------------------------------------------
Traceback (most recent call last):
  File "/home/jkh/Src/nanolang-checked-owner-dependency-selection/tests/test_affine_contract_boundaries.py", line 32, in check_case
    self.assertEqual(result.returncode, 0, diagnostic)
    ~~~~~~~~~~~~~~~~^^^^^^^^^^^^^^^^^^^^^^^^^^^^^^^^^^
AssertionError: 1 != 0 : Warning: Function 'probe' is missing a shadow test
[c_backend] I require scalar C union result payloads.


======================================================================
FAIL: test_exact_lexical_dependencies_and_selected_suffix (tests.test_checked_owner_selection.CheckedOwnerSelection.test_exact_lexical_dependencies_and_selected_suffix) (case='shadow-owner', producer='nanoc_c')
----------------------------------------------------------------------
Traceback (most recent call last):
  File "/home/jkh/Src/nanolang-checked-owner-dependency-selection/tests/test_checked_owner_selection.py", line 101, in test_exact_lexical_dependencies_and_selected_suffix
    result = self.command(driver, self.source(UNUSED + body), mode, first, self.work / 'unused')
  File "/home/jkh/Src/nanolang-checked-owner-dependency-selection/tests/test_source_borrow_emission.py", line 39, in command
    raise AssertionError(f'{args}: {result.returncode}\n{result.stdout}\n{result.stderr}')
AssertionError: (PosixPath('/tmp/nano-checked-selection-fytjsgqs/nanoc_c'), PosixPath('/tmp/nano-checked-selection-fytjsgqs/case.nano'), 'classify-shadows', 0, PosixPath('/tmp/nano-checked-selection-fytjsgqs/unused')): 1
PARSE



======================================================================
FAIL: test_exact_lexical_dependencies_and_selected_suffix (tests.test_checked_owner_selection.CheckedOwnerSelection.test_exact_lexical_dependencies_and_selected_suffix) (case='shadow-owner', producer='nanoc_stage1')
----------------------------------------------------------------------
Traceback (most recent call last):
  File "/home/jkh/Src/nanolang-checked-owner-dependency-selection/tests/test_checked_owner_selection.py", line 101, in test_exact_lexical_dependencies_and_selected_suffix
    result = self.command(driver, self.source(UNUSED + body), mode, first, self.work / 'unused')
  File "/home/jkh/Src/nanolang-checked-owner-dependency-selection/tests/test_source_borrow_emission.py", line 39, in command
    raise AssertionError(f'{args}: {result.returncode}\n{result.stdout}\n{result.stderr}')
AssertionError: (PosixPath('/tmp/nano-checked-selection-fytjsgqs/nanoc_stage1'), PosixPath('/tmp/nano-checked-selection-fytjsgqs/case.nano'), 'classify-shadows', 0, PosixPath('/tmp/nano-checked-selection-fytjsgqs/unused')): 1
PARSE



======================================================================
FAIL: test_exact_lexical_dependencies_and_selected_suffix (tests.test_checked_owner_selection.CheckedOwnerSelection.test_exact_lexical_dependencies_and_selected_suffix) (case='shadow-owner', producer='nanoc_stage2')
----------------------------------------------------------------------
Traceback (most recent call last):
  File "/home/jkh/Src/nanolang-checked-owner-dependency-selection/tests/test_checked_owner_selection.py", line 101, in test_exact_lexical_dependencies_and_selected_suffix
    result = self.command(driver, self.source(UNUSED + body), mode, first, self.work / 'unused')
  File "/home/jkh/Src/nanolang-checked-owner-dependency-selection/tests/test_source_borrow_emission.py", line 39, in command
    raise AssertionError(f'{args}: {result.returncode}\n{result.stdout}\n{result.stderr}')
AssertionError: (PosixPath('/tmp/nano-checked-selection-fytjsgqs/nanoc_stage2'), PosixPath('/tmp/nano-checked-selection-fytjsgqs/case.nano'), 'classify-shadows', 0, PosixPath('/tmp/nano-checked-selection-fytjsgqs/unused')): 1
PARSE



======================================================================
FAIL: test_exact_lexical_dependencies_and_selected_suffix (tests.test_checked_owner_selection.CheckedOwnerSelection.test_exact_lexical_dependencies_and_selected_suffix) (case='suffix-all', producer='nanoc_c')
----------------------------------------------------------------------
Traceback (most recent call last):
  File "/home/jkh/Src/nanolang-checked-owner-dependency-selection/tests/test_checked_owner_selection.py", line 101, in test_exact_lexical_dependencies_and_selected_suffix
    result = self.command(driver, self.source(UNUSED + body), mode, first, self.work / 'unused')
  File "/home/jkh/Src/nanolang-checked-owner-dependency-selection/tests/test_source_borrow_emission.py", line 39, in command
    raise AssertionError(f'{args}: {result.returncode}\n{result.stdout}\n{result.stderr}')
AssertionError: (PosixPath('/tmp/nano-checked-selection-fytjsgqs/nanoc_c'), PosixPath('/tmp/nano-checked-selection-fytjsgqs/case.nano'), 'classify-shadows', 0, PosixPath('/tmp/nano-checked-selection-fytjsgqs/unused')): 1
PARSE



======================================================================
FAIL: test_exact_lexical_dependencies_and_selected_suffix (tests.test_checked_owner_selection.CheckedOwnerSelection.test_exact_lexical_dependencies_and_selected_suffix) (case='suffix-all', producer='nanoc_stage1')
----------------------------------------------------------------------
Traceback (most recent call last):
  File "/home/jkh/Src/nanolang-checked-owner-dependency-selection/tests/test_checked_owner_selection.py", line 101, in test_exact_lexical_dependencies_and_selected_suffix
    result = self.command(driver, self.source(UNUSED + body), mode, first, self.work / 'unused')
  File "/home/jkh/Src/nanolang-checked-owner-dependency-selection/tests/test_source_borrow_emission.py", line 39, in command
    raise AssertionError(f'{args}: {result.returncode}\n{result.stdout}\n{result.stderr}')
AssertionError: (PosixPath('/tmp/nano-checked-selection-fytjsgqs/nanoc_stage1'), PosixPath('/tmp/nano-checked-selection-fytjsgqs/case.nano'), 'classify-shadows', 0, PosixPath('/tmp/nano-checked-selection-fytjsgqs/unused')): 1
PARSE



======================================================================
FAIL: test_exact_lexical_dependencies_and_selected_suffix (tests.test_checked_owner_selection.CheckedOwnerSelection.test_exact_lexical_dependencies_and_selected_suffix) (case='suffix-all', producer='nanoc_stage2')
----------------------------------------------------------------------
Traceback (most recent call last):
  File "/home/jkh/Src/nanolang-checked-owner-dependency-selection/tests/test_checked_owner_selection.py", line 101, in test_exact_lexical_dependencies_and_selected_suffix
    result = self.command(driver, self.source(UNUSED + body), mode, first, self.work / 'unused')
  File "/home/jkh/Src/nanolang-checked-owner-dependency-selection/tests/test_source_borrow_emission.py", line 39, in command
    raise AssertionError(f'{args}: {result.returncode}\n{result.stdout}\n{result.stderr}')
AssertionError: (PosixPath('/tmp/nano-checked-selection-fytjsgqs/nanoc_stage2'), PosixPath('/tmp/nano-checked-selection-fytjsgqs/case.nano'), 'classify-shadows', 0, PosixPath('/tmp/nano-checked-selection-fytjsgqs/unused')): 1
PARSE



======================================================================
FAIL: test_exact_lexical_dependencies_and_selected_suffix (tests.test_checked_owner_selection.CheckedOwnerSelection.test_exact_lexical_dependencies_and_selected_suffix) (case='suffix-selected', producer='nanoc_c')
----------------------------------------------------------------------
Traceback (most recent call last):
  File "/home/jkh/Src/nanolang-checked-owner-dependency-selection/tests/test_checked_owner_selection.py", line 101, in test_exact_lexical_dependencies_and_selected_suffix
    result = self.command(driver, self.source(UNUSED + body), mode, first, self.work / 'unused')
  File "/home/jkh/Src/nanolang-checked-owner-dependency-selection/tests/test_source_borrow_emission.py", line 39, in command
    raise AssertionError(f'{args}: {result.returncode}\n{result.stdout}\n{result.stderr}')
AssertionError: (PosixPath('/tmp/nano-checked-selection-fytjsgqs/nanoc_c'), PosixPath('/tmp/nano-checked-selection-fytjsgqs/case.nano'), 'classify-shadows', 1, PosixPath('/tmp/nano-checked-selection-fytjsgqs/unused')): 1
PARSE



======================================================================
FAIL: test_exact_lexical_dependencies_and_selected_suffix (tests.test_checked_owner_selection.CheckedOwnerSelection.test_exact_lexical_dependencies_and_selected_suffix) (case='suffix-selected', producer='nanoc_stage1')
----------------------------------------------------------------------
Traceback (most recent call last):
  File "/home/jkh/Src/nanolang-checked-owner-dependency-selection/tests/test_checked_owner_selection.py", line 101, in test_exact_lexical_dependencies_and_selected_suffix
    result = self.command(driver, self.source(UNUSED + body), mode, first, self.work / 'unused')
  File "/home/jkh/Src/nanolang-checked-owner-dependency-selection/tests/test_source_borrow_emission.py", line 39, in command
    raise AssertionError(f'{args}: {result.returncode}\n{result.stdout}\n{result.stderr}')
AssertionError: (PosixPath('/tmp/nano-checked-selection-fytjsgqs/nanoc_stage1'), PosixPath('/tmp/nano-checked-selection-fytjsgqs/case.nano'), 'classify-shadows', 1, PosixPath('/tmp/nano-checked-selection-fytjsgqs/unused')): 1
PARSE



======================================================================
FAIL: test_exact_lexical_dependencies_and_selected_suffix (tests.test_checked_owner_selection.CheckedOwnerSelection.test_exact_lexical_dependencies_and_selected_suffix) (case='suffix-selected', producer='nanoc_stage2')
----------------------------------------------------------------------
Traceback (most recent call last):
  File "/home/jkh/Src/nanolang-checked-owner-dependency-selection/tests/test_checked_owner_selection.py", line 101, in test_exact_lexical_dependencies_and_selected_suffix
    result = self.command(driver, self.source(UNUSED + body), mode, first, self.work / 'unused')
  File "/home/jkh/Src/nanolang-checked-owner-dependency-selection/tests/test_source_borrow_emission.py", line 39, in command
    raise AssertionError(f'{args}: {result.returncode}\n{result.stdout}\n{result.stderr}')
AssertionError: (PosixPath('/tmp/nano-checked-selection-fytjsgqs/nanoc_stage2'), PosixPath('/tmp/nano-checked-selection-fytjsgqs/case.nano'), 'classify-shadows', 1, PosixPath('/tmp/nano-checked-selection-fytjsgqs/unused')): 1
PARSE



======================================================================
FAIL: test_false_shadow_and_unsupported_graph_preserve_publication (tests.test_source_borrow_emission.SourceBorrowEmission.test_false_shadow_and_unsupported_graph_preserve_publication) (case='scalar-only selected shadows', compiler='nanoc_stage1')
----------------------------------------------------------------------
Traceback (most recent call last):
  File "/home/jkh/Src/nanolang-checked-owner-dependency-selection/tests/test_source_borrow_emission.py", line 1030, in test_false_shadow_and_unsupported_graph_preserve_publication
    self.assertNotEqual(result.returncode, 0, result.stdout + result.stderr)
    ~~~~~~~~~~~~~~~~~~~^^^^^^^^^^^^^^^^^^^^^^^^^^^^^^^^^^^^^^^^^^^^^^^^^^^^^
AssertionError: 0 == 0 : 

======================================================================
FAIL: test_false_shadow_and_unsupported_graph_preserve_publication (tests.test_source_borrow_emission.SourceBorrowEmission.test_false_shadow_and_unsupported_graph_preserve_publication) (case='scalar-only selected shadows', compiler='nanoc_stage2')
----------------------------------------------------------------------
Traceback (most recent call last):
  File "/home/jkh/Src/nanolang-checked-owner-dependency-selection/tests/test_source_borrow_emission.py", line 1030, in test_false_shadow_and_unsupported_graph_preserve_publication
    self.assertNotEqual(result.returncode, 0, result.stdout + result.stderr)
    ~~~~~~~~~~~~~~~~~~~^^^^^^^^^^^^^^^^^^^^^^^^^^^^^^^^^^^^^^^^^^^^^^^^^^^^^
AssertionError: 0 == 0 : 

======================================================================
FAIL: test_selected_shadows_execute_and_preserve_suffix_identity (tests.test_source_borrow_emission.SourceBorrowEmission.test_selected_shadows_execute_and_preserve_suffix_identity)
----------------------------------------------------------------------
Traceback (most recent call last):
  File "/home/jkh/Src/nanolang-checked-owner-dependency-selection/tests/test_source_borrow_emission.py", line 965, in test_selected_shadows_execute_and_preserve_suffix_identity
    refused = self.command(tool, source, 2, 'raw', expected=1)
  File "/home/jkh/Src/nanolang-checked-owner-dependency-selection/tests/test_source_borrow_emission.py", line 39, in command
    raise AssertionError(f'{args}: {result.returncode}\n{result.stdout}\n{result.stderr}')
AssertionError: (PosixPath('/tmp/nano-source-borrows-bghzqpqb/nanoc_c-shadows'), PosixPath('/tmp/nano-source-borrows-bghzqpqb/selected.nano'), 2, 'raw'): 0
.types 1 0 0
.entry 0

.function __nanoisa_shadow_entry 0 0 0 int 1
  PUSH_I64 0
  RET
.end



----------------------------------------------------------------------
Ran 69 tests in 324.413s

FAILED (failures=14, errors=105)
