Warning at line 175, column 9: Unused variable 'ignored'
Warning at line 2571, column 9: Unused variable 'rejected'
Warning at line 2783, column 9: Unused variable 'rejected'
Warning at line 2787, column 9: Unused variable 'rejected'
Warning at line 2794, column 13: Unused variable 'rejected'
Warning at line 2911, column 9: Unused variable 'rejected'
Warning at line 2915, column 9: Unused variable 'rejected'
Warning at line 2922, column 13: Unused variable 'rejected'
Warning at line 6773, column 17: Unused variable 'imported'
Warning at line 175, column 9: Unused variable 'ignored'
Warning at line 175, column 9: Unused variable 'ignored'
Warning at line 2571, column 9: Unused variable 'rejected'
Warning at line 2783, column 9: Unused variable 'rejected'
Warning at line 2787, column 9: Unused variable 'rejected'
Warning at line 2794, column 13: Unused variable 'rejected'
Warning at line 2911, column 9: Unused variable 'rejected'
Warning at line 2915, column 9: Unused variable 'rejected'
Warning at line 2922, column 13: Unused variable 'rejected'
Warning at line 6773, column 17: Unused variable 'imported'
{"event":"shadow-start","name":"token_literal_value_bytes","source":"/home/runner/work/nanolang/nanolang/src_nano/compiler/token_value_bytes.nano","line":19,"elapsed_seconds":0.000000,"failures":0}
{"event":"shadow-complete","name":"token_literal_value_bytes","source":"/home/runner/work/nanolang/nanolang/src_nano/compiler/token_value_bytes.nano","line":19,"elapsed_seconds":0.002199,"failures":0}
{"event":"shadow-start","name":"diag_location","source":"/home/runner/work/nanolang/nanolang/src_nano/compiler/diagnostics.nano","line":19,"elapsed_seconds":0.000000,"failures":0}
{"event":"shadow-complete","name":"diag_location","source":"/home/runner/work/nanolang/nanolang/src_nano/compiler/diagnostics.nano","line":19,"elapsed_seconds":0.000536,"failures":0}
{"event":"shadow-start","name":"diag_location_empty","source":"/home/runner/work/nanolang/nanolang/src_nano/compiler/diagnostics.nano","line":26,"elapsed_seconds":0.000000,"failures":0}
{"event":"shadow-complete","name":"diag_location_empty","source":"/home/runner/work/nanolang/nanolang/src_nano/compiler/diagnostics.nano","line":26,"elapsed_seconds":0.000446,"failures":0}
{"event":"shadow-start","name":"diag_error","source":"/home/runner/work/nanolang/nanolang/src_nano/compiler/diagnostics.nano","line":79,"elapsed_seconds":0.000000,"failures":0}
{"event":"shadow-complete","name":"diag_error","source":"/home/runner/work/nanolang/nanolang/src_nano/compiler/diagnostics.nano","line":79,"elapsed_seconds":0.000961,"failures":0}
{"event":"shadow-start","name":"diag_warning","source":"/home/runner/work/nanolang/nanolang/src_nano/compiler/diagnostics.nano","line":86,"elapsed_seconds":0.000000,"failures":0}
{"event":"shadow-complete","name":"diag_warning","source":"/home/runner/work/nanolang/nanolang/src_nano/compiler/diagnostics.nano","line":86,"elapsed_seconds":0.001124,"failures":0}
{"event":"shadow-start","name":"diag_nanoisa_error","source":"/home/runner/work/nanolang/nanolang/src_nano/compiler/diagnostics.nano","line":111,"elapsed_seconds":0.000000,"failures":0}
{"event":"shadow-complete","name":"diag_nanoisa_error","source":"/home/runner/work/nanolang/nanolang/src_nano/compiler/diagnostics.nano","line":111,"elapsed_seconds":0.001225,"failures":0}
{"event":"shadow-start","name":"diag_parser_error","source":"/home/runner/work/nanolang/nanolang/src_nano/compiler/diagnostics.nano","line":123,"elapsed_seconds":0.000000,"failures":0}
{"event":"shadow-complete","name":"diag_parser_error","source":"/home/runner/work/nanolang/nanolang/src_nano/compiler/diagnostics.nano","line":123,"elapsed_seconds":0.001060,"failures":0}
{"event":"shadow-start","name":"diag_list_new","source":"/home/runner/work/nanolang/nanolang/src_nano/compiler/diagnostics.nano","line":163,"elapsed_seconds":0.000000,"failures":0}
{"event":"shadow-complete","name":"diag_list_new","source":"/home/runner/work/nanolang/nanolang/src_nano/compiler/diagnostics.nano","line":163,"elapsed_seconds":0.000201,"failures":0}
{"event":"shadow-start","name":"diag_list_add","source":"/home/runner/work/nanolang/nanolang/src_nano/compiler/diagnostics.nano","line":168,"elapsed_seconds":0.000000,"failures":0}
{"event":"shadow-complete","name":"diag_list_add","source":"/home/runner/work/nanolang/nanolang/src_nano/compiler/diagnostics.nano","line":168,"elapsed_seconds":0.000839,"failures":0}
{"event":"shadow-start","name":"diag_list_has_errors","source":"/home/runner/work/nanolang/nanolang/src_nano/compiler/diagnostics.nano","line":175,"elapsed_seconds":0.000000,"failures":0}
{"event":"shadow-complete","name":"diag_list_has_errors","source":"/home/runner/work/nanolang/nanolang/src_nano/compiler/diagnostics.nano","line":175,"elapsed_seconds":0.002709,"failures":0}
{"event":"shadow-start","name":"diag_make_type_error","source":"/home/runner/work/nanolang/nanolang/src_nano/compiler/diagnostics.nano","line":204,"elapsed_seconds":0.000000,"failures":0}
{"event":"shadow-complete","name":"diag_make_type_error","source":"/home/runner/work/nanolang/nanolang/src_nano/compiler/diagnostics.nano","line":204,"elapsed_seconds":0.000189,"failures":0}
{"event":"shadow-start","name":"diag_make_undefined_error","source":"/home/runner/work/nanolang/nanolang/src_nano/compiler/diagnostics.nano","line":214,"elapsed_seconds":0.000000,"failures":0}
{"event":"shadow-complete","name":"diag_make_undefined_error","source":"/home/runner/work/nanolang/nanolang/src_nano/compiler/diagnostics.nano","line":214,"elapsed_seconds":0.000148,"failures":0}
{"event":"shadow-start","name":"diag_new","source":"/home/runner/work/nanolang/nanolang/src_nano/compiler/diagnostics.nano","line":220,"elapsed_seconds":0.000000,"failures":0}
{"event":"shadow-complete","name":"diag_new","source":"/home/runner/work/nanolang/nanolang/src_nano/compiler/diagnostics.nano","line":220,"elapsed_seconds":0.000592,"failures":0}
{"event":"shadow-start","name":"diag_simple","source":"/home/runner/work/nanolang/nanolang/src_nano/compiler/diagnostics.nano","line":226,"elapsed_seconds":0.000000,"failures":0}
{"event":"shadow-complete","name":"diag_simple","source":"/home/runner/work/nanolang/nanolang/src_nano/compiler/diagnostics.nano","line":226,"elapsed_seconds":0.000781,"failures":0}
{"event":"shadow-start","name":"diag_error_simple","source":"/home/runner/work/nanolang/nanolang/src_nano/compiler/diagnostics.nano","line":231,"elapsed_seconds":0.000000,"failures":0}
{"event":"shadow-complete","name":"diag_error_simple","source":"/home/runner/work/nanolang/nanolang/src_nano/compiler/diagnostics.nano","line":231,"elapsed_seconds":0.000881,"failures":0}
{"event":"shadow-start","name":"diag_warning_simple","source":"/home/runner/work/nanolang/nanolang/src_nano/compiler/diagnostics.nano","line":236,"elapsed_seconds":0.000000,"failures":0}
{"event":"shadow-complete","name":"diag_warning_simple","source":"/home/runner/work/nanolang/nanolang/src_nano/compiler/diagnostics.nano","line":236,"elapsed_seconds":0.000877,"failures":0}
{"event":"shadow-start","name":"diag_info","source":"/home/runner/work/nanolang/nanolang/src_nano/compiler/diagnostics.nano","line":241,"elapsed_seconds":0.000000,"failures":0}
{"event":"shadow-complete","name":"diag_info","source":"/home/runner/work/nanolang/nanolang/src_nano/compiler/diagnostics.nano","line":241,"elapsed_seconds":0.000809,"failures":0}
{"event":"shadow-start","name":"diag_info_simple","source":"/home/runner/work/nanolang/nanolang/src_nano/compiler/diagnostics.nano","line":247,"elapsed_seconds":0.000000,"failures":0}
{"event":"shadow-complete","name":"diag_info_simple","source":"/home/runner/work/nanolang/nanolang/src_nano/compiler/diagnostics.nano","line":247,"elapsed_seconds":0.000740,"failures":0}
{"event":"shadow-start","name":"diag_lexer_error","source":"/home/runner/work/nanolang/nanolang/src_nano/compiler/diagnostics.nano","line":252,"elapsed_seconds":0.000000,"failures":0}
{"event":"shadow-complete","name":"diag_lexer_error","source":"/home/runner/work/nanolang/nanolang/src_nano/compiler/diagnostics.nano","line":252,"elapsed_seconds":0.000879,"failures":0}
{"event":"shadow-start","name":"diag_typecheck_error","source":"/home/runner/work/nanolang/nanolang/src_nano/compiler/diagnostics.nano","line":258,"elapsed_seconds":0.000000,"failures":0}
{"event":"shadow-complete","name":"diag_typecheck_error","source":"/home/runner/work/nanolang/nanolang/src_nano/compiler/diagnostics.nano","line":258,"elapsed_seconds":0.000903,"failures":0}
{"event":"shadow-start","name":"diag_backend_error","source":"/home/runner/work/nanolang/nanolang/src_nano/compiler/diagnostics.nano","line":264,"elapsed_seconds":0.000000,"failures":0}
{"event":"shadow-complete","name":"diag_backend_error","source":"/home/runner/work/nanolang/nanolang/src_nano/compiler/diagnostics.nano","line":264,"elapsed_seconds":0.000868,"failures":0}
{"event":"shadow-start","name":"diag_list_count","source":"/home/runner/work/nanolang/nanolang/src_nano/compiler/diagnostics.nano","line":270,"elapsed_seconds":0.000000,"failures":0}
{"event":"shadow-complete","name":"diag_list_count","source":"/home/runner/work/nanolang/nanolang/src_nano/compiler/diagnostics.nano","line":270,"elapsed_seconds":0.000861,"failures":0}
{"event":"shadow-start","name":"diag_list_get","source":"/home/runner/work/nanolang/nanolang/src_nano/compiler/diagnostics.nano","line":278,"elapsed_seconds":0.000000,"failures":0}
{"event":"shadow-complete","name":"diag_list_get","source":"/home/runner/work/nanolang/nanolang/src_nano/compiler/diagnostics.nano","line":278,"elapsed_seconds":0.000913,"failures":0}
{"event":"shadow-start","name":"diag_id_io_open","source":"/home/runner/work/nanolang/nanolang/src_nano/compiler/diagnostics.nano","line":328,"elapsed_seconds":0.000000,"failures":0}
{"event":"shadow-complete","name":"diag_id_io_open","source":"/home/runner/work/nanolang/nanolang/src_nano/compiler/diagnostics.nano","line":328,"elapsed_seconds":0.000081,"failures":0}
{"event":"shadow-start","name":"diag_id_lex_failed","source":"/home/runner/work/nanolang/nanolang/src_nano/compiler/diagnostics.nano","line":332,"elapsed_seconds":0.000000,"failures":0}
{"event":"shadow-complete","name":"diag_id_lex_failed","source":"/home/runner/work/nanolang/nanolang/src_nano/compiler/diagnostics.nano","line":332,"elapsed_seconds":0.000074,"failures":0}
{"event":"shadow-start","name":"diag_id_parse_failed","source":"/home/runner/work/nanolang/nanolang/src_nano/compiler/diagnostics.nano","line":336,"elapsed_seconds":0.000000,"failures":0}
{"event":"shadow-complete","name":"diag_id_parse_failed","source":"/home/runner/work/nanolang/nanolang/src_nano/compiler/diagnostics.nano","line":336,"elapsed_seconds":0.000072,"failures":0}
{"event":"shadow-start","name":"diag_id_import_failed","source":"/home/runner/work/nanolang/nanolang/src_nano/compiler/diagnostics.nano","line":340,"elapsed_seconds":0.000000,"failures":0}
{"event":"shadow-complete","name":"diag_id_import_failed","source":"/home/runner/work/nanolang/nanolang/src_nano/compiler/diagnostics.nano","line":340,"elapsed_seconds":0.000077,"failures":0}
{"event":"shadow-start","name":"diag_id_type_failed","source":"/home/runner/work/nanolang/nanolang/src_nano/compiler/diagnostics.nano","line":344,"elapsed_seconds":0.000000,"failures":0}
{"event":"shadow-complete","name":"diag_id_type_failed","source":"/home/runner/work/nanolang/nanolang/src_nano/compiler/diagnostics.nano","line":344,"elapsed_seconds":0.000072,"failures":0}
{"event":"shadow-start","name":"diag_id_mod_compile","source":"/home/runner/work/nanolang/nanolang/src_nano/compiler/diagnostics.nano","line":348,"elapsed_seconds":0.000000,"failures":0}
{"event":"shadow-complete","name":"diag_id_mod_compile","source":"/home/runner/work/nanolang/nanolang/src_nano/compiler/diagnostics.nano","line":348,"elapsed_seconds":0.000082,"failures":0}
{"event":"shadow-start","name":"diag_id_shadow_failed","source":"/home/runner/work/nanolang/nanolang/src_nano/compiler/diagnostics.nano","line":352,"elapsed_seconds":0.000000,"failures":0}
{"event":"shadow-complete","name":"diag_id_shadow_failed","source":"/home/runner/work/nanolang/nanolang/src_nano/compiler/diagnostics.nano","line":352,"elapsed_seconds":0.000076,"failures":0}
{"event":"shadow-start","name":"diag_id_trans_failed","source":"/home/runner/work/nanolang/nanolang/src_nano/compiler/diagnostics.nano","line":356,"elapsed_seconds":0.000000,"failures":0}
{"event":"shadow-complete","name":"diag_id_trans_failed","source":"/home/runner/work/nanolang/nanolang/src_nano/compiler/diagnostics.nano","line":356,"elapsed_seconds":0.000076,"failures":0}
{"event":"shadow-start","name":"diag_id_c_temp","source":"/home/runner/work/nanolang/nanolang/src_nano/compiler/diagnostics.nano","line":360,"elapsed_seconds":0.000000,"failures":0}
{"event":"shadow-complete","name":"diag_id_c_temp","source":"/home/runner/work/nanolang/nanolang/src_nano/compiler/diagnostics.nano","line":360,"elapsed_seconds":0.000068,"failures":0}
{"event":"shadow-start","name":"diag_id_cc_cmd","source":"/home/runner/work/nanolang/nanolang/src_nano/compiler/diagnostics.nano","line":364,"elapsed_seconds":0.000000,"failures":0}
{"event":"shadow-complete","name":"diag_id_cc_cmd","source":"/home/runner/work/nanolang/nanolang/src_nano/compiler/diagnostics.nano","line":364,"elapsed_seconds":0.000070,"failures":0}
{"event":"shadow-start","name":"diag_id_cc_failed","source":"/home/runner/work/nanolang/nanolang/src_nano/compiler/diagnostics.nano","line":368,"elapsed_seconds":0.000000,"failures":0}
{"event":"shadow-complete","name":"diag_id_cc_failed","source":"/home/runner/work/nanolang/nanolang/src_nano/compiler/diagnostics.nano","line":368,"elapsed_seconds":0.000093,"failures":0}
{"event":"shadow-start","name":"diag_id_src_utf8","source":"/home/runner/work/nanolang/nanolang/src_nano/compiler/diagnostics.nano","line":372,"elapsed_seconds":0.000000,"failures":0}
{"event":"shadow-complete","name":"diag_id_src_utf8","source":"/home/runner/work/nanolang/nanolang/src_nano/compiler/diagnostics.nano","line":372,"elapsed_seconds":0.000073,"failures":0}
{"event":"shadow-start","name":"diag_en","source":"/home/runner/work/nanolang/nanolang/src_nano/compiler/diagnostics.nano","line":376,"elapsed_seconds":0.000000,"failures":0}
{"event":"shadow-complete","name":"diag_en","source":"/home/runner/work/nanolang/nanolang/src_nano/compiler/diagnostics.nano","line":376,"elapsed_seconds":0.000818,"failures":0}
{"event":"shadow-start","name":"walkdir","source":"/home/runner/work/nanolang/nanolang/modules/std/fs.nano","line":35,"elapsed_seconds":0.000000,"failures":0}
{"event":"shadow-complete","name":"walkdir","source":"/home/runner/work/nanolang/nanolang/modules/std/fs.nano","line":35,"elapsed_seconds":0.000720,"failures":0}
{"event":"shadow-start","name":"canonical","source":"/home/runner/work/nanolang/nanolang/modules/std/fs.nano","line":60,"elapsed_seconds":0.000000,"failures":0}
{"event":"shadow-complete","name":"canonical","source":"/home/runner/work/nanolang/nanolang/modules/std/fs.nano","line":60,"elapsed_seconds":0.000546,"failures":0}
{"event":"shadow-start","name":"normalize","source":"/home/runner/work/nanolang/nanolang/modules/std/fs.nano","line":73,"elapsed_seconds":0.000000,"failures":0}
{"event":"shadow-complete","name":"normalize","source":"/home/runner/work/nanolang/nanolang/modules/std/fs.nano","line":73,"elapsed_seconds":0.000225,"failures":0}
{"event":"shadow-start","name":"join","source":"/home/runner/work/nanolang/nanolang/modules/std/fs.nano","line":85,"elapsed_seconds":0.000000,"failures":0}
{"event":"shadow-complete","name":"join","source":"/home/runner/work/nanolang/nanolang/modules/std/fs.nano","line":85,"elapsed_seconds":0.000252,"failures":0}
{"event":"shadow-start","name":"basename","source":"/home/runner/work/nanolang/nanolang/modules/std/fs.nano","line":97,"elapsed_seconds":0.000000,"failures":0}
{"event":"shadow-complete","name":"basename","source":"/home/runner/work/nanolang/nanolang/modules/std/fs.nano","line":97,"elapsed_seconds":0.000143,"failures":0}
{"event":"shadow-start","name":"dirname","source":"/home/runner/work/nanolang/nanolang/modules/std/fs.nano","line":108,"elapsed_seconds":0.000000,"failures":0}
{"event":"shadow-complete","name":"dirname","source":"/home/runner/work/nanolang/nanolang/modules/std/fs.nano","line":108,"elapsed_seconds":0.000148,"failures":0}
{"event":"shadow-start","name":"relpath","source":"/home/runner/work/nanolang/nanolang/modules/std/fs.nano","line":120,"elapsed_seconds":0.000000,"failures":0}
{"event":"shadow-complete","name":"relpath","source":"/home/runner/work/nanolang/nanolang/modules/std/fs.nano","line":120,"elapsed_seconds":0.001238,"failures":0}
{"event":"shadow-start","name":"cwd","source":"/home/runner/work/nanolang/nanolang/modules/std/fs.nano","line":135,"elapsed_seconds":0.000000,"failures":0}
{"event":"shadow-complete","name":"cwd","source":"/home/runner/work/nanolang/nanolang/modules/std/fs.nano","line":135,"elapsed_seconds":0.000097,"failures":0}
{"event":"shadow-start","name":"glob_match_impl","source":"/home/runner/work/nanolang/nanolang/modules/std/fs.nano","line":190,"elapsed_seconds":0.000000,"failures":0}
{"event":"shadow-complete","name":"glob_match_impl","source":"/home/runner/work/nanolang/nanolang/modules/std/fs.nano","line":190,"elapsed_seconds":0.000752,"failures":0}
{"event":"shadow-start","name":"glob_match","source":"/home/runner/work/nanolang/nanolang/modules/std/fs.nano","line":200,"elapsed_seconds":0.000000,"failures":0}
{"event":"shadow-complete","name":"glob_match","source":"/home/runner/work/nanolang/nanolang/modules/std/fs.nano","line":200,"elapsed_seconds":0.003199,"failures":0}
{"event":"shadow-start","name":"glob","source":"/home/runner/work/nanolang/nanolang/modules/std/fs.nano","line":225,"elapsed_seconds":0.000000,"failures":0}
{"event":"shadow-complete","name":"glob","source":"/home/runner/work/nanolang/nanolang/modules/std/fs.nano","line":225,"elapsed_seconds":0.002455,"failures":0}
{"event":"shadow-start","name":"read","source":"/home/runner/work/nanolang/nanolang/modules/std/fs.nano","line":251,"elapsed_seconds":0.000000,"failures":0}
{"event":"shadow-complete","name":"read","source":"/home/runner/work/nanolang/nanolang/modules/std/fs.nano","line":251,"elapsed_seconds":0.000458,"failures":0}
{"event":"shadow-start","name":"write","source":"/home/runner/work/nanolang/nanolang/modules/std/fs.nano","line":269,"elapsed_seconds":0.000000,"failures":0}
{"event":"shadow-complete","name":"write","source":"/home/runner/work/nanolang/nanolang/modules/std/fs.nano","line":269,"elapsed_seconds":0.000397,"failures":0}
{"event":"shadow-start","name":"append","source":"/home/runner/work/nanolang/nanolang/modules/std/fs.nano","line":287,"elapsed_seconds":0.000000,"failures":0}
{"event":"shadow-complete","name":"append","source":"/home/runner/work/nanolang/nanolang/modules/std/fs.nano","line":287,"elapsed_seconds":0.000453,"failures":0}
{"event":"shadow-start","name":"exists","source":"/home/runner/work/nanolang/nanolang/modules/std/fs.nano","line":306,"elapsed_seconds":0.000000,"failures":0}
{"event":"shadow-complete","name":"exists","source":"/home/runner/work/nanolang/nanolang/modules/std/fs.nano","line":306,"elapsed_seconds":0.000422,"failures":0}
{"event":"shadow-start","name":"delete","source":"/home/runner/work/nanolang/nanolang/modules/std/fs.nano","line":326,"elapsed_seconds":0.000000,"failures":0}
{"event":"shadow-complete","name":"delete","source":"/home/runner/work/nanolang/nanolang/modules/std/fs.nano","line":326,"elapsed_seconds":0.000376,"failures":0}
{"event":"shadow-start","name":"mkdir_p","source":"/home/runner/work/nanolang/nanolang/modules/std/fs.nano","line":346,"elapsed_seconds":0.000000,"failures":0}
{"event":"shadow-complete","name":"mkdir_p","source":"/home/runner/work/nanolang/nanolang/modules/std/fs.nano","line":346,"elapsed_seconds":0.000432,"failures":0}
{"event":"shadow-start","name":"copy_file","source":"/home/runner/work/nanolang/nanolang/modules/std/fs.nano","line":366,"elapsed_seconds":0.000000,"failures":0}
{"event":"shadow-complete","name":"copy_file","source":"/home/runner/work/nanolang/nanolang/modules/std/fs.nano","line":366,"elapsed_seconds":0.000586,"failures":0}
{"event":"shadow-start","name":"copy_dir","source":"/home/runner/work/nanolang/nanolang/modules/std/fs.nano","line":387,"elapsed_seconds":0.000000,"failures":0}
{"event":"shadow-complete","name":"copy_dir","source":"/home/runner/work/nanolang/nanolang/modules/std/fs.nano","line":387,"elapsed_seconds":0.000774,"failures":0}
{"event":"shadow-start","name":"is_identifier_start","source":"/home/runner/work/nanolang/nanolang/src_nano/compiler/lexer.nano","line":18,"elapsed_seconds":0.000000,"failures":0}
{"event":"shadow-complete","name":"is_identifier_start","source":"/home/runner/work/nanolang/nanolang/src_nano/compiler/lexer.nano","line":18,"elapsed_seconds":0.000192,"failures":0}
{"event":"shadow-start","name":"is_identifier_char","source":"/home/runner/work/nanolang/nanolang/src_nano/compiler/lexer.nano","line":33,"elapsed_seconds":0.000000,"failures":0}
{"event":"shadow-complete","name":"is_identifier_char","source":"/home/runner/work/nanolang/nanolang/src_nano/compiler/lexer.nano","line":33,"elapsed_seconds":0.000280,"failures":0}
{"event":"shadow-start","name":"is_whitespace_char","source":"/home/runner/work/nanolang/nanolang/src_nano/compiler/lexer.nano","line":47,"elapsed_seconds":0.000000,"failures":0}
{"event":"shadow-complete","name":"is_whitespace_char","source":"/home/runner/work/nanolang/nanolang/src_nano/compiler/lexer.nano","line":47,"elapsed_seconds":0.000120,"failures":0}
{"event":"shadow-start","name":"is_digit_char","source":"/home/runner/work/nanolang/nanolang/src_nano/compiler/lexer.nano","line":59,"elapsed_seconds":0.000000,"failures":0}
{"event":"shadow-complete","name":"is_digit_char","source":"/home/runner/work/nanolang/nanolang/src_nano/compiler/lexer.nano","line":59,"elapsed_seconds":0.000131,"failures":0}
{"event":"shadow-start","name":"keyword_group1","source":"/home/runner/work/nanolang/nanolang/src_nano/compiler/lexer.nano","line":82,"elapsed_seconds":0.000000,"failures":0}
{"event":"shadow-complete","name":"keyword_group1","source":"/home/runner/work/nanolang/nanolang/src_nano/compiler/lexer.nano","line":82,"elapsed_seconds":0.001453,"failures":0}
{"event":"shadow-start","name":"keyword_group2","source":"/home/runner/work/nanolang/nanolang/src_nano/compiler/lexer.nano","line":153,"elapsed_seconds":0.000000,"failures":0}
{"event":"shadow-complete","name":"keyword_group2","source":"/home/runner/work/nanolang/nanolang/src_nano/compiler/lexer.nano","line":153,"elapsed_seconds":0.002534,"failures":0}
{"event":"shadow-start","name":"keyword_group3","source":"/home/runner/work/nanolang/nanolang/src_nano/compiler/lexer.nano","line":185,"elapsed_seconds":0.000000,"failures":0}
{"event":"shadow-complete","name":"keyword_group3","source":"/home/runner/work/nanolang/nanolang/src_nano/compiler/lexer.nano","line":185,"elapsed_seconds":0.001178,"failures":0}
{"event":"shadow-start","name":"keyword_group4","source":"/home/runner/work/nanolang/nanolang/src_nano/compiler/lexer.nano","line":205,"elapsed_seconds":0.000000,"failures":0}
{"event":"shadow-complete","name":"keyword_group4","source":"/home/runner/work/nanolang/nanolang/src_nano/compiler/lexer.nano","line":205,"elapsed_seconds":0.000640,"failures":0}
{"event":"shadow-start","name":"keyword_group5","source":"/home/runner/work/nanolang/nanolang/src_nano/compiler/lexer.nano","line":218,"elapsed_seconds":0.000000,"failures":0}
{"event":"shadow-complete","name":"keyword_group5","source":"/home/runner/work/nanolang/nanolang/src_nano/compiler/lexer.nano","line":218,"elapsed_seconds":0.000272,"failures":0}
{"event":"shadow-start","name":"keyword_or_identifier","source":"/home/runner/work/nanolang/nanolang/src_nano/compiler/lexer.nano","line":252,"elapsed_seconds":0.000000,"failures":0}
{"event":"shadow-complete","name":"keyword_or_identifier","source":"/home/runner/work/nanolang/nanolang/src_nano/compiler/lexer.nano","line":252,"elapsed_seconds":0.002452,"failures":0}
{"event":"shadow-start","name":"push_tok","source":"/home/runner/work/nanolang/nanolang/src_nano/compiler/lexer.nano","line":269,"elapsed_seconds":0.000000,"failures":0}
{"event":"shadow-complete","name":"push_tok","source":"/home/runner/work/nanolang/nanolang/src_nano/compiler/lexer.nano","line":269,"elapsed_seconds":0.000796,"failures":0}
{"event":"shadow-start","name":"process_string","source":"/home/runner/work/nanolang/nanolang/src_nano/compiler/lexer.nano","line":300,"elapsed_seconds":0.000000,"failures":0}
{"event":"shadow-complete","name":"process_string","source":"/home/runner/work/nanolang/nanolang/src_nano/compiler/lexer.nano","line":300,"elapsed_seconds":0.000900,"failures":0}
{"event":"shadow-start","name":"process_number","source":"/home/runner/work/nanolang/nanolang/src_nano/compiler/lexer.nano","line":338,"elapsed_seconds":0.000000,"failures":0}
{"event":"shadow-complete","name":"process_number","source":"/home/runner/work/nanolang/nanolang/src_nano/compiler/lexer.nano","line":338,"elapsed_seconds":0.000871,"failures":0}
{"event":"shadow-start","name":"process_grammar_body","source":"/home/runner/work/nanolang/nanolang/src_nano/compiler/lexer.nano","line":391,"elapsed_seconds":0.000000,"failures":0}
{"event":"shadow-complete","name":"process_grammar_body","source":"/home/runner/work/nanolang/nanolang/src_nano/compiler/lexer.nano","line":391,"elapsed_seconds":0.000906,"failures":0}
{"event":"shadow-start","name":"process_identifier","source":"/home/runner/work/nanolang/nanolang/src_nano/compiler/lexer.nano","line":420,"elapsed_seconds":0.000000,"failures":0}
{"event":"shadow-complete","name":"process_identifier","source":"/home/runner/work/nanolang/nanolang/src_nano/compiler/lexer.nano","line":420,"elapsed_seconds":0.001728,"failures":0}
{"event":"shadow-start","name":"process_identifier","source":"/home/runner/work/nanolang/nanolang/src_nano/compiler/lexer.nano","line":430,"elapsed_seconds":0.000000,"failures":0}
{"event":"shadow-complete","name":"process_identifier","source":"/home/runner/work/nanolang/nanolang/src_nano/compiler/lexer.nano","line":430,"elapsed_seconds":0.002406,"failures":0}
{"event":"shadow-start","name":"process_char_literal","source":"/home/runner/work/nanolang/nanolang/src_nano/compiler/lexer.nano","line":489,"elapsed_seconds":0.000000,"failures":0}
{"event":"shadow-complete","name":"process_char_literal","source":"/home/runner/work/nanolang/nanolang/src_nano/compiler/lexer.nano","line":489,"elapsed_seconds":0.000794,"failures":0}
{"event":"shadow-start","name":"emit_fstring_part_tokens","source":"/home/runner/work/nanolang/nanolang/src_nano/compiler/lexer.nano","line":525,"elapsed_seconds":0.000000,"failures":0}
{"event":"shadow-complete","name":"emit_fstring_part_tokens","source":"/home/runner/work/nanolang/nanolang/src_nano/compiler/lexer.nano","line":525,"elapsed_seconds":0.005802,"failures":0}
{"event":"shadow-start","name":"process_fstring","source":"/home/runner/work/nanolang/nanolang/src_nano/compiler/lexer.nano","line":674,"elapsed_seconds":0.000000,"failures":0}
{"event":"shadow-complete","name":"process_fstring","source":"/home/runner/work/nanolang/nanolang/src_nano/compiler/lexer.nano","line":674,"elapsed_seconds":0.008339,"failures":0}
{"event":"shadow-start","name":"tokenize_file","source":"/home/runner/work/nanolang/nanolang/src_nano/compiler/lexer.nano","line":939,"elapsed_seconds":0.000000,"failures":0}
{"event":"shadow-complete","name":"tokenize_file","source":"/home/runner/work/nanolang/nanolang/src_nano/compiler/lexer.nano","line":939,"elapsed_seconds":0.023578,"failures":0}
{"event":"shadow-start","name":"tokenize_string","source":"/home/runner/work/nanolang/nanolang/src_nano/compiler/lexer.nano","line":947,"elapsed_seconds":0.000000,"failures":0}
{"event":"shadow-complete","name":"tokenize_string","source":"/home/runner/work/nanolang/nanolang/src_nano/compiler/lexer.nano","line":947,"elapsed_seconds":0.055560,"failures":0}
{"event":"shadow-start","name":"parser_init_ast_lists","source":"/home/runner/work/nanolang/nanolang/src_nano/parser.nano","line":144,"elapsed_seconds":0.000000,"failures":0}
{"event":"shadow-complete","name":"parser_init_ast_lists","source":"/home/runner/work/nanolang/nanolang/src_nano/parser.nano","line":144,"elapsed_seconds":0.001873,"failures":0}
{"event":"shadow-start","name":"parser_new","source":"/home/runner/work/nanolang/nanolang/src_nano/parser.nano","line":241,"elapsed_seconds":0.000000,"failures":0}
{"event":"shadow-complete","name":"parser_new","source":"/home/runner/work/nanolang/nanolang/src_nano/parser.nano","line":241,"elapsed_seconds":0.004174,"failures":0}
{"event":"shadow-start","name":"parser_allocate_id","source":"/home/runner/work/nanolang/nanolang/src_nano/parser.nano","line":255,"elapsed_seconds":0.000000,"failures":0}
{"event":"shadow-complete","name":"parser_allocate_id","source":"/home/runner/work/nanolang/nanolang/src_nano/parser.nano","line":255,"elapsed_seconds":0.003769,"failures":0}
{"event":"shadow-start","name":"parser_is_at_end","source":"/home/runner/work/nanolang/nanolang/src_nano/parser.nano","line":273,"elapsed_seconds":0.000000,"failures":0}
{"event":"shadow-complete","name":"parser_is_at_end","source":"/home/runner/work/nanolang/nanolang/src_nano/parser.nano","line":273,"elapsed_seconds":0.003676,"failures":0}
{"event":"shadow-start","name":"parser_with_position","source":"/home/runner/work/nanolang/nanolang/src_nano/parser.nano","line":361,"elapsed_seconds":0.000000,"failures":0}
{"event":"shadow-complete","name":"parser_with_position","source":"/home/runner/work/nanolang/nanolang/src_nano/parser.nano","line":361,"elapsed_seconds":0.010230,"failures":0}
{"event":"shadow-start","name":"parser_advance","source":"/home/runner/work/nanolang/nanolang/src_nano/parser.nano","line":381,"elapsed_seconds":0.000000,"failures":0}
{"event":"shadow-complete","name":"parser_advance","source":"/home/runner/work/nanolang/nanolang/src_nano/parser.nano","line":381,"elapsed_seconds":0.004184,"failures":0}
{"event":"shadow-start","name":"parser_position","source":"/home/runner/work/nanolang/nanolang/src_nano/parser.nano","line":393,"elapsed_seconds":0.000000,"failures":0}
{"event":"shadow-complete","name":"parser_position","source":"/home/runner/work/nanolang/nanolang/src_nano/parser.nano","line":393,"elapsed_seconds":0.003939,"failures":0}
{"event":"shadow-start","name":"parser_current","source":"/home/runner/work/nanolang/nanolang/src_nano/parser.nano","line":415,"elapsed_seconds":0.000000,"failures":0}
{"event":"shadow-complete","name":"parser_current","source":"/home/runner/work/nanolang/nanolang/src_nano/parser.nano","line":415,"elapsed_seconds":0.004252,"failures":0}
{"event":"shadow-start","name":"parser_match","source":"/home/runner/work/nanolang/nanolang/src_nano/parser.nano","line":433,"elapsed_seconds":0.000000,"failures":0}
{"event":"shadow-complete","name":"parser_match","source":"/home/runner/work/nanolang/nanolang/src_nano/parser.nano","line":433,"elapsed_seconds":0.004059,"failures":0}
{"event":"shadow-start","name":"parser_expect","source":"/home/runner/work/nanolang/nanolang/src_nano/parser.nano","line":448,"elapsed_seconds":0.000000,"failures":0}
{"event":"shadow-complete","name":"parser_expect","source":"/home/runner/work/nanolang/nanolang/src_nano/parser.nano","line":448,"elapsed_seconds":0.010938,"failures":0}
{"event":"shadow-start","name":"parser_peek","source":"/home/runner/work/nanolang/nanolang/src_nano/parser.nano","line":468,"elapsed_seconds":0.000000,"failures":0}
{"event":"shadow-complete","name":"parser_peek","source":"/home/runner/work/nanolang/nanolang/src_nano/parser.nano","line":468,"elapsed_seconds":0.004339,"failures":0}
{"event":"shadow-start","name":"parser_with_error","source":"/home/runner/work/nanolang/nanolang/src_nano/parser.nano","line":558,"elapsed_seconds":0.000000,"failures":0}
{"event":"shadow-complete","name":"parser_with_error","source":"/home/runner/work/nanolang/nanolang/src_nano/parser.nano","line":558,"elapsed_seconds":0.000037,"failures":0}
{"event":"shadow-start","name":"parser_has_error","source":"/home/runner/work/nanolang/nanolang/src_nano/parser.nano","line":568,"elapsed_seconds":0.000000,"failures":0}
{"event":"shadow-complete","name":"parser_has_error","source":"/home/runner/work/nanolang/nanolang/src_nano/parser.nano","line":568,"elapsed_seconds":0.003698,"failures":0}
{"event":"shadow-start","name":"token_number","source":"/home/runner/work/nanolang/nanolang/src_nano/parser.nano","line":578,"elapsed_seconds":0.000000,"failures":0}
{"event":"shadow-complete","name":"token_number","source":"/home/runner/work/nanolang/nanolang/src_nano/parser.nano","line":578,"elapsed_seconds":0.000320,"failures":0}
{"event":"shadow-start","name":"token_identifier","source":"/home/runner/work/nanolang/nanolang/src_nano/parser.nano","line":581,"elapsed_seconds":0.000000,"failures":0}
{"event":"shadow-complete","name":"token_identifier","source":"/home/runner/work/nanolang/nanolang/src_nano/parser.nano","line":581,"elapsed_seconds":0.000308,"failures":0}
{"event":"shadow-start","name":"token_string","source":"/home/runner/work/nanolang/nanolang/src_nano/parser.nano","line":584,"elapsed_seconds":0.000000,"failures":0}
{"event":"shadow-complete","name":"token_string","source":"/home/runner/work/nanolang/nanolang/src_nano/parser.nano","line":584,"elapsed_seconds":0.000302,"failures":0}
{"event":"shadow-start","name":"token_true","source":"/home/runner/work/nanolang/nanolang/src_nano/parser.nano","line":587,"elapsed_seconds":0.000000,"failures":0}
{"event":"shadow-complete","name":"token_true","source":"/home/runner/work/nanolang/nanolang/src_nano/parser.nano","line":587,"elapsed_seconds":0.000313,"failures":0}
{"event":"shadow-start","name":"token_false","source":"/home/runner/work/nanolang/nanolang/src_nano/parser.nano","line":590,"elapsed_seconds":0.000000,"failures":0}
{"event":"shadow-complete","name":"token_false","source":"/home/runner/work/nanolang/nanolang/src_nano/parser.nano","line":590,"elapsed_seconds":0.000334,"failures":0}
{"event":"shadow-start","name":"token_lparen","source":"/home/runner/work/nanolang/nanolang/src_nano/parser.nano","line":593,"elapsed_seconds":0.000000,"failures":0}
{"event":"shadow-complete","name":"token_lparen","source":"/home/runner/work/nanolang/nanolang/src_nano/parser.nano","line":593,"elapsed_seconds":0.000345,"failures":0}
{"event":"shadow-start","name":"token_rparen","source":"/home/runner/work/nanolang/nanolang/src_nano/parser.nano","line":596,"elapsed_seconds":0.000000,"failures":0}
{"event":"shadow-complete","name":"token_rparen","source":"/home/runner/work/nanolang/nanolang/src_nano/parser.nano","line":596,"elapsed_seconds":0.000332,"failures":0}
{"event":"shadow-start","name":"token_plus","source":"/home/runner/work/nanolang/nanolang/src_nano/parser.nano","line":599,"elapsed_seconds":0.000000,"failures":0}
{"event":"shadow-complete","name":"token_plus","source":"/home/runner/work/nanolang/nanolang/src_nano/parser.nano","line":599,"elapsed_seconds":0.000333,"failures":0}
{"event":"shadow-start","name":"token_minus","source":"/home/runner/work/nanolang/nanolang/src_nano/parser.nano","line":602,"elapsed_seconds":0.000000,"failures":0}
{"event":"shadow-complete","name":"token_minus","source":"/home/runner/work/nanolang/nanolang/src_nano/parser.nano","line":602,"elapsed_seconds":0.000340,"failures":0}
{"event":"shadow-start","name":"token_star","source":"/home/runner/work/nanolang/nanolang/src_nano/parser.nano","line":605,"elapsed_seconds":0.000000,"failures":0}
{"event":"shadow-complete","name":"token_star","source":"/home/runner/work/nanolang/nanolang/src_nano/parser.nano","line":605,"elapsed_seconds":0.000333,"failures":0}
{"event":"shadow-start","name":"token_slash","source":"/home/runner/work/nanolang/nanolang/src_nano/parser.nano","line":608,"elapsed_seconds":0.000000,"failures":0}
{"event":"shadow-complete","name":"token_slash","source":"/home/runner/work/nanolang/nanolang/src_nano/parser.nano","line":608,"elapsed_seconds":0.000333,"failures":0}
{"event":"shadow-start","name":"token_eq","source":"/home/runner/work/nanolang/nanolang/src_nano/parser.nano","line":611,"elapsed_seconds":0.000000,"failures":0}
{"event":"shadow-complete","name":"token_eq","source":"/home/runner/work/nanolang/nanolang/src_nano/parser.nano","line":611,"elapsed_seconds":0.000340,"failures":0}
{"event":"shadow-start","name":"token_ne","source":"/home/runner/work/nanolang/nanolang/src_nano/parser.nano","line":614,"elapsed_seconds":0.000000,"failures":0}
{"event":"shadow-complete","name":"token_ne","source":"/home/runner/work/nanolang/nanolang/src_nano/parser.nano","line":614,"elapsed_seconds":0.000340,"failures":0}
{"event":"shadow-start","name":"token_lt","source":"/home/runner/work/nanolang/nanolang/src_nano/parser.nano","line":617,"elapsed_seconds":0.000000,"failures":0}
{"event":"shadow-complete","name":"token_lt","source":"/home/runner/work/nanolang/nanolang/src_nano/parser.nano","line":617,"elapsed_seconds":0.000339,"failures":0}
{"event":"shadow-start","name":"token_le","source":"/home/runner/work/nanolang/nanolang/src_nano/parser.nano","line":620,"elapsed_seconds":0.000000,"failures":0}
{"event":"shadow-complete","name":"token_le","source":"/home/runner/work/nanolang/nanolang/src_nano/parser.nano","line":620,"elapsed_seconds":0.000334,"failures":0}
{"event":"shadow-start","name":"token_gt","source":"/home/runner/work/nanolang/nanolang/src_nano/parser.nano","line":623,"elapsed_seconds":0.000000,"failures":0}
{"event":"shadow-complete","name":"token_gt","source":"/home/runner/work/nanolang/nanolang/src_nano/parser.nano","line":623,"elapsed_seconds":0.000333,"failures":0}
{"event":"shadow-start","name":"token_ge","source":"/home/runner/work/nanolang/nanolang/src_nano/parser.nano","line":626,"elapsed_seconds":0.000000,"failures":0}
{"event":"shadow-complete","name":"token_ge","source":"/home/runner/work/nanolang/nanolang/src_nano/parser.nano","line":626,"elapsed_seconds":0.000343,"failures":0}
{"event":"shadow-start","name":"token_and","source":"/home/runner/work/nanolang/nanolang/src_nano/parser.nano","line":629,"elapsed_seconds":0.000000,"failures":0}
{"event":"shadow-complete","name":"token_and","source":"/home/runner/work/nanolang/nanolang/src_nano/parser.nano","line":629,"elapsed_seconds":0.000339,"failures":0}
{"event":"shadow-start","name":"token_or","source":"/home/runner/work/nanolang/nanolang/src_nano/parser.nano","line":632,"elapsed_seconds":0.000000,"failures":0}
{"event":"shadow-complete","name":"token_or","source":"/home/runner/work/nanolang/nanolang/src_nano/parser.nano","line":632,"elapsed_seconds":0.000339,"failures":0}
{"event":"shadow-start","name":"token_comma","source":"/home/runner/work/nanolang/nanolang/src_nano/parser.nano","line":635,"elapsed_seconds":0.000000,"failures":0}
{"event":"shadow-complete","name":"token_comma","source":"/home/runner/work/nanolang/nanolang/src_nano/parser.nano","line":635,"elapsed_seconds":0.000339,"failures":0}
{"event":"shadow-start","name":"token_lbrace","source":"/home/runner/work/nanolang/nanolang/src_nano/parser.nano","line":638,"elapsed_seconds":0.000000,"failures":0}
{"event":"shadow-complete","name":"token_lbrace","source":"/home/runner/work/nanolang/nanolang/src_nano/parser.nano","line":638,"elapsed_seconds":0.000334,"failures":0}
{"event":"shadow-start","name":"token_rbrace","source":"/home/runner/work/nanolang/nanolang/src_nano/parser.nano","line":641,"elapsed_seconds":0.000000,"failures":0}
{"event":"shadow-complete","name":"token_rbrace","source":"/home/runner/work/nanolang/nanolang/src_nano/parser.nano","line":641,"elapsed_seconds":0.000333,"failures":0}
{"event":"shadow-start","name":"token_let","source":"/home/runner/work/nanolang/nanolang/src_nano/parser.nano","line":644,"elapsed_seconds":0.000000,"failures":0}
{"event":"shadow-complete","name":"token_let","source":"/home/runner/work/nanolang/nanolang/src_nano/parser.nano","line":644,"elapsed_seconds":0.000333,"failures":0}
{"event":"shadow-start","name":"token_if","source":"/home/runner/work/nanolang/nanolang/src_nano/parser.nano","line":647,"elapsed_seconds":0.000000,"failures":0}
{"event":"shadow-complete","name":"token_if","source":"/home/runner/work/nanolang/nanolang/src_nano/parser.nano","line":647,"elapsed_seconds":0.000337,"failures":0}
{"event":"shadow-start","name":"token_else","source":"/home/runner/work/nanolang/nanolang/src_nano/parser.nano","line":650,"elapsed_seconds":0.000000,"failures":0}
{"event":"shadow-complete","name":"token_else","source":"/home/runner/work/nanolang/nanolang/src_nano/parser.nano","line":650,"elapsed_seconds":0.000337,"failures":0}
{"event":"shadow-start","name":"token_while","source":"/home/runner/work/nanolang/nanolang/src_nano/parser.nano","line":653,"elapsed_seconds":0.000000,"failures":0}
{"event":"shadow-complete","name":"token_while","source":"/home/runner/work/nanolang/nanolang/src_nano/parser.nano","line":653,"elapsed_seconds":0.000339,"failures":0}
{"event":"shadow-start","name":"token_return","source":"/home/runner/work/nanolang/nanolang/src_nano/parser.nano","line":656,"elapsed_seconds":0.000000,"failures":0}
{"event":"shadow-complete","name":"token_return","source":"/home/runner/work/nanolang/nanolang/src_nano/parser.nano","line":656,"elapsed_seconds":0.000333,"failures":0}
{"event":"shadow-start","name":"token_colon","source":"/home/runner/work/nanolang/nanolang/src_nano/parser.nano","line":659,"elapsed_seconds":0.000000,"failures":0}
{"event":"shadow-complete","name":"token_colon","source":"/home/runner/work/nanolang/nanolang/src_nano/parser.nano","line":659,"elapsed_seconds":0.000348,"failures":0}
{"event":"shadow-start","name":"token_mut","source":"/home/runner/work/nanolang/nanolang/src_nano/parser.nano","line":662,"elapsed_seconds":0.000000,"failures":0}
{"event":"shadow-complete","name":"token_mut","source":"/home/runner/work/nanolang/nanolang/src_nano/parser.nano","line":662,"elapsed_seconds":0.000306,"failures":0}
{"event":"shadow-start","name":"token_assign","source":"/home/runner/work/nanolang/nanolang/src_nano/parser.nano","line":665,"elapsed_seconds":0.000000,"failures":0}
{"event":"shadow-complete","name":"token_assign","source":"/home/runner/work/nanolang/nanolang/src_nano/parser.nano","line":665,"elapsed_seconds":0.000325,"failures":0}
{"event":"shadow-start","name":"token_arrow","source":"/home/runner/work/nanolang/nanolang/src_nano/parser.nano","line":668,"elapsed_seconds":0.000000,"failures":0}
{"event":"shadow-complete","name":"token_arrow","source":"/home/runner/work/nanolang/nanolang/src_nano/parser.nano","line":668,"elapsed_seconds":0.000338,"failures":0}
{"event":"shadow-start","name":"token_fn","source":"/home/runner/work/nanolang/nanolang/src_nano/parser.nano","line":671,"elapsed_seconds":0.000000,"failures":0}
{"event":"shadow-complete","name":"token_fn","source":"/home/runner/work/nanolang/nanolang/src_nano/parser.nano","line":671,"elapsed_seconds":0.000333,"failures":0}
{"event":"shadow-start","name":"token_extern","source":"/home/runner/work/nanolang/nanolang/src_nano/parser.nano","line":674,"elapsed_seconds":0.000000,"failures":0}
{"event":"shadow-complete","name":"token_extern","source":"/home/runner/work/nanolang/nanolang/src_nano/parser.nano","line":674,"elapsed_seconds":0.000341,"failures":0}
{"event":"shadow-start","name":"token_set","source":"/home/runner/work/nanolang/nanolang/src_nano/parser.nano","line":677,"elapsed_seconds":0.000000,"failures":0}
{"event":"shadow-complete","name":"token_set","source":"/home/runner/work/nanolang/nanolang/src_nano/parser.nano","line":677,"elapsed_seconds":0.000334,"failures":0}
{"event":"shadow-start","name":"token_struct","source":"/home/runner/work/nanolang/nanolang/src_nano/parser.nano","line":680,"elapsed_seconds":0.000000,"failures":0}
{"event":"shadow-complete","name":"token_struct","source":"/home/runner/work/nanolang/nanolang/src_nano/parser.nano","line":680,"elapsed_seconds":0.000336,"failures":0}
{"event":"shadow-start","name":"token_enum","source":"/home/runner/work/nanolang/nanolang/src_nano/parser.nano","line":683,"elapsed_seconds":0.000000,"failures":0}
{"event":"shadow-complete","name":"token_enum","source":"/home/runner/work/nanolang/nanolang/src_nano/parser.nano","line":683,"elapsed_seconds":0.000339,"failures":0}
{"event":"shadow-start","name":"token_union","source":"/home/runner/work/nanolang/nanolang/src_nano/parser.nano","line":686,"elapsed_seconds":0.000000,"failures":0}
{"event":"shadow-complete","name":"token_union","source":"/home/runner/work/nanolang/nanolang/src_nano/parser.nano","line":686,"elapsed_seconds":0.000338,"failures":0}
{"event":"shadow-start","name":"token_for","source":"/home/runner/work/nanolang/nanolang/src_nano/parser.nano","line":690,"elapsed_seconds":0.000000,"failures":0}
{"event":"shadow-complete","name":"token_for","source":"/home/runner/work/nanolang/nanolang/src_nano/parser.nano","line":690,"elapsed_seconds":0.000334,"failures":0}
{"event":"shadow-start","name":"token_in","source":"/home/runner/work/nanolang/nanolang/src_nano/parser.nano","line":693,"elapsed_seconds":0.000000,"failures":0}
{"event":"shadow-complete","name":"token_in","source":"/home/runner/work/nanolang/nanolang/src_nano/parser.nano","line":693,"elapsed_seconds":0.000342,"failures":0}
{"event":"shadow-start","name":"token_assert","source":"/home/runner/work/nanolang/nanolang/src_nano/parser.nano","line":696,"elapsed_seconds":0.000000,"failures":0}
{"event":"shadow-complete","name":"token_assert","source":"/home/runner/work/nanolang/nanolang/src_nano/parser.nano","line":696,"elapsed_seconds":0.000335,"failures":0}
{"event":"shadow-start","name":"token_requires","source":"/home/runner/work/nanolang/nanolang/src_nano/parser.nano","line":699,"elapsed_seconds":0.000000,"failures":0}
{"event":"shadow-complete","name":"token_requires","source":"/home/runner/work/nanolang/nanolang/src_nano/parser.nano","line":699,"elapsed_seconds":0.000342,"failures":0}
{"event":"shadow-start","name":"token_ensures","source":"/home/runner/work/nanolang/nanolang/src_nano/parser.nano","line":702,"elapsed_seconds":0.000000,"failures":0}
{"event":"shadow-complete","name":"token_ensures","source":"/home/runner/work/nanolang/nanolang/src_nano/parser.nano","line":702,"elapsed_seconds":0.000336,"failures":0}
{"event":"shadow-start","name":"token_unsafe","source":"/home/runner/work/nanolang/nanolang/src_nano/parser.nano","line":705,"elapsed_seconds":0.000000,"failures":0}
{"event":"shadow-complete","name":"token_unsafe","source":"/home/runner/work/nanolang/nanolang/src_nano/parser.nano","line":705,"elapsed_seconds":0.000337,"failures":0}
{"event":"shadow-start","name":"token_shadow","source":"/home/runner/work/nanolang/nanolang/src_nano/parser.nano","line":708,"elapsed_seconds":0.000000,"failures":0}
{"event":"shadow-complete","name":"token_shadow","source":"/home/runner/work/nanolang/nanolang/src_nano/parser.nano","line":708,"elapsed_seconds":0.000349,"failures":0}
{"event":"shadow-start","name":"token_match","source":"/home/runner/work/nanolang/nanolang/src_nano/parser.nano","line":711,"elapsed_seconds":0.000000,"failures":0}
{"event":"shadow-complete","name":"token_match","source":"/home/runner/work/nanolang/nanolang/src_nano/parser.nano","line":711,"elapsed_seconds":0.000306,"failures":0}
{"event":"shadow-start","name":"token_import","source":"/home/runner/work/nanolang/nanolang/src_nano/parser.nano","line":714,"elapsed_seconds":0.000000,"failures":0}
{"event":"shadow-complete","name":"token_import","source":"/home/runner/work/nanolang/nanolang/src_nano/parser.nano","line":714,"elapsed_seconds":0.000310,"failures":0}
{"event":"shadow-start","name":"token_as","source":"/home/runner/work/nanolang/nanolang/src_nano/parser.nano","line":717,"elapsed_seconds":0.000000,"failures":0}
{"event":"shadow-complete","name":"token_as","source":"/home/runner/work/nanolang/nanolang/src_nano/parser.nano","line":717,"elapsed_seconds":0.000325,"failures":0}
{"event":"shadow-start","name":"token_pub","source":"/home/runner/work/nanolang/nanolang/src_nano/parser.nano","line":720,"elapsed_seconds":0.000000,"failures":0}
{"event":"shadow-complete","name":"token_pub","source":"/home/runner/work/nanolang/nanolang/src_nano/parser.nano","line":720,"elapsed_seconds":0.000334,"failures":0}
{"event":"shadow-start","name":"token_pure","source":"/home/runner/work/nanolang/nanolang/src_nano/parser.nano","line":723,"elapsed_seconds":0.000000,"failures":0}
{"event":"shadow-complete","name":"token_pure","source":"/home/runner/work/nanolang/nanolang/src_nano/parser.nano","line":723,"elapsed_seconds":0.000336,"failures":0}
{"event":"shadow-start","name":"token_opaque","source":"/home/runner/work/nanolang/nanolang/src_nano/parser.nano","line":726,"elapsed_seconds":0.000000,"failures":0}
{"event":"shadow-complete","name":"token_opaque","source":"/home/runner/work/nanolang/nanolang/src_nano/parser.nano","line":726,"elapsed_seconds":0.000339,"failures":0}
{"event":"shadow-start","name":"token_lbracket","source":"/home/runner/work/nanolang/nanolang/src_nano/parser.nano","line":729,"elapsed_seconds":0.000000,"failures":0}
{"event":"shadow-complete","name":"token_lbracket","source":"/home/runner/work/nanolang/nanolang/src_nano/parser.nano","line":729,"elapsed_seconds":0.000335,"failures":0}
{"event":"shadow-start","name":"token_rbracket","source":"/home/runner/work/nanolang/nanolang/src_nano/parser.nano","line":732,"elapsed_seconds":0.000000,"failures":0}
{"event":"shadow-complete","name":"token_rbracket","source":"/home/runner/work/nanolang/nanolang/src_nano/parser.nano","line":732,"elapsed_seconds":0.000342,"failures":0}
{"event":"shadow-start","name":"token_dot","source":"/home/runner/work/nanolang/nanolang/src_nano/parser.nano","line":735,"elapsed_seconds":0.000000,"failures":0}
{"event":"shadow-complete","name":"token_dot","source":"/home/runner/work/nanolang/nanolang/src_nano/parser.nano","line":735,"elapsed_seconds":0.000334,"failures":0}
{"event":"shadow-start","name":"token_double_colon","source":"/home/runner/work/nanolang/nanolang/src_nano/parser.nano","line":738,"elapsed_seconds":0.000000,"failures":0}
{"event":"shadow-complete","name":"token_double_colon","source":"/home/runner/work/nanolang/nanolang/src_nano/parser.nano","line":738,"elapsed_seconds":0.000343,"failures":0}
{"event":"shadow-start","name":"token_percent","source":"/home/runner/work/nanolang/nanolang/src_nano/parser.nano","line":741,"elapsed_seconds":0.000000,"failures":0}
{"event":"shadow-complete","name":"token_percent","source":"/home/runner/work/nanolang/nanolang/src_nano/parser.nano","line":741,"elapsed_seconds":0.000362,"failures":0}
{"event":"shadow-start","name":"token_not","source":"/home/runner/work/nanolang/nanolang/src_nano/parser.nano","line":744,"elapsed_seconds":0.000000,"failures":0}
{"event":"shadow-complete","name":"token_not","source":"/home/runner/work/nanolang/nanolang/src_nano/parser.nano","line":744,"elapsed_seconds":0.000307,"failures":0}
{"event":"shadow-start","name":"token_pipe","source":"/home/runner/work/nanolang/nanolang/src_nano/parser.nano","line":747,"elapsed_seconds":0.000000,"failures":0}
{"event":"shadow-complete","name":"token_pipe","source":"/home/runner/work/nanolang/nanolang/src_nano/parser.nano","line":747,"elapsed_seconds":0.000306,"failures":0}
{"event":"shadow-start","name":"token_grammar","source":"/home/runner/work/nanolang/nanolang/src_nano/parser.nano","line":750,"elapsed_seconds":0.000000,"failures":0}
{"event":"shadow-complete","name":"token_grammar","source":"/home/runner/work/nanolang/nanolang/src_nano/parser.nano","line":750,"elapsed_seconds":0.000315,"failures":0}
{"event":"shadow-start","name":"token_larrow","source":"/home/runner/work/nanolang/nanolang/src_nano/parser.nano","line":753,"elapsed_seconds":0.000000,"failures":0}
{"event":"shadow-complete","name":"token_larrow","source":"/home/runner/work/nanolang/nanolang/src_nano/parser.nano","line":753,"elapsed_seconds":0.000310,"failures":0}
{"event":"shadow-start","name":"token_question","source":"/home/runner/work/nanolang/nanolang/src_nano/parser.nano","line":756,"elapsed_seconds":0.000000,"failures":0}
{"event":"shadow-complete","name":"token_question","source":"/home/runner/work/nanolang/nanolang/src_nano/parser.nano","line":756,"elapsed_seconds":0.000310,"failures":0}
{"event":"shadow-start","name":"token_array","source":"/home/runner/work/nanolang/nanolang/src_nano/parser.nano","line":759,"elapsed_seconds":0.000000,"failures":0}
{"event":"shadow-complete","name":"token_array","source":"/home/runner/work/nanolang/nanolang/src_nano/parser.nano","line":759,"elapsed_seconds":0.000333,"failures":0}
{"event":"shadow-start","name":"token_type_int","source":"/home/runner/work/nanolang/nanolang/src_nano/parser.nano","line":762,"elapsed_seconds":0.000000,"failures":0}
{"event":"shadow-complete","name":"token_type_int","source":"/home/runner/work/nanolang/nanolang/src_nano/parser.nano","line":762,"elapsed_seconds":0.000312,"failures":0}
{"event":"shadow-start","name":"token_type_u8","source":"/home/runner/work/nanolang/nanolang/src_nano/parser.nano","line":765,"elapsed_seconds":0.000000,"failures":0}
{"event":"shadow-complete","name":"token_type_u8","source":"/home/runner/work/nanolang/nanolang/src_nano/parser.nano","line":765,"elapsed_seconds":0.000310,"failures":0}
{"event":"shadow-start","name":"token_type_float","source":"/home/runner/work/nanolang/nanolang/src_nano/parser.nano","line":768,"elapsed_seconds":0.000000,"failures":0}
{"event":"shadow-complete","name":"token_type_float","source":"/home/runner/work/nanolang/nanolang/src_nano/parser.nano","line":768,"elapsed_seconds":0.000316,"failures":0}
{"event":"shadow-start","name":"token_type_bool","source":"/home/runner/work/nanolang/nanolang/src_nano/parser.nano","line":771,"elapsed_seconds":0.000000,"failures":0}
{"event":"shadow-complete","name":"token_type_bool","source":"/home/runner/work/nanolang/nanolang/src_nano/parser.nano","line":771,"elapsed_seconds":0.000306,"failures":0}
{"event":"shadow-start","name":"token_type_string","source":"/home/runner/work/nanolang/nanolang/src_nano/parser.nano","line":774,"elapsed_seconds":0.000000,"failures":0}
{"event":"shadow-complete","name":"token_type_string","source":"/home/runner/work/nanolang/nanolang/src_nano/parser.nano","line":774,"elapsed_seconds":0.000331,"failures":0}
{"event":"shadow-start","name":"token_type_bstring","source":"/home/runner/work/nanolang/nanolang/src_nano/parser.nano","line":777,"elapsed_seconds":0.000000,"failures":0}
{"event":"shadow-complete","name":"token_type_bstring","source":"/home/runner/work/nanolang/nanolang/src_nano/parser.nano","line":777,"elapsed_seconds":0.000312,"failures":0}
{"event":"shadow-start","name":"token_type_void","source":"/home/runner/work/nanolang/nanolang/src_nano/parser.nano","line":780,"elapsed_seconds":0.000000,"failures":0}
{"event":"shadow-complete","name":"token_type_void","source":"/home/runner/work/nanolang/nanolang/src_nano/parser.nano","line":780,"elapsed_seconds":0.000304,"failures":0}
{"event":"shadow-start","name":"parse_qualified_name","source":"/home/runner/work/nanolang/nanolang/src_nano/parser.nano","line":825,"elapsed_seconds":0.000000,"failures":0}
{"event":"shadow-complete","name":"parse_qualified_name","source":"/home/runner/work/nanolang/nanolang/src_nano/parser.nano","line":825,"elapsed_seconds":0.031917,"failures":0}
{"event":"shadow-start","name":"parse_call_name","source":"/home/runner/work/nanolang/nanolang/src_nano/parser.nano","line":896,"elapsed_seconds":0.000000,"failures":0}
{"event":"shadow-complete","name":"parse_call_name","source":"/home/runner/work/nanolang/nanolang/src_nano/parser.nano","line":896,"elapsed_seconds":0.035014,"failures":0}
{"event":"shadow-start","name":"is_type_start_token_type","source":"/home/runner/work/nanolang/nanolang/src_nano/parser.nano","line":946,"elapsed_seconds":0.000000,"failures":0}
{"event":"shadow-complete","name":"is_type_start_token_type","source":"/home/runner/work/nanolang/nanolang/src_nano/parser.nano","line":946,"elapsed_seconds":0.002376,"failures":0}
{"event":"shadow-start","name":"parse_type_string","source":"/home/runner/work/nanolang/nanolang/src_nano/parser.nano","line":1152,"elapsed_seconds":0.000000,"failures":0}
{"event":"shadow-complete","name":"parse_type_string","source":"/home/runner/work/nanolang/nanolang/src_nano/parser.nano","line":1152,"elapsed_seconds":0.098238,"failures":0}
{"event":"shadow-start","name":"parser_store_number","source":"/home/runner/work/nanolang/nanolang/src_nano/parser.nano","line":1260,"elapsed_seconds":0.000000,"failures":0}
{"event":"shadow-complete","name":"parser_store_number","source":"/home/runner/work/nanolang/nanolang/src_nano/parser.nano","line":1260,"elapsed_seconds":0.000038,"failures":0}
{"event":"shadow-start","name":"parser_store_string","source":"/home/runner/work/nanolang/nanolang/src_nano/parser.nano","line":1357,"elapsed_seconds":0.000000,"failures":0}
{"event":"shadow-complete","name":"parser_store_string","source":"/home/runner/work/nanolang/nanolang/src_nano/parser.nano","line":1357,"elapsed_seconds":0.000037,"failures":0}
{"event":"shadow-start","name":"parser_store_bool","source":"/home/runner/work/nanolang/nanolang/src_nano/parser.nano","line":1453,"elapsed_seconds":0.000000,"failures":0}
{"event":"shadow-complete","name":"parser_store_bool","source":"/home/runner/work/nanolang/nanolang/src_nano/parser.nano","line":1453,"elapsed_seconds":0.000036,"failures":0}
{"event":"shadow-start","name":"parser_store_identifier","source":"/home/runner/work/nanolang/nanolang/src_nano/parser.nano","line":1549,"elapsed_seconds":0.000000,"failures":0}
{"event":"shadow-complete","name":"parser_store_identifier","source":"/home/runner/work/nanolang/nanolang/src_nano/parser.nano","line":1549,"elapsed_seconds":0.000039,"failures":0}
{"event":"shadow-start","name":"parser_store_binary_op","source":"/home/runner/work/nanolang/nanolang/src_nano/parser.nano","line":1651,"elapsed_seconds":0.000000,"failures":0}
{"event":"shadow-complete","name":"parser_store_binary_op","source":"/home/runner/work/nanolang/nanolang/src_nano/parser.nano","line":1651,"elapsed_seconds":0.000038,"failures":0}
{"event":"shadow-start","name":"parser_mark_unary","source":"/home/runner/work/nanolang/nanolang/src_nano/parser.nano","line":1666,"elapsed_seconds":0.000000,"failures":0}
{"event":"shadow-complete","name":"parser_mark_unary","source":"/home/runner/work/nanolang/nanolang/src_nano/parser.nano","line":1666,"elapsed_seconds":0.231722,"failures":0}
{"event":"shadow-start","name":"parser_store_call","source":"/home/runner/work/nanolang/nanolang/src_nano/parser.nano","line":1769,"elapsed_seconds":0.000000,"failures":0}
{"event":"shadow-complete","name":"parser_store_call","source":"/home/runner/work/nanolang/nanolang/src_nano/parser.nano","line":1769,"elapsed_seconds":0.000039,"failures":0}
{"event":"shadow-start","name":"parser_store_module_qualified_call","source":"/home/runner/work/nanolang/nanolang/src_nano/parser.nano","line":1867,"elapsed_seconds":0.000000,"failures":0}
{"event":"shadow-complete","name":"parser_store_module_qualified_call","source":"/home/runner/work/nanolang/nanolang/src_nano/parser.nano","line":1867,"elapsed_seconds":0.000044,"failures":0}
{"event":"shadow-start","name":"name_contains_dot","source":"/home/runner/work/nanolang/nanolang/src_nano/parser.nano","line":1886,"elapsed_seconds":0.000000,"failures":0}
{"event":"shadow-complete","name":"name_contains_dot","source":"/home/runner/work/nanolang/nanolang/src_nano/parser.nano","line":1886,"elapsed_seconds":0.000586,"failures":0}
{"event":"shadow-start","name":"parser_store_call_arg","source":"/home/runner/work/nanolang/nanolang/src_nano/parser.nano","line":1981,"elapsed_seconds":0.000000,"failures":0}
{"event":"shadow-complete","name":"parser_store_call_arg","source":"/home/runner/work/nanolang/nanolang/src_nano/parser.nano","line":1981,"elapsed_seconds":0.000038,"failures":0}
{"event":"shadow-start","name":"parser_store_array_element","source":"/home/runner/work/nanolang/nanolang/src_nano/parser.nano","line":2074,"elapsed_seconds":0.000000,"failures":0}
{"event":"shadow-complete","name":"parser_store_array_element","source":"/home/runner/work/nanolang/nanolang/src_nano/parser.nano","line":2074,"elapsed_seconds":0.000040,"failures":0}
{"event":"shadow-start","name":"parse_named_literal","source":"/home/runner/work/nanolang/nanolang/src_nano/parser.nano","line":2102,"elapsed_seconds":0.000000,"failures":0}
{"event":"shadow-complete","name":"parse_named_literal","source":"/home/runner/work/nanolang/nanolang/src_nano/parser.nano","line":2102,"elapsed_seconds":1.131041,"failures":0}
{"event":"shadow-start","name":"parse_union_construct","source":"/home/runner/work/nanolang/nanolang/src_nano/parser.nano","line":2169,"elapsed_seconds":0.000000,"failures":0}
{"event":"shadow-complete","name":"parse_union_construct","source":"/home/runner/work/nanolang/nanolang/src_nano/parser.nano","line":2169,"elapsed_seconds":0.000040,"failures":0}
{"event":"shadow-start","name":"parse_struct_literal","source":"/home/runner/work/nanolang/nanolang/src_nano/parser.nano","line":2239,"elapsed_seconds":0.000000,"failures":0}
{"event":"shadow-complete","name":"parse_struct_literal","source":"/home/runner/work/nanolang/nanolang/src_nano/parser.nano","line":2239,"elapsed_seconds":0.000049,"failures":0}
{"event":"shadow-start","name":"parse_cond_expression","source":"/home/runner/work/nanolang/nanolang/src_nano/parser.nano","line":2339,"elapsed_seconds":0.000000,"failures":0}
{"event":"shadow-complete","name":"parse_cond_expression","source":"/home/runner/work/nanolang/nanolang/src_nano/parser.nano","line":2339,"elapsed_seconds":0.000039,"failures":0}
{"event":"shadow-start","name":"parse_cond_clauses","source":"/home/runner/work/nanolang/nanolang/src_nano/parser.nano","line":2343,"elapsed_seconds":0.000000,"failures":0}
{"event":"shadow-complete","name":"parse_cond_clauses","source":"/home/runner/work/nanolang/nanolang/src_nano/parser.nano","line":2343,"elapsed_seconds":0.000038,"failures":0}
{"event":"shadow-start","name":"parse_match_guard","source":"/home/runner/work/nanolang/nanolang/src_nano/parser.nano","line":2355,"elapsed_seconds":0.000000,"failures":0}
{"event":"shadow-complete","name":"parse_match_guard","source":"/home/runner/work/nanolang/nanolang/src_nano/parser.nano","line":2355,"elapsed_seconds":0.052333,"failures":0}
{"event":"shadow-start","name":"parser_match_arm_unconditional","source":"/home/runner/work/nanolang/nanolang/src_nano/parser.nano","line":2375,"elapsed_seconds":0.000000,"failures":0}
{"event":"shadow-complete","name":"parser_match_arm_unconditional","source":"/home/runner/work/nanolang/nanolang/src_nano/parser.nano","line":2375,"elapsed_seconds":0.440881,"failures":0}
{"event":"shadow-start","name":"parser_expect_match_arrow","source":"/home/runner/work/nanolang/nanolang/src_nano/parser.nano","line":2387,"elapsed_seconds":0.000000,"failures":0}
{"event":"shadow-complete","name":"parser_expect_match_arrow","source":"/home/runner/work/nanolang/nanolang/src_nano/parser.nano","line":2387,"elapsed_seconds":0.015239,"failures":0}
{"event":"shadow-start","name":"parse_match","source":"/home/runner/work/nanolang/nanolang/src_nano/parser.nano","line":2639,"elapsed_seconds":0.000000,"failures":0}
{"event":"shadow-complete","name":"parse_match","source":"/home/runner/work/nanolang/nanolang/src_nano/parser.nano","line":2639,"elapsed_seconds":0.233944,"failures":0}
{"event":"shadow-start","name":"parse_primary","source":"/home/runner/work/nanolang/nanolang/src_nano/parser.nano","line":3236,"elapsed_seconds":0.000000,"failures":0}
{"event":"shadow-complete","name":"parse_primary","source":"/home/runner/work/nanolang/nanolang/src_nano/parser.nano","line":3236,"elapsed_seconds":2.640326,"failures":0}
{"event":"shadow-start","name":"parse_parenthesized_head","source":"/home/runner/work/nanolang/nanolang/src_nano/parser.nano","line":3300,"elapsed_seconds":0.000000,"failures":0}
{"event":"shadow-complete","name":"parse_parenthesized_head","source":"/home/runner/work/nanolang/nanolang/src_nano/parser.nano","line":3300,"elapsed_seconds":0.283694,"failures":0}
{"event":"shadow-start","name":"parenthesized_call_start","source":"/home/runner/work/nanolang/nanolang/src_nano/parser.nano","line":3329,"elapsed_seconds":0.000000,"failures":0}
{"event":"shadow-complete","name":"parenthesized_call_start","source":"/home/runner/work/nanolang/nanolang/src_nano/parser.nano","line":3329,"elapsed_seconds":0.278450,"failures":0}
{"event":"shadow-start","name":"is_binary_op","source":"/home/runner/work/nanolang/nanolang/src_nano/parser.nano","line":3350,"elapsed_seconds":0.000000,"failures":0}
{"event":"shadow-complete","name":"is_binary_op","source":"/home/runner/work/nanolang/nanolang/src_nano/parser.nano","line":3350,"elapsed_seconds":0.003856,"failures":0}
{"event":"shadow-start","name":"parse_expression_recursive","source":"/home/runner/work/nanolang/nanolang/src_nano/parser.nano","line":3531,"elapsed_seconds":0.000000,"failures":0}
{"event":"shadow-complete","name":"parse_expression_recursive","source":"/home/runner/work/nanolang/nanolang/src_nano/parser.nano","line":3531,"elapsed_seconds":0.000041,"failures":0}
{"event":"shadow-start","name":"parse_expression","source":"/home/runner/work/nanolang/nanolang/src_nano/parser.nano","line":3536,"elapsed_seconds":0.000000,"failures":0}
{"event":"shadow-complete","name":"parse_expression","source":"/home/runner/work/nanolang/nanolang/src_nano/parser.nano","line":3536,"elapsed_seconds":0.000035,"failures":0}
{"event":"shadow-start","name":"parser_store_let","source":"/home/runner/work/nanolang/nanolang/src_nano/parser.nano","line":3644,"elapsed_seconds":0.000000,"failures":0}
{"event":"shadow-complete","name":"parser_store_let","source":"/home/runner/work/nanolang/nanolang/src_nano/parser.nano","line":3644,"elapsed_seconds":0.007412,"failures":0}
{"event":"shadow-start","name":"parser_store_set","source":"/home/runner/work/nanolang/nanolang/src_nano/parser.nano","line":3748,"elapsed_seconds":0.000000,"failures":0}
{"event":"shadow-complete","name":"parser_store_set","source":"/home/runner/work/nanolang/nanolang/src_nano/parser.nano","line":3748,"elapsed_seconds":0.014105,"failures":0}
{"event":"shadow-start","name":"parser_store_if","source":"/home/runner/work/nanolang/nanolang/src_nano/parser.nano","line":3854,"elapsed_seconds":0.000000,"failures":0}
{"event":"shadow-complete","name":"parser_store_if","source":"/home/runner/work/nanolang/nanolang/src_nano/parser.nano","line":3854,"elapsed_seconds":0.000035,"failures":0}
{"event":"shadow-start","name":"parser_store_while","source":"/home/runner/work/nanolang/nanolang/src_nano/parser.nano","line":3953,"elapsed_seconds":0.000000,"failures":0}
{"event":"shadow-complete","name":"parser_store_while","source":"/home/runner/work/nanolang/nanolang/src_nano/parser.nano","line":3953,"elapsed_seconds":0.000036,"failures":0}
{"event":"shadow-start","name":"parser_finish_array_literal","source":"/home/runner/work/nanolang/nanolang/src_nano/parser.nano","line":4064,"elapsed_seconds":0.000000,"failures":0}
{"event":"shadow-complete","name":"parser_finish_array_literal","source":"/home/runner/work/nanolang/nanolang/src_nano/parser.nano","line":4064,"elapsed_seconds":0.025887,"failures":0}
{"event":"shadow-start","name":"parser_always_returns","source":"/home/runner/work/nanolang/nanolang/src_nano/parser.nano","line":4212,"elapsed_seconds":0.000000,"failures":0}
{"event":"shadow-complete","name":"parser_always_returns","source":"/home/runner/work/nanolang/nanolang/src_nano/parser.nano","line":4212,"elapsed_seconds":0.336453,"failures":0}
{"event":"shadow-start","name":"parser_is_value_expression","source":"/home/runner/work/nanolang/nanolang/src_nano/parser.nano","line":4220,"elapsed_seconds":0.000000,"failures":0}
{"event":"shadow-complete","name":"parser_is_value_expression","source":"/home/runner/work/nanolang/nanolang/src_nano/parser.nano","line":4220,"elapsed_seconds":0.007430,"failures":0}
{"event":"shadow-start","name":"parser_decode_import_path","source":"/home/runner/work/nanolang/nanolang/src_nano/parser.nano","line":4250,"elapsed_seconds":0.000000,"failures":0}
{"event":"shadow-complete","name":"parser_decode_import_path","source":"/home/runner/work/nanolang/nanolang/src_nano/parser.nano","line":4250,"elapsed_seconds":0.001508,"failures":0}
{"event":"shadow-start","name":"parser_store_return","source":"/home/runner/work/nanolang/nanolang/src_nano/parser.nano","line":4918,"elapsed_seconds":0.000000,"failures":0}
{"event":"shadow-complete","name":"parser_store_return","source":"/home/runner/work/nanolang/nanolang/src_nano/parser.nano","line":4918,"elapsed_seconds":0.000035,"failures":0}
{"event":"shadow-start","name":"parser_store_assert","source":"/home/runner/work/nanolang/nanolang/src_nano/parser.nano","line":5015,"elapsed_seconds":0.000000,"failures":0}
{"event":"shadow-complete","name":"parser_store_assert","source":"/home/runner/work/nanolang/nanolang/src_nano/parser.nano","line":5015,"elapsed_seconds":0.000042,"failures":0}
{"event":"shadow-start","name":"parser_store_block","source":"/home/runner/work/nanolang/nanolang/src_nano/parser.nano","line":5114,"elapsed_seconds":0.000000,"failures":0}
{"event":"shadow-complete","name":"parser_store_block","source":"/home/runner/work/nanolang/nanolang/src_nano/parser.nano","line":5114,"elapsed_seconds":0.000033,"failures":0}
{"event":"shadow-start","name":"parser_wrap_if_in_block","source":"/home/runner/work/nanolang/nanolang/src_nano/parser.nano","line":5127,"elapsed_seconds":0.000000,"failures":0}
{"event":"shadow-complete","name":"parser_wrap_if_in_block","source":"/home/runner/work/nanolang/nanolang/src_nano/parser.nano","line":5127,"elapsed_seconds":0.000034,"failures":0}
{"event":"shadow-start","name":"expr_kind_to_pnode","source":"/home/runner/work/nanolang/nanolang/src_nano/parser.nano","line":5144,"elapsed_seconds":0.000000,"failures":0}
{"event":"shadow-complete","name":"expr_kind_to_pnode","source":"/home/runner/work/nanolang/nanolang/src_nano/parser.nano","line":5144,"elapsed_seconds":0.000885,"failures":0}
{"event":"shadow-start","name":"parser_starts_owned_pattern","source":"/home/runner/work/nanolang/nanolang/src_nano/parser.nano","line":5163,"elapsed_seconds":0.000000,"failures":0}
{"event":"shadow-complete","name":"parser_starts_owned_pattern","source":"/home/runner/work/nanolang/nanolang/src_nano/parser.nano","line":5163,"elapsed_seconds":0.012540,"failures":0}
{"event":"shadow-start","name":"parser_mark_owned","source":"/home/runner/work/nanolang/nanolang/src_nano/parser.nano","line":5179,"elapsed_seconds":0.000000,"failures":0}
{"event":"shadow-complete","name":"parser_mark_owned","source":"/home/runner/work/nanolang/nanolang/src_nano/parser.nano","line":5179,"elapsed_seconds":0.007318,"failures":0}
{"event":"shadow-start","name":"parse_owned_pattern","source":"/home/runner/work/nanolang/nanolang/src_nano/parser.nano","line":5234,"elapsed_seconds":0.000000,"failures":0}
{"event":"shadow-complete","name":"parse_owned_pattern","source":"/home/runner/work/nanolang/nanolang/src_nano/parser.nano","line":5234,"elapsed_seconds":0.254694,"failures":0}
{"event":"shadow-start","name":"parse_block_recursive","source":"/home/runner/work/nanolang/nanolang/src_nano/parser.nano","line":5330,"elapsed_seconds":0.000000,"failures":0}
{"event":"shadow-complete","name":"parse_block_recursive","source":"/home/runner/work/nanolang/nanolang/src_nano/parser.nano","line":5330,"elapsed_seconds":28.733772,"failures":0}
{"event":"shadow-start","name":"parse_block","source":"/home/runner/work/nanolang/nanolang/src_nano/parser.nano","line":5364,"elapsed_seconds":0.000000,"failures":0}
{"event":"shadow-complete","name":"parse_block","source":"/home/runner/work/nanolang/nanolang/src_nano/parser.nano","line":5364,"elapsed_seconds":0.000062,"failures":0}
{"event":"shadow-start","name":"parser_store_unsafe_block","source":"/home/runner/work/nanolang/nanolang/src_nano/parser.nano","line":5459,"elapsed_seconds":0.000000,"failures":0}
{"event":"shadow-complete","name":"parser_store_unsafe_block","source":"/home/runner/work/nanolang/nanolang/src_nano/parser.nano","line":5459,"elapsed_seconds":0.000072,"failures":0}
{"event":"shadow-start","name":"parse_unsafe_block_recursive","source":"/home/runner/work/nanolang/nanolang/src_nano/parser.nano","line":5491,"elapsed_seconds":0.000000,"failures":0}
{"event":"shadow-complete","name":"parse_unsafe_block_recursive","source":"/home/runner/work/nanolang/nanolang/src_nano/parser.nano","line":5491,"elapsed_seconds":28.582326,"failures":0}
{"event":"shadow-start","name":"parse_unsafe_block","source":"/home/runner/work/nanolang/nanolang/src_nano/parser.nano","line":5543,"elapsed_seconds":0.000000,"failures":0}
{"event":"shadow-complete","name":"parse_unsafe_block","source":"/home/runner/work/nanolang/nanolang/src_nano/parser.nano","line":5543,"elapsed_seconds":0.000066,"failures":0}
{"event":"shadow-start","name":"parse_let_body","source":"/home/runner/work/nanolang/nanolang/src_nano/parser.nano","line":5547,"elapsed_seconds":0.000000,"failures":0}
{"event":"shadow-complete","name":"parse_let_body","source":"/home/runner/work/nanolang/nanolang/src_nano/parser.nano","line":5547,"elapsed_seconds":0.000061,"failures":0}
{"event":"shadow-start","name":"parse_tuple_destructure","source":"/home/runner/work/nanolang/nanolang/src_nano/parser.nano","line":5708,"elapsed_seconds":0.000000,"failures":0}
{"event":"shadow-complete","name":"parse_tuple_destructure","source":"/home/runner/work/nanolang/nanolang/src_nano/parser.nano","line":5708,"elapsed_seconds":0.000060,"failures":0}
{"event":"shadow-start","name":"parse_let_statement","source":"/home/runner/work/nanolang/nanolang/src_nano/parser.nano","line":5743,"elapsed_seconds":0.000000,"failures":0}
{"event":"shadow-complete","name":"parse_let_statement","source":"/home/runner/work/nanolang/nanolang/src_nano/parser.nano","line":5743,"elapsed_seconds":0.000036,"failures":0}
{"event":"shadow-start","name":"parse_if_statement","source":"/home/runner/work/nanolang/nanolang/src_nano/parser.nano","line":5818,"elapsed_seconds":0.000000,"failures":0}
{"event":"shadow-complete","name":"parse_if_statement","source":"/home/runner/work/nanolang/nanolang/src_nano/parser.nano","line":5818,"elapsed_seconds":0.000036,"failures":0}
{"event":"shadow-start","name":"parse_while_statement","source":"/home/runner/work/nanolang/nanolang/src_nano/parser.nano","line":5853,"elapsed_seconds":0.000000,"failures":0}
{"event":"shadow-complete","name":"parse_while_statement","source":"/home/runner/work/nanolang/nanolang/src_nano/parser.nano","line":5853,"elapsed_seconds":0.000038,"failures":0}
{"event":"shadow-start","name":"parse_return_statement","source":"/home/runner/work/nanolang/nanolang/src_nano/parser.nano","line":5893,"elapsed_seconds":0.000000,"failures":0}
{"event":"shadow-complete","name":"parse_return_statement","source":"/home/runner/work/nanolang/nanolang/src_nano/parser.nano","line":5893,"elapsed_seconds":0.000038,"failures":0}
{"event":"shadow-start","name":"parse_assert_statement","source":"/home/runner/work/nanolang/nanolang/src_nano/parser.nano","line":5915,"elapsed_seconds":0.000000,"failures":0}
{"event":"shadow-complete","name":"parse_assert_statement","source":"/home/runner/work/nanolang/nanolang/src_nano/parser.nano","line":5915,"elapsed_seconds":0.000039,"failures":0}
{"event":"shadow-start","name":"parse_for_statement","source":"/home/runner/work/nanolang/nanolang/src_nano/parser.nano","line":5976,"elapsed_seconds":0.000000,"failures":0}
{"event":"shadow-complete","name":"parse_for_statement","source":"/home/runner/work/nanolang/nanolang/src_nano/parser.nano","line":5976,"elapsed_seconds":0.000038,"failures":0}
{"event":"shadow-start","name":"parser_with_node","source":"/home/runner/work/nanolang/nanolang/src_nano/parser.nano","line":6063,"elapsed_seconds":0.000000,"failures":0}
{"event":"shadow-complete","name":"parser_with_node","source":"/home/runner/work/nanolang/nanolang/src_nano/parser.nano","line":6063,"elapsed_seconds":0.006247,"failures":0}
{"event":"shadow-start","name":"parser_with_statement","source":"/home/runner/work/nanolang/nanolang/src_nano/parser.nano","line":6072,"elapsed_seconds":0.000000,"failures":0}
{"event":"shadow-complete","name":"parser_with_statement","source":"/home/runner/work/nanolang/nanolang/src_nano/parser.nano","line":6072,"elapsed_seconds":0.006493,"failures":0}
{"event":"shadow-start","name":"parser_mark_passive","source":"/home/runner/work/nanolang/nanolang/src_nano/parser.nano","line":6088,"elapsed_seconds":0.000000,"failures":0}
{"event":"shadow-complete","name":"parser_mark_passive","source":"/home/runner/work/nanolang/nanolang/src_nano/parser.nano","line":6088,"elapsed_seconds":0.322593,"failures":0}
{"event":"shadow-start","name":"parser_mark_par","source":"/home/runner/work/nanolang/nanolang/src_nano/parser.nano","line":6099,"elapsed_seconds":0.000000,"failures":0}
{"event":"shadow-complete","name":"parser_mark_par","source":"/home/runner/work/nanolang/nanolang/src_nano/parser.nano","line":6099,"elapsed_seconds":0.315627,"failures":0}
{"event":"shadow-start","name":"parse_statement","source":"/home/runner/work/nanolang/nanolang/src_nano/parser.nano","line":6195,"elapsed_seconds":0.000000,"failures":0}
{"event":"shadow-complete","name":"parse_statement","source":"/home/runner/work/nanolang/nanolang/src_nano/parser.nano","line":6195,"elapsed_seconds":0.000034,"failures":0}
{"event":"shadow-start","name":"parser_mark_lambda","source":"/home/runner/work/nanolang/nanolang/src_nano/parser.nano","line":6214,"elapsed_seconds":0.000000,"failures":0}
{"event":"shadow-complete","name":"parser_mark_lambda","source":"/home/runner/work/nanolang/nanolang/src_nano/parser.nano","line":6214,"elapsed_seconds":0.010096,"failures":0}
{"event":"shadow-start","name":"parser_lambda_function","source":"/home/runner/work/nanolang/nanolang/src_nano/parser.nano","line":6233,"elapsed_seconds":0.000000,"failures":0}
{"event":"shadow-complete","name":"parser_lambda_function","source":"/home/runner/work/nanolang/nanolang/src_nano/parser.nano","line":6233,"elapsed_seconds":0.403305,"failures":0}
{"event":"shadow-start","name":"parser_mark_pure","source":"/home/runner/work/nanolang/nanolang/src_nano/parser.nano","line":6262,"elapsed_seconds":0.000000,"failures":0}
{"event":"shadow-complete","name":"parser_mark_pure","source":"/home/runner/work/nanolang/nanolang/src_nano/parser.nano","line":6262,"elapsed_seconds":0.010065,"failures":0}
{"event":"shadow-start","name":"parser_store_function","source":"/home/runner/work/nanolang/nanolang/src_nano/parser.nano","line":6367,"elapsed_seconds":0.000000,"failures":0}
{"event":"shadow-complete","name":"parser_store_function","source":"/home/runner/work/nanolang/nanolang/src_nano/parser.nano","line":6367,"elapsed_seconds":0.000039,"failures":0}
{"event":"shadow-start","name":"parser_store_struct","source":"/home/runner/work/nanolang/nanolang/src_nano/parser.nano","line":6470,"elapsed_seconds":0.000000,"failures":0}
{"event":"shadow-complete","name":"parser_store_struct","source":"/home/runner/work/nanolang/nanolang/src_nano/parser.nano","line":6470,"elapsed_seconds":0.006781,"failures":0}
{"event":"shadow-start","name":"parser_store_enum","source":"/home/runner/work/nanolang/nanolang/src_nano/parser.nano","line":6576,"elapsed_seconds":0.000000,"failures":0}
{"event":"shadow-complete","name":"parser_store_enum","source":"/home/runner/work/nanolang/nanolang/src_nano/parser.nano","line":6576,"elapsed_seconds":0.010035,"failures":0}
{"event":"shadow-start","name":"parser_store_union","source":"/home/runner/work/nanolang/nanolang/src_nano/parser.nano","line":6686,"elapsed_seconds":0.000000,"failures":0}
{"event":"shadow-complete","name":"parser_store_union","source":"/home/runner/work/nanolang/nanolang/src_nano/parser.nano","line":6686,"elapsed_seconds":0.000040,"failures":0}
{"event":"shadow-start","name":"parse_parameter_type","source":"/home/runner/work/nanolang/nanolang/src_nano/parser.nano","line":7193,"elapsed_seconds":0.000000,"failures":0}
{"event":"shadow-complete","name":"parse_parameter_type","source":"/home/runner/work/nanolang/nanolang/src_nano/parser.nano","line":7193,"elapsed_seconds":0.108346,"failures":0}
{"event":"shadow-start","name":"parse_function_params","source":"/home/runner/work/nanolang/nanolang/src_nano/parser.nano","line":7284,"elapsed_seconds":0.000000,"failures":0}
{"event":"shadow-complete","name":"parse_function_params","source":"/home/runner/work/nanolang/nanolang/src_nano/parser.nano","line":7284,"elapsed_seconds":0.000041,"failures":0}
{"event":"shadow-start","name":"parse_extern_function_definition","source":"/home/runner/work/nanolang/nanolang/src_nano/parser.nano","line":7347,"elapsed_seconds":0.000000,"failures":0}
{"event":"shadow-complete","name":"parse_extern_function_definition","source":"/home/runner/work/nanolang/nanolang/src_nano/parser.nano","line":7347,"elapsed_seconds":0.077205,"failures":0}
{"event":"shadow-start","name":"parse_function_definition","source":"/home/runner/work/nanolang/nanolang/src_nano/parser.nano","line":7526,"elapsed_seconds":0.000000,"failures":0}
{"event":"shadow-complete","name":"parse_function_definition","source":"/home/runner/work/nanolang/nanolang/src_nano/parser.nano","line":7526,"elapsed_seconds":0.000037,"failures":0}
{"event":"shadow-start","name":"parse_struct_fields","source":"/home/runner/work/nanolang/nanolang/src_nano/parser.nano","line":7595,"elapsed_seconds":0.000000,"failures":0}
{"event":"shadow-complete","name":"parse_struct_fields","source":"/home/runner/work/nanolang/nanolang/src_nano/parser.nano","line":7595,"elapsed_seconds":0.249248,"failures":0}
{"event":"shadow-start","name":"parse_struct_definition","source":"/home/runner/work/nanolang/nanolang/src_nano/parser.nano","line":7654,"elapsed_seconds":0.000000,"failures":0}
{"event":"shadow-complete","name":"parse_struct_definition","source":"/home/runner/work/nanolang/nanolang/src_nano/parser.nano","line":7654,"elapsed_seconds":0.247800,"failures":0}
{"event":"shadow-start","name":"parse_enum_variants","source":"/home/runner/work/nanolang/nanolang/src_nano/parser.nano","line":7731,"elapsed_seconds":0.000000,"failures":0}
{"event":"shadow-complete","name":"parse_enum_variants","source":"/home/runner/work/nanolang/nanolang/src_nano/parser.nano","line":7731,"elapsed_seconds":0.187529,"failures":0}
{"event":"shadow-start","name":"parse_enum_definition","source":"/home/runner/work/nanolang/nanolang/src_nano/parser.nano","line":7782,"elapsed_seconds":0.000000,"failures":0}
{"event":"shadow-complete","name":"parse_enum_definition","source":"/home/runner/work/nanolang/nanolang/src_nano/parser.nano","line":7782,"elapsed_seconds":0.000035,"failures":0}
{"event":"shadow-start","name":"parse_union_variants","source":"/home/runner/work/nanolang/nanolang/src_nano/parser.nano","line":7916,"elapsed_seconds":0.000000,"failures":0}
{"event":"shadow-complete","name":"parse_union_variants","source":"/home/runner/work/nanolang/nanolang/src_nano/parser.nano","line":7916,"elapsed_seconds":0.000034,"failures":0}
{"event":"shadow-start","name":"parse_union_definition","source":"/home/runner/work/nanolang/nanolang/src_nano/parser.nano","line":7987,"elapsed_seconds":0.000000,"failures":0}
{"event":"shadow-complete","name":"parse_union_definition","source":"/home/runner/work/nanolang/nanolang/src_nano/parser.nano","line":7987,"elapsed_seconds":0.000035,"failures":0}
{"event":"shadow-start","name":"parse_module_import","source":"/home/runner/work/nanolang/nanolang/src_nano/parser.nano","line":8078,"elapsed_seconds":0.000000,"failures":0}
{"event":"shadow-complete","name":"parse_module_import","source":"/home/runner/work/nanolang/nanolang/src_nano/parser.nano","line":8078,"elapsed_seconds":0.000034,"failures":0}
{"event":"shadow-start","name":"parse_import","source":"/home/runner/work/nanolang/nanolang/src_nano/parser.nano","line":8082,"elapsed_seconds":0.000000,"failures":0}
{"event":"shadow-complete","name":"parse_import","source":"/home/runner/work/nanolang/nanolang/src_nano/parser.nano","line":8082,"elapsed_seconds":0.000031,"failures":0}
{"event":"shadow-start","name":"parse_from_import","source":"/home/runner/work/nanolang/nanolang/src_nano/parser.nano","line":8171,"elapsed_seconds":0.000000,"failures":0}
{"event":"shadow-complete","name":"parse_from_import","source":"/home/runner/work/nanolang/nanolang/src_nano/parser.nano","line":8171,"elapsed_seconds":0.000033,"failures":0}
{"event":"shadow-start","name":"parse_opaque_type","source":"/home/runner/work/nanolang/nanolang/src_nano/parser.nano","line":8206,"elapsed_seconds":0.000000,"failures":0}
{"event":"shadow-complete","name":"parse_opaque_type","source":"/home/runner/work/nanolang/nanolang/src_nano/parser.nano","line":8206,"elapsed_seconds":0.000032,"failures":0}
{"event":"shadow-start","name":"parse_shadow","source":"/home/runner/work/nanolang/nanolang/src_nano/parser.nano","line":8235,"elapsed_seconds":0.000000,"failures":0}
{"event":"shadow-complete","name":"parse_shadow","source":"/home/runner/work/nanolang/nanolang/src_nano/parser.nano","line":8235,"elapsed_seconds":0.000031,"failures":0}
{"event":"shadow-start","name":"parser_public_let","source":"/home/runner/work/nanolang/nanolang/src_nano/parser.nano","line":8330,"elapsed_seconds":0.000000,"failures":0}
{"event":"shadow-complete","name":"parser_public_let","source":"/home/runner/work/nanolang/nanolang/src_nano/parser.nano","line":8330,"elapsed_seconds":0.104610,"failures":0}
{"event":"shadow-start","name":"parse_definition","source":"/home/runner/work/nanolang/nanolang/src_nano/parser.nano","line":8476,"elapsed_seconds":0.000000,"failures":0}
{"event":"shadow-complete","name":"parse_definition","source":"/home/runner/work/nanolang/nanolang/src_nano/parser.nano","line":8476,"elapsed_seconds":0.202603,"failures":0}
{"event":"shadow-start","name":"parse_program","source":"/home/runner/work/nanolang/nanolang/src_nano/parser.nano","line":8518,"elapsed_seconds":0.000000,"failures":0}
{"event":"shadow-complete","name":"parse_program","source":"/home/runner/work/nanolang/nanolang/src_nano/parser.nano","line":8518,"elapsed_seconds":0.100555,"failures":0}
{"event":"shadow-start","name":"create_number_node","source":"/home/runner/work/nanolang/nanolang/src_nano/parser.nano","line":8544,"elapsed_seconds":0.000000,"failures":0}
{"event":"shadow-complete","name":"create_number_node","source":"/home/runner/work/nanolang/nanolang/src_nano/parser.nano","line":8544,"elapsed_seconds":0.000256,"failures":0}
{"event":"shadow-start","name":"create_identifier_node","source":"/home/runner/work/nanolang/nanolang/src_nano/parser.nano","line":8559,"elapsed_seconds":0.000000,"failures":0}
{"event":"shadow-complete","name":"create_identifier_node","source":"/home/runner/work/nanolang/nanolang/src_nano/parser.nano","line":8559,"elapsed_seconds":0.000269,"failures":0}
{"event":"shadow-start","name":"test_parser_structure","source":"/home/runner/work/nanolang/nanolang/src_nano/parser.nano","line":8579,"elapsed_seconds":0.000000,"failures":0}
{"event":"shadow-complete","name":"test_parser_structure","source":"/home/runner/work/nanolang/nanolang/src_nano/parser.nano","line":8579,"elapsed_seconds":0.004538,"failures":0}
{"event":"shadow-start","name":"parser_get_function_count","source":"/home/runner/work/nanolang/nanolang/src_nano/parser.nano","line":8596,"elapsed_seconds":0.000000,"failures":0}
{"event":"shadow-complete","name":"parser_get_function_count","source":"/home/runner/work/nanolang/nanolang/src_nano/parser.nano","line":8596,"elapsed_seconds":0.004000,"failures":0}
{"event":"shadow-start","name":"parser_set_let_var_type","source":"/home/runner/work/nanolang/nanolang/src_nano/parser.nano","line":8638,"elapsed_seconds":0.000000,"failures":0}
{"event":"shadow-complete","name":"parser_set_let_var_type","source":"/home/runner/work/nanolang/nanolang/src_nano/parser.nano","line":8638,"elapsed_seconds":0.121906,"failures":0}
{"event":"shadow-start","name":"parser_get_for","source":"/home/runner/work/nanolang/nanolang/src_nano/parser.nano","line":8733,"elapsed_seconds":0.000000,"failures":0}
{"event":"shadow-complete","name":"parser_get_for","source":"/home/runner/work/nanolang/nanolang/src_nano/parser.nano","line":8733,"elapsed_seconds":0.018724,"failures":0}
{"event":"shadow-start","name":"parser_get_struct_def_count","source":"/home/runner/work/nanolang/nanolang/src_nano/parser.nano","line":8871,"elapsed_seconds":0.000000,"failures":0}
{"event":"shadow-complete","name":"parser_get_struct_def_count","source":"/home/runner/work/nanolang/nanolang/src_nano/parser.nano","line":8871,"elapsed_seconds":0.006529,"failures":0}
{"event":"shadow-start","name":"parser_get_struct_def","source":"/home/runner/work/nanolang/nanolang/src_nano/parser.nano","line":8887,"elapsed_seconds":0.000000,"failures":0}
{"event":"shadow-complete","name":"parser_get_struct_def","source":"/home/runner/work/nanolang/nanolang/src_nano/parser.nano","line":8887,"elapsed_seconds":0.006517,"failures":0}
{"event":"shadow-start","name":"parser_get_enum_count","source":"/home/runner/work/nanolang/nanolang/src_nano/parser.nano","line":8913,"elapsed_seconds":0.000000,"failures":0}
{"event":"shadow-complete","name":"parser_get_enum_count","source":"/home/runner/work/nanolang/nanolang/src_nano/parser.nano","line":8913,"elapsed_seconds":0.006646,"failures":0}
{"event":"shadow-start","name":"parser_get_enum","source":"/home/runner/work/nanolang/nanolang/src_nano/parser.nano","line":8925,"elapsed_seconds":0.000000,"failures":0}
{"event":"shadow-complete","name":"parser_get_enum","source":"/home/runner/work/nanolang/nanolang/src_nano/parser.nano","line":8925,"elapsed_seconds":0.006453,"failures":0}
{"event":"shadow-start","name":"parser_get_union_count","source":"/home/runner/work/nanolang/nanolang/src_nano/parser.nano","line":8937,"elapsed_seconds":0.000000,"failures":0}
{"event":"shadow-complete","name":"parser_get_union_count","source":"/home/runner/work/nanolang/nanolang/src_nano/parser.nano","line":8937,"elapsed_seconds":0.006424,"failures":0}
{"event":"shadow-start","name":"parser_get_union","source":"/home/runner/work/nanolang/nanolang/src_nano/parser.nano","line":8954,"elapsed_seconds":0.000000,"failures":0}
{"event":"shadow-complete","name":"parser_get_union","source":"/home/runner/work/nanolang/nanolang/src_nano/parser.nano","line":8954,"elapsed_seconds":0.006438,"failures":0}
{"event":"shadow-start","name":"parser_store_array_literal","source":"/home/runner/work/nanolang/nanolang/src_nano/parser.nano","line":9027,"elapsed_seconds":0.000000,"failures":0}
{"event":"shadow-complete","name":"parser_store_array_literal","source":"/home/runner/work/nanolang/nanolang/src_nano/parser.nano","line":9027,"elapsed_seconds":0.006837,"failures":0}
{"event":"shadow-start","name":"parser_store_field_access","source":"/home/runner/work/nanolang/nanolang/src_nano/parser.nano","line":9034,"elapsed_seconds":0.000000,"failures":0}
{"event":"shadow-complete","name":"parser_store_field_access","source":"/home/runner/work/nanolang/nanolang/src_nano/parser.nano","line":9034,"elapsed_seconds":0.007181,"failures":0}
{"event":"shadow-start","name":"parser_store_float","source":"/home/runner/work/nanolang/nanolang/src_nano/parser.nano","line":9041,"elapsed_seconds":0.000000,"failures":0}
{"event":"shadow-complete","name":"parser_store_float","source":"/home/runner/work/nanolang/nanolang/src_nano/parser.nano","line":9041,"elapsed_seconds":0.006588,"failures":0}
{"event":"shadow-start","name":"parser_store_for","source":"/home/runner/work/nanolang/nanolang/src_nano/parser.nano","line":9048,"elapsed_seconds":0.000000,"failures":0}
{"event":"shadow-complete","name":"parser_store_for","source":"/home/runner/work/nanolang/nanolang/src_nano/parser.nano","line":9048,"elapsed_seconds":0.007092,"failures":0}
{"event":"shadow-start","name":"parser_store_import","source":"/home/runner/work/nanolang/nanolang/src_nano/parser.nano","line":9055,"elapsed_seconds":0.000000,"failures":0}
{"event":"shadow-complete","name":"parser_store_import","source":"/home/runner/work/nanolang/nanolang/src_nano/parser.nano","line":9055,"elapsed_seconds":0.007829,"failures":0}
{"event":"shadow-start","name":"parser_store_match","source":"/home/runner/work/nanolang/nanolang/src_nano/parser.nano","line":9064,"elapsed_seconds":0.000000,"failures":0}
{"event":"shadow-complete","name":"parser_store_match","source":"/home/runner/work/nanolang/nanolang/src_nano/parser.nano","line":9064,"elapsed_seconds":0.006055,"failures":0}
{"event":"shadow-start","name":"parser_store_opaque_type","source":"/home/runner/work/nanolang/nanolang/src_nano/parser.nano","line":9075,"elapsed_seconds":0.000000,"failures":0}
{"event":"shadow-complete","name":"parser_store_opaque_type","source":"/home/runner/work/nanolang/nanolang/src_nano/parser.nano","line":9075,"elapsed_seconds":0.006774,"failures":0}
{"event":"shadow-start","name":"parser_store_shadow","source":"/home/runner/work/nanolang/nanolang/src_nano/parser.nano","line":9082,"elapsed_seconds":0.000000,"failures":0}
{"event":"shadow-complete","name":"parser_store_shadow","source":"/home/runner/work/nanolang/nanolang/src_nano/parser.nano","line":9082,"elapsed_seconds":0.006979,"failures":0}
{"event":"shadow-start","name":"parser_store_struct_literal","source":"/home/runner/work/nanolang/nanolang/src_nano/parser.nano","line":9089,"elapsed_seconds":0.000000,"failures":0}
{"event":"shadow-complete","name":"parser_store_struct_literal","source":"/home/runner/work/nanolang/nanolang/src_nano/parser.nano","line":9089,"elapsed_seconds":0.006742,"failures":0}
{"event":"shadow-start","name":"parser_store_tuple_index","source":"/home/runner/work/nanolang/nanolang/src_nano/parser.nano","line":9102,"elapsed_seconds":0.000000,"failures":0}
{"event":"shadow-complete","name":"parser_store_tuple_index","source":"/home/runner/work/nanolang/nanolang/src_nano/parser.nano","line":9102,"elapsed_seconds":0.006513,"failures":0}
{"event":"shadow-start","name":"parser_store_tuple_literal","source":"/home/runner/work/nanolang/nanolang/src_nano/parser.nano","line":9109,"elapsed_seconds":0.000000,"failures":0}
{"event":"shadow-complete","name":"parser_store_tuple_literal","source":"/home/runner/work/nanolang/nanolang/src_nano/parser.nano","line":9109,"elapsed_seconds":0.006982,"failures":0}
{"event":"shadow-start","name":"parser_store_union_construct","source":"/home/runner/work/nanolang/nanolang/src_nano/parser.nano","line":9120,"elapsed_seconds":0.000000,"failures":0}
{"event":"shadow-complete","name":"parser_store_union_construct","source":"/home/runner/work/nanolang/nanolang/src_nano/parser.nano","line":9120,"elapsed_seconds":0.006549,"failures":0}
{"event":"shadow-start","name":"parser_get_function","source":"/home/runner/work/nanolang/nanolang/src_nano/parser.nano","line":9130,"elapsed_seconds":0.000000,"failures":0}
{"event":"shadow-complete","name":"parser_get_function","source":"/home/runner/work/nanolang/nanolang/src_nano/parser.nano","line":9130,"elapsed_seconds":0.006472,"failures":0}
{"event":"shadow-start","name":"parser_get_let_count","source":"/home/runner/work/nanolang/nanolang/src_nano/parser.nano","line":9137,"elapsed_seconds":0.000000,"failures":0}
{"event":"shadow-complete","name":"parser_get_let_count","source":"/home/runner/work/nanolang/nanolang/src_nano/parser.nano","line":9137,"elapsed_seconds":0.007252,"failures":0}
{"event":"shadow-start","name":"parser_get_let","source":"/home/runner/work/nanolang/nanolang/src_nano/parser.nano","line":9144,"elapsed_seconds":0.000000,"failures":0}
{"event":"shadow-complete","name":"parser_get_let","source":"/home/runner/work/nanolang/nanolang/src_nano/parser.nano","line":9144,"elapsed_seconds":0.007193,"failures":0}
{"event":"shadow-start","name":"parser_get_identifier_count","source":"/home/runner/work/nanolang/nanolang/src_nano/parser.nano","line":9151,"elapsed_seconds":0.000000,"failures":0}
{"event":"shadow-complete","name":"parser_get_identifier_count","source":"/home/runner/work/nanolang/nanolang/src_nano/parser.nano","line":9151,"elapsed_seconds":0.008026,"failures":0}
{"event":"shadow-start","name":"parser_get_identifier","source":"/home/runner/work/nanolang/nanolang/src_nano/parser.nano","line":9158,"elapsed_seconds":0.000000,"failures":0}
{"event":"shadow-complete","name":"parser_get_identifier","source":"/home/runner/work/nanolang/nanolang/src_nano/parser.nano","line":9158,"elapsed_seconds":0.007903,"failures":0}
{"event":"shadow-start","name":"parser_get_number_count","source":"/home/runner/work/nanolang/nanolang/src_nano/parser.nano","line":9165,"elapsed_seconds":0.000000,"failures":0}
{"event":"shadow-complete","name":"parser_get_number_count","source":"/home/runner/work/nanolang/nanolang/src_nano/parser.nano","line":9165,"elapsed_seconds":0.007784,"failures":0}
{"event":"shadow-start","name":"parser_get_number","source":"/home/runner/work/nanolang/nanolang/src_nano/parser.nano","line":9172,"elapsed_seconds":0.000000,"failures":0}
{"event":"shadow-complete","name":"parser_get_number","source":"/home/runner/work/nanolang/nanolang/src_nano/parser.nano","line":9172,"elapsed_seconds":0.007906,"failures":0}
{"event":"shadow-start","name":"parser_get_float_count","source":"/home/runner/work/nanolang/nanolang/src_nano/parser.nano","line":9179,"elapsed_seconds":0.000000,"failures":0}
{"event":"shadow-complete","name":"parser_get_float_count","source":"/home/runner/work/nanolang/nanolang/src_nano/parser.nano","line":9179,"elapsed_seconds":0.007115,"failures":0}
{"event":"shadow-start","name":"parser_get_float","source":"/home/runner/work/nanolang/nanolang/src_nano/parser.nano","line":9186,"elapsed_seconds":0.000000,"failures":0}
{"event":"shadow-complete","name":"parser_get_float","source":"/home/runner/work/nanolang/nanolang/src_nano/parser.nano","line":9186,"elapsed_seconds":0.007287,"failures":0}
{"event":"shadow-start","name":"parser_get_binary_op_count","source":"/home/runner/work/nanolang/nanolang/src_nano/parser.nano","line":9193,"elapsed_seconds":0.000000,"failures":0}
{"event":"shadow-complete","name":"parser_get_binary_op_count","source":"/home/runner/work/nanolang/nanolang/src_nano/parser.nano","line":9193,"elapsed_seconds":0.014751,"failures":0}
{"event":"shadow-start","name":"parser_get_binary_op","source":"/home/runner/work/nanolang/nanolang/src_nano/parser.nano","line":9203,"elapsed_seconds":0.000000,"failures":0}
{"event":"shadow-complete","name":"parser_get_binary_op","source":"/home/runner/work/nanolang/nanolang/src_nano/parser.nano","line":9203,"elapsed_seconds":0.014200,"failures":0}
{"event":"shadow-start","name":"parser_get_return_count","source":"/home/runner/work/nanolang/nanolang/src_nano/parser.nano","line":9213,"elapsed_seconds":0.000000,"failures":0}
{"event":"shadow-complete","name":"parser_get_return_count","source":"/home/runner/work/nanolang/nanolang/src_nano/parser.nano","line":9213,"elapsed_seconds":0.013180,"failures":0}
{"event":"shadow-start","name":"parser_get_return","source":"/home/runner/work/nanolang/nanolang/src_nano/parser.nano","line":9221,"elapsed_seconds":0.000000,"failures":0}
{"event":"shadow-complete","name":"parser_get_return","source":"/home/runner/work/nanolang/nanolang/src_nano/parser.nano","line":9221,"elapsed_seconds":0.013432,"failures":0}
{"event":"shadow-start","name":"parser_get_block_count","source":"/home/runner/work/nanolang/nanolang/src_nano/parser.nano","line":9229,"elapsed_seconds":0.000000,"failures":0}
{"event":"shadow-complete","name":"parser_get_block_count","source":"/home/runner/work/nanolang/nanolang/src_nano/parser.nano","line":9229,"elapsed_seconds":0.006774,"failures":0}
{"event":"shadow-start","name":"parser_get_block","source":"/home/runner/work/nanolang/nanolang/src_nano/parser.nano","line":9237,"elapsed_seconds":0.000000,"failures":0}
{"event":"shadow-complete","name":"parser_get_block","source":"/home/runner/work/nanolang/nanolang/src_nano/parser.nano","line":9237,"elapsed_seconds":0.006938,"failures":0}
{"event":"shadow-start","name":"parser_get_if_count","source":"/home/runner/work/nanolang/nanolang/src_nano/parser.nano","line":9245,"elapsed_seconds":0.000000,"failures":0}
{"event":"shadow-complete","name":"parser_get_if_count","source":"/home/runner/work/nanolang/nanolang/src_nano/parser.nano","line":9245,"elapsed_seconds":0.019417,"failures":0}
{"event":"shadow-start","name":"parser_get_if","source":"/home/runner/work/nanolang/nanolang/src_nano/parser.nano","line":9256,"elapsed_seconds":0.000000,"failures":0}
{"event":"shadow-complete","name":"parser_get_if","source":"/home/runner/work/nanolang/nanolang/src_nano/parser.nano","line":9256,"elapsed_seconds":0.018102,"failures":0}
{"event":"shadow-start","name":"parser_get_while_count","source":"/home/runner/work/nanolang/nanolang/src_nano/parser.nano","line":9267,"elapsed_seconds":0.000000,"failures":0}
{"event":"shadow-complete","name":"parser_get_while_count","source":"/home/runner/work/nanolang/nanolang/src_nano/parser.nano","line":9267,"elapsed_seconds":0.019093,"failures":0}
{"event":"shadow-start","name":"parser_get_while","source":"/home/runner/work/nanolang/nanolang/src_nano/parser.nano","line":9278,"elapsed_seconds":0.000000,"failures":0}
{"event":"shadow-complete","name":"parser_get_while","source":"/home/runner/work/nanolang/nanolang/src_nano/parser.nano","line":9278,"elapsed_seconds":0.019388,"failures":0}
{"event":"shadow-start","name":"parser_get_unsafe_block","source":"/home/runner/work/nanolang/nanolang/src_nano/parser.nano","line":9289,"elapsed_seconds":0.000000,"failures":0}
{"event":"shadow-complete","name":"parser_get_unsafe_block","source":"/home/runner/work/nanolang/nanolang/src_nano/parser.nano","line":9289,"elapsed_seconds":0.006982,"failures":0}
{"event":"shadow-start","name":"parser_get_call_count","source":"/home/runner/work/nanolang/nanolang/src_nano/parser.nano","line":9297,"elapsed_seconds":0.000000,"failures":0}
{"event":"shadow-complete","name":"parser_get_call_count","source":"/home/runner/work/nanolang/nanolang/src_nano/parser.nano","line":9297,"elapsed_seconds":0.014406,"failures":0}
{"event":"shadow-start","name":"parser_get_call","source":"/home/runner/work/nanolang/nanolang/src_nano/parser.nano","line":9306,"elapsed_seconds":0.000000,"failures":0}
{"event":"shadow-complete","name":"parser_get_call","source":"/home/runner/work/nanolang/nanolang/src_nano/parser.nano","line":9306,"elapsed_seconds":0.013480,"failures":0}
{"event":"shadow-start","name":"parser_get_module_qualified_call_count","source":"/home/runner/work/nanolang/nanolang/src_nano/parser.nano","line":9315,"elapsed_seconds":0.000000,"failures":0}
{"event":"shadow-complete","name":"parser_get_module_qualified_call_count","source":"/home/runner/work/nanolang/nanolang/src_nano/parser.nano","line":9315,"elapsed_seconds":0.007201,"failures":0}
{"event":"shadow-start","name":"parser_get_module_qualified_call","source":"/home/runner/work/nanolang/nanolang/src_nano/parser.nano","line":9322,"elapsed_seconds":0.000000,"failures":0}
{"event":"shadow-complete","name":"parser_get_module_qualified_call","source":"/home/runner/work/nanolang/nanolang/src_nano/parser.nano","line":9322,"elapsed_seconds":0.007426,"failures":0}
{"event":"shadow-start","name":"parser_get_call_arg_count","source":"/home/runner/work/nanolang/nanolang/src_nano/parser.nano","line":9329,"elapsed_seconds":0.000000,"failures":0}
{"event":"shadow-complete","name":"parser_get_call_arg_count","source":"/home/runner/work/nanolang/nanolang/src_nano/parser.nano","line":9329,"elapsed_seconds":0.007938,"failures":0}
{"event":"shadow-start","name":"parser_get_call_arg","source":"/home/runner/work/nanolang/nanolang/src_nano/parser.nano","line":9336,"elapsed_seconds":0.000000,"failures":0}
{"event":"shadow-complete","name":"parser_get_call_arg","source":"/home/runner/work/nanolang/nanolang/src_nano/parser.nano","line":9336,"elapsed_seconds":0.007239,"failures":0}
{"event":"shadow-start","name":"parser_get_set_count","source":"/home/runner/work/nanolang/nanolang/src_nano/parser.nano","line":9343,"elapsed_seconds":0.000000,"failures":0}
{"event":"shadow-complete","name":"parser_get_set_count","source":"/home/runner/work/nanolang/nanolang/src_nano/parser.nano","line":9343,"elapsed_seconds":0.013442,"failures":0}
{"event":"shadow-start","name":"parser_get_set","source":"/home/runner/work/nanolang/nanolang/src_nano/parser.nano","line":9351,"elapsed_seconds":0.000000,"failures":0}
{"event":"shadow-complete","name":"parser_get_set","source":"/home/runner/work/nanolang/nanolang/src_nano/parser.nano","line":9351,"elapsed_seconds":0.013746,"failures":0}
{"event":"shadow-start","name":"parser_get_string_count","source":"/home/runner/work/nanolang/nanolang/src_nano/parser.nano","line":9359,"elapsed_seconds":0.000000,"failures":0}
{"event":"shadow-complete","name":"parser_get_string_count","source":"/home/runner/work/nanolang/nanolang/src_nano/parser.nano","line":9359,"elapsed_seconds":0.007865,"failures":0}
{"event":"shadow-start","name":"parser_get_string","source":"/home/runner/work/nanolang/nanolang/src_nano/parser.nano","line":9366,"elapsed_seconds":0.000000,"failures":0}
{"event":"shadow-complete","name":"parser_get_string","source":"/home/runner/work/nanolang/nanolang/src_nano/parser.nano","line":9366,"elapsed_seconds":0.007695,"failures":0}
{"event":"shadow-start","name":"parser_get_bool_count","source":"/home/runner/work/nanolang/nanolang/src_nano/parser.nano","line":9373,"elapsed_seconds":0.000000,"failures":0}
{"event":"shadow-complete","name":"parser_get_bool_count","source":"/home/runner/work/nanolang/nanolang/src_nano/parser.nano","line":9373,"elapsed_seconds":0.008038,"failures":0}
{"event":"shadow-start","name":"parser_get_bool","source":"/home/runner/work/nanolang/nanolang/src_nano/parser.nano","line":9380,"elapsed_seconds":0.000000,"failures":0}
{"event":"shadow-complete","name":"parser_get_bool","source":"/home/runner/work/nanolang/nanolang/src_nano/parser.nano","line":9380,"elapsed_seconds":0.008256,"failures":0}
{"event":"shadow-start","name":"parser_get_assert_count","source":"/home/runner/work/nanolang/nanolang/src_nano/parser.nano","line":9387,"elapsed_seconds":0.000000,"failures":0}
{"event":"shadow-complete","name":"parser_get_assert_count","source":"/home/runner/work/nanolang/nanolang/src_nano/parser.nano","line":9387,"elapsed_seconds":0.013738,"failures":0}
{"event":"shadow-start","name":"parser_get_assert","source":"/home/runner/work/nanolang/nanolang/src_nano/parser.nano","line":9395,"elapsed_seconds":0.000000,"failures":0}
{"event":"shadow-complete","name":"parser_get_assert","source":"/home/runner/work/nanolang/nanolang/src_nano/parser.nano","line":9395,"elapsed_seconds":0.013896,"failures":0}
{"event":"shadow-start","name":"parser_get_field_access_count","source":"/home/runner/work/nanolang/nanolang/src_nano/parser.nano","line":9403,"elapsed_seconds":0.000000,"failures":0}
{"event":"shadow-complete","name":"parser_get_field_access_count","source":"/home/runner/work/nanolang/nanolang/src_nano/parser.nano","line":9403,"elapsed_seconds":0.007784,"failures":0}
{"event":"shadow-start","name":"parser_get_field_access","source":"/home/runner/work/nanolang/nanolang/src_nano/parser.nano","line":9410,"elapsed_seconds":0.000000,"failures":0}
{"event":"shadow-complete","name":"parser_get_field_access","source":"/home/runner/work/nanolang/nanolang/src_nano/parser.nano","line":9410,"elapsed_seconds":0.007579,"failures":0}
{"event":"shadow-start","name":"parser_get_array_literal_count","source":"/home/runner/work/nanolang/nanolang/src_nano/parser.nano","line":9417,"elapsed_seconds":0.000000,"failures":0}
{"event":"shadow-complete","name":"parser_get_array_literal_count","source":"/home/runner/work/nanolang/nanolang/src_nano/parser.nano","line":9417,"elapsed_seconds":0.007596,"failures":0}
{"event":"shadow-start","name":"parser_get_array_literal","source":"/home/runner/work/nanolang/nanolang/src_nano/parser.nano","line":9424,"elapsed_seconds":0.000000,"failures":0}
{"event":"shadow-complete","name":"parser_get_array_literal","source":"/home/runner/work/nanolang/nanolang/src_nano/parser.nano","line":9424,"elapsed_seconds":0.007626,"failures":0}
{"event":"shadow-start","name":"parser_set_array_literal_element_type","source":"/home/runner/work/nanolang/nanolang/src_nano/parser.nano","line":9431,"elapsed_seconds":0.000000,"failures":0}
{"event":"shadow-complete","name":"parser_set_array_literal_element_type","source":"/home/runner/work/nanolang/nanolang/src_nano/parser.nano","line":9431,"elapsed_seconds":0.008065,"failures":0}
{"event":"shadow-start","name":"parser_get_array_element_count","source":"/home/runner/work/nanolang/nanolang/src_nano/parser.nano","line":9439,"elapsed_seconds":0.000000,"failures":0}
{"event":"shadow-complete","name":"parser_get_array_element_count","source":"/home/runner/work/nanolang/nanolang/src_nano/parser.nano","line":9439,"elapsed_seconds":0.007789,"failures":0}
{"event":"shadow-start","name":"parser_get_array_element","source":"/home/runner/work/nanolang/nanolang/src_nano/parser.nano","line":9446,"elapsed_seconds":0.000000,"failures":0}
{"event":"shadow-complete","name":"parser_get_array_element","source":"/home/runner/work/nanolang/nanolang/src_nano/parser.nano","line":9446,"elapsed_seconds":0.007821,"failures":0}
{"event":"shadow-start","name":"parser_get_struct_literal_count","source":"/home/runner/work/nanolang/nanolang/src_nano/parser.nano","line":9453,"elapsed_seconds":0.000000,"failures":0}
{"event":"shadow-complete","name":"parser_get_struct_literal_count","source":"/home/runner/work/nanolang/nanolang/src_nano/parser.nano","line":9453,"elapsed_seconds":0.006839,"failures":0}
{"event":"shadow-start","name":"parser_get_struct_literal","source":"/home/runner/work/nanolang/nanolang/src_nano/parser.nano","line":9466,"elapsed_seconds":0.000000,"failures":0}
{"event":"shadow-complete","name":"parser_get_struct_literal","source":"/home/runner/work/nanolang/nanolang/src_nano/parser.nano","line":9466,"elapsed_seconds":0.007024,"failures":0}
{"event":"shadow-start","name":"parser_get_union_construct_count","source":"/home/runner/work/nanolang/nanolang/src_nano/parser.nano","line":9479,"elapsed_seconds":0.000000,"failures":0}
{"event":"shadow-complete","name":"parser_get_union_construct_count","source":"/home/runner/work/nanolang/nanolang/src_nano/parser.nano","line":9479,"elapsed_seconds":0.006886,"failures":0}
{"event":"shadow-start","name":"parser_get_union_construct","source":"/home/runner/work/nanolang/nanolang/src_nano/parser.nano","line":9489,"elapsed_seconds":0.000000,"failures":0}
{"event":"shadow-complete","name":"parser_get_union_construct","source":"/home/runner/work/nanolang/nanolang/src_nano/parser.nano","line":9489,"elapsed_seconds":0.006673,"failures":0}
{"event":"shadow-start","name":"parser_get_match_count","source":"/home/runner/work/nanolang/nanolang/src_nano/parser.nano","line":9499,"elapsed_seconds":0.000000,"failures":0}
{"event":"shadow-complete","name":"parser_get_match_count","source":"/home/runner/work/nanolang/nanolang/src_nano/parser.nano","line":9499,"elapsed_seconds":0.006971,"failures":0}
{"event":"shadow-start","name":"parser_get_match","source":"/home/runner/work/nanolang/nanolang/src_nano/parser.nano","line":9510,"elapsed_seconds":0.000000,"failures":0}
{"event":"shadow-complete","name":"parser_get_match","source":"/home/runner/work/nanolang/nanolang/src_nano/parser.nano","line":9510,"elapsed_seconds":0.006538,"failures":0}
{"event":"shadow-start","name":"parser_get_tuple_literal_count","source":"/home/runner/work/nanolang/nanolang/src_nano/parser.nano","line":9521,"elapsed_seconds":0.000000,"failures":0}
{"event":"shadow-complete","name":"parser_get_tuple_literal_count","source":"/home/runner/work/nanolang/nanolang/src_nano/parser.nano","line":9521,"elapsed_seconds":0.006025,"failures":0}
{"event":"shadow-start","name":"parser_get_tuple_literal","source":"/home/runner/work/nanolang/nanolang/src_nano/parser.nano","line":9532,"elapsed_seconds":0.000000,"failures":0}
{"event":"shadow-complete","name":"parser_get_tuple_literal","source":"/home/runner/work/nanolang/nanolang/src_nano/parser.nano","line":9532,"elapsed_seconds":0.005961,"failures":0}
{"event":"shadow-start","name":"parser_get_tuple_index_count","source":"/home/runner/work/nanolang/nanolang/src_nano/parser.nano","line":9543,"elapsed_seconds":0.000000,"failures":0}
{"event":"shadow-complete","name":"parser_get_tuple_index_count","source":"/home/runner/work/nanolang/nanolang/src_nano/parser.nano","line":9543,"elapsed_seconds":0.005967,"failures":0}
{"event":"shadow-start","name":"parser_get_tuple_index","source":"/home/runner/work/nanolang/nanolang/src_nano/parser.nano","line":9550,"elapsed_seconds":0.000000,"failures":0}
{"event":"shadow-complete","name":"parser_get_tuple_index","source":"/home/runner/work/nanolang/nanolang/src_nano/parser.nano","line":9550,"elapsed_seconds":0.006648,"failures":0}
{"event":"shadow-start","name":"parser_get_import_count","source":"/home/runner/work/nanolang/nanolang/src_nano/parser.nano","line":9557,"elapsed_seconds":0.000000,"failures":0}
{"event":"shadow-complete","name":"parser_get_import_count","source":"/home/runner/work/nanolang/nanolang/src_nano/parser.nano","line":9557,"elapsed_seconds":0.007885,"failures":0}
{"event":"shadow-start","name":"parser_get_import","source":"/home/runner/work/nanolang/nanolang/src_nano/parser.nano","line":9566,"elapsed_seconds":0.000000,"failures":0}
{"event":"shadow-complete","name":"parser_get_import","source":"/home/runner/work/nanolang/nanolang/src_nano/parser.nano","line":9566,"elapsed_seconds":0.007519,"failures":0}
{"event":"shadow-start","name":"parse_phase_run","source":"/home/runner/work/nanolang/nanolang/src_nano/parser.nano","line":9619,"elapsed_seconds":0.000000,"failures":0}
{"event":"shadow-complete","name":"parse_phase_run","source":"/home/runner/work/nanolang/nanolang/src_nano/parser.nano","line":9619,"elapsed_seconds":2.518651,"failures":0}
{"event":"shadow-start","name":"parser_service_utf8","source":"/home/runner/work/nanolang/nanolang/src_nano/parser.nano","line":9731,"elapsed_seconds":0.000000,"failures":0}
{"event":"shadow-complete","name":"parser_service_utf8","source":"/home/runner/work/nanolang/nanolang/src_nano/parser.nano","line":9731,"elapsed_seconds":0.000850,"failures":0}
{"event":"shadow-start","name":"parser_store_service","source":"/home/runner/work/nanolang/nanolang/src_nano/parser.nano","line":9746,"elapsed_seconds":0.000000,"failures":0}
{"event":"shadow-complete","name":"parser_store_service","source":"/home/runner/work/nanolang/nanolang/src_nano/parser.nano","line":9746,"elapsed_seconds":0.019430,"failures":0}
{"event":"shadow-start","name":"parse_service_declaration","source":"/home/runner/work/nanolang/nanolang/src_nano/parser.nano","line":9760,"elapsed_seconds":0.000000,"failures":0}
{"event":"shadow-complete","name":"parse_service_declaration","source":"/home/runner/work/nanolang/nanolang/src_nano/parser.nano","line":9760,"elapsed_seconds":0.304494,"failures":0}
{"event":"shadow-start","name":"parser_get_service_count","source":"/home/runner/work/nanolang/nanolang/src_nano/parser.nano","line":9773,"elapsed_seconds":0.000000,"failures":0}
{"event":"shadow-complete","name":"parser_get_service_count","source":"/home/runner/work/nanolang/nanolang/src_nano/parser.nano","line":9773,"elapsed_seconds":0.007127,"failures":0}
{"event":"shadow-start","name":"parser_get_service","source":"/home/runner/work/nanolang/nanolang/src_nano/parser.nano","line":9780,"elapsed_seconds":0.000000,"failures":0}
{"event":"shadow-complete","name":"parser_get_service","source":"/home/runner/work/nanolang/nanolang/src_nano/parser.nano","line":9780,"elapsed_seconds":0.007342,"failures":0}
{"event":"shadow-start","name":"function_type_parts","source":"/home/runner/work/nanolang/nanolang/src_nano/compiler/function_signature.nano","line":48,"elapsed_seconds":0.000000,"failures":0}
{"event":"shadow-complete","name":"function_type_parts","source":"/home/runner/work/nanolang/nanolang/src_nano/compiler/function_signature.nano","line":48,"elapsed_seconds":0.007573,"failures":0}
{"event":"shadow-start","name":"declaration_local_lets","source":"/home/runner/work/nanolang/nanolang/src_nano/compiler/declaration_ownership.nano","line":41,"elapsed_seconds":0.000000,"failures":0}
{"event":"shadow-complete","name":"declaration_local_lets","source":"/home/runner/work/nanolang/nanolang/src_nano/compiler/declaration_ownership.nano","line":41,"elapsed_seconds":1.009297,"failures":0}
{"event":"shadow-start","name":"nos_reset","source":"/home/runner/work/nanolang/nanolang/src_nano/compiler/owner_selection.nano","line":20,"elapsed_seconds":0.000000,"failures":0}
{"event":"shadow-complete","name":"nos_reset","source":"/home/runner/work/nanolang/nanolang/src_nano/compiler/owner_selection.nano","line":20,"elapsed_seconds":0.000122,"failures":0}
{"event":"shadow-start","name":"nos_scalar","source":"/home/runner/work/nanolang/nanolang/src_nano/compiler/owner_selection.nano","line":33,"elapsed_seconds":0.000000,"failures":0}
{"event":"shadow-complete","name":"nos_scalar","source":"/home/runner/work/nanolang/nanolang/src_nano/compiler/owner_selection.nano","line":33,"elapsed_seconds":0.108718,"failures":0}
{"event":"shadow-start","name":"nos_function","source":"/home/runner/work/nanolang/nanolang/src_nano/compiler/owner_selection.nano","line":52,"elapsed_seconds":0.000000,"failures":0}
{"event":"shadow-complete","name":"nos_function","source":"/home/runner/work/nanolang/nanolang/src_nano/compiler/owner_selection.nano","line":52,"elapsed_seconds":0.321844,"failures":0}
{"event":"shadow-start","name":"nos_bound","source":"/home/runner/work/nanolang/nanolang/src_nano/compiler/owner_selection.nano","line":63,"elapsed_seconds":0.000000,"failures":0}
{"event":"shadow-complete","name":"nos_bound","source":"/home/runner/work/nanolang/nanolang/src_nano/compiler/owner_selection.nano","line":63,"elapsed_seconds":0.000272,"failures":0}
{"event":"shadow-start","name":"nos_bind","source":"/home/runner/work/nanolang/nanolang/src_nano/compiler/owner_selection.nano","line":73,"elapsed_seconds":0.000000,"failures":0}
{"event":"shadow-complete","name":"nos_bind","source":"/home/runner/work/nanolang/nanolang/src_nano/compiler/owner_selection.nano","line":73,"elapsed_seconds":0.000394,"failures":0}
{"event":"shadow-start","name":"nos_scan","source":"/home/runner/work/nanolang/nanolang/src_nano/compiler/owner_selection.nano","line":179,"elapsed_seconds":0.000000,"failures":0}
{"event":"shadow-complete","name":"nos_scan","source":"/home/runner/work/nanolang/nanolang/src_nano/compiler/owner_selection.nano","line":179,"elapsed_seconds":0.477947,"failures":0}
{"event":"shadow-start","name":"nanoisa_selected_ownership","source":"/home/runner/work/nanolang/nanolang/src_nano/compiler/owner_selection.nano","line":261,"elapsed_seconds":0.000000,"failures":0}
{"event":"shadow-complete","name":"nanoisa_selected_ownership","source":"/home/runner/work/nanolang/nanolang/src_nano/compiler/owner_selection.nano","line":261,"elapsed_seconds":1.181993,"failures":0}
{"event":"shadow-start","name":"type_parameter_word_char","source":"/home/runner/work/nanolang/nanolang/src_nano/compiler/type_substitution.nano","line":6,"elapsed_seconds":0.000000,"failures":0}
{"event":"shadow-complete","name":"type_parameter_word_char","source":"/home/runner/work/nanolang/nanolang/src_nano/compiler/type_substitution.nano","line":6,"elapsed_seconds":0.000117,"failures":0}
{"event":"shadow-start","name":"substitute_type_parameters","source":"/home/runner/work/nanolang/nanolang/src_nano/compiler/type_substitution.nano","line":32,"elapsed_seconds":0.000000,"failures":0}
{"event":"shadow-complete","name":"substitute_type_parameters","source":"/home/runner/work/nanolang/nanolang/src_nano/compiler/type_substitution.nano","line":32,"elapsed_seconds":0.002943,"failures":0}
{"event":"shadow-start","name":"mi_identifier","source":"/home/runner/work/nanolang/nanolang/src_nano/compiler/module_introspection.nano","line":27,"elapsed_seconds":0.000000,"failures":0}
{"event":"shadow-complete","name":"mi_identifier","source":"/home/runner/work/nanolang/nanolang/src_nano/compiler/module_introspection.nano","line":27,"elapsed_seconds":0.000467,"failures":0}
{"event":"shadow-start","name":"mi_unique","source":"/home/runner/work/nanolang/nanolang/src_nano/compiler/module_introspection.nano","line":41,"elapsed_seconds":0.000000,"failures":0}
{"event":"shadow-complete","name":"mi_unique","source":"/home/runner/work/nanolang/nanolang/src_nano/compiler/module_introspection.nano","line":41,"elapsed_seconds":0.000210,"failures":0}
{"event":"shadow-start","name":"mi_scan","source":"/home/runner/work/nanolang/nanolang/src_nano/compiler/module_introspection.nano","line":121,"elapsed_seconds":0.000000,"failures":0}
{"event":"shadow-complete","name":"mi_scan","source":"/home/runner/work/nanolang/nanolang/src_nano/compiler/module_introspection.nano","line":121,"elapsed_seconds":0.031491,"failures":0}
{"event":"shadow-start","name":"mi_quote","source":"/home/runner/work/nanolang/nanolang/src_nano/compiler/module_introspection.nano","line":143,"elapsed_seconds":0.000000,"failures":0}
{"event":"shadow-complete","name":"mi_quote","source":"/home/runner/work/nanolang/nanolang/src_nano/compiler/module_introspection.nano","line":143,"elapsed_seconds":0.000180,"failures":0}
{"event":"shadow-start","name":"mi_inventory","source":"/home/runner/work/nanolang/nanolang/src_nano/compiler/module_introspection.nano","line":158,"elapsed_seconds":0.000000,"failures":0}
{"event":"shadow-complete","name":"mi_inventory","source":"/home/runner/work/nanolang/nanolang/src_nano/compiler/module_introspection.nano","line":158,"elapsed_seconds":0.000444,"failures":0}
{"event":"shadow-start","name":"mi_emit","source":"/home/runner/work/nanolang/nanolang/src_nano/compiler/module_introspection.nano","line":177,"elapsed_seconds":0.000000,"failures":0}
{"event":"shadow-complete","name":"mi_emit","source":"/home/runner/work/nanolang/nanolang/src_nano/compiler/module_introspection.nano","line":177,"elapsed_seconds":0.009274,"failures":0}
{"event":"shadow-start","name":"mi_path_name","source":"/home/runner/work/nanolang/nanolang/src_nano/compiler/module_introspection.nano","line":197,"elapsed_seconds":0.000000,"failures":0}
{"event":"shadow-complete","name":"mi_path_name","source":"/home/runner/work/nanolang/nanolang/src_nano/compiler/module_introspection.nano","line":197,"elapsed_seconds":0.000429,"failures":0}
{"event":"shadow-start","name":"mi_capture","source":"/home/runner/work/nanolang/nanolang/src_nano/compiler/module_introspection.nano","line":217,"elapsed_seconds":0.000000,"failures":0}
{"event":"shadow-complete","name":"mi_capture","source":"/home/runner/work/nanolang/nanolang/src_nano/compiler/module_introspection.nano","line":217,"elapsed_seconds":0.049600,"failures":0}
{"event":"shadow-start","name":"mi_fact","source":"/home/runner/work/nanolang/nanolang/src_nano/compiler/module_introspection.nano","line":236,"elapsed_seconds":0.000000,"failures":0}
{"event":"shadow-complete","name":"mi_fact","source":"/home/runner/work/nanolang/nanolang/src_nano/compiler/module_introspection.nano","line":236,"elapsed_seconds":0.047057,"failures":0}
{"event":"shadow-start","name":"mi_reset","source":"/home/runner/work/nanolang/nanolang/src_nano/compiler/module_introspection.nano","line":247,"elapsed_seconds":0.000000,"failures":0}
{"event":"shadow-complete","name":"mi_reset","source":"/home/runner/work/nanolang/nanolang/src_nano/compiler/module_introspection.nano","line":247,"elapsed_seconds":0.009638,"failures":0}
{"event":"shadow-start","name":"mb_header_value","source":"/home/runner/work/nanolang/nanolang/src_nano/compiler/module_bindings.nano","line":27,"elapsed_seconds":0.000000,"failures":0}
{"event":"shadow-complete","name":"mb_header_value","source":"/home/runner/work/nanolang/nanolang/src_nano/compiler/module_bindings.nano","line":27,"elapsed_seconds":0.000653,"failures":0}
{"event":"shadow-start","name":"mb_header_add","source":"/home/runner/work/nanolang/nanolang/src_nano/compiler/module_bindings.nano","line":44,"elapsed_seconds":0.000000,"failures":0}
{"event":"shadow-complete","name":"mb_header_add","source":"/home/runner/work/nanolang/nanolang/src_nano/compiler/module_bindings.nano","line":44,"elapsed_seconds":0.000806,"failures":0}
{"event":"shadow-start","name":"mb_active","source":"/home/runner/work/nanolang/nanolang/src_nano/compiler/module_bindings.nano","line":58,"elapsed_seconds":0.000000,"failures":0}
{"event":"shadow-complete","name":"mb_active","source":"/home/runner/work/nanolang/nanolang/src_nano/compiler/module_bindings.nano","line":58,"elapsed_seconds":0.000391,"failures":0}
{"event":"shadow-start","name":"mb_reset","source":"/home/runner/work/nanolang/nanolang/src_nano/compiler/module_bindings.nano","line":83,"elapsed_seconds":0.000000,"failures":0}
{"event":"shadow-complete","name":"mb_reset","source":"/home/runner/work/nanolang/nanolang/src_nano/compiler/module_bindings.nano","line":83,"elapsed_seconds":0.000246,"failures":0}
{"event":"shadow-start","name":"mb_owner","source":"/home/runner/work/nanolang/nanolang/src_nano/compiler/module_bindings.nano","line":100,"elapsed_seconds":0.000000,"failures":0}
{"event":"shadow-complete","name":"mb_owner","source":"/home/runner/work/nanolang/nanolang/src_nano/compiler/module_bindings.nano","line":100,"elapsed_seconds":0.000551,"failures":0}
{"event":"shadow-start","name":"mb_binding_key","source":"/home/runner/work/nanolang/nanolang/src_nano/compiler/module_bindings.nano","line":112,"elapsed_seconds":0.000000,"failures":0}
{"event":"shadow-complete","name":"mb_binding_key","source":"/home/runner/work/nanolang/nanolang/src_nano/compiler/module_bindings.nano","line":112,"elapsed_seconds":0.000354,"failures":0}
{"event":"shadow-start","name":"mb_binding_index","source":"/home/runner/work/nanolang/nanolang/src_nano/compiler/module_bindings.nano","line":123,"elapsed_seconds":0.000000,"failures":0}
{"event":"shadow-complete","name":"mb_binding_index","source":"/home/runner/work/nanolang/nanolang/src_nano/compiler/module_bindings.nano","line":123,"elapsed_seconds":0.003907,"failures":0}
{"event":"shadow-start","name":"mb_add_target","source":"/home/runner/work/nanolang/nanolang/src_nano/compiler/module_bindings.nano","line":151,"elapsed_seconds":0.000000,"failures":0}
{"event":"shadow-complete","name":"mb_add_target","source":"/home/runner/work/nanolang/nanolang/src_nano/compiler/module_bindings.nano","line":151,"elapsed_seconds":0.000941,"failures":0}
{"event":"shadow-start","name":"mb_import_global","source":"/home/runner/work/nanolang/nanolang/src_nano/compiler/module_bindings.nano","line":177,"elapsed_seconds":0.000000,"failures":0}
{"event":"shadow-complete","name":"mb_import_global","source":"/home/runner/work/nanolang/nanolang/src_nano/compiler/module_bindings.nano","line":177,"elapsed_seconds":0.003823,"failures":0}
{"event":"shadow-start","name":"mb_add","source":"/home/runner/work/nanolang/nanolang/src_nano/compiler/module_bindings.nano","line":197,"elapsed_seconds":0.000000,"failures":0}
{"event":"shadow-complete","name":"mb_add","source":"/home/runner/work/nanolang/nanolang/src_nano/compiler/module_bindings.nano","line":197,"elapsed_seconds":0.001050,"failures":0}
{"event":"shadow-start","name":"mb_lookup","source":"/home/runner/work/nanolang/nanolang/src_nano/compiler/module_bindings.nano","line":212,"elapsed_seconds":0.000000,"failures":0}
{"event":"shadow-complete","name":"mb_lookup","source":"/home/runner/work/nanolang/nanolang/src_nano/compiler/module_bindings.nano","line":212,"elapsed_seconds":0.002044,"failures":0}
{"event":"shadow-start","name":"mb_resolve","source":"/home/runner/work/nanolang/nanolang/src_nano/compiler/module_bindings.nano","line":231,"elapsed_seconds":0.000000,"failures":0}
{"event":"shadow-complete","name":"mb_resolve","source":"/home/runner/work/nanolang/nanolang/src_nano/compiler/module_bindings.nano","line":231,"elapsed_seconds":0.001198,"failures":0}
{"event":"shadow-start","name":"mb_target_owner","source":"/home/runner/work/nanolang/nanolang/src_nano/compiler/module_bindings.nano","line":246,"elapsed_seconds":0.000000,"failures":0}
{"event":"shadow-complete","name":"mb_target_owner","source":"/home/runner/work/nanolang/nanolang/src_nano/compiler/module_bindings.nano","line":246,"elapsed_seconds":0.001225,"failures":0}
{"event":"shadow-start","name":"mb_set_sources","source":"/home/runner/work/nanolang/nanolang/src_nano/compiler/module_bindings.nano","line":258,"elapsed_seconds":0.000000,"failures":0}
{"event":"shadow-complete","name":"mb_set_sources","source":"/home/runner/work/nanolang/nanolang/src_nano/compiler/module_bindings.nano","line":258,"elapsed_seconds":0.000203,"failures":0}
{"event":"shadow-start","name":"mb_source","source":"/home/runner/work/nanolang/nanolang/src_nano/compiler/module_bindings.nano","line":269,"elapsed_seconds":0.000000,"failures":0}
{"event":"shadow-complete","name":"mb_source","source":"/home/runner/work/nanolang/nanolang/src_nano/compiler/module_bindings.nano","line":269,"elapsed_seconds":0.000260,"failures":0}
{"event":"shadow-start","name":"nanoisa_borrow_error","source":"/home/runner/work/nanolang/nanolang/src_nano/compiler/nanoisa_borrows.nano","line":66,"elapsed_seconds":0.000000,"failures":0}
{"event":"shadow-complete","name":"nanoisa_borrow_error","source":"/home/runner/work/nanolang/nanolang/src_nano/compiler/nanoisa_borrows.nano","line":66,"elapsed_seconds":0.000148,"failures":0}
{"event":"shadow-start","name":"nb_fail","source":"/home/runner/work/nanolang/nanolang/src_nano/compiler/nanoisa_borrows.nano","line":71,"elapsed_seconds":0.000000,"failures":0}
{"event":"shadow-complete","name":"nb_fail","source":"/home/runner/work/nanolang/nanolang/src_nano/compiler/nanoisa_borrows.nano","line":71,"elapsed_seconds":0.000233,"failures":0}
{"event":"shadow-start","name":"nb_tag","source":"/home/runner/work/nanolang/nanolang/src_nano/compiler/nanoisa_borrows.nano","line":77,"elapsed_seconds":0.000000,"failures":0}
{"event":"shadow-complete","name":"nb_tag","source":"/home/runner/work/nanolang/nanolang/src_nano/compiler/nanoisa_borrows.nano","line":77,"elapsed_seconds":0.000198,"failures":0}
{"event":"shadow-start","name":"nb_field_tag","source":"/home/runner/work/nanolang/nanolang/src_nano/compiler/nanoisa_borrows.nano","line":83,"elapsed_seconds":0.000000,"failures":0}
{"event":"shadow-complete","name":"nb_field_tag","source":"/home/runner/work/nanolang/nanolang/src_nano/compiler/nanoisa_borrows.nano","line":83,"elapsed_seconds":0.000510,"failures":0}
{"event":"shadow-start","name":"nb_local_tag","source":"/home/runner/work/nanolang/nanolang/src_nano/compiler/nanoisa_borrows.nano","line":96,"elapsed_seconds":0.000000,"failures":0}
{"event":"shadow-complete","name":"nb_local_tag","source":"/home/runner/work/nanolang/nanolang/src_nano/compiler/nanoisa_borrows.nano","line":96,"elapsed_seconds":0.001189,"failures":0}
{"event":"shadow-start","name":"nb_parameter_tag","source":"/home/runner/work/nanolang/nanolang/src_nano/compiler/nanoisa_borrows.nano","line":109,"elapsed_seconds":0.000000,"failures":0}
{"event":"shadow-complete","name":"nb_parameter_tag","source":"/home/runner/work/nanolang/nanolang/src_nano/compiler/nanoisa_borrows.nano","line":109,"elapsed_seconds":0.000314,"failures":0}
{"event":"shadow-start","name":"nb_decode_string","source":"/home/runner/work/nanolang/nanolang/src_nano/compiler/nanoisa_borrows.nano","line":139,"elapsed_seconds":0.000000,"failures":0}
{"event":"shadow-complete","name":"nb_decode_string","source":"/home/runner/work/nanolang/nanolang/src_nano/compiler/nanoisa_borrows.nano","line":139,"elapsed_seconds":0.001259,"failures":0}
{"event":"shadow-start","name":"nb_escape_string","source":"/home/runner/work/nanolang/nanolang/src_nano/compiler/nanoisa_borrows.nano","line":172,"elapsed_seconds":0.000000,"failures":0}
{"event":"shadow-complete","name":"nb_escape_string","source":"/home/runner/work/nanolang/nanolang/src_nano/compiler/nanoisa_borrows.nano","line":172,"elapsed_seconds":0.001546,"failures":0}
{"event":"shadow-start","name":"nb_hex","source":"/home/runner/work/nanolang/nanolang/src_nano/compiler/nanoisa_borrows.nano","line":195,"elapsed_seconds":0.000000,"failures":0}
{"event":"shadow-complete","name":"nb_hex","source":"/home/runner/work/nanolang/nanolang/src_nano/compiler/nanoisa_borrows.nano","line":195,"elapsed_seconds":0.000461,"failures":0}
{"event":"shadow-start","name":"nb_descriptor","source":"/home/runner/work/nanolang/nanolang/src_nano/compiler/nanoisa_borrows.nano","line":203,"elapsed_seconds":0.000000,"failures":0}
{"event":"shadow-complete","name":"nb_descriptor","source":"/home/runner/work/nanolang/nanolang/src_nano/compiler/nanoisa_borrows.nano","line":203,"elapsed_seconds":0.001644,"failures":0}
{"event":"shadow-start","name":"nb_emit","source":"/home/runner/work/nanolang/nanolang/src_nano/compiler/nanoisa_borrows.nano","line":214,"elapsed_seconds":0.000000,"failures":0}
{"event":"shadow-complete","name":"nb_emit","source":"/home/runner/work/nanolang/nanolang/src_nano/compiler/nanoisa_borrows.nano","line":214,"elapsed_seconds":0.000156,"failures":0}
{"event":"shadow-start","name":"nb_op1","source":"/home/runner/work/nanolang/nanolang/src_nano/compiler/nanoisa_borrows.nano","line":216,"elapsed_seconds":0.000000,"failures":0}
{"event":"shadow-complete","name":"nb_op1","source":"/home/runner/work/nanolang/nanolang/src_nano/compiler/nanoisa_borrows.nano","line":216,"elapsed_seconds":0.000239,"failures":0}
{"event":"shadow-start","name":"nb_op2","source":"/home/runner/work/nanolang/nanolang/src_nano/compiler/nanoisa_borrows.nano","line":218,"elapsed_seconds":0.000000,"failures":0}
{"event":"shadow-complete","name":"nb_op2","source":"/home/runner/work/nanolang/nanolang/src_nano/compiler/nanoisa_borrows.nano","line":218,"elapsed_seconds":0.000215,"failures":0}
{"event":"shadow-start","name":"nb_label","source":"/home/runner/work/nanolang/nanolang/src_nano/compiler/nanoisa_borrows.nano","line":224,"elapsed_seconds":0.000000,"failures":0}
{"event":"shadow-complete","name":"nb_label","source":"/home/runner/work/nanolang/nanolang/src_nano/compiler/nanoisa_borrows.nano","line":224,"elapsed_seconds":0.000150,"failures":0}
{"event":"shadow-start","name":"nb_ordinary_layout","source":"/home/runner/work/nanolang/nanolang/src_nano/compiler/nanoisa_borrows.nano","line":242,"elapsed_seconds":0.000000,"failures":0}
{"event":"shadow-complete","name":"nb_ordinary_layout","source":"/home/runner/work/nanolang/nanolang/src_nano/compiler/nanoisa_borrows.nano","line":242,"elapsed_seconds":0.000152,"failures":0}
{"event":"shadow-start","name":"nb_ordinary_local","source":"/home/runner/work/nanolang/nanolang/src_nano/compiler/nanoisa_borrows.nano","line":251,"elapsed_seconds":0.000000,"failures":0}
{"event":"shadow-complete","name":"nb_ordinary_local","source":"/home/runner/work/nanolang/nanolang/src_nano/compiler/nanoisa_borrows.nano","line":251,"elapsed_seconds":0.000946,"failures":0}
{"event":"shadow-start","name":"nb_arrays","source":"/home/runner/work/nanolang/nanolang/src_nano/compiler/nanoisa_borrows.nano","line":260,"elapsed_seconds":0.000000,"failures":0}
{"event":"shadow-complete","name":"nb_arrays","source":"/home/runner/work/nanolang/nanolang/src_nano/compiler/nanoisa_borrows.nano","line":260,"elapsed_seconds":0.000122,"failures":0}
{"event":"shadow-start","name":"nb_owner_field_tag","source":"/home/runner/work/nanolang/nanolang/src_nano/compiler/nanoisa_borrows.nano","line":272,"elapsed_seconds":0.000000,"failures":0}
{"event":"shadow-complete","name":"nb_owner_field_tag","source":"/home/runner/work/nanolang/nanolang/src_nano/compiler/nanoisa_borrows.nano","line":272,"elapsed_seconds":5.429867,"failures":0}
{"event":"shadow-start","name":"nb_local","source":"/home/runner/work/nanolang/nanolang/src_nano/compiler/nanoisa_borrows.nano","line":291,"elapsed_seconds":0.000000,"failures":0}
{"event":"shadow-complete","name":"nb_local","source":"/home/runner/work/nanolang/nanolang/src_nano/compiler/nanoisa_borrows.nano","line":291,"elapsed_seconds":0.000216,"failures":0}
{"event":"shadow-start","name":"nb_reset_locals","source":"/home/runner/work/nanolang/nanolang/src_nano/compiler/nanoisa_borrows.nano","line":318,"elapsed_seconds":0.000000,"failures":0}
{"event":"shadow-complete","name":"nb_reset_locals","source":"/home/runner/work/nanolang/nanolang/src_nano/compiler/nanoisa_borrows.nano","line":318,"elapsed_seconds":0.000159,"failures":0}
{"event":"shadow-start","name":"nb_slot","source":"/home/runner/work/nanolang/nanolang/src_nano/compiler/nanoisa_borrows.nano","line":319,"elapsed_seconds":0.000000,"failures":0}
{"event":"shadow-complete","name":"nb_slot","source":"/home/runner/work/nanolang/nanolang/src_nano/compiler/nanoisa_borrows.nano","line":319,"elapsed_seconds":0.000517,"failures":0}
{"event":"shadow-start","name":"nb_name_begin","source":"/home/runner/work/nanolang/nanolang/src_nano/compiler/nanoisa_borrows.nano","line":328,"elapsed_seconds":0.000000,"failures":0}
{"event":"shadow-complete","name":"nb_name_begin","source":"/home/runner/work/nanolang/nanolang/src_nano/compiler/nanoisa_borrows.nano","line":328,"elapsed_seconds":0.000702,"failures":0}
{"event":"shadow-start","name":"nb_names_end","source":"/home/runner/work/nanolang/nanolang/src_nano/compiler/nanoisa_borrows.nano","line":346,"elapsed_seconds":0.000000,"failures":0}
{"event":"shadow-complete","name":"nb_names_end","source":"/home/runner/work/nanolang/nanolang/src_nano/compiler/nanoisa_borrows.nano","line":346,"elapsed_seconds":0.000880,"failures":0}
{"event":"shadow-start","name":"nb_invalid_place","source":"/home/runner/work/nanolang/nanolang/src_nano/compiler/nanoisa_borrows.nano","line":367,"elapsed_seconds":0.000000,"failures":0}
{"event":"shadow-complete","name":"nb_invalid_place","source":"/home/runner/work/nanolang/nanolang/src_nano/compiler/nanoisa_borrows.nano","line":367,"elapsed_seconds":0.000211,"failures":0}
{"event":"shadow-start","name":"nb_leaf","source":"/home/runner/work/nanolang/nanolang/src_nano/compiler/nanoisa_borrows.nano","line":377,"elapsed_seconds":0.000000,"failures":0}
{"event":"shadow-complete","name":"nb_leaf","source":"/home/runner/work/nanolang/nanolang/src_nano/compiler/nanoisa_borrows.nano","line":377,"elapsed_seconds":2.161233,"failures":0}
{"event":"shadow-start","name":"nb_layout_field","source":"/home/runner/work/nanolang/nanolang/src_nano/compiler/nanoisa_borrows.nano","line":384,"elapsed_seconds":0.000000,"failures":0}
{"event":"shadow-complete","name":"nb_layout_field","source":"/home/runner/work/nanolang/nanolang/src_nano/compiler/nanoisa_borrows.nano","line":384,"elapsed_seconds":2.177494,"failures":0}
{"event":"shadow-start","name":"nb_place","source":"/home/runner/work/nanolang/nanolang/src_nano/compiler/nanoisa_borrows.nano","line":406,"elapsed_seconds":0.000000,"failures":0}
{"event":"shadow-complete","name":"nb_place","source":"/home/runner/work/nanolang/nanolang/src_nano/compiler/nanoisa_borrows.nano","line":406,"elapsed_seconds":2.155343,"failures":0}
{"event":"shadow-start","name":"nb_observe_owner_path","source":"/home/runner/work/nanolang/nanolang/src_nano/compiler/nanoisa_borrows.nano","line":422,"elapsed_seconds":0.000000,"failures":0}
{"event":"shadow-complete","name":"nb_observe_owner_path","source":"/home/runner/work/nanolang/nanolang/src_nano/compiler/nanoisa_borrows.nano","line":422,"elapsed_seconds":0.504399,"failures":0}
{"event":"shadow-start","name":"nb_overlap","source":"/home/runner/work/nanolang/nanolang/src_nano/compiler/nanoisa_borrows.nano","line":447,"elapsed_seconds":0.000000,"failures":0}
{"event":"shadow-complete","name":"nb_overlap","source":"/home/runner/work/nanolang/nanolang/src_nano/compiler/nanoisa_borrows.nano","line":447,"elapsed_seconds":0.000834,"failures":0}
{"event":"shadow-start","name":"nb_reference","source":"/home/runner/work/nanolang/nanolang/src_nano/compiler/nanoisa_borrows.nano","line":469,"elapsed_seconds":0.000000,"failures":0}
{"event":"shadow-complete","name":"nb_reference","source":"/home/runner/work/nanolang/nanolang/src_nano/compiler/nanoisa_borrows.nano","line":469,"elapsed_seconds":2.119651,"failures":0}
{"event":"shadow-start","name":"nb_owned_type","source":"/home/runner/work/nanolang/nanolang/src_nano/compiler/nanoisa_borrows.nano","line":480,"elapsed_seconds":0.000000,"failures":0}
{"event":"shadow-complete","name":"nb_owned_type","source":"/home/runner/work/nanolang/nanolang/src_nano/compiler/nanoisa_borrows.nano","line":480,"elapsed_seconds":0.000170,"failures":0}
{"event":"shadow-start","name":"nb_owned_local","source":"/home/runner/work/nanolang/nanolang/src_nano/compiler/nanoisa_borrows.nano","line":491,"elapsed_seconds":0.000000,"failures":0}
{"event":"shadow-complete","name":"nb_owned_local","source":"/home/runner/work/nanolang/nanolang/src_nano/compiler/nanoisa_borrows.nano","line":491,"elapsed_seconds":0.000636,"failures":0}
{"event":"shadow-start","name":"nb_concrete_tag","source":"/home/runner/work/nanolang/nanolang/src_nano/compiler/nanoisa_borrows.nano","line":503,"elapsed_seconds":0.000000,"failures":0}
{"event":"shadow-complete","name":"nb_concrete_tag","source":"/home/runner/work/nanolang/nanolang/src_nano/compiler/nanoisa_borrows.nano","line":503,"elapsed_seconds":6.480396,"failures":0}
{"event":"shadow-start","name":"nb_concrete_layout","source":"/home/runner/work/nanolang/nanolang/src_nano/compiler/nanoisa_borrows.nano","line":515,"elapsed_seconds":0.000000,"failures":0}
{"event":"shadow-complete","name":"nb_concrete_layout","source":"/home/runner/work/nanolang/nanolang/src_nano/compiler/nanoisa_borrows.nano","line":515,"elapsed_seconds":4.337917,"failures":0}
{"event":"shadow-start","name":"nb_unpack","source":"/home/runner/work/nanolang/nanolang/src_nano/compiler/nanoisa_borrows.nano","line":545,"elapsed_seconds":0.000000,"failures":0}
{"event":"shadow-complete","name":"nb_unpack","source":"/home/runner/work/nanolang/nanolang/src_nano/compiler/nanoisa_borrows.nano","line":545,"elapsed_seconds":2.109038,"failures":0}
{"event":"shadow-start","name":"nb_project_binding","source":"/home/runner/work/nanolang/nanolang/src_nano/compiler/nanoisa_borrows.nano","line":583,"elapsed_seconds":0.000000,"failures":0}
{"event":"shadow-complete","name":"nb_project_binding","source":"/home/runner/work/nanolang/nanolang/src_nano/compiler/nanoisa_borrows.nano","line":583,"elapsed_seconds":4.327580,"failures":0}
{"event":"shadow-start","name":"nb_consumed","source":"/home/runner/work/nanolang/nanolang/src_nano/compiler/nanoisa_borrows.nano","line":616,"elapsed_seconds":0.000000,"failures":0}
{"event":"shadow-complete","name":"nb_consumed","source":"/home/runner/work/nanolang/nanolang/src_nano/compiler/nanoisa_borrows.nano","line":616,"elapsed_seconds":0.001575,"failures":0}
{"event":"shadow-start","name":"nb_copy_flags","source":"/home/runner/work/nanolang/nanolang/src_nano/compiler/nanoisa_borrows.nano","line":629,"elapsed_seconds":0.000000,"failures":0}
{"event":"shadow-complete","name":"nb_copy_flags","source":"/home/runner/work/nanolang/nanolang/src_nano/compiler/nanoisa_borrows.nano","line":629,"elapsed_seconds":0.000148,"failures":0}
{"event":"shadow-start","name":"nb_same_owners","source":"/home/runner/work/nanolang/nanolang/src_nano/compiler/nanoisa_borrows.nano","line":644,"elapsed_seconds":0.000000,"failures":0}
{"event":"shadow-complete","name":"nb_same_owners","source":"/home/runner/work/nanolang/nanolang/src_nano/compiler/nanoisa_borrows.nano","line":644,"elapsed_seconds":0.000925,"failures":0}
{"event":"shadow-start","name":"nb_profile_opcode","source":"/home/runner/work/nanolang/nanolang/src_nano/compiler/nanoisa_borrows.nano","line":678,"elapsed_seconds":0.000000,"failures":0}
{"event":"shadow-complete","name":"nb_profile_opcode","source":"/home/runner/work/nanolang/nanolang/src_nano/compiler/nanoisa_borrows.nano","line":678,"elapsed_seconds":0.001436,"failures":0}
{"event":"shadow-start","name":"nb_binary","source":"/home/runner/work/nanolang/nanolang/src_nano/compiler/nanoisa_borrows.nano","line":733,"elapsed_seconds":0.000000,"failures":0}
{"event":"shadow-complete","name":"nb_binary","source":"/home/runner/work/nanolang/nanolang/src_nano/compiler/nanoisa_borrows.nano","line":733,"elapsed_seconds":0.007181,"failures":0}
{"event":"shadow-start","name":"nb_float_array","source":"/home/runner/work/nanolang/nanolang/src_nano/compiler/nanoisa_borrows.nano","line":771,"elapsed_seconds":0.000000,"failures":0}
{"event":"shadow-complete","name":"nb_float_array","source":"/home/runner/work/nanolang/nanolang/src_nano/compiler/nanoisa_borrows.nano","line":771,"elapsed_seconds":2.188931,"failures":0}
{"event":"shadow-start","name":"nb_array_builtin_arity","source":"/home/runner/work/nanolang/nanolang/src_nano/compiler/nanoisa_borrows.nano","line":782,"elapsed_seconds":0.000000,"failures":0}
{"event":"shadow-complete","name":"nb_array_builtin_arity","source":"/home/runner/work/nanolang/nanolang/src_nano/compiler/nanoisa_borrows.nano","line":782,"elapsed_seconds":0.000412,"failures":0}
{"event":"shadow-start","name":"nb_global","source":"/home/runner/work/nanolang/nanolang/src_nano/compiler/nanoisa_borrows.nano","line":799,"elapsed_seconds":0.000000,"failures":0}
{"event":"shadow-complete","name":"nb_global","source":"/home/runner/work/nanolang/nanolang/src_nano/compiler/nanoisa_borrows.nano","line":799,"elapsed_seconds":0.000248,"failures":0}
{"event":"shadow-start","name":"nb_value_bound","source":"/home/runner/work/nanolang/nanolang/src_nano/compiler/nanoisa_borrows.nano","line":808,"elapsed_seconds":0.000000,"failures":0}
{"event":"shadow-complete","name":"nb_value_bound","source":"/home/runner/work/nanolang/nanolang/src_nano/compiler/nanoisa_borrows.nano","line":808,"elapsed_seconds":0.000424,"failures":0}
{"event":"shadow-start","name":"nb_global_value","source":"/home/runner/work/nanolang/nanolang/src_nano/compiler/nanoisa_borrows.nano","line":827,"elapsed_seconds":0.000000,"failures":0}
{"event":"shadow-complete","name":"nb_global_value","source":"/home/runner/work/nanolang/nanolang/src_nano/compiler/nanoisa_borrows.nano","line":827,"elapsed_seconds":2.256081,"failures":0}
{"event":"shadow-start","name":"nb_global_bytes","source":"/home/runner/work/nanolang/nanolang/src_nano/compiler/nanoisa_borrows.nano","line":846,"elapsed_seconds":0.000000,"failures":0}
{"event":"shadow-complete","name":"nb_global_bytes","source":"/home/runner/work/nanolang/nanolang/src_nano/compiler/nanoisa_borrows.nano","line":846,"elapsed_seconds":0.231274,"failures":0}
{"event":"shadow-start","name":"nb_union_expr","source":"/home/runner/work/nanolang/nanolang/src_nano/compiler/nanoisa_borrows.nano","line":918,"elapsed_seconds":0.000000,"failures":0}
{"event":"shadow-complete","name":"nb_union_expr","source":"/home/runner/work/nanolang/nanolang/src_nano/compiler/nanoisa_borrows.nano","line":918,"elapsed_seconds":1.109142,"failures":0}
{"event":"shadow-start","name":"nb_match_coverage","source":"/home/runner/work/nanolang/nanolang/src_nano/compiler/nanoisa_borrows.nano","line":948,"elapsed_seconds":0.000000,"failures":0}
{"event":"shadow-complete","name":"nb_match_coverage","source":"/home/runner/work/nanolang/nanolang/src_nano/compiler/nanoisa_borrows.nano","line":948,"elapsed_seconds":1.076536,"failures":0}
{"event":"shadow-start","name":"nb_match_scope_end","source":"/home/runner/work/nanolang/nanolang/src_nano/compiler/nanoisa_borrows.nano","line":961,"elapsed_seconds":0.000000,"failures":0}
{"event":"shadow-complete","name":"nb_match_scope_end","source":"/home/runner/work/nanolang/nanolang/src_nano/compiler/nanoisa_borrows.nano","line":961,"elapsed_seconds":0.001450,"failures":0}
{"event":"shadow-start","name":"nb_union_field","source":"/home/runner/work/nanolang/nanolang/src_nano/compiler/nanoisa_borrows.nano","line":986,"elapsed_seconds":0.000000,"failures":0}
{"event":"shadow-complete","name":"nb_union_field","source":"/home/runner/work/nanolang/nanolang/src_nano/compiler/nanoisa_borrows.nano","line":986,"elapsed_seconds":0.595666,"failures":0}
{"event":"shadow-start","name":"nb_union_unpack","source":"/home/runner/work/nanolang/nanolang/src_nano/compiler/nanoisa_borrows.nano","line":1024,"elapsed_seconds":0.000000,"failures":0}
{"event":"shadow-complete","name":"nb_union_unpack","source":"/home/runner/work/nanolang/nanolang/src_nano/compiler/nanoisa_borrows.nano","line":1024,"elapsed_seconds":0.604258,"failures":0}
{"event":"shadow-start","name":"nb_match_binding","source":"/home/runner/work/nanolang/nanolang/src_nano/compiler/nanoisa_borrows.nano","line":1058,"elapsed_seconds":0.000000,"failures":0}
{"event":"shadow-complete","name":"nb_match_binding","source":"/home/runner/work/nanolang/nanolang/src_nano/compiler/nanoisa_borrows.nano","line":1058,"elapsed_seconds":2.265230,"failures":0}
{"event":"shadow-start","name":"nb_match_instance","source":"/home/runner/work/nanolang/nanolang/src_nano/compiler/nanoisa_borrows.nano","line":1088,"elapsed_seconds":0.000000,"failures":0}
{"event":"shadow-complete","name":"nb_match_instance","source":"/home/runner/work/nanolang/nanolang/src_nano/compiler/nanoisa_borrows.nano","line":1088,"elapsed_seconds":0.968216,"failures":0}
{"event":"shadow-start","name":"nb_match_value","source":"/home/runner/work/nanolang/nanolang/src_nano/compiler/nanoisa_borrows.nano","line":1179,"elapsed_seconds":0.000000,"failures":0}
{"event":"shadow-complete","name":"nb_match_value","source":"/home/runner/work/nanolang/nanolang/src_nano/compiler/nanoisa_borrows.nano","line":1179,"elapsed_seconds":0.555062,"failures":0}
{"event":"shadow-start","name":"nb_match_expr","source":"/home/runner/work/nanolang/nanolang/src_nano/compiler/nanoisa_borrows.nano","line":1194,"elapsed_seconds":0.000000,"failures":0}
{"event":"shadow-complete","name":"nb_match_expr","source":"/home/runner/work/nanolang/nanolang/src_nano/compiler/nanoisa_borrows.nano","line":1194,"elapsed_seconds":1.139428,"failures":0}
{"event":"shadow-start","name":"nb_match_statement","source":"/home/runner/work/nanolang/nanolang/src_nano/compiler/nanoisa_borrows.nano","line":1287,"elapsed_seconds":0.000000,"failures":0}
{"event":"shadow-complete","name":"nb_match_statement","source":"/home/runner/work/nanolang/nanolang/src_nano/compiler/nanoisa_borrows.nano","line":1287,"elapsed_seconds":1.164611,"failures":0}
{"event":"shadow-start","name":"nb_declared_match_binding","source":"/home/runner/work/nanolang/nanolang/src_nano/compiler/nanoisa_borrows.nano","line":1314,"elapsed_seconds":0.000000,"failures":0}
{"event":"shadow-complete","name":"nb_declared_match_binding","source":"/home/runner/work/nanolang/nanolang/src_nano/compiler/nanoisa_borrows.nano","line":1314,"elapsed_seconds":0.830303,"failures":0}
{"event":"shadow-start","name":"nb_module_prefixes","source":"/home/runner/work/nanolang/nanolang/src_nano/compiler/nanoisa_borrows.nano","line":1325,"elapsed_seconds":0.000000,"failures":0}
{"event":"shadow-complete","name":"nb_module_prefixes","source":"/home/runner/work/nanolang/nanolang/src_nano/compiler/nanoisa_borrows.nano","line":1325,"elapsed_seconds":0.000111,"failures":0}
{"event":"shadow-start","name":"nb_module_kind","source":"/home/runner/work/nanolang/nanolang/src_nano/compiler/nanoisa_borrows.nano","line":1335,"elapsed_seconds":0.000000,"failures":0}
{"event":"shadow-complete","name":"nb_module_kind","source":"/home/runner/work/nanolang/nanolang/src_nano/compiler/nanoisa_borrows.nano","line":1335,"elapsed_seconds":0.000472,"failures":0}
{"event":"shadow-start","name":"nb_module_signature","source":"/home/runner/work/nanolang/nanolang/src_nano/compiler/nanoisa_borrows.nano","line":1351,"elapsed_seconds":0.000000,"failures":0}
{"event":"shadow-complete","name":"nb_module_signature","source":"/home/runner/work/nanolang/nanolang/src_nano/compiler/nanoisa_borrows.nano","line":1351,"elapsed_seconds":0.243304,"failures":0}
{"event":"shadow-start","name":"nb_module_external","source":"/home/runner/work/nanolang/nanolang/src_nano/compiler/nanoisa_borrows.nano","line":1366,"elapsed_seconds":0.000000,"failures":0}
{"event":"shadow-complete","name":"nb_module_external","source":"/home/runner/work/nanolang/nanolang/src_nano/compiler/nanoisa_borrows.nano","line":1366,"elapsed_seconds":0.273524,"failures":0}
{"event":"shadow-start","name":"nb_defined_count","source":"/home/runner/work/nanolang/nanolang/src_nano/compiler/nanoisa_borrows.nano","line":1382,"elapsed_seconds":0.000000,"failures":0}
{"event":"shadow-complete","name":"nb_defined_count","source":"/home/runner/work/nanolang/nanolang/src_nano/compiler/nanoisa_borrows.nano","line":1382,"elapsed_seconds":0.262838,"failures":0}
{"event":"shadow-start","name":"nb_module_names","source":"/home/runner/work/nanolang/nanolang/src_nano/compiler/nanoisa_borrows.nano","line":1407,"elapsed_seconds":0.000000,"failures":0}
{"event":"shadow-complete","name":"nb_module_names","source":"/home/runner/work/nanolang/nanolang/src_nano/compiler/nanoisa_borrows.nano","line":1407,"elapsed_seconds":0.001579,"failures":0}
{"event":"shadow-start","name":"nb_module_call","source":"/home/runner/work/nanolang/nanolang/src_nano/compiler/nanoisa_borrows.nano","line":1439,"elapsed_seconds":0.000000,"failures":0}
{"event":"shadow-complete","name":"nb_module_call","source":"/home/runner/work/nanolang/nanolang/src_nano/compiler/nanoisa_borrows.nano","line":1439,"elapsed_seconds":0.244013,"failures":0}
{"event":"shadow-start","name":"nb_ordinary_receiver","source":"/home/runner/work/nanolang/nanolang/src_nano/compiler/nanoisa_borrows.nano","line":1509,"elapsed_seconds":0.000000,"failures":0}
{"event":"shadow-complete","name":"nb_ordinary_receiver","source":"/home/runner/work/nanolang/nanolang/src_nano/compiler/nanoisa_borrows.nano","line":1509,"elapsed_seconds":0.691670,"failures":0}
{"event":"shadow-start","name":"nb_ordinary","source":"/home/runner/work/nanolang/nanolang/src_nano/compiler/nanoisa_borrows.nano","line":1923,"elapsed_seconds":0.000000,"failures":0}
{"event":"shadow-complete","name":"nb_ordinary","source":"/home/runner/work/nanolang/nanolang/src_nano/compiler/nanoisa_borrows.nano","line":1923,"elapsed_seconds":8.412408,"failures":0}
{"event":"shadow-start","name":"nb_increment","source":"/home/runner/work/nanolang/nanolang/src_nano/compiler/nanoisa_borrows.nano","line":2032,"elapsed_seconds":0.000000,"failures":0}
{"event":"shadow-complete","name":"nb_increment","source":"/home/runner/work/nanolang/nanolang/src_nano/compiler/nanoisa_borrows.nano","line":2032,"elapsed_seconds":0.000860,"failures":0}
{"event":"shadow-start","name":"nb_body_statements","source":"/home/runner/work/nanolang/nanolang/src_nano/compiler/nanoisa_borrows.nano","line":2268,"elapsed_seconds":0.000000,"failures":0}
{"event":"shadow-complete","name":"nb_body_statements","source":"/home/runner/work/nanolang/nanolang/src_nano/compiler/nanoisa_borrows.nano","line":2268,"elapsed_seconds":0.006515,"failures":0}
{"event":"shadow-start","name":"nb_string","source":"/home/runner/work/nanolang/nanolang/src_nano/compiler/nanoisa_borrows.nano","line":2371,"elapsed_seconds":0.000000,"failures":0}
{"event":"shadow-complete","name":"nb_string","source":"/home/runner/work/nanolang/nanolang/src_nano/compiler/nanoisa_borrows.nano","line":2371,"elapsed_seconds":0.000284,"failures":0}
{"event":"shadow-start","name":"nb_route_parts","source":"/home/runner/work/nanolang/nanolang/src_nano/compiler/nanoisa_borrows.nano","line":2406,"elapsed_seconds":0.000000,"failures":0}
{"event":"shadow-complete","name":"nb_route_parts","source":"/home/runner/work/nanolang/nanolang/src_nano/compiler/nanoisa_borrows.nano","line":2406,"elapsed_seconds":0.000799,"failures":0}
{"event":"shadow-start","name":"nb_union_canonical","source":"/home/runner/work/nanolang/nanolang/src_nano/compiler/nanoisa_borrows.nano","line":2431,"elapsed_seconds":0.000000,"failures":0}
{"event":"shadow-complete","name":"nb_union_canonical","source":"/home/runner/work/nanolang/nanolang/src_nano/compiler/nanoisa_borrows.nano","line":2431,"elapsed_seconds":0.002412,"failures":0}
{"event":"shadow-start","name":"nb_union_type_identity","source":"/home/runner/work/nanolang/nanolang/src_nano/compiler/nanoisa_borrows.nano","line":2495,"elapsed_seconds":0.000000,"failures":0}
{"event":"shadow-complete","name":"nb_union_type_identity","source":"/home/runner/work/nanolang/nanolang/src_nano/compiler/nanoisa_borrows.nano","line":2495,"elapsed_seconds":0.775712,"failures":0}
{"event":"shadow-start","name":"nb_register_union_depth","source":"/home/runner/work/nanolang/nanolang/src_nano/compiler/nanoisa_borrows.nano","line":2619,"elapsed_seconds":0.000000,"failures":0}
{"event":"shadow-complete","name":"nb_register_union_depth","source":"/home/runner/work/nanolang/nanolang/src_nano/compiler/nanoisa_borrows.nano","line":2619,"elapsed_seconds":1.213474,"failures":0}
{"event":"shadow-start","name":"nb_register_union","source":"/home/runner/work/nanolang/nanolang/src_nano/compiler/nanoisa_borrows.nano","line":2633,"elapsed_seconds":0.000000,"failures":0}
{"event":"shadow-complete","name":"nb_register_union","source":"/home/runner/work/nanolang/nanolang/src_nano/compiler/nanoisa_borrows.nano","line":2633,"elapsed_seconds":0.390302,"failures":0}
{"event":"shadow-start","name":"nb_union_fact_bytes","source":"/home/runner/work/nanolang/nanolang/src_nano/compiler/nanoisa_borrows.nano","line":2686,"elapsed_seconds":0.000000,"failures":0}
{"event":"shadow-complete","name":"nb_union_fact_bytes","source":"/home/runner/work/nanolang/nanolang/src_nano/compiler/nanoisa_borrows.nano","line":2686,"elapsed_seconds":0.387030,"failures":0}
{"event":"shadow-start","name":"nb_path_suffix","source":"/home/runner/work/nanolang/nanolang/src_nano/compiler/nanoisa_borrows.nano","line":2717,"elapsed_seconds":0.000000,"failures":0}
{"event":"shadow-complete","name":"nb_path_suffix","source":"/home/runner/work/nanolang/nanolang/src_nano/compiler/nanoisa_borrows.nano","line":2717,"elapsed_seconds":0.001224,"failures":0}
{"event":"shadow-start","name":"nb_record_has_owner","source":"/home/runner/work/nanolang/nanolang/src_nano/compiler/nanoisa_borrows.nano","line":2816,"elapsed_seconds":0.000000,"failures":0}
{"event":"shadow-complete","name":"nb_record_has_owner","source":"/home/runner/work/nanolang/nanolang/src_nano/compiler/nanoisa_borrows.nano","line":2816,"elapsed_seconds":2.184145,"failures":0}
{"event":"shadow-start","name":"nb_fixture","source":"/home/runner/work/nanolang/nanolang/src_nano/compiler/nanoisa_borrows.nano","line":3151,"elapsed_seconds":0.000000,"failures":0}
{"event":"shadow-complete","name":"nb_fixture","source":"/home/runner/work/nanolang/nanolang/src_nano/compiler/nanoisa_borrows.nano","line":3151,"elapsed_seconds":2.275217,"failures":0}
{"event":"shadow-start","name":"nb_record","source":"/home/runner/work/nanolang/nanolang/src_nano/compiler/nanoisa_borrows.nano","line":3152,"elapsed_seconds":0.000000,"failures":0}
{"event":"shadow-complete","name":"nb_record","source":"/home/runner/work/nanolang/nanolang/src_nano/compiler/nanoisa_borrows.nano","line":3152,"elapsed_seconds":2.277463,"failures":0}
{"event":"shadow-start","name":"nb_consuming_fixture","source":"/home/runner/work/nanolang/nanolang/src_nano/compiler/nanoisa_borrows.nano","line":3158,"elapsed_seconds":0.000000,"failures":0}
{"event":"shadow-complete","name":"nb_consuming_fixture","source":"/home/runner/work/nanolang/nanolang/src_nano/compiler/nanoisa_borrows.nano","line":3158,"elapsed_seconds":4.635984,"failures":0}
{"event":"shadow-start","name":"nanoisa_has_borrows","source":"/home/runner/work/nanolang/nanolang/src_nano/compiler/nanoisa_borrows.nano","line":3169,"elapsed_seconds":0.000000,"failures":0}
{"event":"shadow-complete","name":"nanoisa_has_borrows","source":"/home/runner/work/nanolang/nanolang/src_nano/compiler/nanoisa_borrows.nano","line":3169,"elapsed_seconds":4.273535,"failures":0}
{"event":"shadow-start","name":"nb_field","source":"/home/runner/work/nanolang/nanolang/src_nano/compiler/nanoisa_borrows.nano","line":3173,"elapsed_seconds":0.000000,"failures":0}
{"event":"shadow-complete","name":"nb_field","source":"/home/runner/work/nanolang/nanolang/src_nano/compiler/nanoisa_borrows.nano","line":3173,"elapsed_seconds":2.276730,"failures":0}
{"event":"shadow-start","name":"nb_cleanup","source":"/home/runner/work/nanolang/nanolang/src_nano/compiler/nanoisa_borrows.nano","line":3174,"elapsed_seconds":0.000000,"failures":0}
{"event":"shadow-complete","name":"nb_cleanup","source":"/home/runner/work/nanolang/nanolang/src_nano/compiler/nanoisa_borrows.nano","line":3174,"elapsed_seconds":2.284379,"failures":0}
{"event":"shadow-start","name":"nb_expr","source":"/home/runner/work/nanolang/nanolang/src_nano/compiler/nanoisa_borrows.nano","line":3175,"elapsed_seconds":0.000000,"failures":0}
{"event":"shadow-complete","name":"nb_expr","source":"/home/runner/work/nanolang/nanolang/src_nano/compiler/nanoisa_borrows.nano","line":3175,"elapsed_seconds":2.282728,"failures":0}
{"event":"shadow-start","name":"nb_binding","source":"/home/runner/work/nanolang/nanolang/src_nano/compiler/nanoisa_borrows.nano","line":3176,"elapsed_seconds":0.000000,"failures":0}
{"event":"shadow-complete","name":"nb_binding","source":"/home/runner/work/nanolang/nanolang/src_nano/compiler/nanoisa_borrows.nano","line":3176,"elapsed_seconds":2.330849,"failures":0}
{"event":"shadow-start","name":"nb_body","source":"/home/runner/work/nanolang/nanolang/src_nano/compiler/nanoisa_borrows.nano","line":3190,"elapsed_seconds":0.000000,"failures":0}
{"event":"shadow-complete","name":"nb_body","source":"/home/runner/work/nanolang/nanolang/src_nano/compiler/nanoisa_borrows.nano","line":3190,"elapsed_seconds":2.378244,"failures":0}
{"event":"shadow-start","name":"nb_function","source":"/home/runner/work/nanolang/nanolang/src_nano/compiler/nanoisa_borrows.nano","line":3191,"elapsed_seconds":0.000000,"failures":0}
{"event":"shadow-complete","name":"nb_function","source":"/home/runner/work/nanolang/nanolang/src_nano/compiler/nanoisa_borrows.nano","line":3191,"elapsed_seconds":2.393634,"failures":0}
{"event":"shadow-start","name":"nb_function_contract","source":"/home/runner/work/nanolang/nanolang/src_nano/compiler/nanoisa_borrows.nano","line":3192,"elapsed_seconds":0.000000,"failures":0}
{"event":"shadow-complete","name":"nb_function_contract","source":"/home/runner/work/nanolang/nanolang/src_nano/compiler/nanoisa_borrows.nano","line":3192,"elapsed_seconds":0.001236,"failures":0}
{"event":"shadow-start","name":"nanoisa_borrow_emit","source":"/home/runner/work/nanolang/nanolang/src_nano/compiler/nanoisa_borrows.nano","line":3193,"elapsed_seconds":0.000000,"failures":0}
{"event":"shadow-complete","name":"nanoisa_borrow_emit","source":"/home/runner/work/nanolang/nanolang/src_nano/compiler/nanoisa_borrows.nano","line":3193,"elapsed_seconds":2.682790,"failures":0}
{"event":"shadow-start","name":"nb_function_index","source":"/home/runner/work/nanolang/nanolang/src_nano/compiler/nanoisa_borrows.nano","line":3207,"elapsed_seconds":0.000000,"failures":0}
{"event":"shadow-complete","name":"nb_function_index","source":"/home/runner/work/nanolang/nanolang/src_nano/compiler/nanoisa_borrows.nano","line":3207,"elapsed_seconds":2.278660,"failures":0}
{"event":"shadow-start","name":"nb_result_tag","source":"/home/runner/work/nanolang/nanolang/src_nano/compiler/nanoisa_borrows.nano","line":3215,"elapsed_seconds":0.000000,"failures":0}
{"event":"shadow-complete","name":"nb_result_tag","source":"/home/runner/work/nanolang/nanolang/src_nano/compiler/nanoisa_borrows.nano","line":3215,"elapsed_seconds":2.288238,"failures":0}
{"event":"shadow-start","name":"nb_owner","source":"/home/runner/work/nanolang/nanolang/src_nano/compiler/nanoisa_borrows.nano","line":3222,"elapsed_seconds":0.000000,"failures":0}
{"event":"shadow-complete","name":"nb_owner","source":"/home/runner/work/nanolang/nanolang/src_nano/compiler/nanoisa_borrows.nano","line":3222,"elapsed_seconds":2.991564,"failures":0}
{"event":"shadow-start","name":"nb_mixed_fixture","source":"/home/runner/work/nanolang/nanolang/src_nano/compiler/nanoisa_borrows.nano","line":3255,"elapsed_seconds":0.000000,"failures":0}
{"event":"shadow-complete","name":"nb_mixed_fixture","source":"/home/runner/work/nanolang/nanolang/src_nano/compiler/nanoisa_borrows.nano","line":3255,"elapsed_seconds":4.837624,"failures":0}
{"event":"shadow-start","name":"nb_owner_array_fixture","source":"/home/runner/work/nanolang/nanolang/src_nano/compiler/nanoisa_borrows.nano","line":3279,"elapsed_seconds":0.000000,"failures":0}
{"event":"shadow-complete","name":"nb_owner_array_fixture","source":"/home/runner/work/nanolang/nanolang/src_nano/compiler/nanoisa_borrows.nano","line":3279,"elapsed_seconds":8.279274,"failures":0}
{"event":"shadow-start","name":"nb_owner_array_mutation_fixture","source":"/home/runner/work/nanolang/nanolang/src_nano/compiler/nanoisa_borrows.nano","line":3306,"elapsed_seconds":0.000000,"failures":0}
{"event":"shadow-complete","name":"nb_owner_array_mutation_fixture","source":"/home/runner/work/nanolang/nanolang/src_nano/compiler/nanoisa_borrows.nano","line":3306,"elapsed_seconds":17.103566,"failures":0}
{"event":"shadow-start","name":"nb_value_call","source":"/home/runner/work/nanolang/nanolang/src_nano/compiler/nanoisa_borrows.nano","line":3337,"elapsed_seconds":0.000000,"failures":0}
{"event":"shadow-complete","name":"nb_value_call","source":"/home/runner/work/nanolang/nanolang/src_nano/compiler/nanoisa_borrows.nano","line":3337,"elapsed_seconds":2.118072,"failures":0}
{"event":"shadow-start","name":"nb_union_owner_fixture","source":"/home/runner/work/nanolang/nanolang/src_nano/compiler/nanoisa_borrows.nano","line":3356,"elapsed_seconds":0.000000,"failures":0}
{"event":"shadow-complete","name":"nb_union_owner_fixture","source":"/home/runner/work/nanolang/nanolang/src_nano/compiler/nanoisa_borrows.nano","line":3356,"elapsed_seconds":0.537861,"failures":0}
{"event":"shadow-start","name":"nb_union_supported","source":"/home/runner/work/nanolang/nanolang/src_nano/compiler/nanoisa_borrows.nano","line":3357,"elapsed_seconds":0.000000,"failures":0}
{"event":"shadow-complete","name":"nb_union_supported","source":"/home/runner/work/nanolang/nanolang/src_nano/compiler/nanoisa_borrows.nano","line":3357,"elapsed_seconds":1.268982,"failures":0}
{"event":"shadow-start","name":"nb_union_layout_bytes","source":"/home/runner/work/nanolang/nanolang/src_nano/compiler/nanoisa_borrows.nano","line":3364,"elapsed_seconds":0.000000,"failures":0}
{"event":"shadow-complete","name":"nb_union_layout_bytes","source":"/home/runner/work/nanolang/nanolang/src_nano/compiler/nanoisa_borrows.nano","line":3364,"elapsed_seconds":0.650387,"failures":0}
{"event":"shadow-start","name":"passive_reads","source":"/home/runner/work/nanolang/nanolang/src_nano/compiler/passive_graph.nano","line":33,"elapsed_seconds":0.000000,"failures":0}
{"event":"shadow-complete","name":"passive_reads","source":"/home/runner/work/nanolang/nanolang/src_nano/compiler/passive_graph.nano","line":33,"elapsed_seconds":0.306979,"failures":0}
{"event":"shadow-start","name":"passive_order","source":"/home/runner/work/nanolang/nanolang/src_nano/compiler/passive_graph.nano","line":92,"elapsed_seconds":0.000000,"failures":0}
{"event":"shadow-complete","name":"passive_order","source":"/home/runner/work/nanolang/nanolang/src_nano/compiler/passive_graph.nano","line":92,"elapsed_seconds":1.433286,"failures":0}
{"event":"shadow-start","name":"par_scalar_type","source":"/home/runner/work/nanolang/nanolang/src_nano/compiler/passive_purity.nano","line":10,"elapsed_seconds":0.000000,"failures":0}
{"event":"shadow-complete","name":"par_scalar_type","source":"/home/runner/work/nanolang/nanolang/src_nano/compiler/passive_purity.nano","line":10,"elapsed_seconds":0.000231,"failures":0}
{"event":"shadow-start","name":"par_local","source":"/home/runner/work/nanolang/nanolang/src_nano/compiler/passive_purity.nano","line":24,"elapsed_seconds":0.000000,"failures":0}
{"event":"shadow-complete","name":"par_local","source":"/home/runner/work/nanolang/nanolang/src_nano/compiler/passive_purity.nano","line":24,"elapsed_seconds":0.000198,"failures":0}
{"event":"shadow-start","name":"par_call_index","source":"/home/runner/work/nanolang/nanolang/src_nano/compiler/passive_purity.nano","line":46,"elapsed_seconds":0.000000,"failures":0}
{"event":"shadow-complete","name":"par_call_index","source":"/home/runner/work/nanolang/nanolang/src_nano/compiler/passive_purity.nano","line":46,"elapsed_seconds":0.004885,"failures":0}
{"event":"shadow-start","name":"par_closed_target","source":"/home/runner/work/nanolang/nanolang/src_nano/compiler/passive_purity.nano","line":60,"elapsed_seconds":0.000000,"failures":0}
{"event":"shadow-complete","name":"par_closed_target","source":"/home/runner/work/nanolang/nanolang/src_nano/compiler/passive_purity.nano","line":60,"elapsed_seconds":0.006495,"failures":0}
{"event":"shadow-start","name":"par_closed_node","source":"/home/runner/work/nanolang/nanolang/src_nano/compiler/passive_purity.nano","line":149,"elapsed_seconds":0.000000,"failures":0}
{"event":"shadow-complete","name":"par_closed_node","source":"/home/runner/work/nanolang/nanolang/src_nano/compiler/passive_purity.nano","line":149,"elapsed_seconds":0.007251,"failures":0}
{"event":"shadow-start","name":"par_closed_function","source":"/home/runner/work/nanolang/nanolang/src_nano/compiler/passive_purity.nano","line":174,"elapsed_seconds":0.000000,"failures":0}
{"event":"shadow-complete","name":"par_closed_function","source":"/home/runner/work/nanolang/nanolang/src_nano/compiler/passive_purity.nano","line":174,"elapsed_seconds":0.312885,"failures":0}
{"event":"shadow-start","name":"par_closed_call","source":"/home/runner/work/nanolang/nanolang/src_nano/compiler/passive_purity.nano","line":187,"elapsed_seconds":0.000000,"failures":0}
{"event":"shadow-complete","name":"par_closed_call","source":"/home/runner/work/nanolang/nanolang/src_nano/compiler/passive_purity.nano","line":187,"elapsed_seconds":1.298019,"failures":0}
{"event":"shadow-start","name":"module_header_constants","source":"/home/runner/work/nanolang/nanolang/modules/compiler_support/compiler_support.nano","line":9,"elapsed_seconds":0.000000,"failures":0}
{"event":"shadow-complete","name":"module_header_constants","source":"/home/runner/work/nanolang/nanolang/modules/compiler_support/compiler_support.nano","line":9,"elapsed_seconds":0.000198,"failures":0}
{"event":"shadow-start","name":"module_artifact","source":"/home/runner/work/nanolang/nanolang/modules/compiler_support/compiler_support.nano","line":16,"elapsed_seconds":0.000000,"failures":0}
{"event":"shadow-complete","name":"module_artifact","source":"/home/runner/work/nanolang/nanolang/modules/compiler_support/compiler_support.nano","line":16,"elapsed_seconds":0.000135,"failures":0}
{"event":"shadow-start","name":"nisa_ordinary_hex","source":"/home/runner/work/nanolang/nanolang/src_nano/compiler/nanoisa_codegen.nano","line":94,"elapsed_seconds":0.000000,"failures":0}
{"event":"shadow-complete","name":"nisa_ordinary_hex","source":"/home/runner/work/nanolang/nanolang/src_nano/compiler/nanoisa_codegen.nano","line":94,"elapsed_seconds":0.000410,"failures":0}
{"event":"shadow-start","name":"nisa_ordinary_tag","source":"/home/runner/work/nanolang/nanolang/src_nano/compiler/nanoisa_codegen.nano","line":112,"elapsed_seconds":0.000000,"failures":0}
{"event":"shadow-complete","name":"nisa_ordinary_tag","source":"/home/runner/work/nanolang/nanolang/src_nano/compiler/nanoisa_codegen.nano","line":112,"elapsed_seconds":0.005228,"failures":0}
{"event":"shadow-start","name":"nisa_ordinary_contract","source":"/home/runner/work/nanolang/nanolang/src_nano/compiler/nanoisa_codegen.nano","line":132,"elapsed_seconds":0.000000,"failures":0}
{"event":"shadow-complete","name":"nisa_ordinary_contract","source":"/home/runner/work/nanolang/nanolang/src_nano/compiler/nanoisa_codegen.nano","line":132,"elapsed_seconds":0.006523,"failures":0}
{"event":"shadow-start","name":"nisa_ordinary_record_index","source":"/home/runner/work/nanolang/nanolang/src_nano/compiler/nanoisa_codegen.nano","line":152,"elapsed_seconds":0.000000,"failures":0}
{"event":"shadow-complete","name":"nisa_ordinary_record_index","source":"/home/runner/work/nanolang/nanolang/src_nano/compiler/nanoisa_codegen.nano","line":152,"elapsed_seconds":0.386444,"failures":0}
{"event":"shadow-start","name":"nisa_ordinary_graph","source":"/home/runner/work/nanolang/nanolang/src_nano/compiler/nanoisa_codegen.nano","line":209,"elapsed_seconds":0.000000,"failures":0}
{"event":"shadow-complete","name":"nisa_ordinary_graph","source":"/home/runner/work/nanolang/nanolang/src_nano/compiler/nanoisa_codegen.nano","line":209,"elapsed_seconds":0.657142,"failures":0}
{"event":"shadow-start","name":"nisa_ordinary_publication","source":"/home/runner/work/nanolang/nanolang/src_nano/compiler/nanoisa_codegen.nano","line":258,"elapsed_seconds":0.000000,"failures":0}
{"event":"shadow-complete","name":"nisa_ordinary_publication","source":"/home/runner/work/nanolang/nanolang/src_nano/compiler/nanoisa_codegen.nano","line":258,"elapsed_seconds":0.520033,"failures":0}
{"event":"shadow-start","name":"nisa_reset","source":"/home/runner/work/nanolang/nanolang/src_nano/compiler/nanoisa_codegen.nano","line":318,"elapsed_seconds":0.000000,"failures":0}
{"event":"shadow-complete","name":"nisa_reset","source":"/home/runner/work/nanolang/nanolang/src_nano/compiler/nanoisa_codegen.nano","line":318,"elapsed_seconds":0.000269,"failures":0}
{"event":"shadow-start","name":"nisa_fail","source":"/home/runner/work/nanolang/nanolang/src_nano/compiler/nanoisa_codegen.nano","line":336,"elapsed_seconds":0.000000,"failures":0}
{"event":"shadow-complete","name":"nisa_fail","source":"/home/runner/work/nanolang/nanolang/src_nano/compiler/nanoisa_codegen.nano","line":336,"elapsed_seconds":0.000566,"failures":0}
{"event":"shadow-start","name":"nanoisa_last_lowering_error","source":"/home/runner/work/nanolang/nanolang/src_nano/compiler/nanoisa_codegen.nano","line":349,"elapsed_seconds":0.000000,"failures":0}
{"event":"shadow-complete","name":"nanoisa_last_lowering_error","source":"/home/runner/work/nanolang/nanolang/src_nano/compiler/nanoisa_codegen.nano","line":349,"elapsed_seconds":0.000579,"failures":0}
{"event":"shadow-start","name":"nisa_capture_find","source":"/home/runner/work/nanolang/nanolang/src_nano/compiler/nanoisa_codegen.nano","line":390,"elapsed_seconds":0.000000,"failures":0}
{"event":"shadow-complete","name":"nisa_capture_find","source":"/home/runner/work/nanolang/nanolang/src_nano/compiler/nanoisa_codegen.nano","line":390,"elapsed_seconds":0.002559,"failures":0}
{"event":"shadow-start","name":"nisa_emit_lambda","source":"/home/runner/work/nanolang/nanolang/src_nano/compiler/nanoisa_codegen.nano","line":468,"elapsed_seconds":0.000000,"failures":0}
{"event":"shadow-complete","name":"nisa_emit_lambda","source":"/home/runner/work/nanolang/nanolang/src_nano/compiler/nanoisa_codegen.nano","line":468,"elapsed_seconds":0.921827,"failures":0}
{"event":"shadow-start","name":"nisa_local_find","source":"/home/runner/work/nanolang/nanolang/src_nano/compiler/nanoisa_codegen.nano","line":486,"elapsed_seconds":0.000000,"failures":0}
{"event":"shadow-complete","name":"nisa_local_find","source":"/home/runner/work/nanolang/nanolang/src_nano/compiler/nanoisa_codegen.nano","line":486,"elapsed_seconds":0.000820,"failures":0}
{"event":"shadow-start","name":"nisa_intern","source":"/home/runner/work/nanolang/nanolang/src_nano/compiler/nanoisa_codegen.nano","line":510,"elapsed_seconds":0.000000,"failures":0}
{"event":"shadow-complete","name":"nisa_intern","source":"/home/runner/work/nanolang/nanolang/src_nano/compiler/nanoisa_codegen.nano","line":510,"elapsed_seconds":0.000786,"failures":0}
{"event":"shadow-start","name":"nisa_decode_string","source":"/home/runner/work/nanolang/nanolang/src_nano/compiler/nanoisa_codegen.nano","line":543,"elapsed_seconds":0.000000,"failures":0}
{"event":"shadow-complete","name":"nisa_decode_string","source":"/home/runner/work/nanolang/nanolang/src_nano/compiler/nanoisa_codegen.nano","line":543,"elapsed_seconds":0.001137,"failures":0}
{"event":"shadow-start","name":"nisa_escape_string","source":"/home/runner/work/nanolang/nanolang/src_nano/compiler/nanoisa_codegen.nano","line":573,"elapsed_seconds":0.000000,"failures":0}
{"event":"shadow-complete","name":"nisa_escape_string","source":"/home/runner/work/nanolang/nanolang/src_nano/compiler/nanoisa_codegen.nano","line":573,"elapsed_seconds":0.001490,"failures":0}
{"event":"shadow-start","name":"nisa_str_prelude","source":"/home/runner/work/nanolang/nanolang/src_nano/compiler/nanoisa_codegen.nano","line":596,"elapsed_seconds":0.000000,"failures":0}
{"event":"shadow-complete","name":"nisa_str_prelude","source":"/home/runner/work/nanolang/nanolang/src_nano/compiler/nanoisa_codegen.nano","line":596,"elapsed_seconds":0.000954,"failures":0}
{"event":"shadow-start","name":"nisa_array_arithmetic_mnemonic","source":"/home/runner/work/nanolang/nanolang/src_nano/compiler/nanoisa_codegen.nano","line":612,"elapsed_seconds":0.000000,"failures":0}
{"event":"shadow-complete","name":"nisa_array_arithmetic_mnemonic","source":"/home/runner/work/nanolang/nanolang/src_nano/compiler/nanoisa_codegen.nano","line":612,"elapsed_seconds":0.001973,"failures":0}
{"event":"shadow-start","name":"nisa_array_arithmetic_type","source":"/home/runner/work/nanolang/nanolang/src_nano/compiler/nanoisa_codegen.nano","line":629,"elapsed_seconds":0.000000,"failures":0}
{"event":"shadow-complete","name":"nisa_array_arithmetic_type","source":"/home/runner/work/nanolang/nanolang/src_nano/compiler/nanoisa_codegen.nano","line":629,"elapsed_seconds":0.003600,"failures":0}
{"event":"shadow-start","name":"nisa_binop_mnemonic","source":"/home/runner/work/nanolang/nanolang/src_nano/compiler/nanoisa_codegen.nano","line":694,"elapsed_seconds":0.000000,"failures":0}
{"event":"shadow-complete","name":"nisa_binop_mnemonic","source":"/home/runner/work/nanolang/nanolang/src_nano/compiler/nanoisa_codegen.nano","line":694,"elapsed_seconds":0.007099,"failures":0}
{"event":"shadow-start","name":"nisa_line","source":"/home/runner/work/nanolang/nanolang/src_nano/compiler/nanoisa_codegen.nano","line":706,"elapsed_seconds":0.000000,"failures":0}
{"event":"shadow-complete","name":"nisa_line","source":"/home/runner/work/nanolang/nanolang/src_nano/compiler/nanoisa_codegen.nano","line":706,"elapsed_seconds":0.000107,"failures":0}
{"event":"shadow-start","name":"nisa_line_imm","source":"/home/runner/work/nanolang/nanolang/src_nano/compiler/nanoisa_codegen.nano","line":714,"elapsed_seconds":0.000000,"failures":0}
{"event":"shadow-complete","name":"nisa_line_imm","source":"/home/runner/work/nanolang/nanolang/src_nano/compiler/nanoisa_codegen.nano","line":714,"elapsed_seconds":0.000132,"failures":0}
{"event":"shadow-start","name":"nisa_map_value_type","source":"/home/runner/work/nanolang/nanolang/src_nano/compiler/nanoisa_codegen.nano","line":723,"elapsed_seconds":0.000000,"failures":0}
{"event":"shadow-complete","name":"nisa_map_value_type","source":"/home/runner/work/nanolang/nanolang/src_nano/compiler/nanoisa_codegen.nano","line":723,"elapsed_seconds":0.000242,"failures":0}
{"event":"shadow-start","name":"nisa_local_type_ok","source":"/home/runner/work/nanolang/nanolang/src_nano/compiler/nanoisa_codegen.nano","line":757,"elapsed_seconds":0.000000,"failures":0}
{"event":"shadow-complete","name":"nisa_local_type_ok","source":"/home/runner/work/nanolang/nanolang/src_nano/compiler/nanoisa_codegen.nano","line":757,"elapsed_seconds":0.001543,"failures":0}
{"event":"shadow-start","name":"nisa_compact_type","source":"/home/runner/work/nanolang/nanolang/src_nano/compiler/nanoisa_codegen.nano","line":790,"elapsed_seconds":0.000000,"failures":0}
{"event":"shadow-complete","name":"nisa_compact_type","source":"/home/runner/work/nanolang/nanolang/src_nano/compiler/nanoisa_codegen.nano","line":790,"elapsed_seconds":0.000709,"failures":0}
{"event":"shadow-start","name":"nisa_tuple_elements","source":"/home/runner/work/nanolang/nanolang/src_nano/compiler/nanoisa_codegen.nano","line":835,"elapsed_seconds":0.000000,"failures":0}
{"event":"shadow-complete","name":"nisa_tuple_elements","source":"/home/runner/work/nanolang/nanolang/src_nano/compiler/nanoisa_codegen.nano","line":835,"elapsed_seconds":0.003901,"failures":0}
{"event":"shadow-start","name":"nisa_is_arr_builtin","source":"/home/runner/work/nanolang/nanolang/src_nano/compiler/nanoisa_codegen.nano","line":853,"elapsed_seconds":0.000000,"failures":0}
{"event":"shadow-complete","name":"nisa_is_arr_builtin","source":"/home/runner/work/nanolang/nanolang/src_nano/compiler/nanoisa_codegen.nano","line":853,"elapsed_seconds":0.000473,"failures":0}
{"event":"shadow-start","name":"nisa_is_print_builtin","source":"/home/runner/work/nanolang/nanolang/src_nano/compiler/nanoisa_codegen.nano","line":867,"elapsed_seconds":0.000000,"failures":0}
{"event":"shadow-complete","name":"nisa_is_print_builtin","source":"/home/runner/work/nanolang/nanolang/src_nano/compiler/nanoisa_codegen.nano","line":867,"elapsed_seconds":0.000199,"failures":0}
{"event":"shadow-start","name":"nisa_list_removal","source":"/home/runner/work/nanolang/nanolang/src_nano/compiler/nanoisa_codegen.nano","line":879,"elapsed_seconds":0.000000,"failures":0}
{"event":"shadow-complete","name":"nisa_list_removal","source":"/home/runner/work/nanolang/nanolang/src_nano/compiler/nanoisa_codegen.nano","line":879,"elapsed_seconds":0.000234,"failures":0}
{"event":"shadow-start","name":"nisa_list_removal_result","source":"/home/runner/work/nanolang/nanolang/src_nano/compiler/nanoisa_codegen.nano","line":893,"elapsed_seconds":0.000000,"failures":0}
{"event":"shadow-complete","name":"nisa_list_removal_result","source":"/home/runner/work/nanolang/nanolang/src_nano/compiler/nanoisa_codegen.nano","line":893,"elapsed_seconds":0.283164,"failures":0}
{"event":"shadow-start","name":"nisa_is_list_insert","source":"/home/runner/work/nanolang/nanolang/src_nano/compiler/nanoisa_codegen.nano","line":905,"elapsed_seconds":0.000000,"failures":0}
{"event":"shadow-complete","name":"nisa_is_list_insert","source":"/home/runner/work/nanolang/nanolang/src_nano/compiler/nanoisa_codegen.nano","line":905,"elapsed_seconds":0.000222,"failures":0}
{"event":"shadow-start","name":"nisa_is_list_free","source":"/home/runner/work/nanolang/nanolang/src_nano/compiler/nanoisa_codegen.nano","line":914,"elapsed_seconds":0.000000,"failures":0}
{"event":"shadow-complete","name":"nisa_is_list_free","source":"/home/runner/work/nanolang/nanolang/src_nano/compiler/nanoisa_codegen.nano","line":914,"elapsed_seconds":0.000209,"failures":0}
{"event":"shadow-start","name":"nisa_is_list_call","source":"/home/runner/work/nanolang/nanolang/src_nano/compiler/nanoisa_codegen.nano","line":930,"elapsed_seconds":0.000000,"failures":0}
{"event":"shadow-complete","name":"nisa_is_list_call","source":"/home/runner/work/nanolang/nanolang/src_nano/compiler/nanoisa_codegen.nano","line":930,"elapsed_seconds":0.002262,"failures":0}
{"event":"shadow-start","name":"nisa_is_set_call","source":"/home/runner/work/nanolang/nanolang/src_nano/compiler/nanoisa_codegen.nano","line":946,"elapsed_seconds":0.000000,"failures":0}
{"event":"shadow-complete","name":"nisa_is_set_call","source":"/home/runner/work/nanolang/nanolang/src_nano/compiler/nanoisa_codegen.nano","line":946,"elapsed_seconds":0.000698,"failures":0}
{"event":"shadow-start","name":"nisa_list_element_tag","source":"/home/runner/work/nanolang/nanolang/src_nano/compiler/nanoisa_codegen.nano","line":996,"elapsed_seconds":0.000000,"failures":0}
{"event":"shadow-complete","name":"nisa_list_element_tag","source":"/home/runner/work/nanolang/nanolang/src_nano/compiler/nanoisa_codegen.nano","line":996,"elapsed_seconds":0.515582,"failures":0}
{"event":"shadow-start","name":"nisa_string_binary_opcode","source":"/home/runner/work/nanolang/nanolang/src_nano/compiler/nanoisa_codegen.nano","line":1018,"elapsed_seconds":0.000000,"failures":0}
{"event":"shadow-complete","name":"nisa_string_binary_opcode","source":"/home/runner/work/nanolang/nanolang/src_nano/compiler/nanoisa_codegen.nano","line":1018,"elapsed_seconds":0.000278,"failures":0}
{"event":"shadow-start","name":"nisa_is_inline_call","source":"/home/runner/work/nanolang/nanolang/src_nano/compiler/nanoisa_codegen.nano","line":1045,"elapsed_seconds":0.000000,"failures":0}
{"event":"shadow-complete","name":"nisa_is_inline_call","source":"/home/runner/work/nanolang/nanolang/src_nano/compiler/nanoisa_codegen.nano","line":1045,"elapsed_seconds":0.008355,"failures":0}
{"event":"shadow-start","name":"nisa_struct_index","source":"/home/runner/work/nanolang/nanolang/src_nano/compiler/nanoisa_codegen.nano","line":1086,"elapsed_seconds":0.000000,"failures":0}
{"event":"shadow-complete","name":"nisa_struct_index","source":"/home/runner/work/nanolang/nanolang/src_nano/compiler/nanoisa_codegen.nano","line":1086,"elapsed_seconds":0.411722,"failures":0}
{"event":"shadow-start","name":"nisa_is_int_record","source":"/home/runner/work/nanolang/nanolang/src_nano/compiler/nanoisa_codegen.nano","line":1114,"elapsed_seconds":0.000000,"failures":0}
{"event":"shadow-complete","name":"nisa_is_int_record","source":"/home/runner/work/nanolang/nanolang/src_nano/compiler/nanoisa_codegen.nano","line":1114,"elapsed_seconds":0.422808,"failures":0}
{"event":"shadow-start","name":"nisa_opaque_index","source":"/home/runner/work/nanolang/nanolang/src_nano/compiler/nanoisa_codegen.nano","line":1135,"elapsed_seconds":0.000000,"failures":0}
{"event":"shadow-complete","name":"nisa_opaque_index","source":"/home/runner/work/nanolang/nanolang/src_nano/compiler/nanoisa_codegen.nano","line":1135,"elapsed_seconds":0.045539,"failures":0}
{"event":"shadow-start","name":"nisa_enum_index","source":"/home/runner/work/nanolang/nanolang/src_nano/compiler/nanoisa_codegen.nano","line":1155,"elapsed_seconds":0.000000,"failures":0}
{"event":"shadow-complete","name":"nisa_enum_index","source":"/home/runner/work/nanolang/nanolang/src_nano/compiler/nanoisa_codegen.nano","line":1155,"elapsed_seconds":0.108211,"failures":0}
{"event":"shadow-start","name":"nisa_enum_receiver","source":"/home/runner/work/nanolang/nanolang/src_nano/compiler/nanoisa_codegen.nano","line":1169,"elapsed_seconds":0.000000,"failures":0}
{"event":"shadow-complete","name":"nisa_enum_receiver","source":"/home/runner/work/nanolang/nanolang/src_nano/compiler/nanoisa_codegen.nano","line":1169,"elapsed_seconds":0.295877,"failures":0}
{"event":"shadow-start","name":"nisa_value_type_matches","source":"/home/runner/work/nanolang/nanolang/src_nano/compiler/nanoisa_codegen.nano","line":1186,"elapsed_seconds":0.000000,"failures":0}
{"event":"shadow-complete","name":"nisa_value_type_matches","source":"/home/runner/work/nanolang/nanolang/src_nano/compiler/nanoisa_codegen.nano","line":1186,"elapsed_seconds":0.089962,"failures":0}
{"event":"shadow-start","name":"nisa_union_base","source":"/home/runner/work/nanolang/nanolang/src_nano/compiler/nanoisa_codegen.nano","line":1205,"elapsed_seconds":0.000000,"failures":0}
{"event":"shadow-complete","name":"nisa_union_base","source":"/home/runner/work/nanolang/nanolang/src_nano/compiler/nanoisa_codegen.nano","line":1205,"elapsed_seconds":0.001171,"failures":0}
{"event":"shadow-start","name":"nisa_union_arguments","source":"/home/runner/work/nanolang/nanolang/src_nano/compiler/nanoisa_codegen.nano","line":1233,"elapsed_seconds":0.000000,"failures":0}
{"event":"shadow-complete","name":"nisa_union_arguments","source":"/home/runner/work/nanolang/nanolang/src_nano/compiler/nanoisa_codegen.nano","line":1233,"elapsed_seconds":0.005535,"failures":0}
{"event":"shadow-start","name":"nisa_union_index","source":"/home/runner/work/nanolang/nanolang/src_nano/compiler/nanoisa_codegen.nano","line":1257,"elapsed_seconds":0.000000,"failures":0}
{"event":"shadow-complete","name":"nisa_union_index","source":"/home/runner/work/nanolang/nanolang/src_nano/compiler/nanoisa_codegen.nano","line":1257,"elapsed_seconds":0.355633,"failures":0}
{"event":"shadow-start","name":"nisa_union_variant","source":"/home/runner/work/nanolang/nanolang/src_nano/compiler/nanoisa_codegen.nano","line":1279,"elapsed_seconds":0.000000,"failures":0}
{"event":"shadow-complete","name":"nisa_union_variant","source":"/home/runner/work/nanolang/nanolang/src_nano/compiler/nanoisa_codegen.nano","line":1279,"elapsed_seconds":0.170788,"failures":0}
{"event":"shadow-start","name":"nisa_union_offset","source":"/home/runner/work/nanolang/nanolang/src_nano/compiler/nanoisa_codegen.nano","line":1295,"elapsed_seconds":0.000000,"failures":0}
{"event":"shadow-complete","name":"nisa_union_offset","source":"/home/runner/work/nanolang/nanolang/src_nano/compiler/nanoisa_codegen.nano","line":1295,"elapsed_seconds":0.170424,"failures":0}
{"event":"shadow-start","name":"nisa_union_payload_type","source":"/home/runner/work/nanolang/nanolang/src_nano/compiler/nanoisa_codegen.nano","line":1304,"elapsed_seconds":0.000000,"failures":0}
{"event":"shadow-complete","name":"nisa_union_payload_type","source":"/home/runner/work/nanolang/nanolang/src_nano/compiler/nanoisa_codegen.nano","line":1304,"elapsed_seconds":0.000186,"failures":0}
{"event":"shadow-start","name":"nisa_union_concrete_field","source":"/home/runner/work/nanolang/nanolang/src_nano/compiler/nanoisa_codegen.nano","line":1312,"elapsed_seconds":0.000000,"failures":0}
{"event":"shadow-complete","name":"nisa_union_concrete_field","source":"/home/runner/work/nanolang/nanolang/src_nano/compiler/nanoisa_codegen.nano","line":1312,"elapsed_seconds":0.209187,"failures":0}
{"event":"shadow-start","name":"nisa_union_supported","source":"/home/runner/work/nanolang/nanolang/src_nano/compiler/nanoisa_codegen.nano","line":1363,"elapsed_seconds":0.000000,"failures":0}
{"event":"shadow-complete","name":"nisa_union_supported","source":"/home/runner/work/nanolang/nanolang/src_nano/compiler/nanoisa_codegen.nano","line":1363,"elapsed_seconds":0.308175,"failures":0}
{"event":"shadow-start","name":"nisa_union_payload_owner","source":"/home/runner/work/nanolang/nanolang/src_nano/compiler/nanoisa_codegen.nano","line":1388,"elapsed_seconds":0.000000,"failures":0}
{"event":"shadow-complete","name":"nisa_union_payload_owner","source":"/home/runner/work/nanolang/nanolang/src_nano/compiler/nanoisa_codegen.nano","line":1388,"elapsed_seconds":0.213210,"failures":0}
{"event":"shadow-start","name":"nisa_union_field","source":"/home/runner/work/nanolang/nanolang/src_nano/compiler/nanoisa_codegen.nano","line":1410,"elapsed_seconds":0.000000,"failures":0}
{"event":"shadow-complete","name":"nisa_union_field","source":"/home/runner/work/nanolang/nanolang/src_nano/compiler/nanoisa_codegen.nano","line":1410,"elapsed_seconds":0.175712,"failures":0}
{"event":"shadow-start","name":"nisa_union_field_type","source":"/home/runner/work/nanolang/nanolang/src_nano/compiler/nanoisa_codegen.nano","line":1428,"elapsed_seconds":0.000000,"failures":0}
{"event":"shadow-complete","name":"nisa_union_field_type","source":"/home/runner/work/nanolang/nanolang/src_nano/compiler/nanoisa_codegen.nano","line":1428,"elapsed_seconds":0.193012,"failures":0}
{"event":"shadow-start","name":"nisa_emit_union_context","source":"/home/runner/work/nanolang/nanolang/src_nano/compiler/nanoisa_codegen.nano","line":1488,"elapsed_seconds":0.000000,"failures":0}
{"event":"shadow-complete","name":"nisa_emit_union_context","source":"/home/runner/work/nanolang/nanolang/src_nano/compiler/nanoisa_codegen.nano","line":1488,"elapsed_seconds":0.710067,"failures":0}
{"event":"shadow-start","name":"nisa_emit_union","source":"/home/runner/work/nanolang/nanolang/src_nano/compiler/nanoisa_codegen.nano","line":1512,"elapsed_seconds":0.000000,"failures":0}
{"event":"shadow-complete","name":"nisa_emit_union","source":"/home/runner/work/nanolang/nanolang/src_nano/compiler/nanoisa_codegen.nano","line":1512,"elapsed_seconds":0.651002,"failures":0}
{"event":"shadow-start","name":"nisa_match_coverage","source":"/home/runner/work/nanolang/nanolang/src_nano/compiler/nanoisa_codegen.nano","line":1545,"elapsed_seconds":0.000000,"failures":0}
{"event":"shadow-complete","name":"nisa_match_coverage","source":"/home/runner/work/nanolang/nanolang/src_nano/compiler/nanoisa_codegen.nano","line":1545,"elapsed_seconds":1.267574,"failures":0}
{"event":"shadow-start","name":"nisa_match_domain_covered","source":"/home/runner/work/nanolang/nanolang/src_nano/compiler/nanoisa_codegen.nano","line":1569,"elapsed_seconds":0.000000,"failures":0}
{"event":"shadow-complete","name":"nisa_match_domain_covered","source":"/home/runner/work/nanolang/nanolang/src_nano/compiler/nanoisa_codegen.nano","line":1569,"elapsed_seconds":1.156358,"failures":0}
{"event":"shadow-start","name":"nisa_match_arm_type","source":"/home/runner/work/nanolang/nanolang/src_nano/compiler/nanoisa_codegen.nano","line":1612,"elapsed_seconds":0.000000,"failures":0}
{"event":"shadow-complete","name":"nisa_match_arm_type","source":"/home/runner/work/nanolang/nanolang/src_nano/compiler/nanoisa_codegen.nano","line":1612,"elapsed_seconds":0.429900,"failures":0}
{"event":"shadow-start","name":"nisa_emit_match_arm","source":"/home/runner/work/nanolang/nanolang/src_nano/compiler/nanoisa_codegen.nano","line":1640,"elapsed_seconds":0.000000,"failures":0}
{"event":"shadow-complete","name":"nisa_emit_match_arm","source":"/home/runner/work/nanolang/nanolang/src_nano/compiler/nanoisa_codegen.nano","line":1640,"elapsed_seconds":0.397835,"failures":0}
{"event":"shadow-start","name":"nisa_match_result_type","source":"/home/runner/work/nanolang/nanolang/src_nano/compiler/nanoisa_codegen.nano","line":1700,"elapsed_seconds":0.000000,"failures":0}
{"event":"shadow-complete","name":"nisa_match_result_type","source":"/home/runner/work/nanolang/nanolang/src_nano/compiler/nanoisa_codegen.nano","line":1700,"elapsed_seconds":1.632623,"failures":0}
{"event":"shadow-start","name":"nisa_emit_match_value","source":"/home/runner/work/nanolang/nanolang/src_nano/compiler/nanoisa_codegen.nano","line":1730,"elapsed_seconds":0.000000,"failures":0}
{"event":"shadow-complete","name":"nisa_emit_match_value","source":"/home/runner/work/nanolang/nanolang/src_nano/compiler/nanoisa_codegen.nano","line":1730,"elapsed_seconds":1.897930,"failures":0}
{"event":"shadow-start","name":"nisa_emit_match_cases","source":"/home/runner/work/nanolang/nanolang/src_nano/compiler/nanoisa_codegen.nano","line":1820,"elapsed_seconds":0.000000,"failures":0}
{"event":"shadow-complete","name":"nisa_emit_match_cases","source":"/home/runner/work/nanolang/nanolang/src_nano/compiler/nanoisa_codegen.nano","line":1820,"elapsed_seconds":0.385073,"failures":0}
{"event":"shadow-start","name":"nisa_emit_match_body_checked","source":"/home/runner/work/nanolang/nanolang/src_nano/compiler/nanoisa_codegen.nano","line":1842,"elapsed_seconds":0.000000,"failures":0}
{"event":"shadow-complete","name":"nisa_emit_match_body_checked","source":"/home/runner/work/nanolang/nanolang/src_nano/compiler/nanoisa_codegen.nano","line":1842,"elapsed_seconds":1.240973,"failures":0}
{"event":"shadow-start","name":"nisa_emit_match_body","source":"/home/runner/work/nanolang/nanolang/src_nano/compiler/nanoisa_codegen.nano","line":1869,"elapsed_seconds":0.000000,"failures":0}
{"event":"shadow-complete","name":"nisa_emit_match_body","source":"/home/runner/work/nanolang/nanolang/src_nano/compiler/nanoisa_codegen.nano","line":1869,"elapsed_seconds":1.121211,"failures":0}
{"event":"shadow-start","name":"nisa_emit_match","source":"/home/runner/work/nanolang/nanolang/src_nano/compiler/nanoisa_codegen.nano","line":1881,"elapsed_seconds":0.000000,"failures":0}
{"event":"shadow-complete","name":"nisa_emit_match","source":"/home/runner/work/nanolang/nanolang/src_nano/compiler/nanoisa_codegen.nano","line":1881,"elapsed_seconds":1.140734,"failures":0}
{"event":"shadow-start","name":"nisa_field_shape_supported_seen","source":"/home/runner/work/nanolang/nanolang/src_nano/compiler/nanoisa_codegen.nano","line":1909,"elapsed_seconds":0.000000,"failures":0}
{"event":"shadow-complete","name":"nisa_field_shape_supported_seen","source":"/home/runner/work/nanolang/nanolang/src_nano/compiler/nanoisa_codegen.nano","line":1909,"elapsed_seconds":0.266741,"failures":0}
{"event":"shadow-start","name":"nisa_field_shape_supported","source":"/home/runner/work/nanolang/nanolang/src_nano/compiler/nanoisa_codegen.nano","line":1920,"elapsed_seconds":0.000000,"failures":0}
{"event":"shadow-complete","name":"nisa_field_shape_supported","source":"/home/runner/work/nanolang/nanolang/src_nano/compiler/nanoisa_codegen.nano","line":1920,"elapsed_seconds":0.106883,"failures":0}
{"event":"shadow-start","name":"nisa_record_shape_supported_seen","source":"/home/runner/work/nanolang/nanolang/src_nano/compiler/nanoisa_codegen.nano","line":1955,"elapsed_seconds":0.000000,"failures":0}
{"event":"shadow-complete","name":"nisa_record_shape_supported_seen","source":"/home/runner/work/nanolang/nanolang/src_nano/compiler/nanoisa_codegen.nano","line":1955,"elapsed_seconds":0.269724,"failures":0}
{"event":"shadow-start","name":"nisa_record_shape_supported","source":"/home/runner/work/nanolang/nanolang/src_nano/compiler/nanoisa_codegen.nano","line":1966,"elapsed_seconds":0.000000,"failures":0}
{"event":"shadow-complete","name":"nisa_record_shape_supported","source":"/home/runner/work/nanolang/nanolang/src_nano/compiler/nanoisa_codegen.nano","line":1966,"elapsed_seconds":0.383419,"failures":0}
{"event":"shadow-start","name":"nisa_is_pin_record","source":"/home/runner/work/nanolang/nanolang/src_nano/compiler/nanoisa_codegen.nano","line":1979,"elapsed_seconds":0.000000,"failures":0}
{"event":"shadow-complete","name":"nisa_is_pin_record","source":"/home/runner/work/nanolang/nanolang/src_nano/compiler/nanoisa_codegen.nano","line":1979,"elapsed_seconds":0.803550,"failures":0}
{"event":"shadow-start","name":"nisa_tuple_type_ok","source":"/home/runner/work/nanolang/nanolang/src_nano/compiler/nanoisa_codegen.nano","line":2013,"elapsed_seconds":0.000000,"failures":0}
{"event":"shadow-complete","name":"nisa_tuple_type_ok","source":"/home/runner/work/nanolang/nanolang/src_nano/compiler/nanoisa_codegen.nano","line":2013,"elapsed_seconds":0.079080,"failures":0}
{"event":"shadow-start","name":"nisa_function_type_ok_seen","source":"/home/runner/work/nanolang/nanolang/src_nano/compiler/nanoisa_codegen.nano","line":2045,"elapsed_seconds":0.000000,"failures":0}
{"event":"shadow-complete","name":"nisa_function_type_ok_seen","source":"/home/runner/work/nanolang/nanolang/src_nano/compiler/nanoisa_codegen.nano","line":2045,"elapsed_seconds":0.264643,"failures":0}
{"event":"shadow-start","name":"nisa_function_type_ok","source":"/home/runner/work/nanolang/nanolang/src_nano/compiler/nanoisa_codegen.nano","line":2056,"elapsed_seconds":0.000000,"failures":0}
{"event":"shadow-complete","name":"nisa_function_type_ok","source":"/home/runner/work/nanolang/nanolang/src_nano/compiler/nanoisa_codegen.nano","line":2056,"elapsed_seconds":0.022427,"failures":0}
{"event":"shadow-start","name":"nisa_function_type","source":"/home/runner/work/nanolang/nanolang/src_nano/compiler/nanoisa_codegen.nano","line":2074,"elapsed_seconds":0.000000,"failures":0}
{"event":"shadow-complete","name":"nisa_function_type","source":"/home/runner/work/nanolang/nanolang/src_nano/compiler/nanoisa_codegen.nano","line":2074,"elapsed_seconds":0.443352,"failures":0}
{"event":"shadow-start","name":"nisa_type_ok_seen","source":"/home/runner/work/nanolang/nanolang/src_nano/compiler/nanoisa_codegen.nano","line":2105,"elapsed_seconds":0.000000,"failures":0}
{"event":"shadow-complete","name":"nisa_type_ok_seen","source":"/home/runner/work/nanolang/nanolang/src_nano/compiler/nanoisa_codegen.nano","line":2105,"elapsed_seconds":0.285441,"failures":0}
{"event":"shadow-start","name":"nisa_type_ok","source":"/home/runner/work/nanolang/nanolang/src_nano/compiler/nanoisa_codegen.nano","line":2118,"elapsed_seconds":0.000000,"failures":0}
{"event":"shadow-complete","name":"nisa_type_ok","source":"/home/runner/work/nanolang/nanolang/src_nano/compiler/nanoisa_codegen.nano","line":2118,"elapsed_seconds":0.683539,"failures":0}
{"event":"shadow-start","name":"nisa_fresh","source":"/home/runner/work/nanolang/nanolang/src_nano/compiler/nanoisa_codegen.nano","line":2144,"elapsed_seconds":0.000000,"failures":0}
{"event":"shadow-complete","name":"nisa_fresh","source":"/home/runner/work/nanolang/nanolang/src_nano/compiler/nanoisa_codegen.nano","line":2144,"elapsed_seconds":0.000593,"failures":0}
{"event":"shadow-start","name":"nisa_label_line","source":"/home/runner/work/nanolang/nanolang/src_nano/compiler/nanoisa_codegen.nano","line":2155,"elapsed_seconds":0.000000,"failures":0}
{"event":"shadow-complete","name":"nisa_label_line","source":"/home/runner/work/nanolang/nanolang/src_nano/compiler/nanoisa_codegen.nano","line":2155,"elapsed_seconds":0.000099,"failures":0}
{"event":"shadow-start","name":"nisa_fn_index","source":"/home/runner/work/nanolang/nanolang/src_nano/compiler/nanoisa_codegen.nano","line":2174,"elapsed_seconds":0.000000,"failures":0}
{"event":"shadow-complete","name":"nisa_fn_index","source":"/home/runner/work/nanolang/nanolang/src_nano/compiler/nanoisa_codegen.nano","line":2174,"elapsed_seconds":0.727161,"failures":0}
{"event":"shadow-start","name":"nisa_require_function","source":"/home/runner/work/nanolang/nanolang/src_nano/compiler/nanoisa_codegen.nano","line":2194,"elapsed_seconds":0.000000,"failures":0}
{"event":"shadow-complete","name":"nisa_require_function","source":"/home/runner/work/nanolang/nanolang/src_nano/compiler/nanoisa_codegen.nano","line":2194,"elapsed_seconds":0.001114,"failures":0}
{"event":"shadow-start","name":"nisa_is_global_let","source":"/home/runner/work/nanolang/nanolang/src_nano/compiler/nanoisa_codegen.nano","line":2244,"elapsed_seconds":0.000000,"failures":0}
{"event":"shadow-complete","name":"nisa_is_global_let","source":"/home/runner/work/nanolang/nanolang/src_nano/compiler/nanoisa_codegen.nano","line":2244,"elapsed_seconds":0.769927,"failures":0}
{"event":"shadow-start","name":"nisa_global_let_flags","source":"/home/runner/work/nanolang/nanolang/src_nano/compiler/nanoisa_codegen.nano","line":2267,"elapsed_seconds":0.000000,"failures":0}
{"event":"shadow-complete","name":"nisa_global_let_flags","source":"/home/runner/work/nanolang/nanolang/src_nano/compiler/nanoisa_codegen.nano","line":2267,"elapsed_seconds":1.260118,"failures":0}
{"event":"shadow-start","name":"nisa_global_find","source":"/home/runner/work/nanolang/nanolang/src_nano/compiler/nanoisa_codegen.nano","line":2297,"elapsed_seconds":0.000000,"failures":0}
{"event":"shadow-complete","name":"nisa_global_find","source":"/home/runner/work/nanolang/nanolang/src_nano/compiler/nanoisa_codegen.nano","line":2297,"elapsed_seconds":0.002977,"failures":0}
{"event":"shadow-start","name":"nisa_emit_globals","source":"/home/runner/work/nanolang/nanolang/src_nano/compiler/nanoisa_codegen.nano","line":2353,"elapsed_seconds":0.000000,"failures":0}
{"event":"shadow-complete","name":"nisa_emit_globals","source":"/home/runner/work/nanolang/nanolang/src_nano/compiler/nanoisa_codegen.nano","line":2353,"elapsed_seconds":1.074180,"failures":0}
{"event":"shadow-start","name":"nisa_map_opcode","source":"/home/runner/work/nanolang/nanolang/src_nano/compiler/nanoisa_codegen.nano","line":2384,"elapsed_seconds":0.000000,"failures":0}
{"event":"shadow-complete","name":"nisa_map_opcode","source":"/home/runner/work/nanolang/nanolang/src_nano/compiler/nanoisa_codegen.nano","line":2384,"elapsed_seconds":0.000216,"failures":0}
{"event":"shadow-start","name":"nisa_map_result","source":"/home/runner/work/nanolang/nanolang/src_nano/compiler/nanoisa_codegen.nano","line":2398,"elapsed_seconds":0.000000,"failures":0}
{"event":"shadow-complete","name":"nisa_map_result","source":"/home/runner/work/nanolang/nanolang/src_nano/compiler/nanoisa_codegen.nano","line":2398,"elapsed_seconds":0.000670,"failures":0}
{"event":"shadow-start","name":"nisa_emit_map_call","source":"/home/runner/work/nanolang/nanolang/src_nano/compiler/nanoisa_codegen.nano","line":2432,"elapsed_seconds":0.000000,"failures":0}
{"event":"shadow-complete","name":"nisa_emit_map_call","source":"/home/runner/work/nanolang/nanolang/src_nano/compiler/nanoisa_codegen.nano","line":2432,"elapsed_seconds":0.302528,"failures":0}
{"event":"shadow-start","name":"nisa_host_result","source":"/home/runner/work/nanolang/nanolang/src_nano/compiler/nanoisa_codegen.nano","line":2464,"elapsed_seconds":0.000000,"failures":0}
{"event":"shadow-complete","name":"nisa_host_result","source":"/home/runner/work/nanolang/nanolang/src_nano/compiler/nanoisa_codegen.nano","line":2464,"elapsed_seconds":0.003122,"failures":0}
{"event":"shadow-start","name":"nisa_host_arity","source":"/home/runner/work/nanolang/nanolang/src_nano/compiler/nanoisa_codegen.nano","line":2485,"elapsed_seconds":0.000000,"failures":0}
{"event":"shadow-complete","name":"nisa_host_arity","source":"/home/runner/work/nanolang/nanolang/src_nano/compiler/nanoisa_codegen.nano","line":2485,"elapsed_seconds":0.002296,"failures":0}
{"event":"shadow-start","name":"nisa_host_parameter","source":"/home/runner/work/nanolang/nanolang/src_nano/compiler/nanoisa_codegen.nano","line":2500,"elapsed_seconds":0.000000,"failures":0}
{"event":"shadow-complete","name":"nisa_host_parameter","source":"/home/runner/work/nanolang/nanolang/src_nano/compiler/nanoisa_codegen.nano","line":2500,"elapsed_seconds":0.002065,"failures":0}
{"event":"shadow-start","name":"nisa_builtin_host_symbol","source":"/home/runner/work/nanolang/nanolang/src_nano/compiler/nanoisa_codegen.nano","line":2519,"elapsed_seconds":0.000000,"failures":0}
{"event":"shadow-complete","name":"nisa_builtin_host_symbol","source":"/home/runner/work/nanolang/nanolang/src_nano/compiler/nanoisa_codegen.nano","line":2519,"elapsed_seconds":0.001175,"failures":0}
{"event":"shadow-start","name":"nisa_call_host_symbol","source":"/home/runner/work/nanolang/nanolang/src_nano/compiler/nanoisa_codegen.nano","line":2540,"elapsed_seconds":0.000000,"failures":0}
{"event":"shadow-complete","name":"nisa_call_host_symbol","source":"/home/runner/work/nanolang/nanolang/src_nano/compiler/nanoisa_codegen.nano","line":2540,"elapsed_seconds":0.324878,"failures":0}
{"event":"shadow-start","name":"nisa_import_find","source":"/home/runner/work/nanolang/nanolang/src_nano/compiler/nanoisa_codegen.nano","line":2559,"elapsed_seconds":0.000000,"failures":0}
{"event":"shadow-complete","name":"nisa_import_find","source":"/home/runner/work/nanolang/nanolang/src_nano/compiler/nanoisa_codegen.nano","line":2559,"elapsed_seconds":0.000634,"failures":0}
{"event":"shadow-start","name":"nisa_import_add","source":"/home/runner/work/nanolang/nanolang/src_nano/compiler/nanoisa_codegen.nano","line":2584,"elapsed_seconds":0.000000,"failures":0}
{"event":"shadow-complete","name":"nisa_import_add","source":"/home/runner/work/nanolang/nanolang/src_nano/compiler/nanoisa_codegen.nano","line":2584,"elapsed_seconds":0.001743,"failures":0}
{"event":"shadow-start","name":"nisa_json_signature","source":"/home/runner/work/nanolang/nanolang/src_nano/compiler/nanoisa_codegen.nano","line":2608,"elapsed_seconds":0.000000,"failures":0}
{"event":"shadow-complete","name":"nisa_json_signature","source":"/home/runner/work/nanolang/nanolang/src_nano/compiler/nanoisa_codegen.nano","line":2608,"elapsed_seconds":0.000465,"failures":0}
{"event":"shadow-start","name":"nisa_sqlite_signature","source":"/home/runner/work/nanolang/nanolang/src_nano/compiler/nanoisa_codegen.nano","line":2644,"elapsed_seconds":0.000000,"failures":0}
{"event":"shadow-complete","name":"nisa_sqlite_signature","source":"/home/runner/work/nanolang/nanolang/src_nano/compiler/nanoisa_codegen.nano","line":2644,"elapsed_seconds":0.000411,"failures":0}
{"event":"shadow-start","name":"nisa_typed_artifact_signature","source":"/home/runner/work/nanolang/nanolang/src_nano/compiler/nanoisa_codegen.nano","line":2656,"elapsed_seconds":0.000000,"failures":0}
{"event":"shadow-complete","name":"nisa_typed_artifact_signature","source":"/home/runner/work/nanolang/nanolang/src_nano/compiler/nanoisa_codegen.nano","line":2656,"elapsed_seconds":0.000725,"failures":0}
{"event":"shadow-start","name":"nisa_artifact_parameter","source":"/home/runner/work/nanolang/nanolang/src_nano/compiler/nanoisa_codegen.nano","line":2670,"elapsed_seconds":0.000000,"failures":0}
{"event":"shadow-complete","name":"nisa_artifact_parameter","source":"/home/runner/work/nanolang/nanolang/src_nano/compiler/nanoisa_codegen.nano","line":2670,"elapsed_seconds":0.001017,"failures":0}
{"event":"shadow-start","name":"nisa_artifact_arity","source":"/home/runner/work/nanolang/nanolang/src_nano/compiler/nanoisa_codegen.nano","line":2694,"elapsed_seconds":0.000000,"failures":0}
{"event":"shadow-complete","name":"nisa_artifact_arity","source":"/home/runner/work/nanolang/nanolang/src_nano/compiler/nanoisa_codegen.nano","line":2694,"elapsed_seconds":0.007669,"failures":0}
{"event":"shadow-start","name":"nisa_artifact_result","source":"/home/runner/work/nanolang/nanolang/src_nano/compiler/nanoisa_codegen.nano","line":2731,"elapsed_seconds":0.000000,"failures":0}
{"event":"shadow-complete","name":"nisa_artifact_result","source":"/home/runner/work/nanolang/nanolang/src_nano/compiler/nanoisa_codegen.nano","line":2731,"elapsed_seconds":0.008488,"failures":0}
{"event":"shadow-start","name":"nisa_artifact_path","source":"/home/runner/work/nanolang/nanolang/src_nano/compiler/nanoisa_codegen.nano","line":2768,"elapsed_seconds":0.000000,"failures":0}
{"event":"shadow-complete","name":"nisa_artifact_path","source":"/home/runner/work/nanolang/nanolang/src_nano/compiler/nanoisa_codegen.nano","line":2768,"elapsed_seconds":0.000854,"failures":0}
{"event":"shadow-start","name":"nisa_register_artifact","source":"/home/runner/work/nanolang/nanolang/src_nano/compiler/nanoisa_codegen.nano","line":2816,"elapsed_seconds":0.000000,"failures":0}
{"event":"shadow-complete","name":"nisa_register_artifact","source":"/home/runner/work/nanolang/nanolang/src_nano/compiler/nanoisa_codegen.nano","line":2816,"elapsed_seconds":0.798512,"failures":0}
{"event":"shadow-start","name":"nisa_module_result","source":"/home/runner/work/nanolang/nanolang/src_nano/compiler/nanoisa_codegen.nano","line":2856,"elapsed_seconds":0.000000,"failures":0}
{"event":"shadow-complete","name":"nisa_module_result","source":"/home/runner/work/nanolang/nanolang/src_nano/compiler/nanoisa_codegen.nano","line":2856,"elapsed_seconds":0.000334,"failures":0}
{"event":"shadow-start","name":"nisa_module_declarations_valid","source":"/home/runner/work/nanolang/nanolang/src_nano/compiler/nanoisa_codegen.nano","line":2884,"elapsed_seconds":0.000000,"failures":0}
{"event":"shadow-complete","name":"nisa_module_declarations_valid","source":"/home/runner/work/nanolang/nanolang/src_nano/compiler/nanoisa_codegen.nano","line":2884,"elapsed_seconds":0.885099,"failures":0}
{"event":"shadow-start","name":"nisa_register_extern","source":"/home/runner/work/nanolang/nanolang/src_nano/compiler/nanoisa_codegen.nano","line":2929,"elapsed_seconds":0.000000,"failures":0}
{"event":"shadow-complete","name":"nisa_register_extern","source":"/home/runner/work/nanolang/nanolang/src_nano/compiler/nanoisa_codegen.nano","line":2929,"elapsed_seconds":0.150716,"failures":0}
{"event":"shadow-start","name":"nisa_emit_host_call","source":"/home/runner/work/nanolang/nanolang/src_nano/compiler/nanoisa_codegen.nano","line":2953,"elapsed_seconds":0.000000,"failures":0}
{"event":"shadow-complete","name":"nisa_emit_host_call","source":"/home/runner/work/nanolang/nanolang/src_nano/compiler/nanoisa_codegen.nano","line":2953,"elapsed_seconds":0.285944,"failures":0}
{"event":"shadow-start","name":"nisa_get_call","source":"/home/runner/work/nanolang/nanolang/src_nano/compiler/nanoisa_codegen.nano","line":2976,"elapsed_seconds":0.000000,"failures":0}
{"event":"shadow-complete","name":"nisa_get_call","source":"/home/runner/work/nanolang/nanolang/src_nano/compiler/nanoisa_codegen.nano","line":2976,"elapsed_seconds":0.305094,"failures":0}
{"event":"shadow-start","name":"nisa_qualified_callable_global","source":"/home/runner/work/nanolang/nanolang/src_nano/compiler/nanoisa_codegen.nano","line":2998,"elapsed_seconds":0.000000,"failures":0}
{"event":"shadow-complete","name":"nisa_qualified_callable_global","source":"/home/runner/work/nanolang/nanolang/src_nano/compiler/nanoisa_codegen.nano","line":2998,"elapsed_seconds":0.309687,"failures":0}
{"event":"shadow-start","name":"nisa_callee_type","source":"/home/runner/work/nanolang/nanolang/src_nano/compiler/nanoisa_codegen.nano","line":3019,"elapsed_seconds":0.000000,"failures":0}
{"event":"shadow-complete","name":"nisa_callee_type","source":"/home/runner/work/nanolang/nanolang/src_nano/compiler/nanoisa_codegen.nano","line":3019,"elapsed_seconds":0.308944,"failures":0}
{"event":"shadow-start","name":"nisa_indirect_call","source":"/home/runner/work/nanolang/nanolang/src_nano/compiler/nanoisa_codegen.nano","line":3040,"elapsed_seconds":0.000000,"failures":0}
{"event":"shadow-complete","name":"nisa_indirect_call","source":"/home/runner/work/nanolang/nanolang/src_nano/compiler/nanoisa_codegen.nano","line":3040,"elapsed_seconds":0.275615,"failures":0}
{"event":"shadow-start","name":"nisa_identifier_function","source":"/home/runner/work/nanolang/nanolang/src_nano/compiler/nanoisa_codegen.nano","line":3062,"elapsed_seconds":0.000000,"failures":0}
{"event":"shadow-complete","name":"nisa_identifier_function","source":"/home/runner/work/nanolang/nanolang/src_nano/compiler/nanoisa_codegen.nano","line":3062,"elapsed_seconds":0.390760,"failures":0}
{"event":"shadow-start","name":"nisa_call_index","source":"/home/runner/work/nanolang/nanolang/src_nano/compiler/nanoisa_codegen.nano","line":3107,"elapsed_seconds":0.000000,"failures":0}
{"event":"shadow-complete","name":"nisa_call_index","source":"/home/runner/work/nanolang/nanolang/src_nano/compiler/nanoisa_codegen.nano","line":3107,"elapsed_seconds":0.585706,"failures":0}
{"event":"shadow-start","name":"nisa_call_name","source":"/home/runner/work/nanolang/nanolang/src_nano/compiler/nanoisa_codegen.nano","line":3118,"elapsed_seconds":0.000000,"failures":0}
{"event":"shadow-complete","name":"nisa_call_name","source":"/home/runner/work/nanolang/nanolang/src_nano/compiler/nanoisa_codegen.nano","line":3118,"elapsed_seconds":0.245547,"failures":0}
{"event":"shadow-start","name":"nisa_declared_push","source":"/home/runner/work/nanolang/nanolang/src_nano/compiler/nanoisa_codegen.nano","line":3141,"elapsed_seconds":0.000000,"failures":0}
{"event":"shadow-complete","name":"nisa_declared_push","source":"/home/runner/work/nanolang/nanolang/src_nano/compiler/nanoisa_codegen.nano","line":3141,"elapsed_seconds":2.446493,"failures":0}
{"event":"shadow-start","name":"nisa_element_type","source":"/home/runner/work/nanolang/nanolang/src_nano/compiler/nanoisa_codegen.nano","line":3192,"elapsed_seconds":0.000000,"failures":0}
{"event":"shadow-complete","name":"nisa_element_type","source":"/home/runner/work/nanolang/nanolang/src_nano/compiler/nanoisa_codegen.nano","line":3192,"elapsed_seconds":0.109153,"failures":0}
{"event":"shadow-start","name":"nisa_access_result","source":"/home/runner/work/nanolang/nanolang/src_nano/compiler/nanoisa_codegen.nano","line":3224,"elapsed_seconds":0.000000,"failures":0}
{"event":"shadow-complete","name":"nisa_access_result","source":"/home/runner/work/nanolang/nanolang/src_nano/compiler/nanoisa_codegen.nano","line":3224,"elapsed_seconds":0.418871,"failures":0}
{"event":"shadow-start","name":"nisa_push_container_type","source":"/home/runner/work/nanolang/nanolang/src_nano/compiler/nanoisa_codegen.nano","line":3250,"elapsed_seconds":0.000000,"failures":0}
{"event":"shadow-complete","name":"nisa_push_container_type","source":"/home/runner/work/nanolang/nanolang/src_nano/compiler/nanoisa_codegen.nano","line":3250,"elapsed_seconds":0.476559,"failures":0}
{"event":"shadow-start","name":"nisa_expr_type","source":"/home/runner/work/nanolang/nanolang/src_nano/compiler/nanoisa_codegen.nano","line":3464,"elapsed_seconds":0.000000,"failures":0}
{"event":"shadow-complete","name":"nisa_expr_type","source":"/home/runner/work/nanolang/nanolang/src_nano/compiler/nanoisa_codegen.nano","line":3464,"elapsed_seconds":3.484700,"failures":0}
{"event":"shadow-start","name":"nisa_expr_is_string","source":"/home/runner/work/nanolang/nanolang/src_nano/compiler/nanoisa_codegen.nano","line":3519,"elapsed_seconds":0.000000,"failures":0}
{"event":"shadow-complete","name":"nisa_expr_is_string","source":"/home/runner/work/nanolang/nanolang/src_nano/compiler/nanoisa_codegen.nano","line":3519,"elapsed_seconds":0.448135,"failures":0}
{"event":"shadow-start","name":"nisa_is_map_constructor","source":"/home/runner/work/nanolang/nanolang/src_nano/compiler/nanoisa_codegen.nano","line":3539,"elapsed_seconds":0.000000,"failures":0}
{"event":"shadow-complete","name":"nisa_is_map_constructor","source":"/home/runner/work/nanolang/nanolang/src_nano/compiler/nanoisa_codegen.nano","line":3539,"elapsed_seconds":0.311588,"failures":0}
{"event":"shadow-start","name":"nisa_emit_tuple_literal","source":"/home/runner/work/nanolang/nanolang/src_nano/compiler/nanoisa_codegen.nano","line":3580,"elapsed_seconds":0.000000,"failures":0}
{"event":"shadow-complete","name":"nisa_emit_tuple_literal","source":"/home/runner/work/nanolang/nanolang/src_nano/compiler/nanoisa_codegen.nano","line":3580,"elapsed_seconds":0.428249,"failures":0}
{"event":"shadow-start","name":"nisa_array_value_matches","source":"/home/runner/work/nanolang/nanolang/src_nano/compiler/nanoisa_codegen.nano","line":3602,"elapsed_seconds":0.000000,"failures":0}
{"event":"shadow-complete","name":"nisa_array_value_matches","source":"/home/runner/work/nanolang/nanolang/src_nano/compiler/nanoisa_codegen.nano","line":3602,"elapsed_seconds":0.007321,"failures":0}
{"event":"shadow-start","name":"nisa_emit_expected_expr","source":"/home/runner/work/nanolang/nanolang/src_nano/compiler/nanoisa_codegen.nano","line":3708,"elapsed_seconds":0.000000,"failures":0}
{"event":"shadow-complete","name":"nisa_emit_expected_expr","source":"/home/runner/work/nanolang/nanolang/src_nano/compiler/nanoisa_codegen.nano","line":3708,"elapsed_seconds":0.807333,"failures":0}
{"event":"shadow-start","name":"nisa_emit_call_args","source":"/home/runner/work/nanolang/nanolang/src_nano/compiler/nanoisa_codegen.nano","line":3756,"elapsed_seconds":0.000000,"failures":0}
{"event":"shadow-complete","name":"nisa_emit_call_args","source":"/home/runner/work/nanolang/nanolang/src_nano/compiler/nanoisa_codegen.nano","line":3756,"elapsed_seconds":0.000092,"failures":0}
{"event":"shadow-start","name":"nisa_emit_array_literal","source":"/home/runner/work/nanolang/nanolang/src_nano/compiler/nanoisa_codegen.nano","line":3768,"elapsed_seconds":0.000000,"failures":0}
{"event":"shadow-complete","name":"nisa_emit_array_literal","source":"/home/runner/work/nanolang/nanolang/src_nano/compiler/nanoisa_codegen.nano","line":3768,"elapsed_seconds":1.350612,"failures":0}
{"event":"shadow-start","name":"nisa_emit_struct_literal","source":"/home/runner/work/nanolang/nanolang/src_nano/compiler/nanoisa_codegen.nano","line":3836,"elapsed_seconds":0.000000,"failures":0}
{"event":"shadow-complete","name":"nisa_emit_struct_literal","source":"/home/runner/work/nanolang/nanolang/src_nano/compiler/nanoisa_codegen.nano","line":3836,"elapsed_seconds":1.525889,"failures":0}
{"event":"shadow-start","name":"nisa_qualified_global","source":"/home/runner/work/nanolang/nanolang/src_nano/compiler/nanoisa_codegen.nano","line":3870,"elapsed_seconds":0.000000,"failures":0}
{"event":"shadow-complete","name":"nisa_qualified_global","source":"/home/runner/work/nanolang/nanolang/src_nano/compiler/nanoisa_codegen.nano","line":3870,"elapsed_seconds":0.219770,"failures":0}
{"event":"shadow-start","name":"nisa_emit_field_access","source":"/home/runner/work/nanolang/nanolang/src_nano/compiler/nanoisa_codegen.nano","line":3921,"elapsed_seconds":0.000000,"failures":0}
{"event":"shadow-complete","name":"nisa_emit_field_access","source":"/home/runner/work/nanolang/nanolang/src_nano/compiler/nanoisa_codegen.nano","line":3921,"elapsed_seconds":1.496992,"failures":0}
{"event":"shadow-start","name":"nisa_temp_local","source":"/home/runner/work/nanolang/nanolang/src_nano/compiler/nanoisa_codegen.nano","line":3959,"elapsed_seconds":0.000000,"failures":0}
{"event":"shadow-complete","name":"nisa_temp_local","source":"/home/runner/work/nanolang/nanolang/src_nano/compiler/nanoisa_codegen.nano","line":3959,"elapsed_seconds":0.000814,"failures":0}
{"event":"shadow-start","name":"nisa_increment_local","source":"/home/runner/work/nanolang/nanolang/src_nano/compiler/nanoisa_codegen.nano","line":3974,"elapsed_seconds":0.000000,"failures":0}
{"event":"shadow-complete","name":"nisa_increment_local","source":"/home/runner/work/nanolang/nanolang/src_nano/compiler/nanoisa_codegen.nano","line":3974,"elapsed_seconds":0.000485,"failures":0}
{"event":"shadow-start","name":"nisa_emit_range","source":"/home/runner/work/nanolang/nanolang/src_nano/compiler/nanoisa_codegen.nano","line":4016,"elapsed_seconds":0.000000,"failures":0}
{"event":"shadow-complete","name":"nisa_emit_range","source":"/home/runner/work/nanolang/nanolang/src_nano/compiler/nanoisa_codegen.nano","line":4016,"elapsed_seconds":1.160817,"failures":0}
{"event":"shadow-start","name":"nisa_emit_array_slice","source":"/home/runner/work/nanolang/nanolang/src_nano/compiler/nanoisa_codegen.nano","line":4083,"elapsed_seconds":0.000000,"failures":0}
{"event":"shadow-complete","name":"nisa_emit_array_slice","source":"/home/runner/work/nanolang/nanolang/src_nano/compiler/nanoisa_codegen.nano","line":4083,"elapsed_seconds":1.904913,"failures":0}
{"event":"shadow-start","name":"nisa_emit_filled_array","source":"/home/runner/work/nanolang/nanolang/src_nano/compiler/nanoisa_codegen.nano","line":4143,"elapsed_seconds":0.000000,"failures":0}
{"event":"shadow-complete","name":"nisa_emit_filled_array","source":"/home/runner/work/nanolang/nanolang/src_nano/compiler/nanoisa_codegen.nano","line":4143,"elapsed_seconds":1.276481,"failures":0}
{"event":"shadow-start","name":"nisa_emit_list_removal","source":"/home/runner/work/nanolang/nanolang/src_nano/compiler/nanoisa_codegen.nano","line":4207,"elapsed_seconds":0.000000,"failures":0}
{"event":"shadow-complete","name":"nisa_emit_list_removal","source":"/home/runner/work/nanolang/nanolang/src_nano/compiler/nanoisa_codegen.nano","line":4207,"elapsed_seconds":1.510414,"failures":0}
{"event":"shadow-start","name":"nisa_emit_list_insert","source":"/home/runner/work/nanolang/nanolang/src_nano/compiler/nanoisa_codegen.nano","line":4281,"elapsed_seconds":0.000000,"failures":0}
{"event":"shadow-complete","name":"nisa_emit_list_insert","source":"/home/runner/work/nanolang/nanolang/src_nano/compiler/nanoisa_codegen.nano","line":4281,"elapsed_seconds":1.580869,"failures":0}
{"event":"shadow-start","name":"nisa_emit_push_call","source":"/home/runner/work/nanolang/nanolang/src_nano/compiler/nanoisa_codegen.nano","line":4307,"elapsed_seconds":0.000000,"failures":0}
{"event":"shadow-complete","name":"nisa_emit_push_call","source":"/home/runner/work/nanolang/nanolang/src_nano/compiler/nanoisa_codegen.nano","line":4307,"elapsed_seconds":0.388827,"failures":0}
{"event":"shadow-start","name":"nisa_emit_set_call","source":"/home/runner/work/nanolang/nanolang/src_nano/compiler/nanoisa_codegen.nano","line":4339,"elapsed_seconds":0.000000,"failures":0}
{"event":"shadow-complete","name":"nisa_emit_set_call","source":"/home/runner/work/nanolang/nanolang/src_nano/compiler/nanoisa_codegen.nano","line":4339,"elapsed_seconds":0.425526,"failures":0}
{"event":"shadow-start","name":"nisa_functional_name","source":"/home/runner/work/nanolang/nanolang/src_nano/compiler/nanoisa_codegen.nano","line":4354,"elapsed_seconds":0.000000,"failures":0}
{"event":"shadow-complete","name":"nisa_functional_name","source":"/home/runner/work/nanolang/nanolang/src_nano/compiler/nanoisa_codegen.nano","line":4354,"elapsed_seconds":0.000210,"failures":0}
{"event":"shadow-start","name":"nisa_functional_index","source":"/home/runner/work/nanolang/nanolang/src_nano/compiler/nanoisa_codegen.nano","line":4416,"elapsed_seconds":0.000000,"failures":0}
{"event":"shadow-complete","name":"nisa_functional_index","source":"/home/runner/work/nanolang/nanolang/src_nano/compiler/nanoisa_codegen.nano","line":4416,"elapsed_seconds":0.731123,"failures":0}
{"event":"shadow-start","name":"nisa_functional_result","source":"/home/runner/work/nanolang/nanolang/src_nano/compiler/nanoisa_codegen.nano","line":4434,"elapsed_seconds":0.000000,"failures":0}
{"event":"shadow-complete","name":"nisa_functional_result","source":"/home/runner/work/nanolang/nanolang/src_nano/compiler/nanoisa_codegen.nano","line":4434,"elapsed_seconds":0.588374,"failures":0}
{"event":"shadow-start","name":"nisa_emit_abs","source":"/home/runner/work/nanolang/nanolang/src_nano/compiler/nanoisa_codegen.nano","line":4463,"elapsed_seconds":0.000000,"failures":0}
{"event":"shadow-complete","name":"nisa_emit_abs","source":"/home/runner/work/nanolang/nanolang/src_nano/compiler/nanoisa_codegen.nano","line":4463,"elapsed_seconds":0.681221,"failures":0}
{"event":"shadow-start","name":"nisa_emit_functional_array","source":"/home/runner/work/nanolang/nanolang/src_nano/compiler/nanoisa_codegen.nano","line":4543,"elapsed_seconds":0.000000,"failures":0}
{"event":"shadow-complete","name":"nisa_emit_functional_array","source":"/home/runner/work/nanolang/nanolang/src_nano/compiler/nanoisa_codegen.nano","line":4543,"elapsed_seconds":1.800550,"failures":0}
{"event":"shadow-start","name":"nisa_emit_indirect_call","source":"/home/runner/work/nanolang/nanolang/src_nano/compiler/nanoisa_codegen.nano","line":4590,"elapsed_seconds":0.000000,"failures":0}
{"event":"shadow-complete","name":"nisa_emit_indirect_call","source":"/home/runner/work/nanolang/nanolang/src_nano/compiler/nanoisa_codegen.nano","line":4590,"elapsed_seconds":1.778522,"failures":0}
{"event":"shadow-start","name":"nisa_callable_publication","source":"/home/runner/work/nanolang/nanolang/src_nano/compiler/nanoisa_codegen.nano","line":4604,"elapsed_seconds":0.000000,"failures":0}
{"event":"shadow-complete","name":"nisa_callable_publication","source":"/home/runner/work/nanolang/nanolang/src_nano/compiler/nanoisa_codegen.nano","line":4604,"elapsed_seconds":0.000565,"failures":0}
{"event":"shadow-start","name":"nisa_emit_list_free","source":"/home/runner/work/nanolang/nanolang/src_nano/compiler/nanoisa_codegen.nano","line":4634,"elapsed_seconds":0.000000,"failures":0}
{"event":"shadow-complete","name":"nisa_emit_list_free","source":"/home/runner/work/nanolang/nanolang/src_nano/compiler/nanoisa_codegen.nano","line":4634,"elapsed_seconds":1.243533,"failures":0}
{"event":"shadow-start","name":"nisa_module_names","source":"/home/runner/work/nanolang/nanolang/src_nano/compiler/nanoisa_codegen.nano","line":4661,"elapsed_seconds":0.000000,"failures":0}
{"event":"shadow-complete","name":"nisa_module_names","source":"/home/runner/work/nanolang/nanolang/src_nano/compiler/nanoisa_codegen.nano","line":4661,"elapsed_seconds":0.003065,"failures":0}
{"event":"shadow-start","name":"nisa_module_value","source":"/home/runner/work/nanolang/nanolang/src_nano/compiler/nanoisa_codegen.nano","line":4693,"elapsed_seconds":0.000000,"failures":0}
{"event":"shadow-complete","name":"nisa_module_value","source":"/home/runner/work/nanolang/nanolang/src_nano/compiler/nanoisa_codegen.nano","line":4693,"elapsed_seconds":0.007402,"failures":0}
{"event":"shadow-start","name":"nisa_emit_module_function","source":"/home/runner/work/nanolang/nanolang/src_nano/compiler/nanoisa_codegen.nano","line":4728,"elapsed_seconds":0.000000,"failures":0}
{"event":"shadow-complete","name":"nisa_emit_module_function","source":"/home/runner/work/nanolang/nanolang/src_nano/compiler/nanoisa_codegen.nano","line":4728,"elapsed_seconds":0.156817,"failures":0}
{"event":"shadow-start","name":"nisa_emit_module_fact","source":"/home/runner/work/nanolang/nanolang/src_nano/compiler/nanoisa_codegen.nano","line":4738,"elapsed_seconds":0.000000,"failures":0}
{"event":"shadow-complete","name":"nisa_emit_module_fact","source":"/home/runner/work/nanolang/nanolang/src_nano/compiler/nanoisa_codegen.nano","line":4738,"elapsed_seconds":0.439984,"failures":0}
{"event":"shadow-start","name":"nisa_emit_call","source":"/home/runner/work/nanolang/nanolang/src_nano/compiler/nanoisa_codegen.nano","line":4986,"elapsed_seconds":0.000000,"failures":0}
{"event":"shadow-complete","name":"nisa_emit_call","source":"/home/runner/work/nanolang/nanolang/src_nano/compiler/nanoisa_codegen.nano","line":4986,"elapsed_seconds":3.232827,"failures":0}
{"event":"shadow-start","name":"nisa_float_mnemonic","source":"/home/runner/work/nanolang/nanolang/src_nano/compiler/nanoisa_codegen.nano","line":5037,"elapsed_seconds":0.000000,"failures":0}
{"event":"shadow-complete","name":"nisa_float_mnemonic","source":"/home/runner/work/nanolang/nanolang/src_nano/compiler/nanoisa_codegen.nano","line":5037,"elapsed_seconds":0.003204,"failures":0}
{"event":"shadow-start","name":"nisa_emit_float_binary","source":"/home/runner/work/nanolang/nanolang/src_nano/compiler/nanoisa_codegen.nano","line":5053,"elapsed_seconds":0.000000,"failures":0}
{"event":"shadow-complete","name":"nisa_emit_float_binary","source":"/home/runner/work/nanolang/nanolang/src_nano/compiler/nanoisa_codegen.nano","line":5053,"elapsed_seconds":0.313763,"failures":0}
{"event":"shadow-start","name":"nisa_emit_logical_binary","source":"/home/runner/work/nanolang/nanolang/src_nano/compiler/nanoisa_codegen.nano","line":5078,"elapsed_seconds":0.000000,"failures":0}
{"event":"shadow-complete","name":"nisa_emit_logical_binary","source":"/home/runner/work/nanolang/nanolang/src_nano/compiler/nanoisa_codegen.nano","line":5078,"elapsed_seconds":1.231348,"failures":0}
{"event":"shadow-start","name":"nisa_emit_expr","source":"/home/runner/work/nanolang/nanolang/src_nano/compiler/nanoisa_codegen.nano","line":5321,"elapsed_seconds":0.000000,"failures":0}
{"event":"shadow-complete","name":"nisa_emit_expr","source":"/home/runner/work/nanolang/nanolang/src_nano/compiler/nanoisa_codegen.nano","line":5321,"elapsed_seconds":3.585853,"failures":0}
{"event":"shadow-start","name":"nisa_statements_fall_through","source":"/home/runner/work/nanolang/nanolang/src_nano/compiler/nanoisa_codegen.nano","line":5360,"elapsed_seconds":0.000000,"failures":0}
{"event":"shadow-complete","name":"nisa_statements_fall_through","source":"/home/runner/work/nanolang/nanolang/src_nano/compiler/nanoisa_codegen.nano","line":5360,"elapsed_seconds":0.271513,"failures":0}
{"event":"shadow-start","name":"nisa_block_falls_through","source":"/home/runner/work/nanolang/nanolang/src_nano/compiler/nanoisa_codegen.nano","line":5373,"elapsed_seconds":0.000000,"failures":0}
{"event":"shadow-complete","name":"nisa_block_falls_through","source":"/home/runner/work/nanolang/nanolang/src_nano/compiler/nanoisa_codegen.nano","line":5373,"elapsed_seconds":0.442967,"failures":0}
{"event":"shadow-start","name":"nisa_stmt_terminates","source":"/home/runner/work/nanolang/nanolang/src_nano/compiler/nanoisa_codegen.nano","line":5418,"elapsed_seconds":0.000000,"failures":0}
{"event":"shadow-complete","name":"nisa_stmt_terminates","source":"/home/runner/work/nanolang/nanolang/src_nano/compiler/nanoisa_codegen.nano","line":5418,"elapsed_seconds":0.446887,"failures":0}
{"event":"shadow-start","name":"nisa_emit_if","source":"/home/runner/work/nanolang/nanolang/src_nano/compiler/nanoisa_codegen.nano","line":5455,"elapsed_seconds":0.000000,"failures":0}
{"event":"shadow-complete","name":"nisa_emit_if","source":"/home/runner/work/nanolang/nanolang/src_nano/compiler/nanoisa_codegen.nano","line":5455,"elapsed_seconds":0.860561,"failures":0}
{"event":"shadow-start","name":"nisa_emit_while","source":"/home/runner/work/nanolang/nanolang/src_nano/compiler/nanoisa_codegen.nano","line":5503,"elapsed_seconds":0.000000,"failures":0}
{"event":"shadow-complete","name":"nisa_emit_while","source":"/home/runner/work/nanolang/nanolang/src_nano/compiler/nanoisa_codegen.nano","line":5503,"elapsed_seconds":1.117421,"failures":0}
{"event":"shadow-start","name":"nisa_emit_for","source":"/home/runner/work/nanolang/nanolang/src_nano/compiler/nanoisa_codegen.nano","line":5573,"elapsed_seconds":0.000000,"failures":0}
{"event":"shadow-complete","name":"nisa_emit_for","source":"/home/runner/work/nanolang/nanolang/src_nano/compiler/nanoisa_codegen.nano","line":5573,"elapsed_seconds":0.656640,"failures":0}
{"event":"shadow-start","name":"nisa_emit_assert","source":"/home/runner/work/nanolang/nanolang/src_nano/compiler/nanoisa_codegen.nano","line":5585,"elapsed_seconds":0.000000,"failures":0}
{"event":"shadow-complete","name":"nisa_emit_assert","source":"/home/runner/work/nanolang/nanolang/src_nano/compiler/nanoisa_codegen.nano","line":5585,"elapsed_seconds":0.402485,"failures":0}
{"event":"shadow-start","name":"nisa_call_has_result","source":"/home/runner/work/nanolang/nanolang/src_nano/compiler/nanoisa_codegen.nano","line":5619,"elapsed_seconds":0.000000,"failures":0}
{"event":"shadow-complete","name":"nisa_call_has_result","source":"/home/runner/work/nanolang/nanolang/src_nano/compiler/nanoisa_codegen.nano","line":5619,"elapsed_seconds":0.781529,"failures":0}
{"event":"shadow-start","name":"nisa_par_scalar","source":"/home/runner/work/nanolang/nanolang/src_nano/compiler/nanoisa_codegen.nano","line":5632,"elapsed_seconds":0.000000,"failures":0}
{"event":"shadow-complete","name":"nisa_par_scalar","source":"/home/runner/work/nanolang/nanolang/src_nano/compiler/nanoisa_codegen.nano","line":5632,"elapsed_seconds":0.000180,"failures":0}
{"event":"shadow-start","name":"nisa_passive_expression","source":"/home/runner/work/nanolang/nanolang/src_nano/compiler/nanoisa_codegen.nano","line":5686,"elapsed_seconds":0.000000,"failures":0}
{"event":"shadow-complete","name":"nisa_passive_expression","source":"/home/runner/work/nanolang/nanolang/src_nano/compiler/nanoisa_codegen.nano","line":5686,"elapsed_seconds":0.007275,"failures":0}
{"event":"shadow-start","name":"nisa_par_expression","source":"/home/runner/work/nanolang/nanolang/src_nano/compiler/nanoisa_codegen.nano","line":5697,"elapsed_seconds":0.000000,"failures":0}
{"event":"shadow-complete","name":"nisa_par_expression","source":"/home/runner/work/nanolang/nanolang/src_nano/compiler/nanoisa_codegen.nano","line":5697,"elapsed_seconds":0.007440,"failures":0}
{"event":"shadow-start","name":"nisa_par_reads","source":"/home/runner/work/nanolang/nanolang/src_nano/compiler/nanoisa_codegen.nano","line":5724,"elapsed_seconds":0.000000,"failures":0}
{"event":"shadow-complete","name":"nisa_par_reads","source":"/home/runner/work/nanolang/nanolang/src_nano/compiler/nanoisa_codegen.nano","line":5724,"elapsed_seconds":0.171637,"failures":0}
{"event":"shadow-start","name":"nisa_named_scalar","source":"/home/runner/work/nanolang/nanolang/src_nano/compiler/nanoisa_codegen.nano","line":5734,"elapsed_seconds":0.000000,"failures":0}
{"event":"shadow-complete","name":"nisa_named_scalar","source":"/home/runner/work/nanolang/nanolang/src_nano/compiler/nanoisa_codegen.nano","line":5734,"elapsed_seconds":0.000234,"failures":0}
{"event":"shadow-start","name":"nisa_local_name_begin","source":"/home/runner/work/nanolang/nanolang/src_nano/compiler/nanoisa_codegen.nano","line":5743,"elapsed_seconds":0.000000,"failures":0}
{"event":"shadow-complete","name":"nisa_local_name_begin","source":"/home/runner/work/nanolang/nanolang/src_nano/compiler/nanoisa_codegen.nano","line":5743,"elapsed_seconds":0.000864,"failures":0}
{"event":"shadow-start","name":"nisa_emit_typed_let","source":"/home/runner/work/nanolang/nanolang/src_nano/compiler/nanoisa_codegen.nano","line":5764,"elapsed_seconds":0.000000,"failures":0}
{"event":"shadow-complete","name":"nisa_emit_typed_let","source":"/home/runner/work/nanolang/nanolang/src_nano/compiler/nanoisa_codegen.nano","line":5764,"elapsed_seconds":1.430508,"failures":0}
{"event":"shadow-start","name":"nisa_emit_flow","source":"/home/runner/work/nanolang/nanolang/src_nano/compiler/nanoisa_codegen.nano","line":5854,"elapsed_seconds":0.000000,"failures":0}
{"event":"shadow-complete","name":"nisa_emit_flow","source":"/home/runner/work/nanolang/nanolang/src_nano/compiler/nanoisa_codegen.nano","line":5854,"elapsed_seconds":1.064413,"failures":0}
{"event":"shadow-start","name":"nisa_emit_par","source":"/home/runner/work/nanolang/nanolang/src_nano/compiler/nanoisa_codegen.nano","line":5915,"elapsed_seconds":0.000000,"failures":0}
{"event":"shadow-complete","name":"nisa_emit_par","source":"/home/runner/work/nanolang/nanolang/src_nano/compiler/nanoisa_codegen.nano","line":5915,"elapsed_seconds":1.166192,"failures":0}
{"event":"shadow-start","name":"nisa_emit_stmt","source":"/home/runner/work/nanolang/nanolang/src_nano/compiler/nanoisa_codegen.nano","line":6105,"elapsed_seconds":0.000000,"failures":0}
{"event":"shadow-complete","name":"nisa_emit_stmt","source":"/home/runner/work/nanolang/nanolang/src_nano/compiler/nanoisa_codegen.nano","line":6105,"elapsed_seconds":1.373273,"failures":0}
{"event":"shadow-start","name":"nisa_emit_statements","source":"/home/runner/work/nanolang/nanolang/src_nano/compiler/nanoisa_codegen.nano","line":6162,"elapsed_seconds":0.000000,"failures":0}
{"event":"shadow-complete","name":"nisa_emit_statements","source":"/home/runner/work/nanolang/nanolang/src_nano/compiler/nanoisa_codegen.nano","line":6162,"elapsed_seconds":0.828959,"failures":0}
{"event":"shadow-start","name":"nisa_emit_block","source":"/home/runner/work/nanolang/nanolang/src_nano/compiler/nanoisa_codegen.nano","line":6197,"elapsed_seconds":0.000000,"failures":0}
{"event":"shadow-complete","name":"nisa_emit_block","source":"/home/runner/work/nanolang/nanolang/src_nano/compiler/nanoisa_codegen.nano","line":6197,"elapsed_seconds":0.428984,"failures":0}
{"event":"shadow-start","name":"nisa_result_tag","source":"/home/runner/work/nanolang/nanolang/src_nano/compiler/nanoisa_codegen.nano","line":6234,"elapsed_seconds":0.000000,"failures":0}
{"event":"shadow-complete","name":"nisa_result_tag","source":"/home/runner/work/nanolang/nanolang/src_nano/compiler/nanoisa_codegen.nano","line":6234,"elapsed_seconds":0.582750,"failures":0}
{"event":"shadow-start","name":"nisa_emit_function","source":"/home/runner/work/nanolang/nanolang/src_nano/compiler/nanoisa_codegen.nano","line":6361,"elapsed_seconds":0.000000,"failures":0}
I stopped shadow execution after 300 seconds.
Shadow tests failed
