2026-10-09T12:43:20.7505851Z Current runner version: '2.337.0'
2026-10-09T12:43:20.7535809Z ##[group]Runner Image Provisioner
2026-10-09T12:43:20.7537492Z Hosted Compute Agent
2026-10-09T12:43:20.7538578Z Version: 20261002.596
2026-10-09T12:43:20.7539730Z Commit: c3d12f3313a95f25162a1503be624f3b0617f8c0
2026-10-09T12:43:20.7541062Z Build Date: 2026-10-02T22:28:27Z
2026-10-09T12:43:20.7542129Z Worker ID: {8966cd80-05fe-4dc5-9a8f-85f441b6ea3f}
2026-10-09T12:43:20.7543755Z Region: eastus2
2026-10-09T12:43:20.7544765Z Cloud: Azure
2026-10-09T12:43:20.7545808Z ##[endgroup]
2026-10-09T12:43:20.7548295Z ##[group]Operating System
2026-10-09T12:43:20.7549411Z Ubuntu
2026-10-09T12:43:20.7550511Z 24.04.5
2026-10-09T12:43:20.7551427Z LTS
2026-10-09T12:43:20.7552409Z ##[endgroup]
2026-10-09T12:43:20.7553763Z ##[group]Runner Image
2026-10-09T12:43:20.7554856Z Image: ubuntu-24.04
2026-10-09T12:43:20.7556058Z Version: 20261004.327.1
2026-10-09T12:43:20.7558167Z Included Software: https://github.com/actions/runner-images/blob/ubuntu24/20261004.327/images/ubuntu/Ubuntu2404-Readme.md
2026-10-09T12:43:20.7561162Z Image Release: https://github.com/actions/runner-images/releases/tag/ubuntu24%2F20261004.327
2026-10-09T12:43:20.7562897Z ##[endgroup]
2026-10-09T12:43:20.7565388Z ##[group]GITHUB_TOKEN Permissions
2026-10-09T12:43:20.7568323Z Contents: read
2026-10-09T12:43:20.7569448Z Metadata: read
2026-10-09T12:43:20.7570455Z PullRequests: write
2026-10-09T12:43:20.7571652Z ##[endgroup]
2026-10-09T12:43:20.7574711Z Secret source: Actions
2026-10-09T12:43:20.7576856Z Cache mode: write
2026-10-09T12:43:20.7578393Z Prepare workflow directory
2026-10-09T12:43:20.8132381Z Prepare all required actions
2026-10-09T12:43:20.8205136Z Getting action download info
2026-10-09T12:43:21.0281806Z Download action repository 'actions/checkout@v4' (SHA:11d5960a326750d5838078e36cf38b85af677262)
2026-10-09T12:43:21.1248030Z Download action repository 'actions/upload-artifact@v4' (SHA:ea165f8d65b6e75b540449e92b4886f43607fa02)
2026-10-09T12:43:21.2433007Z Download action repository 'actions/github-script@v7' (SHA:f28e40c7f34bde8b3046d885e986cb6290c5673b)
2026-10-09T12:43:21.5228412Z Complete job name: Code Coverage
2026-10-09T12:43:21.6051614Z ##[group]Run actions/checkout@v4
2026-10-09T12:43:21.6052494Z with:
2026-10-09T12:43:21.6052970Z   repository: jordanhubbard/nanolang
2026-10-09T12:43:21.6056912Z   token: ***
2026-10-09T12:43:21.6057354Z   ssh-strict: true
2026-10-09T12:43:21.6057792Z   ssh-user: git
2026-10-09T12:43:21.6058242Z   persist-credentials: true
2026-10-09T12:43:21.6058730Z   clean: true
2026-10-09T12:43:21.6059180Z   sparse-checkout-cone-mode: true
2026-10-09T12:43:21.6059707Z   fetch-depth: 1
2026-10-09T12:43:21.6060141Z   fetch-tags: false
2026-10-09T12:43:21.6060591Z   show-progress: true
2026-10-09T12:43:21.6061042Z   lfs: false
2026-10-09T12:43:21.6061452Z   submodules: false
2026-10-09T12:43:21.6061910Z   set-safe-directory: true
2026-10-09T12:43:21.6062423Z   allow-unsafe-pr-checkout: false
2026-10-09T12:43:21.6063187Z env:
2026-10-09T12:43:21.6064168Z   NANO_VERIFY_CORPUS_LOG_ROOT: .test_output/verifier-corpus
2026-10-09T12:43:21.6064881Z   NANO_SHADOW_TIMEOUT_SECONDS: 60
2026-10-09T12:43:21.6065438Z ##[endgroup]
2026-10-09T12:43:21.7045180Z Syncing repository: jordanhubbard/nanolang
2026-10-09T12:43:21.7047752Z ##[group]Getting Git version info
2026-10-09T12:43:21.7048884Z Working directory is '/home/runner/work/nanolang/nanolang'
2026-10-09T12:43:21.7050686Z [command]/usr/bin/git version
2026-10-09T12:43:21.7131581Z git version 2.55.0
2026-10-09T12:43:21.7258773Z ##[endgroup]
2026-10-09T12:43:21.7265461Z Temporarily overriding HOME='/home/runner/work/_temp/b56bd404-6cac-472a-9c28-ac115e291262' before making global git config changes
2026-10-09T12:43:21.7268034Z Adding repository directory to the temporary git global config as a safe directory
2026-10-09T12:43:21.7270030Z [command]/usr/bin/git config --global --add safe.directory /home/runner/work/nanolang/nanolang
2026-10-09T12:43:21.7273049Z Deleting the contents of '/home/runner/work/nanolang/nanolang'
2026-10-09T12:43:21.7279540Z ##[group]Initializing the repository
2026-10-09T12:43:21.7284949Z [command]/usr/bin/git init /home/runner/work/nanolang/nanolang
2026-10-09T12:43:21.7438367Z hint: Using 'master' as the name for the initial branch. This default branch name
2026-10-09T12:43:21.7440126Z hint: will change to "main" in Git 3.0. To configure the initial branch name
2026-10-09T12:43:21.7441821Z hint: to use in all of your new repositories, which will suppress this warning,
2026-10-09T12:43:21.7443116Z hint: call:
2026-10-09T12:43:21.7444059Z hint:
2026-10-09T12:43:21.7444791Z hint: 	git config --global init.defaultBranch <name>
2026-10-09T12:43:21.7445766Z hint:
2026-10-09T12:43:21.7446385Z hint: Names commonly chosen instead of 'master' are 'main', 'trunk' and
2026-10-09T12:43:21.7447336Z hint: 'development'. The just-created branch can be renamed via this command:
2026-10-09T12:43:21.7448086Z hint:
2026-10-09T12:43:21.7448514Z hint: 	git branch -m <name>
2026-10-09T12:43:21.7449041Z hint:
2026-10-09T12:43:21.7449786Z hint: Disable this message with "git config set advice.defaultBranchName false"
2026-10-09T12:43:21.7450885Z Initialized empty Git repository in /home/runner/work/nanolang/nanolang/.git/
2026-10-09T12:43:21.7458883Z [command]/usr/bin/git remote add origin https://github.com/jordanhubbard/nanolang
2026-10-09T12:43:21.7548879Z ##[endgroup]
2026-10-09T12:43:21.7550794Z ##[group]Disabling automatic garbage collection
2026-10-09T12:43:21.7577163Z [command]/usr/bin/git config --local gc.auto 0
2026-10-09T12:43:21.7611227Z ##[endgroup]
2026-10-09T12:43:21.7613149Z ##[group]Setting up auth
2026-10-09T12:43:21.7621633Z [command]/usr/bin/git config --local --name-only --get-regexp core\.sshCommand
2026-10-09T12:43:21.7658550Z [command]/usr/bin/git submodule foreach --recursive sh -c "git config --local --name-only --get-regexp 'core\.sshCommand' && git config --local --unset-all 'core.sshCommand' || :"
2026-10-09T12:43:21.8058776Z [command]/usr/bin/git config --local --name-only --get-regexp http\.https\:\/\/github\.com\/\.extraheader
2026-10-09T12:43:21.8100852Z [command]/usr/bin/git submodule foreach --recursive sh -c "git config --local --name-only --get-regexp 'http\.https\:\/\/github\.com\/\.extraheader' && git config --local --unset-all 'http.https://github.com/.extraheader' || :"
2026-10-09T12:43:21.8411053Z [command]/usr/bin/git config --local --name-only --get-regexp ^includeIf\.gitdir:
2026-10-09T12:43:21.8438210Z [command]/usr/bin/git submodule foreach --recursive git config --local --show-origin --name-only --get-regexp remote.origin.url
2026-10-09T12:43:21.8687372Z [command]/usr/bin/git config --local http.https://github.com/.extraheader AUTHORIZATION: basic ***
2026-10-09T12:43:21.8727924Z ##[endgroup]
2026-10-09T12:43:21.8729019Z ##[group]Fetching the repository
2026-10-09T12:43:21.8738431Z [command]/usr/bin/git -c protocol.version=2 fetch --no-tags --prune --no-recurse-submodules --depth=1 origin +4219cedafad4bea3cf12bc2834c5a25a63afc40b:refs/remotes/pull/974/merge
2026-10-09T12:43:27.2684496Z From https://github.com/jordanhubbard/nanolang
2026-10-09T12:43:27.2685840Z  * [new ref]           4219cedafad4bea3cf12bc2834c5a25a63afc40b -> pull/974/merge
2026-10-09T12:43:27.2689921Z ##[endgroup]
2026-10-09T12:43:27.2691658Z ##[group]Determining the checkout info
2026-10-09T12:43:27.2693909Z ##[endgroup]
2026-10-09T12:43:27.2699295Z [command]/usr/bin/git sparse-checkout disable
2026-10-09T12:43:27.2756130Z [command]/usr/bin/git config --local --unset-all extensions.worktreeConfig
2026-10-09T12:43:27.2795589Z ##[group]Checking out the ref
2026-10-09T12:43:27.2798944Z [command]/usr/bin/git checkout --progress --force refs/remotes/pull/974/merge
2026-10-09T12:43:28.3845888Z Updating files:   6% (5149/77451)
2026-10-09T12:43:28.5065091Z Updating files:   7% (5422/77451)
2026-10-09T12:43:28.5717681Z Updating files:   8% (6197/77451)
2026-10-09T12:43:28.6294577Z Updating files:   9% (6971/77451)
2026-10-09T12:43:28.6917329Z Updating files:  10% (7746/77451)
2026-10-09T12:43:28.9996887Z Updating files:  11% (8520/77451)
2026-10-09T12:43:29.2768039Z Updating files:  12% (9295/77451)
2026-10-09T12:43:29.3417580Z Updating files:  13% (10069/77451)
2026-10-09T12:43:29.7323654Z Updating files:  13% (10262/77451)
2026-10-09T12:43:30.2839411Z Updating files:  14% (10844/77451)
2026-10-09T12:43:30.3512880Z Updating files:  15% (11618/77451)
2026-10-09T12:43:31.2837525Z Updating files:  15% (11676/77451)
2026-10-09T12:43:31.3449630Z Updating files:  16% (12393/77451)
2026-10-09T12:43:31.7362061Z Updating files:  16% (12445/77451)
2026-10-09T12:43:31.7859052Z Updating files:  17% (13167/77451)
2026-10-09T12:43:32.2144437Z Updating files:  18% (13942/77451)
2026-10-09T12:43:32.3372765Z Updating files:  19% (14716/77451)
2026-10-09T12:43:32.6556404Z Updating files:  19% (14852/77451)
2026-10-09T12:43:32.7943058Z Updating files:  20% (15491/77451)
2026-10-09T12:43:32.8569764Z Updating files:  21% (16265/77451)
2026-10-09T12:43:32.8903503Z Updating files:  22% (17040/77451)
2026-10-09T12:43:32.9818810Z Updating files:  23% (17814/77451)
2026-10-09T12:43:33.1216130Z Updating files:  24% (18589/77451)
2026-10-09T12:43:33.1610519Z Updating files:  25% (19363/77451)
2026-10-09T12:43:33.2040004Z Updating files:  26% (20138/77451)
2026-10-09T12:43:33.2474767Z Updating files:  27% (20912/77451)
2026-10-09T12:43:33.2820474Z Updating files:  28% (21687/77451)
2026-10-09T12:43:33.3370860Z Updating files:  29% (22461/77451)
2026-10-09T12:43:33.3373810Z Updating files:  29% (23231/77451)
2026-10-09T12:43:33.3852023Z Updating files:  30% (23236/77451)
2026-10-09T12:43:33.4207520Z Updating files:  31% (24010/77451)
2026-10-09T12:43:33.4641419Z Updating files:  32% (24785/77451)
2026-10-09T12:43:33.5369545Z Updating files:  33% (25559/77451)
2026-10-09T12:43:33.5840266Z Updating files:  34% (26334/77451)
2026-10-09T12:43:33.6211976Z Updating files:  35% (27108/77451)
2026-10-09T12:43:33.6595236Z Updating files:  36% (27883/77451)
2026-10-09T12:43:33.6925457Z Updating files:  37% (28657/77451)
2026-10-09T12:43:33.7302659Z Updating files:  38% (29432/77451)
2026-10-09T12:43:33.7748241Z Updating files:  39% (30206/77451)
2026-10-09T12:43:33.8080064Z Updating files:  40% (30981/77451)
2026-10-09T12:43:33.8496208Z Updating files:  41% (31755/77451)
2026-10-09T12:43:33.8998736Z Updating files:  42% (32530/77451)
2026-10-09T12:43:33.9351770Z Updating files:  43% (33304/77451)
2026-10-09T12:43:33.9717118Z Updating files:  44% (34079/77451)
2026-10-09T12:43:34.0088237Z Updating files:  45% (34853/77451)
2026-10-09T12:43:34.0486804Z Updating files:  46% (35628/77451)
2026-10-09T12:43:34.0826629Z Updating files:  47% (36402/77451)
2026-10-09T12:43:34.1144388Z Updating files:  48% (37177/77451)
2026-10-09T12:43:34.1512623Z Updating files:  49% (37951/77451)
2026-10-09T12:43:34.2475226Z Updating files:  50% (38726/77451)
2026-10-09T12:43:34.3096095Z Updating files:  51% (39501/77451)
2026-10-09T12:43:34.3382508Z Updating files:  52% (40275/77451)
2026-10-09T12:43:34.4625785Z Updating files:  52% (40473/77451)
2026-10-09T12:43:34.5421060Z Updating files:  53% (41050/77451)
2026-10-09T12:43:34.6000353Z Updating files:  54% (41824/77451)
2026-10-09T12:43:34.6559981Z Updating files:  55% (42599/77451)
2026-10-09T12:43:34.7081307Z Updating files:  56% (43373/77451)
2026-10-09T12:43:34.7997733Z Updating files:  57% (44148/77451)
2026-10-09T12:43:34.9560536Z Updating files:  58% (44922/77451)
2026-10-09T12:43:34.9851874Z Updating files:  59% (45697/77451)
2026-10-09T12:43:35.0307326Z Updating files:  60% (46471/77451)
2026-10-09T12:43:35.3709260Z Updating files:  61% (47246/77451)
2026-10-09T12:43:35.6290772Z Updating files:  61% (47402/77451)
2026-10-09T12:43:35.7259304Z Updating files:  62% (48020/77451)
2026-10-09T12:43:35.8474380Z Updating files:  63% (48795/77451)
2026-10-09T12:43:35.8726972Z Updating files:  64% (49569/77451)
2026-10-09T12:43:35.8965653Z Updating files:  65% (50344/77451)
2026-10-09T12:43:35.9218229Z Updating files:  66% (51118/77451)
2026-10-09T12:43:35.9458631Z Updating files:  67% (51893/77451)
2026-10-09T12:43:36.2895186Z Updating files:  68% (52667/77451)
2026-10-09T12:43:36.3516205Z Updating files:  69% (53442/77451)
2026-10-09T12:43:37.3374150Z Updating files:  69% (53446/77451)
2026-10-09T12:43:37.3498006Z Updating files:  69% (54209/77451)
2026-10-09T12:43:38.2499801Z Updating files:  70% (54216/77451)
2026-10-09T12:43:38.3371790Z Updating files:  71% (54991/77451)
2026-10-09T12:43:38.3544774Z Updating files:  71% (55711/77451)
2026-10-09T12:43:38.4306671Z Updating files:  72% (55765/77451)
2026-10-09T12:43:38.5086429Z Updating files:  73% (56540/77451)
2026-10-09T12:43:38.6332530Z Updating files:  74% (57314/77451)
2026-10-09T12:43:38.7303616Z Updating files:  75% (58089/77451)
2026-10-09T12:43:38.8796269Z Updating files:  76% (58863/77451)
2026-10-09T12:43:39.0897075Z Updating files:  77% (59638/77451)
2026-10-09T12:43:39.2712776Z Updating files:  78% (60412/77451)
2026-10-09T12:43:39.3402974Z Updating files:  79% (61187/77451)
2026-10-09T12:43:39.3657031Z Updating files:  79% (61860/77451)
2026-10-09T12:43:39.3968946Z Updating files:  80% (61961/77451)
2026-10-09T12:43:39.4227916Z Updating files:  81% (62736/77451)
2026-10-09T12:43:39.5433583Z Updating files:  82% (63510/77451)
2026-10-09T12:43:39.5674882Z Updating files:  83% (64285/77451)
2026-10-09T12:43:39.5927501Z Updating files:  84% (65059/77451)
2026-10-09T12:43:39.6163164Z Updating files:  85% (65834/77451)
2026-10-09T12:43:39.6404709Z Updating files:  86% (66608/77451)
2026-10-09T12:43:39.6633901Z Updating files:  87% (67383/77451)
2026-10-09T12:43:39.6887393Z Updating files:  88% (68157/77451)
2026-10-09T12:43:40.1890027Z Updating files:  89% (68932/77451)
2026-10-09T12:43:40.3371866Z Updating files:  90% (69706/77451)
2026-10-09T12:43:40.4822754Z Updating files:  90% (69979/77451)
2026-10-09T12:43:40.5211534Z Updating files:  91% (70481/77451)
2026-10-09T12:43:40.7327331Z Updating files:  92% (71255/77451)
2026-10-09T12:43:41.1104371Z Updating files:  93% (72030/77451)
2026-10-09T12:43:41.3312952Z Updating files:  94% (72804/77451)
2026-10-09T12:43:41.3478208Z Updating files:  95% (73579/77451)
2026-10-09T12:43:41.4765685Z Updating files:  95% (73601/77451)
2026-10-09T12:43:41.5214295Z Updating files:  96% (74353/77451)
2026-10-09T12:43:41.5832130Z Updating files:  97% (75128/77451)
2026-10-09T12:43:41.6301657Z Updating files:  98% (75902/77451)
2026-10-09T12:43:41.6784694Z Updating files:  99% (76677/77451)
2026-10-09T12:43:41.6785559Z Updating files: 100% (77451/77451)
2026-10-09T12:43:41.6786145Z Updating files: 100% (77451/77451), done.
2026-10-09T12:43:41.8223070Z Note: switching to 'refs/remotes/pull/974/merge'.
2026-10-09T12:43:41.8224046Z 
2026-10-09T12:43:41.8224601Z You are in 'detached HEAD' state. You can look around, make experimental
2026-10-09T12:43:41.8233735Z changes and commit them, and you can discard any commits you make in this
2026-10-09T12:43:41.8234892Z state without impacting any branches by switching back to a branch.
2026-10-09T12:43:41.8235636Z 
2026-10-09T12:43:41.8236130Z If you want to create a new branch to retain commits you create, you may
2026-10-09T12:43:41.8236935Z do so (now or later) by using -c with the switch command. Example:
2026-10-09T12:43:41.8237212Z 
2026-10-09T12:43:41.8237359Z   git switch -c <new-branch-name>
2026-10-09T12:43:41.8237548Z 
2026-10-09T12:43:41.8237645Z Or undo this operation with:
2026-10-09T12:43:41.8237809Z 
2026-10-09T12:43:41.8237900Z   git switch -
2026-10-09T12:43:41.8238020Z 
2026-10-09T12:43:41.8238238Z Turn off this advice by setting config variable advice.detachedHead to false
2026-10-09T12:43:41.8238540Z 
2026-10-09T12:43:41.8238899Z HEAD is now at 4219ceda Merge 5dc3a17fb345b925e9cbe7dd06aaf1d2a62652a4 into 1bbae0bb051efb1c6b356a98d12be0494b9ff935
2026-10-09T12:43:41.8314346Z ##[endgroup]
2026-10-09T12:43:41.8357610Z [command]/usr/bin/git log -1 --format=%H
2026-10-09T12:43:41.8384540Z 4219cedafad4bea3cf12bc2834c5a25a63afc40b
2026-10-09T12:43:41.8696905Z ##[group]Run # Already satisfied on some images; skip rather than fight the
2026-10-09T12:43:41.8697524Z [36;1m# Already satisfied on some images; skip rather than fight the[0m
2026-10-09T12:43:41.8698180Z [36;1m# environment. Where pip refuses under PEP 668[0m
2026-10-09T12:43:41.8698644Z [36;1m# (externally-managed-environment, seen on the arm64 runners), retry[0m
2026-10-09T12:43:41.8699175Z [36;1m# with --break-system-packages: this is a throwaway CI environment,[0m
2026-10-09T12:43:41.8699616Z [36;1m# not a system Python worth protecting.[0m
2026-10-09T12:43:41.8699968Z [36;1mpython3 -c 'import yaml' 2>/dev/null && exit 0[0m
2026-10-09T12:43:41.8700342Z [36;1mpython3 -m pip install --user --upgrade pyyaml \[0m
2026-10-09T12:43:41.8700833Z [36;1m  || python3 -m pip install --user --break-system-packages --upgrade pyyaml[0m
2026-10-09T12:43:41.8701260Z [36;1mpython3 -c 'import yaml'[0m
2026-10-09T12:43:43.3138533Z shell: /usr/bin/bash --noprofile --norc -e -o pipefail {0}
2026-10-09T12:43:43.3139197Z env:
2026-10-09T12:43:43.3139654Z   NANO_VERIFY_CORPUS_LOG_ROOT: .test_output/verifier-corpus
2026-10-09T12:43:43.3140132Z   NANO_SHADOW_TIMEOUT_SECONDS: 60
2026-10-09T12:43:43.3140420Z ##[endgroup]
2026-10-09T12:43:43.4189696Z ##[group]Run ./scripts/ci-apt-install.sh \
2026-10-09T12:43:43.4190059Z [36;1m./scripts/ci-apt-install.sh \[0m
2026-10-09T12:43:43.4190343Z [36;1m  build-essential \[0m
2026-10-09T12:43:43.4190582Z [36;1m  lcov \[0m
2026-10-09T12:43:43.4190778Z [36;1m  bc \[0m
2026-10-09T12:43:43.4190976Z [36;1m  pkg-config \[0m
2026-10-09T12:43:43.4191251Z [36;1m  libssl-dev libffi-dev libsqlite3-dev \[0m
2026-10-09T12:43:43.4191556Z [36;1m  libsdl2-dev \[0m
2026-10-09T12:43:43.4191788Z [36;1m  libsdl2-image-dev \[0m
2026-10-09T12:43:43.4192038Z [36;1m  libsdl2-mixer-dev \[0m
2026-10-09T12:43:43.4192281Z [36;1m  libsdl2-ttf-dev \[0m
2026-10-09T12:43:43.4192519Z [36;1m  libutf8proc-dev \[0m
2026-10-09T12:43:43.4192782Z [36;1m  libncurses-dev libreadline-dev \[0m
2026-10-09T12:43:43.4193116Z [36;1m  libevent-dev libuv1-dev libbullet-dev \[0m
2026-10-09T12:43:43.4193692Z [36;1m  libglfw3-dev libglew-dev freeglut3-dev \[0m
2026-10-09T12:43:43.4194010Z [36;1m  gforth[0m
2026-10-09T12:43:43.4254119Z shell: /usr/bin/bash -e {0}
2026-10-09T12:43:43.4254374Z env:
2026-10-09T12:43:43.4254643Z   NANO_VERIFY_CORPUS_LOG_ROOT: .test_output/verifier-corpus
2026-10-09T12:43:43.4254995Z   NANO_SHADOW_TIMEOUT_SECONDS: 60
2026-10-09T12:43:43.4255245Z   CI_APT_ATTEMPTS: 2
2026-10-09T12:43:43.4255464Z   CI_APT_TIMEOUT_SECS: 420
2026-10-09T12:43:43.4255693Z   CI_APT_BACKOFF_SECS: 5
2026-10-09T12:43:43.4255910Z ##[endgroup]
2026-10-09T12:43:43.5164306Z apt install attempt 1/2 (timeout 420s): build-essential lcov bc pkg-config libssl-dev libffi-dev libsqlite3-dev libsdl2-dev libsdl2-image-dev libsdl2-mixer-dev libsdl2-ttf-dev libutf8proc-dev libncurses-dev libreadline-dev libevent-dev libuv1-dev libbullet-dev libglfw3-dev libglew-dev freeglut3-dev gforth
2026-10-09T12:43:48.4402818Z Reading package lists...
2026-10-09T12:43:48.5939793Z Building dependency tree...
2026-10-09T12:43:48.5947229Z Reading state information...
2026-10-09T12:43:48.7309514Z bc is already the newest version (1.07.1-3ubuntu4).
2026-10-09T12:43:48.7310514Z bc set to manually installed.
2026-10-09T12:43:48.7311219Z pkg-config is already the newest version (1.8.1-2build1).
2026-10-09T12:43:48.7312167Z libssl-dev is already the newest version (3.0.13-0ubuntu3.16).
2026-10-09T12:43:48.7312969Z libffi-dev is already the newest version (3.4.6-1build1).
2026-10-09T12:43:48.7313903Z libffi-dev set to manually installed.
2026-10-09T12:43:48.7314682Z libsqlite3-dev is already the newest version (3.45.1-1ubuntu2.8).
2026-10-09T12:43:48.7315598Z libncurses-dev is already the newest version (6.4+20240113-1ubuntu2.2).
2026-10-09T12:43:48.7316381Z libncurses-dev set to manually installed.
2026-10-09T12:43:48.7317077Z The following additional packages will be installed:
2026-10-09T12:43:48.7317957Z   bzip2-doc gforth-common gforth-lib gir1.2-freedesktop gir1.2-freedesktop-dev
2026-10-09T12:43:48.7318986Z   gir1.2-glib-2.0-dev gir1.2-harfbuzz-0.0 gir1.2-ibus-1.0 libalgorithm-c3-perl
2026-10-09T12:43:48.7320333Z   libasound2-dev libasyncns0 libb-hooks-endofscope-perl
2026-10-09T12:43:48.7321218Z   libb-hooks-op-check-perl libblkid-dev libbrotli-dev libbullet3.24t64
2026-10-09T12:43:48.7322186Z   libbz2-dev libcapture-tiny-perl libclass-c3-perl libclass-c3-xs-perl
2026-10-09T12:43:48.7323099Z   libclass-data-inheritable-perl libclass-inspector-perl
2026-10-09T12:43:48.7324154Z   libclass-method-modifiers-perl libclass-singleton-perl
2026-10-09T12:43:48.7325111Z   libclass-xsaccessor-perl libdata-optlist-perl libdatetime-locale-perl
2026-10-09T12:43:48.7326154Z   libdatetime-perl libdatetime-timezone-perl libdbus-1-dev libdecor-0-0
2026-10-09T12:43:48.7327057Z   libdecor-0-dev libdecor-0-plugin-1-gtk libdeflate-dev
2026-10-09T12:43:48.7327934Z   libdevel-callchecker-perl libdevel-caller-perl libdevel-lexalias-perl
2026-10-09T12:43:48.7328938Z   libdevel-stacktrace-perl libdrm-dev libdrm-nouveau2 libdrm-radeon1
2026-10-09T12:43:48.7329882Z   libdynaloader-functions-perl libegl-dev libegl-mesa0 libegl1
2026-10-09T12:43:48.7331079Z   libegl1-mesa-dev libeval-closure-perl libevent-2.1-7t64
2026-10-09T12:43:48.7332036Z   libevent-extra-2.1-7t64 libevent-openssl-2.1-7t64 libexception-class-perl
2026-10-09T12:43:48.7333055Z   libfile-sharedir-perl libflac-dev libflac12t64 libfluidsynth-dev
2026-10-09T12:43:48.7336182Z   libfluidsynth3 libfreetype-dev libfreetype6 libgbm-dev libgd-perl
2026-10-09T12:43:48.7337244Z   libgirepository-2.0-0 libgl-dev libgl1-mesa-dev libgles-dev libgles1
2026-10-09T12:43:48.7338169Z   libgles2 libglew2.2 libglfw3 libglib2.0-dev libglib2.0-dev-bin libglu1-mesa
2026-10-09T12:43:48.7339102Z   libglu1-mesa-dev libglut-dev libglut3.12 libglvnd-core-dev libglvnd-dev
2026-10-09T12:43:48.7339954Z   libglx-dev libgraphite2-dev libharfbuzz-cairo0 libharfbuzz-dev
2026-10-09T12:43:48.7340827Z   libharfbuzz-gobject0 libharfbuzz-icu0 libharfbuzz-subset0 libibus-1.0-5
2026-10-09T12:43:48.7341766Z   libibus-1.0-dev libice-dev libinstpatch-1.0-2 libinstpatch-dev libjack-dev
2026-10-09T12:43:48.7342747Z   libjack0 libjbig-dev libjpeg-dev libjpeg-turbo8-dev libjpeg8-dev liblerc-dev
2026-10-09T12:43:48.7343969Z   liblzma-dev libmodplug-dev libmodplug1 libmodule-implementation-perl
2026-10-09T12:43:48.7344948Z   libmodule-runtime-perl libmount-dev libmp3lame0 libmpg123-0t64 libmpg123-dev
2026-10-09T12:43:48.7345948Z   libmro-compat-perl libnamespace-autoclean-perl libnamespace-clean-perl
2026-10-09T12:43:48.7346873Z   libogg-dev libopengl-dev libopengl0 libopus-dev libopus0 libopusfile-dev
2026-10-09T12:43:48.7347784Z   libopusfile0 libout123-0t64 libpackage-stash-perl libpackage-stash-xs-perl
2026-10-09T12:43:48.7348645Z   libpadwalker-perl libparams-classify-perl libparams-util-perl
2026-10-09T12:43:48.7349509Z   libparams-validationcompiler-perl libpciaccess-dev libperlio-gzip-perl
2026-10-09T12:43:48.7350430Z   libpipewire-0.3-0t64 libpipewire-0.3-common libpipewire-0.3-dev libpng-dev
2026-10-09T12:43:48.7351282Z   libpng-tools libpng16-16t64 libpthread-stubs0-dev libpulse-dev
2026-10-09T12:43:48.7352091Z   libpulse-mainloop-glib0 libpulse0 libreadonly-perl libref-util-perl
2026-10-09T12:43:48.7352960Z   libref-util-xs-perl librole-tiny-perl libsamplerate0 libsamplerate0-dev
2026-10-09T12:43:48.7354026Z   libsdl2-2.0-0 libsdl2-image-2.0-0 libsdl2-mixer-2.0-0 libsdl2-ttf-2.0-0
2026-10-09T12:43:48.7354836Z   libselinux1-dev libsepol-dev libsharpyuv-dev libsm-dev libsndfile1
2026-10-09T12:43:48.7355674Z   libsndfile1-dev libsndio-dev libsndio7.0 libspa-0.2-dev libspa-0.2-modules
2026-10-09T12:43:48.7356561Z   libspecio-perl libsub-exporter-perl libsub-exporter-progressive-perl
2026-10-09T12:43:48.7357493Z   libsub-identify-perl libsub-install-perl libsub-name-perl libsub-quote-perl
2026-10-09T12:43:48.7358389Z   libsyn123-0t64 libsystemd-dev libtiff-dev libtiffxx6 libtry-tiny-perl
2026-10-09T12:43:48.7359332Z   libudev-dev libutf8proc3 libvariable-magic-perl libvorbis-dev libvorbisenc2
2026-10-09T12:43:48.7360254Z   libvulkan-dev libwayland-bin libwayland-dev libwayland-server0 libwebp-dev
2026-10-09T12:43:48.7361131Z   libwebpdecoder3 libwebrtc-audio-processing1 libx11-dev libxau-dev
2026-10-09T12:43:48.7362328Z   libxcb1-dev libxcursor-dev libxdmcp-dev libxext-dev libxfixes-dev libxi-dev
2026-10-09T12:43:48.7363226Z   libxinerama-dev libxkbcommon-dev libxrandr-dev libxrender-dev libxss-dev
2026-10-09T12:43:48.7364790Z   libxstring-perl libxt-dev libxv-dev libxv1 libxxf86vm-dev timgm6mb-soundfont
2026-10-09T12:43:48.7365578Z   uuid-dev x11proto-dev xorg-sgml-doctools xtrans-dev
2026-10-09T12:43:48.7366262Z Suggested packages:
2026-10-09T12:43:48.7366769Z   libasound2-doc freetype2-doc glew-utils libosmesa6 libglfw3-doc
2026-10-09T12:43:48.7367565Z   libglib2.0-doc libgdk-pixbuf2.0-bin libxml2-utils libgraphite2-utils
2026-10-09T12:43:48.7368411Z   libice-doc jackd1 liblzma-doc opus-tools libscalar-number-perl pipewire
2026-10-09T12:43:48.7369292Z   pipewire-doc pulseaudio readline-doc libsm-doc sndiod libtest-fatal-perl
2026-10-09T12:43:48.7370091Z   libwayland-doc libx11-doc libxcb-doc libxext-doc libxt-doc
2026-10-09T12:43:48.7370675Z   fluid-soundfont-gm
2026-10-09T12:43:48.8096140Z The following NEW packages will be installed:
2026-10-09T12:43:48.8097285Z   build-essential bzip2-doc freeglut3-dev gforth gforth-common gforth-lib
2026-10-09T12:43:48.8098331Z   gir1.2-freedesktop gir1.2-freedesktop-dev gir1.2-glib-2.0-dev
2026-10-09T12:43:48.8099365Z   gir1.2-harfbuzz-0.0 gir1.2-ibus-1.0 lcov libalgorithm-c3-perl libasound2-dev
2026-10-09T12:43:48.8100530Z   libasyncns0 libb-hooks-endofscope-perl libb-hooks-op-check-perl libblkid-dev
2026-10-09T12:43:48.8101466Z   libbrotli-dev libbullet-dev libbullet3.24t64 libbz2-dev libcapture-tiny-perl
2026-10-09T12:43:48.8102465Z   libclass-c3-perl libclass-c3-xs-perl libclass-data-inheritable-perl
2026-10-09T12:43:48.8103038Z   libclass-inspector-perl libclass-method-modifiers-perl
2026-10-09T12:43:48.8103903Z   libclass-singleton-perl libclass-xsaccessor-perl libdata-optlist-perl
2026-10-09T12:43:48.8104413Z   libdatetime-locale-perl libdatetime-perl libdatetime-timezone-perl
2026-10-09T12:43:48.8105118Z   libdbus-1-dev libdecor-0-0 libdecor-0-dev libdecor-0-plugin-1-gtk
2026-10-09T12:43:48.8105594Z   libdeflate-dev libdevel-callchecker-perl libdevel-caller-perl
2026-10-09T12:43:48.8106099Z   libdevel-lexalias-perl libdevel-stacktrace-perl libdrm-dev libdrm-nouveau2
2026-10-09T12:43:48.8106654Z   libdrm-radeon1 libdynaloader-functions-perl libegl-dev libegl-mesa0 libegl1
2026-10-09T12:43:48.8107178Z   libegl1-mesa-dev libeval-closure-perl libevent-2.1-7t64 libevent-dev
2026-10-09T12:43:48.8107712Z   libevent-extra-2.1-7t64 libevent-openssl-2.1-7t64 libexception-class-perl
2026-10-09T12:43:48.8108220Z   libfile-sharedir-perl libflac-dev libflac12t64 libfluidsynth-dev
2026-10-09T12:43:48.8108727Z   libfluidsynth3 libfreetype-dev libgbm-dev libgd-perl libgirepository-2.0-0
2026-10-09T12:43:48.8109250Z   libgl-dev libgl1-mesa-dev libgles-dev libgles1 libgles2 libglew-dev
2026-10-09T12:43:48.8109708Z   libglew2.2 libglfw3 libglfw3-dev libglib2.0-dev libglib2.0-dev-bin
2026-10-09T12:43:48.8110661Z   libglu1-mesa libglu1-mesa-dev libglut-dev libglut3.12 libglvnd-core-dev
2026-10-09T12:43:48.8111585Z   libglvnd-dev libglx-dev libgraphite2-dev libharfbuzz-cairo0 libharfbuzz-dev
2026-10-09T12:43:48.8112123Z   libharfbuzz-gobject0 libharfbuzz-icu0 libharfbuzz-subset0 libibus-1.0-5
2026-10-09T12:43:48.8112641Z   libibus-1.0-dev libice-dev libinstpatch-1.0-2 libinstpatch-dev libjack-dev
2026-10-09T12:43:48.8113170Z   libjack0 libjbig-dev libjpeg-dev libjpeg-turbo8-dev libjpeg8-dev liblerc-dev
2026-10-09T12:43:48.8113851Z   liblzma-dev libmodplug-dev libmodplug1 libmodule-implementation-perl
2026-10-09T12:43:48.8114378Z   libmodule-runtime-perl libmount-dev libmp3lame0 libmpg123-0t64 libmpg123-dev
2026-10-09T12:43:48.8115071Z   libmro-compat-perl libnamespace-autoclean-perl libnamespace-clean-perl
2026-10-09T12:43:48.8115999Z   libogg-dev libopengl-dev libopengl0 libopus-dev libopus0 libopusfile-dev
2026-10-09T12:43:48.8116586Z   libopusfile0 libout123-0t64 libpackage-stash-perl libpackage-stash-xs-perl
2026-10-09T12:43:48.8117309Z   libpadwalker-perl libparams-classify-perl libparams-util-perl
2026-10-09T12:43:48.8117797Z   libparams-validationcompiler-perl libpciaccess-dev libperlio-gzip-perl
2026-10-09T12:43:48.8118319Z   libpipewire-0.3-0t64 libpipewire-0.3-common libpipewire-0.3-dev libpng-dev
2026-10-09T12:43:48.8118831Z   libpng-tools libpthread-stubs0-dev libpulse-dev libpulse-mainloop-glib0
2026-10-09T12:43:48.8119295Z   libpulse0 libreadline-dev libreadonly-perl libref-util-perl
2026-10-09T12:43:48.8119750Z   libref-util-xs-perl librole-tiny-perl libsamplerate0 libsamplerate0-dev
2026-10-09T12:43:48.8120207Z   libsdl2-2.0-0 libsdl2-dev libsdl2-image-2.0-0 libsdl2-image-dev
2026-10-09T12:43:48.8120654Z   libsdl2-mixer-2.0-0 libsdl2-mixer-dev libsdl2-ttf-2.0-0 libsdl2-ttf-dev
2026-10-09T12:43:48.8121117Z   libselinux1-dev libsepol-dev libsharpyuv-dev libsm-dev libsndfile1
2026-10-09T12:43:48.8121593Z   libsndfile1-dev libsndio-dev libsndio7.0 libspa-0.2-dev libspa-0.2-modules
2026-10-09T12:43:48.8122199Z   libspecio-perl libsub-exporter-perl libsub-exporter-progressive-perl
2026-10-09T12:43:48.8122725Z   libsub-identify-perl libsub-install-perl libsub-name-perl libsub-quote-perl
2026-10-09T12:43:48.8123398Z   libsyn123-0t64 libsystemd-dev libtiff-dev libtiffxx6 libtry-tiny-perl
2026-10-09T12:43:48.8123904Z   libudev-dev libutf8proc-dev libutf8proc3 libuv1-dev libvariable-magic-perl
2026-10-09T12:43:48.8124396Z   libvorbis-dev libvorbisenc2 libvulkan-dev libwayland-bin libwayland-dev
2026-10-09T12:43:48.8124903Z   libwayland-server0 libwebp-dev libwebpdecoder3 libwebrtc-audio-processing1
2026-10-09T12:43:48.8125410Z   libx11-dev libxau-dev libxcb1-dev libxcursor-dev libxdmcp-dev libxext-dev
2026-10-09T12:43:48.8125896Z   libxfixes-dev libxi-dev libxinerama-dev libxkbcommon-dev libxrandr-dev
2026-10-09T12:43:48.8126368Z   libxrender-dev libxss-dev libxstring-perl libxt-dev libxv-dev libxv1
2026-10-09T12:43:48.8126852Z   libxxf86vm-dev timgm6mb-soundfont uuid-dev x11proto-dev xorg-sgml-doctools
2026-10-09T12:43:48.8127242Z   xtrans-dev
2026-10-09T12:43:48.8127475Z The following packages will be upgraded:
2026-10-09T12:43:48.8127761Z   libfreetype6 libpng16-16t64
2026-10-09T12:43:48.8336164Z 2 upgraded, 213 newly installed, 0 to remove and 21 not upgraded.
2026-10-09T12:43:48.8336842Z Need to get 39.1 MB of archives.
2026-10-09T12:43:48.8337333Z After this operation, 192 MB of additional disk space will be used.
2026-10-09T12:43:48.8337755Z Get:1 file:/etc/apt/apt-mirrors.txt Mirrorlist [144 B]
2026-10-09T12:43:48.9525512Z Get:2 http://azure.archive.ubuntu.com/ubuntu noble-updates/main amd64 libpng16-16t64 amd64 1.6.43-5ubuntu0.7 [189 kB]
2026-10-09T12:43:49.0651168Z Get:3 http://azure.archive.ubuntu.com/ubuntu noble/main amd64 build-essential amd64 12.10ubuntu1 [4928 B]
2026-10-09T12:43:49.1824024Z Get:4 http://azure.archive.ubuntu.com/ubuntu noble-updates/main amd64 bzip2-doc all 1.0.8-5.1ubuntu0.1 [499 kB]
2026-10-09T12:43:49.3021429Z Get:5 http://azure.archive.ubuntu.com/ubuntu noble/universe amd64 libglut3.12 amd64 3.4.0-1build1 [98.0 kB]
2026-10-09T12:43:49.4126684Z Get:6 http://azure.archive.ubuntu.com/ubuntu noble/main amd64 xorg-sgml-doctools all 1:1.11-1.1 [10.9 kB]
2026-10-09T12:43:49.5217564Z Get:7 http://azure.archive.ubuntu.com/ubuntu noble/main amd64 x11proto-dev all 2023.2-1 [602 kB]
2026-10-09T12:43:49.6437537Z Get:8 http://azure.archive.ubuntu.com/ubuntu noble/main amd64 libxau-dev amd64 1:1.0.9-1build6 [9570 B]
2026-10-09T12:43:49.7532768Z Get:9 http://azure.archive.ubuntu.com/ubuntu noble/main amd64 libxdmcp-dev amd64 1:1.1.3-0ubuntu6 [26.5 kB]
2026-10-09T12:43:49.8629500Z Get:10 http://azure.archive.ubuntu.com/ubuntu noble/main amd64 xtrans-dev all 1.4.0-1 [68.9 kB]
2026-10-09T12:43:49.9727583Z Get:11 http://azure.archive.ubuntu.com/ubuntu noble/main amd64 libpthread-stubs0-dev amd64 0.4-1build3 [4746 B]
2026-10-09T12:43:50.0821520Z Get:12 http://azure.archive.ubuntu.com/ubuntu noble/main amd64 libxcb1-dev amd64 1.15-1ubuntu2 [85.8 kB]
2026-10-09T12:43:50.1937578Z Get:13 http://azure.archive.ubuntu.com/ubuntu noble/main amd64 libx11-dev amd64 2:1.8.7-1build1 [732 kB]
2026-10-09T12:43:50.3195107Z Get:14 http://azure.archive.ubuntu.com/ubuntu noble/main amd64 libglx-dev amd64 1.7.0-1build1 [14.2 kB]
2026-10-09T12:43:50.4298853Z Get:15 http://azure.archive.ubuntu.com/ubuntu noble/main amd64 libgl-dev amd64 1.7.0-1build1 [102 kB]
2026-10-09T12:43:50.5412162Z Get:16 http://azure.archive.ubuntu.com/ubuntu noble/main amd64 libglvnd-core-dev amd64 1.7.0-1build1 [13.6 kB]
2026-10-09T12:43:50.6513626Z Get:17 http://azure.archive.ubuntu.com/ubuntu noble-updates/main amd64 libegl-mesa0 amd64 25.2.8-0ubuntu0.24.04.4 [117 kB]
2026-10-09T12:43:50.7625565Z Get:18 http://azure.archive.ubuntu.com/ubuntu noble/main amd64 libegl1 amd64 1.7.0-1build1 [28.7 kB]
2026-10-09T12:43:50.8700039Z Get:19 http://azure.archive.ubuntu.com/ubuntu noble/main amd64 libegl-dev amd64 1.7.0-1build1 [18.2 kB]
2026-10-09T12:43:50.9776680Z Get:20 http://azure.archive.ubuntu.com/ubuntu noble/main amd64 libgles1 amd64 1.7.0-1build1 [11.6 kB]
2026-10-09T12:43:51.0855985Z Get:21 http://azure.archive.ubuntu.com/ubuntu noble/main amd64 libgles2 amd64 1.7.0-1build1 [17.1 kB]
2026-10-09T12:43:51.1935601Z Get:22 http://azure.archive.ubuntu.com/ubuntu noble/main amd64 libgles-dev amd64 1.7.0-1build1 [50.5 kB]
2026-10-09T12:43:51.3011482Z Get:23 http://azure.archive.ubuntu.com/ubuntu noble/main amd64 libopengl0 amd64 1.7.0-1build1 [32.8 kB]
2026-10-09T12:43:51.4089598Z Get:24 http://azure.archive.ubuntu.com/ubuntu noble/main amd64 libopengl-dev amd64 1.7.0-1build1 [3454 B]
2026-10-09T12:43:51.5161600Z Get:25 http://azure.archive.ubuntu.com/ubuntu noble/main amd64 libglvnd-dev amd64 1.7.0-1build1 [3198 B]
2026-10-09T12:43:51.6230301Z Get:26 http://azure.archive.ubuntu.com/ubuntu noble-updates/main amd64 libgl1-mesa-dev amd64 25.2.8-0ubuntu0.24.04.4 [22.8 kB]
2026-10-09T12:43:51.7306607Z Get:27 http://azure.archive.ubuntu.com/ubuntu noble/main amd64 libglu1-mesa amd64 9.0.2-1.1build1 [152 kB]
2026-10-09T12:43:51.8425070Z Get:28 http://azure.archive.ubuntu.com/ubuntu noble/main amd64 libglu1-mesa-dev amd64 9.0.2-1.1build1 [237 kB]
2026-10-09T12:43:51.9561018Z Get:29 http://azure.archive.ubuntu.com/ubuntu noble/main amd64 libxext-dev amd64 2:1.3.4-1build2 [83.5 kB]
2026-10-09T12:43:52.0648275Z Get:30 http://azure.archive.ubuntu.com/ubuntu noble/main amd64 libice-dev amd64 2:1.0.10-1build3 [51.0 kB]
2026-10-09T12:43:52.1729559Z Get:31 http://azure.archive.ubuntu.com/ubuntu noble/main amd64 libsm-dev amd64 2:1.2.3-1build3 [17.8 kB]
2026-10-09T12:43:52.2801164Z Get:32 http://azure.archive.ubuntu.com/ubuntu noble/main amd64 libxt-dev amd64 1:1.2.1-1.2build1 [394 kB]
2026-10-09T12:43:52.3996453Z Get:33 http://azure.archive.ubuntu.com/ubuntu noble/universe amd64 libglut-dev amd64 3.4.0-1build1 [125 kB]
2026-10-09T12:43:52.5103386Z Get:34 http://azure.archive.ubuntu.com/ubuntu noble/universe amd64 freeglut3-dev amd64 3.4.0-1build1 [2022 B]
2026-10-09T12:43:52.6180596Z Get:35 http://azure.archive.ubuntu.com/ubuntu noble/universe amd64 gforth-common all 0.7.3+dfsg-9build4.1 [329 kB]
2026-10-09T12:43:58.5763147Z Get:36 http://azure.archive.ubuntu.com/ubuntu noble/universe amd64 gforth-lib amd64 0.7.3+dfsg-9build4.1 [150 kB]
2026-10-09T12:43:58.6818008Z Get:37 http://azure.archive.ubuntu.com/ubuntu noble/universe amd64 gforth amd64 0.7.3+dfsg-9build4.1 [139 kB]
2026-10-09T12:43:58.7882502Z Get:38 http://azure.archive.ubuntu.com/ubuntu noble/main amd64 gir1.2-freedesktop amd64 1.80.1-1 [49.7 kB]
2026-10-09T12:43:58.8920432Z Get:39 http://azure.archive.ubuntu.com/ubuntu noble-updates/main amd64 gir1.2-glib-2.0-dev amd64 2.80.0-6ubuntu3.9 [848 kB]
2026-10-09T12:43:59.0295151Z Get:40 http://azure.archive.ubuntu.com/ubuntu noble/main amd64 gir1.2-freedesktop-dev amd64 1.80.1-1 [28.8 kB]
2026-10-09T12:43:59.1319388Z Get:41 http://azure.archive.ubuntu.com/ubuntu noble/main amd64 libharfbuzz-gobject0 amd64 8.3.0-2build2 [34.3 kB]
2026-10-09T12:43:59.2373963Z Get:42 http://azure.archive.ubuntu.com/ubuntu noble/main amd64 gir1.2-harfbuzz-0.0 amd64 8.3.0-2build2 [44.5 kB]
2026-10-09T12:43:59.3439376Z Get:43 http://azure.archive.ubuntu.com/ubuntu noble/main amd64 libibus-1.0-5 amd64 1.5.29-2 [181 kB]
2026-10-09T12:43:59.4511171Z Get:44 http://azure.archive.ubuntu.com/ubuntu noble/main amd64 gir1.2-ibus-1.0 amd64 1.5.29-2 [86.3 kB]
2026-10-09T12:43:59.5738948Z Get:45 http://azure.archive.ubuntu.com/ubuntu noble/main amd64 libcapture-tiny-perl all 0.48-2 [20.2 kB]
2026-10-09T12:43:59.6929539Z Get:46 http://azure.archive.ubuntu.com/ubuntu noble/main amd64 libclass-inspector-perl all 1.36-3 [15.4 kB]
2026-10-09T12:43:59.8127579Z Get:47 http://azure.archive.ubuntu.com/ubuntu noble/main amd64 libfile-sharedir-perl all 1.118-3 [14.0 kB]
2026-10-09T12:43:59.9319437Z Get:48 http://azure.archive.ubuntu.com/ubuntu noble/main amd64 libb-hooks-op-check-perl amd64 0.22-3build1 [9518 B]
2026-10-09T12:44:00.0393624Z Get:49 http://azure.archive.ubuntu.com/ubuntu noble/main amd64 libdynaloader-functions-perl all 0.003-3 [12.1 kB]
2026-10-09T12:44:00.1438687Z Get:50 http://azure.archive.ubuntu.com/ubuntu noble/main amd64 libdevel-callchecker-perl amd64 0.008-2build3 [13.2 kB]
2026-10-09T12:44:00.2483123Z Get:51 http://azure.archive.ubuntu.com/ubuntu noble/main amd64 libparams-classify-perl amd64 0.015-2build5 [20.1 kB]
2026-10-09T12:44:00.3565716Z Get:52 http://azure.archive.ubuntu.com/ubuntu noble/main amd64 libmodule-runtime-perl all 0.016-2 [16.4 kB]
2026-10-09T12:44:00.4642846Z Get:53 http://azure.archive.ubuntu.com/ubuntu noble/main amd64 libtry-tiny-perl all 0.31-2 [20.8 kB]
2026-10-09T12:44:00.5724704Z Get:54 http://azure.archive.ubuntu.com/ubuntu noble/main amd64 libmodule-implementation-perl all 0.09-2 [12.0 kB]
2026-10-09T12:44:00.6793714Z Get:55 http://azure.archive.ubuntu.com/ubuntu noble/main amd64 libsub-exporter-progressive-perl all 0.001013-3 [6718 B]
2026-10-09T12:44:00.7875267Z Get:56 http://azure.archive.ubuntu.com/ubuntu noble/main amd64 libvariable-magic-perl amd64 0.63-1build3 [35.1 kB]
2026-10-09T12:44:00.8957769Z Get:57 http://azure.archive.ubuntu.com/ubuntu noble/main amd64 libb-hooks-endofscope-perl all 0.28-1 [15.8 kB]
2026-10-09T12:44:01.0033775Z Get:58 http://azure.archive.ubuntu.com/ubuntu noble/main amd64 libpackage-stash-perl all 0.40-1 [19.5 kB]
2026-10-09T12:44:01.1235332Z Get:59 http://azure.archive.ubuntu.com/ubuntu noble/main amd64 libsub-identify-perl amd64 0.14-3build3 [9786 B]
2026-10-09T12:44:01.2423523Z Get:60 http://azure.archive.ubuntu.com/ubuntu noble/main amd64 libsub-name-perl amd64 0.27-1build3 [10.8 kB]
2026-10-09T12:44:01.3611311Z Get:61 http://azure.archive.ubuntu.com/ubuntu noble/main amd64 libnamespace-clean-perl all 0.27-2 [14.0 kB]
2026-10-09T12:44:01.4801231Z Get:62 http://azure.archive.ubuntu.com/ubuntu noble/universe amd64 libnamespace-autoclean-perl all 0.29-2 [11.7 kB]
2026-10-09T12:44:01.5995547Z Get:63 http://azure.archive.ubuntu.com/ubuntu noble/main amd64 libparams-util-perl amd64 1.102-2build3 [21.2 kB]
2026-10-09T12:44:01.7185118Z Get:64 http://azure.archive.ubuntu.com/ubuntu noble/main amd64 libsub-install-perl all 0.929-1 [9764 B]
2026-10-09T12:44:01.8369532Z Get:65 http://azure.archive.ubuntu.com/ubuntu noble/main amd64 libdata-optlist-perl all 0.114-1 [9708 B]
2026-10-09T12:44:01.9553799Z Get:66 http://azure.archive.ubuntu.com/ubuntu noble/main amd64 libsub-exporter-perl all 0.990-1 [49.0 kB]
2026-10-09T12:44:02.0766876Z Get:67 http://azure.archive.ubuntu.com/ubuntu noble/universe amd64 libeval-closure-perl all 0.14-3 [10.1 kB]
2026-10-09T12:44:02.1950055Z Get:68 http://azure.archive.ubuntu.com/ubuntu noble/main amd64 libclass-data-inheritable-perl all 0.08-3 [8084 B]
2026-10-09T12:44:02.3134317Z Get:69 http://azure.archive.ubuntu.com/ubuntu noble/main amd64 libdevel-stacktrace-perl all 2.0500-1 [22.1 kB]
2026-10-09T12:44:02.4336685Z Get:70 http://azure.archive.ubuntu.com/ubuntu noble/main amd64 libexception-class-perl all 1.45-1 [28.6 kB]
2026-10-09T12:44:02.5523174Z Get:71 http://azure.archive.ubuntu.com/ubuntu noble/universe amd64 libparams-validationcompiler-perl all 0.31-1 [28.3 kB]
2026-10-09T12:44:02.6717414Z Get:72 http://azure.archive.ubuntu.com/ubuntu noble/universe amd64 libalgorithm-c3-perl all 0.11-2 [10.2 kB]
2026-10-09T12:44:02.7901410Z Get:73 http://azure.archive.ubuntu.com/ubuntu noble/universe amd64 libclass-c3-perl all 0.35-2 [18.4 kB]
2026-10-09T12:44:02.9092435Z Get:74 http://azure.archive.ubuntu.com/ubuntu noble/universe amd64 libmro-compat-perl all 0.15-2 [10.1 kB]
2026-10-09T12:44:03.0283636Z Get:75 http://azure.archive.ubuntu.com/ubuntu noble/main amd64 libclass-method-modifiers-perl all 2.15-1 [16.1 kB]
2026-10-09T12:44:03.1466823Z Get:76 http://azure.archive.ubuntu.com/ubuntu noble/main amd64 librole-tiny-perl all 2.002004-1 [16.3 kB]
2026-10-09T12:44:03.2655293Z Get:77 http://azure.archive.ubuntu.com/ubuntu noble/main amd64 libsub-quote-perl all 2.006008-1ubuntu1 [20.7 kB]
2026-10-09T12:44:03.3844093Z Get:78 http://azure.archive.ubuntu.com/ubuntu noble/universe amd64 libxstring-perl amd64 0.005-2build3 [7852 B]
2026-10-09T12:44:03.4914534Z Get:79 http://azure.archive.ubuntu.com/ubuntu noble/universe amd64 libspecio-perl all 0.48-1 [137 kB]
2026-10-09T12:44:03.6019523Z Get:80 http://azure.archive.ubuntu.com/ubuntu noble/universe amd64 libdatetime-locale-perl all 1:1.37-1 [2833 kB]
2026-10-09T12:44:03.7990915Z Get:81 http://azure.archive.ubuntu.com/ubuntu noble/universe amd64 libclass-singleton-perl all 1.6-2 [11.5 kB]
2026-10-09T12:44:03.9014608Z Get:82 http://azure.archive.ubuntu.com/ubuntu noble/universe amd64 libdatetime-timezone-perl all 1:2.62-1+2024a [262 kB]
2026-10-09T12:44:04.0110401Z Get:83 http://azure.archive.ubuntu.com/ubuntu noble/universe amd64 libdatetime-perl amd64 2:1.65-1build2 [95.8 kB]
2026-10-09T12:44:04.1159225Z Get:84 http://azure.archive.ubuntu.com/ubuntu noble/main amd64 libperlio-gzip-perl amd64 0.20-1build4 [14.6 kB]
2026-10-09T12:44:04.2198089Z Get:85 http://azure.archive.ubuntu.com/ubuntu noble/universe amd64 lcov all 2.0-4ubuntu2 [223 kB]
2026-10-09T12:44:04.3311822Z Get:86 http://azure.archive.ubuntu.com/ubuntu noble-updates/main amd64 libasound2-dev amd64 1.2.11-1ubuntu0.3 [115 kB]
2026-10-09T12:44:04.4361483Z Get:87 http://azure.archive.ubuntu.com/ubuntu noble/main amd64 libasyncns0 amd64 0.8-6build4 [11.3 kB]
2026-10-09T12:44:04.5399633Z Get:88 http://azure.archive.ubuntu.com/ubuntu noble/main amd64 libbrotli-dev amd64 1.1.0-2build2 [353 kB]
2026-10-09T12:44:04.6581047Z Get:89 http://azure.archive.ubuntu.com/ubuntu noble/universe amd64 libbullet3.24t64 amd64 3.24+dfsg-2.1build1 [1802 kB]
2026-10-09T12:44:04.8197741Z Get:90 http://azure.archive.ubuntu.com/ubuntu noble-updates/main amd64 libbz2-dev amd64 1.0.8-5.1ubuntu0.1 [33.6 kB]
2026-10-09T12:44:04.9237149Z Get:91 http://azure.archive.ubuntu.com/ubuntu noble/universe amd64 libclass-c3-xs-perl amd64 0.15-1build6 [16.3 kB]
2026-10-09T12:44:05.0270594Z Get:92 http://azure.archive.ubuntu.com/ubuntu noble/main amd64 libclass-xsaccessor-perl amd64 1.19-4build4 [33.1 kB]
2026-10-09T12:44:05.1301480Z Get:93 http://azure.archive.ubuntu.com/ubuntu noble-updates/main amd64 libdbus-1-dev amd64 1.14.10-4ubuntu4.1 [190 kB]
2026-10-09T12:44:05.2373335Z Get:94 http://azure.archive.ubuntu.com/ubuntu noble/main amd64 libdecor-0-0 amd64 0.2.2-1build2 [16.5 kB]
2026-10-09T12:44:05.3404504Z Get:95 http://azure.archive.ubuntu.com/ubuntu noble/main amd64 libwayland-server0 amd64 1.22.0-2.1build1 [33.9 kB]
2026-10-09T12:44:05.4436478Z Get:96 http://azure.archive.ubuntu.com/ubuntu noble/main amd64 libwayland-bin amd64 1.22.0-2.1build1 [20.6 kB]
2026-10-09T12:44:05.5471589Z Get:97 http://azure.archive.ubuntu.com/ubuntu noble/main amd64 libwayland-dev amd64 1.22.0-2.1build1 [71.3 kB]
2026-10-09T12:44:05.6527720Z Get:98 http://azure.archive.ubuntu.com/ubuntu noble/main amd64 libdecor-0-dev amd64 0.2.2-1build2 [5726 B]
2026-10-09T12:44:05.7557119Z Get:99 http://azure.archive.ubuntu.com/ubuntu noble/main amd64 libdecor-0-plugin-1-gtk amd64 0.2.2-1build2 [22.2 kB]
2026-10-09T12:44:05.8591840Z Get:100 http://azure.archive.ubuntu.com/ubuntu noble-updates/main amd64 libdeflate-dev amd64 1.19-1build1.1 [50.9 kB]
2026-10-09T12:44:05.9661366Z Get:101 http://azure.archive.ubuntu.com/ubuntu noble/universe amd64 libpadwalker-perl amd64 2.5-1build6 [15.5 kB]
2026-10-09T12:44:06.0695550Z Get:102 http://azure.archive.ubuntu.com/ubuntu noble/universe amd64 libdevel-caller-perl amd64 2.07-1build3 [9766 B]
2026-10-09T12:44:06.1096660Z Get:103 http://azure.archive.ubuntu.com/ubuntu noble/universe amd64 libdevel-lexalias-perl amd64 0.05-3build4 [8014 B]
2026-10-09T12:44:06.1296631Z Get:104 http://azure.archive.ubuntu.com/ubuntu noble-updates/main amd64 libdrm-radeon1 amd64 2.4.125-1ubuntu0.1~24.04.2 [20.8 kB]
2026-10-09T12:44:06.1557372Z Get:105 http://azure.archive.ubuntu.com/ubuntu noble-updates/main amd64 libdrm-nouveau2 amd64 2.4.125-1ubuntu0.1~24.04.2 [17.6 kB]
2026-10-09T12:44:06.1804556Z Get:106 http://azure.archive.ubuntu.com/ubuntu noble-updates/main amd64 libpciaccess-dev amd64 0.17-3ubuntu0.24.04.3 [22.0 kB]
2026-10-09T12:44:06.2077085Z Get:107 http://azure.archive.ubuntu.com/ubuntu noble-updates/main amd64 libdrm-dev amd64 2.4.125-1ubuntu0.1~24.04.2 [314 kB]
2026-10-09T12:44:06.2895306Z Get:108 http://azure.archive.ubuntu.com/ubuntu noble-updates/main amd64 libegl1-mesa-dev amd64 25.2.8-0ubuntu0.24.04.4 [26.8 kB]
2026-10-09T12:44:06.3098409Z Get:109 http://azure.archive.ubuntu.com/ubuntu noble-updates/main amd64 libevent-2.1-7t64 amd64 2.1.12-stable-9ubuntu2.2 [146 kB]
2026-10-09T12:44:06.3346512Z Get:110 http://azure.archive.ubuntu.com/ubuntu noble-updates/main amd64 libevent-extra-2.1-7t64 amd64 2.1.12-stable-9ubuntu2.2 [64.6 kB]
2026-10-09T12:44:06.3560459Z Get:111 http://azure.archive.ubuntu.com/ubuntu noble-updates/main amd64 libevent-openssl-2.1-7t64 amd64 2.1.12-stable-9ubuntu2.2 [15.8 kB]
2026-10-09T12:44:06.3756989Z Get:112 http://azure.archive.ubuntu.com/ubuntu noble-updates/main amd64 libevent-dev amd64 2.1.12-stable-9ubuntu2.2 [274 kB]
2026-10-09T12:44:06.4002876Z Get:113 http://azure.archive.ubuntu.com/ubuntu noble/main amd64 libflac12t64 amd64 1.4.3+ds-2.1ubuntu2 [197 kB]
2026-10-09T12:44:06.4245091Z Get:114 http://azure.archive.ubuntu.com/ubuntu noble/main amd64 libogg-dev amd64 1.3.5-3build1 [161 kB]
2026-10-09T12:44:06.4494058Z Get:115 http://azure.archive.ubuntu.com/ubuntu noble/main amd64 libflac-dev amd64 1.4.3+ds-2.1ubuntu2 [247 kB]
2026-10-09T12:44:06.4783707Z Get:116 http://azure.archive.ubuntu.com/ubuntu noble/main amd64 libmp3lame0 amd64 3.100-6build1 [142 kB]
2026-10-09T12:44:06.5036649Z Get:117 http://azure.archive.ubuntu.com/ubuntu noble-updates/main amd64 libmpg123-0t64 amd64 1.32.5-1ubuntu1.1 [169 kB]
2026-10-09T12:44:06.5289017Z Get:118 http://azure.archive.ubuntu.com/ubuntu noble/main amd64 libopus0 amd64 1.4-1build1 [208 kB]
2026-10-09T12:44:06.5536006Z Get:119 http://azure.archive.ubuntu.com/ubuntu noble/main amd64 libvorbisenc2 amd64 1.3.7-1build3 [80.8 kB]
2026-10-09T12:44:06.5742168Z Get:120 http://azure.archive.ubuntu.com/ubuntu noble-updates/main amd64 libsndfile1 amd64 1.2.2-1ubuntu5.24.04.1 [209 kB]
2026-10-09T12:44:06.6432110Z Get:121 http://azure.archive.ubuntu.com/ubuntu noble/universe amd64 libinstpatch-1.0-2 amd64 1.1.6-1build2 [251 kB]
2026-10-09T12:44:06.6644198Z Get:122 http://azure.archive.ubuntu.com/ubuntu noble/universe amd64 libjack0 amd64 1:0.126.0-2build3 [101 kB]
2026-10-09T12:44:06.6837071Z Get:123 http://azure.archive.ubuntu.com/ubuntu noble/main amd64 libwebrtc-audio-processing1 amd64 0.3.1-0ubuntu6 [290 kB]
2026-10-09T12:44:06.7082449Z Get:124 http://azure.archive.ubuntu.com/ubuntu noble-updates/main amd64 libspa-0.2-modules amd64 1.0.5-1ubuntu3.3 [628 kB]
2026-10-09T12:44:06.7407816Z Get:125 http://azure.archive.ubuntu.com/ubuntu noble-updates/main amd64 libpipewire-0.3-0t64 amd64 1.0.5-1ubuntu3.3 [252 kB]
2026-10-09T12:44:06.7642962Z Get:126 http://azure.archive.ubuntu.com/ubuntu noble-updates/main amd64 libpulse0 amd64 1:16.1+dfsg1-2ubuntu10.1 [292 kB]
2026-10-09T12:44:06.7878387Z Get:127 http://azure.archive.ubuntu.com/ubuntu noble/main amd64 libsamplerate0 amd64 0.2.2-4build1 [1344 kB]
2026-10-09T12:44:06.8248757Z Get:128 http://azure.archive.ubuntu.com/ubuntu noble-updates/main amd64 libsdl2-2.0-0 amd64 2.30.0+dfsg-1ubuntu3.1 [686 kB]
2026-10-09T12:44:06.8525579Z Get:129 http://azure.archive.ubuntu.com/ubuntu noble/universe amd64 timgm6mb-soundfont all 1.3-5 [5427 kB]
2026-10-09T12:44:06.9469806Z Get:130 http://azure.archive.ubuntu.com/ubuntu noble/universe amd64 libfluidsynth3 amd64 2.3.4-1build3 [249 kB]
2026-10-09T12:44:06.9706570Z Get:131 http://azure.archive.ubuntu.com/ubuntu noble-updates/main amd64 libglib2.0-dev-bin amd64 2.80.0-6ubuntu3.9 [138 kB]
2026-10-09T12:44:06.9921874Z Get:132 http://azure.archive.ubuntu.com/ubuntu noble-updates/main amd64 uuid-dev amd64 2.39.3-9ubuntu6.6 [33.5 kB]
2026-10-09T12:44:07.0110857Z Get:133 http://azure.archive.ubuntu.com/ubuntu noble-updates/main amd64 libblkid-dev amd64 2.39.3-9ubuntu6.6 [205 kB]
2026-10-09T12:44:07.0336686Z Get:134 http://azure.archive.ubuntu.com/ubuntu noble/main amd64 libsepol-dev amd64 3.5-2build1 [384 kB]
2026-10-09T12:44:07.0596849Z Get:135 http://azure.archive.ubuntu.com/ubuntu noble-updates/main amd64 libselinux1-dev amd64 3.5-2ubuntu2.1 [164 kB]
2026-10-09T12:44:07.0813930Z Get:136 http://azure.archive.ubuntu.com/ubuntu noble-updates/main amd64 libmount-dev amd64 2.39.3-9ubuntu6.6 [14.9 kB]
2026-10-09T12:44:07.0999400Z Get:137 http://azure.archive.ubuntu.com/ubuntu noble-updates/main amd64 libgirepository-2.0-0 amd64 2.80.0-6ubuntu3.9 [73.5 kB]
2026-10-09T12:44:07.1192984Z Get:138 http://azure.archive.ubuntu.com/ubuntu noble-updates/main amd64 libglib2.0-dev amd64 2.80.0-6ubuntu3.9 [1860 kB]
2026-10-09T12:44:07.2074122Z Get:139 http://azure.archive.ubuntu.com/ubuntu noble-updates/main amd64 libout123-0t64 amd64 1.32.5-1ubuntu1.1 [31.1 kB]
2026-10-09T12:44:07.2261662Z Get:140 http://azure.archive.ubuntu.com/ubuntu noble-updates/main amd64 libsyn123-0t64 amd64 1.32.5-1ubuntu1.1 [95.4 kB]
2026-10-09T12:44:07.2457567Z Get:141 http://azure.archive.ubuntu.com/ubuntu noble-updates/main amd64 libmpg123-dev amd64 1.32.5-1ubuntu1.1 [60.9 kB]
2026-10-09T12:44:07.2645786Z Get:142 http://azure.archive.ubuntu.com/ubuntu noble/main amd64 libopus-dev amd64 1.4-1build1 [267 kB]
2026-10-09T12:44:07.2887232Z Get:143 http://azure.archive.ubuntu.com/ubuntu noble/main amd64 libvorbis-dev amd64 1.3.7-1build3 [342 kB]
2026-10-09T12:44:07.3146422Z Get:144 http://azure.archive.ubuntu.com/ubuntu noble-updates/main amd64 libsndfile1-dev amd64 1.2.2-1ubuntu5.24.04.1 [287 kB]
2026-10-09T12:44:07.3390546Z Get:145 http://azure.archive.ubuntu.com/ubuntu noble/universe amd64 libinstpatch-dev amd64 1.1.6-1build2 [55.6 kB]
2026-10-09T12:44:07.3579643Z Get:146 http://azure.archive.ubuntu.com/ubuntu noble/universe amd64 libjack-dev amd64 1:0.126.0-2build3 [140 kB]
2026-10-09T12:44:07.3787456Z Get:147 http://azure.archive.ubuntu.com/ubuntu noble-updates/main amd64 libspa-0.2-dev amd64 1.0.5-1ubuntu3.3 [109 kB]
2026-10-09T12:44:07.3987202Z Get:148 http://azure.archive.ubuntu.com/ubuntu noble-updates/main amd64 libpipewire-0.3-dev amd64 1.0.5-1ubuntu3.3 [53.3 kB]
2026-10-09T12:44:07.4174445Z Get:149 http://azure.archive.ubuntu.com/ubuntu noble-updates/main amd64 libpulse-mainloop-glib0 amd64 1:16.1+dfsg1-2ubuntu10.1 [12.2 kB]
2026-10-09T12:44:07.4355758Z Get:150 http://azure.archive.ubuntu.com/ubuntu noble-updates/universe amd64 libpulse-dev amd64 1:16.1+dfsg1-2ubuntu10.1 [75.6 kB]
2026-10-09T12:44:07.4544635Z Get:151 http://azure.archive.ubuntu.com/ubuntu noble/main amd64 libreadline-dev amd64 8.2-4build1 [167 kB]
2026-10-09T12:44:07.4760638Z Get:152 http://azure.archive.ubuntu.com/ubuntu noble-updates/main amd64 libgbm-dev amd64 25.2.8-0ubuntu0.24.04.4 [12.7 kB]
2026-10-09T12:44:07.4943841Z Get:153 http://azure.archive.ubuntu.com/ubuntu noble/universe amd64 libibus-1.0-dev amd64 1.5.29-2 [187 kB]
2026-10-09T12:44:07.5202799Z Get:154 http://azure.archive.ubuntu.com/ubuntu noble/main amd64 libsamplerate0-dev amd64 0.2.2-4build1 [61.5 kB]
2026-10-09T12:44:07.5389887Z Get:155 http://azure.archive.ubuntu.com/ubuntu noble/universe amd64 libsndio7.0 amd64 1.9.0-0.3build3 [29.6 kB]
2026-10-09T12:44:07.5573543Z Get:156 http://azure.archive.ubuntu.com/ubuntu noble/universe amd64 libsndio-dev amd64 1.9.0-0.3build3 [17.7 kB]
2026-10-09T12:44:07.6194331Z Get:157 http://azure.archive.ubuntu.com/ubuntu noble-updates/main amd64 libudev-dev amd64 255.4-1ubuntu8.17 [22.0 kB]
2026-10-09T12:44:07.6379417Z Get:158 http://azure.archive.ubuntu.com/ubuntu noble/main amd64 libxrender-dev amd64 1:0.9.10-1.1build1 [26.3 kB]
2026-10-09T12:44:07.6568536Z Get:159 http://azure.archive.ubuntu.com/ubuntu noble/main amd64 libxfixes-dev amd64 1:6.0.0-2build1 [12.1 kB]
2026-10-09T12:44:07.6804817Z Get:160 http://azure.archive.ubuntu.com/ubuntu noble/main amd64 libxcursor-dev amd64 1:1.2.1-1build1 [31.8 kB]
2026-10-09T12:44:07.7025786Z Get:161 http://azure.archive.ubuntu.com/ubuntu noble/main amd64 libxi-dev amd64 2:1.8.1-1build1 [194 kB]
2026-10-09T12:44:07.7260829Z Get:162 http://azure.archive.ubuntu.com/ubuntu noble/main amd64 libxinerama-dev amd64 2:1.1.4-3build1 [7988 B]
2026-10-09T12:44:07.7526020Z Get:163 http://azure.archive.ubuntu.com/ubuntu noble/main amd64 libxkbcommon-dev amd64 1.6.0-1build1 [56.3 kB]
2026-10-09T12:44:07.7730230Z Get:164 http://azure.archive.ubuntu.com/ubuntu noble/main amd64 libxrandr-dev amd64 2:1.5.2-2build1 [26.4 kB]
2026-10-09T12:44:07.7917165Z Get:165 http://azure.archive.ubuntu.com/ubuntu noble/main amd64 libxss-dev amd64 1:1.2.3-1build3 [12.1 kB]
2026-10-09T12:44:07.8117512Z Get:166 http://azure.archive.ubuntu.com/ubuntu noble/main amd64 libxv1 amd64 2:1.0.11-1.1build1 [10.7 kB]
2026-10-09T12:44:07.8311080Z Get:167 http://azure.archive.ubuntu.com/ubuntu noble/main amd64 libxv-dev amd64 2:1.0.11-1.1build1 [33.3 kB]
2026-10-09T12:44:07.8500945Z Get:168 http://azure.archive.ubuntu.com/ubuntu noble/main amd64 libxxf86vm-dev amd64 1:1.1.4-1build4 [13.8 kB]
2026-10-09T12:44:07.8695207Z Get:169 http://azure.archive.ubuntu.com/ubuntu noble-updates/universe amd64 libsdl2-dev amd64 2.30.0+dfsg-1ubuntu3.1 [1141 kB]
2026-10-09T12:44:07.9149323Z Get:170 http://azure.archive.ubuntu.com/ubuntu noble-updates/main amd64 libsystemd-dev amd64 255.4-1ubuntu8.17 [1239 kB]
2026-10-09T12:44:07.9469291Z Get:171 http://azure.archive.ubuntu.com/ubuntu noble/universe amd64 libfluidsynth-dev amd64 2.3.4-1build3 [39.4 kB]
2026-10-09T12:44:07.9658442Z Get:172 http://azure.archive.ubuntu.com/ubuntu noble-updates/main amd64 libfreetype6 amd64 2.13.2+dfsg-1ubuntu0.2 [403 kB]
2026-10-09T12:44:07.9931532Z Get:173 http://azure.archive.ubuntu.com/ubuntu noble-updates/main amd64 libpng-dev amd64 1.6.43-5ubuntu0.7 [265 kB]
2026-10-09T12:44:08.0178838Z Get:174 http://azure.archive.ubuntu.com/ubuntu noble-updates/main amd64 libfreetype-dev amd64 2.13.2+dfsg-1ubuntu0.2 [574 kB]
2026-10-09T12:44:08.0525533Z Get:175 http://azure.archive.ubuntu.com/ubuntu noble/universe amd64 libglew2.2 amd64 2.2.0-4build1 [187 kB]
2026-10-09T12:44:08.1152423Z Get:176 http://azure.archive.ubuntu.com/ubuntu noble/universe amd64 libglew-dev amd64 2.2.0-4build1 [280 kB]
2026-10-09T12:44:08.1395267Z Get:177 http://azure.archive.ubuntu.com/ubuntu noble/universe amd64 libglfw3 amd64 3.3.10-1build1 [80.5 kB]
2026-10-09T12:44:08.1604723Z Get:178 http://azure.archive.ubuntu.com/ubuntu noble/universe amd64 libglfw3-dev amd64 3.3.10-1build1 [41.5 kB]
2026-10-09T12:44:08.1808165Z Get:179 http://azure.archive.ubuntu.com/ubuntu noble-updates/main amd64 libgraphite2-dev amd64 1.3.14-2ubuntu0.24.04.1 [14.7 kB]
2026-10-09T12:44:08.2003572Z Get:180 http://azure.archive.ubuntu.com/ubuntu noble/main amd64 libharfbuzz-cairo0 amd64 8.3.0-2build2 [26.2 kB]
2026-10-09T12:44:08.2191620Z Get:181 http://azure.archive.ubuntu.com/ubuntu noble/main amd64 libharfbuzz-icu0 amd64 8.3.0-2build2 [13.3 kB]
2026-10-09T12:44:08.2381609Z Get:182 http://azure.archive.ubuntu.com/ubuntu noble/main amd64 libharfbuzz-subset0 amd64 8.3.0-2build2 [448 kB]
2026-10-09T12:44:08.2710475Z Get:183 http://azure.archive.ubuntu.com/ubuntu noble/main amd64 libharfbuzz-dev amd64 8.3.0-2build2 [142 kB]
2026-10-09T12:44:08.2936127Z Get:184 http://azure.archive.ubuntu.com/ubuntu noble/main amd64 libjpeg-turbo8-dev amd64 2.1.5-2ubuntu2 [295 kB]
2026-10-09T12:44:08.3195328Z Get:185 http://azure.archive.ubuntu.com/ubuntu noble/main amd64 libjpeg8-dev amd64 8c-2ubuntu11 [1484 B]
2026-10-09T12:44:08.3379304Z Get:186 http://azure.archive.ubuntu.com/ubuntu noble/main amd64 libjpeg-dev amd64 8c-2ubuntu11 [1482 B]
2026-10-09T12:44:08.3564790Z Get:187 http://azure.archive.ubuntu.com/ubuntu noble/main amd64 liblerc-dev amd64 4.0.0+ds-4ubuntu2 [182 kB]
2026-10-09T12:44:08.3808404Z Get:188 http://azure.archive.ubuntu.com/ubuntu noble/universe amd64 libmodplug1 amd64 1:0.8.9.0-3build1 [166 kB]
2026-10-09T12:44:08.4045403Z Get:189 http://azure.archive.ubuntu.com/ubuntu noble/universe amd64 libmodplug-dev amd64 1:0.8.9.0-3build1 [14.9 kB]
2026-10-09T12:44:08.4231016Z Get:190 http://azure.archive.ubuntu.com/ubuntu noble/universe amd64 libopusfile0 amd64 0.12-4build3 [44.7 kB]
2026-10-09T12:44:08.4420264Z Get:191 http://azure.archive.ubuntu.com/ubuntu noble/universe amd64 libopusfile-dev amd64 0.12-4build3 [63.1 kB]
2026-10-09T12:44:08.4611393Z Get:192 http://azure.archive.ubuntu.com/ubuntu noble/main amd64 libpackage-stash-xs-perl amd64 0.30-1build4 [18.7 kB]
2026-10-09T12:44:08.4805345Z Get:193 http://azure.archive.ubuntu.com/ubuntu noble-updates/main amd64 libpipewire-0.3-common all 1.0.5-1ubuntu3.3 [19.5 kB]
2026-10-09T12:44:08.5431362Z Get:194 http://azure.archive.ubuntu.com/ubuntu noble-updates/main amd64 libpng-tools amd64 1.6.43-5ubuntu0.7 [28.5 kB]
2026-10-09T12:44:08.5622750Z Get:195 http://azure.archive.ubuntu.com/ubuntu noble/universe amd64 libreadonly-perl all 2.050-3 [19.9 kB]
2026-10-09T12:44:08.5812480Z Get:196 http://azure.archive.ubuntu.com/ubuntu noble/universe amd64 libref-util-perl all 0.204-2 [15.1 kB]
2026-10-09T12:44:08.6016024Z Get:197 http://azure.archive.ubuntu.com/ubuntu noble/universe amd64 libref-util-xs-perl amd64 0.117-2build4 [12.6 kB]
2026-10-09T12:44:08.6210639Z Get:198 http://azure.archive.ubuntu.com/ubuntu noble/universe amd64 libsdl2-image-2.0-0 amd64 2.8.2+dfsg-1build2 [65.1 kB]
2026-10-09T12:44:08.6418875Z Get:199 http://azure.archive.ubuntu.com/ubuntu noble/main amd64 libjbig-dev amd64 2.1-6.1ubuntu2 [27.9 kB]
2026-10-09T12:44:08.6611259Z Get:200 http://azure.archive.ubuntu.com/ubuntu noble-updates/main amd64 liblzma-dev amd64 5.6.1+really5.4.5-1ubuntu0.3 [176 kB]
2026-10-09T12:44:08.6853620Z Get:201 http://azure.archive.ubuntu.com/ubuntu noble/main amd64 libwebpdecoder3 amd64 1.3.2-0.4build3 [114 kB]
2026-10-09T12:44:08.7086955Z Get:202 http://azure.archive.ubuntu.com/ubuntu noble/main amd64 libsharpyuv-dev amd64 1.3.2-0.4build3 [16.0 kB]
2026-10-09T12:44:08.7295134Z Get:203 http://azure.archive.ubuntu.com/ubuntu noble/main amd64 libwebp-dev amd64 1.3.2-0.4build3 [367 kB]
2026-10-09T12:44:08.7598855Z Get:204 http://azure.archive.ubuntu.com/ubuntu noble-updates/main amd64 libtiffxx6 amd64 4.5.1+git230720-4ubuntu2.5 [5642 B]
2026-10-09T12:44:08.7784690Z Get:205 http://azure.archive.ubuntu.com/ubuntu noble-updates/main amd64 libtiff-dev amd64 4.5.1+git230720-4ubuntu2.5 [338 kB]
2026-10-09T12:44:08.8013617Z Get:206 http://azure.archive.ubuntu.com/ubuntu noble/universe amd64 libsdl2-image-dev amd64 2.8.2+dfsg-1build2 [77.1 kB]
2026-10-09T12:44:08.8203157Z Get:207 http://azure.archive.ubuntu.com/ubuntu noble/universe amd64 libsdl2-mixer-2.0-0 amd64 2.8.0+dfsg-1build3 [81.8 kB]
2026-10-09T12:44:08.8399005Z Get:208 http://azure.archive.ubuntu.com/ubuntu noble/universe amd64 libsdl2-mixer-dev amd64 2.8.0+dfsg-1build3 [116 kB]
2026-10-09T12:44:08.8598000Z Get:209 http://azure.archive.ubuntu.com/ubuntu noble/universe amd64 libsdl2-ttf-2.0-0 amd64 2.22.0+dfsg-1 [35.7 kB]
2026-10-09T12:44:08.8788847Z Get:210 http://azure.archive.ubuntu.com/ubuntu noble/universe amd64 libsdl2-ttf-dev amd64 2.22.0+dfsg-1 [45.8 kB]
2026-10-09T12:44:08.8978373Z Get:211 http://azure.archive.ubuntu.com/ubuntu noble/universe amd64 libutf8proc3 amd64 2.9.0-1build1 [70.6 kB]
2026-10-09T12:44:08.9189744Z Get:212 http://azure.archive.ubuntu.com/ubuntu noble/universe amd64 libutf8proc-dev amd64 2.9.0-1build1 [74.1 kB]
2026-10-09T12:44:08.9392142Z Get:213 http://azure.archive.ubuntu.com/ubuntu noble/main amd64 libuv1-dev amd64 1.48.0-1.1build1 [136 kB]
2026-10-09T12:44:08.9596721Z Get:214 http://azure.archive.ubuntu.com/ubuntu noble/main amd64 libvulkan-dev amd64 1.3.275.0-1build1 [1239 kB]
2026-10-09T12:44:08.9898467Z Get:215 http://azure.archive.ubuntu.com/ubuntu noble/universe amd64 libbullet-dev amd64 3.24+dfsg-2.1build1 [397 kB]
2026-10-09T12:44:09.0126277Z Get:216 http://azure.archive.ubuntu.com/ubuntu noble-updates/main amd64 libgd-perl amd64 2.78-1ubuntu0.24.04.1 [129 kB]
2026-10-09T12:44:09.4332689Z Fetched 39.1 MB in 20s (1937 kB/s)
2026-10-09T12:44:12.7714715Z (Reading database ... 203191 files and directories currently installed.)
2026-10-09T12:44:12.7752333Z Preparing to unpack .../000-libpng16-16t64_1.6.43-5ubuntu0.7_amd64.deb ...
2026-10-09T12:44:12.7830478Z Unpacking libpng16-16t64:amd64 (1.6.43-5ubuntu0.7) over (1.6.43-5ubuntu0.6) ...
2026-10-09T12:44:12.8141795Z Selecting previously unselected package build-essential.
2026-10-09T12:44:12.8262585Z Preparing to unpack .../001-build-essential_12.10ubuntu1_amd64.deb ...
2026-10-09T12:44:12.8269215Z Unpacking build-essential (12.10ubuntu1) ...
2026-10-09T12:44:12.8450831Z Selecting previously unselected package bzip2-doc.
2026-10-09T12:44:12.8569368Z Preparing to unpack .../002-bzip2-doc_1.0.8-5.1ubuntu0.1_all.deb ...
2026-10-09T12:44:12.8576019Z Unpacking bzip2-doc (1.0.8-5.1ubuntu0.1) ...
2026-10-09T12:44:12.8802977Z Selecting previously unselected package libglut3.12:amd64.
2026-10-09T12:44:12.8922555Z Preparing to unpack .../003-libglut3.12_3.4.0-1build1_amd64.deb ...
2026-10-09T12:44:12.8930190Z Unpacking libglut3.12:amd64 (3.4.0-1build1) ...
2026-10-09T12:44:12.9125781Z Selecting previously unselected package xorg-sgml-doctools.
2026-10-09T12:44:12.9245192Z Preparing to unpack .../004-xorg-sgml-doctools_1%3a1.11-1.1_all.deb ...
2026-10-09T12:44:12.9251738Z Unpacking xorg-sgml-doctools (1:1.11-1.1) ...
2026-10-09T12:44:12.9521482Z Selecting previously unselected package x11proto-dev.
2026-10-09T12:44:12.9640829Z Preparing to unpack .../005-x11proto-dev_2023.2-1_all.deb ...
2026-10-09T12:44:12.9647315Z Unpacking x11proto-dev (2023.2-1) ...
2026-10-09T12:44:13.0190869Z Selecting previously unselected package libxau-dev:amd64.
2026-10-09T12:44:13.0311910Z Preparing to unpack .../006-libxau-dev_1%3a1.0.9-1build6_amd64.deb ...
2026-10-09T12:44:13.0318551Z Unpacking libxau-dev:amd64 (1:1.0.9-1build6) ...
2026-10-09T12:44:13.0570792Z Selecting previously unselected package libxdmcp-dev:amd64.
2026-10-09T12:44:13.0690562Z Preparing to unpack .../007-libxdmcp-dev_1%3a1.1.3-0ubuntu6_amd64.deb ...
2026-10-09T12:44:13.0697483Z Unpacking libxdmcp-dev:amd64 (1:1.1.3-0ubuntu6) ...
2026-10-09T12:44:13.0881208Z Selecting previously unselected package xtrans-dev.
2026-10-09T12:44:13.1000139Z Preparing to unpack .../008-xtrans-dev_1.4.0-1_all.deb ...
2026-10-09T12:44:13.1006782Z Unpacking xtrans-dev (1.4.0-1) ...
2026-10-09T12:44:13.1230751Z Selecting previously unselected package libpthread-stubs0-dev:amd64.
2026-10-09T12:44:13.1345941Z Preparing to unpack .../009-libpthread-stubs0-dev_0.4-1build3_amd64.deb ...
2026-10-09T12:44:13.1352686Z Unpacking libpthread-stubs0-dev:amd64 (0.4-1build3) ...
2026-10-09T12:44:13.1529794Z Selecting previously unselected package libxcb1-dev:amd64.
2026-10-09T12:44:13.1647135Z Preparing to unpack .../010-libxcb1-dev_1.15-1ubuntu2_amd64.deb ...
2026-10-09T12:44:13.1653786Z Unpacking libxcb1-dev:amd64 (1.15-1ubuntu2) ...
2026-10-09T12:44:13.1857463Z Selecting previously unselected package libx11-dev:amd64.
2026-10-09T12:44:13.1974330Z Preparing to unpack .../011-libx11-dev_2%3a1.8.7-1build1_amd64.deb ...
2026-10-09T12:44:13.1981172Z Unpacking libx11-dev:amd64 (2:1.8.7-1build1) ...
2026-10-09T12:44:13.2252045Z Selecting previously unselected package libglx-dev:amd64.
2026-10-09T12:44:13.2371683Z Preparing to unpack .../012-libglx-dev_1.7.0-1build1_amd64.deb ...
2026-10-09T12:44:13.2377984Z Unpacking libglx-dev:amd64 (1.7.0-1build1) ...
2026-10-09T12:44:13.2562717Z Selecting previously unselected package libgl-dev:amd64.
2026-10-09T12:44:13.2676628Z Preparing to unpack .../013-libgl-dev_1.7.0-1build1_amd64.deb ...
2026-10-09T12:44:13.2682847Z Unpacking libgl-dev:amd64 (1.7.0-1build1) ...
2026-10-09T12:44:13.2900264Z Selecting previously unselected package libglvnd-core-dev:amd64.
2026-10-09T12:44:13.3015260Z Preparing to unpack .../014-libglvnd-core-dev_1.7.0-1build1_amd64.deb ...
2026-10-09T12:44:13.3022095Z Unpacking libglvnd-core-dev:amd64 (1.7.0-1build1) ...
2026-10-09T12:44:13.3212277Z Selecting previously unselected package libegl-mesa0:amd64.
2026-10-09T12:44:13.3325718Z Preparing to unpack .../015-libegl-mesa0_25.2.8-0ubuntu0.24.04.4_amd64.deb ...
2026-10-09T12:44:13.3332594Z Unpacking libegl-mesa0:amd64 (25.2.8-0ubuntu0.24.04.4) ...
2026-10-09T12:44:13.3540559Z Selecting previously unselected package libegl1:amd64.
2026-10-09T12:44:13.3654669Z Preparing to unpack .../016-libegl1_1.7.0-1build1_amd64.deb ...
2026-10-09T12:44:13.3661338Z Unpacking libegl1:amd64 (1.7.0-1build1) ...
2026-10-09T12:44:13.3845032Z Selecting previously unselected package libegl-dev:amd64.
2026-10-09T12:44:13.3957115Z Preparing to unpack .../017-libegl-dev_1.7.0-1build1_amd64.deb ...
2026-10-09T12:44:13.3964806Z Unpacking libegl-dev:amd64 (1.7.0-1build1) ...
2026-10-09T12:44:13.4161611Z Selecting previously unselected package libgles1:amd64.
2026-10-09T12:44:13.4272100Z Preparing to unpack .../018-libgles1_1.7.0-1build1_amd64.deb ...
2026-10-09T12:44:13.4280225Z Unpacking libgles1:amd64 (1.7.0-1build1) ...
2026-10-09T12:44:13.4472915Z Selecting previously unselected package libgles2:amd64.
2026-10-09T12:44:13.4583860Z Preparing to unpack .../019-libgles2_1.7.0-1build1_amd64.deb ...
2026-10-09T12:44:13.4592551Z Unpacking libgles2:amd64 (1.7.0-1build1) ...
2026-10-09T12:44:13.4777972Z Selecting previously unselected package libgles-dev:amd64.
2026-10-09T12:44:13.4895228Z Preparing to unpack .../020-libgles-dev_1.7.0-1build1_amd64.deb ...
2026-10-09T12:44:13.4901950Z Unpacking libgles-dev:amd64 (1.7.0-1build1) ...
2026-10-09T12:44:13.5134283Z Selecting previously unselected package libopengl0:amd64.
2026-10-09T12:44:13.5252689Z Preparing to unpack .../021-libopengl0_1.7.0-1build1_amd64.deb ...
2026-10-09T12:44:13.5259716Z Unpacking libopengl0:amd64 (1.7.0-1build1) ...
2026-10-09T12:44:13.5446316Z Selecting previously unselected package libopengl-dev:amd64.
2026-10-09T12:44:13.5565088Z Preparing to unpack .../022-libopengl-dev_1.7.0-1build1_amd64.deb ...
2026-10-09T12:44:13.5573114Z Unpacking libopengl-dev:amd64 (1.7.0-1build1) ...
2026-10-09T12:44:13.5753683Z Selecting previously unselected package libglvnd-dev:amd64.
2026-10-09T12:44:13.5869648Z Preparing to unpack .../023-libglvnd-dev_1.7.0-1build1_amd64.deb ...
2026-10-09T12:44:13.5877031Z Unpacking libglvnd-dev:amd64 (1.7.0-1build1) ...
2026-10-09T12:44:13.6051924Z Selecting previously unselected package libgl1-mesa-dev:amd64.
2026-10-09T12:44:13.6167026Z Preparing to unpack .../024-libgl1-mesa-dev_25.2.8-0ubuntu0.24.04.4_amd64.deb ...
2026-10-09T12:44:13.6173951Z Unpacking libgl1-mesa-dev:amd64 (25.2.8-0ubuntu0.24.04.4) ...
2026-10-09T12:44:13.6355706Z Selecting previously unselected package libglu1-mesa:amd64.
2026-10-09T12:44:13.6466016Z Preparing to unpack .../025-libglu1-mesa_9.0.2-1.1build1_amd64.deb ...
2026-10-09T12:44:13.6473066Z Unpacking libglu1-mesa:amd64 (9.0.2-1.1build1) ...
2026-10-09T12:44:13.6667898Z Selecting previously unselected package libglu1-mesa-dev:amd64.
2026-10-09T12:44:13.6780303Z Preparing to unpack .../026-libglu1-mesa-dev_9.0.2-1.1build1_amd64.deb ...
2026-10-09T12:44:13.6787236Z Unpacking libglu1-mesa-dev:amd64 (9.0.2-1.1build1) ...
2026-10-09T12:44:13.7000628Z Selecting previously unselected package libxext-dev:amd64.
2026-10-09T12:44:13.7114369Z Preparing to unpack .../027-libxext-dev_2%3a1.3.4-1build2_amd64.deb ...
2026-10-09T12:44:13.7121066Z Unpacking libxext-dev:amd64 (2:1.3.4-1build2) ...
2026-10-09T12:44:13.7404880Z Selecting previously unselected package libice-dev:amd64.
2026-10-09T12:44:13.7520273Z Preparing to unpack .../028-libice-dev_2%3a1.0.10-1build3_amd64.deb ...
2026-10-09T12:44:13.7527471Z Unpacking libice-dev:amd64 (2:1.0.10-1build3) ...
2026-10-09T12:44:13.7721502Z Selecting previously unselected package libsm-dev:amd64.
2026-10-09T12:44:13.7833557Z Preparing to unpack .../029-libsm-dev_2%3a1.2.3-1build3_amd64.deb ...
2026-10-09T12:44:13.7840517Z Unpacking libsm-dev:amd64 (2:1.2.3-1build3) ...
2026-10-09T12:44:13.8024738Z Selecting previously unselected package libxt-dev:amd64.
2026-10-09T12:44:13.8136386Z Preparing to unpack .../030-libxt-dev_1%3a1.2.1-1.2build1_amd64.deb ...
2026-10-09T12:44:13.8143562Z Unpacking libxt-dev:amd64 (1:1.2.1-1.2build1) ...
2026-10-09T12:44:13.8671837Z Selecting previously unselected package libglut-dev:amd64.
2026-10-09T12:44:13.8789333Z Preparing to unpack .../031-libglut-dev_3.4.0-1build1_amd64.deb ...
2026-10-09T12:44:13.8796438Z Unpacking libglut-dev:amd64 (3.4.0-1build1) ...
2026-10-09T12:44:13.9015059Z Selecting previously unselected package freeglut3-dev:amd64.
2026-10-09T12:44:13.9131079Z Preparing to unpack .../032-freeglut3-dev_3.4.0-1build1_amd64.deb ...
2026-10-09T12:44:13.9137358Z Unpacking freeglut3-dev:amd64 (3.4.0-1build1) ...
2026-10-09T12:44:13.9309225Z Selecting previously unselected package gforth-common.
2026-10-09T12:44:13.9424550Z Preparing to unpack .../033-gforth-common_0.7.3+dfsg-9build4.1_all.deb ...
2026-10-09T12:44:13.9431131Z Unpacking gforth-common (0.7.3+dfsg-9build4.1) ...
2026-10-09T12:44:13.9937839Z Selecting previously unselected package gforth-lib:amd64.
2026-10-09T12:44:14.0057174Z Preparing to unpack .../034-gforth-lib_0.7.3+dfsg-9build4.1_amd64.deb ...
2026-10-09T12:44:14.0064243Z Unpacking gforth-lib:amd64 (0.7.3+dfsg-9build4.1) ...
2026-10-09T12:44:14.0291680Z Selecting previously unselected package gforth.
2026-10-09T12:44:14.0411174Z Preparing to unpack .../035-gforth_0.7.3+dfsg-9build4.1_amd64.deb ...
2026-10-09T12:44:14.0656765Z Unpacking gforth (0.7.3+dfsg-9build4.1) ...
2026-10-09T12:44:14.1103830Z Selecting previously unselected package gir1.2-freedesktop:amd64.
2026-10-09T12:44:14.1223644Z Preparing to unpack .../036-gir1.2-freedesktop_1.80.1-1_amd64.deb ...
2026-10-09T12:44:14.1230422Z Unpacking gir1.2-freedesktop:amd64 (1.80.1-1) ...
2026-10-09T12:44:14.1428811Z Selecting previously unselected package gir1.2-glib-2.0-dev:amd64.
2026-10-09T12:44:14.1547929Z Preparing to unpack .../037-gir1.2-glib-2.0-dev_2.80.0-6ubuntu3.9_amd64.deb ...
2026-10-09T12:44:14.1557533Z Unpacking gir1.2-glib-2.0-dev:amd64 (2.80.0-6ubuntu3.9) ...
2026-10-09T12:44:14.2034359Z Selecting previously unselected package gir1.2-freedesktop-dev:amd64.
2026-10-09T12:44:14.2159320Z Preparing to unpack .../038-gir1.2-freedesktop-dev_1.80.1-1_amd64.deb ...
2026-10-09T12:44:14.2166704Z Unpacking gir1.2-freedesktop-dev:amd64 (1.80.1-1) ...
2026-10-09T12:44:14.2369367Z Selecting previously unselected package libharfbuzz-gobject0:amd64.
2026-10-09T12:44:14.2491862Z Preparing to unpack .../039-libharfbuzz-gobject0_8.3.0-2build2_amd64.deb ...
2026-10-09T12:44:14.2498314Z Unpacking libharfbuzz-gobject0:amd64 (8.3.0-2build2) ...
2026-10-09T12:44:14.2681080Z Selecting previously unselected package gir1.2-harfbuzz-0.0:amd64.
2026-10-09T12:44:14.2803882Z Preparing to unpack .../040-gir1.2-harfbuzz-0.0_8.3.0-2build2_amd64.deb ...
2026-10-09T12:44:14.2810941Z Unpacking gir1.2-harfbuzz-0.0:amd64 (8.3.0-2build2) ...
2026-10-09T12:44:14.3001670Z Selecting previously unselected package libibus-1.0-5:amd64.
2026-10-09T12:44:14.3122133Z Preparing to unpack .../041-libibus-1.0-5_1.5.29-2_amd64.deb ...
2026-10-09T12:44:14.3129245Z Unpacking libibus-1.0-5:amd64 (1.5.29-2) ...
2026-10-09T12:44:14.3330437Z Selecting previously unselected package gir1.2-ibus-1.0:amd64.
2026-10-09T12:44:14.3450171Z Preparing to unpack .../042-gir1.2-ibus-1.0_1.5.29-2_amd64.deb ...
2026-10-09T12:44:14.3456512Z Unpacking gir1.2-ibus-1.0:amd64 (1.5.29-2) ...
2026-10-09T12:44:14.3643850Z Selecting previously unselected package libcapture-tiny-perl.
2026-10-09T12:44:14.3762156Z Preparing to unpack .../043-libcapture-tiny-perl_0.48-2_all.deb ...
2026-10-09T12:44:14.3768400Z Unpacking libcapture-tiny-perl (0.48-2) ...
2026-10-09T12:44:14.3953071Z Selecting previously unselected package libclass-inspector-perl.
2026-10-09T12:44:14.4066669Z Preparing to unpack .../044-libclass-inspector-perl_1.36-3_all.deb ...
2026-10-09T12:44:14.4072875Z Unpacking libclass-inspector-perl (1.36-3) ...
2026-10-09T12:44:14.4253986Z Selecting previously unselected package libfile-sharedir-perl.
2026-10-09T12:44:14.4366205Z Preparing to unpack .../045-libfile-sharedir-perl_1.118-3_all.deb ...
2026-10-09T12:44:14.4372663Z Unpacking libfile-sharedir-perl (1.118-3) ...
2026-10-09T12:44:14.4561033Z Selecting previously unselected package libb-hooks-op-check-perl:amd64.
2026-10-09T12:44:14.4673849Z Preparing to unpack .../046-libb-hooks-op-check-perl_0.22-3build1_amd64.deb ...
2026-10-09T12:44:14.4681284Z Unpacking libb-hooks-op-check-perl:amd64 (0.22-3build1) ...
2026-10-09T12:44:14.4869742Z Selecting previously unselected package libdynaloader-functions-perl.
2026-10-09T12:44:14.4981550Z Preparing to unpack .../047-libdynaloader-functions-perl_0.003-3_all.deb ...
2026-10-09T12:44:14.4989191Z Unpacking libdynaloader-functions-perl (0.003-3) ...
2026-10-09T12:44:14.5167236Z Selecting previously unselected package libdevel-callchecker-perl:amd64.
2026-10-09T12:44:14.5279448Z Preparing to unpack .../048-libdevel-callchecker-perl_0.008-2build3_amd64.deb ...
2026-10-09T12:44:14.5286104Z Unpacking libdevel-callchecker-perl:amd64 (0.008-2build3) ...
2026-10-09T12:44:14.5470087Z Selecting previously unselected package libparams-classify-perl:amd64.
2026-10-09T12:44:14.5582860Z Preparing to unpack .../049-libparams-classify-perl_0.015-2build5_amd64.deb ...
2026-10-09T12:44:14.5589253Z Unpacking libparams-classify-perl:amd64 (0.015-2build5) ...
2026-10-09T12:44:14.5771511Z Selecting previously unselected package libmodule-runtime-perl.
2026-10-09T12:44:14.5883408Z Preparing to unpack .../050-libmodule-runtime-perl_0.016-2_all.deb ...
2026-10-09T12:44:14.5890034Z Unpacking libmodule-runtime-perl (0.016-2) ...
2026-10-09T12:44:14.6071885Z Selecting previously unselected package libtry-tiny-perl.
2026-10-09T12:44:14.6184035Z Preparing to unpack .../051-libtry-tiny-perl_0.31-2_all.deb ...
2026-10-09T12:44:14.6191827Z Unpacking libtry-tiny-perl (0.31-2) ...
2026-10-09T12:44:14.6369925Z Selecting previously unselected package libmodule-implementation-perl.
2026-10-09T12:44:14.6482489Z Preparing to unpack .../052-libmodule-implementation-perl_0.09-2_all.deb ...
2026-10-09T12:44:14.6488637Z Unpacking libmodule-implementation-perl (0.09-2) ...
2026-10-09T12:44:14.6663429Z Selecting previously unselected package libsub-exporter-progressive-perl.
2026-10-09T12:44:14.6776379Z Preparing to unpack .../053-libsub-exporter-progressive-perl_0.001013-3_all.deb ...
2026-10-09T12:44:14.6783588Z Unpacking libsub-exporter-progressive-perl (0.001013-3) ...
2026-10-09T12:44:14.6962418Z Selecting previously unselected package libvariable-magic-perl.
2026-10-09T12:44:14.7074473Z Preparing to unpack .../054-libvariable-magic-perl_0.63-1build3_amd64.deb ...
2026-10-09T12:44:14.7080905Z Unpacking libvariable-magic-perl (0.63-1build3) ...
2026-10-09T12:44:14.7274762Z Selecting previously unselected package libb-hooks-endofscope-perl.
2026-10-09T12:44:14.7386871Z Preparing to unpack .../055-libb-hooks-endofscope-perl_0.28-1_all.deb ...
2026-10-09T12:44:14.7393450Z Unpacking libb-hooks-endofscope-perl (0.28-1) ...
2026-10-09T12:44:14.7636668Z Selecting previously unselected package libpackage-stash-perl.
2026-10-09T12:44:14.7750603Z Preparing to unpack .../056-libpackage-stash-perl_0.40-1_all.deb ...
2026-10-09T12:44:14.7757088Z Unpacking libpackage-stash-perl (0.40-1) ...
2026-10-09T12:44:14.7941035Z Selecting previously unselected package libsub-identify-perl.
2026-10-09T12:44:14.8053508Z Preparing to unpack .../057-libsub-identify-perl_0.14-3build3_amd64.deb ...
2026-10-09T12:44:14.8061482Z Unpacking libsub-identify-perl (0.14-3build3) ...
2026-10-09T12:44:14.8241985Z Selecting previously unselected package libsub-name-perl:amd64.
2026-10-09T12:44:14.8352800Z Preparing to unpack .../058-libsub-name-perl_0.27-1build3_amd64.deb ...
2026-10-09T12:44:14.8359332Z Unpacking libsub-name-perl:amd64 (0.27-1build3) ...
2026-10-09T12:44:14.8541181Z Selecting previously unselected package libnamespace-clean-perl.
2026-10-09T12:44:14.8652205Z Preparing to unpack .../059-libnamespace-clean-perl_0.27-2_all.deb ...
2026-10-09T12:44:14.8658738Z Unpacking libnamespace-clean-perl (0.27-2) ...
2026-10-09T12:44:14.8840844Z Selecting previously unselected package libnamespace-autoclean-perl.
2026-10-09T12:44:14.8952648Z Preparing to unpack .../060-libnamespace-autoclean-perl_0.29-2_all.deb ...
2026-10-09T12:44:14.8960676Z Unpacking libnamespace-autoclean-perl (0.29-2) ...
2026-10-09T12:44:14.9139142Z Selecting previously unselected package libparams-util-perl.
2026-10-09T12:44:14.9250631Z Preparing to unpack .../061-libparams-util-perl_1.102-2build3_amd64.deb ...
2026-10-09T12:44:14.9257458Z Unpacking libparams-util-perl (1.102-2build3) ...
2026-10-09T12:44:14.9443651Z Selecting previously unselected package libsub-install-perl.
2026-10-09T12:44:14.9555579Z Preparing to unpack .../062-libsub-install-perl_0.929-1_all.deb ...
2026-10-09T12:44:14.9562958Z Unpacking libsub-install-perl (0.929-1) ...
2026-10-09T12:44:14.9739387Z Selecting previously unselected package libdata-optlist-perl.
2026-10-09T12:44:14.9852521Z Preparing to unpack .../063-libdata-optlist-perl_0.114-1_all.deb ...
2026-10-09T12:44:14.9858983Z Unpacking libdata-optlist-perl (0.114-1) ...
2026-10-09T12:44:15.0034882Z Selecting previously unselected package libsub-exporter-perl.
2026-10-09T12:44:15.0147563Z Preparing to unpack .../064-libsub-exporter-perl_0.990-1_all.deb ...
2026-10-09T12:44:15.0154806Z Unpacking libsub-exporter-perl (0.990-1) ...
2026-10-09T12:44:15.0347642Z Selecting previously unselected package libeval-closure-perl.
2026-10-09T12:44:15.0460059Z Preparing to unpack .../065-libeval-closure-perl_0.14-3_all.deb ...
2026-10-09T12:44:15.0466972Z Unpacking libeval-closure-perl (0.14-3) ...
2026-10-09T12:44:15.0643984Z Selecting previously unselected package libclass-data-inheritable-perl.
2026-10-09T12:44:15.0757791Z Preparing to unpack .../066-libclass-data-inheritable-perl_0.08-3_all.deb ...
2026-10-09T12:44:15.0764654Z Unpacking libclass-data-inheritable-perl (0.08-3) ...
2026-10-09T12:44:15.0948986Z Selecting previously unselected package libdevel-stacktrace-perl.
2026-10-09T12:44:15.1062907Z Preparing to unpack .../067-libdevel-stacktrace-perl_2.0500-1_all.deb ...
2026-10-09T12:44:15.1069351Z Unpacking libdevel-stacktrace-perl (2.0500-1) ...
2026-10-09T12:44:15.1251695Z Selecting previously unselected package libexception-class-perl.
2026-10-09T12:44:15.1364965Z Preparing to unpack .../068-libexception-class-perl_1.45-1_all.deb ...
2026-10-09T12:44:15.1375142Z Unpacking libexception-class-perl (1.45-1) ...
2026-10-09T12:44:15.1561309Z Selecting previously unselected package libparams-validationcompiler-perl.
2026-10-09T12:44:15.1674068Z Preparing to unpack .../069-libparams-validationcompiler-perl_0.31-1_all.deb ...
2026-10-09T12:44:15.1680880Z Unpacking libparams-validationcompiler-perl (0.31-1) ...
2026-10-09T12:44:15.1874732Z Selecting previously unselected package libalgorithm-c3-perl.
2026-10-09T12:44:15.1988746Z Preparing to unpack .../070-libalgorithm-c3-perl_0.11-2_all.deb ...
2026-10-09T12:44:15.1995494Z Unpacking libalgorithm-c3-perl (0.11-2) ...
2026-10-09T12:44:15.2174022Z Selecting previously unselected package libclass-c3-perl.
2026-10-09T12:44:15.2286659Z Preparing to unpack .../071-libclass-c3-perl_0.35-2_all.deb ...
2026-10-09T12:44:15.2293484Z Unpacking libclass-c3-perl (0.35-2) ...
2026-10-09T12:44:15.2474123Z Selecting previously unselected package libmro-compat-perl.
2026-10-09T12:44:15.2588765Z Preparing to unpack .../072-libmro-compat-perl_0.15-2_all.deb ...
2026-10-09T12:44:15.2596130Z Unpacking libmro-compat-perl (0.15-2) ...
2026-10-09T12:44:15.2772890Z Selecting previously unselected package libclass-method-modifiers-perl.
2026-10-09T12:44:15.2886026Z Preparing to unpack .../073-libclass-method-modifiers-perl_2.15-1_all.deb ...
2026-10-09T12:44:15.2893030Z Unpacking libclass-method-modifiers-perl (2.15-1) ...
2026-10-09T12:44:15.3070100Z Selecting previously unselected package librole-tiny-perl.
2026-10-09T12:44:15.3183102Z Preparing to unpack .../074-librole-tiny-perl_2.002004-1_all.deb ...
2026-10-09T12:44:15.3190220Z Unpacking librole-tiny-perl (2.002004-1) ...
2026-10-09T12:44:15.3383050Z Selecting previously unselected package libsub-quote-perl.
2026-10-09T12:44:15.3496652Z Preparing to unpack .../075-libsub-quote-perl_2.006008-1ubuntu1_all.deb ...
2026-10-09T12:44:15.3503721Z Unpacking libsub-quote-perl (2.006008-1ubuntu1) ...
2026-10-09T12:44:15.3685574Z Selecting previously unselected package libxstring-perl:amd64.
2026-10-09T12:44:15.3797497Z Preparing to unpack .../076-libxstring-perl_0.005-2build3_amd64.deb ...
2026-10-09T12:44:15.3805549Z Unpacking libxstring-perl:amd64 (0.005-2build3) ...
2026-10-09T12:44:15.3987787Z Selecting previously unselected package libspecio-perl.
2026-10-09T12:44:15.4099411Z Preparing to unpack .../077-libspecio-perl_0.48-1_all.deb ...
2026-10-09T12:44:15.4107664Z Unpacking libspecio-perl (0.48-1) ...
2026-10-09T12:44:15.4420079Z Selecting previously unselected package libdatetime-locale-perl.
2026-10-09T12:44:15.4537666Z Preparing to unpack .../078-libdatetime-locale-perl_1%3a1.37-1_all.deb ...
2026-10-09T12:44:15.4545100Z Unpacking libdatetime-locale-perl (1:1.37-1) ...
2026-10-09T12:44:15.9220363Z Selecting previously unselected package libclass-singleton-perl.
2026-10-09T12:44:15.9354107Z Preparing to unpack .../079-libclass-singleton-perl_1.6-2_all.deb ...
2026-10-09T12:44:15.9360720Z Unpacking libclass-singleton-perl (1.6-2) ...
2026-10-09T12:44:15.9549201Z Selecting previously unselected package libdatetime-timezone-perl.
2026-10-09T12:44:15.9673089Z Preparing to unpack .../080-libdatetime-timezone-perl_1%3a2.62-1+2024a_all.deb ...
2026-10-09T12:44:15.9680546Z Unpacking libdatetime-timezone-perl (1:2.62-1+2024a) ...
2026-10-09T12:44:16.0864810Z Selecting previously unselected package libdatetime-perl.
2026-10-09T12:44:16.0991985Z Preparing to unpack .../081-libdatetime-perl_2%3a1.65-1build2_amd64.deb ...
2026-10-09T12:44:16.0998139Z Unpacking libdatetime-perl (2:1.65-1build2) ...
2026-10-09T12:44:16.1210682Z Selecting previously unselected package libperlio-gzip-perl.
2026-10-09T12:44:16.1335978Z Preparing to unpack .../082-libperlio-gzip-perl_0.20-1build4_amd64.deb ...
2026-10-09T12:44:16.1342043Z Unpacking libperlio-gzip-perl (0.20-1build4) ...
2026-10-09T12:44:16.1528126Z Selecting previously unselected package lcov.
2026-10-09T12:44:16.1651140Z Preparing to unpack .../083-lcov_2.0-4ubuntu2_all.deb ...
2026-10-09T12:44:16.1657237Z Unpacking lcov (2.0-4ubuntu2) ...
2026-10-09T12:44:16.1947970Z Selecting previously unselected package libasound2-dev:amd64.
2026-10-09T12:44:16.2070285Z Preparing to unpack .../084-libasound2-dev_1.2.11-1ubuntu0.3_amd64.deb ...
2026-10-09T12:44:16.2098240Z Unpacking libasound2-dev:amd64 (1.2.11-1ubuntu0.3) ...
2026-10-09T12:44:16.2407884Z Selecting previously unselected package libasyncns0:amd64.
2026-10-09T12:44:16.2531024Z Preparing to unpack .../085-libasyncns0_0.8-6build4_amd64.deb ...
2026-10-09T12:44:16.2538383Z Unpacking libasyncns0:amd64 (0.8-6build4) ...
2026-10-09T12:44:16.2721180Z Selecting previously unselected package libbrotli-dev:amd64.
2026-10-09T12:44:16.2844099Z Preparing to unpack .../086-libbrotli-dev_1.1.0-2build2_amd64.deb ...
2026-10-09T12:44:16.2851235Z Unpacking libbrotli-dev:amd64 (1.1.0-2build2) ...
2026-10-09T12:44:16.3086264Z Selecting previously unselected package libbullet3.24t64:amd64.
2026-10-09T12:44:16.3208323Z Preparing to unpack .../087-libbullet3.24t64_3.24+dfsg-2.1build1_amd64.deb ...
2026-10-09T12:44:16.3215047Z Unpacking libbullet3.24t64:amd64 (3.24+dfsg-2.1build1) ...
2026-10-09T12:44:16.3644496Z Selecting previously unselected package libbz2-dev:amd64.
2026-10-09T12:44:16.3770365Z Preparing to unpack .../088-libbz2-dev_1.0.8-5.1ubuntu0.1_amd64.deb ...
2026-10-09T12:44:16.3776928Z Unpacking libbz2-dev:amd64 (1.0.8-5.1ubuntu0.1) ...
2026-10-09T12:44:16.3961001Z Selecting previously unselected package libclass-c3-xs-perl.
2026-10-09T12:44:16.4085615Z Preparing to unpack .../089-libclass-c3-xs-perl_0.15-1build6_amd64.deb ...
2026-10-09T12:44:16.4092358Z Unpacking libclass-c3-xs-perl (0.15-1build6) ...
2026-10-09T12:44:16.4279364Z Selecting previously unselected package libclass-xsaccessor-perl.
2026-10-09T12:44:16.4402442Z Preparing to unpack .../090-libclass-xsaccessor-perl_1.19-4build4_amd64.deb ...
2026-10-09T12:44:16.4409769Z Unpacking libclass-xsaccessor-perl (1.19-4build4) ...
2026-10-09T12:44:16.4612196Z Selecting previously unselected package libdbus-1-dev:amd64.
2026-10-09T12:44:16.4735094Z Preparing to unpack .../091-libdbus-1-dev_1.14.10-4ubuntu4.1_amd64.deb ...
2026-10-09T12:44:16.4741624Z Unpacking libdbus-1-dev:amd64 (1.14.10-4ubuntu4.1) ...
2026-10-09T12:44:16.5013728Z Selecting previously unselected package libdecor-0-0:amd64.
2026-10-09T12:44:16.5136028Z Preparing to unpack .../092-libdecor-0-0_0.2.2-1build2_amd64.deb ...
2026-10-09T12:44:16.5143871Z Unpacking libdecor-0-0:amd64 (0.2.2-1build2) ...
2026-10-09T12:44:16.5335776Z Selecting previously unselected package libwayland-server0:amd64.
2026-10-09T12:44:16.5457881Z Preparing to unpack .../093-libwayland-server0_1.22.0-2.1build1_amd64.deb ...
2026-10-09T12:44:16.5464772Z Unpacking libwayland-server0:amd64 (1.22.0-2.1build1) ...
2026-10-09T12:44:16.5651503Z Selecting previously unselected package libwayland-bin.
2026-10-09T12:44:16.5772965Z Preparing to unpack .../094-libwayland-bin_1.22.0-2.1build1_amd64.deb ...
2026-10-09T12:44:16.5780775Z Unpacking libwayland-bin (1.22.0-2.1build1) ...
2026-10-09T12:44:16.5966906Z Selecting previously unselected package libwayland-dev:amd64.
2026-10-09T12:44:16.6086131Z Preparing to unpack .../095-libwayland-dev_1.22.0-2.1build1_amd64.deb ...
2026-10-09T12:44:16.6092632Z Unpacking libwayland-dev:amd64 (1.22.0-2.1build1) ...
2026-10-09T12:44:16.6318229Z Selecting previously unselected package libdecor-0-dev:amd64.
2026-10-09T12:44:16.6437026Z Preparing to unpack .../096-libdecor-0-dev_0.2.2-1build2_amd64.deb ...
2026-10-09T12:44:16.6443300Z Unpacking libdecor-0-dev:amd64 (0.2.2-1build2) ...
2026-10-09T12:44:16.6622161Z Selecting previously unselected package libdecor-0-plugin-1-gtk:amd64.
2026-10-09T12:44:16.6737234Z Preparing to unpack .../097-libdecor-0-plugin-1-gtk_0.2.2-1build2_amd64.deb ...
2026-10-09T12:44:16.6743756Z Unpacking libdecor-0-plugin-1-gtk:amd64 (0.2.2-1build2) ...
2026-10-09T12:44:16.6924859Z Selecting previously unselected package libdeflate-dev:amd64.
2026-10-09T12:44:16.7040790Z Preparing to unpack .../098-libdeflate-dev_1.19-1build1.1_amd64.deb ...
2026-10-09T12:44:16.7049312Z Unpacking libdeflate-dev:amd64 (1.19-1build1.1) ...
2026-10-09T12:44:16.7253783Z Selecting previously unselected package libpadwalker-perl.
2026-10-09T12:44:16.7373210Z Preparing to unpack .../099-libpadwalker-perl_2.5-1build6_amd64.deb ...
2026-10-09T12:44:16.7380443Z Unpacking libpadwalker-perl (2.5-1build6) ...
2026-10-09T12:44:16.7565396Z Selecting previously unselected package libdevel-caller-perl:amd64.
2026-10-09T12:44:16.7684251Z Preparing to unpack .../100-libdevel-caller-perl_2.07-1build3_amd64.deb ...
2026-10-09T12:44:16.7690020Z Unpacking libdevel-caller-perl:amd64 (2.07-1build3) ...
2026-10-09T12:44:16.7876906Z Selecting previously unselected package libdevel-lexalias-perl.
2026-10-09T12:44:16.7991326Z Preparing to unpack .../101-libdevel-lexalias-perl_0.05-3build4_amd64.deb ...
2026-10-09T12:44:16.7997543Z Unpacking libdevel-lexalias-perl (0.05-3build4) ...
2026-10-09T12:44:16.8189346Z Selecting previously unselected package libdrm-radeon1:amd64.
2026-10-09T12:44:16.8303477Z Preparing to unpack .../102-libdrm-radeon1_2.4.125-1ubuntu0.1~24.04.2_amd64.deb ...
2026-10-09T12:44:16.8310709Z Unpacking libdrm-radeon1:amd64 (2.4.125-1ubuntu0.1~24.04.2) ...
2026-10-09T12:44:16.8503085Z Selecting previously unselected package libdrm-nouveau2:amd64.
2026-10-09T12:44:16.8616896Z Preparing to unpack .../103-libdrm-nouveau2_2.4.125-1ubuntu0.1~24.04.2_amd64.deb ...
2026-10-09T12:44:16.8623647Z Unpacking libdrm-nouveau2:amd64 (2.4.125-1ubuntu0.1~24.04.2) ...
2026-10-09T12:44:16.8808094Z Selecting previously unselected package libpciaccess-dev:amd64.
2026-10-09T12:44:16.8922296Z Preparing to unpack .../104-libpciaccess-dev_0.17-3ubuntu0.24.04.3_amd64.deb ...
2026-10-09T12:44:16.8930878Z Unpacking libpciaccess-dev:amd64 (0.17-3ubuntu0.24.04.3) ...
2026-10-09T12:44:16.9117789Z Selecting previously unselected package libdrm-dev:amd64.
2026-10-09T12:44:16.9231036Z Preparing to unpack .../105-libdrm-dev_2.4.125-1ubuntu0.1~24.04.2_amd64.deb ...
2026-10-09T12:44:16.9239722Z Unpacking libdrm-dev:amd64 (2.4.125-1ubuntu0.1~24.04.2) ...
2026-10-09T12:44:16.9558923Z Selecting previously unselected package libegl1-mesa-dev:amd64.
2026-10-09T12:44:16.9679062Z Preparing to unpack .../106-libegl1-mesa-dev_25.2.8-0ubuntu0.24.04.4_amd64.deb ...
2026-10-09T12:44:16.9685344Z Unpacking libegl1-mesa-dev:amd64 (25.2.8-0ubuntu0.24.04.4) ...
2026-10-09T12:44:16.9885079Z Selecting previously unselected package libevent-2.1-7t64:amd64.
2026-10-09T12:44:17.0001725Z Preparing to unpack .../107-libevent-2.1-7t64_2.1.12-stable-9ubuntu2.2_amd64.deb ...
2026-10-09T12:44:17.0007985Z Unpacking libevent-2.1-7t64:amd64 (2.1.12-stable-9ubuntu2.2) ...
2026-10-09T12:44:17.0220833Z Selecting previously unselected package libevent-extra-2.1-7t64:amd64.
2026-10-09T12:44:17.0337999Z Preparing to unpack .../108-libevent-extra-2.1-7t64_2.1.12-stable-9ubuntu2.2_amd64.deb ...
2026-10-09T12:44:17.0347536Z Unpacking libevent-extra-2.1-7t64:amd64 (2.1.12-stable-9ubuntu2.2) ...
2026-10-09T12:44:17.0556210Z Selecting previously unselected package libevent-openssl-2.1-7t64:amd64.
2026-10-09T12:44:17.0671936Z Preparing to unpack .../109-libevent-openssl-2.1-7t64_2.1.12-stable-9ubuntu2.2_amd64.deb ...
2026-10-09T12:44:17.0678668Z Unpacking libevent-openssl-2.1-7t64:amd64 (2.1.12-stable-9ubuntu2.2) ...
2026-10-09T12:44:17.0865537Z Selecting previously unselected package libevent-dev.
2026-10-09T12:44:17.0980552Z Preparing to unpack .../110-libevent-dev_2.1.12-stable-9ubuntu2.2_amd64.deb ...
2026-10-09T12:44:17.0989277Z Unpacking libevent-dev (2.1.12-stable-9ubuntu2.2) ...
2026-10-09T12:44:17.1310139Z Selecting previously unselected package libflac12t64:amd64.
2026-10-09T12:44:17.1429568Z Preparing to unpack .../111-libflac12t64_1.4.3+ds-2.1ubuntu2_amd64.deb ...
2026-10-09T12:44:17.1437460Z Unpacking libflac12t64:amd64 (1.4.3+ds-2.1ubuntu2) ...
2026-10-09T12:44:17.1641199Z Selecting previously unselected package libogg-dev:amd64.
2026-10-09T12:44:17.1761837Z Preparing to unpack .../112-libogg-dev_1.3.5-3build1_amd64.deb ...
2026-10-09T12:44:17.1768747Z Unpacking libogg-dev:amd64 (1.3.5-3build1) ...
2026-10-09T12:44:17.2082588Z Selecting previously unselected package libflac-dev:amd64.
2026-10-09T12:44:17.2201385Z Preparing to unpack .../113-libflac-dev_1.4.3+ds-2.1ubuntu2_amd64.deb ...
2026-10-09T12:44:17.2208029Z Unpacking libflac-dev:amd64 (1.4.3+ds-2.1ubuntu2) ...
2026-10-09T12:44:17.2445262Z Selecting previously unselected package libmp3lame0:amd64.
2026-10-09T12:44:17.2564894Z Preparing to unpack .../114-libmp3lame0_3.100-6build1_amd64.deb ...
2026-10-09T12:44:17.2572805Z Unpacking libmp3lame0:amd64 (3.100-6build1) ...
2026-10-09T12:44:17.2778355Z Selecting previously unselected package libmpg123-0t64:amd64.
2026-10-09T12:44:17.2895338Z Preparing to unpack .../115-libmpg123-0t64_1.32.5-1ubuntu1.1_amd64.deb ...
2026-10-09T12:44:17.2902693Z Unpacking libmpg123-0t64:amd64 (1.32.5-1ubuntu1.1) ...
2026-10-09T12:44:17.3112512Z Selecting previously unselected package libopus0:amd64.
2026-10-09T12:44:17.3229213Z Preparing to unpack .../116-libopus0_1.4-1build1_amd64.deb ...
2026-10-09T12:44:17.3236890Z Unpacking libopus0:amd64 (1.4-1build1) ...
2026-10-09T12:44:17.3441503Z Selecting previously unselected package libvorbisenc2:amd64.
2026-10-09T12:44:17.3557923Z Preparing to unpack .../117-libvorbisenc2_1.3.7-1build3_amd64.deb ...
2026-10-09T12:44:17.3566436Z Unpacking libvorbisenc2:amd64 (1.3.7-1build3) ...
2026-10-09T12:44:17.3777037Z Selecting previously unselected package libsndfile1:amd64.
2026-10-09T12:44:17.3893826Z Preparing to unpack .../118-libsndfile1_1.2.2-1ubuntu5.24.04.1_amd64.deb ...
2026-10-09T12:44:17.3901502Z Unpacking libsndfile1:amd64 (1.2.2-1ubuntu5.24.04.1) ...
2026-10-09T12:44:17.4118463Z Selecting previously unselected package libinstpatch-1.0-2:amd64.
2026-10-09T12:44:17.4235344Z Preparing to unpack .../119-libinstpatch-1.0-2_1.1.6-1build2_amd64.deb ...
2026-10-09T12:44:17.4242287Z Unpacking libinstpatch-1.0-2:amd64 (1.1.6-1build2) ...
2026-10-09T12:44:17.4459555Z Selecting previously unselected package libjack0:amd64.
2026-10-09T12:44:17.4576074Z Preparing to unpack .../120-libjack0_1%3a0.126.0-2build3_amd64.deb ...
2026-10-09T12:44:17.4584861Z Unpacking libjack0:amd64 (1:0.126.0-2build3) ...
2026-10-09T12:44:17.4795343Z Selecting previously unselected package libwebrtc-audio-processing1:amd64.
2026-10-09T12:44:17.4911930Z Preparing to unpack .../121-libwebrtc-audio-processing1_0.3.1-0ubuntu6_amd64.deb ...
2026-10-09T12:44:17.4918944Z Unpacking libwebrtc-audio-processing1:amd64 (0.3.1-0ubuntu6) ...
2026-10-09T12:44:17.5127847Z Selecting previously unselected package libspa-0.2-modules:amd64.
2026-10-09T12:44:17.5244286Z Preparing to unpack .../122-libspa-0.2-modules_1.0.5-1ubuntu3.3_amd64.deb ...
2026-10-09T12:44:17.5251131Z Unpacking libspa-0.2-modules:amd64 (1.0.5-1ubuntu3.3) ...
2026-10-09T12:44:17.5559936Z Selecting previously unselected package libpipewire-0.3-0t64:amd64.
2026-10-09T12:44:17.5678103Z Preparing to unpack .../123-libpipewire-0.3-0t64_1.0.5-1ubuntu3.3_amd64.deb ...
2026-10-09T12:44:17.5688193Z Unpacking libpipewire-0.3-0t64:amd64 (1.0.5-1ubuntu3.3) ...
2026-10-09T12:44:17.5932176Z Selecting previously unselected package libpulse0:amd64.
2026-10-09T12:44:17.6049091Z Preparing to unpack .../124-libpulse0_1%3a16.1+dfsg1-2ubuntu10.1_amd64.deb ...
2026-10-09T12:44:17.6113927Z Unpacking libpulse0:amd64 (1:16.1+dfsg1-2ubuntu10.1) ...
2026-10-09T12:44:17.6350525Z Selecting previously unselected package libsamplerate0:amd64.
2026-10-09T12:44:17.6468262Z Preparing to unpack .../125-libsamplerate0_0.2.2-4build1_amd64.deb ...
2026-10-09T12:44:17.6475115Z Unpacking libsamplerate0:amd64 (0.2.2-4build1) ...
2026-10-09T12:44:17.6721198Z Selecting previously unselected package libsdl2-2.0-0:amd64.
2026-10-09T12:44:17.6837834Z Preparing to unpack .../126-libsdl2-2.0-0_2.30.0+dfsg-1ubuntu3.1_amd64.deb ...
2026-10-09T12:44:17.6847282Z Unpacking libsdl2-2.0-0:amd64 (2.30.0+dfsg-1ubuntu3.1) ...
2026-10-09T12:44:17.7112608Z Selecting previously unselected package timgm6mb-soundfont.
2026-10-09T12:44:17.7231233Z Preparing to unpack .../127-timgm6mb-soundfont_1.3-5_all.deb ...
2026-10-09T12:44:17.7251505Z Unpacking timgm6mb-soundfont (1.3-5) ...
2026-10-09T12:44:18.0617225Z Selecting previously unselected package libfluidsynth3:amd64.
2026-10-09T12:44:18.0745102Z Preparing to unpack .../128-libfluidsynth3_2.3.4-1build3_amd64.deb ...
2026-10-09T12:44:18.0752107Z Unpacking libfluidsynth3:amd64 (2.3.4-1build3) ...
2026-10-09T12:44:18.0967395Z Selecting previously unselected package libglib2.0-dev-bin.
2026-10-09T12:44:18.1093481Z Preparing to unpack .../129-libglib2.0-dev-bin_2.80.0-6ubuntu3.9_amd64.deb ...
2026-10-09T12:44:18.1100108Z Unpacking libglib2.0-dev-bin (2.80.0-6ubuntu3.9) ...
2026-10-09T12:44:18.1387899Z Selecting previously unselected package uuid-dev:amd64.
2026-10-09T12:44:18.1503212Z Preparing to unpack .../130-uuid-dev_2.39.3-9ubuntu6.6_amd64.deb ...
2026-10-09T12:44:18.1510332Z Unpacking uuid-dev:amd64 (2.39.3-9ubuntu6.6) ...
2026-10-09T12:44:18.1716747Z Selecting previously unselected package libblkid-dev:amd64.
2026-10-09T12:44:18.1841310Z Preparing to unpack .../131-libblkid-dev_2.39.3-9ubuntu6.6_amd64.deb ...
2026-10-09T12:44:18.1848430Z Unpacking libblkid-dev:amd64 (2.39.3-9ubuntu6.6) ...
2026-10-09T12:44:18.2064731Z Selecting previously unselected package libsepol-dev:amd64.
2026-10-09T12:44:18.2190769Z Preparing to unpack .../132-libsepol-dev_3.5-2build1_amd64.deb ...
2026-10-09T12:44:18.2197655Z Unpacking libsepol-dev:amd64 (3.5-2build1) ...
2026-10-09T12:44:18.2492052Z Selecting previously unselected package libselinux1-dev:amd64.
2026-10-09T12:44:18.2620376Z Preparing to unpack .../133-libselinux1-dev_3.5-2ubuntu2.1_amd64.deb ...
2026-10-09T12:44:18.2627348Z Unpacking libselinux1-dev:amd64 (3.5-2ubuntu2.1) ...
2026-10-09T12:44:18.3048125Z Selecting previously unselected package libmount-dev:amd64.
2026-10-09T12:44:18.3173696Z Preparing to unpack .../134-libmount-dev_2.39.3-9ubuntu6.6_amd64.deb ...
2026-10-09T12:44:18.3180706Z Unpacking libmount-dev:amd64 (2.39.3-9ubuntu6.6) ...
2026-10-09T12:44:18.3374815Z Selecting previously unselected package libgirepository-2.0-0:amd64.
2026-10-09T12:44:18.3499381Z Preparing to unpack .../135-libgirepository-2.0-0_2.80.0-6ubuntu3.9_amd64.deb ...
2026-10-09T12:44:18.3506489Z Unpacking libgirepository-2.0-0:amd64 (2.80.0-6ubuntu3.9) ...
2026-10-09T12:44:18.3695815Z Selecting previously unselected package libglib2.0-dev:amd64.
2026-10-09T12:44:18.3815299Z Preparing to unpack .../136-libglib2.0-dev_2.80.0-6ubuntu3.9_amd64.deb ...
2026-10-09T12:44:18.3821925Z Unpacking libglib2.0-dev:amd64 (2.80.0-6ubuntu3.9) ...
2026-10-09T12:44:18.4845407Z Selecting previously unselected package libout123-0t64:amd64.
2026-10-09T12:44:18.4973233Z Preparing to unpack .../137-libout123-0t64_1.32.5-1ubuntu1.1_amd64.deb ...
2026-10-09T12:44:18.4981640Z Unpacking libout123-0t64:amd64 (1.32.5-1ubuntu1.1) ...
2026-10-09T12:44:18.5178239Z Selecting previously unselected package libsyn123-0t64:amd64.
2026-10-09T12:44:18.5303791Z Preparing to unpack .../138-libsyn123-0t64_1.32.5-1ubuntu1.1_amd64.deb ...
2026-10-09T12:44:18.5311335Z Unpacking libsyn123-0t64:amd64 (1.32.5-1ubuntu1.1) ...
2026-10-09T12:44:18.5503851Z Selecting previously unselected package libmpg123-dev:amd64.
2026-10-09T12:44:18.5628060Z Preparing to unpack .../139-libmpg123-dev_1.32.5-1ubuntu1.1_amd64.deb ...
2026-10-09T12:44:18.5634663Z Unpacking libmpg123-dev:amd64 (1.32.5-1ubuntu1.1) ...
2026-10-09T12:44:18.5860204Z Selecting previously unselected package libopus-dev:amd64.
2026-10-09T12:44:18.5984624Z Preparing to unpack .../140-libopus-dev_1.4-1build1_amd64.deb ...
2026-10-09T12:44:18.5991950Z Unpacking libopus-dev:amd64 (1.4-1build1) ...
2026-10-09T12:44:18.6214625Z Selecting previously unselected package libvorbis-dev:amd64.
2026-10-09T12:44:18.6339137Z Preparing to unpack .../141-libvorbis-dev_1.3.7-1build3_amd64.deb ...
2026-10-09T12:44:18.6346100Z Unpacking libvorbis-dev:amd64 (1.3.7-1build3) ...
2026-10-09T12:44:18.6795289Z Selecting previously unselected package libsndfile1-dev:amd64.
2026-10-09T12:44:18.6920315Z Preparing to unpack .../142-libsndfile1-dev_1.2.2-1ubuntu5.24.04.1_amd64.deb ...
2026-10-09T12:44:18.6927099Z Unpacking libsndfile1-dev:amd64 (1.2.2-1ubuntu5.24.04.1) ...
2026-10-09T12:44:18.7251502Z Selecting previously unselected package libinstpatch-dev:amd64.
2026-10-09T12:44:18.7376160Z Preparing to unpack .../143-libinstpatch-dev_1.1.6-1build2_amd64.deb ...
2026-10-09T12:44:18.7382854Z Unpacking libinstpatch-dev:amd64 (1.1.6-1build2) ...
2026-10-09T12:44:18.7690932Z Selecting previously unselected package libjack-dev:amd64.
2026-10-09T12:44:18.7816092Z Preparing to unpack .../144-libjack-dev_1%3a0.126.0-2build3_amd64.deb ...
2026-10-09T12:44:18.7823128Z Unpacking libjack-dev:amd64 (1:0.126.0-2build3) ...
2026-10-09T12:44:18.8214966Z Selecting previously unselected package libspa-0.2-dev:amd64.
2026-10-09T12:44:18.8339280Z Preparing to unpack .../145-libspa-0.2-dev_1.0.5-1ubuntu3.3_amd64.deb ...
2026-10-09T12:44:18.8346686Z Unpacking libspa-0.2-dev:amd64 (1.0.5-1ubuntu3.3) ...
2026-10-09T12:44:18.8753243Z Selecting previously unselected package libpipewire-0.3-dev:amd64.
2026-10-09T12:44:18.8878669Z Preparing to unpack .../146-libpipewire-0.3-dev_1.0.5-1ubuntu3.3_amd64.deb ...
2026-10-09T12:44:18.8887984Z Unpacking libpipewire-0.3-dev:amd64 (1.0.5-1ubuntu3.3) ...
2026-10-09T12:44:18.9167802Z Selecting previously unselected package libpulse-mainloop-glib0:amd64.
2026-10-09T12:44:18.9291965Z Preparing to unpack .../147-libpulse-mainloop-glib0_1%3a16.1+dfsg1-2ubuntu10.1_amd64.deb ...
2026-10-09T12:44:18.9298786Z Unpacking libpulse-mainloop-glib0:amd64 (1:16.1+dfsg1-2ubuntu10.1) ...
2026-10-09T12:44:18.9480703Z Selecting previously unselected package libpulse-dev:amd64.
2026-10-09T12:44:18.9601856Z Preparing to unpack .../148-libpulse-dev_1%3a16.1+dfsg1-2ubuntu10.1_amd64.deb ...
2026-10-09T12:44:18.9608842Z Unpacking libpulse-dev:amd64 (1:16.1+dfsg1-2ubuntu10.1) ...
2026-10-09T12:44:18.9870632Z Selecting previously unselected package libreadline-dev:amd64.
2026-10-09T12:44:18.9990593Z Preparing to unpack .../149-libreadline-dev_8.2-4build1_amd64.deb ...
2026-10-09T12:44:18.9998368Z Unpacking libreadline-dev:amd64 (8.2-4build1) ...
2026-10-09T12:44:19.0216777Z Selecting previously unselected package libgbm-dev:amd64.
2026-10-09T12:44:19.0338578Z Preparing to unpack .../150-libgbm-dev_25.2.8-0ubuntu0.24.04.4_amd64.deb ...
2026-10-09T12:44:19.0346542Z Unpacking libgbm-dev:amd64 (25.2.8-0ubuntu0.24.04.4) ...
2026-10-09T12:44:19.0534182Z Selecting previously unselected package libibus-1.0-dev:amd64.
2026-10-09T12:44:19.0650872Z Preparing to unpack .../151-libibus-1.0-dev_1.5.29-2_amd64.deb ...
2026-10-09T12:44:19.0657750Z Unpacking libibus-1.0-dev:amd64 (1.5.29-2) ...
2026-10-09T12:44:19.0967029Z Selecting previously unselected package libsamplerate0-dev:amd64.
2026-10-09T12:44:19.1089416Z Preparing to unpack .../152-libsamplerate0-dev_0.2.2-4build1_amd64.deb ...
2026-10-09T12:44:19.1096715Z Unpacking libsamplerate0-dev:amd64 (0.2.2-4build1) ...
2026-10-09T12:44:19.1321236Z Selecting previously unselected package libsndio7.0:amd64.
2026-10-09T12:44:19.1439164Z Preparing to unpack .../153-libsndio7.0_1.9.0-0.3build3_amd64.deb ...
2026-10-09T12:44:19.1447345Z Unpacking libsndio7.0:amd64 (1.9.0-0.3build3) ...
2026-10-09T12:44:19.1629954Z Selecting previously unselected package libsndio-dev:amd64.
2026-10-09T12:44:19.1745084Z Preparing to unpack .../154-libsndio-dev_1.9.0-0.3build3_amd64.deb ...
2026-10-09T12:44:19.1752200Z Unpacking libsndio-dev:amd64 (1.9.0-0.3build3) ...
2026-10-09T12:44:19.1972464Z Selecting previously unselected package libudev-dev:amd64.
2026-10-09T12:44:19.2087819Z Preparing to unpack .../155-libudev-dev_255.4-1ubuntu8.17_amd64.deb ...
2026-10-09T12:44:19.2094791Z Unpacking libudev-dev:amd64 (255.4-1ubuntu8.17) ...
2026-10-09T12:44:19.2347270Z Selecting previously unselected package libxrender-dev:amd64.
2026-10-09T12:44:19.2462174Z Preparing to unpack .../156-libxrender-dev_1%3a0.9.10-1.1build1_amd64.deb ...
2026-10-09T12:44:19.2469145Z Unpacking libxrender-dev:amd64 (1:0.9.10-1.1build1) ...
2026-10-09T12:44:19.2664494Z Selecting previously unselected package libxfixes-dev:amd64.
2026-10-09T12:44:19.2780518Z Preparing to unpack .../157-libxfixes-dev_1%3a6.0.0-2build1_amd64.deb ...
2026-10-09T12:44:19.2787354Z Unpacking libxfixes-dev:amd64 (1:6.0.0-2build1) ...
2026-10-09T12:44:19.2970917Z Selecting previously unselected package libxcursor-dev:amd64.
2026-10-09T12:44:19.3087218Z Preparing to unpack .../158-libxcursor-dev_1%3a1.2.1-1build1_amd64.deb ...
2026-10-09T12:44:19.3093669Z Unpacking libxcursor-dev:amd64 (1:1.2.1-1build1) ...
2026-10-09T12:44:19.3331644Z Selecting previously unselected package libxi-dev:amd64.
2026-10-09T12:44:19.3447839Z Preparing to unpack .../159-libxi-dev_2%3a1.8.1-1build1_amd64.deb ...
2026-10-09T12:44:19.3454539Z Unpacking libxi-dev:amd64 (2:1.8.1-1build1) ...
2026-10-09T12:44:19.3762748Z Selecting previously unselected package libxinerama-dev:amd64.
2026-10-09T12:44:19.3885902Z Preparing to unpack .../160-libxinerama-dev_2%3a1.1.4-3build1_amd64.deb ...
2026-10-09T12:44:19.3893931Z Unpacking libxinerama-dev:amd64 (2:1.1.4-3build1) ...
2026-10-09T12:44:19.4086169Z Selecting previously unselected package libxkbcommon-dev:amd64.
2026-10-09T12:44:19.4204809Z Preparing to unpack .../161-libxkbcommon-dev_1.6.0-1build1_amd64.deb ...
2026-10-09T12:44:19.4212393Z Unpacking libxkbcommon-dev:amd64 (1.6.0-1build1) ...
2026-10-09T12:44:19.4416709Z Selecting previously unselected package libxrandr-dev:amd64.
2026-10-09T12:44:19.4538356Z Preparing to unpack .../162-libxrandr-dev_2%3a1.5.2-2build1_amd64.deb ...
2026-10-09T12:44:19.4545487Z Unpacking libxrandr-dev:amd64 (2:1.5.2-2build1) ...
2026-10-09T12:44:19.4750453Z Selecting previously unselected package libxss-dev:amd64.
2026-10-09T12:44:19.4871803Z Preparing to unpack .../163-libxss-dev_1%3a1.2.3-1build3_amd64.deb ...
2026-10-09T12:44:19.5129795Z Unpacking libxss-dev:amd64 (1:1.2.3-1build3) ...
2026-10-09T12:44:19.5334332Z Selecting previously unselected package libxv1:amd64.
2026-10-09T12:44:19.5455811Z Preparing to unpack .../164-libxv1_2%3a1.0.11-1.1build1_amd64.deb ...
2026-10-09T12:44:19.5462662Z Unpacking libxv1:amd64 (2:1.0.11-1.1build1) ...
2026-10-09T12:44:19.5646079Z Selecting previously unselected package libxv-dev:amd64.
2026-10-09T12:44:19.5773693Z Preparing to unpack .../165-libxv-dev_2%3a1.0.11-1.1build1_amd64.deb ...
2026-10-09T12:44:19.5780852Z Unpacking libxv-dev:amd64 (2:1.0.11-1.1build1) ...
2026-10-09T12:44:19.6000892Z Selecting previously unselected package libxxf86vm-dev:amd64.
2026-10-09T12:44:19.6119273Z Preparing to unpack .../166-libxxf86vm-dev_1%3a1.1.4-1build4_amd64.deb ...
2026-10-09T12:44:19.6125778Z Unpacking libxxf86vm-dev:amd64 (1:1.1.4-1build4) ...
2026-10-09T12:44:19.6331662Z Selecting previously unselected package libsdl2-dev:amd64.
2026-10-09T12:44:19.6448718Z Preparing to unpack .../167-libsdl2-dev_2.30.0+dfsg-1ubuntu3.1_amd64.deb ...
2026-10-09T12:44:19.6455156Z Unpacking libsdl2-dev:amd64 (2.30.0+dfsg-1ubuntu3.1) ...
2026-10-09T12:44:19.6942925Z Selecting previously unselected package libsystemd-dev:amd64.
2026-10-09T12:44:19.7071487Z Preparing to unpack .../168-libsystemd-dev_255.4-1ubuntu8.17_amd64.deb ...
2026-10-09T12:44:19.7078295Z Unpacking libsystemd-dev:amd64 (255.4-1ubuntu8.17) ...
2026-10-09T12:44:19.8171060Z Selecting previously unselected package libfluidsynth-dev:amd64.
2026-10-09T12:44:19.8301057Z Preparing to unpack .../169-libfluidsynth-dev_2.3.4-1build3_amd64.deb ...
2026-10-09T12:44:19.8307738Z Unpacking libfluidsynth-dev:amd64 (2.3.4-1build3) ...
2026-10-09T12:44:19.8688056Z Preparing to unpack .../170-libfreetype6_2.13.2+dfsg-1ubuntu0.2_amd64.deb ...
2026-10-09T12:44:19.8713530Z Unpacking libfreetype6:amd64 (2.13.2+dfsg-1ubuntu0.2) over (2.13.2+dfsg-1ubuntu0.1) ...
2026-10-09T12:44:19.8950188Z Selecting previously unselected package libpng-dev:amd64.
2026-10-09T12:44:19.9078714Z Preparing to unpack .../171-libpng-dev_1.6.43-5ubuntu0.7_amd64.deb ...
2026-10-09T12:44:19.9086562Z Unpacking libpng-dev:amd64 (1.6.43-5ubuntu0.7) ...
2026-10-09T12:44:19.9332605Z Selecting previously unselected package libfreetype-dev:amd64.
2026-10-09T12:44:19.9459433Z Preparing to unpack .../172-libfreetype-dev_2.13.2+dfsg-1ubuntu0.2_amd64.deb ...
2026-10-09T12:44:19.9466235Z Unpacking libfreetype-dev:amd64 (2.13.2+dfsg-1ubuntu0.2) ...
2026-10-09T12:44:19.9805610Z Selecting previously unselected package libglew2.2:amd64.
2026-10-09T12:44:19.9932330Z Preparing to unpack .../173-libglew2.2_2.2.0-4build1_amd64.deb ...
2026-10-09T12:44:19.9939457Z Unpacking libglew2.2:amd64 (2.2.0-4build1) ...
2026-10-09T12:44:20.0148240Z Selecting previously unselected package libglew-dev:amd64.
2026-10-09T12:44:20.0275015Z Preparing to unpack .../174-libglew-dev_2.2.0-4build1_amd64.deb ...
2026-10-09T12:44:20.0282221Z Unpacking libglew-dev:amd64 (2.2.0-4build1) ...
2026-10-09T12:44:20.0549386Z Selecting previously unselected package libglfw3:amd64.
2026-10-09T12:44:20.0675940Z Preparing to unpack .../175-libglfw3_3.3.10-1build1_amd64.deb ...
2026-10-09T12:44:20.0683094Z Unpacking libglfw3:amd64 (3.3.10-1build1) ...
2026-10-09T12:44:20.0880696Z Selecting previously unselected package libglfw3-dev:amd64.
2026-10-09T12:44:20.1007084Z Preparing to unpack .../176-libglfw3-dev_3.3.10-1build1_amd64.deb ...
2026-10-09T12:44:20.1013805Z Unpacking libglfw3-dev:amd64 (3.3.10-1build1) ...
2026-10-09T12:44:20.1215190Z Selecting previously unselected package libgraphite2-dev:amd64.
2026-10-09T12:44:20.1340178Z Preparing to unpack .../177-libgraphite2-dev_1.3.14-2ubuntu0.24.04.1_amd64.deb ...
2026-10-09T12:44:20.1346846Z Unpacking libgraphite2-dev:amd64 (1.3.14-2ubuntu0.24.04.1) ...
2026-10-09T12:44:20.1547689Z Selecting previously unselected package libharfbuzz-cairo0:amd64.
2026-10-09T12:44:20.1669856Z Preparing to unpack .../178-libharfbuzz-cairo0_8.3.0-2build2_amd64.deb ...
2026-10-09T12:44:20.1676840Z Unpacking libharfbuzz-cairo0:amd64 (8.3.0-2build2) ...
2026-10-09T12:44:20.1870349Z Selecting previously unselected package libharfbuzz-icu0:amd64.
2026-10-09T12:44:20.1991838Z Preparing to unpack .../179-libharfbuzz-icu0_8.3.0-2build2_amd64.deb ...
2026-10-09T12:44:20.1998377Z Unpacking libharfbuzz-icu0:amd64 (8.3.0-2build2) ...
2026-10-09T12:44:20.2194970Z Selecting previously unselected package libharfbuzz-subset0:amd64.
2026-10-09T12:44:20.2320275Z Preparing to unpack .../180-libharfbuzz-subset0_8.3.0-2build2_amd64.deb ...
2026-10-09T12:44:20.2326944Z Unpacking libharfbuzz-subset0:amd64 (8.3.0-2build2) ...
2026-10-09T12:44:20.2555697Z Selecting previously unselected package libharfbuzz-dev:amd64.
2026-10-09T12:44:20.2683145Z Preparing to unpack .../181-libharfbuzz-dev_8.3.0-2build2_amd64.deb ...
2026-10-09T12:44:20.2689470Z Unpacking libharfbuzz-dev:amd64 (8.3.0-2build2) ...
2026-10-09T12:44:20.2987162Z Selecting previously unselected package libjpeg-turbo8-dev:amd64.
2026-10-09T12:44:20.3112881Z Preparing to unpack .../182-libjpeg-turbo8-dev_2.1.5-2ubuntu2_amd64.deb ...
2026-10-09T12:44:20.3119622Z Unpacking libjpeg-turbo8-dev:amd64 (2.1.5-2ubuntu2) ...
2026-10-09T12:44:20.3361392Z Selecting previously unselected package libjpeg8-dev:amd64.
2026-10-09T12:44:20.3487064Z Preparing to unpack .../183-libjpeg8-dev_8c-2ubuntu11_amd64.deb ...
2026-10-09T12:44:20.3494796Z Unpacking libjpeg8-dev:amd64 (8c-2ubuntu11) ...
2026-10-09T12:44:20.3671298Z Selecting previously unselected package libjpeg-dev:amd64.
2026-10-09T12:44:20.3795387Z Preparing to unpack .../184-libjpeg-dev_8c-2ubuntu11_amd64.deb ...
2026-10-09T12:44:20.3803096Z Unpacking libjpeg-dev:amd64 (8c-2ubuntu11) ...
2026-10-09T12:44:20.3982064Z Selecting previously unselected package liblerc-dev:amd64.
2026-10-09T12:44:20.4104812Z Preparing to unpack .../185-liblerc-dev_4.0.0+ds-4ubuntu2_amd64.deb ...
2026-10-09T12:44:20.4112999Z Unpacking liblerc-dev:amd64 (4.0.0+ds-4ubuntu2) ...
2026-10-09T12:44:20.4339942Z Selecting previously unselected package libmodplug1:amd64.
2026-10-09T12:44:20.4462165Z Preparing to unpack .../186-libmodplug1_1%3a0.8.9.0-3build1_amd64.deb ...
2026-10-09T12:44:20.4469258Z Unpacking libmodplug1:amd64 (1:0.8.9.0-3build1) ...
2026-10-09T12:44:20.4670323Z Selecting previously unselected package libmodplug-dev:amd64.
2026-10-09T12:44:20.4791150Z Preparing to unpack .../187-libmodplug-dev_1%3a0.8.9.0-3build1_amd64.deb ...
2026-10-09T12:44:20.4797807Z Unpacking libmodplug-dev:amd64 (1:0.8.9.0-3build1) ...
2026-10-09T12:44:20.5004657Z Selecting previously unselected package libopusfile0:amd64.
2026-10-09T12:44:20.5174082Z Preparing to unpack .../188-libopusfile0_0.12-4build3_amd64.deb ...
2026-10-09T12:44:20.5182808Z Unpacking libopusfile0:amd64 (0.12-4build3) ...
2026-10-09T12:44:20.5379892Z Selecting previously unselected package libopusfile-dev:amd64.
2026-10-09T12:44:20.5501457Z Preparing to unpack .../189-libopusfile-dev_0.12-4build3_amd64.deb ...
2026-10-09T12:44:20.5510897Z Unpacking libopusfile-dev:amd64 (0.12-4build3) ...
2026-10-09T12:44:20.5710225Z Selecting previously unselected package libpackage-stash-xs-perl:amd64.
2026-10-09T12:44:20.5830033Z Preparing to unpack .../190-libpackage-stash-xs-perl_0.30-1build4_amd64.deb ...
2026-10-09T12:44:20.5836739Z Unpacking libpackage-stash-xs-perl:amd64 (0.30-1build4) ...
2026-10-09T12:44:20.6027657Z Selecting previously unselected package libpipewire-0.3-common.
2026-10-09T12:44:20.6146413Z Preparing to unpack .../191-libpipewire-0.3-common_1.0.5-1ubuntu3.3_all.deb ...
2026-10-09T12:44:20.6153513Z Unpacking libpipewire-0.3-common (1.0.5-1ubuntu3.3) ...
2026-10-09T12:44:20.6330451Z Selecting previously unselected package libpng-tools.
2026-10-09T12:44:20.6449203Z Preparing to unpack .../192-libpng-tools_1.6.43-5ubuntu0.7_amd64.deb ...
2026-10-09T12:44:20.6456145Z Unpacking libpng-tools (1.6.43-5ubuntu0.7) ...
2026-10-09T12:44:20.6644429Z Selecting previously unselected package libreadonly-perl.
2026-10-09T12:44:20.6766536Z Preparing to unpack .../193-libreadonly-perl_2.050-3_all.deb ...
2026-10-09T12:44:20.6774279Z Unpacking libreadonly-perl (2.050-3) ...
2026-10-09T12:44:20.6972933Z Selecting previously unselected package libref-util-perl.
2026-10-09T12:44:20.7093984Z Preparing to unpack .../194-libref-util-perl_0.204-2_all.deb ...
2026-10-09T12:44:20.7100742Z Unpacking libref-util-perl (0.204-2) ...
2026-10-09T12:44:20.7288729Z Selecting previously unselected package libref-util-xs-perl.
2026-10-09T12:44:20.7409358Z Preparing to unpack .../195-libref-util-xs-perl_0.117-2build4_amd64.deb ...
2026-10-09T12:44:20.7415597Z Unpacking libref-util-xs-perl (0.117-2build4) ...
2026-10-09T12:44:20.7614646Z Selecting previously unselected package libsdl2-image-2.0-0:amd64.
2026-10-09T12:44:20.7733984Z Preparing to unpack .../196-libsdl2-image-2.0-0_2.8.2+dfsg-1build2_amd64.deb ...
2026-10-09T12:44:20.7741107Z Unpacking libsdl2-image-2.0-0:amd64 (2.8.2+dfsg-1build2) ...
2026-10-09T12:44:20.7930947Z Selecting previously unselected package libjbig-dev:amd64.
2026-10-09T12:44:20.8050760Z Preparing to unpack .../197-libjbig-dev_2.1-6.1ubuntu2_amd64.deb ...
2026-10-09T12:44:20.8058071Z Unpacking libjbig-dev:amd64 (2.1-6.1ubuntu2) ...
2026-10-09T12:44:20.8245898Z Selecting previously unselected package liblzma-dev:amd64.
2026-10-09T12:44:20.8363465Z Preparing to unpack .../198-liblzma-dev_5.6.1+really5.4.5-1ubuntu0.3_amd64.deb ...
2026-10-09T12:44:20.8369974Z Unpacking liblzma-dev:amd64 (5.6.1+really5.4.5-1ubuntu0.3) ...
2026-10-09T12:44:20.8620015Z Selecting previously unselected package libwebpdecoder3:amd64.
2026-10-09T12:44:20.8741500Z Preparing to unpack .../199-libwebpdecoder3_1.3.2-0.4build3_amd64.deb ...
2026-10-09T12:44:20.8748326Z Unpacking libwebpdecoder3:amd64 (1.3.2-0.4build3) ...
2026-10-09T12:44:20.8943556Z Selecting previously unselected package libsharpyuv-dev:amd64.
2026-10-09T12:44:20.9064405Z Preparing to unpack .../200-libsharpyuv-dev_1.3.2-0.4build3_amd64.deb ...
2026-10-09T12:44:20.9071201Z Unpacking libsharpyuv-dev:amd64 (1.3.2-0.4build3) ...
2026-10-09T12:44:20.9259907Z Selecting previously unselected package libwebp-dev:amd64.
2026-10-09T12:44:20.9376787Z Preparing to unpack .../201-libwebp-dev_1.3.2-0.4build3_amd64.deb ...
2026-10-09T12:44:20.9383914Z Unpacking libwebp-dev:amd64 (1.3.2-0.4build3) ...
2026-10-09T12:44:20.9673004Z Selecting previously unselected package libtiffxx6:amd64.
2026-10-09T12:44:20.9793980Z Preparing to unpack .../202-libtiffxx6_4.5.1+git230720-4ubuntu2.5_amd64.deb ...
2026-10-09T12:44:20.9801186Z Unpacking libtiffxx6:amd64 (4.5.1+git230720-4ubuntu2.5) ...
2026-10-09T12:44:20.9981260Z Selecting previously unselected package libtiff-dev:amd64.
2026-10-09T12:44:21.0100119Z Preparing to unpack .../203-libtiff-dev_4.5.1+git230720-4ubuntu2.5_amd64.deb ...
2026-10-09T12:44:21.0108673Z Unpacking libtiff-dev:amd64 (4.5.1+git230720-4ubuntu2.5) ...
2026-10-09T12:44:21.0435284Z Selecting previously unselected package libsdl2-image-dev:amd64.
2026-10-09T12:44:21.0559209Z Preparing to unpack .../204-libsdl2-image-dev_2.8.2+dfsg-1build2_amd64.deb ...
2026-10-09T12:44:21.0569027Z Unpacking libsdl2-image-dev:amd64 (2.8.2+dfsg-1build2) ...
2026-10-09T12:44:21.0781774Z Selecting previously unselected package libsdl2-mixer-2.0-0:amd64.
2026-10-09T12:44:21.0902853Z Preparing to unpack .../205-libsdl2-mixer-2.0-0_2.8.0+dfsg-1build3_amd64.deb ...
2026-10-09T12:44:21.0909436Z Unpacking libsdl2-mixer-2.0-0:amd64 (2.8.0+dfsg-1build3) ...
2026-10-09T12:44:21.1101943Z Selecting previously unselected package libsdl2-mixer-dev:amd64.
2026-10-09T12:44:21.1221240Z Preparing to unpack .../206-libsdl2-mixer-dev_2.8.0+dfsg-1build3_amd64.deb ...
2026-10-09T12:44:21.1227735Z Unpacking libsdl2-mixer-dev:amd64 (2.8.0+dfsg-1build3) ...
2026-10-09T12:44:21.1447138Z Selecting previously unselected package libsdl2-ttf-2.0-0:amd64.
2026-10-09T12:44:21.1566402Z Preparing to unpack .../207-libsdl2-ttf-2.0-0_2.22.0+dfsg-1_amd64.deb ...
2026-10-09T12:44:21.1573107Z Unpacking libsdl2-ttf-2.0-0:amd64 (2.22.0+dfsg-1) ...
2026-10-09T12:44:21.1760734Z Selecting previously unselected package libsdl2-ttf-dev:amd64.
2026-10-09T12:44:21.1879189Z Preparing to unpack .../208-libsdl2-ttf-dev_2.22.0+dfsg-1_amd64.deb ...
2026-10-09T12:44:21.1886274Z Unpacking libsdl2-ttf-dev:amd64 (2.22.0+dfsg-1) ...
2026-10-09T12:44:21.2096613Z Selecting previously unselected package libutf8proc3:amd64.
2026-10-09T12:44:21.2214823Z Preparing to unpack .../209-libutf8proc3_2.9.0-1build1_amd64.deb ...
2026-10-09T12:44:21.2221801Z Unpacking libutf8proc3:amd64 (2.9.0-1build1) ...
2026-10-09T12:44:21.2420434Z Selecting previously unselected package libutf8proc-dev:amd64.
2026-10-09T12:44:21.2538887Z Preparing to unpack .../210-libutf8proc-dev_2.9.0-1build1_amd64.deb ...
2026-10-09T12:44:21.2545451Z Unpacking libutf8proc-dev:amd64 (2.9.0-1build1) ...
2026-10-09T12:44:21.2746151Z Selecting previously unselected package libuv1-dev:amd64.
2026-10-09T12:44:21.2865312Z Preparing to unpack .../211-libuv1-dev_1.48.0-1.1build1_amd64.deb ...
2026-10-09T12:44:21.2871923Z Unpacking libuv1-dev:amd64 (1.48.0-1.1build1) ...
2026-10-09T12:44:21.3096166Z Selecting previously unselected package libvulkan-dev:amd64.
2026-10-09T12:44:21.3215745Z Preparing to unpack .../212-libvulkan-dev_1.3.275.0-1build1_amd64.deb ...
2026-10-09T12:44:21.3222684Z Unpacking libvulkan-dev:amd64 (1.3.275.0-1build1) ...
2026-10-09T12:44:21.4095292Z Selecting previously unselected package libbullet-dev:amd64.
2026-10-09T12:44:21.4225784Z Preparing to unpack .../213-libbullet-dev_3.24+dfsg-2.1build1_amd64.deb ...
2026-10-09T12:44:21.4232892Z Unpacking libbullet-dev:amd64 (3.24+dfsg-2.1build1) ...
2026-10-09T12:44:21.5102248Z Selecting previously unselected package libgd-perl.
2026-10-09T12:44:21.5231933Z Preparing to unpack .../214-libgd-perl_2.78-1ubuntu0.24.04.1_amd64.deb ...
2026-10-09T12:44:21.5238287Z Unpacking libgd-perl (2.78-1ubuntu0.24.04.1) ...
2026-10-09T12:44:21.5802807Z Setting up libpipewire-0.3-common (1.0.5-1ubuntu3.3) ...
2026-10-09T12:44:21.5827032Z Setting up libuv1-dev:amd64 (1.48.0-1.1build1) ...
2026-10-09T12:44:21.5844043Z Setting up libglib2.0-dev-bin (2.80.0-6ubuntu3.9) ...
2026-10-09T12:44:21.7312243Z Setting up libglfw3:amd64 (3.3.10-1build1) ...
2026-10-09T12:44:21.7331677Z Setting up libmodplug1:amd64 (1:0.8.9.0-3build1) ...
2026-10-09T12:44:21.7347624Z Setting up bzip2-doc (1.0.8-5.1ubuntu0.1) ...
2026-10-09T12:44:21.7363631Z Setting up libwayland-server0:amd64 (1.22.0-2.1build1) ...
2026-10-09T12:44:21.7386309Z Setting up libjpeg-turbo8-dev:amd64 (2.1.5-2ubuntu2) ...
2026-10-09T12:44:21.7405393Z Setting up libvulkan-dev:amd64 (1.3.275.0-1build1) ...
2026-10-09T12:44:21.7429487Z Setting up libmodplug-dev:amd64 (1:0.8.9.0-3build1) ...
2026-10-09T12:44:21.7446338Z Setting up libdrm-nouveau2:amd64 (2.4.125-1ubuntu0.1~24.04.2) ...
2026-10-09T12:44:21.7465151Z Setting up gir1.2-freedesktop:amd64 (1.80.1-1) ...
2026-10-09T12:44:21.7483125Z Setting up libharfbuzz-icu0:amd64 (8.3.0-2build2) ...
2026-10-09T12:44:21.7506302Z Setting up libpciaccess-dev:amd64 (0.17-3ubuntu0.24.04.3) ...
2026-10-09T12:44:21.7524257Z Setting up libglvnd-core-dev:amd64 (1.7.0-1build1) ...
2026-10-09T12:44:21.7542247Z Setting up libclass-inspector-perl (1.36-3) ...
2026-10-09T12:44:21.7560370Z Setting up libdynaloader-functions-perl (0.003-3) ...
2026-10-09T12:44:21.7577299Z Setting up libclass-method-modifiers-perl (2.15-1) ...
2026-10-09T12:44:21.7598457Z Setting up libref-util-xs-perl (0.117-2build4) ...
2026-10-09T12:44:21.7614750Z Setting up libutf8proc3:amd64 (2.9.0-1build1) ...
2026-10-09T12:44:21.7648805Z Setting up libgirepository-2.0-0:amd64 (2.80.0-6ubuntu3.9) ...
2026-10-09T12:44:21.7666335Z Setting up libsub-identify-perl (0.14-3build3) ...
2026-10-09T12:44:21.7686804Z Setting up libdrm-radeon1:amd64 (2.4.125-1ubuntu0.1~24.04.2) ...
2026-10-09T12:44:21.7705384Z Setting up libxkbcommon-dev:amd64 (1.6.0-1build1) ...
2026-10-09T12:44:21.7727464Z Setting up libevent-openssl-2.1-7t64:amd64 (2.1.12-stable-9ubuntu2.2) ...
2026-10-09T12:44:21.7743626Z Setting up libibus-1.0-5:amd64 (1.5.29-2) ...
2026-10-09T12:44:21.7765509Z Setting up libtry-tiny-perl (0.31-2) ...
2026-10-09T12:44:21.7782980Z Setting up libjbig-dev:amd64 (2.1-6.1ubuntu2) ...
2026-10-09T12:44:21.7805063Z Setting up libwebrtc-audio-processing1:amd64 (0.3.1-0ubuntu6) ...
2026-10-09T12:44:21.7824407Z Setting up libwebpdecoder3:amd64 (1.3.2-0.4build3) ...
2026-10-09T12:44:21.7846004Z Setting up libevent-2.1-7t64:amd64 (2.1.12-stable-9ubuntu2.2) ...
2026-10-09T12:44:21.7867513Z Setting up libclass-singleton-perl (1.6-2) ...
2026-10-09T12:44:21.7885653Z Setting up libpadwalker-perl (2.5-1build6) ...
2026-10-09T12:44:21.7908149Z Setting up libharfbuzz-gobject0:amd64 (8.3.0-2build2) ...
2026-10-09T12:44:21.7925289Z Setting up libogg-dev:amd64 (1.3.5-3build1) ...
2026-10-09T12:44:21.7942547Z Setting up libreadline-dev:amd64 (8.2-4build1) ...
2026-10-09T12:44:21.7965118Z Setting up libxstring-perl:amd64 (0.005-2build3) ...
2026-10-09T12:44:21.7983150Z Setting up libmpg123-0t64:amd64 (1.32.5-1ubuntu1.1) ...
2026-10-09T12:44:21.8000666Z Setting up libutf8proc-dev:amd64 (2.9.0-1build1) ...
2026-10-09T12:44:21.8020540Z Setting up gir1.2-harfbuzz-0.0:amd64 (8.3.0-2build2) ...
2026-10-09T12:44:21.8039925Z Setting up libpthread-stubs0-dev:amd64 (0.4-1build3) ...
2026-10-09T12:44:21.8062703Z Setting up libclass-c3-xs-perl (0.15-1build6) ...
2026-10-09T12:44:21.8081252Z Setting up libgbm-dev:amd64 (25.2.8-0ubuntu0.24.04.4) ...
2026-10-09T12:44:21.8097921Z Setting up libdevel-caller-perl:amd64 (2.07-1build3) ...
2026-10-09T12:44:21.8124135Z Setting up libopengl0:amd64 (1.7.0-1build1) ...
2026-10-09T12:44:21.8142834Z Setting up libsub-install-perl (0.929-1) ...
2026-10-09T12:44:21.8166446Z Setting up libbullet3.24t64:amd64 (3.24+dfsg-2.1build1) ...
2026-10-09T12:44:21.8189788Z Setting up libgd-perl (2.78-1ubuntu0.24.04.1) ...
2026-10-09T12:44:21.8207178Z Setting up libreadonly-perl (2.050-3) ...
2026-10-09T12:44:21.8225583Z Setting up xtrans-dev (1.4.0-1) ...
2026-10-09T12:44:21.8243687Z Setting up libdevel-lexalias-perl (0.05-3build4) ...
2026-10-09T12:44:21.8262420Z Setting up libwayland-bin (1.22.0-2.1build1) ...
2026-10-09T12:44:21.8282664Z Setting up libgraphite2-dev:amd64 (1.3.14-2ubuntu0.24.04.1) ...
2026-10-09T12:44:21.8299841Z Setting up libpackage-stash-xs-perl:amd64 (0.30-1build4) ...
2026-10-09T12:44:21.8319150Z Setting up libegl-mesa0:amd64 (25.2.8-0ubuntu0.24.04.4) ...
2026-10-09T12:44:21.8337186Z Setting up libclass-data-inheritable-perl (0.08-3) ...
2026-10-09T12:44:21.8353935Z Setting up gforth-common (0.7.3+dfsg-9build4.1) ...
2026-10-09T12:44:21.8373850Z Setting up libalgorithm-c3-perl (0.11-2) ...
2026-10-09T12:44:21.8391219Z Setting up libgles2:amd64 (1.7.0-1build1) ...
2026-10-09T12:44:21.8412678Z Setting up libharfbuzz-cairo0:amd64 (8.3.0-2build2) ...
2026-10-09T12:44:21.8431372Z Setting up libdbus-1-dev:amd64 (1.14.10-4ubuntu4.1) ...
2026-10-09T12:44:21.9924838Z Setting up libsyn123-0t64:amd64 (1.32.5-1ubuntu1.1) ...
2026-10-09T12:44:21.9945525Z Setting up libspa-0.2-modules:amd64 (1.0.5-1ubuntu3.3) ...
2026-10-09T12:44:21.9964072Z Setting up libref-util-perl (0.204-2) ...
2026-10-09T12:44:21.9983706Z Setting up libjack0:amd64 (1:0.126.0-2build3) ...
2026-10-09T12:44:22.0002922Z Setting up libglut3.12:amd64 (3.4.0-1build1) ...
2026-10-09T12:44:22.0024241Z Setting up uuid-dev:amd64 (2.39.3-9ubuntu6.6) ...
2026-10-09T12:44:22.0043645Z Setting up libgles1:amd64 (1.7.0-1build1) ...
2026-10-09T12:44:22.0067411Z Setting up libopus0:amd64 (1.4-1build1) ...
2026-10-09T12:44:22.0087749Z Setting up libxv1:amd64 (2:1.0.11-1.1build1) ...
2026-10-09T12:44:22.0106078Z Setting up libpng16-16t64:amd64 (1.6.43-5ubuntu0.7) ...
2026-10-09T12:44:22.0123593Z Setting up libvariable-magic-perl (0.63-1build3) ...
2026-10-09T12:44:22.0144819Z Setting up libb-hooks-op-check-perl:amd64 (0.22-3build1) ...
2026-10-09T12:44:22.0162172Z Setting up libudev-dev:amd64 (255.4-1ubuntu8.17) ...
2026-10-09T12:44:22.0182885Z Setting up libsepol-dev:amd64 (3.5-2build1) ...
2026-10-09T12:44:22.0201452Z Setting up liblerc-dev:amd64 (4.0.0+ds-4ubuntu2) ...
2026-10-09T12:44:22.0224960Z Setting up libglew2.2:amd64 (2.2.0-4build1) ...
2026-10-09T12:44:22.0243325Z Setting up libparams-util-perl (1.102-2build3) ...
2026-10-09T12:44:22.0261440Z Setting up libsub-exporter-progressive-perl (0.001013-3) ...
2026-10-09T12:44:22.0280505Z Setting up libevent-extra-2.1-7t64:amd64 (2.1.12-stable-9ubuntu2.2) ...
2026-10-09T12:44:22.0298969Z Setting up libcapture-tiny-perl (0.48-2) ...
2026-10-09T12:44:22.0316150Z Setting up liblzma-dev:amd64 (5.6.1+really5.4.5-1ubuntu0.3) ...
2026-10-09T12:44:22.0332070Z Setting up libsndio7.0:amd64 (1.9.0-0.3build3) ...
2026-10-09T12:44:22.0350954Z Setting up libsub-name-perl:amd64 (0.27-1build3) ...
2026-10-09T12:44:22.0622234Z Setting up libout123-0t64:amd64 (1.32.5-1ubuntu1.1) ...
2026-10-09T12:44:22.0639230Z Setting up gir1.2-glib-2.0-dev:amd64 (2.80.0-6ubuntu3.9) ...
2026-10-09T12:44:22.0658328Z Setting up libasyncns0:amd64 (0.8-6build4) ...
2026-10-09T12:44:22.0677274Z Setting up libbullet-dev:amd64 (3.24+dfsg-2.1build1) ...
2026-10-09T12:44:22.0695452Z Setting up libegl1:amd64 (1.7.0-1build1) ...
2026-10-09T12:44:22.0718742Z Setting up librole-tiny-perl (2.002004-1) ...
2026-10-09T12:44:22.0736536Z Setting up libdecor-0-0:amd64 (0.2.2-1build2) ...
2026-10-09T12:44:22.0755216Z Setting up libharfbuzz-subset0:amd64 (8.3.0-2build2) ...
2026-10-09T12:44:22.0773272Z Setting up libfile-sharedir-perl (1.118-3) ...
2026-10-09T12:44:22.0790257Z Setting up build-essential (12.10ubuntu1) ...
2026-10-09T12:44:22.0810582Z Setting up xorg-sgml-doctools (1:1.11-1.1) ...
2026-10-09T12:44:22.0828273Z Setting up libsub-quote-perl (2.006008-1ubuntu1) ...
2026-10-09T12:44:22.0849255Z Setting up libdevel-stacktrace-perl (2.0500-1) ...
2026-10-09T12:44:22.0865831Z Setting up libclass-xsaccessor-perl (1.19-4build4) ...
2026-10-09T12:44:22.0883180Z Setting up libglu1-mesa:amd64 (9.0.2-1.1build1) ...
2026-10-09T12:44:22.0902538Z Setting up libflac12t64:amd64 (1.4.3+ds-2.1ubuntu2) ...
2026-10-09T12:44:22.0919404Z Setting up libjack-dev:amd64 (1:0.126.0-2build3) ...
2026-10-09T12:44:22.0935291Z Setting up libopengl-dev:amd64 (1.7.0-1build1) ...
2026-10-09T12:44:22.0955806Z Setting up libjpeg8-dev:amd64 (8c-2ubuntu11) ...
2026-10-09T12:44:22.0971841Z Setting up gforth-lib:amd64 (0.7.3+dfsg-9build4.1) ...
2026-10-09T12:44:22.0988062Z Setting up libspa-0.2-dev:amd64 (1.0.5-1ubuntu3.3) ...
2026-10-09T12:44:22.1015245Z Setting up libasound2-dev:amd64 (1.2.11-1ubuntu0.3) ...
2026-10-09T12:44:22.1031081Z Setting up libsharpyuv-dev:amd64 (1.3.2-0.4build3) ...
2026-10-09T12:44:22.1046773Z Setting up libsamplerate0:amd64 (0.2.2-4build1) ...
2026-10-09T12:44:22.1065421Z Setting up timgm6mb-soundfont (1.3-5) ...
2026-10-09T12:44:22.1144325Z update-alternatives: using /usr/share/sounds/sf2/TimGM6mb.sf2 to provide /usr/share/sounds/sf2/default-GM.sf2 (default-GM.sf2) in auto mode
2026-10-09T12:44:22.1192322Z update-alternatives: using /usr/share/sounds/sf2/TimGM6mb.sf2 to provide /usr/share/sounds/sf3/default-GM.sf3 (default-GM.sf3) in auto mode
2026-10-09T12:44:22.1209665Z Setting up libtiffxx6:amd64 (4.5.1+git230720-4ubuntu2.5) ...
2026-10-09T12:44:22.1227270Z Setting up libdeflate-dev:amd64 (1.19-1build1.1) ...
2026-10-09T12:44:22.1245923Z Setting up libperlio-gzip-perl (0.20-1build4) ...
2026-10-09T12:44:22.1265288Z Setting up gir1.2-ibus-1.0:amd64 (1.5.29-2) ...
2026-10-09T12:44:22.1285296Z Setting up libopusfile0:amd64 (0.12-4build3) ...
2026-10-09T12:44:22.1310015Z Setting up libpipewire-0.3-0t64:amd64 (1.0.5-1ubuntu3.3) ...
2026-10-09T12:44:22.1328992Z Setting up libdecor-0-plugin-1-gtk:amd64 (0.2.2-1build2) ...
2026-10-09T12:44:22.1346978Z Setting up libsystemd-dev:amd64 (255.4-1ubuntu8.17) ...
2026-10-09T12:44:22.1370464Z Setting up libbrotli-dev:amd64 (1.1.0-2build2) ...
2026-10-09T12:44:22.1386563Z Setting up libmp3lame0:amd64 (3.100-6build1) ...
2026-10-09T12:44:22.1402754Z Setting up libvorbisenc2:amd64 (1.3.7-1build3) ...
2026-10-09T12:44:22.1420108Z Setting up libbz2-dev:amd64 (1.0.8-5.1ubuntu0.1) ...
2026-10-09T12:44:22.1437411Z Setting up libvorbis-dev:amd64 (1.3.7-1build3) ...
2026-10-09T12:44:22.1455052Z Setting up libblkid-dev:amd64 (2.39.3-9ubuntu6.6) ...
2026-10-09T12:44:22.1475456Z Setting up libflac-dev:amd64 (1.4.3+ds-2.1ubuntu2) ...
2026-10-09T12:44:22.1493141Z Setting up libdrm-dev:amd64 (2.4.125-1ubuntu0.1~24.04.2) ...
2026-10-09T12:44:22.1510930Z Setting up libsndio-dev:amd64 (1.9.0-0.3build3) ...
2026-10-09T12:44:22.1527712Z Setting up libpng-tools (1.6.43-5ubuntu0.7) ...
2026-10-09T12:44:22.1547056Z Setting up libselinux1-dev:amd64 (3.5-2ubuntu2.1) ...
2026-10-09T12:44:22.1565319Z Setting up libsamplerate0-dev:amd64 (0.2.2-4build1) ...
2026-10-09T12:44:22.1582382Z Setting up libpng-dev:amd64 (1.6.43-5ubuntu0.7) ...
2026-10-09T12:44:22.1602745Z Setting up libjpeg-dev:amd64 (8c-2ubuntu11) ...
2026-10-09T12:44:22.1622790Z Setting up libexception-class-perl (1.45-1) ...
2026-10-09T12:44:22.1641915Z Setting up libclass-c3-perl (0.35-2) ...
2026-10-09T12:44:22.1661243Z Setting up libdevel-callchecker-perl:amd64 (0.008-2build3) ...
2026-10-09T12:44:22.1678653Z Setting up libwayland-dev:amd64 (1.22.0-2.1build1) ...
2026-10-09T12:44:22.1698249Z Setting up libopus-dev:amd64 (1.4-1build1) ...
2026-10-09T12:44:22.1716794Z Setting up libmpg123-dev:amd64 (1.32.5-1ubuntu1.1) ...
2026-10-09T12:44:22.1736986Z Setting up libdecor-0-dev:amd64 (0.2.2-1build2) ...
2026-10-09T12:44:22.1756935Z Setting up libwebp-dev:amd64 (1.3.2-0.4build3) ...
2026-10-09T12:44:22.1779754Z Setting up libfreetype6:amd64 (2.13.2+dfsg-1ubuntu0.2) ...
2026-10-09T12:44:22.1797902Z Setting up libtiff-dev:amd64 (4.5.1+git230720-4ubuntu2.5) ...
2026-10-09T12:44:22.1815296Z Setting up gir1.2-freedesktop-dev:amd64 (1.80.1-1) ...
2026-10-09T12:44:22.1835975Z Setting up libevent-dev (2.1.12-stable-9ubuntu2.2) ...
2026-10-09T12:44:22.1854003Z Setting up libdata-optlist-perl (0.114-1) ...
2026-10-09T12:44:22.1876573Z Setting up libpipewire-0.3-dev:amd64 (1.0.5-1ubuntu3.3) ...
2026-10-09T12:44:22.1893650Z Setting up gforth (0.7.3+dfsg-9build4.1) ...
2026-10-09T12:44:22.2326041Z Setting up libsndfile1:amd64 (1.2.2-1ubuntu5.24.04.1) ...
2026-10-09T12:44:22.2347288Z Setting up libmro-compat-perl (0.15-2) ...
2026-10-09T12:44:22.2366981Z Setting up libinstpatch-1.0-2:amd64 (1.1.6-1build2) ...
2026-10-09T12:44:22.2383034Z Setting up libmount-dev:amd64 (2.39.3-9ubuntu6.6) ...
2026-10-09T12:44:22.2405183Z Setting up libsub-exporter-perl (0.990-1) ...
2026-10-09T12:44:22.2424758Z Setting up libeval-closure-perl (0.14-3) ...
2026-10-09T12:44:22.2445022Z Setting up libparams-validationcompiler-perl (0.31-1) ...
2026-10-09T12:44:22.2463511Z Setting up libpulse0:amd64 (1:16.1+dfsg1-2ubuntu10.1) ...
2026-10-09T12:44:22.2532238Z Setting up libparams-classify-perl:amd64 (0.015-2build5) ...
2026-10-09T12:44:22.2551527Z Setting up libopusfile-dev:amd64 (0.12-4build3) ...
2026-10-09T12:44:22.2571454Z Setting up libfreetype-dev:amd64 (2.13.2+dfsg-1ubuntu0.2) ...
2026-10-09T12:44:22.2591093Z Setting up libglib2.0-dev:amd64 (2.80.0-6ubuntu3.9) ...
2026-10-09T12:44:22.2609960Z Setting up libmodule-runtime-perl (0.016-2) ...
2026-10-09T12:44:22.2632273Z Setting up libsndfile1-dev:amd64 (1.2.2-1ubuntu5.24.04.1) ...
2026-10-09T12:44:22.2650906Z Setting up libpulse-mainloop-glib0:amd64 (1:16.1+dfsg1-2ubuntu10.1) ...
2026-10-09T12:44:22.2668514Z Setting up libsdl2-2.0-0:amd64 (2.30.0+dfsg-1ubuntu3.1) ...
2026-10-09T12:44:22.2688673Z Setting up libfluidsynth3:amd64 (2.3.4-1build3) ...
2026-10-09T12:44:22.2706006Z Setting up libsdl2-image-2.0-0:amd64 (2.8.2+dfsg-1build2) ...
2026-10-09T12:44:22.2727598Z Setting up libmodule-implementation-perl (0.09-2) ...
2026-10-09T12:44:22.2744425Z Setting up libpackage-stash-perl (0.40-1) ...
2026-10-09T12:44:22.2765417Z Setting up libspecio-perl (0.48-1) ...
2026-10-09T12:44:22.3012078Z Setting up libsdl2-mixer-2.0-0:amd64 (2.8.0+dfsg-1build3) ...
2026-10-09T12:44:22.3036061Z Setting up libsdl2-ttf-2.0-0:amd64 (2.22.0+dfsg-1) ...
2026-10-09T12:44:22.3057843Z Setting up libb-hooks-endofscope-perl (0.28-1) ...
2026-10-09T12:44:22.3077638Z Setting up libnamespace-clean-perl (0.27-2) ...
2026-10-09T12:44:22.3099900Z Setting up libnamespace-autoclean-perl (0.29-2) ...
2026-10-09T12:44:22.3116863Z Setting up libdatetime-locale-perl (1:1.37-1) ...
2026-10-09T12:44:22.3135892Z Setting up libdatetime-timezone-perl (1:2.62-1+2024a) ...
2026-10-09T12:44:22.3153282Z Setting up libdatetime-perl (2:1.65-1build2) ...
2026-10-09T12:44:22.3173425Z Setting up lcov (2.0-4ubuntu2) ...
2026-10-09T12:44:22.3479958Z Processing triggers for man-db (2.12.0-4build2) ...
2026-10-09T12:44:22.3503103Z Not building database; man-db/auto-update is not 'true'.
2026-10-09T12:44:22.3541936Z Processing triggers for libglib2.0-0t64:amd64 (2.80.0-6ubuntu3.9) ...
2026-10-09T12:44:22.3659573Z Setting up libpulse-dev:amd64 (1:16.1+dfsg1-2ubuntu10.1) ...
2026-10-09T12:44:22.3688127Z Processing triggers for sgml-base (1.31) ...
2026-10-09T12:44:22.3885681Z Processing triggers for install-info (7.1-3build2) ...
2026-10-09T12:44:22.5889636Z Setting up libinstpatch-dev:amd64 (1.1.6-1build2) ...
2026-10-09T12:44:22.5923973Z Setting up x11proto-dev (2023.2-1) ...
2026-10-09T12:44:22.5946635Z Setting up libharfbuzz-dev:amd64 (8.3.0-2build2) ...
2026-10-09T12:44:22.5969226Z Setting up libxau-dev:amd64 (1:1.0.9-1build6) ...
2026-10-09T12:44:22.6001805Z Setting up libice-dev:amd64 (2:1.0.10-1build3) ...
2026-10-09T12:44:22.6030329Z Setting up libsm-dev:amd64 (2:1.2.3-1build3) ...
2026-10-09T12:44:22.6053639Z Processing triggers for libc-bin (2.39-0ubuntu8.9) ...
2026-10-09T12:44:22.6462375Z Setting up libibus-1.0-dev:amd64 (1.5.29-2) ...
2026-10-09T12:44:22.6500257Z Setting up libxdmcp-dev:amd64 (1:1.1.3-0ubuntu6) ...
2026-10-09T12:44:22.6591365Z Setting up libxcb1-dev:amd64 (1.15-1ubuntu2) ...
2026-10-09T12:44:22.6632434Z Setting up libx11-dev:amd64 (2:1.8.7-1build1) ...
2026-10-09T12:44:22.6659183Z Setting up libxfixes-dev:amd64 (1:6.0.0-2build1) ...
2026-10-09T12:44:22.6714993Z Setting up libxt-dev:amd64 (1:1.2.1-1.2build1) ...
2026-10-09T12:44:22.6756854Z Setting up libxext-dev:amd64 (2:1.3.4-1build2) ...
2026-10-09T12:44:22.6781403Z Setting up libglx-dev:amd64 (1.7.0-1build1) ...
2026-10-09T12:44:22.6814828Z Setting up libxi-dev:amd64 (2:1.8.1-1build1) ...
2026-10-09T12:44:22.6841625Z Setting up libxrender-dev:amd64 (1:0.9.10-1.1build1) ...
2026-10-09T12:44:22.6863083Z Setting up libgl-dev:amd64 (1.7.0-1build1) ...
2026-10-09T12:44:22.6903195Z Setting up libegl-dev:amd64 (1.7.0-1build1) ...
2026-10-09T12:44:22.6922784Z Setting up libxcursor-dev:amd64 (1:1.2.1-1build1) ...
2026-10-09T12:44:22.6947329Z Setting up libxxf86vm-dev:amd64 (1:1.1.4-1build4) ...
2026-10-09T12:44:22.6969193Z Setting up libxss-dev:amd64 (1:1.2.3-1build3) ...
2026-10-09T12:44:22.7006981Z Setting up libxv-dev:amd64 (2:1.0.11-1.1build1) ...
2026-10-09T12:44:22.7033314Z Setting up libxrandr-dev:amd64 (2:1.5.2-2build1) ...
2026-10-09T12:44:22.7064364Z Setting up libglu1-mesa-dev:amd64 (9.0.2-1.1build1) ...
2026-10-09T12:44:22.7101807Z Setting up libxinerama-dev:amd64 (2:1.1.4-3build1) ...
2026-10-09T12:44:22.7135968Z Setting up libgles-dev:amd64 (1.7.0-1build1) ...
2026-10-09T12:44:22.7173323Z Setting up libsdl2-dev:amd64 (2.30.0+dfsg-1ubuntu3.1) ...
2026-10-09T12:44:22.7198547Z Setting up libglvnd-dev:amd64 (1.7.0-1build1) ...
2026-10-09T12:44:22.7231263Z Setting up libfluidsynth-dev:amd64 (2.3.4-1build3) ...
2026-10-09T12:44:22.7258632Z Setting up libglew-dev:amd64 (2.2.0-4build1) ...
2026-10-09T12:44:22.7288081Z Setting up libsdl2-ttf-dev:amd64 (2.22.0+dfsg-1) ...
2026-10-09T12:44:22.7319514Z Setting up libsdl2-mixer-dev:amd64 (2.8.0+dfsg-1build3) ...
2026-10-09T12:44:22.7340531Z Setting up libgl1-mesa-dev:amd64 (25.2.8-0ubuntu0.24.04.4) ...
2026-10-09T12:44:22.7366741Z Setting up libsdl2-image-dev:amd64 (2.8.2+dfsg-1build2) ...
2026-10-09T12:44:22.7391163Z Setting up libglut-dev:amd64 (3.4.0-1build1) ...
2026-10-09T12:44:22.7411279Z Setting up libegl1-mesa-dev:amd64 (25.2.8-0ubuntu0.24.04.4) ...
2026-10-09T12:44:22.7433284Z Setting up libglfw3-dev:amd64 (3.3.10-1build1) ...
2026-10-09T12:44:22.7457842Z Setting up freeglut3-dev:amd64 (3.4.0-1build1) ...
2026-10-09T12:44:23.4297965Z 
2026-10-09T12:44:23.4298625Z Running kernel seems to be up-to-date.
2026-10-09T12:44:23.4299104Z 
2026-10-09T12:44:23.4299325Z Restarting services...
2026-10-09T12:44:23.4374114Z  systemctl restart php8.3-fpm.service
2026-10-09T12:44:23.5489694Z 
2026-10-09T12:44:23.5490900Z No containers need to be restarted.
2026-10-09T12:44:23.5491291Z 
2026-10-09T12:44:23.5491603Z No user sessions are running outdated binaries.
2026-10-09T12:44:23.5492067Z 
2026-10-09T12:44:23.5492556Z No VM guests are running outdated hypervisor (qemu) binaries on this host.
2026-10-09T12:44:24.3343915Z apt install succeeded on attempt 1
2026-10-09T12:44:24.3381916Z ##[group]Run make coverage
2026-10-09T12:44:24.3382201Z [36;1mmake coverage[0m
2026-10-09T12:44:24.3446353Z shell: /usr/bin/bash -e {0}
2026-10-09T12:44:24.3446606Z env:
2026-10-09T12:44:24.3446876Z   NANO_VERIFY_CORPUS_LOG_ROOT: .test_output/verifier-corpus
2026-10-09T12:44:24.3447245Z   NANO_SHADOW_TIMEOUT_SECONDS: 60
2026-10-09T12:44:24.3447493Z ##[endgroup]
2026-10-09T12:44:24.4014443Z rm -f "lib/libnano_file_runtime.a"
2026-10-09T12:44:24.4089665Z I clean compiler artifacts and retain module runtime caches.
2026-10-09T12:44:24.4091817Z python3 scripts/clean_build_trees.py --root "obj" --root "obj/build_bootstrap" \
2026-10-09T12:44:24.4092705Z 	--root "coverage" --root "bin" \
2026-10-09T12:44:24.4093724Z 	--cache "obj/module_cache" --cache "/home/runner/work/nanolang/nanolang/obj/module_cache" \
2026-10-09T12:44:24.4095552Z 	--file ".stage1.built" --file ".stage2.built" --file ".stage3.built" --file ".bootstrap0.built" --file ".bootstrap1.built" --file ".bootstrap2.built" --file ".bootstrap3.built" \
2026-10-09T12:44:24.4097151Z 	--file "obj/build_bootstrap/schema.stamp" --file coverage.info --file test.nano \
2026-10-09T12:44:24.4098080Z 	--file test_output.c --file test_program --root .test_output \
2026-10-09T12:44:24.4098906Z 	--glob '*.out' --glob '*.out.c' --glob 'tests/**/*.out' --glob 'tests/**/*.out.c' \
2026-10-09T12:44:24.4099683Z 	--glob '*.gcda' --glob '*.gcno' --glob '*.gcov' \
2026-10-09T12:44:24.4100353Z 	--glob 'formal/*.vo' --glob 'formal/*.vok' --glob 'formal/*.vos' \
2026-10-09T12:44:24.4100893Z 	--glob 'formal/*.glob' --glob 'formal/.*.aux'
2026-10-09T12:44:24.4589944Z ✅ Clean complete - ready for fresh build
2026-10-09T12:44:24.4598802Z mkdir -p obj/build_bootstrap
2026-10-09T12:44:24.4706433Z [schema] Generating compiler schema artifacts...
2026-10-09T12:44:24.4725991Z [schema] Using Python version (bootstrap)...
2026-10-09T12:44:24.5163590Z [tool] Building module index generator (C)...
2026-10-09T12:44:26.4984220Z [modules] Generating module index from manifests...
2026-10-09T12:44:26.5084546Z Generating module index...
2026-10-09T12:44:26.5085078Z Found 47 module manifests
2026-10-09T12:44:26.5085580Z   ✓ audio_viz
2026-10-09T12:44:26.5085828Z   ✓ pybridge_matplotlib
2026-10-09T12:44:26.5086077Z   ✓ openai
2026-10-09T12:44:26.5086277Z   ✓ stdlib
2026-10-09T12:44:26.5086497Z   ✓ github
2026-10-09T12:44:26.5086702Z   ✓ pybridge
2026-10-09T12:44:26.5086907Z   ✓ sqlite
2026-10-09T12:44:26.5087363Z   ✓ pt2_audio
2026-10-09T12:44:26.5087702Z   ✓ sdl_image
2026-10-09T12:44:26.5088023Z   ✓ sdl_helpers
2026-10-09T12:44:26.5088358Z   ✓ event
2026-10-09T12:44:26.5088677Z   ✓ nano_tools
2026-10-09T12:44:26.5089036Z   ✓ sdl
2026-10-09T12:44:26.5089384Z   ✓ tools
2026-10-09T12:44:26.5089771Z   ✓ preferences
2026-10-09T12:44:26.5090162Z   ✓ readline
2026-10-09T12:44:26.5090503Z   ✓ proptest
2026-10-09T12:44:26.5090879Z   ✓ nano_highlight
2026-10-09T12:44:26.5091247Z   ✓ glew
2026-10-09T12:44:26.5091577Z   ✓ pt2_state
2026-10-09T12:44:26.5092024Z   ✓ sdl_mixer
2026-10-09T12:44:26.5104055Z   ✓ nanoisa
2026-10-09T12:44:26.5104307Z   ✓ filesystem
2026-10-09T12:44:26.5104535Z   ✓ mujoco
2026-10-09T12:44:26.5104745Z   ✓ unicode
2026-10-09T12:44:26.5104947Z   ✓ ui_widgets
2026-10-09T12:44:26.5105166Z   ✓ pty
2026-10-09T12:44:26.5105376Z   ✓ http_server
2026-10-09T12:44:26.5105859Z   ✓ std
2026-10-09T12:44:26.5106053Z   ✓ curl
2026-10-09T12:44:26.5106249Z   ✓ sdl_ttf
2026-10-09T12:44:26.5106445Z   ✓ math_ext
2026-10-09T12:44:26.5106671Z   ✓ glfw
2026-10-09T12:44:26.5106873Z   ✓ sdl_term
2026-10-09T12:44:26.5107079Z   ✓ pybridge_warp
2026-10-09T12:44:26.5107307Z   ✓ pt2_module
2026-10-09T12:44:26.5107508Z   ✓ uv
2026-10-09T12:44:26.5107706Z   ✓ nano_eval
2026-10-09T12:44:26.5107910Z   ✓ forth_see
2026-10-09T12:44:26.5108112Z   ✓ vector2d
2026-10-09T12:44:26.5108312Z   ✓ ncurses
2026-10-09T12:44:26.5108542Z   ✓ stdio
2026-10-09T12:44:26.5108740Z   ✓ opengl
2026-10-09T12:44:26.5108932Z   ✓ bullet
2026-10-09T12:44:26.5109125Z   ✓ glut
2026-10-09T12:44:26.5109329Z   ✓ audio_helpers
2026-10-09T12:44:26.5109741Z   ✓ log
2026-10-09T12:44:26.5109852Z 
2026-10-09T12:44:26.5109997Z ✓ Generated modules/index.json
2026-10-09T12:44:26.5110248Z   47 modules indexed
2026-10-09T12:44:26.5147294Z mkdir -p obj/runtime
2026-10-09T12:44:26.5208114Z mkdir -p obj/eval
2026-10-09T12:44:26.5298769Z cc -Wall -Wextra -Werror -std=c99 -g -O3 -ftree-vectorize -fPIC -Isrc -D_GNU_SOURCE  -fprofile-arcs -ftest-coverage -MMD -MP -c src/bcp47.c -o obj/bcp47.o
2026-10-09T12:44:26.6756481Z cc -Wall -Wextra -Werror -std=c99 -g -O3 -ftree-vectorize -fPIC -Isrc -D_GNU_SOURCE  -fprofile-arcs -ftest-coverage -MMD -MP -c src/bench.c -o obj/bench.o
2026-10-09T12:44:26.8389627Z cc -Wall -Wextra -Werror -std=c99 -g -O3 -ftree-vectorize -fPIC -Isrc -D_GNU_SOURCE  -fprofile-arcs -ftest-coverage -MMD -MP -c src/bench_native.c -o obj/bench_native.o
2026-10-09T12:44:26.8897378Z cc -Wall -Wextra -Werror -std=c99 -g -O3 -ftree-vectorize -fPIC -Isrc -D_GNU_SOURCE  -fprofile-arcs -ftest-coverage -MMD -MP -c src/builtins_registry.c -o obj/builtins_registry.o
2026-10-09T12:44:26.9277082Z cc -Wall -Wextra -Werror -std=c99 -g -O3 -ftree-vectorize -fPIC -Isrc -D_GNU_SOURCE  -fprofile-arcs -ftest-coverage -MMD -MP -c src/cJSON.c -o obj/cJSON.o
2026-10-09T12:44:27.7156777Z cc -Wall -Wextra -Werror -std=c99 -g -O3 -ftree-vectorize -fPIC -Isrc -D_GNU_SOURCE  -fprofile-arcs -ftest-coverage -MMD -MP -c src/c_backend.c -o obj/c_backend.o
2026-10-09T12:44:29.6591870Z cc -Wall -Wextra -Werror -std=c99 -g -O3 -ftree-vectorize -fPIC -Isrc -D_GNU_SOURCE  -fprofile-arcs -ftest-coverage -MMD -MP -c src/catalog.c -o obj/catalog.o
2026-10-09T12:44:29.9133593Z cc -Wall -Wextra -Werror -std=c99 -g -O3 -ftree-vectorize -fPIC -Isrc -D_GNU_SOURCE  -fprofile-arcs -ftest-coverage -MMD -MP -c src/channel.c -o obj/channel.o
2026-10-09T12:44:30.0054071Z cc -Wall -Wextra -Werror -std=c99 -g -O3 -ftree-vectorize -fPIC -Isrc -D_GNU_SOURCE  -fprofile-arcs -ftest-coverage -MMD -MP -c src/coroutine.c -o obj/coroutine.o
2026-10-09T12:44:30.1625277Z cc -Wall -Wextra -Werror -std=c99 -g -O3 -ftree-vectorize -fPIC -Isrc -D_GNU_SOURCE  -fprofile-arcs -ftest-coverage -MMD -MP -c src/cps_pass.c -o obj/cps_pass.o
2026-10-09T12:44:30.2589158Z cc -Wall -Wextra -Werror -std=c99 -g -O3 -ftree-vectorize -fPIC -Isrc -D_GNU_SOURCE  -fprofile-arcs -ftest-coverage -MMD -MP -c src/dce_pass.c -o obj/dce_pass.o
2026-10-09T12:44:30.4594343Z cc -Wall -Wextra -Werror -std=c99 -g -O3 -ftree-vectorize -fPIC -Isrc -D_GNU_SOURCE  -fprofile-arcs -ftest-coverage -MMD -MP -c src/diag_id.c -o obj/diag_id.o
2026-10-09T12:44:30.4900053Z cc -Wall -Wextra -Werror -std=c99 -g -O3 -ftree-vectorize -fPIC -Isrc -D_GNU_SOURCE  -fprofile-arcs -ftest-coverage -MMD -MP -c src/docgen.c -o obj/docgen.o
2026-10-09T12:44:30.8537919Z cc -Wall -Wextra -Werror -std=c99 -g -O3 -ftree-vectorize -fPIC -Isrc -D_GNU_SOURCE  -fprofile-arcs -ftest-coverage -MMD -MP -c src/docgen_md.c -o obj/docgen_md.o
2026-10-09T12:44:31.1851184Z cc -Wall -Wextra -Werror -std=c99 -g -O3 -ftree-vectorize -fPIC -Isrc -D_GNU_SOURCE  -fprofile-arcs -ftest-coverage -MMD -MP -c src/dwarf_info.c -o obj/dwarf_info.o
2026-10-09T12:44:31.2697414Z cc -Wall -Wextra -Werror -std=c99 -g -O3 -ftree-vectorize -fPIC -Isrc -D_GNU_SOURCE  -fprofile-arcs -ftest-coverage -MMD -MP -c src/effects.c -o obj/effects.o
2026-10-09T12:44:31.5789745Z cc -Wall -Wextra -Werror -std=c99 -g -O3 -ftree-vectorize -fPIC -Isrc -D_GNU_SOURCE  -fprofile-arcs -ftest-coverage -MMD -MP -c src/emit_typed_ast.c -o obj/emit_typed_ast.o
2026-10-09T12:44:31.8450839Z cc -Wall -Wextra -Werror -std=c99 -g -O3 -ftree-vectorize -fPIC -Isrc -D_GNU_SOURCE  -fprofile-arcs -ftest-coverage -MMD -MP -c src/env.c -o obj/env.o
2026-10-09T12:44:33.0894882Z cc -Wall -Wextra -Werror -std=c99 -g -O3 -ftree-vectorize -fPIC -Isrc -D_GNU_SOURCE  -fprofile-arcs -ftest-coverage -MMD -MP -ffp-contract=off -fno-fast-math -c src/eval.c -o obj/eval.o
2026-10-09T12:44:36.8178177Z cc -Wall -Wextra -Werror -std=c99 -g -O3 -ftree-vectorize -fPIC -Isrc -D_GNU_SOURCE  -fprofile-arcs -ftest-coverage -MMD -MP -c src/eval/eval_hashmap.c -o obj/eval/eval_hashmap.o
2026-10-09T12:44:36.9365721Z cc -Wall -Wextra -Werror -std=c99 -g -O3 -ftree-vectorize -fPIC -Isrc -D_GNU_SOURCE  -fprofile-arcs -ftest-coverage -MMD -MP -c src/eval/eval_io.c -o obj/eval/eval_io.o
2026-10-09T12:44:37.3485557Z cc -Wall -Wextra -Werror -std=c99 -g -O3 -ftree-vectorize -fPIC -Isrc -D_GNU_SOURCE  -fprofile-arcs -ftest-coverage -MMD -MP -c src/eval/eval_math.c -o obj/eval/eval_math.o
2026-10-09T12:44:37.4838902Z cc -Wall -Wextra -Werror -std=c99 -g -O3 -ftree-vectorize -fPIC -Isrc -D_GNU_SOURCE  -fprofile-arcs -ftest-coverage -MMD -MP -c src/eval/eval_string.c -o obj/eval/eval_string.o
2026-10-09T12:44:37.6634760Z cc -Wall -Wextra -Werror -std=c99 -g -O3 -ftree-vectorize -fPIC -Isrc -D_GNU_SOURCE  -fprofile-arcs -ftest-coverage -MMD -MP -c src/fmt.c -o obj/fmt.o
2026-10-09T12:44:37.8980725Z cc -Wall -Wextra -Werror -std=c99 -g -O3 -ftree-vectorize -fPIC -Isrc -D_GNU_SOURCE  -fprofile-arcs -ftest-coverage -MMD -MP -c src/fold_constants.c -o obj/fold_constants.o
2026-10-09T12:44:38.1294668Z cc -Wall -Wextra -Werror -std=c99 -g -O3 -ftree-vectorize -fPIC -Isrc -D_GNU_SOURCE  -fprofile-arcs -ftest-coverage -MMD -MP -c src/interpreter_ffi.c -o obj/interpreter_ffi.o
2026-10-09T12:44:38.3219573Z cc -Wall -Wextra -Werror -std=c99 -g -O3 -ftree-vectorize -fPIC -Isrc -D_GNU_SOURCE  -fprofile-arcs -ftest-coverage -MMD -MP -c src/json_diagnostics.c -o obj/json_diagnostics.o
2026-10-09T12:44:38.4410710Z cc -Wall -Wextra -Werror -std=c99 -g -O3 -ftree-vectorize -fPIC -Isrc -D_GNU_SOURCE  -fprofile-arcs -ftest-coverage -MMD -MP -c src/lexer.c -o obj/lexer.o
2026-10-09T12:44:38.9089826Z cc -Wall -Wextra -Werror -std=c99 -g -O3 -ftree-vectorize -fPIC -Isrc -D_GNU_SOURCE  -fprofile-arcs -ftest-coverage -MMD -MP -c src/locale.c -o obj/locale.o
2026-10-09T12:44:39.0034200Z cc -Wall -Wextra -Werror -std=c99 -g -O3 -ftree-vectorize -fPIC -Isrc -D_GNU_SOURCE  -fprofile-arcs -ftest-coverage -MMD -MP -c src/main.c -o obj/main.o
2026-10-09T12:44:39.9092923Z cc -Wall -Wextra -Werror -std=c99 -g -O3 -ftree-vectorize -fPIC -Isrc -D_GNU_SOURCE  -fprofile-arcs -ftest-coverage -MMD -MP -c src/module.c -o obj/module.o
2026-10-09T12:44:41.1573708Z cc -Wall -Wextra -Werror -std=c99 -g -O3 -ftree-vectorize -fPIC -Isrc -D_GNU_SOURCE  -fprofile-arcs -ftest-coverage -MMD -MP -c src/module_builder.c -o obj/module_builder.o
2026-10-09T12:44:46.2872852Z cc -Wall -Wextra -Werror -std=c99 -g -O3 -ftree-vectorize -fPIC -Isrc -D_GNU_SOURCE  -fprofile-arcs -ftest-coverage -MMD -MP -c src/module_metadata.c -o obj/module_metadata.o
2026-10-09T12:44:47.4819095Z cc -Wall -Wextra -Werror -std=c99 -g -O3 -ftree-vectorize -fPIC -Isrc -D_GNU_SOURCE  -fprofile-arcs -ftest-coverage -MMD -MP -c src/nanocore_export.c -o obj/nanocore_export.o
2026-10-09T12:44:47.7790995Z cc -Wall -Wextra -Werror -std=c99 -g -O3 -ftree-vectorize -fPIC -Isrc -D_GNU_SOURCE  -fprofile-arcs -ftest-coverage -MMD -MP -c src/nanocore_subset.c -o obj/nanocore_subset.o
2026-10-09T12:44:47.9735820Z mkdir -p obj/nanoisa
2026-10-09T12:44:47.9843762Z cc -Wall -Wextra -Werror -std=c99 -g -O3 -ftree-vectorize -fPIC -Isrc -D_GNU_SOURCE  -fprofile-arcs -ftest-coverage -MMD -MP -Isrc/nanoisa -c src/nanoisa/affine_bytecode.c -o obj/nanoisa/affine_bytecode.o
2026-10-09T12:44:48.9650732Z cc -Wall -Wextra -Werror -std=c99 -g -O3 -ftree-vectorize -fPIC -Isrc -D_GNU_SOURCE  -fprofile-arcs -ftest-coverage -MMD -MP -Isrc/nanoisa -c src/nanoisa/affine_state.c -o obj/nanoisa/affine_state.o
2026-10-09T12:44:51.2207550Z cc -Wall -Wextra -Werror -std=c99 -g -O3 -ftree-vectorize -fPIC -Isrc -D_GNU_SOURCE  -fprofile-arcs -ftest-coverage -MMD -MP -Isrc/nanoisa -c src/nanoisa/assembler.c -o obj/nanoisa/assembler.o
2026-10-09T12:44:52.1348764Z cc -Wall -Wextra -Werror -std=c99 -g -O3 -ftree-vectorize -fPIC -Isrc -D_GNU_SOURCE  -fprofile-arcs -ftest-coverage -MMD -MP -Isrc/nanoisa -c src/nanoisa/disassembler.c -o obj/nanoisa/disassembler.o
2026-10-09T12:44:52.4175495Z cc -Wall -Wextra -Werror -std=c99 -g -O3 -ftree-vectorize -fPIC -Isrc -D_GNU_SOURCE  -fprofile-arcs -ftest-coverage -MMD -MP -Isrc/nanoisa -c src/nanoisa/file_flow.c -o obj/nanoisa/file_flow.o
2026-10-09T12:44:56.2397649Z cc -Wall -Wextra -Werror -std=c99 -g -O3 -ftree-vectorize -fPIC -Isrc -D_GNU_SOURCE  -fprofile-arcs -ftest-coverage -MMD -MP -Isrc/nanoisa -c src/nanoisa/frontend.c -o obj/nanoisa/frontend.o
2026-10-09T12:44:56.3797779Z cc -Wall -Wextra -Werror -std=c99 -g -O3 -ftree-vectorize -fPIC -Isrc -D_GNU_SOURCE  -fprofile-arcs -ftest-coverage -MMD -MP -Isrc/nanoisa -c src/nanoisa/isa.c -o obj/nanoisa/isa.o
2026-10-09T12:44:56.4895003Z cc -Wall -Wextra -Werror -std=c99 -g -O3 -ftree-vectorize -fPIC -Isrc -D_GNU_SOURCE  -fprofile-arcs -ftest-coverage -MMD -MP -Isrc/nanoisa -c src/nanoisa/local_bindings.c -o obj/nanoisa/local_bindings.o
2026-10-09T12:44:56.6242735Z cc -Wall -Wextra -Werror -std=c99 -g -O3 -ftree-vectorize -fPIC -Isrc -D_GNU_SOURCE  -fprofile-arcs -ftest-coverage -MMD -MP -Isrc/nanoisa -c src/nanoisa/managed_array_shapes.c -o obj/nanoisa/managed_array_shapes.o
2026-10-09T12:44:58.5282403Z cc -Wall -Wextra -Werror -std=c99 -g -O3 -ftree-vectorize -fPIC -Isrc -D_GNU_SOURCE  -fprofile-arcs -ftest-coverage -MMD -MP -Isrc/nanoisa -c src/nanoisa/mixed_float_proof.c -o obj/nanoisa/mixed_float_proof.o
2026-10-09T12:44:59.1866793Z cc -Wall -Wextra -Werror -std=c99 -g -O3 -ftree-vectorize -fPIC -Isrc -D_GNU_SOURCE  -fprofile-arcs -ftest-coverage -MMD -MP -Isrc/nanoisa -Imodules/nanoisa -c modules/nanoisa/nanoisa.c -o obj/nanoisa/nanoisa_facade.o
2026-10-09T12:44:59.4512297Z cc -Wall -Wextra -Werror -std=c99 -g -O3 -ftree-vectorize -fPIC -Isrc -D_GNU_SOURCE  -fprofile-arcs -ftest-coverage -MMD -MP -Isrc/nanoisa -c src/nanoisa/nvm2c.c -o obj/nanoisa/nvm2c.o
2026-10-09T12:45:05.6039346Z cc -Wall -Wextra -Werror -std=c99 -g -O3 -ftree-vectorize -fPIC -Isrc -D_GNU_SOURCE  -fprofile-arcs -ftest-coverage -MMD -MP -Isrc/nanoisa -c src/nanoisa/nvm2c_callables.c -o obj/nanoisa/nvm2c_callables.o
2026-10-09T12:45:06.0885968Z cc -Wall -Wextra -Werror -std=c99 -g -O3 -ftree-vectorize -fPIC -Isrc -D_GNU_SOURCE  -fprofile-arcs -ftest-coverage -MMD -MP -Isrc/nanoisa -c src/nanoisa/nvm2c_shape.c -o obj/nanoisa/nvm2c_shape.o
2026-10-09T12:45:06.5297958Z cc -Wall -Wextra -Werror -std=c99 -g -O3 -ftree-vectorize -fPIC -Isrc -D_GNU_SOURCE  -fprofile-arcs -ftest-coverage -MMD -MP -Isrc/nanoisa -c src/nanoisa/nvm_format.c -o obj/nanoisa/nvm_format.o
2026-10-09T12:45:07.0936794Z cc -Wall -Wextra -Werror -std=c99 -g -O3 -ftree-vectorize -fPIC -Isrc -D_GNU_SOURCE  -fprofile-arcs -ftest-coverage -MMD -MP -Isrc/nanoisa -c src/nanoisa/nvm_format_v2.c -o obj/nanoisa/nvm_format_v2.o
2026-10-09T12:45:07.2021047Z cc -Wall -Wextra -Werror -std=c99 -g -O3 -ftree-vectorize -fPIC -Isrc -D_GNU_SOURCE  -fprofile-arcs -ftest-coverage -MMD -MP -Isrc/nanoisa -c src/nanoisa/nvm_v2_constants.c -o obj/nanoisa/nvm_v2_constants.o
2026-10-09T12:45:07.2805163Z cc -Wall -Wextra -Werror -std=c99 -g -O3 -ftree-vectorize -fPIC -Isrc -D_GNU_SOURCE  -fprofile-arcs -ftest-coverage -MMD -MP -Isrc/nanoisa -c src/nanoisa/nvm_v2_convert.c -o obj/nanoisa/nvm_v2_convert.o
2026-10-09T12:45:07.7265705Z cc -Wall -Wextra -Werror -std=c99 -g -O3 -ftree-vectorize -fPIC -Isrc -D_GNU_SOURCE  -fprofile-arcs -ftest-coverage -MMD -MP -Isrc/nanoisa -c src/nanoisa/nvm_v2_cursor.c -o obj/nanoisa/nvm_v2_cursor.o
2026-10-09T12:45:07.7786447Z cc -Wall -Wextra -Werror -std=c99 -g -O3 -ftree-vectorize -fPIC -Isrc -D_GNU_SOURCE  -fprofile-arcs -ftest-coverage -MMD -MP -Isrc/nanoisa -c src/nanoisa/nvm_v2_functions.c -o obj/nanoisa/nvm_v2_functions.o
2026-10-09T12:45:07.8885167Z cc -Wall -Wextra -Werror -std=c99 -g -O3 -ftree-vectorize -fPIC -Isrc -D_GNU_SOURCE  -fprofile-arcs -ftest-coverage -MMD -MP -Isrc/nanoisa -c src/nanoisa/nvm_v2_imports.c -o obj/nanoisa/nvm_v2_imports.o
2026-10-09T12:45:08.0700609Z cc -Wall -Wextra -Werror -std=c99 -g -O3 -ftree-vectorize -fPIC -Isrc -D_GNU_SOURCE  -fprofile-arcs -ftest-coverage -MMD -MP -Isrc/nanoisa -c src/nanoisa/nvm_v2_layouts.c -o obj/nanoisa/nvm_v2_layouts.o
2026-10-09T12:45:08.2860710Z cc -Wall -Wextra -Werror -std=c99 -g -O3 -ftree-vectorize -fPIC -Isrc -D_GNU_SOURCE  -fprofile-arcs -ftest-coverage -MMD -MP -Isrc/nanoisa -c src/nanoisa/nvm_v2_module.c -o obj/nanoisa/nvm_v2_module.o
2026-10-09T12:45:08.5802822Z cc -Wall -Wextra -Werror -std=c99 -g -O3 -ftree-vectorize -fPIC -Isrc -D_GNU_SOURCE  -fprofile-arcs -ftest-coverage -MMD -MP -Isrc/nanoisa -c src/nanoisa/nvm_v2_signatures.c -o obj/nanoisa/nvm_v2_signatures.o
2026-10-09T12:45:08.6678322Z cc -Wall -Wextra -Werror -std=c99 -g -O3 -ftree-vectorize -fPIC -Isrc -D_GNU_SOURCE  -fprofile-arcs -ftest-coverage -MMD -MP -Isrc/nanoisa -c src/nanoisa/ownership_contracts.c -o obj/nanoisa/ownership_contracts.o
2026-10-09T12:45:09.5554337Z cc -Wall -Wextra -Werror -std=c99 -g -O3 -ftree-vectorize -fPIC -Isrc -D_GNU_SOURCE  -fprofile-arcs -ftest-coverage -MMD -MP -Isrc/nanoisa -c src/nanoisa/passive.c -o obj/nanoisa/passive.o
2026-10-09T12:45:10.2478588Z cc -Wall -Wextra -Werror -std=c99 -g -O3 -ftree-vectorize -fPIC -Isrc -D_GNU_SOURCE  -fprofile-arcs -ftest-coverage -MMD -MP -Isrc/nanoisa -c src/nanoisa/reference_places.c -o obj/nanoisa/reference_places.o
2026-10-09T12:45:10.3730998Z cc -Wall -Wextra -Werror -std=c99 -g -O3 -ftree-vectorize -fPIC -Isrc -D_GNU_SOURCE  -fprofile-arcs -ftest-coverage -MMD -MP -Isrc/nanoisa -c src/nanoisa/retained_layouts.c -o obj/nanoisa/retained_layouts.o
2026-10-09T12:45:11.8683766Z cc -Wall -Wextra -Werror -std=c99 -g -O3 -ftree-vectorize -fPIC -Isrc -D_GNU_SOURCE  -fprofile-arcs -ftest-coverage -MMD -MP -Isrc/nanoisa -c src/nanoisa/service_bindings.c -o obj/nanoisa/service_bindings.o
2026-10-09T12:45:11.9314835Z cc -Wall -Wextra -Werror -std=c99 -g -O3 -ftree-vectorize -fPIC -Isrc -D_GNU_SOURCE  -fprofile-arcs -ftest-coverage -MMD -MP -Isrc/nanoisa -c src/nanoisa/service_bindings_module.c -o obj/nanoisa/service_bindings_module.o
2026-10-09T12:45:12.2090908Z cc -Wall -Wextra -Werror -std=c99 -g -O3 -ftree-vectorize -fPIC -Isrc -D_GNU_SOURCE  -fprofile-arcs -ftest-coverage -MMD -MP -Isrc/nanoisa -c src/nanoisa/service_file_nominal.c -o obj/nanoisa/service_file_nominal.o
2026-10-09T12:45:12.2984267Z cc -Wall -Wextra -Werror -std=c99 -g -O3 -ftree-vectorize -fPIC -Isrc -D_GNU_SOURCE  -fprofile-arcs -ftest-coverage -MMD -MP -Isrc/nanoisa -c src/nanoisa/service_file_nominal_plan.c -o obj/nanoisa/service_file_nominal_plan.o
2026-10-09T12:45:12.5465396Z cc -Wall -Wextra -Werror -std=c99 -g -O3 -ftree-vectorize -fPIC -Isrc -D_GNU_SOURCE  -fprofile-arcs -ftest-coverage -MMD -MP -Isrc/nanoisa -c src/nanoisa/verifier.c -o obj/nanoisa/verifier.o
2026-10-09T12:45:13.8610425Z cc -Wall -Wextra -Werror -std=c99 -g -O3 -ftree-vectorize -fPIC -Isrc -D_GNU_SOURCE  -fprofile-arcs -ftest-coverage -MMD -MP -Isrc/nanoisa -c src/nanoisa/verifier_types.c -o obj/nanoisa/verifier_types.o
2026-10-09T12:45:14.1242221Z mkdir -p obj/nanovirt
2026-10-09T12:45:14.1335892Z cc -Wall -Wextra -Werror -std=c99 -g -O3 -ftree-vectorize -fPIC -Isrc -D_GNU_SOURCE  -fprofile-arcs -ftest-coverage -MMD -MP -c src/nanovirt/codegen.c -o obj/nanovirt/codegen.o
2026-10-09T12:45:19.7583079Z cc -Wall -Wextra -Werror -std=c99 -g -O3 -ftree-vectorize -fPIC -Isrc -D_GNU_SOURCE  -fprofile-arcs -ftest-coverage -MMD -MP -c src/nanovirt/shadow_runner.c -o obj/nanovirt/shadow_runner.o
2026-10-09T12:45:20.0152641Z cc -Wall -Wextra -Werror -std=c99 -g -O3 -ftree-vectorize -fPIC -Isrc -D_GNU_SOURCE  -fprofile-arcs -ftest-coverage -MMD -MP  -DNANO_WRAPPER_INSTRUMENT_FLAGS='"-fprofile-arcs -ftest-coverage"' -c src/nanovirt/wrapper_gen.c -o obj/nanovirt/wrapper_gen.o
2026-10-09T12:45:20.3658430Z mkdir -p obj/nanovm
2026-10-09T12:45:20.3752291Z cc -Wall -Wextra -Werror -std=c99 -g -O3 -ftree-vectorize -fPIC -Isrc -D_GNU_SOURCE  -fprofile-arcs -ftest-coverage -MMD -MP -c src/nanovm/cop_protocol.c -o obj/nanovm/cop_protocol.o
2026-10-09T12:45:20.8848185Z cc -Wall -Wextra -Werror -std=c99 -g -O3 -ftree-vectorize -fPIC -Isrc -D_GNU_SOURCE  -fprofile-arcs -ftest-coverage -MMD -MP -c src/nanovm/heap.c -o obj/nanovm/heap.o
2026-10-09T12:45:21.2665316Z cc -Wall -Wextra -Werror -std=c99 -g -O3 -ftree-vectorize -fPIC -Isrc -D_GNU_SOURCE  -fprofile-arcs -ftest-coverage -MMD -MP -c src/nanovm/heap_cycles.c -o obj/nanovm/heap_cycles.o
2026-10-09T12:45:21.4590040Z cc -Wall -Wextra -Werror -std=c99 -g -O3 -ftree-vectorize -fPIC -Isrc -D_GNU_SOURCE  -fprofile-arcs -ftest-coverage -MMD -MP -c src/nanovm/value.c -o obj/nanovm/value.o
2026-10-09T12:45:21.5998854Z cc -Wall -Wextra -Werror -std=c99 -g -O3 -ftree-vectorize -fPIC -Isrc -D_GNU_SOURCE  -fprofile-arcs -ftest-coverage -MMD -MP -ffp-contract=off -fno-fast-math -c src/nanovm/vm.c -o obj/nanovm/vm.o
2026-10-09T12:45:28.9927366Z cc -Wall -Wextra -Werror -std=c99 -g -O3 -ftree-vectorize -fPIC -Isrc -D_GNU_SOURCE  -fprofile-arcs -ftest-coverage -MMD -MP -c src/nanovm/vm_builtins.c -o obj/nanovm/vm_builtins.o
2026-10-09T12:45:29.3146200Z cc -Wall -Wextra -Werror -std=c99 -g -O3 -ftree-vectorize -fPIC -Isrc -D_GNU_SOURCE  -fprofile-arcs -ftest-coverage -MMD -MP -c src/nanovm/vm_callback.c -o obj/nanovm/vm_callback.o
2026-10-09T12:45:29.4243821Z cc -Wall -Wextra -Werror -std=c99 -g -O3 -ftree-vectorize -fPIC -Isrc -D_GNU_SOURCE  -fprofile-arcs -ftest-coverage -MMD -MP -c src/nanovm/vm_decode.c -o obj/nanovm/vm_decode.o
2026-10-09T12:45:29.5404532Z cc -Wall -Wextra -Werror -std=c99 -g -O3 -ftree-vectorize -fPIC -Isrc -D_GNU_SOURCE  -fprofile-arcs -ftest-coverage -MMD -MP -c src/nanovm/vm_dispatch.c -o obj/nanovm/vm_dispatch.o
2026-10-09T12:45:29.7001072Z cc -Wall -Wextra -Werror -std=c99 -g -O3 -ftree-vectorize -fPIC -Isrc -D_GNU_SOURCE  -fprofile-arcs -ftest-coverage -MMD -MP -c src/nanovm/vm_ffi.c -o obj/nanovm/vm_ffi.o
2026-10-09T12:45:30.9000807Z cc -Wall -Wextra -Werror -std=c99 -g -O3 -ftree-vectorize -fPIC -Isrc -D_GNU_SOURCE  -fprofile-arcs -ftest-coverage -MMD -MP -c src/nanovm/vm_ffi_arrays.c -o obj/nanovm/vm_ffi_arrays.o
2026-10-09T12:45:31.0680534Z cc -Wall -Wextra -Werror -std=c99 -g -O3 -ftree-vectorize -fPIC -Isrc -D_GNU_SOURCE  -fprofile-arcs -ftest-coverage -MMD -MP -c src/nominal_types.c -o obj/nominal_types.o
2026-10-09T12:45:31.4201605Z cc -Wall -Wextra -Werror -std=c99 -g -O3 -ftree-vectorize -fPIC -Isrc -D_GNU_SOURCE  -fprofile-arcs -ftest-coverage -MMD -MP -c src/nsi_file_plan.c -o obj/nsi_file_plan.o
2026-10-09T12:45:31.5334320Z cc -Wall -Wextra -Werror -std=c99 -g -O3 -ftree-vectorize -fPIC -Isrc -D_GNU_SOURCE  -fprofile-arcs -ftest-coverage -MMD -MP -c src/opencl_backend.c -o obj/opencl_backend.o
2026-10-09T12:45:31.8012759Z cc -Wall -Wextra -Werror -std=c99 -g -O3 -ftree-vectorize -fPIC -Isrc -D_GNU_SOURCE  -fprofile-arcs -ftest-coverage -MMD -MP -c src/par_let_pass.c -o obj/par_let_pass.o
2026-10-09T12:45:31.9032943Z cc -Wall -Wextra -Werror -std=c99 -g -O3 -ftree-vectorize -fPIC -Isrc -D_GNU_SOURCE  -fprofile-arcs -ftest-coverage -MMD -MP -c src/parser.c -o obj/parser.o
2026-10-09T12:45:34.8798266Z cc -Wall -Wextra -Werror -std=c99 -g -O3 -ftree-vectorize -fPIC -Isrc -D_GNU_SOURCE  -fprofile-arcs -ftest-coverage -MMD -MP -c src/pgo_pass.c -o obj/pgo_pass.o
2026-10-09T12:45:35.1354257Z cc -Wall -Wextra -Werror -std=c99 -g -O3 -ftree-vectorize -fPIC -Isrc -D_GNU_SOURCE  -fprofile-arcs -ftest-coverage -MMD -MP -c src/ptx_backend.c -o obj/ptx_backend.o
2026-10-09T12:45:35.3956052Z cc -Wall -Wextra -Werror -std=c99 -g -O3 -ftree-vectorize -fPIC -Isrc -D_GNU_SOURCE  -fprofile-arcs -ftest-coverage -MMD -MP -c src/reflection.c -o obj/reflection.o
2026-10-09T12:45:35.5669004Z cc -Wall -Wextra -Werror -std=c99 -g -O3 -ftree-vectorize -fPIC -Isrc -D_GNU_SOURCE  -fprofile-arcs -ftest-coverage -MMD -MP -c src/resource_flow.c -o obj/resource_flow.o
2026-10-09T12:45:36.6170983Z cc -Wall -Wextra -Werror -std=c99 -g -O3 -ftree-vectorize -fPIC -Isrc -D_GNU_SOURCE  -fprofile-arcs -ftest-coverage -MMD -MP -c src/resource_tracking.c -o obj/resource_tracking.o
2026-10-09T12:45:37.0366198Z cc -Wall -Wextra -Werror -std=c99 -g -O3 -ftree-vectorize -fPIC -Isrc -D_GNU_SOURCE  -fprofile-arcs -ftest-coverage -MMD -MP -c src/riscv_backend.c -o obj/riscv_backend.o
2026-10-09T12:45:37.2459960Z cc -Wall -Wextra -Werror -std=c99 -g -O3 -ftree-vectorize -fPIC -Isrc -D_GNU_SOURCE  -fprofile-arcs -ftest-coverage -MMD -MP -c src/runtime/callback_runtime.c -o obj/runtime/callback_runtime.o
2026-10-09T12:45:37.4008821Z cc -Wall -Wextra -Werror -std=c99 -g -O3 -ftree-vectorize -fPIC -Isrc -D_GNU_SOURCE  -fprofile-arcs -ftest-coverage -MMD -MP -c src/runtime/cli.c -o obj/runtime/cli.o
2026-10-09T12:45:37.4396298Z cc -Wall -Wextra -Werror -std=c99 -g -O3 -ftree-vectorize -fPIC -Isrc -D_GNU_SOURCE  -fprofile-arcs -ftest-coverage -MMD -MP -c src/runtime/dyn_array.c -o obj/runtime/dyn_array.o
2026-10-09T12:45:37.7375796Z cc -Wall -Wextra -Werror -std=c99 -g -O3 -ftree-vectorize -fPIC -Isrc -D_GNU_SOURCE  -fprofile-arcs -ftest-coverage -MMD -MP -c src/runtime/effect_runtime.c -o obj/runtime/effect_runtime.o
2026-10-09T12:45:37.7677946Z cc -Wall -Wextra -Werror -std=c99 -g -O3 -ftree-vectorize -fPIC -Isrc -D_GNU_SOURCE  -fprofile-arcs -ftest-coverage -MMD -MP -c src/runtime/ffi_loader.c -o obj/runtime/ffi_loader.o
2026-10-09T12:45:37.9680154Z cc -Wall -Wextra -Werror -std=c99 -g -O3 -ftree-vectorize -fPIC -Isrc -D_GNU_SOURCE  -fprofile-arcs -ftest-coverage -MMD -MP -c src/runtime/gc.c -o obj/runtime/gc.o
2026-10-09T12:45:38.1036243Z cc -Wall -Wextra -Werror -std=c99 -g -O3 -ftree-vectorize -fPIC -Isrc -D_GNU_SOURCE  -fprofile-arcs -ftest-coverage -MMD -MP -c src/runtime/gc_struct.c -o obj/runtime/gc_struct.o
2026-10-09T12:45:38.1921235Z cc -Wall -Wextra -Werror -std=c99 -g -O3 -ftree-vectorize -fPIC -Isrc -D_GNU_SOURCE  -fprofile-arcs -ftest-coverage -MMD -MP -c src/runtime/list_ASTArrayLiteral.c -o obj/runtime/list_ASTArrayLiteral.o
2026-10-09T12:45:38.2871473Z cc -Wall -Wextra -Werror -std=c99 -g -O3 -ftree-vectorize -fPIC -Isrc -D_GNU_SOURCE  -fprofile-arcs -ftest-coverage -MMD -MP -c src/runtime/list_ASTAssert.c -o obj/runtime/list_ASTAssert.o
2026-10-09T12:45:38.3834893Z cc -Wall -Wextra -Werror -std=c99 -g -O3 -ftree-vectorize -fPIC -Isrc -D_GNU_SOURCE  -fprofile-arcs -ftest-coverage -MMD -MP -c src/runtime/list_ASTBinaryOp.c -o obj/runtime/list_ASTBinaryOp.o
2026-10-09T12:45:38.4810302Z cc -Wall -Wextra -Werror -std=c99 -g -O3 -ftree-vectorize -fPIC -Isrc -D_GNU_SOURCE  -fprofile-arcs -ftest-coverage -MMD -MP -c src/runtime/list_ASTBlock.c -o obj/runtime/list_ASTBlock.o
2026-10-09T12:45:38.5764417Z cc -Wall -Wextra -Werror -std=c99 -g -O3 -ftree-vectorize -fPIC -Isrc -D_GNU_SOURCE  -fprofile-arcs -ftest-coverage -MMD -MP -c src/runtime/list_ASTBool.c -o obj/runtime/list_ASTBool.o
2026-10-09T12:45:38.6714812Z cc -Wall -Wextra -Werror -std=c99 -g -O3 -ftree-vectorize -fPIC -Isrc -D_GNU_SOURCE  -fprofile-arcs -ftest-coverage -MMD -MP -c src/runtime/list_ASTCall.c -o obj/runtime/list_ASTCall.o
2026-10-09T12:45:38.7662341Z cc -Wall -Wextra -Werror -std=c99 -g -O3 -ftree-vectorize -fPIC -Isrc -D_GNU_SOURCE  -fprofile-arcs -ftest-coverage -MMD -MP -c src/runtime/list_ASTEnum.c -o obj/runtime/list_ASTEnum.o
2026-10-09T12:45:38.8639928Z cc -Wall -Wextra -Werror -std=c99 -g -O3 -ftree-vectorize -fPIC -Isrc -D_GNU_SOURCE  -fprofile-arcs -ftest-coverage -MMD -MP -c src/runtime/list_ASTFieldAccess.c -o obj/runtime/list_ASTFieldAccess.o
2026-10-09T12:45:38.9589682Z cc -Wall -Wextra -Werror -std=c99 -g -O3 -ftree-vectorize -fPIC -Isrc -D_GNU_SOURCE  -fprofile-arcs -ftest-coverage -MMD -MP -c src/runtime/list_ASTFloat.c -o obj/runtime/list_ASTFloat.o
2026-10-09T12:45:39.0551988Z cc -Wall -Wextra -Werror -std=c99 -g -O3 -ftree-vectorize -fPIC -Isrc -D_GNU_SOURCE  -fprofile-arcs -ftest-coverage -MMD -MP -c src/runtime/list_ASTFor.c -o obj/runtime/list_ASTFor.o
2026-10-09T12:45:39.1524883Z cc -Wall -Wextra -Werror -std=c99 -g -O3 -ftree-vectorize -fPIC -Isrc -D_GNU_SOURCE  -fprofile-arcs -ftest-coverage -MMD -MP -c src/runtime/list_ASTFunction.c -o obj/runtime/list_ASTFunction.o
2026-10-09T12:45:39.2537051Z cc -Wall -Wextra -Werror -std=c99 -g -O3 -ftree-vectorize -fPIC -Isrc -D_GNU_SOURCE  -fprofile-arcs -ftest-coverage -MMD -MP -c src/runtime/list_ASTIdentifier.c -o obj/runtime/list_ASTIdentifier.o
2026-10-09T12:45:39.3499302Z cc -Wall -Wextra -Werror -std=c99 -g -O3 -ftree-vectorize -fPIC -Isrc -D_GNU_SOURCE  -fprofile-arcs -ftest-coverage -MMD -MP -c src/runtime/list_ASTIf.c -o obj/runtime/list_ASTIf.o
2026-10-09T12:45:39.4471253Z cc -Wall -Wextra -Werror -std=c99 -g -O3 -ftree-vectorize -fPIC -Isrc -D_GNU_SOURCE  -fprofile-arcs -ftest-coverage -MMD -MP -c src/runtime/list_ASTImport.c -o obj/runtime/list_ASTImport.o
2026-10-09T12:45:39.5443031Z cc -Wall -Wextra -Werror -std=c99 -g -O3 -ftree-vectorize -fPIC -Isrc -D_GNU_SOURCE  -fprofile-arcs -ftest-coverage -MMD -MP -c src/runtime/list_ASTLet.c -o obj/runtime/list_ASTLet.o
2026-10-09T12:45:39.6444150Z cc -Wall -Wextra -Werror -std=c99 -g -O3 -ftree-vectorize -fPIC -Isrc -D_GNU_SOURCE  -fprofile-arcs -ftest-coverage -MMD -MP -c src/runtime/list_ASTMatch.c -o obj/runtime/list_ASTMatch.o
2026-10-09T12:45:39.7438941Z cc -Wall -Wextra -Werror -std=c99 -g -O3 -ftree-vectorize -fPIC -Isrc -D_GNU_SOURCE  -fprofile-arcs -ftest-coverage -MMD -MP -c src/runtime/list_ASTModuleQualifiedCall.c -o obj/runtime/list_ASTModuleQualifiedCall.o
2026-10-09T12:45:39.8420059Z cc -Wall -Wextra -Werror -std=c99 -g -O3 -ftree-vectorize -fPIC -Isrc -D_GNU_SOURCE  -fprofile-arcs -ftest-coverage -MMD -MP -c src/runtime/list_ASTNumber.c -o obj/runtime/list_ASTNumber.o
2026-10-09T12:45:39.9380814Z cc -Wall -Wextra -Werror -std=c99 -g -O3 -ftree-vectorize -fPIC -Isrc -D_GNU_SOURCE  -fprofile-arcs -ftest-coverage -MMD -MP -c src/runtime/list_ASTOpaqueType.c -o obj/runtime/list_ASTOpaqueType.o
2026-10-09T12:45:40.0346713Z cc -Wall -Wextra -Werror -std=c99 -g -O3 -ftree-vectorize -fPIC -Isrc -D_GNU_SOURCE  -fprofile-arcs -ftest-coverage -MMD -MP -c src/runtime/list_ASTPrint.c -o obj/runtime/list_ASTPrint.o
2026-10-09T12:45:40.1309432Z cc -Wall -Wextra -Werror -std=c99 -g -O3 -ftree-vectorize -fPIC -Isrc -D_GNU_SOURCE  -fprofile-arcs -ftest-coverage -MMD -MP -c src/runtime/list_ASTReturn.c -o obj/runtime/list_ASTReturn.o
2026-10-09T12:45:40.2270263Z cc -Wall -Wextra -Werror -std=c99 -g -O3 -ftree-vectorize -fPIC -Isrc -D_GNU_SOURCE  -fprofile-arcs -ftest-coverage -MMD -MP -c src/runtime/list_ASTServiceDecl.c -o obj/runtime/list_ASTServiceDecl.o
2026-10-09T12:45:40.3279794Z cc -Wall -Wextra -Werror -std=c99 -g -O3 -ftree-vectorize -fPIC -Isrc -D_GNU_SOURCE  -fprofile-arcs -ftest-coverage -MMD -MP -c src/runtime/list_ASTSet.c -o obj/runtime/list_ASTSet.o
2026-10-09T12:45:40.4257735Z cc -Wall -Wextra -Werror -std=c99 -g -O3 -ftree-vectorize -fPIC -Isrc -D_GNU_SOURCE  -fprofile-arcs -ftest-coverage -MMD -MP -c src/runtime/list_ASTShadow.c -o obj/runtime/list_ASTShadow.o
2026-10-09T12:45:40.5204463Z cc -Wall -Wextra -Werror -std=c99 -g -O3 -ftree-vectorize -fPIC -Isrc -D_GNU_SOURCE  -fprofile-arcs -ftest-coverage -MMD -MP -c src/runtime/list_ASTStmtRef.c -o obj/runtime/list_ASTStmtRef.o
2026-10-09T12:45:40.6133586Z cc -Wall -Wextra -Werror -std=c99 -g -O3 -ftree-vectorize -fPIC -Isrc -D_GNU_SOURCE  -fprofile-arcs -ftest-coverage -MMD -MP -c src/runtime/list_ASTString.c -o obj/runtime/list_ASTString.o
2026-10-09T12:45:40.7082427Z cc -Wall -Wextra -Werror -std=c99 -g -O3 -ftree-vectorize -fPIC -Isrc -D_GNU_SOURCE  -fprofile-arcs -ftest-coverage -MMD -MP -c src/runtime/list_ASTStruct.c -o obj/runtime/list_ASTStruct.o
2026-10-09T12:45:40.8065259Z cc -Wall -Wextra -Werror -std=c99 -g -O3 -ftree-vectorize -fPIC -Isrc -D_GNU_SOURCE  -fprofile-arcs -ftest-coverage -MMD -MP -c src/runtime/list_ASTStructLiteral.c -o obj/runtime/list_ASTStructLiteral.o
2026-10-09T12:45:40.9047055Z cc -Wall -Wextra -Werror -std=c99 -g -O3 -ftree-vectorize -fPIC -Isrc -D_GNU_SOURCE  -fprofile-arcs -ftest-coverage -MMD -MP -c src/runtime/list_ASTTupleIndex.c -o obj/runtime/list_ASTTupleIndex.o
2026-10-09T12:45:41.0010996Z cc -Wall -Wextra -Werror -std=c99 -g -O3 -ftree-vectorize -fPIC -Isrc -D_GNU_SOURCE  -fprofile-arcs -ftest-coverage -MMD -MP -c src/runtime/list_ASTTupleLiteral.c -o obj/runtime/list_ASTTupleLiteral.o
2026-10-09T12:45:41.0984547Z cc -Wall -Wextra -Werror -std=c99 -g -O3 -ftree-vectorize -fPIC -Isrc -D_GNU_SOURCE  -fprofile-arcs -ftest-coverage -MMD -MP -c src/runtime/list_ASTUnion.c -o obj/runtime/list_ASTUnion.o
2026-10-09T12:45:41.1982827Z cc -Wall -Wextra -Werror -std=c99 -g -O3 -ftree-vectorize -fPIC -Isrc -D_GNU_SOURCE  -fprofile-arcs -ftest-coverage -MMD -MP -c src/runtime/list_ASTUnionConstruct.c -o obj/runtime/list_ASTUnionConstruct.o
2026-10-09T12:45:41.2959064Z cc -Wall -Wextra -Werror -std=c99 -g -O3 -ftree-vectorize -fPIC -Isrc -D_GNU_SOURCE  -fprofile-arcs -ftest-coverage -MMD -MP -c src/runtime/list_ASTUnsafeBlock.c -o obj/runtime/list_ASTUnsafeBlock.o
2026-10-09T12:45:41.3916580Z cc -Wall -Wextra -Werror -std=c99 -g -O3 -ftree-vectorize -fPIC -Isrc -D_GNU_SOURCE  -fprofile-arcs -ftest-coverage -MMD -MP -c src/runtime/list_ASTWhile.c -o obj/runtime/list_ASTWhile.o
2026-10-09T12:45:41.4872845Z cc -Wall -Wextra -Werror -std=c99 -g -O3 -ftree-vectorize -fPIC -Isrc -D_GNU_SOURCE  -fprofile-arcs -ftest-coverage -MMD -MP -c src/runtime/list_CompilerDiagnostic.c -o obj/runtime/list_CompilerDiagnostic.o
2026-10-09T12:45:41.5848179Z cc -Wall -Wextra -Werror -std=c99 -g -O3 -ftree-vectorize -fPIC -Isrc -D_GNU_SOURCE  -fprofile-arcs -ftest-coverage -MMD -MP -c src/runtime/list_CompilerSourceLocation.c -o obj/runtime/list_CompilerSourceLocation.o
2026-10-09T12:45:41.6793486Z cc -Wall -Wextra -Werror -std=c99 -g -O3 -ftree-vectorize -fPIC -Isrc -D_GNU_SOURCE  -fprofile-arcs -ftest-coverage -MMD -MP -c src/runtime/list_LexerToken.c -o obj/runtime/list_LexerToken.o
2026-10-09T12:45:41.7743690Z cc -Wall -Wextra -Werror -std=c99 -g -O3 -ftree-vectorize -fPIC -Isrc -D_GNU_SOURCE  -fprofile-arcs -ftest-coverage -MMD -MP -c src/runtime/list_bool.c -o obj/runtime/list_bool.o
2026-10-09T12:45:41.8635032Z cc -Wall -Wextra -Werror -std=c99 -g -O3 -ftree-vectorize -fPIC -Isrc -D_GNU_SOURCE  -fprofile-arcs -ftest-coverage -MMD -MP -c src/runtime/list_int.c -o obj/runtime/list_int.o
2026-10-09T12:45:41.9540049Z cc -Wall -Wextra -Werror -std=c99 -g -O3 -ftree-vectorize -fPIC -Isrc -D_GNU_SOURCE  -fprofile-arcs -ftest-coverage -MMD -MP -c src/runtime/list_string.c -o obj/runtime/list_string.o
2026-10-09T12:45:42.0591223Z cc -Wall -Wextra -Werror -std=c99 -g -O3 -ftree-vectorize -fPIC -Isrc -D_GNU_SOURCE  -fprofile-arcs -ftest-coverage -MMD -MP -c src/runtime/list_token.c -o obj/runtime/list_token.o
2026-10-09T12:45:42.1548634Z cc -Wall -Wextra -Werror -std=c99 -g -O3 -ftree-vectorize -fPIC -Isrc -D_GNU_SOURCE  -fprofile-arcs -ftest-coverage -MMD -MP -c src/runtime/module_build_dir.c -o obj/runtime/module_build_dir.o
2026-10-09T12:45:42.2878236Z cc -Wall -Wextra -Werror -std=c99 -g -O3 -ftree-vectorize -fPIC -Isrc -D_GNU_SOURCE  -fprofile-arcs -ftest-coverage -MMD -MP -c src/runtime/nl_string.c -o obj/runtime/nl_string.o
2026-10-09T12:45:42.4768089Z cc -Wall -Wextra -Werror -std=c99 -g -O3 -ftree-vectorize -fPIC -Isrc -D_GNU_SOURCE  -fprofile-arcs -ftest-coverage -MMD -MP -c src/runtime/regex.c -o obj/runtime/regex.o
2026-10-09T12:45:42.5804221Z cc -Wall -Wextra -Werror -std=c99 -g -O3 -ftree-vectorize -fPIC -Isrc -D_GNU_SOURCE  -fprofile-arcs -ftest-coverage -MMD -MP -c src/runtime/token_helpers.c -o obj/runtime/token_helpers.o
2026-10-09T12:45:42.6340014Z cc -Wall -Wextra -Werror -std=c99 -g -O3 -ftree-vectorize -fPIC -Isrc -D_GNU_SOURCE  -fprofile-arcs -ftest-coverage -MMD -MP -c src/stdlib_runtime.c -o obj/stdlib_runtime.o
2026-10-09T12:45:43.2065011Z cc -Wall -Wextra -Werror -std=c99 -g -O3 -ftree-vectorize -fPIC -Isrc -D_GNU_SOURCE  -fprofile-arcs -ftest-coverage -MMD -MP -c src/tco_pass.c -o obj/tco_pass.o
2026-10-09T12:45:43.5770827Z cc -Wall -Wextra -Werror -std=c99 -g -O3 -ftree-vectorize -fPIC -Isrc -D_GNU_SOURCE  -fprofile-arcs -ftest-coverage -MMD -MP -c src/toon_output.c -o obj/toon_output.o
2026-10-09T12:45:43.6658620Z cc -Wall -Wextra -Werror -std=c99 -g -O3 -ftree-vectorize -fPIC -Isrc -D_GNU_SOURCE  -fprofile-arcs -ftest-coverage -MMD -MP -c src/transpiler.c -o obj/transpiler.o
2026-10-09T12:45:48.1996767Z cc -Wall -Wextra -Werror -std=c99 -g -O3 -ftree-vectorize -fPIC -Isrc -D_GNU_SOURCE  -fprofile-arcs -ftest-coverage -MMD -MP -c src/type_infer.c -o obj/type_infer.o
2026-10-09T12:45:48.8749908Z cc -Wall -Wextra -Werror -std=c99 -g -O3 -ftree-vectorize -fPIC -Isrc -D_GNU_SOURCE  -fprofile-arcs -ftest-coverage -MMD -MP -c src/typechecker.c -o obj/typechecker.o
2026-10-09T12:45:53.4432338Z cc -Wall -Wextra -Werror -std=c99 -g -O3 -ftree-vectorize -fPIC -Isrc -D_GNU_SOURCE  -fprofile-arcs -ftest-coverage -MMD -MP -c src/utf8.c -o obj/utf8.o
2026-10-09T12:45:53.5702100Z cc  -Wall -Wextra -Werror -std=c99 -g -O3 -ftree-vectorize -fPIC -Isrc -D_GNU_SOURCE -fprofile-arcs -ftest-coverage -fPIC -shared -o bin/nano_as_capture.so src/runtime/assembler_capture.c -lm -lcrypto -lffi -rdynamic -fprofile-arcs -ftest-coverage -ldl
2026-10-09T12:45:53.9009148Z Stage 1: Building C reference compiler...
2026-10-09T12:45:54.6025186Z   (Coverage instrumentation detected in objects - linking with coverage flags)
2026-10-09T12:45:54.7763536Z ✓ C Compiler: bin/nanoc_c
2026-10-09T12:45:54.7826583Z ✓ Compiler: bin/nanoc -> bin/nanoc_c (C reference)
2026-10-09T12:45:54.7860892Z cc -Wall -Wextra -Werror -std=c99 -g -O3 -ftree-vectorize -fPIC -Isrc -D_GNU_SOURCE  -fprofile-arcs -ftest-coverage -MMD -MP -c src/ffi_bindgen.c -o obj/ffi_bindgen.o
2026-10-09T12:45:55.0450460Z cc -Wall -Wextra -Werror -std=c99 -g -O3 -ftree-vectorize -fPIC -Isrc -D_GNU_SOURCE  -fprofile-arcs -ftest-coverage -o bin/nanoc-ffi obj/ffi_bindgen.o obj/utf8.o -lm -lcrypto -lffi  -rdynamic -fprofile-arcs -ftest-coverage
2026-10-09T12:45:55.0803940Z ✓ Stage 1 complete (C reference binaries)
2026-10-09T12:45:55.1677965Z 
2026-10-09T12:45:55.1697320Z ==========================================
2026-10-09T12:45:55.1716477Z Stage 2: Building Self-Hosted Components
2026-10-09T12:45:55.1736295Z ==========================================
2026-10-09T12:45:55.1755640Z Compiling components with bin/nanoc...
2026-10-09T12:45:55.1774806Z 
2026-10-09T12:45:55.2200038Z   Building parser...
2026-10-09T12:46:08.7915590Z     ✓ parser compiled successfully
2026-10-09T12:46:08.7915924Z 
2026-10-09T12:46:08.7916103Z   Building typecheck...
2026-10-09T12:46:34.9915449Z     ✓ typecheck compiled successfully
2026-10-09T12:46:34.9915912Z 
2026-10-09T12:46:34.9916080Z   Building nanoisa_emitter...
2026-10-09T12:47:11.9255519Z     ✓ nanoisa_emitter compiled successfully
2026-10-09T12:47:11.9255836Z 
2026-10-09T12:47:11.9256034Z ✓ Stage 2: 3/3 components built successfully
2026-10-09T12:47:11.9318563Z 
2026-10-09T12:47:11.9338900Z ==========================================
2026-10-09T12:47:11.9358147Z Stage 3: Bootstrap Validation
2026-10-09T12:47:11.9377807Z ==========================================
2026-10-09T12:47:11.9397205Z Validating self-hosted components...
2026-10-09T12:47:11.9416228Z 
2026-10-09T12:47:11.9455576Z   Checking parser entry assertions...
2026-10-09T12:47:11.9537819Z     ✓ parser entry assertions passed
2026-10-09T12:47:11.9538333Z   Checking typecheck entry assertions...
2026-10-09T12:47:11.9629753Z     ✓ typecheck entry assertions passed
2026-10-09T12:47:11.9630303Z   Checking nanoisa_emitter entry assertions...
2026-10-09T12:47:11.9722957Z     ✓ nanoisa_emitter entry assertions passed
2026-10-09T12:47:11.9723731Z 
2026-10-09T12:47:11.9724090Z ✓ Stage 3: 3/3 component entry checks passed; imported shadows are separate
2026-10-09T12:47:11.9768539Z cc -Wall -Wextra -Werror -std=c99 -g -O3 -ftree-vectorize -fPIC -Isrc -D_GNU_SOURCE  -fprofile-arcs -ftest-coverage -MMD -MP -c src/nano_main.c -o obj/nano_main.o
2026-10-09T12:47:12.1065390Z cc -Wall -Wextra -Werror -std=c99 -g -O3 -ftree-vectorize -fPIC -Isrc -D_GNU_SOURCE  -fprofile-arcs -ftest-coverage -MMD -MP -c src/proptest.c -o obj/proptest.o
2026-10-09T12:47:12.3990219Z cc -Wall -Wextra -Werror -std=c99 -g -O3 -ftree-vectorize -fPIC -Isrc -D_GNU_SOURCE  -fprofile-arcs -ftest-coverage -o bin/nano obj/lexer.o obj/parser.o obj/typechecker.o obj/transpiler.o obj/stdlib_runtime.o obj/env.o obj/builtins_registry.o obj/module.o obj/module_metadata.o obj/cJSON.o obj/toon_output.o obj/module_builder.o obj/resource_tracking.o obj/eval.o obj/eval/eval_hashmap.o obj/eval/eval_math.o obj/eval/eval_string.o obj/eval/eval_io.o obj/interpreter_ffi.o obj/json_diagnostics.o obj/reflection.o obj/nanocore_subset.o obj/nanocore_export.o obj/emit_typed_ast.o obj/type_infer.o obj/effects.o obj/fold_constants.o obj/dce_pass.o obj/par_let_pass.o obj/ptx_backend.o obj/opencl_backend.o obj/tco_pass.o obj/cps_pass.o obj/coroutine.o obj/pgo_pass.o obj/c_backend.o obj/bench.o obj/bench_native.o obj/riscv_backend.o obj/dwarf_info.o obj/docgen_md.o obj/docgen.o obj/fmt.o obj/channel.o obj/bcp47.o obj/locale.o obj/utf8.o obj/diag_id.o obj/catalog.o obj/resource_flow.o obj/nominal_types.o obj/runtime/list_int.o obj/runtime/list_bool.o obj/runtime/list_string.o obj/runtime/list_LexerToken.o obj/runtime/list_token.o obj/runtime/list_CompilerDiagnostic.o obj/runtime/list_CompilerSourceLocation.o obj/runtime/list_ASTNumber.o obj/runtime/list_ASTFloat.o obj/runtime/list_ASTString.o obj/runtime/list_ASTBool.o obj/runtime/list_ASTIdentifier.o obj/runtime/list_ASTBinaryOp.o obj/runtime/list_ASTCall.o obj/runtime/list_ASTModuleQualifiedCall.o obj/runtime/list_ASTArrayLiteral.o obj/runtime/list_ASTLet.o obj/runtime/list_ASTSet.o obj/runtime/list_ASTStmtRef.o obj/runtime/list_ASTIf.o obj/runtime/list_ASTWhile.o obj/runtime/list_ASTFor.o obj/runtime/list_ASTReturn.o obj/runtime/list_ASTBlock.o obj/runtime/list_ASTUnsafeBlock.o obj/runtime/list_ASTPrint.o obj/runtime/list_ASTAssert.o obj/runtime/list_ASTFunction.o obj/runtime/list_ASTShadow.o obj/runtime/list_ASTStruct.o obj/runtime/list_ASTStructLiteral.o obj/runtime/list_ASTFieldAccess.o obj/runtime/list_ASTEnum.o obj/runtime/list_ASTUnion.o obj/runtime/list_ASTUnionConstruct.o obj/runtime/list_ASTMatch.o obj/runtime/list_ASTImport.o obj/runtime/list_ASTOpaqueType.o obj/runtime/list_ASTServiceDecl.o obj/runtime/list_ASTTupleLiteral.o obj/runtime/list_ASTTupleIndex.o obj/runtime/token_helpers.o obj/runtime/gc.o obj/runtime/effect_runtime.o obj/runtime/dyn_array.o obj/runtime/gc_struct.o obj/runtime/nl_string.o obj/runtime/ffi_loader.o obj/runtime/module_build_dir.o obj/runtime/cli.o obj/runtime/regex.o obj/nano_main.o obj/proptest.o -lm -lcrypto -lffi  -rdynamic -fprofile-arcs -ftest-coverage
2026-10-09T12:47:12.5301145Z ✓ Interpreter: bin/nano
2026-10-09T12:47:12.5350800Z 
2026-10-09T12:47:12.5370066Z ==========================================
2026-10-09T12:47:12.5389282Z ✅ Build Complete (3-Stage Bootstrap)
2026-10-09T12:47:12.5408658Z ==========================================
2026-10-09T12:47:12.5439124Z make[1]: Entering directory '/home/runner/work/nanolang/nanolang'
2026-10-09T12:47:12.6436305Z Build Status:
2026-10-09T12:47:12.6455218Z 
2026-10-09T12:47:12.6474933Z   ✅ Stage 1: C reference compiler (bin/nanoc)
2026-10-09T12:47:12.6494029Z   ✅ Stage 2: Self-hosted components compiled
2026-10-09T12:47:12.6494600Z     • parser
2026-10-09T12:47:12.6494965Z     • typecheck
2026-10-09T12:47:12.6495217Z     • nanoisa_emitter
2026-10-09T12:47:12.6513871Z   ✅ Stage 3: Bootstrap validated
2026-10-09T12:47:12.6532795Z 
2026-10-09T12:47:12.6535121Z make[1]: Leaving directory '/home/runner/work/nanolang/nanolang'
2026-10-09T12:47:12.6557469Z 
2026-10-09T12:47:12.6602572Z ##[group]Run make build CFLAGS="-Wall -Wextra -Werror -std=c99 -g -Isrc -D_GNU_SOURCE -fprofile-arcs -ftest-coverage"
2026-10-09T12:47:12.6603744Z [36;1mmake build CFLAGS="-Wall -Wextra -Werror -std=c99 -g -Isrc -D_GNU_SOURCE -fprofile-arcs -ftest-coverage"[0m
2026-10-09T12:47:12.6667885Z shell: /usr/bin/bash -e {0}
2026-10-09T12:47:12.6668135Z env:
2026-10-09T12:47:12.6668399Z   NANO_VERIFY_CORPUS_LOG_ROOT: .test_output/verifier-corpus
2026-10-09T12:47:12.6668920Z   NANO_SHADOW_TIMEOUT_SECONDS: 60
2026-10-09T12:47:12.6669167Z ##[endgroup]
2026-10-09T12:47:12.8801975Z 
2026-10-09T12:47:12.8821399Z ==========================================
2026-10-09T12:47:12.8841128Z ✅ Build Complete (3-Stage Bootstrap)
2026-10-09T12:47:12.8859980Z ==========================================
2026-10-09T12:47:12.8889650Z make[1]: Entering directory '/home/runner/work/nanolang/nanolang'
2026-10-09T12:47:12.9841658Z Build Status:
2026-10-09T12:47:12.9860640Z 
2026-10-09T12:47:12.9880585Z   ✅ Stage 1: C reference compiler (bin/nanoc)
2026-10-09T12:47:12.9900416Z   ✅ Stage 2: Self-hosted components compiled
2026-10-09T12:47:12.9901001Z     • parser
2026-10-09T12:47:12.9901379Z     • typecheck
2026-10-09T12:47:12.9901768Z     • nanoisa_emitter
2026-10-09T12:47:12.9921377Z   ✅ Stage 3: Bootstrap validated
2026-10-09T12:47:12.9940070Z 
2026-10-09T12:47:12.9942420Z make[1]: Leaving directory '/home/runner/work/nanolang/nanolang'
2026-10-09T12:47:12.9964604Z 
2026-10-09T12:47:13.0011891Z ##[group]Run make test-quick CFLAGS="-Wall -Wextra -Werror -std=c99 -g -Isrc -D_GNU_SOURCE -fprofile-arcs -ftest-coverage" LDFLAGS="-lm -lcrypto -fprofile-arcs -ftest-coverage"
2026-10-09T12:47:13.0013106Z [36;1mmake test-quick CFLAGS="-Wall -Wextra -Werror -std=c99 -g -Isrc -D_GNU_SOURCE -fprofile-arcs -ftest-coverage" LDFLAGS="-lm -lcrypto -fprofile-arcs -ftest-coverage"[0m
2026-10-09T12:47:13.0075497Z shell: /usr/bin/bash -e {0}
2026-10-09T12:47:13.0075752Z env:
2026-10-09T12:47:13.0076026Z   NANO_VERIFY_CORPUS_LOG_ROOT: .test_output/verifier-corpus
2026-10-09T12:47:13.0076374Z   NANO_SHADOW_TIMEOUT_SECONDS: 60
2026-10-09T12:47:13.0076650Z   NANO_VM_EXAMPLE_SHADOW_TIMEOUT_SECONDS: 60
2026-10-09T12:47:13.0076924Z ##[endgroup]
2026-10-09T12:47:13.2172633Z 
2026-10-09T12:47:13.2192526Z ==========================================
2026-10-09T12:47:13.2212501Z ✅ Build Complete (3-Stage Bootstrap)
2026-10-09T12:47:13.2232775Z ==========================================
2026-10-09T12:47:13.2264793Z make[1]: Entering directory '/home/runner/work/nanolang/nanolang'
2026-10-09T12:47:13.3218250Z Build Status:
2026-10-09T12:47:13.3237496Z 
2026-10-09T12:47:13.3257479Z   ✅ Stage 1: C reference compiler (bin/nanoc)
2026-10-09T12:47:13.3277236Z   ✅ Stage 2: Self-hosted components compiled
2026-10-09T12:47:13.3277817Z     • parser
2026-10-09T12:47:13.3278196Z     • typecheck
2026-10-09T12:47:13.3278583Z     • nanoisa_emitter
2026-10-09T12:47:13.3297686Z   ✅ Stage 3: Bootstrap validated
2026-10-09T12:47:13.3316630Z 
2026-10-09T12:47:13.3318917Z make[1]: Leaving directory '/home/runner/work/nanolang/nanolang'
2026-10-09T12:47:13.3342219Z 
2026-10-09T12:47:13.3344834Z python3 -m unittest -v tests.test_github_issue_tracking
2026-10-09T12:47:13.4378875Z test_create_preserves_literal_multiline_body_and_deduplicates_run (tests.test_github_issue_tracking.GitHubTracking.test_create_preserves_literal_multiline_body_and_deduplicates_run) ... ok
2026-10-09T12:47:13.4391214Z test_dry_run_never_contacts_github (tests.test_github_issue_tracking.GitHubTracking.test_dry_run_never_contacts_github) ... ok
2026-10-09T12:47:13.4399384Z test_fingerprint_finds_issue_after_title_change (tests.test_github_issue_tracking.GitHubTracking.test_fingerprint_finds_issue_after_title_change) ... ok
2026-10-09T12:47:13.4927809Z test_legacy_entry_point_routes_to_github_without_network_in_dry_run (tests.test_github_issue_tracking.GitHubTracking.test_legacy_entry_point_routes_to_github_without_network_in_dry_run) ... ok
2026-10-09T12:47:13.4936180Z test_new_issue_limit_does_not_suppress_existing_updates (tests.test_github_issue_tracking.GitHubTracking.test_new_issue_limit_does_not_suppress_existing_updates) ... ok
2026-10-09T12:47:13.4972317Z test_offline_preserves_failure_and_still_runs_examples (tests.test_github_issue_tracking.GitHubTracking.test_offline_preserves_failure_and_still_runs_examples) ... ok
2026-10-09T12:47:13.4977890Z test_paginated_issues_exclude_pull_requests (tests.test_github_issue_tracking.GitHubTracking.test_paginated_issues_exclude_pull_requests) ... ok
2026-10-09T12:47:13.4985725Z test_recurrence_reopens_closed_issue_without_creating_duplicate (tests.test_github_issue_tracking.GitHubTracking.test_recurrence_reopens_closed_issue_without_creating_duplicate) ... ok
2026-10-09T12:47:13.4995842Z test_success_never_creates_summary_and_closes_only_managed_issue (tests.test_github_issue_tracking.GitHubTracking.test_success_never_creates_summary_and_closes_only_managed_issue) ... ok
2026-10-09T12:47:13.5003606Z test_summary_failure_reopens_and_records_nonzero_exit (tests.test_github_issue_tracking.GitHubTracking.test_summary_failure_reopens_and_records_nonzero_exit) ... ok
2026-10-09T12:47:13.5009206Z test_summary_zero_limit_leaves_failure_unfiled (tests.test_github_issue_tracking.GitHubTracking.test_summary_zero_limit_leaves_failure_unfiled) ... ok
2026-10-09T12:47:13.5010293Z 
2026-10-09T12:47:13.5010544Z ----------------------------------------------------------------------
2026-10-09T12:47:13.5011402Z Ran 11 tests in 0.065s
2026-10-09T12:47:13.5011657Z 
2026-10-09T12:47:13.5011787Z OK
2026-10-09T12:47:13.5280682Z 
2026-10-09T12:47:13.5281210Z [1m========================================
2026-10-09T12:47:13.5281741Z NANOLANG COMPREHENSIVE TEST SUITE
2026-10-09T12:47:13.5282289Z ========================================[0m
2026-10-09T12:47:13.5282797Z Backend: [0;36mc[0m
2026-10-09T12:47:13.5283176Z Native compiler: ./bin/nanoc
2026-10-09T12:47:13.5283833Z 
2026-10-09T12:47:13.5284102Z [0;36m=== CORE LANGUAGE TESTS (nl_*) ===[0m
2026-10-09T12:47:13.5284450Z 
2026-10-09T12:47:13.5284639Z [1m-- Syntax --[0m
2026-10-09T12:47:15.2241923Z [0;32m✅[0m nl_syntax_literals.nano
2026-10-09T12:47:16.9097288Z [0;32m✅[0m nl_syntax_operators.nano
2026-10-09T12:47:16.9112213Z 
2026-10-09T12:47:16.9112474Z [1m-- Types --[0m
2026-10-09T12:47:18.5965637Z [0;32m✅[0m nl_types_bool_list.nano
2026-10-09T12:47:20.2875577Z [0;32m✅[0m nl_types_enum.nano
2026-10-09T12:47:21.9934478Z [0;32m✅[0m nl_types_struct.nano
2026-10-09T12:47:23.6809753Z [0;32m✅[0m nl_types_tuple.nano
2026-10-09T12:47:23.6824715Z 
2026-10-09T12:47:23.6825103Z [1m-- Control Flow --[0m
2026-10-09T12:47:25.4370835Z [0;32m✅[0m nl_control_array_elements.nano
2026-10-09T12:47:27.1250696Z [0;32m✅[0m nl_control_flow.nano
2026-10-09T12:47:28.8167032Z [0;32m✅[0m nl_control_match.nano
2026-10-09T12:47:30.5020567Z [0;32m✅[0m nl_control_while.nano
2026-10-09T12:47:30.5035943Z 
2026-10-09T12:47:30.5036369Z [1m-- Functions --[0m
2026-10-09T12:47:32.1876891Z [0;32m✅[0m nl_functions_array_param.nano
2026-10-09T12:47:34.8294564Z [0;32m✅[0m nl_functions_audio_examples_default_args.nano
2026-10-09T12:47:36.5486815Z [0;32m✅[0m nl_functions_filter.nano
2026-10-09T12:47:38.2397108Z [0;32m✅[0m nl_functions_map_reduce.nano
2026-10-09T12:47:40.1652747Z [0;32m✅[0m nl_functions_module_introspection_flags.nano
2026-10-09T12:47:42.1148217Z [0;32m✅[0m nl_functions_module_metadata.nano
2026-10-09T12:47:44.5751677Z [0;32m✅[0m nl_functions_nanoamp_default_args.nano
2026-10-09T12:47:46.5067334Z [0;32m✅[0m nl_functions_relative_import.nano
2026-10-09T12:47:48.2060116Z [0;32m✅[0m nl_functions_string_edges.nano
2026-10-09T12:47:48.2075841Z 
2026-10-09T12:47:48.2076439Z [0;36mLanguage Tests: [0;32m19 passed[0m, [0;31m0 failed[0m
2026-10-09T12:47:48.2076930Z 
2026-10-09T12:47:48.2077786Z [1m========================================
2026-10-09T12:47:48.2078225Z TEST RESULTS SUMMARY
2026-10-09T12:47:48.2078712Z ========================================[0m
2026-10-09T12:47:48.2079058Z 
2026-10-09T12:47:48.2079597Z Core Language (nl_*):  [0;32m19 passed[0m, [0;31m0 failed[0m
2026-10-09T12:47:48.2080252Z 
2026-10-09T12:47:48.2080814Z TOTAL: [0;32m19 passed[0m, [0;31m0 failed[0m, [0;34m0 skipped[0m
2026-10-09T12:47:48.2081320Z 
2026-10-09T12:47:48.2082255Z [0;32m✅ All runnable tests passed![0m
2026-10-09T12:47:48.5548878Z .s.
2026-10-09T12:47:48.5549404Z ----------------------------------------------------------------------
2026-10-09T12:47:48.5550413Z Ran 3 tests in 0.201s
2026-10-09T12:47:48.5550674Z 
2026-10-09T12:47:48.5550825Z OK (skipped=1)
2026-10-09T12:47:48.6824801Z cc -Wall -Wextra -Werror -std=c99 -g -Isrc -D_GNU_SOURCE -fprofile-arcs -ftest-coverage  -MMD -MP -c src/nanovirt/main.c -o obj/nanovirt/main.o
2026-10-09T12:47:48.7668572Z cc -Wall -Wextra -Werror -std=c99 -g -Isrc -D_GNU_SOURCE -fprofile-arcs -ftest-coverage  -o bin/nano_virt obj/nanovirt/codegen.o obj/nanovirt/wrapper_gen.o obj/nanovirt/shadow_runner.o obj/nanovm/value.o obj/nanovm/heap.o obj/nanovm/heap_cycles.o obj/nanovm/vm.o obj/nanovm/vm_callback.o obj/nanovm/vm_ffi.o obj/nanovm/vm_builtins.o obj/nanovm/cop_protocol.o obj/nanovm/vm_ffi_arrays.o obj/runtime/callback_runtime.o obj/nanoisa/file_flow.o obj/nanoisa/service_file_nominal.o obj/nanoisa/service_file_nominal_plan.o obj/nanoisa/service_bindings.o obj/nanoisa/service_bindings_module.o obj/nanoisa/mixed_float_proof.o obj/nanoisa/managed_array_shapes.o obj/nanoisa/local_bindings.o obj/nanoisa/affine_bytecode.o obj/nanoisa/affine_state.o obj/nanoisa/ownership_contracts.o obj/nanoisa/retained_layouts.o obj/nanoisa/reference_places.o obj/nanoisa/passive.o obj/nanoisa/isa.o obj/nanoisa/verifier_types.o obj/nanoisa/nvm_format.o obj/nanoisa/nvm_format_v2.o obj/nanoisa/nvm_v2_cursor.o obj/nanoisa/nvm_v2_constants.o obj/nanoisa/nvm_v2_signatures.o obj/nanoisa/nvm_v2_layouts.o obj/nanoisa/nvm_v2_functions.o obj/nanoisa/nvm_v2_imports.o obj/nanoisa/nvm_v2_module.o obj/nanoisa/nvm_v2_convert.o obj/nanoisa/assembler.o obj/nanoisa/disassembler.o obj/nanoisa/verifier.o obj/nanoisa/nvm2c.o obj/nanoisa/nvm2c_shape.o obj/nanoisa/nvm2c_callables.o obj/nanoisa/frontend.o obj/nanoisa/nanoisa_facade.o obj/nanovm/vm_decode.o obj/nanovm/vm_dispatch.o obj/nsi_file_plan.o \
2026-10-09T12:47:48.7684287Z 	obj/lexer.o obj/parser.o obj/typechecker.o obj/transpiler.o obj/stdlib_runtime.o obj/env.o obj/builtins_registry.o obj/module.o obj/module_metadata.o obj/cJSON.o obj/toon_output.o obj/module_builder.o obj/resource_tracking.o obj/eval.o obj/eval/eval_hashmap.o obj/eval/eval_math.o obj/eval/eval_string.o obj/eval/eval_io.o obj/interpreter_ffi.o obj/json_diagnostics.o obj/reflection.o obj/nanocore_subset.o obj/nanocore_export.o obj/emit_typed_ast.o obj/type_infer.o obj/effects.o obj/fold_constants.o obj/dce_pass.o obj/par_let_pass.o obj/ptx_backend.o obj/opencl_backend.o obj/tco_pass.o obj/cps_pass.o obj/coroutine.o obj/pgo_pass.o obj/c_backend.o obj/bench.o obj/bench_native.o obj/riscv_backend.o obj/dwarf_info.o obj/docgen_md.o obj/docgen.o obj/fmt.o obj/channel.o obj/bcp47.o obj/locale.o obj/utf8.o obj/diag_id.o obj/catalog.o obj/resource_flow.o obj/nominal_types.o obj/runtime/list_int.o obj/runtime/list_bool.o obj/runtime/list_string.o obj/runtime/list_LexerToken.o obj/runtime/list_token.o obj/runtime/list_CompilerDiagnostic.o obj/runtime/list_CompilerSourceLocation.o obj/runtime/list_ASTNumber.o obj/runtime/list_ASTFloat.o obj/runtime/list_ASTString.o obj/runtime/list_ASTBool.o obj/runtime/list_ASTIdentifier.o obj/runtime/list_ASTBinaryOp.o obj/runtime/list_ASTCall.o obj/runtime/list_ASTModuleQualifiedCall.o obj/runtime/list_ASTArrayLiteral.o obj/runtime/list_ASTLet.o obj/runtime/list_ASTSet.o obj/runtime/list_ASTStmtRef.o obj/runtime/list_ASTIf.o obj/runtime/list_ASTWhile.o obj/runtime/list_ASTFor.o obj/runtime/list_ASTReturn.o obj/runtime/list_ASTBlock.o obj/runtime/list_ASTUnsafeBlock.o obj/runtime/list_ASTPrint.o obj/runtime/list_ASTAssert.o obj/runtime/list_ASTFunction.o obj/runtime/list_ASTShadow.o obj/runtime/list_ASTStruct.o obj/runtime/list_ASTStructLiteral.o obj/runtime/list_ASTFieldAccess.o obj/runtime/list_ASTEnum.o obj/runtime/list_ASTUnion.o obj/runtime/list_ASTUnionConstruct.o obj/runtime/list_ASTMatch.o obj/runtime/list_ASTImport.o obj/runtime/list_ASTOpaqueType.o obj/runtime/list_ASTServiceDecl.o obj/runtime/list_ASTTupleLiteral.o obj/runtime/list_ASTTupleIndex.o obj/runtime/token_helpers.o obj/runtime/gc.o obj/runtime/effect_runtime.o obj/runtime/dyn_array.o obj/runtime/gc_struct.o obj/runtime/nl_string.o obj/runtime/ffi_loader.o obj/runtime/module_build_dir.o obj/runtime/cli.o obj/runtime/regex.o obj/nanovirt/main.o -lm -lcrypto -fprofile-arcs -ftest-coverage -lcrypto -lffi  -rdynamic
2026-10-09T12:47:48.9468260Z cc -Wall -Wextra -Werror -std=c99 -g -Isrc -D_GNU_SOURCE -fprofile-arcs -ftest-coverage  -MMD -MP -c src/nanovm/vmd_protocol.c -o obj/nanovm/vmd_protocol.o
2026-10-09T12:47:49.0032068Z cc -Wall -Wextra -Werror -std=c99 -g -Isrc -D_GNU_SOURCE -fprofile-arcs -ftest-coverage  -MMD -MP -c src/nanovm/vmd_client.c -o obj/nanovm/vmd_client.o
2026-10-09T12:47:49.0563180Z cc -Wall -Wextra -Werror -std=c99 -g -Isrc -D_GNU_SOURCE -fprofile-arcs -ftest-coverage  -MMD -MP -c src/nanovm/main.c -o obj/nanovm/main.o
2026-10-09T12:47:49.1470779Z cc -Wall -Wextra -Werror -std=c99 -g -Isrc -D_GNU_SOURCE -fprofile-arcs -ftest-coverage  -MMD -MP -Isrc/nanoisa -c src/nanoisa/file_cli.c -o obj/nanoisa/file_cli.o
2026-10-09T12:47:49.1944671Z cc  -Wall -Wextra -Werror -std=c99 -g -Isrc -D_GNU_SOURCE -fprofile-arcs -ftest-coverage  -MMD -MP -Isrc/nanoisa -std=c11 -c src/nanoisa/file_host_grant.c -o obj/nanoisa/file_host_grant.o
2026-10-09T12:47:49.2280112Z cc  -Wall -Wextra -Werror -std=c99 -g -Isrc -D_GNU_SOURCE -fprofile-arcs -ftest-coverage  -MMD -MP -DNVM_FILE_PUBLIC_ENGINE -c src/nanoisa/file_runtime.c -o obj/nanoisa/file_runtime_public.o
2026-10-09T12:47:49.5041139Z cc -Wall -Wextra -Werror -std=c99 -g -Isrc -D_GNU_SOURCE -fprofile-arcs -ftest-coverage  -MMD -MP -Isrc/nanoisa -c src/nanoisa/file_public_native.c -o obj/nanoisa/file_public_native.o
2026-10-09T12:47:49.5966932Z cc -Wall -Wextra -Werror -std=c99 -g -Isrc -D_GNU_SOURCE -fprofile-arcs -ftest-coverage  -MMD -MP -c src/nanovm/file_public_vm.c -o obj/nanovm/file_public_vm.o
2026-10-09T12:47:49.6792340Z cc -Wall -Wextra -Werror -std=c99 -g -Isrc -D_GNU_SOURCE -fprofile-arcs -ftest-coverage  -MMD -MP -Isrc/nanoisa -c src/nanoisa/file_cyclic_public_native.c -o obj/nanoisa/file_cyclic_public_native.o
2026-10-09T12:47:49.7870732Z cc -Wall -Wextra -Werror -std=c99 -g -Isrc -D_GNU_SOURCE -fprofile-arcs -ftest-coverage  -MMD -MP -c src/nanovm/file_cyclic_public_vm.c -o obj/nanovm/file_cyclic_public_vm.o
2026-10-09T12:47:49.8751555Z cc -Wall -Wextra -Werror -std=c99 -g -Isrc -D_GNU_SOURCE -fprofile-arcs -ftest-coverage  -MMD -MP -Isrc/nanoisa -c src/nanoisa/file_cyclic_public_abi.c -o obj/nanoisa/file_cyclic_public_abi.o
2026-10-09T12:47:49.9056785Z cc -Wall -Wextra -Werror -std=c99 -g -Isrc -D_GNU_SOURCE -fprofile-arcs -ftest-coverage  -MMD -MP -c src/nsi_cap.c -o obj/nsi_cap.o
2026-10-09T12:47:49.9785785Z cc -Wall -Wextra -Werror -std=c99 -g -Isrc -D_GNU_SOURCE -fprofile-arcs -ftest-coverage  -MMD -MP -c src/nsi_file.c -o obj/nsi_file.o
2026-10-09T12:47:50.0348528Z cc -Wall -Wextra -Werror -std=c99 -g -Isrc -D_GNU_SOURCE -fprofile-arcs -ftest-coverage  -MMD -MP -c src/nsi_file_values.c -o obj/nsi_file_values.o
2026-10-09T12:47:50.1822796Z cc -Wall -Wextra -Werror -std=c99 -g -Isrc -D_GNU_SOURCE -fprofile-arcs -ftest-coverage  -o bin/nano_vm obj/nanovm/value.o obj/nanovm/heap.o obj/nanovm/heap_cycles.o obj/nanovm/vm.o obj/nanovm/vm_callback.o obj/nanovm/vm_ffi.o obj/nanovm/vm_builtins.o obj/nanovm/cop_protocol.o obj/nanovm/vm_ffi_arrays.o obj/runtime/callback_runtime.o obj/nanoisa/file_flow.o obj/nanoisa/service_file_nominal.o obj/nanoisa/service_file_nominal_plan.o obj/nanoisa/service_bindings.o obj/nanoisa/service_bindings_module.o obj/nanoisa/mixed_float_proof.o obj/nanoisa/managed_array_shapes.o obj/nanoisa/local_bindings.o obj/nanoisa/affine_bytecode.o obj/nanoisa/affine_state.o obj/nanoisa/ownership_contracts.o obj/nanoisa/retained_layouts.o obj/nanoisa/reference_places.o obj/nanoisa/passive.o obj/nanoisa/isa.o obj/nanoisa/verifier_types.o obj/nanoisa/nvm_format.o obj/nanoisa/nvm_format_v2.o obj/nanoisa/nvm_v2_cursor.o obj/nanoisa/nvm_v2_constants.o obj/nanoisa/nvm_v2_signatures.o obj/nanoisa/nvm_v2_layouts.o obj/nanoisa/nvm_v2_functions.o obj/nanoisa/nvm_v2_imports.o obj/nanoisa/nvm_v2_module.o obj/nanoisa/nvm_v2_convert.o obj/nanoisa/assembler.o obj/nanoisa/disassembler.o obj/nanoisa/verifier.o obj/nanoisa/nvm2c.o obj/nanoisa/nvm2c_shape.o obj/nanoisa/nvm2c_callables.o obj/nanoisa/frontend.o obj/nanoisa/nanoisa_facade.o obj/nanovm/vm_decode.o obj/nanovm/vm_dispatch.o obj/nsi_file_plan.o obj/lexer.o obj/parser.o obj/typechecker.o obj/transpiler.o obj/stdlib_runtime.o obj/env.o obj/builtins_registry.o obj/module.o obj/module_metadata.o obj/cJSON.o obj/toon_output.o obj/module_builder.o obj/resource_tracking.o obj/eval.o obj/eval/eval_hashmap.o obj/eval/eval_math.o obj/eval/eval_string.o obj/eval/eval_io.o obj/interpreter_ffi.o obj/json_diagnostics.o obj/reflection.o obj/nanocore_subset.o obj/nanocore_export.o obj/emit_typed_ast.o obj/type_infer.o obj/effects.o obj/fold_constants.o obj/dce_pass.o obj/par_let_pass.o obj/ptx_backend.o obj/opencl_backend.o obj/tco_pass.o obj/cps_pass.o obj/coroutine.o obj/pgo_pass.o obj/c_backend.o obj/bench.o obj/bench_native.o obj/riscv_backend.o obj/dwarf_info.o obj/docgen_md.o obj/docgen.o obj/fmt.o obj/channel.o obj/bcp47.o obj/locale.o obj/utf8.o obj/diag_id.o obj/catalog.o obj/resource_flow.o obj/nominal_types.o obj/runtime/list_int.o obj/runtime/list_bool.o obj/runtime/list_string.o obj/runtime/list_LexerToken.o obj/runtime/list_token.o obj/runtime/list_CompilerDiagnostic.o obj/runtime/list_CompilerSourceLocation.o obj/runtime/list_ASTNumber.o obj/runtime/list_ASTFloat.o obj/runtime/list_ASTString.o obj/runtime/list_ASTBool.o obj/runtime/list_ASTIdentifier.o obj/runtime/list_ASTBinaryOp.o obj/runtime/list_ASTCall.o obj/runtime/list_ASTModuleQualifiedCall.o obj/runtime/list_ASTArrayLiteral.o obj/runtime/list_ASTLet.o obj/runtime/list_ASTSet.o obj/runtime/list_ASTStmtRef.o obj/runtime/list_ASTIf.o obj/runtime/list_ASTWhile.o obj/runtime/list_ASTFor.o obj/runtime/list_ASTReturn.o obj/runtime/list_ASTBlock.o obj/runtime/list_ASTUnsafeBlock.o obj/runtime/list_ASTPrint.o obj/runtime/list_ASTAssert.o obj/runtime/list_ASTFunction.o obj/runtime/list_ASTShadow.o obj/runtime/list_ASTStruct.o obj/runtime/list_ASTStructLiteral.o obj/runtime/list_ASTFieldAccess.o obj/runtime/list_ASTEnum.o obj/runtime/list_ASTUnion.o obj/runtime/list_ASTUnionConstruct.o obj/runtime/list_ASTMatch.o obj/runtime/list_ASTImport.o obj/runtime/list_ASTOpaqueType.o obj/runtime/list_ASTServiceDecl.o obj/runtime/list_ASTTupleLiteral.o obj/runtime/list_ASTTupleIndex.o obj/runtime/token_helpers.o obj/runtime/gc.o obj/runtime/effect_runtime.o obj/runtime/dyn_array.o obj/runtime/gc_struct.o obj/runtime/nl_string.o obj/runtime/ffi_loader.o obj/runtime/module_build_dir.o obj/runtime/cli.o obj/runtime/regex.o \
2026-10-09T12:47:50.1836212Z 	obj/nanovm/vmd_protocol.o obj/nanovm/vmd_client.o \
2026-10-09T12:47:50.1836913Z 	obj/nanovm/main.o obj/nanoisa/file_cli.o lib/libnano_file_runtime.a -lm -lcrypto -fprofile-arcs -ftest-coverage -lcrypto -lffi  -rdynamic -rdynamic
2026-10-09T12:47:50.3607485Z python3 scripts/embed_binary64_parser.py --check
2026-10-09T12:47:50.4036263Z cc -Wall -Wextra -Werror -std=c99 -g -Isrc -D_GNU_SOURCE -fprofile-arcs -ftest-coverage  -MMD -MP -Isrc/nanoisa -Imodules/nanoisa -c src/nanoisa/nvm2c_main.c -o obj/nanoisa/nvm2c_main.o
2026-10-09T12:47:50.4542489Z cc -Wall -Wextra -Werror -std=c99 -g -Isrc -D_GNU_SOURCE -fprofile-arcs -ftest-coverage  -o bin/nvm2c obj/nanoisa/nvm2c_main.o obj/nanoisa/file_flow.o obj/nanoisa/service_file_nominal.o obj/nanoisa/service_file_nominal_plan.o obj/nanoisa/service_bindings.o obj/nanoisa/service_bindings_module.o obj/nanoisa/mixed_float_proof.o obj/nanoisa/managed_array_shapes.o obj/nanoisa/local_bindings.o obj/nanoisa/affine_bytecode.o obj/nanoisa/affine_state.o obj/nanoisa/ownership_contracts.o obj/nanoisa/retained_layouts.o obj/nanoisa/reference_places.o obj/nanoisa/passive.o obj/nanoisa/isa.o obj/nanoisa/verifier_types.o obj/nanoisa/nvm_format.o obj/nanoisa/nvm_format_v2.o obj/nanoisa/nvm_v2_cursor.o obj/nanoisa/nvm_v2_constants.o obj/nanoisa/nvm_v2_signatures.o obj/nanoisa/nvm_v2_layouts.o obj/nanoisa/nvm_v2_functions.o obj/nanoisa/nvm_v2_imports.o obj/nanoisa/nvm_v2_module.o obj/nanoisa/nvm_v2_convert.o obj/nanoisa/assembler.o obj/nanoisa/disassembler.o obj/nanoisa/verifier.o obj/nanoisa/nvm2c.o obj/nanoisa/nvm2c_shape.o obj/nanoisa/nvm2c_callables.o obj/nanoisa/frontend.o obj/nanoisa/nanoisa_facade.o obj/nanovm/vm_decode.o obj/nanovm/vm_dispatch.o obj/nsi_file_plan.o obj/utf8.o obj/nanoisa/file_cli.o lib/libnano_file_runtime.a -lm -lcrypto -fprofile-arcs -ftest-coverage -lcrypto -lffi  -rdynamic
2026-10-09T12:47:50.5215182Z cc -r -nostdlib -o bin/nano_aot_runtime.o obj/runtime/dyn_array.o obj/runtime/gc.o obj/runtime/gc_struct.o
2026-10-09T12:51:09.6746102Z .....
2026-10-09T12:51:09.6746508Z ----------------------------------------------------------------------
2026-10-09T12:51:09.6746893Z Ran 5 tests in 199.086s
2026-10-09T12:51:09.6747050Z 
2026-10-09T12:51:09.6747129Z OK
2026-10-09T12:51:15.3164157Z I run probe-native; I retain its log at /tmp/nano-bootstrap-boundary-03y54j5j/obj/bootstrap-nanoisa/run-a10ddb48/00-probe-native.log.
2026-10-09T12:51:15.3523566Z I run probe-native; I retain its log at /tmp/nano-bootstrap-boundary-03y54j5j/obj/bootstrap-nanoisa/run-4bdcvreu/00-probe-native.log.
2026-10-09T12:51:15.5671600Z .................
2026-10-09T12:51:15.5672176Z ----------------------------------------------------------------------
2026-10-09T12:51:15.5672742Z Ran 17 tests in 5.801s
2026-10-09T12:51:15.5672961Z 
2026-10-09T12:51:15.5673079Z OK
2026-10-09T12:51:15.7045521Z bin/nanoc_c tests/parser_parenthesized.nano -o bin/parser_parenthesized_test
2026-10-09T12:51:29.2518230Z bin/parser_parenthesized_test
2026-10-09T12:51:29.2597658Z I passed the compiled parenthesized-parser assertions.
2026-10-09T12:51:29.3866200Z python3 scripts/embed_binary64_parser.py --check
2026-10-09T12:51:29.4306942Z ✓ Bootstrap Stage 0: C reference compiler ready
2026-10-09T12:51:29.5206412Z cc -Wall -Wextra -Werror -std=c99 -g -Isrc -D_GNU_SOURCE -fprofile-arcs -ftest-coverage  -MMD -MP -Isrc/nanoisa -Imodules/nanoisa -c modules/nanoisa/dump_main.c -o obj/nanoisa/dump_main.o
2026-10-09T12:51:29.5628722Z cc -Wall -Wextra -Werror -std=c99 -g -Isrc -D_GNU_SOURCE -fprofile-arcs -ftest-coverage  -o bin/nanoisa obj/nanoisa/dump_main.o obj/nanoisa/file_flow.o obj/nanoisa/service_file_nominal.o obj/nanoisa/service_file_nominal_plan.o obj/nanoisa/service_bindings.o obj/nanoisa/service_bindings_module.o obj/nanoisa/mixed_float_proof.o obj/nanoisa/managed_array_shapes.o obj/nanoisa/local_bindings.o obj/nanoisa/affine_bytecode.o obj/nanoisa/affine_state.o obj/nanoisa/ownership_contracts.o obj/nanoisa/retained_layouts.o obj/nanoisa/reference_places.o obj/nanoisa/passive.o obj/nanoisa/isa.o obj/nanoisa/verifier_types.o obj/nanoisa/nvm_format.o obj/nanoisa/nvm_format_v2.o obj/nanoisa/nvm_v2_cursor.o obj/nanoisa/nvm_v2_constants.o obj/nanoisa/nvm_v2_signatures.o obj/nanoisa/nvm_v2_layouts.o obj/nanoisa/nvm_v2_functions.o obj/nanoisa/nvm_v2_imports.o obj/nanoisa/nvm_v2_module.o obj/nanoisa/nvm_v2_convert.o obj/nanoisa/assembler.o obj/nanoisa/disassembler.o obj/nanoisa/verifier.o obj/nanoisa/nvm2c.o obj/nanoisa/nvm2c_shape.o obj/nanoisa/nvm2c_callables.o obj/nanoisa/frontend.o obj/nanoisa/nanoisa_facade.o obj/nanovm/vm_decode.o obj/nanovm/vm_dispatch.o obj/nsi_file_plan.o obj/utf8.o -lm -lcrypto -fprofile-arcs -ftest-coverage -lcrypto -lffi  -rdynamic
2026-10-09T12:51:29.8481866Z I run seed; I retain its log at /home/runner/work/nanolang/nanolang/obj/bootstrap-nanoisa/run-e0g9n58l/00-seed.log.
2026-10-09T12:52:01.7258452Z I run seed-verify; I retain its log at /home/runner/work/nanolang/nanolang/obj/bootstrap-nanoisa/run-e0g9n58l/01-seed-verify.log.
2026-10-09T12:52:03.2888170Z I run stage1; I retain its log at /home/runner/work/nanolang/nanolang/obj/bootstrap-nanoisa/run-e0g9n58l/02-stage1.log.
2026-10-09T13:22:03.2939830Z Command '['/home/runner/work/nanolang/nanolang/bin/nano_vm', '/home/runner/work/nanolang/nanolang/bin/nanoc_seed.nvm', '--', 'src_nano/nanoc_v06.nano', '--emit-nvm', '-o', '/home/runner/work/nanolang/nanolang/obj/bootstrap-nanoisa/run-e0g9n58l/stage1.nvm']' timed out after 1800 seconds
2026-10-09T13:22:03.3004869Z make[1]: *** [Makefile.gnu:3793: .bootstrap1.built] Error 1
2026-10-09T13:22:03.3012347Z make: *** [Makefile.gnu:3150: test-quick] Error 2
2026-10-09T13:22:03.3034753Z ##[error]Process completed with exit code 2.
2026-10-09T13:22:03.3140290Z ##[group]Run actions/upload-artifact@v4
2026-10-09T13:22:03.3140615Z with:
2026-10-09T13:22:03.3140846Z   name: verifier-corpus-coverage
2026-10-09T13:22:03.3141357Z   path: .test_output/verifier-corpus/
obj/bootstrap-nanoisa/**/*.log
obj/bootstrap-nanoisa/**/manifest.json

2026-10-09T13:22:03.3141885Z   include-hidden-files: true
2026-10-09T13:22:03.3142151Z   if-no-files-found: ignore
2026-10-09T13:22:03.3142405Z   retention-days: 7
2026-10-09T13:22:03.3142635Z   compression-level: 6
2026-10-09T13:22:03.3142877Z   overwrite: false
2026-10-09T13:22:03.3143094Z env:
2026-10-09T13:22:03.3143837Z   NANO_VERIFY_CORPUS_LOG_ROOT: .test_output/verifier-corpus
2026-10-09T13:22:03.3144213Z   NANO_SHADOW_TIMEOUT_SECONDS: 60
2026-10-09T13:22:03.3144478Z ##[endgroup]
2026-10-09T13:22:03.4961595Z (node:46491) [DEP0040] DeprecationWarning: The `punycode` module is deprecated. Please use a userland alternative instead.
2026-10-09T13:22:03.4963162Z (Use `node --trace-deprecation ...` to show where the warning was created)
2026-10-09T13:22:03.5064455Z Multiple search paths detected. Calculating the least common ancestor of all paths
2026-10-09T13:22:03.5069517Z The least common ancestor is /home/runner/work/nanolang/nanolang. This will be the root directory of the artifact
2026-10-09T13:22:03.5070632Z With the provided path, there will be 5 files uploaded
2026-10-09T13:22:03.5074121Z Artifact name is valid!
2026-10-09T13:22:03.5075511Z Root directory input is valid!
2026-10-09T13:22:03.7232577Z Beginning upload of artifact content to blob storage
2026-10-09T13:22:03.7583430Z (node:46491) [DEP0169] DeprecationWarning: `url.parse()` behavior is not standardized and prone to errors that have security implications. Use the WHATWG URL API instead. CVEs are not issued for `url.parse()` vulnerabilities.
2026-10-09T13:22:03.7873112Z Uploaded bytes 43880
2026-10-09T13:22:03.8006851Z Finished uploading artifact content to blob storage!
2026-10-09T13:22:03.8008100Z SHA256 digest of uploaded artifact zip is b6f0b6aa7f011dbaacb49f25d17e9781e1ce76eda4132272e439ab63b0d54bde
2026-10-09T13:22:03.8009696Z Finalizing artifact upload
2026-10-09T13:22:04.0125844Z Artifact verifier-corpus-coverage.zip successfully finalized. Artifact ID 11618342578
2026-10-09T13:22:04.0127787Z Artifact verifier-corpus-coverage has been successfully uploaded! Final size is 43880 bytes. Artifact ID is 11618342578
2026-10-09T13:22:04.0134524Z Artifact download URL: https://github.com/jordanhubbard/nanolang/actions/runs/37931895899/artifacts/11618342578
2026-10-09T13:22:04.0288563Z ##[group]Run echo "=== Showing first failed test logs ==="
2026-10-09T13:22:04.0289017Z [36;1mecho "=== Showing first failed test logs ==="[0m
2026-10-09T13:22:04.0289371Z [36;1mfor log in .test_output/*.compile.log; do[0m
2026-10-09T13:22:04.0289681Z [36;1m  if [ -f "$log" ]; then[0m
2026-10-09T13:22:04.0289944Z [36;1m    echo "=== $log ==="[0m
2026-10-09T13:22:04.0290212Z [36;1m    cat "$log"[0m
2026-10-09T13:22:04.0290430Z [36;1m    echo ""[0m
2026-10-09T13:22:04.0290634Z [36;1m  fi[0m
2026-10-09T13:22:04.0290844Z [36;1mdone | head -200[0m
2026-10-09T13:22:04.0356800Z shell: /usr/bin/bash --noprofile --norc -e -o pipefail {0}
2026-10-09T13:22:04.0357172Z env:
2026-10-09T13:22:04.0357460Z   NANO_VERIFY_CORPUS_LOG_ROOT: .test_output/verifier-corpus
2026-10-09T13:22:04.0357833Z   NANO_SHADOW_TIMEOUT_SECONDS: 60
2026-10-09T13:22:04.0358104Z ##[endgroup]
2026-10-09T13:22:04.0450101Z === Showing first failed test logs ===
2026-10-09T13:22:04.0646703Z Post job cleanup.
2026-10-09T13:22:04.1614758Z [command]/usr/bin/git version
2026-10-09T13:22:04.1666750Z git version 2.55.0
2026-10-09T13:22:04.1712017Z Temporarily overriding HOME='/home/runner/work/_temp/84ccdc76-e9fd-4467-bea8-9d173a0b8851' before making global git config changes
2026-10-09T13:22:04.1714377Z Adding repository directory to the temporary git global config as a safe directory
2026-10-09T13:22:04.1720270Z [command]/usr/bin/git config --global --add safe.directory /home/runner/work/nanolang/nanolang
2026-10-09T13:22:04.1769145Z [command]/usr/bin/git config --local --name-only --get-regexp core\.sshCommand
2026-10-09T13:22:04.1814127Z [command]/usr/bin/git submodule foreach --recursive sh -c "git config --local --name-only --get-regexp 'core\.sshCommand' && git config --local --unset-all 'core.sshCommand' || :"
2026-10-09T13:22:04.2215944Z [command]/usr/bin/git config --local --name-only --get-regexp http\.https\:\/\/github\.com\/\.extraheader
2026-10-09T13:22:04.2251184Z http.https://github.com/.extraheader
2026-10-09T13:22:04.2265221Z [command]/usr/bin/git config --local --unset-all http.https://github.com/.extraheader
2026-10-09T13:22:04.2311662Z [command]/usr/bin/git submodule foreach --recursive sh -c "git config --local --name-only --get-regexp 'http\.https\:\/\/github\.com\/\.extraheader' && git config --local --unset-all 'http.https://github.com/.extraheader' || :"
2026-10-09T13:22:04.2681696Z [command]/usr/bin/git config --local --name-only --get-regexp ^includeIf\.gitdir:
2026-10-09T13:22:04.2736725Z [command]/usr/bin/git submodule foreach --recursive git config --local --show-origin --name-only --get-regexp remote.origin.url
2026-10-09T13:22:04.3202617Z Cleaning up orphan processes
2026-10-09T13:22:04.3581653Z ##[warning]Node.js 20 is deprecated. The following actions target Node.js 20 but are being forced to run on Node.js 24: actions/checkout@v4, actions/upload-artifact@v4. For more information see: https://github.blog/changelog/2025-09-19-deprecation-of-node-20-on-github-actions-runners/
