Warning at line 175, column 9: Unused variable 'ignored'
Warning at line 2571, column 9: Unused variable 'rejected'
Warning at line 2803, column 9: Unused variable 'rejected'
Warning at line 2807, column 9: Unused variable 'rejected'
Warning at line 2811, column 9: Unused variable 'rejected'
Warning at line 2818, column 13: Unused variable 'rejected'
Warning at line 2960, column 9: Unused variable 'rejected'
Warning at line 2964, column 9: Unused variable 'rejected'
Warning at line 2971, column 13: Unused variable 'rejected'
Warning at line 6822, column 17: Unused variable 'imported'
Warning at line 175, column 9: Unused variable 'ignored'
Warning at line 175, column 9: Unused variable 'ignored'
Warning at line 2571, column 9: Unused variable 'rejected'
Warning at line 2803, column 9: Unused variable 'rejected'
Warning at line 2807, column 9: Unused variable 'rejected'
Warning at line 2811, column 9: Unused variable 'rejected'
Warning at line 2818, column 13: Unused variable 'rejected'
Warning at line 2960, column 9: Unused variable 'rejected'
Warning at line 2964, column 9: Unused variable 'rejected'
Warning at line 2971, column 13: Unused variable 'rejected'
Warning at line 6822, column 17: Unused variable 'imported'
{"event":"shadow-start","name":"token_literal_value_bytes","source":"/private/tmp/nanolang-match-guards-20261009/src_nano/compiler/token_value_bytes.nano","line":19,"elapsed_seconds":0.000000,"failures":0}
{"event":"shadow-complete","name":"token_literal_value_bytes","source":"/private/tmp/nanolang-match-guards-20261009/src_nano/compiler/token_value_bytes.nano","line":19,"elapsed_seconds":0.000571,"failures":0}
{"event":"shadow-start","name":"diag_location","source":"/private/tmp/nanolang-match-guards-20261009/src_nano/compiler/diagnostics.nano","line":19,"elapsed_seconds":0.000000,"failures":0}
{"event":"shadow-complete","name":"diag_location","source":"/private/tmp/nanolang-match-guards-20261009/src_nano/compiler/diagnostics.nano","line":19,"elapsed_seconds":0.000194,"failures":0}
{"event":"shadow-start","name":"diag_location_empty","source":"/private/tmp/nanolang-match-guards-20261009/src_nano/compiler/diagnostics.nano","line":26,"elapsed_seconds":0.000000,"failures":0}
{"event":"shadow-complete","name":"diag_location_empty","source":"/private/tmp/nanolang-match-guards-20261009/src_nano/compiler/diagnostics.nano","line":26,"elapsed_seconds":0.000186,"failures":0}
{"event":"shadow-start","name":"diag_error","source":"/private/tmp/nanolang-match-guards-20261009/src_nano/compiler/diagnostics.nano","line":79,"elapsed_seconds":0.000000,"failures":0}
{"event":"shadow-complete","name":"diag_error","source":"/private/tmp/nanolang-match-guards-20261009/src_nano/compiler/diagnostics.nano","line":79,"elapsed_seconds":0.000243,"failures":0}
{"event":"shadow-start","name":"diag_warning","source":"/private/tmp/nanolang-match-guards-20261009/src_nano/compiler/diagnostics.nano","line":86,"elapsed_seconds":0.000000,"failures":0}
{"event":"shadow-complete","name":"diag_warning","source":"/private/tmp/nanolang-match-guards-20261009/src_nano/compiler/diagnostics.nano","line":86,"elapsed_seconds":0.000273,"failures":0}
{"event":"shadow-start","name":"diag_nanoisa_error","source":"/private/tmp/nanolang-match-guards-20261009/src_nano/compiler/diagnostics.nano","line":111,"elapsed_seconds":0.000000,"failures":0}
{"event":"shadow-complete","name":"diag_nanoisa_error","source":"/private/tmp/nanolang-match-guards-20261009/src_nano/compiler/diagnostics.nano","line":111,"elapsed_seconds":0.000277,"failures":0}
{"event":"shadow-start","name":"diag_parser_error","source":"/private/tmp/nanolang-match-guards-20261009/src_nano/compiler/diagnostics.nano","line":123,"elapsed_seconds":0.000000,"failures":0}
{"event":"shadow-complete","name":"diag_parser_error","source":"/private/tmp/nanolang-match-guards-20261009/src_nano/compiler/diagnostics.nano","line":123,"elapsed_seconds":0.000253,"failures":0}
{"event":"shadow-start","name":"diag_list_new","source":"/private/tmp/nanolang-match-guards-20261009/src_nano/compiler/diagnostics.nano","line":163,"elapsed_seconds":0.000000,"failures":0}
{"event":"shadow-complete","name":"diag_list_new","source":"/private/tmp/nanolang-match-guards-20261009/src_nano/compiler/diagnostics.nano","line":163,"elapsed_seconds":0.000246,"failures":0}
{"event":"shadow-start","name":"diag_list_add","source":"/private/tmp/nanolang-match-guards-20261009/src_nano/compiler/diagnostics.nano","line":168,"elapsed_seconds":0.000000,"failures":0}
{"event":"shadow-complete","name":"diag_list_add","source":"/private/tmp/nanolang-match-guards-20261009/src_nano/compiler/diagnostics.nano","line":168,"elapsed_seconds":0.000490,"failures":0}
{"event":"shadow-start","name":"diag_list_has_errors","source":"/private/tmp/nanolang-match-guards-20261009/src_nano/compiler/diagnostics.nano","line":175,"elapsed_seconds":0.000000,"failures":0}
{"event":"shadow-complete","name":"diag_list_has_errors","source":"/private/tmp/nanolang-match-guards-20261009/src_nano/compiler/diagnostics.nano","line":175,"elapsed_seconds":0.000434,"failures":0}
{"event":"shadow-start","name":"diag_make_type_error","source":"/private/tmp/nanolang-match-guards-20261009/src_nano/compiler/diagnostics.nano","line":204,"elapsed_seconds":0.000000,"failures":0}
{"event":"shadow-complete","name":"diag_make_type_error","source":"/private/tmp/nanolang-match-guards-20261009/src_nano/compiler/diagnostics.nano","line":204,"elapsed_seconds":0.000160,"failures":0}
{"event":"shadow-start","name":"diag_make_undefined_error","source":"/private/tmp/nanolang-match-guards-20261009/src_nano/compiler/diagnostics.nano","line":214,"elapsed_seconds":0.000000,"failures":0}
{"event":"shadow-complete","name":"diag_make_undefined_error","source":"/private/tmp/nanolang-match-guards-20261009/src_nano/compiler/diagnostics.nano","line":214,"elapsed_seconds":0.000182,"failures":0}
{"event":"shadow-start","name":"diag_new","source":"/private/tmp/nanolang-match-guards-20261009/src_nano/compiler/diagnostics.nano","line":220,"elapsed_seconds":0.000000,"failures":0}
{"event":"shadow-complete","name":"diag_new","source":"/private/tmp/nanolang-match-guards-20261009/src_nano/compiler/diagnostics.nano","line":220,"elapsed_seconds":0.000166,"failures":0}
{"event":"shadow-start","name":"diag_simple","source":"/private/tmp/nanolang-match-guards-20261009/src_nano/compiler/diagnostics.nano","line":226,"elapsed_seconds":0.000000,"failures":0}
{"event":"shadow-complete","name":"diag_simple","source":"/private/tmp/nanolang-match-guards-20261009/src_nano/compiler/diagnostics.nano","line":226,"elapsed_seconds":0.000180,"failures":0}
{"event":"shadow-start","name":"diag_error_simple","source":"/private/tmp/nanolang-match-guards-20261009/src_nano/compiler/diagnostics.nano","line":231,"elapsed_seconds":0.000000,"failures":0}
{"event":"shadow-complete","name":"diag_error_simple","source":"/private/tmp/nanolang-match-guards-20261009/src_nano/compiler/diagnostics.nano","line":231,"elapsed_seconds":0.000197,"failures":0}
{"event":"shadow-start","name":"diag_warning_simple","source":"/private/tmp/nanolang-match-guards-20261009/src_nano/compiler/diagnostics.nano","line":236,"elapsed_seconds":0.000000,"failures":0}
{"event":"shadow-complete","name":"diag_warning_simple","source":"/private/tmp/nanolang-match-guards-20261009/src_nano/compiler/diagnostics.nano","line":236,"elapsed_seconds":0.000187,"failures":0}
{"event":"shadow-start","name":"diag_info","source":"/private/tmp/nanolang-match-guards-20261009/src_nano/compiler/diagnostics.nano","line":241,"elapsed_seconds":0.000000,"failures":0}
{"event":"shadow-complete","name":"diag_info","source":"/private/tmp/nanolang-match-guards-20261009/src_nano/compiler/diagnostics.nano","line":241,"elapsed_seconds":0.000157,"failures":0}
{"event":"shadow-start","name":"diag_info_simple","source":"/private/tmp/nanolang-match-guards-20261009/src_nano/compiler/diagnostics.nano","line":247,"elapsed_seconds":0.000000,"failures":0}
{"event":"shadow-complete","name":"diag_info_simple","source":"/private/tmp/nanolang-match-guards-20261009/src_nano/compiler/diagnostics.nano","line":247,"elapsed_seconds":0.000184,"failures":0}
{"event":"shadow-start","name":"diag_lexer_error","source":"/private/tmp/nanolang-match-guards-20261009/src_nano/compiler/diagnostics.nano","line":252,"elapsed_seconds":0.000000,"failures":0}
{"event":"shadow-complete","name":"diag_lexer_error","source":"/private/tmp/nanolang-match-guards-20261009/src_nano/compiler/diagnostics.nano","line":252,"elapsed_seconds":0.000175,"failures":0}
{"event":"shadow-start","name":"diag_typecheck_error","source":"/private/tmp/nanolang-match-guards-20261009/src_nano/compiler/diagnostics.nano","line":258,"elapsed_seconds":0.000000,"failures":0}
{"event":"shadow-complete","name":"diag_typecheck_error","source":"/private/tmp/nanolang-match-guards-20261009/src_nano/compiler/diagnostics.nano","line":258,"elapsed_seconds":0.000192,"failures":0}
{"event":"shadow-start","name":"diag_backend_error","source":"/private/tmp/nanolang-match-guards-20261009/src_nano/compiler/diagnostics.nano","line":264,"elapsed_seconds":0.000000,"failures":0}
{"event":"shadow-complete","name":"diag_backend_error","source":"/private/tmp/nanolang-match-guards-20261009/src_nano/compiler/diagnostics.nano","line":264,"elapsed_seconds":0.000189,"failures":0}
{"event":"shadow-start","name":"diag_list_count","source":"/private/tmp/nanolang-match-guards-20261009/src_nano/compiler/diagnostics.nano","line":270,"elapsed_seconds":0.000000,"failures":0}
{"event":"shadow-complete","name":"diag_list_count","source":"/private/tmp/nanolang-match-guards-20261009/src_nano/compiler/diagnostics.nano","line":270,"elapsed_seconds":0.000221,"failures":0}
{"event":"shadow-start","name":"diag_list_get","source":"/private/tmp/nanolang-match-guards-20261009/src_nano/compiler/diagnostics.nano","line":278,"elapsed_seconds":0.000000,"failures":0}
{"event":"shadow-complete","name":"diag_list_get","source":"/private/tmp/nanolang-match-guards-20261009/src_nano/compiler/diagnostics.nano","line":278,"elapsed_seconds":0.000292,"failures":0}
{"event":"shadow-start","name":"diag_id_io_open","source":"/private/tmp/nanolang-match-guards-20261009/src_nano/compiler/diagnostics.nano","line":328,"elapsed_seconds":0.000000,"failures":0}
{"event":"shadow-complete","name":"diag_id_io_open","source":"/private/tmp/nanolang-match-guards-20261009/src_nano/compiler/diagnostics.nano","line":328,"elapsed_seconds":0.000134,"failures":0}
{"event":"shadow-start","name":"diag_id_lex_failed","source":"/private/tmp/nanolang-match-guards-20261009/src_nano/compiler/diagnostics.nano","line":332,"elapsed_seconds":0.000000,"failures":0}
{"event":"shadow-complete","name":"diag_id_lex_failed","source":"/private/tmp/nanolang-match-guards-20261009/src_nano/compiler/diagnostics.nano","line":332,"elapsed_seconds":0.000132,"failures":0}
{"event":"shadow-start","name":"diag_id_parse_failed","source":"/private/tmp/nanolang-match-guards-20261009/src_nano/compiler/diagnostics.nano","line":336,"elapsed_seconds":0.000000,"failures":0}
{"event":"shadow-complete","name":"diag_id_parse_failed","source":"/private/tmp/nanolang-match-guards-20261009/src_nano/compiler/diagnostics.nano","line":336,"elapsed_seconds":0.000111,"failures":0}
{"event":"shadow-start","name":"diag_id_import_failed","source":"/private/tmp/nanolang-match-guards-20261009/src_nano/compiler/diagnostics.nano","line":340,"elapsed_seconds":0.000000,"failures":0}
{"event":"shadow-complete","name":"diag_id_import_failed","source":"/private/tmp/nanolang-match-guards-20261009/src_nano/compiler/diagnostics.nano","line":340,"elapsed_seconds":0.000112,"failures":0}
{"event":"shadow-start","name":"diag_id_type_failed","source":"/private/tmp/nanolang-match-guards-20261009/src_nano/compiler/diagnostics.nano","line":344,"elapsed_seconds":0.000000,"failures":0}
{"event":"shadow-complete","name":"diag_id_type_failed","source":"/private/tmp/nanolang-match-guards-20261009/src_nano/compiler/diagnostics.nano","line":344,"elapsed_seconds":0.000115,"failures":0}
{"event":"shadow-start","name":"diag_id_mod_compile","source":"/private/tmp/nanolang-match-guards-20261009/src_nano/compiler/diagnostics.nano","line":348,"elapsed_seconds":0.000000,"failures":0}
{"event":"shadow-complete","name":"diag_id_mod_compile","source":"/private/tmp/nanolang-match-guards-20261009/src_nano/compiler/diagnostics.nano","line":348,"elapsed_seconds":0.000125,"failures":0}
{"event":"shadow-start","name":"diag_id_shadow_failed","source":"/private/tmp/nanolang-match-guards-20261009/src_nano/compiler/diagnostics.nano","line":352,"elapsed_seconds":0.000000,"failures":0}
{"event":"shadow-complete","name":"diag_id_shadow_failed","source":"/private/tmp/nanolang-match-guards-20261009/src_nano/compiler/diagnostics.nano","line":352,"elapsed_seconds":0.000122,"failures":0}
{"event":"shadow-start","name":"diag_id_trans_failed","source":"/private/tmp/nanolang-match-guards-20261009/src_nano/compiler/diagnostics.nano","line":356,"elapsed_seconds":0.000000,"failures":0}
{"event":"shadow-complete","name":"diag_id_trans_failed","source":"/private/tmp/nanolang-match-guards-20261009/src_nano/compiler/diagnostics.nano","line":356,"elapsed_seconds":0.000124,"failures":0}
{"event":"shadow-start","name":"diag_id_c_temp","source":"/private/tmp/nanolang-match-guards-20261009/src_nano/compiler/diagnostics.nano","line":360,"elapsed_seconds":0.000000,"failures":0}
{"event":"shadow-complete","name":"diag_id_c_temp","source":"/private/tmp/nanolang-match-guards-20261009/src_nano/compiler/diagnostics.nano","line":360,"elapsed_seconds":0.000116,"failures":0}
{"event":"shadow-start","name":"diag_id_cc_cmd","source":"/private/tmp/nanolang-match-guards-20261009/src_nano/compiler/diagnostics.nano","line":364,"elapsed_seconds":0.000000,"failures":0}
{"event":"shadow-complete","name":"diag_id_cc_cmd","source":"/private/tmp/nanolang-match-guards-20261009/src_nano/compiler/diagnostics.nano","line":364,"elapsed_seconds":0.000110,"failures":0}
{"event":"shadow-start","name":"diag_id_cc_failed","source":"/private/tmp/nanolang-match-guards-20261009/src_nano/compiler/diagnostics.nano","line":368,"elapsed_seconds":0.000000,"failures":0}
{"event":"shadow-complete","name":"diag_id_cc_failed","source":"/private/tmp/nanolang-match-guards-20261009/src_nano/compiler/diagnostics.nano","line":368,"elapsed_seconds":0.000106,"failures":0}
{"event":"shadow-start","name":"diag_id_src_utf8","source":"/private/tmp/nanolang-match-guards-20261009/src_nano/compiler/diagnostics.nano","line":372,"elapsed_seconds":0.000000,"failures":0}
{"event":"shadow-complete","name":"diag_id_src_utf8","source":"/private/tmp/nanolang-match-guards-20261009/src_nano/compiler/diagnostics.nano","line":372,"elapsed_seconds":0.000124,"failures":0}
{"event":"shadow-start","name":"diag_en","source":"/private/tmp/nanolang-match-guards-20261009/src_nano/compiler/diagnostics.nano","line":376,"elapsed_seconds":0.000000,"failures":0}
{"event":"shadow-complete","name":"diag_en","source":"/private/tmp/nanolang-match-guards-20261009/src_nano/compiler/diagnostics.nano","line":376,"elapsed_seconds":0.000365,"failures":0}
{"event":"shadow-start","name":"walkdir","source":"/private/tmp/nanolang-match-guards-20261009/modules/std/fs.nano","line":35,"elapsed_seconds":0.000000,"failures":0}
{"event":"shadow-complete","name":"walkdir","source":"/private/tmp/nanolang-match-guards-20261009/modules/std/fs.nano","line":35,"elapsed_seconds":0.001716,"failures":0}
{"event":"shadow-start","name":"canonical","source":"/private/tmp/nanolang-match-guards-20261009/modules/std/fs.nano","line":60,"elapsed_seconds":0.000000,"failures":0}
{"event":"shadow-complete","name":"canonical","source":"/private/tmp/nanolang-match-guards-20261009/modules/std/fs.nano","line":60,"elapsed_seconds":0.000911,"failures":0}
{"event":"shadow-start","name":"normalize","source":"/private/tmp/nanolang-match-guards-20261009/modules/std/fs.nano","line":73,"elapsed_seconds":0.000000,"failures":0}
{"event":"shadow-complete","name":"normalize","source":"/private/tmp/nanolang-match-guards-20261009/modules/std/fs.nano","line":73,"elapsed_seconds":0.000147,"failures":0}
{"event":"shadow-start","name":"join","source":"/private/tmp/nanolang-match-guards-20261009/modules/std/fs.nano","line":85,"elapsed_seconds":0.000000,"failures":0}
{"event":"shadow-complete","name":"join","source":"/private/tmp/nanolang-match-guards-20261009/modules/std/fs.nano","line":85,"elapsed_seconds":0.000139,"failures":0}
{"event":"shadow-start","name":"basename","source":"/private/tmp/nanolang-match-guards-20261009/modules/std/fs.nano","line":97,"elapsed_seconds":0.000000,"failures":0}
{"event":"shadow-complete","name":"basename","source":"/private/tmp/nanolang-match-guards-20261009/modules/std/fs.nano","line":97,"elapsed_seconds":0.000117,"failures":0}
{"event":"shadow-start","name":"dirname","source":"/private/tmp/nanolang-match-guards-20261009/modules/std/fs.nano","line":108,"elapsed_seconds":0.000000,"failures":0}
{"event":"shadow-complete","name":"dirname","source":"/private/tmp/nanolang-match-guards-20261009/modules/std/fs.nano","line":108,"elapsed_seconds":0.000127,"failures":0}
{"event":"shadow-start","name":"relpath","source":"/private/tmp/nanolang-match-guards-20261009/modules/std/fs.nano","line":120,"elapsed_seconds":0.000000,"failures":0}
{"event":"shadow-complete","name":"relpath","source":"/private/tmp/nanolang-match-guards-20261009/modules/std/fs.nano","line":120,"elapsed_seconds":0.000410,"failures":0}
{"event":"shadow-start","name":"cwd","source":"/private/tmp/nanolang-match-guards-20261009/modules/std/fs.nano","line":135,"elapsed_seconds":0.000000,"failures":0}
{"event":"shadow-complete","name":"cwd","source":"/private/tmp/nanolang-match-guards-20261009/modules/std/fs.nano","line":135,"elapsed_seconds":0.000124,"failures":0}
{"event":"shadow-start","name":"glob_match_impl","source":"/private/tmp/nanolang-match-guards-20261009/modules/std/fs.nano","line":190,"elapsed_seconds":0.000000,"failures":0}
{"event":"shadow-complete","name":"glob_match_impl","source":"/private/tmp/nanolang-match-guards-20261009/modules/std/fs.nano","line":190,"elapsed_seconds":0.000248,"failures":0}
{"event":"shadow-start","name":"glob_match","source":"/private/tmp/nanolang-match-guards-20261009/modules/std/fs.nano","line":200,"elapsed_seconds":0.000000,"failures":0}
{"event":"shadow-complete","name":"glob_match","source":"/private/tmp/nanolang-match-guards-20261009/modules/std/fs.nano","line":200,"elapsed_seconds":0.000646,"failures":0}
{"event":"shadow-start","name":"glob","source":"/private/tmp/nanolang-match-guards-20261009/modules/std/fs.nano","line":225,"elapsed_seconds":0.000000,"failures":0}
{"event":"shadow-complete","name":"glob","source":"/private/tmp/nanolang-match-guards-20261009/modules/std/fs.nano","line":225,"elapsed_seconds":0.003230,"failures":0}
{"event":"shadow-start","name":"read","source":"/private/tmp/nanolang-match-guards-20261009/modules/std/fs.nano","line":251,"elapsed_seconds":0.000000,"failures":0}
{"event":"shadow-complete","name":"read","source":"/private/tmp/nanolang-match-guards-20261009/modules/std/fs.nano","line":251,"elapsed_seconds":0.001511,"failures":0}
{"event":"shadow-start","name":"write","source":"/private/tmp/nanolang-match-guards-20261009/modules/std/fs.nano","line":269,"elapsed_seconds":0.000000,"failures":0}
{"event":"shadow-complete","name":"write","source":"/private/tmp/nanolang-match-guards-20261009/modules/std/fs.nano","line":269,"elapsed_seconds":0.001416,"failures":0}
{"event":"shadow-start","name":"append","source":"/private/tmp/nanolang-match-guards-20261009/modules/std/fs.nano","line":287,"elapsed_seconds":0.000000,"failures":0}
{"event":"shadow-complete","name":"append","source":"/private/tmp/nanolang-match-guards-20261009/modules/std/fs.nano","line":287,"elapsed_seconds":0.005042,"failures":0}
{"event":"shadow-start","name":"exists","source":"/private/tmp/nanolang-match-guards-20261009/modules/std/fs.nano","line":306,"elapsed_seconds":0.000000,"failures":0}
{"event":"shadow-complete","name":"exists","source":"/private/tmp/nanolang-match-guards-20261009/modules/std/fs.nano","line":306,"elapsed_seconds":0.001110,"failures":0}
{"event":"shadow-start","name":"delete","source":"/private/tmp/nanolang-match-guards-20261009/modules/std/fs.nano","line":326,"elapsed_seconds":0.000000,"failures":0}
{"event":"shadow-complete","name":"delete","source":"/private/tmp/nanolang-match-guards-20261009/modules/std/fs.nano","line":326,"elapsed_seconds":0.001049,"failures":0}
{"event":"shadow-start","name":"mkdir_p","source":"/private/tmp/nanolang-match-guards-20261009/modules/std/fs.nano","line":346,"elapsed_seconds":0.000000,"failures":0}
{"event":"shadow-complete","name":"mkdir_p","source":"/private/tmp/nanolang-match-guards-20261009/modules/std/fs.nano","line":346,"elapsed_seconds":0.001109,"failures":0}
{"event":"shadow-start","name":"copy_file","source":"/private/tmp/nanolang-match-guards-20261009/modules/std/fs.nano","line":366,"elapsed_seconds":0.000000,"failures":0}
{"event":"shadow-complete","name":"copy_file","source":"/private/tmp/nanolang-match-guards-20261009/modules/std/fs.nano","line":366,"elapsed_seconds":0.002227,"failures":0}
{"event":"shadow-start","name":"copy_dir","source":"/private/tmp/nanolang-match-guards-20261009/modules/std/fs.nano","line":387,"elapsed_seconds":0.000000,"failures":0}
{"event":"shadow-complete","name":"copy_dir","source":"/private/tmp/nanolang-match-guards-20261009/modules/std/fs.nano","line":387,"elapsed_seconds":0.003592,"failures":0}
{"event":"shadow-start","name":"is_identifier_start","source":"/private/tmp/nanolang-match-guards-20261009/src_nano/compiler/lexer.nano","line":18,"elapsed_seconds":0.000000,"failures":0}
{"event":"shadow-complete","name":"is_identifier_start","source":"/private/tmp/nanolang-match-guards-20261009/src_nano/compiler/lexer.nano","line":18,"elapsed_seconds":0.000135,"failures":0}
{"event":"shadow-start","name":"is_identifier_char","source":"/private/tmp/nanolang-match-guards-20261009/src_nano/compiler/lexer.nano","line":33,"elapsed_seconds":0.000000,"failures":0}
{"event":"shadow-complete","name":"is_identifier_char","source":"/private/tmp/nanolang-match-guards-20261009/src_nano/compiler/lexer.nano","line":33,"elapsed_seconds":0.000137,"failures":0}
{"event":"shadow-start","name":"is_whitespace_char","source":"/private/tmp/nanolang-match-guards-20261009/src_nano/compiler/lexer.nano","line":47,"elapsed_seconds":0.000000,"failures":0}
{"event":"shadow-complete","name":"is_whitespace_char","source":"/private/tmp/nanolang-match-guards-20261009/src_nano/compiler/lexer.nano","line":47,"elapsed_seconds":0.000115,"failures":0}
{"event":"shadow-start","name":"is_digit_char","source":"/private/tmp/nanolang-match-guards-20261009/src_nano/compiler/lexer.nano","line":59,"elapsed_seconds":0.000000,"failures":0}
{"event":"shadow-complete","name":"is_digit_char","source":"/private/tmp/nanolang-match-guards-20261009/src_nano/compiler/lexer.nano","line":59,"elapsed_seconds":0.000119,"failures":0}
{"event":"shadow-start","name":"keyword_group1","source":"/private/tmp/nanolang-match-guards-20261009/src_nano/compiler/lexer.nano","line":82,"elapsed_seconds":0.000000,"failures":0}
{"event":"shadow-complete","name":"keyword_group1","source":"/private/tmp/nanolang-match-guards-20261009/src_nano/compiler/lexer.nano","line":82,"elapsed_seconds":0.000225,"failures":0}
{"event":"shadow-start","name":"keyword_group2","source":"/private/tmp/nanolang-match-guards-20261009/src_nano/compiler/lexer.nano","line":153,"elapsed_seconds":0.000000,"failures":0}
{"event":"shadow-complete","name":"keyword_group2","source":"/private/tmp/nanolang-match-guards-20261009/src_nano/compiler/lexer.nano","line":153,"elapsed_seconds":0.000370,"failures":0}
{"event":"shadow-start","name":"keyword_group3","source":"/private/tmp/nanolang-match-guards-20261009/src_nano/compiler/lexer.nano","line":185,"elapsed_seconds":0.000000,"failures":0}
{"event":"shadow-complete","name":"keyword_group3","source":"/private/tmp/nanolang-match-guards-20261009/src_nano/compiler/lexer.nano","line":185,"elapsed_seconds":0.000167,"failures":0}
{"event":"shadow-start","name":"keyword_group4","source":"/private/tmp/nanolang-match-guards-20261009/src_nano/compiler/lexer.nano","line":205,"elapsed_seconds":0.000000,"failures":0}
{"event":"shadow-complete","name":"keyword_group4","source":"/private/tmp/nanolang-match-guards-20261009/src_nano/compiler/lexer.nano","line":205,"elapsed_seconds":0.000131,"failures":0}
{"event":"shadow-start","name":"keyword_group5","source":"/private/tmp/nanolang-match-guards-20261009/src_nano/compiler/lexer.nano","line":218,"elapsed_seconds":0.000000,"failures":0}
{"event":"shadow-complete","name":"keyword_group5","source":"/private/tmp/nanolang-match-guards-20261009/src_nano/compiler/lexer.nano","line":218,"elapsed_seconds":0.000116,"failures":0}
{"event":"shadow-start","name":"keyword_or_identifier","source":"/private/tmp/nanolang-match-guards-20261009/src_nano/compiler/lexer.nano","line":252,"elapsed_seconds":0.000000,"failures":0}
{"event":"shadow-complete","name":"keyword_or_identifier","source":"/private/tmp/nanolang-match-guards-20261009/src_nano/compiler/lexer.nano","line":252,"elapsed_seconds":0.000411,"failures":0}
{"event":"shadow-start","name":"push_tok","source":"/private/tmp/nanolang-match-guards-20261009/src_nano/compiler/lexer.nano","line":269,"elapsed_seconds":0.000000,"failures":0}
{"event":"shadow-complete","name":"push_tok","source":"/private/tmp/nanolang-match-guards-20261009/src_nano/compiler/lexer.nano","line":269,"elapsed_seconds":0.000147,"failures":0}
{"event":"shadow-start","name":"process_string","source":"/private/tmp/nanolang-match-guards-20261009/src_nano/compiler/lexer.nano","line":300,"elapsed_seconds":0.000000,"failures":0}
{"event":"shadow-complete","name":"process_string","source":"/private/tmp/nanolang-match-guards-20261009/src_nano/compiler/lexer.nano","line":300,"elapsed_seconds":0.000173,"failures":0}
{"event":"shadow-start","name":"process_number","source":"/private/tmp/nanolang-match-guards-20261009/src_nano/compiler/lexer.nano","line":338,"elapsed_seconds":0.000000,"failures":0}
{"event":"shadow-complete","name":"process_number","source":"/private/tmp/nanolang-match-guards-20261009/src_nano/compiler/lexer.nano","line":338,"elapsed_seconds":0.000158,"failures":0}
{"event":"shadow-start","name":"process_grammar_body","source":"/private/tmp/nanolang-match-guards-20261009/src_nano/compiler/lexer.nano","line":391,"elapsed_seconds":0.000000,"failures":0}
{"event":"shadow-complete","name":"process_grammar_body","source":"/private/tmp/nanolang-match-guards-20261009/src_nano/compiler/lexer.nano","line":391,"elapsed_seconds":0.000180,"failures":0}
{"event":"shadow-start","name":"process_identifier","source":"/private/tmp/nanolang-match-guards-20261009/src_nano/compiler/lexer.nano","line":420,"elapsed_seconds":0.000000,"failures":0}
{"event":"shadow-complete","name":"process_identifier","source":"/private/tmp/nanolang-match-guards-20261009/src_nano/compiler/lexer.nano","line":420,"elapsed_seconds":0.000235,"failures":0}
{"event":"shadow-start","name":"process_identifier","source":"/private/tmp/nanolang-match-guards-20261009/src_nano/compiler/lexer.nano","line":430,"elapsed_seconds":0.000000,"failures":0}
{"event":"shadow-complete","name":"process_identifier","source":"/private/tmp/nanolang-match-guards-20261009/src_nano/compiler/lexer.nano","line":430,"elapsed_seconds":0.000372,"failures":0}
{"event":"shadow-start","name":"process_char_literal","source":"/private/tmp/nanolang-match-guards-20261009/src_nano/compiler/lexer.nano","line":489,"elapsed_seconds":0.000000,"failures":0}
{"event":"shadow-complete","name":"process_char_literal","source":"/private/tmp/nanolang-match-guards-20261009/src_nano/compiler/lexer.nano","line":489,"elapsed_seconds":0.000186,"failures":0}
{"event":"shadow-start","name":"emit_fstring_part_tokens","source":"/private/tmp/nanolang-match-guards-20261009/src_nano/compiler/lexer.nano","line":525,"elapsed_seconds":0.000000,"failures":0}
{"event":"shadow-complete","name":"emit_fstring_part_tokens","source":"/private/tmp/nanolang-match-guards-20261009/src_nano/compiler/lexer.nano","line":525,"elapsed_seconds":0.000487,"failures":0}
{"event":"shadow-start","name":"process_fstring","source":"/private/tmp/nanolang-match-guards-20261009/src_nano/compiler/lexer.nano","line":674,"elapsed_seconds":0.000000,"failures":0}
{"event":"shadow-complete","name":"process_fstring","source":"/private/tmp/nanolang-match-guards-20261009/src_nano/compiler/lexer.nano","line":674,"elapsed_seconds":0.000640,"failures":0}
{"event":"shadow-start","name":"tokenize_file","source":"/private/tmp/nanolang-match-guards-20261009/src_nano/compiler/lexer.nano","line":939,"elapsed_seconds":0.000000,"failures":0}
{"event":"shadow-complete","name":"tokenize_file","source":"/private/tmp/nanolang-match-guards-20261009/src_nano/compiler/lexer.nano","line":939,"elapsed_seconds":0.002357,"failures":0}
{"event":"shadow-start","name":"tokenize_string","source":"/private/tmp/nanolang-match-guards-20261009/src_nano/compiler/lexer.nano","line":947,"elapsed_seconds":0.000000,"failures":0}
{"event":"shadow-complete","name":"tokenize_string","source":"/private/tmp/nanolang-match-guards-20261009/src_nano/compiler/lexer.nano","line":947,"elapsed_seconds":0.004030,"failures":0}
{"event":"shadow-start","name":"parser_init_ast_lists","source":"/private/tmp/nanolang-match-guards-20261009/src_nano/parser.nano","line":144,"elapsed_seconds":0.000000,"failures":0}
{"event":"shadow-complete","name":"parser_init_ast_lists","source":"/private/tmp/nanolang-match-guards-20261009/src_nano/parser.nano","line":144,"elapsed_seconds":0.000338,"failures":0}
{"event":"shadow-start","name":"parser_new","source":"/private/tmp/nanolang-match-guards-20261009/src_nano/parser.nano","line":241,"elapsed_seconds":0.000000,"failures":0}
{"event":"shadow-complete","name":"parser_new","source":"/private/tmp/nanolang-match-guards-20261009/src_nano/parser.nano","line":241,"elapsed_seconds":0.000314,"failures":0}
{"event":"shadow-start","name":"parser_allocate_id","source":"/private/tmp/nanolang-match-guards-20261009/src_nano/parser.nano","line":255,"elapsed_seconds":0.000000,"failures":0}
{"event":"shadow-complete","name":"parser_allocate_id","source":"/private/tmp/nanolang-match-guards-20261009/src_nano/parser.nano","line":255,"elapsed_seconds":0.000339,"failures":0}
{"event":"shadow-start","name":"parser_is_at_end","source":"/private/tmp/nanolang-match-guards-20261009/src_nano/parser.nano","line":273,"elapsed_seconds":0.000000,"failures":0}
{"event":"shadow-complete","name":"parser_is_at_end","source":"/private/tmp/nanolang-match-guards-20261009/src_nano/parser.nano","line":273,"elapsed_seconds":0.000323,"failures":0}
{"event":"shadow-start","name":"parser_with_position","source":"/private/tmp/nanolang-match-guards-20261009/src_nano/parser.nano","line":361,"elapsed_seconds":0.000000,"failures":0}
{"event":"shadow-complete","name":"parser_with_position","source":"/private/tmp/nanolang-match-guards-20261009/src_nano/parser.nano","line":361,"elapsed_seconds":0.000434,"failures":0}
{"event":"shadow-start","name":"parser_advance","source":"/private/tmp/nanolang-match-guards-20261009/src_nano/parser.nano","line":381,"elapsed_seconds":0.000000,"failures":0}
{"event":"shadow-complete","name":"parser_advance","source":"/private/tmp/nanolang-match-guards-20261009/src_nano/parser.nano","line":381,"elapsed_seconds":0.000336,"failures":0}
{"event":"shadow-start","name":"parser_position","source":"/private/tmp/nanolang-match-guards-20261009/src_nano/parser.nano","line":393,"elapsed_seconds":0.000000,"failures":0}
{"event":"shadow-complete","name":"parser_position","source":"/private/tmp/nanolang-match-guards-20261009/src_nano/parser.nano","line":393,"elapsed_seconds":0.000348,"failures":0}
{"event":"shadow-start","name":"parser_current","source":"/private/tmp/nanolang-match-guards-20261009/src_nano/parser.nano","line":415,"elapsed_seconds":0.000000,"failures":0}
{"event":"shadow-complete","name":"parser_current","source":"/private/tmp/nanolang-match-guards-20261009/src_nano/parser.nano","line":415,"elapsed_seconds":0.000397,"failures":0}
{"event":"shadow-start","name":"parser_match","source":"/private/tmp/nanolang-match-guards-20261009/src_nano/parser.nano","line":433,"elapsed_seconds":0.000000,"failures":0}
{"event":"shadow-complete","name":"parser_match","source":"/private/tmp/nanolang-match-guards-20261009/src_nano/parser.nano","line":433,"elapsed_seconds":0.000337,"failures":0}
{"event":"shadow-start","name":"parser_expect","source":"/private/tmp/nanolang-match-guards-20261009/src_nano/parser.nano","line":448,"elapsed_seconds":0.000000,"failures":0}
{"event":"shadow-complete","name":"parser_expect","source":"/private/tmp/nanolang-match-guards-20261009/src_nano/parser.nano","line":448,"elapsed_seconds":0.000440,"failures":0}
{"event":"shadow-start","name":"parser_peek","source":"/private/tmp/nanolang-match-guards-20261009/src_nano/parser.nano","line":468,"elapsed_seconds":0.000000,"failures":0}
{"event":"shadow-complete","name":"parser_peek","source":"/private/tmp/nanolang-match-guards-20261009/src_nano/parser.nano","line":468,"elapsed_seconds":0.000339,"failures":0}
{"event":"shadow-start","name":"parser_with_error","source":"/private/tmp/nanolang-match-guards-20261009/src_nano/parser.nano","line":558,"elapsed_seconds":0.000000,"failures":0}
{"event":"shadow-complete","name":"parser_with_error","source":"/private/tmp/nanolang-match-guards-20261009/src_nano/parser.nano","line":558,"elapsed_seconds":0.000155,"failures":0}
{"event":"shadow-start","name":"parser_has_error","source":"/private/tmp/nanolang-match-guards-20261009/src_nano/parser.nano","line":568,"elapsed_seconds":0.000000,"failures":0}
{"event":"shadow-complete","name":"parser_has_error","source":"/private/tmp/nanolang-match-guards-20261009/src_nano/parser.nano","line":568,"elapsed_seconds":0.000367,"failures":0}
{"event":"shadow-start","name":"token_number","source":"/private/tmp/nanolang-match-guards-20261009/src_nano/parser.nano","line":578,"elapsed_seconds":0.000000,"failures":0}
{"event":"shadow-complete","name":"token_number","source":"/private/tmp/nanolang-match-guards-20261009/src_nano/parser.nano","line":578,"elapsed_seconds":0.000123,"failures":0}
{"event":"shadow-start","name":"token_identifier","source":"/private/tmp/nanolang-match-guards-20261009/src_nano/parser.nano","line":581,"elapsed_seconds":0.000000,"failures":0}
{"event":"shadow-complete","name":"token_identifier","source":"/private/tmp/nanolang-match-guards-20261009/src_nano/parser.nano","line":581,"elapsed_seconds":0.000166,"failures":0}
{"event":"shadow-start","name":"token_string","source":"/private/tmp/nanolang-match-guards-20261009/src_nano/parser.nano","line":584,"elapsed_seconds":0.000000,"failures":0}
{"event":"shadow-complete","name":"token_string","source":"/private/tmp/nanolang-match-guards-20261009/src_nano/parser.nano","line":584,"elapsed_seconds":0.000153,"failures":0}
{"event":"shadow-start","name":"token_true","source":"/private/tmp/nanolang-match-guards-20261009/src_nano/parser.nano","line":587,"elapsed_seconds":0.000000,"failures":0}
{"event":"shadow-complete","name":"token_true","source":"/private/tmp/nanolang-match-guards-20261009/src_nano/parser.nano","line":587,"elapsed_seconds":0.000124,"failures":0}
{"event":"shadow-start","name":"token_false","source":"/private/tmp/nanolang-match-guards-20261009/src_nano/parser.nano","line":590,"elapsed_seconds":0.000000,"failures":0}
{"event":"shadow-complete","name":"token_false","source":"/private/tmp/nanolang-match-guards-20261009/src_nano/parser.nano","line":590,"elapsed_seconds":0.000163,"failures":0}
{"event":"shadow-start","name":"token_lparen","source":"/private/tmp/nanolang-match-guards-20261009/src_nano/parser.nano","line":593,"elapsed_seconds":0.000000,"failures":0}
{"event":"shadow-complete","name":"token_lparen","source":"/private/tmp/nanolang-match-guards-20261009/src_nano/parser.nano","line":593,"elapsed_seconds":0.000094,"failures":0}
{"event":"shadow-start","name":"token_rparen","source":"/private/tmp/nanolang-match-guards-20261009/src_nano/parser.nano","line":596,"elapsed_seconds":0.000000,"failures":0}
{"event":"shadow-complete","name":"token_rparen","source":"/private/tmp/nanolang-match-guards-20261009/src_nano/parser.nano","line":596,"elapsed_seconds":0.000135,"failures":0}
{"event":"shadow-start","name":"token_plus","source":"/private/tmp/nanolang-match-guards-20261009/src_nano/parser.nano","line":599,"elapsed_seconds":0.000000,"failures":0}
{"event":"shadow-complete","name":"token_plus","source":"/private/tmp/nanolang-match-guards-20261009/src_nano/parser.nano","line":599,"elapsed_seconds":0.000106,"failures":0}
{"event":"shadow-start","name":"token_minus","source":"/private/tmp/nanolang-match-guards-20261009/src_nano/parser.nano","line":602,"elapsed_seconds":0.000000,"failures":0}
{"event":"shadow-complete","name":"token_minus","source":"/private/tmp/nanolang-match-guards-20261009/src_nano/parser.nano","line":602,"elapsed_seconds":0.000125,"failures":0}
{"event":"shadow-start","name":"token_star","source":"/private/tmp/nanolang-match-guards-20261009/src_nano/parser.nano","line":605,"elapsed_seconds":0.000000,"failures":0}
{"event":"shadow-complete","name":"token_star","source":"/private/tmp/nanolang-match-guards-20261009/src_nano/parser.nano","line":605,"elapsed_seconds":0.000093,"failures":0}
{"event":"shadow-start","name":"token_slash","source":"/private/tmp/nanolang-match-guards-20261009/src_nano/parser.nano","line":608,"elapsed_seconds":0.000000,"failures":0}
{"event":"shadow-complete","name":"token_slash","source":"/private/tmp/nanolang-match-guards-20261009/src_nano/parser.nano","line":608,"elapsed_seconds":0.000102,"failures":0}
{"event":"shadow-start","name":"token_eq","source":"/private/tmp/nanolang-match-guards-20261009/src_nano/parser.nano","line":611,"elapsed_seconds":0.000000,"failures":0}
{"event":"shadow-complete","name":"token_eq","source":"/private/tmp/nanolang-match-guards-20261009/src_nano/parser.nano","line":611,"elapsed_seconds":0.000091,"failures":0}
{"event":"shadow-start","name":"token_ne","source":"/private/tmp/nanolang-match-guards-20261009/src_nano/parser.nano","line":614,"elapsed_seconds":0.000000,"failures":0}
{"event":"shadow-complete","name":"token_ne","source":"/private/tmp/nanolang-match-guards-20261009/src_nano/parser.nano","line":614,"elapsed_seconds":0.000097,"failures":0}
{"event":"shadow-start","name":"token_lt","source":"/private/tmp/nanolang-match-guards-20261009/src_nano/parser.nano","line":617,"elapsed_seconds":0.000000,"failures":0}
{"event":"shadow-complete","name":"token_lt","source":"/private/tmp/nanolang-match-guards-20261009/src_nano/parser.nano","line":617,"elapsed_seconds":0.000128,"failures":0}
{"event":"shadow-start","name":"token_le","source":"/private/tmp/nanolang-match-guards-20261009/src_nano/parser.nano","line":620,"elapsed_seconds":0.000000,"failures":0}
{"event":"shadow-complete","name":"token_le","source":"/private/tmp/nanolang-match-guards-20261009/src_nano/parser.nano","line":620,"elapsed_seconds":0.000094,"failures":0}
{"event":"shadow-start","name":"token_gt","source":"/private/tmp/nanolang-match-guards-20261009/src_nano/parser.nano","line":623,"elapsed_seconds":0.000000,"failures":0}
{"event":"shadow-complete","name":"token_gt","source":"/private/tmp/nanolang-match-guards-20261009/src_nano/parser.nano","line":623,"elapsed_seconds":0.000108,"failures":0}
{"event":"shadow-start","name":"token_ge","source":"/private/tmp/nanolang-match-guards-20261009/src_nano/parser.nano","line":626,"elapsed_seconds":0.000000,"failures":0}
{"event":"shadow-complete","name":"token_ge","source":"/private/tmp/nanolang-match-guards-20261009/src_nano/parser.nano","line":626,"elapsed_seconds":0.000121,"failures":0}
{"event":"shadow-start","name":"token_and","source":"/private/tmp/nanolang-match-guards-20261009/src_nano/parser.nano","line":629,"elapsed_seconds":0.000000,"failures":0}
{"event":"shadow-complete","name":"token_and","source":"/private/tmp/nanolang-match-guards-20261009/src_nano/parser.nano","line":629,"elapsed_seconds":0.000121,"failures":0}
{"event":"shadow-start","name":"token_or","source":"/private/tmp/nanolang-match-guards-20261009/src_nano/parser.nano","line":632,"elapsed_seconds":0.000000,"failures":0}
{"event":"shadow-complete","name":"token_or","source":"/private/tmp/nanolang-match-guards-20261009/src_nano/parser.nano","line":632,"elapsed_seconds":0.000093,"failures":0}
{"event":"shadow-start","name":"token_comma","source":"/private/tmp/nanolang-match-guards-20261009/src_nano/parser.nano","line":635,"elapsed_seconds":0.000000,"failures":0}
{"event":"shadow-complete","name":"token_comma","source":"/private/tmp/nanolang-match-guards-20261009/src_nano/parser.nano","line":635,"elapsed_seconds":0.000092,"failures":0}
{"event":"shadow-start","name":"token_lbrace","source":"/private/tmp/nanolang-match-guards-20261009/src_nano/parser.nano","line":638,"elapsed_seconds":0.000000,"failures":0}
{"event":"shadow-complete","name":"token_lbrace","source":"/private/tmp/nanolang-match-guards-20261009/src_nano/parser.nano","line":638,"elapsed_seconds":0.000094,"failures":0}
{"event":"shadow-start","name":"token_rbrace","source":"/private/tmp/nanolang-match-guards-20261009/src_nano/parser.nano","line":641,"elapsed_seconds":0.000000,"failures":0}
{"event":"shadow-complete","name":"token_rbrace","source":"/private/tmp/nanolang-match-guards-20261009/src_nano/parser.nano","line":641,"elapsed_seconds":0.000101,"failures":0}
{"event":"shadow-start","name":"token_let","source":"/private/tmp/nanolang-match-guards-20261009/src_nano/parser.nano","line":644,"elapsed_seconds":0.000000,"failures":0}
{"event":"shadow-complete","name":"token_let","source":"/private/tmp/nanolang-match-guards-20261009/src_nano/parser.nano","line":644,"elapsed_seconds":0.000091,"failures":0}
{"event":"shadow-start","name":"token_if","source":"/private/tmp/nanolang-match-guards-20261009/src_nano/parser.nano","line":647,"elapsed_seconds":0.000000,"failures":0}
{"event":"shadow-complete","name":"token_if","source":"/private/tmp/nanolang-match-guards-20261009/src_nano/parser.nano","line":647,"elapsed_seconds":0.000086,"failures":0}
{"event":"shadow-start","name":"token_else","source":"/private/tmp/nanolang-match-guards-20261009/src_nano/parser.nano","line":650,"elapsed_seconds":0.000000,"failures":0}
{"event":"shadow-complete","name":"token_else","source":"/private/tmp/nanolang-match-guards-20261009/src_nano/parser.nano","line":650,"elapsed_seconds":0.000128,"failures":0}
{"event":"shadow-start","name":"token_while","source":"/private/tmp/nanolang-match-guards-20261009/src_nano/parser.nano","line":653,"elapsed_seconds":0.000000,"failures":0}
{"event":"shadow-complete","name":"token_while","source":"/private/tmp/nanolang-match-guards-20261009/src_nano/parser.nano","line":653,"elapsed_seconds":0.000104,"failures":0}
{"event":"shadow-start","name":"token_return","source":"/private/tmp/nanolang-match-guards-20261009/src_nano/parser.nano","line":656,"elapsed_seconds":0.000000,"failures":0}
{"event":"shadow-complete","name":"token_return","source":"/private/tmp/nanolang-match-guards-20261009/src_nano/parser.nano","line":656,"elapsed_seconds":0.000093,"failures":0}
{"event":"shadow-start","name":"token_colon","source":"/private/tmp/nanolang-match-guards-20261009/src_nano/parser.nano","line":659,"elapsed_seconds":0.000000,"failures":0}
{"event":"shadow-complete","name":"token_colon","source":"/private/tmp/nanolang-match-guards-20261009/src_nano/parser.nano","line":659,"elapsed_seconds":0.000095,"failures":0}
{"event":"shadow-start","name":"token_mut","source":"/private/tmp/nanolang-match-guards-20261009/src_nano/parser.nano","line":662,"elapsed_seconds":0.000000,"failures":0}
{"event":"shadow-complete","name":"token_mut","source":"/private/tmp/nanolang-match-guards-20261009/src_nano/parser.nano","line":662,"elapsed_seconds":0.000095,"failures":0}
{"event":"shadow-start","name":"token_assign","source":"/private/tmp/nanolang-match-guards-20261009/src_nano/parser.nano","line":665,"elapsed_seconds":0.000000,"failures":0}
{"event":"shadow-complete","name":"token_assign","source":"/private/tmp/nanolang-match-guards-20261009/src_nano/parser.nano","line":665,"elapsed_seconds":0.000100,"failures":0}
{"event":"shadow-start","name":"token_arrow","source":"/private/tmp/nanolang-match-guards-20261009/src_nano/parser.nano","line":668,"elapsed_seconds":0.000000,"failures":0}
{"event":"shadow-complete","name":"token_arrow","source":"/private/tmp/nanolang-match-guards-20261009/src_nano/parser.nano","line":668,"elapsed_seconds":0.000099,"failures":0}
{"event":"shadow-start","name":"token_fn","source":"/private/tmp/nanolang-match-guards-20261009/src_nano/parser.nano","line":671,"elapsed_seconds":0.000000,"failures":0}
{"event":"shadow-complete","name":"token_fn","source":"/private/tmp/nanolang-match-guards-20261009/src_nano/parser.nano","line":671,"elapsed_seconds":0.000110,"failures":0}
{"event":"shadow-start","name":"token_extern","source":"/private/tmp/nanolang-match-guards-20261009/src_nano/parser.nano","line":674,"elapsed_seconds":0.000000,"failures":0}
{"event":"shadow-complete","name":"token_extern","source":"/private/tmp/nanolang-match-guards-20261009/src_nano/parser.nano","line":674,"elapsed_seconds":0.000107,"failures":0}
{"event":"shadow-start","name":"token_set","source":"/private/tmp/nanolang-match-guards-20261009/src_nano/parser.nano","line":677,"elapsed_seconds":0.000000,"failures":0}
{"event":"shadow-complete","name":"token_set","source":"/private/tmp/nanolang-match-guards-20261009/src_nano/parser.nano","line":677,"elapsed_seconds":0.000089,"failures":0}
{"event":"shadow-start","name":"token_struct","source":"/private/tmp/nanolang-match-guards-20261009/src_nano/parser.nano","line":680,"elapsed_seconds":0.000000,"failures":0}
{"event":"shadow-complete","name":"token_struct","source":"/private/tmp/nanolang-match-guards-20261009/src_nano/parser.nano","line":680,"elapsed_seconds":0.000102,"failures":0}
{"event":"shadow-start","name":"token_enum","source":"/private/tmp/nanolang-match-guards-20261009/src_nano/parser.nano","line":683,"elapsed_seconds":0.000000,"failures":0}
{"event":"shadow-complete","name":"token_enum","source":"/private/tmp/nanolang-match-guards-20261009/src_nano/parser.nano","line":683,"elapsed_seconds":0.000090,"failures":0}
{"event":"shadow-start","name":"token_union","source":"/private/tmp/nanolang-match-guards-20261009/src_nano/parser.nano","line":686,"elapsed_seconds":0.000000,"failures":0}
{"event":"shadow-complete","name":"token_union","source":"/private/tmp/nanolang-match-guards-20261009/src_nano/parser.nano","line":686,"elapsed_seconds":0.000096,"failures":0}
{"event":"shadow-start","name":"token_for","source":"/private/tmp/nanolang-match-guards-20261009/src_nano/parser.nano","line":690,"elapsed_seconds":0.000000,"failures":0}
{"event":"shadow-complete","name":"token_for","source":"/private/tmp/nanolang-match-guards-20261009/src_nano/parser.nano","line":690,"elapsed_seconds":0.000100,"failures":0}
{"event":"shadow-start","name":"token_in","source":"/private/tmp/nanolang-match-guards-20261009/src_nano/parser.nano","line":693,"elapsed_seconds":0.000000,"failures":0}
{"event":"shadow-complete","name":"token_in","source":"/private/tmp/nanolang-match-guards-20261009/src_nano/parser.nano","line":693,"elapsed_seconds":0.000107,"failures":0}
{"event":"shadow-start","name":"token_assert","source":"/private/tmp/nanolang-match-guards-20261009/src_nano/parser.nano","line":696,"elapsed_seconds":0.000000,"failures":0}
{"event":"shadow-complete","name":"token_assert","source":"/private/tmp/nanolang-match-guards-20261009/src_nano/parser.nano","line":696,"elapsed_seconds":0.000127,"failures":0}
{"event":"shadow-start","name":"token_requires","source":"/private/tmp/nanolang-match-guards-20261009/src_nano/parser.nano","line":699,"elapsed_seconds":0.000000,"failures":0}
{"event":"shadow-complete","name":"token_requires","source":"/private/tmp/nanolang-match-guards-20261009/src_nano/parser.nano","line":699,"elapsed_seconds":0.000095,"failures":0}
{"event":"shadow-start","name":"token_ensures","source":"/private/tmp/nanolang-match-guards-20261009/src_nano/parser.nano","line":702,"elapsed_seconds":0.000000,"failures":0}
{"event":"shadow-complete","name":"token_ensures","source":"/private/tmp/nanolang-match-guards-20261009/src_nano/parser.nano","line":702,"elapsed_seconds":0.000097,"failures":0}
{"event":"shadow-start","name":"token_unsafe","source":"/private/tmp/nanolang-match-guards-20261009/src_nano/parser.nano","line":705,"elapsed_seconds":0.000000,"failures":0}
{"event":"shadow-complete","name":"token_unsafe","source":"/private/tmp/nanolang-match-guards-20261009/src_nano/parser.nano","line":705,"elapsed_seconds":0.000095,"failures":0}
{"event":"shadow-start","name":"token_shadow","source":"/private/tmp/nanolang-match-guards-20261009/src_nano/parser.nano","line":708,"elapsed_seconds":0.000000,"failures":0}
{"event":"shadow-complete","name":"token_shadow","source":"/private/tmp/nanolang-match-guards-20261009/src_nano/parser.nano","line":708,"elapsed_seconds":0.000114,"failures":0}
{"event":"shadow-start","name":"token_match","source":"/private/tmp/nanolang-match-guards-20261009/src_nano/parser.nano","line":711,"elapsed_seconds":0.000000,"failures":0}
{"event":"shadow-complete","name":"token_match","source":"/private/tmp/nanolang-match-guards-20261009/src_nano/parser.nano","line":711,"elapsed_seconds":0.000098,"failures":0}
{"event":"shadow-start","name":"token_import","source":"/private/tmp/nanolang-match-guards-20261009/src_nano/parser.nano","line":714,"elapsed_seconds":0.000000,"failures":0}
{"event":"shadow-complete","name":"token_import","source":"/private/tmp/nanolang-match-guards-20261009/src_nano/parser.nano","line":714,"elapsed_seconds":0.000088,"failures":0}
{"event":"shadow-start","name":"token_as","source":"/private/tmp/nanolang-match-guards-20261009/src_nano/parser.nano","line":717,"elapsed_seconds":0.000000,"failures":0}
{"event":"shadow-complete","name":"token_as","source":"/private/tmp/nanolang-match-guards-20261009/src_nano/parser.nano","line":717,"elapsed_seconds":0.000084,"failures":0}
{"event":"shadow-start","name":"token_pub","source":"/private/tmp/nanolang-match-guards-20261009/src_nano/parser.nano","line":720,"elapsed_seconds":0.000000,"failures":0}
{"event":"shadow-complete","name":"token_pub","source":"/private/tmp/nanolang-match-guards-20261009/src_nano/parser.nano","line":720,"elapsed_seconds":0.000095,"failures":0}
{"event":"shadow-start","name":"token_pure","source":"/private/tmp/nanolang-match-guards-20261009/src_nano/parser.nano","line":723,"elapsed_seconds":0.000000,"failures":0}
{"event":"shadow-complete","name":"token_pure","source":"/private/tmp/nanolang-match-guards-20261009/src_nano/parser.nano","line":723,"elapsed_seconds":0.000089,"failures":0}
{"event":"shadow-start","name":"token_opaque","source":"/private/tmp/nanolang-match-guards-20261009/src_nano/parser.nano","line":726,"elapsed_seconds":0.000000,"failures":0}
{"event":"shadow-complete","name":"token_opaque","source":"/private/tmp/nanolang-match-guards-20261009/src_nano/parser.nano","line":726,"elapsed_seconds":0.000089,"failures":0}
{"event":"shadow-start","name":"token_lbracket","source":"/private/tmp/nanolang-match-guards-20261009/src_nano/parser.nano","line":729,"elapsed_seconds":0.000000,"failures":0}
{"event":"shadow-complete","name":"token_lbracket","source":"/private/tmp/nanolang-match-guards-20261009/src_nano/parser.nano","line":729,"elapsed_seconds":0.000091,"failures":0}
{"event":"shadow-start","name":"token_rbracket","source":"/private/tmp/nanolang-match-guards-20261009/src_nano/parser.nano","line":732,"elapsed_seconds":0.000000,"failures":0}
{"event":"shadow-complete","name":"token_rbracket","source":"/private/tmp/nanolang-match-guards-20261009/src_nano/parser.nano","line":732,"elapsed_seconds":0.000093,"failures":0}
{"event":"shadow-start","name":"token_dot","source":"/private/tmp/nanolang-match-guards-20261009/src_nano/parser.nano","line":735,"elapsed_seconds":0.000000,"failures":0}
{"event":"shadow-complete","name":"token_dot","source":"/private/tmp/nanolang-match-guards-20261009/src_nano/parser.nano","line":735,"elapsed_seconds":0.000084,"failures":0}
{"event":"shadow-start","name":"token_double_colon","source":"/private/tmp/nanolang-match-guards-20261009/src_nano/parser.nano","line":738,"elapsed_seconds":0.000000,"failures":0}
{"event":"shadow-complete","name":"token_double_colon","source":"/private/tmp/nanolang-match-guards-20261009/src_nano/parser.nano","line":738,"elapsed_seconds":0.000097,"failures":0}
{"event":"shadow-start","name":"token_percent","source":"/private/tmp/nanolang-match-guards-20261009/src_nano/parser.nano","line":741,"elapsed_seconds":0.000000,"failures":0}
{"event":"shadow-complete","name":"token_percent","source":"/private/tmp/nanolang-match-guards-20261009/src_nano/parser.nano","line":741,"elapsed_seconds":0.000091,"failures":0}
{"event":"shadow-start","name":"token_not","source":"/private/tmp/nanolang-match-guards-20261009/src_nano/parser.nano","line":744,"elapsed_seconds":0.000000,"failures":0}
{"event":"shadow-complete","name":"token_not","source":"/private/tmp/nanolang-match-guards-20261009/src_nano/parser.nano","line":744,"elapsed_seconds":0.000101,"failures":0}
{"event":"shadow-start","name":"token_pipe","source":"/private/tmp/nanolang-match-guards-20261009/src_nano/parser.nano","line":747,"elapsed_seconds":0.000000,"failures":0}
{"event":"shadow-complete","name":"token_pipe","source":"/private/tmp/nanolang-match-guards-20261009/src_nano/parser.nano","line":747,"elapsed_seconds":0.000094,"failures":0}
{"event":"shadow-start","name":"token_grammar","source":"/private/tmp/nanolang-match-guards-20261009/src_nano/parser.nano","line":750,"elapsed_seconds":0.000000,"failures":0}
{"event":"shadow-complete","name":"token_grammar","source":"/private/tmp/nanolang-match-guards-20261009/src_nano/parser.nano","line":750,"elapsed_seconds":0.000094,"failures":0}
{"event":"shadow-start","name":"token_larrow","source":"/private/tmp/nanolang-match-guards-20261009/src_nano/parser.nano","line":753,"elapsed_seconds":0.000000,"failures":0}
{"event":"shadow-complete","name":"token_larrow","source":"/private/tmp/nanolang-match-guards-20261009/src_nano/parser.nano","line":753,"elapsed_seconds":0.000099,"failures":0}
{"event":"shadow-start","name":"token_question","source":"/private/tmp/nanolang-match-guards-20261009/src_nano/parser.nano","line":756,"elapsed_seconds":0.000000,"failures":0}
{"event":"shadow-complete","name":"token_question","source":"/private/tmp/nanolang-match-guards-20261009/src_nano/parser.nano","line":756,"elapsed_seconds":0.000094,"failures":0}
{"event":"shadow-start","name":"token_array","source":"/private/tmp/nanolang-match-guards-20261009/src_nano/parser.nano","line":759,"elapsed_seconds":0.000000,"failures":0}
{"event":"shadow-complete","name":"token_array","source":"/private/tmp/nanolang-match-guards-20261009/src_nano/parser.nano","line":759,"elapsed_seconds":0.000090,"failures":0}
{"event":"shadow-start","name":"token_type_int","source":"/private/tmp/nanolang-match-guards-20261009/src_nano/parser.nano","line":762,"elapsed_seconds":0.000000,"failures":0}
{"event":"shadow-complete","name":"token_type_int","source":"/private/tmp/nanolang-match-guards-20261009/src_nano/parser.nano","line":762,"elapsed_seconds":0.000103,"failures":0}
{"event":"shadow-start","name":"token_type_u8","source":"/private/tmp/nanolang-match-guards-20261009/src_nano/parser.nano","line":765,"elapsed_seconds":0.000000,"failures":0}
{"event":"shadow-complete","name":"token_type_u8","source":"/private/tmp/nanolang-match-guards-20261009/src_nano/parser.nano","line":765,"elapsed_seconds":0.000105,"failures":0}
{"event":"shadow-start","name":"token_type_float","source":"/private/tmp/nanolang-match-guards-20261009/src_nano/parser.nano","line":768,"elapsed_seconds":0.000000,"failures":0}
{"event":"shadow-complete","name":"token_type_float","source":"/private/tmp/nanolang-match-guards-20261009/src_nano/parser.nano","line":768,"elapsed_seconds":0.000097,"failures":0}
{"event":"shadow-start","name":"token_type_bool","source":"/private/tmp/nanolang-match-guards-20261009/src_nano/parser.nano","line":771,"elapsed_seconds":0.000000,"failures":0}
{"event":"shadow-complete","name":"token_type_bool","source":"/private/tmp/nanolang-match-guards-20261009/src_nano/parser.nano","line":771,"elapsed_seconds":0.000101,"failures":0}
{"event":"shadow-start","name":"token_type_string","source":"/private/tmp/nanolang-match-guards-20261009/src_nano/parser.nano","line":774,"elapsed_seconds":0.000000,"failures":0}
{"event":"shadow-complete","name":"token_type_string","source":"/private/tmp/nanolang-match-guards-20261009/src_nano/parser.nano","line":774,"elapsed_seconds":0.000124,"failures":0}
{"event":"shadow-start","name":"token_type_bstring","source":"/private/tmp/nanolang-match-guards-20261009/src_nano/parser.nano","line":777,"elapsed_seconds":0.000000,"failures":0}
{"event":"shadow-complete","name":"token_type_bstring","source":"/private/tmp/nanolang-match-guards-20261009/src_nano/parser.nano","line":777,"elapsed_seconds":0.000119,"failures":0}
{"event":"shadow-start","name":"token_type_void","source":"/private/tmp/nanolang-match-guards-20261009/src_nano/parser.nano","line":780,"elapsed_seconds":0.000000,"failures":0}
{"event":"shadow-complete","name":"token_type_void","source":"/private/tmp/nanolang-match-guards-20261009/src_nano/parser.nano","line":780,"elapsed_seconds":0.000098,"failures":0}
{"event":"shadow-start","name":"parse_qualified_name","source":"/private/tmp/nanolang-match-guards-20261009/src_nano/parser.nano","line":825,"elapsed_seconds":0.000000,"failures":0}
{"event":"shadow-complete","name":"parse_qualified_name","source":"/private/tmp/nanolang-match-guards-20261009/src_nano/parser.nano","line":825,"elapsed_seconds":0.001173,"failures":0}
{"event":"shadow-start","name":"parse_call_name","source":"/private/tmp/nanolang-match-guards-20261009/src_nano/parser.nano","line":896,"elapsed_seconds":0.000000,"failures":0}
{"event":"shadow-complete","name":"parse_call_name","source":"/private/tmp/nanolang-match-guards-20261009/src_nano/parser.nano","line":896,"elapsed_seconds":0.001206,"failures":0}
{"event":"shadow-start","name":"is_type_start_token_type","source":"/private/tmp/nanolang-match-guards-20261009/src_nano/parser.nano","line":946,"elapsed_seconds":0.000000,"failures":0}
{"event":"shadow-complete","name":"is_type_start_token_type","source":"/private/tmp/nanolang-match-guards-20261009/src_nano/parser.nano","line":946,"elapsed_seconds":0.000154,"failures":0}
{"event":"shadow-start","name":"parse_type_string","source":"/private/tmp/nanolang-match-guards-20261009/src_nano/parser.nano","line":1152,"elapsed_seconds":0.000000,"failures":0}
{"event":"shadow-complete","name":"parse_type_string","source":"/private/tmp/nanolang-match-guards-20261009/src_nano/parser.nano","line":1152,"elapsed_seconds":0.002791,"failures":0}
{"event":"shadow-start","name":"parser_store_number","source":"/private/tmp/nanolang-match-guards-20261009/src_nano/parser.nano","line":1260,"elapsed_seconds":0.000000,"failures":0}
{"event":"shadow-complete","name":"parser_store_number","source":"/private/tmp/nanolang-match-guards-20261009/src_nano/parser.nano","line":1260,"elapsed_seconds":0.000120,"failures":0}
{"event":"shadow-start","name":"parser_store_string","source":"/private/tmp/nanolang-match-guards-20261009/src_nano/parser.nano","line":1357,"elapsed_seconds":0.000000,"failures":0}
{"event":"shadow-complete","name":"parser_store_string","source":"/private/tmp/nanolang-match-guards-20261009/src_nano/parser.nano","line":1357,"elapsed_seconds":0.000112,"failures":0}
{"event":"shadow-start","name":"parser_store_bool","source":"/private/tmp/nanolang-match-guards-20261009/src_nano/parser.nano","line":1453,"elapsed_seconds":0.000000,"failures":0}
{"event":"shadow-complete","name":"parser_store_bool","source":"/private/tmp/nanolang-match-guards-20261009/src_nano/parser.nano","line":1453,"elapsed_seconds":0.000108,"failures":0}
{"event":"shadow-start","name":"parser_store_identifier","source":"/private/tmp/nanolang-match-guards-20261009/src_nano/parser.nano","line":1549,"elapsed_seconds":0.000000,"failures":0}
{"event":"shadow-complete","name":"parser_store_identifier","source":"/private/tmp/nanolang-match-guards-20261009/src_nano/parser.nano","line":1549,"elapsed_seconds":0.000125,"failures":0}
{"event":"shadow-start","name":"parser_store_binary_op","source":"/private/tmp/nanolang-match-guards-20261009/src_nano/parser.nano","line":1651,"elapsed_seconds":0.000000,"failures":0}
{"event":"shadow-complete","name":"parser_store_binary_op","source":"/private/tmp/nanolang-match-guards-20261009/src_nano/parser.nano","line":1651,"elapsed_seconds":0.000114,"failures":0}
{"event":"shadow-start","name":"parser_mark_unary","source":"/private/tmp/nanolang-match-guards-20261009/src_nano/parser.nano","line":1666,"elapsed_seconds":0.000000,"failures":0}
{"event":"shadow-complete","name":"parser_mark_unary","source":"/private/tmp/nanolang-match-guards-20261009/src_nano/parser.nano","line":1666,"elapsed_seconds":0.005548,"failures":0}
{"event":"shadow-start","name":"parser_store_call","source":"/private/tmp/nanolang-match-guards-20261009/src_nano/parser.nano","line":1769,"elapsed_seconds":0.000000,"failures":0}
{"event":"shadow-complete","name":"parser_store_call","source":"/private/tmp/nanolang-match-guards-20261009/src_nano/parser.nano","line":1769,"elapsed_seconds":0.000113,"failures":0}
{"event":"shadow-start","name":"parser_store_module_qualified_call","source":"/private/tmp/nanolang-match-guards-20261009/src_nano/parser.nano","line":1867,"elapsed_seconds":0.000000,"failures":0}
{"event":"shadow-complete","name":"parser_store_module_qualified_call","source":"/private/tmp/nanolang-match-guards-20261009/src_nano/parser.nano","line":1867,"elapsed_seconds":0.000143,"failures":0}
{"event":"shadow-start","name":"name_contains_dot","source":"/private/tmp/nanolang-match-guards-20261009/src_nano/parser.nano","line":1886,"elapsed_seconds":0.000000,"failures":0}
{"event":"shadow-complete","name":"name_contains_dot","source":"/private/tmp/nanolang-match-guards-20261009/src_nano/parser.nano","line":1886,"elapsed_seconds":0.000180,"failures":0}
{"event":"shadow-start","name":"parser_store_call_arg","source":"/private/tmp/nanolang-match-guards-20261009/src_nano/parser.nano","line":1981,"elapsed_seconds":0.000000,"failures":0}
{"event":"shadow-complete","name":"parser_store_call_arg","source":"/private/tmp/nanolang-match-guards-20261009/src_nano/parser.nano","line":1981,"elapsed_seconds":0.000104,"failures":0}
{"event":"shadow-start","name":"parser_store_array_element","source":"/private/tmp/nanolang-match-guards-20261009/src_nano/parser.nano","line":2074,"elapsed_seconds":0.000000,"failures":0}
{"event":"shadow-complete","name":"parser_store_array_element","source":"/private/tmp/nanolang-match-guards-20261009/src_nano/parser.nano","line":2074,"elapsed_seconds":0.000105,"failures":0}
{"event":"shadow-start","name":"parse_named_literal","source":"/private/tmp/nanolang-match-guards-20261009/src_nano/parser.nano","line":2102,"elapsed_seconds":0.000000,"failures":0}
{"event":"shadow-complete","name":"parse_named_literal","source":"/private/tmp/nanolang-match-guards-20261009/src_nano/parser.nano","line":2102,"elapsed_seconds":0.025384,"failures":0}
{"event":"shadow-start","name":"parse_union_construct","source":"/private/tmp/nanolang-match-guards-20261009/src_nano/parser.nano","line":2169,"elapsed_seconds":0.000000,"failures":0}
{"event":"shadow-complete","name":"parse_union_construct","source":"/private/tmp/nanolang-match-guards-20261009/src_nano/parser.nano","line":2169,"elapsed_seconds":0.000118,"failures":0}
{"event":"shadow-start","name":"parse_struct_literal","source":"/private/tmp/nanolang-match-guards-20261009/src_nano/parser.nano","line":2239,"elapsed_seconds":0.000000,"failures":0}
{"event":"shadow-complete","name":"parse_struct_literal","source":"/private/tmp/nanolang-match-guards-20261009/src_nano/parser.nano","line":2239,"elapsed_seconds":0.000102,"failures":0}
{"event":"shadow-start","name":"parse_cond_expression","source":"/private/tmp/nanolang-match-guards-20261009/src_nano/parser.nano","line":2339,"elapsed_seconds":0.000000,"failures":0}
{"event":"shadow-complete","name":"parse_cond_expression","source":"/private/tmp/nanolang-match-guards-20261009/src_nano/parser.nano","line":2339,"elapsed_seconds":0.000134,"failures":0}
{"event":"shadow-start","name":"parse_cond_clauses","source":"/private/tmp/nanolang-match-guards-20261009/src_nano/parser.nano","line":2343,"elapsed_seconds":0.000000,"failures":0}
{"event":"shadow-complete","name":"parse_cond_clauses","source":"/private/tmp/nanolang-match-guards-20261009/src_nano/parser.nano","line":2343,"elapsed_seconds":0.000111,"failures":0}
{"event":"shadow-start","name":"parse_match_guard","source":"/private/tmp/nanolang-match-guards-20261009/src_nano/parser.nano","line":2355,"elapsed_seconds":0.000000,"failures":0}
{"event":"shadow-complete","name":"parse_match_guard","source":"/private/tmp/nanolang-match-guards-20261009/src_nano/parser.nano","line":2355,"elapsed_seconds":0.001526,"failures":0}
{"event":"shadow-start","name":"parser_match_arm_unconditional","source":"/private/tmp/nanolang-match-guards-20261009/src_nano/parser.nano","line":2375,"elapsed_seconds":0.000000,"failures":0}
{"event":"shadow-complete","name":"parser_match_arm_unconditional","source":"/private/tmp/nanolang-match-guards-20261009/src_nano/parser.nano","line":2375,"elapsed_seconds":0.010311,"failures":0}
{"event":"shadow-start","name":"parser_expect_match_arrow","source":"/private/tmp/nanolang-match-guards-20261009/src_nano/parser.nano","line":2387,"elapsed_seconds":0.000000,"failures":0}
{"event":"shadow-complete","name":"parser_expect_match_arrow","source":"/private/tmp/nanolang-match-guards-20261009/src_nano/parser.nano","line":2387,"elapsed_seconds":0.000686,"failures":0}
{"event":"shadow-start","name":"parse_match","source":"/private/tmp/nanolang-match-guards-20261009/src_nano/parser.nano","line":2639,"elapsed_seconds":0.000000,"failures":0}
{"event":"shadow-complete","name":"parse_match","source":"/private/tmp/nanolang-match-guards-20261009/src_nano/parser.nano","line":2639,"elapsed_seconds":0.005365,"failures":0}
{"event":"shadow-start","name":"parse_primary","source":"/private/tmp/nanolang-match-guards-20261009/src_nano/parser.nano","line":3236,"elapsed_seconds":0.000000,"failures":0}
{"event":"shadow-complete","name":"parse_primary","source":"/private/tmp/nanolang-match-guards-20261009/src_nano/parser.nano","line":3236,"elapsed_seconds":0.058161,"failures":0}
{"event":"shadow-start","name":"parse_parenthesized_head","source":"/private/tmp/nanolang-match-guards-20261009/src_nano/parser.nano","line":3300,"elapsed_seconds":0.000000,"failures":0}
{"event":"shadow-complete","name":"parse_parenthesized_head","source":"/private/tmp/nanolang-match-guards-20261009/src_nano/parser.nano","line":3300,"elapsed_seconds":0.007048,"failures":0}
{"event":"shadow-start","name":"parenthesized_call_start","source":"/private/tmp/nanolang-match-guards-20261009/src_nano/parser.nano","line":3329,"elapsed_seconds":0.000000,"failures":0}
{"event":"shadow-complete","name":"parenthesized_call_start","source":"/private/tmp/nanolang-match-guards-20261009/src_nano/parser.nano","line":3329,"elapsed_seconds":0.009364,"failures":0}
{"event":"shadow-start","name":"is_binary_op","source":"/private/tmp/nanolang-match-guards-20261009/src_nano/parser.nano","line":3350,"elapsed_seconds":0.000000,"failures":0}
{"event":"shadow-complete","name":"is_binary_op","source":"/private/tmp/nanolang-match-guards-20261009/src_nano/parser.nano","line":3350,"elapsed_seconds":0.000203,"failures":0}
{"event":"shadow-start","name":"parse_expression_recursive","source":"/private/tmp/nanolang-match-guards-20261009/src_nano/parser.nano","line":3531,"elapsed_seconds":0.000000,"failures":0}
{"event":"shadow-complete","name":"parse_expression_recursive","source":"/private/tmp/nanolang-match-guards-20261009/src_nano/parser.nano","line":3531,"elapsed_seconds":0.000115,"failures":0}
{"event":"shadow-start","name":"parse_expression","source":"/private/tmp/nanolang-match-guards-20261009/src_nano/parser.nano","line":3536,"elapsed_seconds":0.000000,"failures":0}
{"event":"shadow-complete","name":"parse_expression","source":"/private/tmp/nanolang-match-guards-20261009/src_nano/parser.nano","line":3536,"elapsed_seconds":0.000101,"failures":0}
{"event":"shadow-start","name":"parser_store_let","source":"/private/tmp/nanolang-match-guards-20261009/src_nano/parser.nano","line":3644,"elapsed_seconds":0.000000,"failures":0}
{"event":"shadow-complete","name":"parser_store_let","source":"/private/tmp/nanolang-match-guards-20261009/src_nano/parser.nano","line":3644,"elapsed_seconds":0.000416,"failures":0}
{"event":"shadow-start","name":"parser_store_set","source":"/private/tmp/nanolang-match-guards-20261009/src_nano/parser.nano","line":3748,"elapsed_seconds":0.000000,"failures":0}
{"event":"shadow-complete","name":"parser_store_set","source":"/private/tmp/nanolang-match-guards-20261009/src_nano/parser.nano","line":3748,"elapsed_seconds":0.000490,"failures":0}
{"event":"shadow-start","name":"parser_store_if","source":"/private/tmp/nanolang-match-guards-20261009/src_nano/parser.nano","line":3854,"elapsed_seconds":0.000000,"failures":0}
{"event":"shadow-complete","name":"parser_store_if","source":"/private/tmp/nanolang-match-guards-20261009/src_nano/parser.nano","line":3854,"elapsed_seconds":0.000102,"failures":0}
{"event":"shadow-start","name":"parser_store_while","source":"/private/tmp/nanolang-match-guards-20261009/src_nano/parser.nano","line":3953,"elapsed_seconds":0.000000,"failures":0}
{"event":"shadow-complete","name":"parser_store_while","source":"/private/tmp/nanolang-match-guards-20261009/src_nano/parser.nano","line":3953,"elapsed_seconds":0.000098,"failures":0}
{"event":"shadow-start","name":"parser_finish_array_literal","source":"/private/tmp/nanolang-match-guards-20261009/src_nano/parser.nano","line":4064,"elapsed_seconds":0.000000,"failures":0}
{"event":"shadow-complete","name":"parser_finish_array_literal","source":"/private/tmp/nanolang-match-guards-20261009/src_nano/parser.nano","line":4064,"elapsed_seconds":0.000786,"failures":0}
{"event":"shadow-start","name":"parser_always_returns","source":"/private/tmp/nanolang-match-guards-20261009/src_nano/parser.nano","line":4212,"elapsed_seconds":0.000000,"failures":0}
{"event":"shadow-complete","name":"parser_always_returns","source":"/private/tmp/nanolang-match-guards-20261009/src_nano/parser.nano","line":4212,"elapsed_seconds":0.007837,"failures":0}
{"event":"shadow-start","name":"parser_is_value_expression","source":"/private/tmp/nanolang-match-guards-20261009/src_nano/parser.nano","line":4220,"elapsed_seconds":0.000000,"failures":0}
{"event":"shadow-complete","name":"parser_is_value_expression","source":"/private/tmp/nanolang-match-guards-20261009/src_nano/parser.nano","line":4220,"elapsed_seconds":0.000138,"failures":0}
{"event":"shadow-start","name":"parser_decode_import_path","source":"/private/tmp/nanolang-match-guards-20261009/src_nano/parser.nano","line":4250,"elapsed_seconds":0.000000,"failures":0}
{"event":"shadow-complete","name":"parser_decode_import_path","source":"/private/tmp/nanolang-match-guards-20261009/src_nano/parser.nano","line":4250,"elapsed_seconds":0.000368,"failures":0}
{"event":"shadow-start","name":"parser_store_return","source":"/private/tmp/nanolang-match-guards-20261009/src_nano/parser.nano","line":4918,"elapsed_seconds":0.000000,"failures":0}
{"event":"shadow-complete","name":"parser_store_return","source":"/private/tmp/nanolang-match-guards-20261009/src_nano/parser.nano","line":4918,"elapsed_seconds":0.000096,"failures":0}
{"event":"shadow-start","name":"parser_store_assert","source":"/private/tmp/nanolang-match-guards-20261009/src_nano/parser.nano","line":5015,"elapsed_seconds":0.000000,"failures":0}
{"event":"shadow-complete","name":"parser_store_assert","source":"/private/tmp/nanolang-match-guards-20261009/src_nano/parser.nano","line":5015,"elapsed_seconds":0.000106,"failures":0}
{"event":"shadow-start","name":"parser_store_block","source":"/private/tmp/nanolang-match-guards-20261009/src_nano/parser.nano","line":5114,"elapsed_seconds":0.000000,"failures":0}
{"event":"shadow-complete","name":"parser_store_block","source":"/private/tmp/nanolang-match-guards-20261009/src_nano/parser.nano","line":5114,"elapsed_seconds":0.000123,"failures":0}
{"event":"shadow-start","name":"parser_wrap_if_in_block","source":"/private/tmp/nanolang-match-guards-20261009/src_nano/parser.nano","line":5127,"elapsed_seconds":0.000000,"failures":0}
{"event":"shadow-complete","name":"parser_wrap_if_in_block","source":"/private/tmp/nanolang-match-guards-20261009/src_nano/parser.nano","line":5127,"elapsed_seconds":0.000105,"failures":0}
{"event":"shadow-start","name":"expr_kind_to_pnode","source":"/private/tmp/nanolang-match-guards-20261009/src_nano/parser.nano","line":5144,"elapsed_seconds":0.000000,"failures":0}
{"event":"shadow-complete","name":"expr_kind_to_pnode","source":"/private/tmp/nanolang-match-guards-20261009/src_nano/parser.nano","line":5144,"elapsed_seconds":0.000117,"failures":0}
{"event":"shadow-start","name":"parser_starts_owned_pattern","source":"/private/tmp/nanolang-match-guards-20261009/src_nano/parser.nano","line":5163,"elapsed_seconds":0.000000,"failures":0}
{"event":"shadow-complete","name":"parser_starts_owned_pattern","source":"/private/tmp/nanolang-match-guards-20261009/src_nano/parser.nano","line":5163,"elapsed_seconds":0.000913,"failures":0}
{"event":"shadow-start","name":"parser_mark_owned","source":"/private/tmp/nanolang-match-guards-20261009/src_nano/parser.nano","line":5179,"elapsed_seconds":0.000000,"failures":0}
{"event":"shadow-complete","name":"parser_mark_owned","source":"/private/tmp/nanolang-match-guards-20261009/src_nano/parser.nano","line":5179,"elapsed_seconds":0.000421,"failures":0}
{"event":"shadow-start","name":"parse_owned_pattern","source":"/private/tmp/nanolang-match-guards-20261009/src_nano/parser.nano","line":5234,"elapsed_seconds":0.000000,"failures":0}
{"event":"shadow-complete","name":"parse_owned_pattern","source":"/private/tmp/nanolang-match-guards-20261009/src_nano/parser.nano","line":5234,"elapsed_seconds":0.006229,"failures":0}
{"event":"shadow-start","name":"parse_block_recursive","source":"/private/tmp/nanolang-match-guards-20261009/src_nano/parser.nano","line":5330,"elapsed_seconds":0.000000,"failures":0}
{"event":"shadow-complete","name":"parse_block_recursive","source":"/private/tmp/nanolang-match-guards-20261009/src_nano/parser.nano","line":5330,"elapsed_seconds":0.628173,"failures":0}
{"event":"shadow-start","name":"parse_block","source":"/private/tmp/nanolang-match-guards-20261009/src_nano/parser.nano","line":5364,"elapsed_seconds":0.000000,"failures":0}
{"event":"shadow-complete","name":"parse_block","source":"/private/tmp/nanolang-match-guards-20261009/src_nano/parser.nano","line":5364,"elapsed_seconds":0.000114,"failures":0}
{"event":"shadow-start","name":"parser_store_unsafe_block","source":"/private/tmp/nanolang-match-guards-20261009/src_nano/parser.nano","line":5459,"elapsed_seconds":0.000000,"failures":0}
{"event":"shadow-complete","name":"parser_store_unsafe_block","source":"/private/tmp/nanolang-match-guards-20261009/src_nano/parser.nano","line":5459,"elapsed_seconds":0.000139,"failures":0}
{"event":"shadow-start","name":"parse_unsafe_block_recursive","source":"/private/tmp/nanolang-match-guards-20261009/src_nano/parser.nano","line":5491,"elapsed_seconds":0.000000,"failures":0}
{"event":"shadow-complete","name":"parse_unsafe_block_recursive","source":"/private/tmp/nanolang-match-guards-20261009/src_nano/parser.nano","line":5491,"elapsed_seconds":0.612068,"failures":0}
{"event":"shadow-start","name":"parse_unsafe_block","source":"/private/tmp/nanolang-match-guards-20261009/src_nano/parser.nano","line":5543,"elapsed_seconds":0.000000,"failures":0}
{"event":"shadow-complete","name":"parse_unsafe_block","source":"/private/tmp/nanolang-match-guards-20261009/src_nano/parser.nano","line":5543,"elapsed_seconds":0.000120,"failures":0}
{"event":"shadow-start","name":"parse_let_body","source":"/private/tmp/nanolang-match-guards-20261009/src_nano/parser.nano","line":5547,"elapsed_seconds":0.000000,"failures":0}
{"event":"shadow-complete","name":"parse_let_body","source":"/private/tmp/nanolang-match-guards-20261009/src_nano/parser.nano","line":5547,"elapsed_seconds":0.000095,"failures":0}
{"event":"shadow-start","name":"parse_tuple_destructure","source":"/private/tmp/nanolang-match-guards-20261009/src_nano/parser.nano","line":5708,"elapsed_seconds":0.000000,"failures":0}
{"event":"shadow-complete","name":"parse_tuple_destructure","source":"/private/tmp/nanolang-match-guards-20261009/src_nano/parser.nano","line":5708,"elapsed_seconds":0.000105,"failures":0}
{"event":"shadow-start","name":"parse_let_statement","source":"/private/tmp/nanolang-match-guards-20261009/src_nano/parser.nano","line":5743,"elapsed_seconds":0.000000,"failures":0}
{"event":"shadow-complete","name":"parse_let_statement","source":"/private/tmp/nanolang-match-guards-20261009/src_nano/parser.nano","line":5743,"elapsed_seconds":0.000124,"failures":0}
{"event":"shadow-start","name":"parse_if_statement","source":"/private/tmp/nanolang-match-guards-20261009/src_nano/parser.nano","line":5818,"elapsed_seconds":0.000000,"failures":0}
{"event":"shadow-complete","name":"parse_if_statement","source":"/private/tmp/nanolang-match-guards-20261009/src_nano/parser.nano","line":5818,"elapsed_seconds":0.000116,"failures":0}
{"event":"shadow-start","name":"parse_while_statement","source":"/private/tmp/nanolang-match-guards-20261009/src_nano/parser.nano","line":5853,"elapsed_seconds":0.000000,"failures":0}
{"event":"shadow-complete","name":"parse_while_statement","source":"/private/tmp/nanolang-match-guards-20261009/src_nano/parser.nano","line":5853,"elapsed_seconds":0.000106,"failures":0}
{"event":"shadow-start","name":"parse_return_statement","source":"/private/tmp/nanolang-match-guards-20261009/src_nano/parser.nano","line":5893,"elapsed_seconds":0.000000,"failures":0}
{"event":"shadow-complete","name":"parse_return_statement","source":"/private/tmp/nanolang-match-guards-20261009/src_nano/parser.nano","line":5893,"elapsed_seconds":0.000102,"failures":0}
{"event":"shadow-start","name":"parse_assert_statement","source":"/private/tmp/nanolang-match-guards-20261009/src_nano/parser.nano","line":5915,"elapsed_seconds":0.000000,"failures":0}
{"event":"shadow-complete","name":"parse_assert_statement","source":"/private/tmp/nanolang-match-guards-20261009/src_nano/parser.nano","line":5915,"elapsed_seconds":0.000109,"failures":0}
{"event":"shadow-start","name":"parse_for_statement","source":"/private/tmp/nanolang-match-guards-20261009/src_nano/parser.nano","line":5976,"elapsed_seconds":0.000000,"failures":0}
{"event":"shadow-complete","name":"parse_for_statement","source":"/private/tmp/nanolang-match-guards-20261009/src_nano/parser.nano","line":5976,"elapsed_seconds":0.000093,"failures":0}
{"event":"shadow-start","name":"parser_with_node","source":"/private/tmp/nanolang-match-guards-20261009/src_nano/parser.nano","line":6063,"elapsed_seconds":0.000000,"failures":0}
{"event":"shadow-complete","name":"parser_with_node","source":"/private/tmp/nanolang-match-guards-20261009/src_nano/parser.nano","line":6063,"elapsed_seconds":0.000366,"failures":0}
{"event":"shadow-start","name":"parser_with_statement","source":"/private/tmp/nanolang-match-guards-20261009/src_nano/parser.nano","line":6072,"elapsed_seconds":0.000000,"failures":0}
{"event":"shadow-complete","name":"parser_with_statement","source":"/private/tmp/nanolang-match-guards-20261009/src_nano/parser.nano","line":6072,"elapsed_seconds":0.000358,"failures":0}
{"event":"shadow-start","name":"parser_mark_passive","source":"/private/tmp/nanolang-match-guards-20261009/src_nano/parser.nano","line":6088,"elapsed_seconds":0.000000,"failures":0}
{"event":"shadow-complete","name":"parser_mark_passive","source":"/private/tmp/nanolang-match-guards-20261009/src_nano/parser.nano","line":6088,"elapsed_seconds":0.007659,"failures":0}
{"event":"shadow-start","name":"parser_mark_par","source":"/private/tmp/nanolang-match-guards-20261009/src_nano/parser.nano","line":6099,"elapsed_seconds":0.000000,"failures":0}
{"event":"shadow-complete","name":"parser_mark_par","source":"/private/tmp/nanolang-match-guards-20261009/src_nano/parser.nano","line":6099,"elapsed_seconds":0.007558,"failures":0}
{"event":"shadow-start","name":"parse_statement","source":"/private/tmp/nanolang-match-guards-20261009/src_nano/parser.nano","line":6195,"elapsed_seconds":0.000000,"failures":0}
{"event":"shadow-complete","name":"parse_statement","source":"/private/tmp/nanolang-match-guards-20261009/src_nano/parser.nano","line":6195,"elapsed_seconds":0.000107,"failures":0}
{"event":"shadow-start","name":"parser_mark_lambda","source":"/private/tmp/nanolang-match-guards-20261009/src_nano/parser.nano","line":6214,"elapsed_seconds":0.000000,"failures":0}
{"event":"shadow-complete","name":"parser_mark_lambda","source":"/private/tmp/nanolang-match-guards-20261009/src_nano/parser.nano","line":6214,"elapsed_seconds":0.000544,"failures":0}
{"event":"shadow-start","name":"parser_lambda_function","source":"/private/tmp/nanolang-match-guards-20261009/src_nano/parser.nano","line":6233,"elapsed_seconds":0.000000,"failures":0}
{"event":"shadow-complete","name":"parser_lambda_function","source":"/private/tmp/nanolang-match-guards-20261009/src_nano/parser.nano","line":6233,"elapsed_seconds":0.009181,"failures":0}
{"event":"shadow-start","name":"parser_mark_pure","source":"/private/tmp/nanolang-match-guards-20261009/src_nano/parser.nano","line":6262,"elapsed_seconds":0.000000,"failures":0}
{"event":"shadow-complete","name":"parser_mark_pure","source":"/private/tmp/nanolang-match-guards-20261009/src_nano/parser.nano","line":6262,"elapsed_seconds":0.000516,"failures":0}
{"event":"shadow-start","name":"parser_store_function","source":"/private/tmp/nanolang-match-guards-20261009/src_nano/parser.nano","line":6367,"elapsed_seconds":0.000000,"failures":0}
{"event":"shadow-complete","name":"parser_store_function","source":"/private/tmp/nanolang-match-guards-20261009/src_nano/parser.nano","line":6367,"elapsed_seconds":0.000118,"failures":0}
{"event":"shadow-start","name":"parser_store_struct","source":"/private/tmp/nanolang-match-guards-20261009/src_nano/parser.nano","line":6470,"elapsed_seconds":0.000000,"failures":0}
{"event":"shadow-complete","name":"parser_store_struct","source":"/private/tmp/nanolang-match-guards-20261009/src_nano/parser.nano","line":6470,"elapsed_seconds":0.000422,"failures":0}
{"event":"shadow-start","name":"parser_store_enum","source":"/private/tmp/nanolang-match-guards-20261009/src_nano/parser.nano","line":6576,"elapsed_seconds":0.000000,"failures":0}
{"event":"shadow-complete","name":"parser_store_enum","source":"/private/tmp/nanolang-match-guards-20261009/src_nano/parser.nano","line":6576,"elapsed_seconds":0.000419,"failures":0}
{"event":"shadow-start","name":"parser_store_union","source":"/private/tmp/nanolang-match-guards-20261009/src_nano/parser.nano","line":6686,"elapsed_seconds":0.000000,"failures":0}
{"event":"shadow-complete","name":"parser_store_union","source":"/private/tmp/nanolang-match-guards-20261009/src_nano/parser.nano","line":6686,"elapsed_seconds":0.000108,"failures":0}
{"event":"shadow-start","name":"parse_parameter_type","source":"/private/tmp/nanolang-match-guards-20261009/src_nano/parser.nano","line":7193,"elapsed_seconds":0.000000,"failures":0}
{"event":"shadow-complete","name":"parse_parameter_type","source":"/private/tmp/nanolang-match-guards-20261009/src_nano/parser.nano","line":7193,"elapsed_seconds":0.003055,"failures":0}
{"event":"shadow-start","name":"parse_function_params","source":"/private/tmp/nanolang-match-guards-20261009/src_nano/parser.nano","line":7284,"elapsed_seconds":0.000000,"failures":0}
{"event":"shadow-complete","name":"parse_function_params","source":"/private/tmp/nanolang-match-guards-20261009/src_nano/parser.nano","line":7284,"elapsed_seconds":0.000659,"failures":0}
{"event":"shadow-start","name":"parse_extern_function_definition","source":"/private/tmp/nanolang-match-guards-20261009/src_nano/parser.nano","line":7347,"elapsed_seconds":0.000000,"failures":0}
{"event":"shadow-complete","name":"parse_extern_function_definition","source":"/private/tmp/nanolang-match-guards-20261009/src_nano/parser.nano","line":7347,"elapsed_seconds":0.002140,"failures":0}
{"event":"shadow-start","name":"parse_function_definition","source":"/private/tmp/nanolang-match-guards-20261009/src_nano/parser.nano","line":7526,"elapsed_seconds":0.000000,"failures":0}
{"event":"shadow-complete","name":"parse_function_definition","source":"/private/tmp/nanolang-match-guards-20261009/src_nano/parser.nano","line":7526,"elapsed_seconds":0.000132,"failures":0}
{"event":"shadow-start","name":"parse_struct_fields","source":"/private/tmp/nanolang-match-guards-20261009/src_nano/parser.nano","line":7595,"elapsed_seconds":0.000000,"failures":0}
{"event":"shadow-complete","name":"parse_struct_fields","source":"/private/tmp/nanolang-match-guards-20261009/src_nano/parser.nano","line":7595,"elapsed_seconds":0.006318,"failures":0}
{"event":"shadow-start","name":"parse_struct_definition","source":"/private/tmp/nanolang-match-guards-20261009/src_nano/parser.nano","line":7654,"elapsed_seconds":0.000000,"failures":0}
{"event":"shadow-complete","name":"parse_struct_definition","source":"/private/tmp/nanolang-match-guards-20261009/src_nano/parser.nano","line":7654,"elapsed_seconds":0.006139,"failures":0}
{"event":"shadow-start","name":"parse_enum_variants","source":"/private/tmp/nanolang-match-guards-20261009/src_nano/parser.nano","line":7731,"elapsed_seconds":0.000000,"failures":0}
{"event":"shadow-complete","name":"parse_enum_variants","source":"/private/tmp/nanolang-match-guards-20261009/src_nano/parser.nano","line":7731,"elapsed_seconds":0.005078,"failures":0}
{"event":"shadow-start","name":"parse_enum_definition","source":"/private/tmp/nanolang-match-guards-20261009/src_nano/parser.nano","line":7782,"elapsed_seconds":0.000000,"failures":0}
{"event":"shadow-complete","name":"parse_enum_definition","source":"/private/tmp/nanolang-match-guards-20261009/src_nano/parser.nano","line":7782,"elapsed_seconds":0.000117,"failures":0}
{"event":"shadow-start","name":"parse_union_variants","source":"/private/tmp/nanolang-match-guards-20261009/src_nano/parser.nano","line":7916,"elapsed_seconds":0.000000,"failures":0}
{"event":"shadow-complete","name":"parse_union_variants","source":"/private/tmp/nanolang-match-guards-20261009/src_nano/parser.nano","line":7916,"elapsed_seconds":0.000123,"failures":0}
{"event":"shadow-start","name":"parse_union_definition","source":"/private/tmp/nanolang-match-guards-20261009/src_nano/parser.nano","line":7987,"elapsed_seconds":0.000000,"failures":0}
{"event":"shadow-complete","name":"parse_union_definition","source":"/private/tmp/nanolang-match-guards-20261009/src_nano/parser.nano","line":7987,"elapsed_seconds":0.000112,"failures":0}
{"event":"shadow-start","name":"parse_module_import","source":"/private/tmp/nanolang-match-guards-20261009/src_nano/parser.nano","line":8078,"elapsed_seconds":0.000000,"failures":0}
{"event":"shadow-complete","name":"parse_module_import","source":"/private/tmp/nanolang-match-guards-20261009/src_nano/parser.nano","line":8078,"elapsed_seconds":0.000116,"failures":0}
{"event":"shadow-start","name":"parse_import","source":"/private/tmp/nanolang-match-guards-20261009/src_nano/parser.nano","line":8082,"elapsed_seconds":0.000000,"failures":0}
{"event":"shadow-complete","name":"parse_import","source":"/private/tmp/nanolang-match-guards-20261009/src_nano/parser.nano","line":8082,"elapsed_seconds":0.000103,"failures":0}
{"event":"shadow-start","name":"parse_from_import","source":"/private/tmp/nanolang-match-guards-20261009/src_nano/parser.nano","line":8171,"elapsed_seconds":0.000000,"failures":0}
{"event":"shadow-complete","name":"parse_from_import","source":"/private/tmp/nanolang-match-guards-20261009/src_nano/parser.nano","line":8171,"elapsed_seconds":0.000104,"failures":0}
{"event":"shadow-start","name":"parse_opaque_type","source":"/private/tmp/nanolang-match-guards-20261009/src_nano/parser.nano","line":8206,"elapsed_seconds":0.000000,"failures":0}
{"event":"shadow-complete","name":"parse_opaque_type","source":"/private/tmp/nanolang-match-guards-20261009/src_nano/parser.nano","line":8206,"elapsed_seconds":0.000092,"failures":0}
{"event":"shadow-start","name":"parse_shadow","source":"/private/tmp/nanolang-match-guards-20261009/src_nano/parser.nano","line":8235,"elapsed_seconds":0.000000,"failures":0}
{"event":"shadow-complete","name":"parse_shadow","source":"/private/tmp/nanolang-match-guards-20261009/src_nano/parser.nano","line":8235,"elapsed_seconds":0.000087,"failures":0}
{"event":"shadow-start","name":"parser_public_let","source":"/private/tmp/nanolang-match-guards-20261009/src_nano/parser.nano","line":8330,"elapsed_seconds":0.000000,"failures":0}
{"event":"shadow-complete","name":"parser_public_let","source":"/private/tmp/nanolang-match-guards-20261009/src_nano/parser.nano","line":8330,"elapsed_seconds":0.002705,"failures":0}
{"event":"shadow-start","name":"parse_definition","source":"/private/tmp/nanolang-match-guards-20261009/src_nano/parser.nano","line":8476,"elapsed_seconds":0.000000,"failures":0}
{"event":"shadow-complete","name":"parse_definition","source":"/private/tmp/nanolang-match-guards-20261009/src_nano/parser.nano","line":8476,"elapsed_seconds":0.005035,"failures":0}
{"event":"shadow-start","name":"parse_program","source":"/private/tmp/nanolang-match-guards-20261009/src_nano/parser.nano","line":8518,"elapsed_seconds":0.000000,"failures":0}
{"event":"shadow-complete","name":"parse_program","source":"/private/tmp/nanolang-match-guards-20261009/src_nano/parser.nano","line":8518,"elapsed_seconds":0.002728,"failures":0}
{"event":"shadow-start","name":"create_number_node","source":"/private/tmp/nanolang-match-guards-20261009/src_nano/parser.nano","line":8544,"elapsed_seconds":0.000000,"failures":0}
{"event":"shadow-complete","name":"create_number_node","source":"/private/tmp/nanolang-match-guards-20261009/src_nano/parser.nano","line":8544,"elapsed_seconds":0.000130,"failures":0}
{"event":"shadow-start","name":"create_identifier_node","source":"/private/tmp/nanolang-match-guards-20261009/src_nano/parser.nano","line":8559,"elapsed_seconds":0.000000,"failures":0}
{"event":"shadow-complete","name":"create_identifier_node","source":"/private/tmp/nanolang-match-guards-20261009/src_nano/parser.nano","line":8559,"elapsed_seconds":0.000114,"failures":0}
{"event":"shadow-start","name":"test_parser_structure","source":"/private/tmp/nanolang-match-guards-20261009/src_nano/parser.nano","line":8579,"elapsed_seconds":0.000000,"failures":0}
{"event":"shadow-complete","name":"test_parser_structure","source":"/private/tmp/nanolang-match-guards-20261009/src_nano/parser.nano","line":8579,"elapsed_seconds":0.000361,"failures":0}
{"event":"shadow-start","name":"parser_get_function_count","source":"/private/tmp/nanolang-match-guards-20261009/src_nano/parser.nano","line":8596,"elapsed_seconds":0.000000,"failures":0}
{"event":"shadow-complete","name":"parser_get_function_count","source":"/private/tmp/nanolang-match-guards-20261009/src_nano/parser.nano","line":8596,"elapsed_seconds":0.000471,"failures":0}
{"event":"shadow-start","name":"parser_set_let_var_type","source":"/private/tmp/nanolang-match-guards-20261009/src_nano/parser.nano","line":8638,"elapsed_seconds":0.000000,"failures":0}
{"event":"shadow-complete","name":"parser_set_let_var_type","source":"/private/tmp/nanolang-match-guards-20261009/src_nano/parser.nano","line":8638,"elapsed_seconds":0.003054,"failures":0}
{"event":"shadow-start","name":"parser_get_for","source":"/private/tmp/nanolang-match-guards-20261009/src_nano/parser.nano","line":8733,"elapsed_seconds":0.000000,"failures":0}
{"event":"shadow-complete","name":"parser_get_for","source":"/private/tmp/nanolang-match-guards-20261009/src_nano/parser.nano","line":8733,"elapsed_seconds":0.000600,"failures":0}
{"event":"shadow-start","name":"parser_get_struct_def_count","source":"/private/tmp/nanolang-match-guards-20261009/src_nano/parser.nano","line":8871,"elapsed_seconds":0.000000,"failures":0}
{"event":"shadow-complete","name":"parser_get_struct_def_count","source":"/private/tmp/nanolang-match-guards-20261009/src_nano/parser.nano","line":8871,"elapsed_seconds":0.000390,"failures":0}
{"event":"shadow-start","name":"parser_get_struct_def","source":"/private/tmp/nanolang-match-guards-20261009/src_nano/parser.nano","line":8887,"elapsed_seconds":0.000000,"failures":0}
{"event":"shadow-complete","name":"parser_get_struct_def","source":"/private/tmp/nanolang-match-guards-20261009/src_nano/parser.nano","line":8887,"elapsed_seconds":0.000381,"failures":0}
{"event":"shadow-start","name":"parser_get_enum_count","source":"/private/tmp/nanolang-match-guards-20261009/src_nano/parser.nano","line":8913,"elapsed_seconds":0.000000,"failures":0}
{"event":"shadow-complete","name":"parser_get_enum_count","source":"/private/tmp/nanolang-match-guards-20261009/src_nano/parser.nano","line":8913,"elapsed_seconds":0.000391,"failures":0}
{"event":"shadow-start","name":"parser_get_enum","source":"/private/tmp/nanolang-match-guards-20261009/src_nano/parser.nano","line":8925,"elapsed_seconds":0.000000,"failures":0}
{"event":"shadow-complete","name":"parser_get_enum","source":"/private/tmp/nanolang-match-guards-20261009/src_nano/parser.nano","line":8925,"elapsed_seconds":0.000545,"failures":0}
{"event":"shadow-start","name":"parser_get_union_count","source":"/private/tmp/nanolang-match-guards-20261009/src_nano/parser.nano","line":8937,"elapsed_seconds":0.000000,"failures":0}
{"event":"shadow-complete","name":"parser_get_union_count","source":"/private/tmp/nanolang-match-guards-20261009/src_nano/parser.nano","line":8937,"elapsed_seconds":0.000430,"failures":0}
{"event":"shadow-start","name":"parser_get_union","source":"/private/tmp/nanolang-match-guards-20261009/src_nano/parser.nano","line":8954,"elapsed_seconds":0.000000,"failures":0}
{"event":"shadow-complete","name":"parser_get_union","source":"/private/tmp/nanolang-match-guards-20261009/src_nano/parser.nano","line":8954,"elapsed_seconds":0.000392,"failures":0}
{"event":"shadow-start","name":"parser_store_array_literal","source":"/private/tmp/nanolang-match-guards-20261009/src_nano/parser.nano","line":9027,"elapsed_seconds":0.000000,"failures":0}
{"event":"shadow-complete","name":"parser_store_array_literal","source":"/private/tmp/nanolang-match-guards-20261009/src_nano/parser.nano","line":9027,"elapsed_seconds":0.000431,"failures":0}
{"event":"shadow-start","name":"parser_store_field_access","source":"/private/tmp/nanolang-match-guards-20261009/src_nano/parser.nano","line":9034,"elapsed_seconds":0.000000,"failures":0}
{"event":"shadow-complete","name":"parser_store_field_access","source":"/private/tmp/nanolang-match-guards-20261009/src_nano/parser.nano","line":9034,"elapsed_seconds":0.000406,"failures":0}
{"event":"shadow-start","name":"parser_store_float","source":"/private/tmp/nanolang-match-guards-20261009/src_nano/parser.nano","line":9041,"elapsed_seconds":0.000000,"failures":0}
{"event":"shadow-complete","name":"parser_store_float","source":"/private/tmp/nanolang-match-guards-20261009/src_nano/parser.nano","line":9041,"elapsed_seconds":0.000399,"failures":0}
{"event":"shadow-start","name":"parser_store_for","source":"/private/tmp/nanolang-match-guards-20261009/src_nano/parser.nano","line":9048,"elapsed_seconds":0.000000,"failures":0}
{"event":"shadow-complete","name":"parser_store_for","source":"/private/tmp/nanolang-match-guards-20261009/src_nano/parser.nano","line":9048,"elapsed_seconds":0.000423,"failures":0}
{"event":"shadow-start","name":"parser_store_import","source":"/private/tmp/nanolang-match-guards-20261009/src_nano/parser.nano","line":9055,"elapsed_seconds":0.000000,"failures":0}
{"event":"shadow-complete","name":"parser_store_import","source":"/private/tmp/nanolang-match-guards-20261009/src_nano/parser.nano","line":9055,"elapsed_seconds":0.000633,"failures":0}
{"event":"shadow-start","name":"parser_store_match","source":"/private/tmp/nanolang-match-guards-20261009/src_nano/parser.nano","line":9064,"elapsed_seconds":0.000000,"failures":0}
{"event":"shadow-complete","name":"parser_store_match","source":"/private/tmp/nanolang-match-guards-20261009/src_nano/parser.nano","line":9064,"elapsed_seconds":0.000406,"failures":0}
{"event":"shadow-start","name":"parser_store_opaque_type","source":"/private/tmp/nanolang-match-guards-20261009/src_nano/parser.nano","line":9075,"elapsed_seconds":0.000000,"failures":0}
{"event":"shadow-complete","name":"parser_store_opaque_type","source":"/private/tmp/nanolang-match-guards-20261009/src_nano/parser.nano","line":9075,"elapsed_seconds":0.000395,"failures":0}
{"event":"shadow-start","name":"parser_store_shadow","source":"/private/tmp/nanolang-match-guards-20261009/src_nano/parser.nano","line":9082,"elapsed_seconds":0.000000,"failures":0}
{"event":"shadow-complete","name":"parser_store_shadow","source":"/private/tmp/nanolang-match-guards-20261009/src_nano/parser.nano","line":9082,"elapsed_seconds":0.000425,"failures":0}
{"event":"shadow-start","name":"parser_store_struct_literal","source":"/private/tmp/nanolang-match-guards-20261009/src_nano/parser.nano","line":9089,"elapsed_seconds":0.000000,"failures":0}
{"event":"shadow-complete","name":"parser_store_struct_literal","source":"/private/tmp/nanolang-match-guards-20261009/src_nano/parser.nano","line":9089,"elapsed_seconds":0.000423,"failures":0}
{"event":"shadow-start","name":"parser_store_tuple_index","source":"/private/tmp/nanolang-match-guards-20261009/src_nano/parser.nano","line":9102,"elapsed_seconds":0.000000,"failures":0}
{"event":"shadow-complete","name":"parser_store_tuple_index","source":"/private/tmp/nanolang-match-guards-20261009/src_nano/parser.nano","line":9102,"elapsed_seconds":0.000404,"failures":0}
{"event":"shadow-start","name":"parser_store_tuple_literal","source":"/private/tmp/nanolang-match-guards-20261009/src_nano/parser.nano","line":9109,"elapsed_seconds":0.000000,"failures":0}
{"event":"shadow-complete","name":"parser_store_tuple_literal","source":"/private/tmp/nanolang-match-guards-20261009/src_nano/parser.nano","line":9109,"elapsed_seconds":0.000372,"failures":0}
{"event":"shadow-start","name":"parser_store_union_construct","source":"/private/tmp/nanolang-match-guards-20261009/src_nano/parser.nano","line":9120,"elapsed_seconds":0.000000,"failures":0}
{"event":"shadow-complete","name":"parser_store_union_construct","source":"/private/tmp/nanolang-match-guards-20261009/src_nano/parser.nano","line":9120,"elapsed_seconds":0.000383,"failures":0}
{"event":"shadow-start","name":"parser_get_function","source":"/private/tmp/nanolang-match-guards-20261009/src_nano/parser.nano","line":9130,"elapsed_seconds":0.000000,"failures":0}
{"event":"shadow-complete","name":"parser_get_function","source":"/private/tmp/nanolang-match-guards-20261009/src_nano/parser.nano","line":9130,"elapsed_seconds":0.000376,"failures":0}
{"event":"shadow-start","name":"parser_get_let_count","source":"/private/tmp/nanolang-match-guards-20261009/src_nano/parser.nano","line":9137,"elapsed_seconds":0.000000,"failures":0}
{"event":"shadow-complete","name":"parser_get_let_count","source":"/private/tmp/nanolang-match-guards-20261009/src_nano/parser.nano","line":9137,"elapsed_seconds":0.000409,"failures":0}
{"event":"shadow-start","name":"parser_get_let","source":"/private/tmp/nanolang-match-guards-20261009/src_nano/parser.nano","line":9144,"elapsed_seconds":0.000000,"failures":0}
{"event":"shadow-complete","name":"parser_get_let","source":"/private/tmp/nanolang-match-guards-20261009/src_nano/parser.nano","line":9144,"elapsed_seconds":0.000485,"failures":0}
{"event":"shadow-start","name":"parser_get_identifier_count","source":"/private/tmp/nanolang-match-guards-20261009/src_nano/parser.nano","line":9151,"elapsed_seconds":0.000000,"failures":0}
{"event":"shadow-complete","name":"parser_get_identifier_count","source":"/private/tmp/nanolang-match-guards-20261009/src_nano/parser.nano","line":9151,"elapsed_seconds":0.000419,"failures":0}
{"event":"shadow-start","name":"parser_get_identifier","source":"/private/tmp/nanolang-match-guards-20261009/src_nano/parser.nano","line":9158,"elapsed_seconds":0.000000,"failures":0}
{"event":"shadow-complete","name":"parser_get_identifier","source":"/private/tmp/nanolang-match-guards-20261009/src_nano/parser.nano","line":9158,"elapsed_seconds":0.000396,"failures":0}
{"event":"shadow-start","name":"parser_get_number_count","source":"/private/tmp/nanolang-match-guards-20261009/src_nano/parser.nano","line":9165,"elapsed_seconds":0.000000,"failures":0}
{"event":"shadow-complete","name":"parser_get_number_count","source":"/private/tmp/nanolang-match-guards-20261009/src_nano/parser.nano","line":9165,"elapsed_seconds":0.000466,"failures":0}
{"event":"shadow-start","name":"parser_get_number","source":"/private/tmp/nanolang-match-guards-20261009/src_nano/parser.nano","line":9172,"elapsed_seconds":0.000000,"failures":0}
{"event":"shadow-complete","name":"parser_get_number","source":"/private/tmp/nanolang-match-guards-20261009/src_nano/parser.nano","line":9172,"elapsed_seconds":0.000494,"failures":0}
{"event":"shadow-start","name":"parser_get_float_count","source":"/private/tmp/nanolang-match-guards-20261009/src_nano/parser.nano","line":9179,"elapsed_seconds":0.000000,"failures":0}
{"event":"shadow-complete","name":"parser_get_float_count","source":"/private/tmp/nanolang-match-guards-20261009/src_nano/parser.nano","line":9179,"elapsed_seconds":0.000432,"failures":0}
{"event":"shadow-start","name":"parser_get_float","source":"/private/tmp/nanolang-match-guards-20261009/src_nano/parser.nano","line":9186,"elapsed_seconds":0.000000,"failures":0}
{"event":"shadow-complete","name":"parser_get_float","source":"/private/tmp/nanolang-match-guards-20261009/src_nano/parser.nano","line":9186,"elapsed_seconds":0.000405,"failures":0}
{"event":"shadow-start","name":"parser_get_binary_op_count","source":"/private/tmp/nanolang-match-guards-20261009/src_nano/parser.nano","line":9193,"elapsed_seconds":0.000000,"failures":0}
{"event":"shadow-complete","name":"parser_get_binary_op_count","source":"/private/tmp/nanolang-match-guards-20261009/src_nano/parser.nano","line":9193,"elapsed_seconds":0.000511,"failures":0}
{"event":"shadow-start","name":"parser_get_binary_op","source":"/private/tmp/nanolang-match-guards-20261009/src_nano/parser.nano","line":9203,"elapsed_seconds":0.000000,"failures":0}
{"event":"shadow-complete","name":"parser_get_binary_op","source":"/private/tmp/nanolang-match-guards-20261009/src_nano/parser.nano","line":9203,"elapsed_seconds":0.000557,"failures":0}
{"event":"shadow-start","name":"parser_get_return_count","source":"/private/tmp/nanolang-match-guards-20261009/src_nano/parser.nano","line":9213,"elapsed_seconds":0.000000,"failures":0}
{"event":"shadow-complete","name":"parser_get_return_count","source":"/private/tmp/nanolang-match-guards-20261009/src_nano/parser.nano","line":9213,"elapsed_seconds":0.000509,"failures":0}
{"event":"shadow-start","name":"parser_get_return","source":"/private/tmp/nanolang-match-guards-20261009/src_nano/parser.nano","line":9221,"elapsed_seconds":0.000000,"failures":0}
{"event":"shadow-complete","name":"parser_get_return","source":"/private/tmp/nanolang-match-guards-20261009/src_nano/parser.nano","line":9221,"elapsed_seconds":0.000497,"failures":0}
{"event":"shadow-start","name":"parser_get_block_count","source":"/private/tmp/nanolang-match-guards-20261009/src_nano/parser.nano","line":9229,"elapsed_seconds":0.000000,"failures":0}
{"event":"shadow-complete","name":"parser_get_block_count","source":"/private/tmp/nanolang-match-guards-20261009/src_nano/parser.nano","line":9229,"elapsed_seconds":0.000499,"failures":0}
{"event":"shadow-start","name":"parser_get_block","source":"/private/tmp/nanolang-match-guards-20261009/src_nano/parser.nano","line":9237,"elapsed_seconds":0.000000,"failures":0}
{"event":"shadow-complete","name":"parser_get_block","source":"/private/tmp/nanolang-match-guards-20261009/src_nano/parser.nano","line":9237,"elapsed_seconds":0.000413,"failures":0}
{"event":"shadow-start","name":"parser_get_if_count","source":"/private/tmp/nanolang-match-guards-20261009/src_nano/parser.nano","line":9245,"elapsed_seconds":0.000000,"failures":0}
{"event":"shadow-complete","name":"parser_get_if_count","source":"/private/tmp/nanolang-match-guards-20261009/src_nano/parser.nano","line":9245,"elapsed_seconds":0.000637,"failures":0}
{"event":"shadow-start","name":"parser_get_if","source":"/private/tmp/nanolang-match-guards-20261009/src_nano/parser.nano","line":9256,"elapsed_seconds":0.000000,"failures":0}
{"event":"shadow-complete","name":"parser_get_if","source":"/private/tmp/nanolang-match-guards-20261009/src_nano/parser.nano","line":9256,"elapsed_seconds":0.000549,"failures":0}
{"event":"shadow-start","name":"parser_get_while_count","source":"/private/tmp/nanolang-match-guards-20261009/src_nano/parser.nano","line":9267,"elapsed_seconds":0.000000,"failures":0}
{"event":"shadow-complete","name":"parser_get_while_count","source":"/private/tmp/nanolang-match-guards-20261009/src_nano/parser.nano","line":9267,"elapsed_seconds":0.000633,"failures":0}
{"event":"shadow-start","name":"parser_get_while","source":"/private/tmp/nanolang-match-guards-20261009/src_nano/parser.nano","line":9278,"elapsed_seconds":0.000000,"failures":0}
{"event":"shadow-complete","name":"parser_get_while","source":"/private/tmp/nanolang-match-guards-20261009/src_nano/parser.nano","line":9278,"elapsed_seconds":0.000588,"failures":0}
{"event":"shadow-start","name":"parser_get_unsafe_block","source":"/private/tmp/nanolang-match-guards-20261009/src_nano/parser.nano","line":9289,"elapsed_seconds":0.000000,"failures":0}
{"event":"shadow-complete","name":"parser_get_unsafe_block","source":"/private/tmp/nanolang-match-guards-20261009/src_nano/parser.nano","line":9289,"elapsed_seconds":0.000394,"failures":0}
{"event":"shadow-start","name":"parser_get_call_count","source":"/private/tmp/nanolang-match-guards-20261009/src_nano/parser.nano","line":9297,"elapsed_seconds":0.000000,"failures":0}
{"event":"shadow-complete","name":"parser_get_call_count","source":"/private/tmp/nanolang-match-guards-20261009/src_nano/parser.nano","line":9297,"elapsed_seconds":0.000561,"failures":0}
{"event":"shadow-start","name":"parser_get_call","source":"/private/tmp/nanolang-match-guards-20261009/src_nano/parser.nano","line":9306,"elapsed_seconds":0.000000,"failures":0}
{"event":"shadow-complete","name":"parser_get_call","source":"/private/tmp/nanolang-match-guards-20261009/src_nano/parser.nano","line":9306,"elapsed_seconds":0.000526,"failures":0}
{"event":"shadow-start","name":"parser_get_module_qualified_call_count","source":"/private/tmp/nanolang-match-guards-20261009/src_nano/parser.nano","line":9315,"elapsed_seconds":0.000000,"failures":0}
{"event":"shadow-complete","name":"parser_get_module_qualified_call_count","source":"/private/tmp/nanolang-match-guards-20261009/src_nano/parser.nano","line":9315,"elapsed_seconds":0.000461,"failures":0}
{"event":"shadow-start","name":"parser_get_module_qualified_call","source":"/private/tmp/nanolang-match-guards-20261009/src_nano/parser.nano","line":9322,"elapsed_seconds":0.000000,"failures":0}
{"event":"shadow-complete","name":"parser_get_module_qualified_call","source":"/private/tmp/nanolang-match-guards-20261009/src_nano/parser.nano","line":9322,"elapsed_seconds":0.000417,"failures":0}
{"event":"shadow-start","name":"parser_get_call_arg_count","source":"/private/tmp/nanolang-match-guards-20261009/src_nano/parser.nano","line":9329,"elapsed_seconds":0.000000,"failures":0}
{"event":"shadow-complete","name":"parser_get_call_arg_count","source":"/private/tmp/nanolang-match-guards-20261009/src_nano/parser.nano","line":9329,"elapsed_seconds":0.000426,"failures":0}
{"event":"shadow-start","name":"parser_get_call_arg","source":"/private/tmp/nanolang-match-guards-20261009/src_nano/parser.nano","line":9336,"elapsed_seconds":0.000000,"failures":0}
{"event":"shadow-complete","name":"parser_get_call_arg","source":"/private/tmp/nanolang-match-guards-20261009/src_nano/parser.nano","line":9336,"elapsed_seconds":0.000421,"failures":0}
{"event":"shadow-start","name":"parser_get_set_count","source":"/private/tmp/nanolang-match-guards-20261009/src_nano/parser.nano","line":9343,"elapsed_seconds":0.000000,"failures":0}
{"event":"shadow-complete","name":"parser_get_set_count","source":"/private/tmp/nanolang-match-guards-20261009/src_nano/parser.nano","line":9343,"elapsed_seconds":0.000552,"failures":0}
{"event":"shadow-start","name":"parser_get_set","source":"/private/tmp/nanolang-match-guards-20261009/src_nano/parser.nano","line":9351,"elapsed_seconds":0.000000,"failures":0}
{"event":"shadow-complete","name":"parser_get_set","source":"/private/tmp/nanolang-match-guards-20261009/src_nano/parser.nano","line":9351,"elapsed_seconds":0.000486,"failures":0}
{"event":"shadow-start","name":"parser_get_string_count","source":"/private/tmp/nanolang-match-guards-20261009/src_nano/parser.nano","line":9359,"elapsed_seconds":0.000000,"failures":0}
{"event":"shadow-complete","name":"parser_get_string_count","source":"/private/tmp/nanolang-match-guards-20261009/src_nano/parser.nano","line":9359,"elapsed_seconds":0.000464,"failures":0}
{"event":"shadow-start","name":"parser_get_string","source":"/private/tmp/nanolang-match-guards-20261009/src_nano/parser.nano","line":9366,"elapsed_seconds":0.000000,"failures":0}
{"event":"shadow-complete","name":"parser_get_string","source":"/private/tmp/nanolang-match-guards-20261009/src_nano/parser.nano","line":9366,"elapsed_seconds":0.000408,"failures":0}
{"event":"shadow-start","name":"parser_get_bool_count","source":"/private/tmp/nanolang-match-guards-20261009/src_nano/parser.nano","line":9373,"elapsed_seconds":0.000000,"failures":0}
{"event":"shadow-complete","name":"parser_get_bool_count","source":"/private/tmp/nanolang-match-guards-20261009/src_nano/parser.nano","line":9373,"elapsed_seconds":0.000456,"failures":0}
{"event":"shadow-start","name":"parser_get_bool","source":"/private/tmp/nanolang-match-guards-20261009/src_nano/parser.nano","line":9380,"elapsed_seconds":0.000000,"failures":0}
{"event":"shadow-complete","name":"parser_get_bool","source":"/private/tmp/nanolang-match-guards-20261009/src_nano/parser.nano","line":9380,"elapsed_seconds":0.000454,"failures":0}
{"event":"shadow-start","name":"parser_get_assert_count","source":"/private/tmp/nanolang-match-guards-20261009/src_nano/parser.nano","line":9387,"elapsed_seconds":0.000000,"failures":0}
{"event":"shadow-complete","name":"parser_get_assert_count","source":"/private/tmp/nanolang-match-guards-20261009/src_nano/parser.nano","line":9387,"elapsed_seconds":0.000531,"failures":0}
{"event":"shadow-start","name":"parser_get_assert","source":"/private/tmp/nanolang-match-guards-20261009/src_nano/parser.nano","line":9395,"elapsed_seconds":0.000000,"failures":0}
{"event":"shadow-complete","name":"parser_get_assert","source":"/private/tmp/nanolang-match-guards-20261009/src_nano/parser.nano","line":9395,"elapsed_seconds":0.000505,"failures":0}
{"event":"shadow-start","name":"parser_get_field_access_count","source":"/private/tmp/nanolang-match-guards-20261009/src_nano/parser.nano","line":9403,"elapsed_seconds":0.000000,"failures":0}
{"event":"shadow-complete","name":"parser_get_field_access_count","source":"/private/tmp/nanolang-match-guards-20261009/src_nano/parser.nano","line":9403,"elapsed_seconds":0.000463,"failures":0}
{"event":"shadow-start","name":"parser_get_field_access","source":"/private/tmp/nanolang-match-guards-20261009/src_nano/parser.nano","line":9410,"elapsed_seconds":0.000000,"failures":0}
{"event":"shadow-complete","name":"parser_get_field_access","source":"/private/tmp/nanolang-match-guards-20261009/src_nano/parser.nano","line":9410,"elapsed_seconds":0.000471,"failures":0}
{"event":"shadow-start","name":"parser_get_array_literal_count","source":"/private/tmp/nanolang-match-guards-20261009/src_nano/parser.nano","line":9417,"elapsed_seconds":0.000000,"failures":0}
{"event":"shadow-complete","name":"parser_get_array_literal_count","source":"/private/tmp/nanolang-match-guards-20261009/src_nano/parser.nano","line":9417,"elapsed_seconds":0.000403,"failures":0}
{"event":"shadow-start","name":"parser_get_array_literal","source":"/private/tmp/nanolang-match-guards-20261009/src_nano/parser.nano","line":9424,"elapsed_seconds":0.000000,"failures":0}
{"event":"shadow-complete","name":"parser_get_array_literal","source":"/private/tmp/nanolang-match-guards-20261009/src_nano/parser.nano","line":9424,"elapsed_seconds":0.000424,"failures":0}
{"event":"shadow-start","name":"parser_set_array_literal_element_type","source":"/private/tmp/nanolang-match-guards-20261009/src_nano/parser.nano","line":9431,"elapsed_seconds":0.000000,"failures":0}
{"event":"shadow-complete","name":"parser_set_array_literal_element_type","source":"/private/tmp/nanolang-match-guards-20261009/src_nano/parser.nano","line":9431,"elapsed_seconds":0.000424,"failures":0}
{"event":"shadow-start","name":"parser_get_array_element_count","source":"/private/tmp/nanolang-match-guards-20261009/src_nano/parser.nano","line":9439,"elapsed_seconds":0.000000,"failures":0}
{"event":"shadow-complete","name":"parser_get_array_element_count","source":"/private/tmp/nanolang-match-guards-20261009/src_nano/parser.nano","line":9439,"elapsed_seconds":0.000425,"failures":0}
{"event":"shadow-start","name":"parser_get_array_element","source":"/private/tmp/nanolang-match-guards-20261009/src_nano/parser.nano","line":9446,"elapsed_seconds":0.000000,"failures":0}
{"event":"shadow-complete","name":"parser_get_array_element","source":"/private/tmp/nanolang-match-guards-20261009/src_nano/parser.nano","line":9446,"elapsed_seconds":0.000442,"failures":0}
{"event":"shadow-start","name":"parser_get_struct_literal_count","source":"/private/tmp/nanolang-match-guards-20261009/src_nano/parser.nano","line":9453,"elapsed_seconds":0.000000,"failures":0}
{"event":"shadow-complete","name":"parser_get_struct_literal_count","source":"/private/tmp/nanolang-match-guards-20261009/src_nano/parser.nano","line":9453,"elapsed_seconds":0.000469,"failures":0}
{"event":"shadow-start","name":"parser_get_struct_literal","source":"/private/tmp/nanolang-match-guards-20261009/src_nano/parser.nano","line":9466,"elapsed_seconds":0.000000,"failures":0}
{"event":"shadow-complete","name":"parser_get_struct_literal","source":"/private/tmp/nanolang-match-guards-20261009/src_nano/parser.nano","line":9466,"elapsed_seconds":0.000424,"failures":0}
{"event":"shadow-start","name":"parser_get_union_construct_count","source":"/private/tmp/nanolang-match-guards-20261009/src_nano/parser.nano","line":9479,"elapsed_seconds":0.000000,"failures":0}
{"event":"shadow-complete","name":"parser_get_union_construct_count","source":"/private/tmp/nanolang-match-guards-20261009/src_nano/parser.nano","line":9479,"elapsed_seconds":0.000420,"failures":0}
{"event":"shadow-start","name":"parser_get_union_construct","source":"/private/tmp/nanolang-match-guards-20261009/src_nano/parser.nano","line":9489,"elapsed_seconds":0.000000,"failures":0}
{"event":"shadow-complete","name":"parser_get_union_construct","source":"/private/tmp/nanolang-match-guards-20261009/src_nano/parser.nano","line":9489,"elapsed_seconds":0.000492,"failures":0}
{"event":"shadow-start","name":"parser_get_match_count","source":"/private/tmp/nanolang-match-guards-20261009/src_nano/parser.nano","line":9499,"elapsed_seconds":0.000000,"failures":0}
{"event":"shadow-complete","name":"parser_get_match_count","source":"/private/tmp/nanolang-match-guards-20261009/src_nano/parser.nano","line":9499,"elapsed_seconds":0.000375,"failures":0}
{"event":"shadow-start","name":"parser_get_match","source":"/private/tmp/nanolang-match-guards-20261009/src_nano/parser.nano","line":9510,"elapsed_seconds":0.000000,"failures":0}
{"event":"shadow-complete","name":"parser_get_match","source":"/private/tmp/nanolang-match-guards-20261009/src_nano/parser.nano","line":9510,"elapsed_seconds":0.000403,"failures":0}
{"event":"shadow-start","name":"parser_get_tuple_literal_count","source":"/private/tmp/nanolang-match-guards-20261009/src_nano/parser.nano","line":9521,"elapsed_seconds":0.000000,"failures":0}
{"event":"shadow-complete","name":"parser_get_tuple_literal_count","source":"/private/tmp/nanolang-match-guards-20261009/src_nano/parser.nano","line":9521,"elapsed_seconds":0.000392,"failures":0}
{"event":"shadow-start","name":"parser_get_tuple_literal","source":"/private/tmp/nanolang-match-guards-20261009/src_nano/parser.nano","line":9532,"elapsed_seconds":0.000000,"failures":0}
{"event":"shadow-complete","name":"parser_get_tuple_literal","source":"/private/tmp/nanolang-match-guards-20261009/src_nano/parser.nano","line":9532,"elapsed_seconds":0.000379,"failures":0}
{"event":"shadow-start","name":"parser_get_tuple_index_count","source":"/private/tmp/nanolang-match-guards-20261009/src_nano/parser.nano","line":9543,"elapsed_seconds":0.000000,"failures":0}
{"event":"shadow-complete","name":"parser_get_tuple_index_count","source":"/private/tmp/nanolang-match-guards-20261009/src_nano/parser.nano","line":9543,"elapsed_seconds":0.000391,"failures":0}
{"event":"shadow-start","name":"parser_get_tuple_index","source":"/private/tmp/nanolang-match-guards-20261009/src_nano/parser.nano","line":9550,"elapsed_seconds":0.000000,"failures":0}
{"event":"shadow-complete","name":"parser_get_tuple_index","source":"/private/tmp/nanolang-match-guards-20261009/src_nano/parser.nano","line":9550,"elapsed_seconds":0.000379,"failures":0}
{"event":"shadow-start","name":"parser_get_import_count","source":"/private/tmp/nanolang-match-guards-20261009/src_nano/parser.nano","line":9557,"elapsed_seconds":0.000000,"failures":0}
{"event":"shadow-complete","name":"parser_get_import_count","source":"/private/tmp/nanolang-match-guards-20261009/src_nano/parser.nano","line":9557,"elapsed_seconds":0.000619,"failures":0}
{"event":"shadow-start","name":"parser_get_import","source":"/private/tmp/nanolang-match-guards-20261009/src_nano/parser.nano","line":9566,"elapsed_seconds":0.000000,"failures":0}
{"event":"shadow-complete","name":"parser_get_import","source":"/private/tmp/nanolang-match-guards-20261009/src_nano/parser.nano","line":9566,"elapsed_seconds":0.000570,"failures":0}
{"event":"shadow-start","name":"parse_phase_run","source":"/private/tmp/nanolang-match-guards-20261009/src_nano/parser.nano","line":9619,"elapsed_seconds":0.000000,"failures":0}
{"event":"shadow-complete","name":"parse_phase_run","source":"/private/tmp/nanolang-match-guards-20261009/src_nano/parser.nano","line":9619,"elapsed_seconds":0.058206,"failures":0}
{"event":"shadow-start","name":"parser_service_utf8","source":"/private/tmp/nanolang-match-guards-20261009/src_nano/parser.nano","line":9731,"elapsed_seconds":0.000000,"failures":0}
{"event":"shadow-complete","name":"parser_service_utf8","source":"/private/tmp/nanolang-match-guards-20261009/src_nano/parser.nano","line":9731,"elapsed_seconds":0.000277,"failures":0}
{"event":"shadow-start","name":"parser_store_service","source":"/private/tmp/nanolang-match-guards-20261009/src_nano/parser.nano","line":9746,"elapsed_seconds":0.000000,"failures":0}
{"event":"shadow-complete","name":"parser_store_service","source":"/private/tmp/nanolang-match-guards-20261009/src_nano/parser.nano","line":9746,"elapsed_seconds":0.000655,"failures":0}
{"event":"shadow-start","name":"parse_service_declaration","source":"/private/tmp/nanolang-match-guards-20261009/src_nano/parser.nano","line":9760,"elapsed_seconds":0.000000,"failures":0}
{"event":"shadow-complete","name":"parse_service_declaration","source":"/private/tmp/nanolang-match-guards-20261009/src_nano/parser.nano","line":9760,"elapsed_seconds":0.007671,"failures":0}
{"event":"shadow-start","name":"parser_get_service_count","source":"/private/tmp/nanolang-match-guards-20261009/src_nano/parser.nano","line":9773,"elapsed_seconds":0.000000,"failures":0}
{"event":"shadow-complete","name":"parser_get_service_count","source":"/private/tmp/nanolang-match-guards-20261009/src_nano/parser.nano","line":9773,"elapsed_seconds":0.000470,"failures":0}
{"event":"shadow-start","name":"parser_get_service","source":"/private/tmp/nanolang-match-guards-20261009/src_nano/parser.nano","line":9780,"elapsed_seconds":0.000000,"failures":0}
{"event":"shadow-complete","name":"parser_get_service","source":"/private/tmp/nanolang-match-guards-20261009/src_nano/parser.nano","line":9780,"elapsed_seconds":0.000401,"failures":0}
{"event":"shadow-start","name":"function_type_parts","source":"/private/tmp/nanolang-match-guards-20261009/src_nano/compiler/function_signature.nano","line":48,"elapsed_seconds":0.000000,"failures":0}
{"event":"shadow-complete","name":"function_type_parts","source":"/private/tmp/nanolang-match-guards-20261009/src_nano/compiler/function_signature.nano","line":48,"elapsed_seconds":0.001443,"failures":0}
{"event":"shadow-start","name":"declaration_local_lets","source":"/private/tmp/nanolang-match-guards-20261009/src_nano/compiler/declaration_ownership.nano","line":41,"elapsed_seconds":0.000000,"failures":0}
{"event":"shadow-complete","name":"declaration_local_lets","source":"/private/tmp/nanolang-match-guards-20261009/src_nano/compiler/declaration_ownership.nano","line":41,"elapsed_seconds":0.023916,"failures":0}
{"event":"shadow-start","name":"nos_reset","source":"/private/tmp/nanolang-match-guards-20261009/src_nano/compiler/owner_selection.nano","line":20,"elapsed_seconds":0.000000,"failures":0}
{"event":"shadow-complete","name":"nos_reset","source":"/private/tmp/nanolang-match-guards-20261009/src_nano/compiler/owner_selection.nano","line":20,"elapsed_seconds":0.000139,"failures":0}
{"event":"shadow-start","name":"nos_scalar","source":"/private/tmp/nanolang-match-guards-20261009/src_nano/compiler/owner_selection.nano","line":33,"elapsed_seconds":0.000000,"failures":0}
{"event":"shadow-complete","name":"nos_scalar","source":"/private/tmp/nanolang-match-guards-20261009/src_nano/compiler/owner_selection.nano","line":33,"elapsed_seconds":0.002979,"failures":0}
{"event":"shadow-start","name":"nos_function","source":"/private/tmp/nanolang-match-guards-20261009/src_nano/compiler/owner_selection.nano","line":52,"elapsed_seconds":0.000000,"failures":0}
{"event":"shadow-complete","name":"nos_function","source":"/private/tmp/nanolang-match-guards-20261009/src_nano/compiler/owner_selection.nano","line":52,"elapsed_seconds":0.007700,"failures":0}
{"event":"shadow-start","name":"nos_bound","source":"/private/tmp/nanolang-match-guards-20261009/src_nano/compiler/owner_selection.nano","line":63,"elapsed_seconds":0.000000,"failures":0}
{"event":"shadow-complete","name":"nos_bound","source":"/private/tmp/nanolang-match-guards-20261009/src_nano/compiler/owner_selection.nano","line":63,"elapsed_seconds":0.000153,"failures":0}
{"event":"shadow-start","name":"nos_bind","source":"/private/tmp/nanolang-match-guards-20261009/src_nano/compiler/owner_selection.nano","line":73,"elapsed_seconds":0.000000,"failures":0}
{"event":"shadow-complete","name":"nos_bind","source":"/private/tmp/nanolang-match-guards-20261009/src_nano/compiler/owner_selection.nano","line":73,"elapsed_seconds":0.000183,"failures":0}
{"event":"shadow-start","name":"nos_scan","source":"/private/tmp/nanolang-match-guards-20261009/src_nano/compiler/owner_selection.nano","line":179,"elapsed_seconds":0.000000,"failures":0}
{"event":"shadow-complete","name":"nos_scan","source":"/private/tmp/nanolang-match-guards-20261009/src_nano/compiler/owner_selection.nano","line":179,"elapsed_seconds":0.011067,"failures":0}
{"event":"shadow-start","name":"nanoisa_selected_ownership","source":"/private/tmp/nanolang-match-guards-20261009/src_nano/compiler/owner_selection.nano","line":261,"elapsed_seconds":0.000000,"failures":0}
{"event":"shadow-complete","name":"nanoisa_selected_ownership","source":"/private/tmp/nanolang-match-guards-20261009/src_nano/compiler/owner_selection.nano","line":261,"elapsed_seconds":0.029057,"failures":0}
{"event":"shadow-start","name":"type_parameter_word_char","source":"/private/tmp/nanolang-match-guards-20261009/src_nano/compiler/type_substitution.nano","line":6,"elapsed_seconds":0.000000,"failures":0}
{"event":"shadow-complete","name":"type_parameter_word_char","source":"/private/tmp/nanolang-match-guards-20261009/src_nano/compiler/type_substitution.nano","line":6,"elapsed_seconds":0.000174,"failures":0}
{"event":"shadow-start","name":"substitute_type_parameters","source":"/private/tmp/nanolang-match-guards-20261009/src_nano/compiler/type_substitution.nano","line":32,"elapsed_seconds":0.000000,"failures":0}
{"event":"shadow-complete","name":"substitute_type_parameters","source":"/private/tmp/nanolang-match-guards-20261009/src_nano/compiler/type_substitution.nano","line":32,"elapsed_seconds":0.000562,"failures":0}
{"event":"shadow-start","name":"mi_identifier","source":"/private/tmp/nanolang-match-guards-20261009/src_nano/compiler/module_introspection.nano","line":27,"elapsed_seconds":0.000000,"failures":0}
{"event":"shadow-complete","name":"mi_identifier","source":"/private/tmp/nanolang-match-guards-20261009/src_nano/compiler/module_introspection.nano","line":27,"elapsed_seconds":0.000178,"failures":0}
{"event":"shadow-start","name":"mi_unique","source":"/private/tmp/nanolang-match-guards-20261009/src_nano/compiler/module_introspection.nano","line":41,"elapsed_seconds":0.000000,"failures":0}
{"event":"shadow-complete","name":"mi_unique","source":"/private/tmp/nanolang-match-guards-20261009/src_nano/compiler/module_introspection.nano","line":41,"elapsed_seconds":0.000138,"failures":0}
{"event":"shadow-start","name":"mi_scan","source":"/private/tmp/nanolang-match-guards-20261009/src_nano/compiler/module_introspection.nano","line":121,"elapsed_seconds":0.000000,"failures":0}
{"event":"shadow-complete","name":"mi_scan","source":"/private/tmp/nanolang-match-guards-20261009/src_nano/compiler/module_introspection.nano","line":121,"elapsed_seconds":0.001199,"failures":0}
{"event":"shadow-start","name":"mi_quote","source":"/private/tmp/nanolang-match-guards-20261009/src_nano/compiler/module_introspection.nano","line":143,"elapsed_seconds":0.000000,"failures":0}
{"event":"shadow-complete","name":"mi_quote","source":"/private/tmp/nanolang-match-guards-20261009/src_nano/compiler/module_introspection.nano","line":143,"elapsed_seconds":0.000193,"failures":0}
{"event":"shadow-start","name":"mi_inventory","source":"/private/tmp/nanolang-match-guards-20261009/src_nano/compiler/module_introspection.nano","line":158,"elapsed_seconds":0.000000,"failures":0}
{"event":"shadow-complete","name":"mi_inventory","source":"/private/tmp/nanolang-match-guards-20261009/src_nano/compiler/module_introspection.nano","line":158,"elapsed_seconds":0.000236,"failures":0}
{"event":"shadow-start","name":"mi_emit","source":"/private/tmp/nanolang-match-guards-20261009/src_nano/compiler/module_introspection.nano","line":177,"elapsed_seconds":0.000000,"failures":0}
{"event":"shadow-complete","name":"mi_emit","source":"/private/tmp/nanolang-match-guards-20261009/src_nano/compiler/module_introspection.nano","line":177,"elapsed_seconds":0.000695,"failures":0}
{"event":"shadow-start","name":"mi_path_name","source":"/private/tmp/nanolang-match-guards-20261009/src_nano/compiler/module_introspection.nano","line":197,"elapsed_seconds":0.000000,"failures":0}
{"event":"shadow-complete","name":"mi_path_name","source":"/private/tmp/nanolang-match-guards-20261009/src_nano/compiler/module_introspection.nano","line":197,"elapsed_seconds":0.000176,"failures":0}
{"event":"shadow-start","name":"mi_capture","source":"/private/tmp/nanolang-match-guards-20261009/src_nano/compiler/module_introspection.nano","line":217,"elapsed_seconds":0.000000,"failures":0}
{"event":"shadow-complete","name":"mi_capture","source":"/private/tmp/nanolang-match-guards-20261009/src_nano/compiler/module_introspection.nano","line":217,"elapsed_seconds":0.002002,"failures":0}
{"event":"shadow-start","name":"mi_fact","source":"/private/tmp/nanolang-match-guards-20261009/src_nano/compiler/module_introspection.nano","line":236,"elapsed_seconds":0.000000,"failures":0}
{"event":"shadow-complete","name":"mi_fact","source":"/private/tmp/nanolang-match-guards-20261009/src_nano/compiler/module_introspection.nano","line":236,"elapsed_seconds":0.001990,"failures":0}
{"event":"shadow-start","name":"mi_reset","source":"/private/tmp/nanolang-match-guards-20261009/src_nano/compiler/module_introspection.nano","line":247,"elapsed_seconds":0.000000,"failures":0}
{"event":"shadow-complete","name":"mi_reset","source":"/private/tmp/nanolang-match-guards-20261009/src_nano/compiler/module_introspection.nano","line":247,"elapsed_seconds":0.001255,"failures":0}
{"event":"shadow-start","name":"mb_header_value","source":"/private/tmp/nanolang-match-guards-20261009/src_nano/compiler/module_bindings.nano","line":27,"elapsed_seconds":0.000000,"failures":0}
{"event":"shadow-complete","name":"mb_header_value","source":"/private/tmp/nanolang-match-guards-20261009/src_nano/compiler/module_bindings.nano","line":27,"elapsed_seconds":0.000229,"failures":0}
{"event":"shadow-start","name":"mb_header_add","source":"/private/tmp/nanolang-match-guards-20261009/src_nano/compiler/module_bindings.nano","line":44,"elapsed_seconds":0.000000,"failures":0}
{"event":"shadow-complete","name":"mb_header_add","source":"/private/tmp/nanolang-match-guards-20261009/src_nano/compiler/module_bindings.nano","line":44,"elapsed_seconds":0.000255,"failures":0}
{"event":"shadow-start","name":"mb_active","source":"/private/tmp/nanolang-match-guards-20261009/src_nano/compiler/module_bindings.nano","line":58,"elapsed_seconds":0.000000,"failures":0}
{"event":"shadow-complete","name":"mb_active","source":"/private/tmp/nanolang-match-guards-20261009/src_nano/compiler/module_bindings.nano","line":58,"elapsed_seconds":0.000172,"failures":0}
{"event":"shadow-start","name":"mb_reset","source":"/private/tmp/nanolang-match-guards-20261009/src_nano/compiler/module_bindings.nano","line":83,"elapsed_seconds":0.000000,"failures":0}
{"event":"shadow-complete","name":"mb_reset","source":"/private/tmp/nanolang-match-guards-20261009/src_nano/compiler/module_bindings.nano","line":83,"elapsed_seconds":0.000190,"failures":0}
{"event":"shadow-start","name":"mb_owner","source":"/private/tmp/nanolang-match-guards-20261009/src_nano/compiler/module_bindings.nano","line":100,"elapsed_seconds":0.000000,"failures":0}
{"event":"shadow-complete","name":"mb_owner","source":"/private/tmp/nanolang-match-guards-20261009/src_nano/compiler/module_bindings.nano","line":100,"elapsed_seconds":0.000382,"failures":0}
{"event":"shadow-start","name":"mb_binding_key","source":"/private/tmp/nanolang-match-guards-20261009/src_nano/compiler/module_bindings.nano","line":112,"elapsed_seconds":0.000000,"failures":0}
{"event":"shadow-complete","name":"mb_binding_key","source":"/private/tmp/nanolang-match-guards-20261009/src_nano/compiler/module_bindings.nano","line":112,"elapsed_seconds":0.000176,"failures":0}
{"event":"shadow-start","name":"mb_binding_index","source":"/private/tmp/nanolang-match-guards-20261009/src_nano/compiler/module_bindings.nano","line":123,"elapsed_seconds":0.000000,"failures":0}
{"event":"shadow-complete","name":"mb_binding_index","source":"/private/tmp/nanolang-match-guards-20261009/src_nano/compiler/module_bindings.nano","line":123,"elapsed_seconds":0.000812,"failures":0}
{"event":"shadow-start","name":"mb_add_target","source":"/private/tmp/nanolang-match-guards-20261009/src_nano/compiler/module_bindings.nano","line":151,"elapsed_seconds":0.000000,"failures":0}
{"event":"shadow-complete","name":"mb_add_target","source":"/private/tmp/nanolang-match-guards-20261009/src_nano/compiler/module_bindings.nano","line":151,"elapsed_seconds":0.000289,"failures":0}
{"event":"shadow-start","name":"mb_import_global","source":"/private/tmp/nanolang-match-guards-20261009/src_nano/compiler/module_bindings.nano","line":177,"elapsed_seconds":0.000000,"failures":0}
{"event":"shadow-complete","name":"mb_import_global","source":"/private/tmp/nanolang-match-guards-20261009/src_nano/compiler/module_bindings.nano","line":177,"elapsed_seconds":0.000781,"failures":0}
{"event":"shadow-start","name":"mb_add","source":"/private/tmp/nanolang-match-guards-20261009/src_nano/compiler/module_bindings.nano","line":197,"elapsed_seconds":0.000000,"failures":0}
{"event":"shadow-complete","name":"mb_add","source":"/private/tmp/nanolang-match-guards-20261009/src_nano/compiler/module_bindings.nano","line":197,"elapsed_seconds":0.000324,"failures":0}
{"event":"shadow-start","name":"mb_lookup","source":"/private/tmp/nanolang-match-guards-20261009/src_nano/compiler/module_bindings.nano","line":212,"elapsed_seconds":0.000000,"failures":0}
{"event":"shadow-complete","name":"mb_lookup","source":"/private/tmp/nanolang-match-guards-20261009/src_nano/compiler/module_bindings.nano","line":212,"elapsed_seconds":0.000471,"failures":0}
{"event":"shadow-start","name":"mb_resolve","source":"/private/tmp/nanolang-match-guards-20261009/src_nano/compiler/module_bindings.nano","line":231,"elapsed_seconds":0.000000,"failures":0}
{"event":"shadow-complete","name":"mb_resolve","source":"/private/tmp/nanolang-match-guards-20261009/src_nano/compiler/module_bindings.nano","line":231,"elapsed_seconds":0.000344,"failures":0}
{"event":"shadow-start","name":"mb_target_owner","source":"/private/tmp/nanolang-match-guards-20261009/src_nano/compiler/module_bindings.nano","line":246,"elapsed_seconds":0.000000,"failures":0}
{"event":"shadow-complete","name":"mb_target_owner","source":"/private/tmp/nanolang-match-guards-20261009/src_nano/compiler/module_bindings.nano","line":246,"elapsed_seconds":0.000328,"failures":0}
{"event":"shadow-start","name":"mb_set_sources","source":"/private/tmp/nanolang-match-guards-20261009/src_nano/compiler/module_bindings.nano","line":258,"elapsed_seconds":0.000000,"failures":0}
{"event":"shadow-complete","name":"mb_set_sources","source":"/private/tmp/nanolang-match-guards-20261009/src_nano/compiler/module_bindings.nano","line":258,"elapsed_seconds":0.000153,"failures":0}
{"event":"shadow-start","name":"mb_source","source":"/private/tmp/nanolang-match-guards-20261009/src_nano/compiler/module_bindings.nano","line":269,"elapsed_seconds":0.000000,"failures":0}
{"event":"shadow-complete","name":"mb_source","source":"/private/tmp/nanolang-match-guards-20261009/src_nano/compiler/module_bindings.nano","line":269,"elapsed_seconds":0.000138,"failures":0}
{"event":"shadow-start","name":"nanoisa_borrow_error","source":"/private/tmp/nanolang-match-guards-20261009/src_nano/compiler/nanoisa_borrows.nano","line":66,"elapsed_seconds":0.000000,"failures":0}
{"event":"shadow-complete","name":"nanoisa_borrow_error","source":"/private/tmp/nanolang-match-guards-20261009/src_nano/compiler/nanoisa_borrows.nano","line":66,"elapsed_seconds":0.000169,"failures":0}
{"event":"shadow-start","name":"nb_fail","source":"/private/tmp/nanolang-match-guards-20261009/src_nano/compiler/nanoisa_borrows.nano","line":71,"elapsed_seconds":0.000000,"failures":0}
{"event":"shadow-complete","name":"nb_fail","source":"/private/tmp/nanolang-match-guards-20261009/src_nano/compiler/nanoisa_borrows.nano","line":71,"elapsed_seconds":0.000158,"failures":0}
{"event":"shadow-start","name":"nb_tag","source":"/private/tmp/nanolang-match-guards-20261009/src_nano/compiler/nanoisa_borrows.nano","line":77,"elapsed_seconds":0.000000,"failures":0}
{"event":"shadow-complete","name":"nb_tag","source":"/private/tmp/nanolang-match-guards-20261009/src_nano/compiler/nanoisa_borrows.nano","line":77,"elapsed_seconds":0.000169,"failures":0}
{"event":"shadow-start","name":"nb_field_tag","source":"/private/tmp/nanolang-match-guards-20261009/src_nano/compiler/nanoisa_borrows.nano","line":83,"elapsed_seconds":0.000000,"failures":0}
{"event":"shadow-complete","name":"nb_field_tag","source":"/private/tmp/nanolang-match-guards-20261009/src_nano/compiler/nanoisa_borrows.nano","line":83,"elapsed_seconds":0.000200,"failures":0}
{"event":"shadow-start","name":"nb_local_tag","source":"/private/tmp/nanolang-match-guards-20261009/src_nano/compiler/nanoisa_borrows.nano","line":96,"elapsed_seconds":0.000000,"failures":0}
{"event":"shadow-complete","name":"nb_local_tag","source":"/private/tmp/nanolang-match-guards-20261009/src_nano/compiler/nanoisa_borrows.nano","line":96,"elapsed_seconds":0.000324,"failures":0}
{"event":"shadow-start","name":"nb_parameter_tag","source":"/private/tmp/nanolang-match-guards-20261009/src_nano/compiler/nanoisa_borrows.nano","line":109,"elapsed_seconds":0.000000,"failures":0}
{"event":"shadow-complete","name":"nb_parameter_tag","source":"/private/tmp/nanolang-match-guards-20261009/src_nano/compiler/nanoisa_borrows.nano","line":109,"elapsed_seconds":0.000190,"failures":0}
{"event":"shadow-start","name":"nb_decode_string","source":"/private/tmp/nanolang-match-guards-20261009/src_nano/compiler/nanoisa_borrows.nano","line":139,"elapsed_seconds":0.000000,"failures":0}
{"event":"shadow-complete","name":"nb_decode_string","source":"/private/tmp/nanolang-match-guards-20261009/src_nano/compiler/nanoisa_borrows.nano","line":139,"elapsed_seconds":0.000364,"failures":0}
{"event":"shadow-start","name":"nb_escape_string","source":"/private/tmp/nanolang-match-guards-20261009/src_nano/compiler/nanoisa_borrows.nano","line":172,"elapsed_seconds":0.000000,"failures":0}
{"event":"shadow-complete","name":"nb_escape_string","source":"/private/tmp/nanolang-match-guards-20261009/src_nano/compiler/nanoisa_borrows.nano","line":172,"elapsed_seconds":0.000440,"failures":0}
{"event":"shadow-start","name":"nb_hex","source":"/private/tmp/nanolang-match-guards-20261009/src_nano/compiler/nanoisa_borrows.nano","line":195,"elapsed_seconds":0.000000,"failures":0}
{"event":"shadow-complete","name":"nb_hex","source":"/private/tmp/nanolang-match-guards-20261009/src_nano/compiler/nanoisa_borrows.nano","line":195,"elapsed_seconds":0.000224,"failures":0}
{"event":"shadow-start","name":"nb_descriptor","source":"/private/tmp/nanolang-match-guards-20261009/src_nano/compiler/nanoisa_borrows.nano","line":203,"elapsed_seconds":0.000000,"failures":0}
{"event":"shadow-complete","name":"nb_descriptor","source":"/private/tmp/nanolang-match-guards-20261009/src_nano/compiler/nanoisa_borrows.nano","line":203,"elapsed_seconds":0.000433,"failures":0}
{"event":"shadow-start","name":"nb_emit","source":"/private/tmp/nanolang-match-guards-20261009/src_nano/compiler/nanoisa_borrows.nano","line":214,"elapsed_seconds":0.000000,"failures":0}
{"event":"shadow-complete","name":"nb_emit","source":"/private/tmp/nanolang-match-guards-20261009/src_nano/compiler/nanoisa_borrows.nano","line":214,"elapsed_seconds":0.000147,"failures":0}
{"event":"shadow-start","name":"nb_op1","source":"/private/tmp/nanolang-match-guards-20261009/src_nano/compiler/nanoisa_borrows.nano","line":216,"elapsed_seconds":0.000000,"failures":0}
{"event":"shadow-complete","name":"nb_op1","source":"/private/tmp/nanolang-match-guards-20261009/src_nano/compiler/nanoisa_borrows.nano","line":216,"elapsed_seconds":0.000151,"failures":0}
{"event":"shadow-start","name":"nb_op2","source":"/private/tmp/nanolang-match-guards-20261009/src_nano/compiler/nanoisa_borrows.nano","line":218,"elapsed_seconds":0.000000,"failures":0}
{"event":"shadow-complete","name":"nb_op2","source":"/private/tmp/nanolang-match-guards-20261009/src_nano/compiler/nanoisa_borrows.nano","line":218,"elapsed_seconds":0.000167,"failures":0}
{"event":"shadow-start","name":"nb_label","source":"/private/tmp/nanolang-match-guards-20261009/src_nano/compiler/nanoisa_borrows.nano","line":224,"elapsed_seconds":0.000000,"failures":0}
{"event":"shadow-complete","name":"nb_label","source":"/private/tmp/nanolang-match-guards-20261009/src_nano/compiler/nanoisa_borrows.nano","line":224,"elapsed_seconds":0.000146,"failures":0}
{"event":"shadow-start","name":"nb_ordinary_layout","source":"/private/tmp/nanolang-match-guards-20261009/src_nano/compiler/nanoisa_borrows.nano","line":242,"elapsed_seconds":0.000000,"failures":0}
{"event":"shadow-complete","name":"nb_ordinary_layout","source":"/private/tmp/nanolang-match-guards-20261009/src_nano/compiler/nanoisa_borrows.nano","line":242,"elapsed_seconds":0.000408,"failures":0}
{"event":"shadow-start","name":"nb_ordinary_local","source":"/private/tmp/nanolang-match-guards-20261009/src_nano/compiler/nanoisa_borrows.nano","line":251,"elapsed_seconds":0.000000,"failures":0}
{"event":"shadow-complete","name":"nb_ordinary_local","source":"/private/tmp/nanolang-match-guards-20261009/src_nano/compiler/nanoisa_borrows.nano","line":251,"elapsed_seconds":0.000305,"failures":0}
{"event":"shadow-start","name":"nb_arrays","source":"/private/tmp/nanolang-match-guards-20261009/src_nano/compiler/nanoisa_borrows.nano","line":260,"elapsed_seconds":0.000000,"failures":0}
{"event":"shadow-complete","name":"nb_arrays","source":"/private/tmp/nanolang-match-guards-20261009/src_nano/compiler/nanoisa_borrows.nano","line":260,"elapsed_seconds":0.000134,"failures":0}
{"event":"shadow-start","name":"nb_owner_field_tag","source":"/private/tmp/nanolang-match-guards-20261009/src_nano/compiler/nanoisa_borrows.nano","line":272,"elapsed_seconds":0.000000,"failures":0}
{"event":"shadow-complete","name":"nb_owner_field_tag","source":"/private/tmp/nanolang-match-guards-20261009/src_nano/compiler/nanoisa_borrows.nano","line":272,"elapsed_seconds":0.116106,"failures":0}
{"event":"shadow-start","name":"nb_local","source":"/private/tmp/nanolang-match-guards-20261009/src_nano/compiler/nanoisa_borrows.nano","line":291,"elapsed_seconds":0.000000,"failures":0}
{"event":"shadow-complete","name":"nb_local","source":"/private/tmp/nanolang-match-guards-20261009/src_nano/compiler/nanoisa_borrows.nano","line":291,"elapsed_seconds":0.000278,"failures":0}
{"event":"shadow-start","name":"nb_reset_locals","source":"/private/tmp/nanolang-match-guards-20261009/src_nano/compiler/nanoisa_borrows.nano","line":318,"elapsed_seconds":0.000000,"failures":0}
{"event":"shadow-complete","name":"nb_reset_locals","source":"/private/tmp/nanolang-match-guards-20261009/src_nano/compiler/nanoisa_borrows.nano","line":318,"elapsed_seconds":0.000189,"failures":0}
{"event":"shadow-start","name":"nb_slot","source":"/private/tmp/nanolang-match-guards-20261009/src_nano/compiler/nanoisa_borrows.nano","line":319,"elapsed_seconds":0.000000,"failures":0}
{"event":"shadow-complete","name":"nb_slot","source":"/private/tmp/nanolang-match-guards-20261009/src_nano/compiler/nanoisa_borrows.nano","line":319,"elapsed_seconds":0.000218,"failures":0}
{"event":"shadow-start","name":"nb_name_begin","source":"/private/tmp/nanolang-match-guards-20261009/src_nano/compiler/nanoisa_borrows.nano","line":328,"elapsed_seconds":0.000000,"failures":0}
{"event":"shadow-complete","name":"nb_name_begin","source":"/private/tmp/nanolang-match-guards-20261009/src_nano/compiler/nanoisa_borrows.nano","line":328,"elapsed_seconds":0.000258,"failures":0}
{"event":"shadow-start","name":"nb_names_end","source":"/private/tmp/nanolang-match-guards-20261009/src_nano/compiler/nanoisa_borrows.nano","line":346,"elapsed_seconds":0.000000,"failures":0}
{"event":"shadow-complete","name":"nb_names_end","source":"/private/tmp/nanolang-match-guards-20261009/src_nano/compiler/nanoisa_borrows.nano","line":346,"elapsed_seconds":0.000372,"failures":0}
{"event":"shadow-start","name":"nb_invalid_place","source":"/private/tmp/nanolang-match-guards-20261009/src_nano/compiler/nanoisa_borrows.nano","line":367,"elapsed_seconds":0.000000,"failures":0}
{"event":"shadow-complete","name":"nb_invalid_place","source":"/private/tmp/nanolang-match-guards-20261009/src_nano/compiler/nanoisa_borrows.nano","line":367,"elapsed_seconds":0.000195,"failures":0}
{"event":"shadow-start","name":"nb_leaf","source":"/private/tmp/nanolang-match-guards-20261009/src_nano/compiler/nanoisa_borrows.nano","line":377,"elapsed_seconds":0.000000,"failures":0}
{"event":"shadow-complete","name":"nb_leaf","source":"/private/tmp/nanolang-match-guards-20261009/src_nano/compiler/nanoisa_borrows.nano","line":377,"elapsed_seconds":0.049046,"failures":0}
{"event":"shadow-start","name":"nb_layout_field","source":"/private/tmp/nanolang-match-guards-20261009/src_nano/compiler/nanoisa_borrows.nano","line":384,"elapsed_seconds":0.000000,"failures":0}
{"event":"shadow-complete","name":"nb_layout_field","source":"/private/tmp/nanolang-match-guards-20261009/src_nano/compiler/nanoisa_borrows.nano","line":384,"elapsed_seconds":0.048133,"failures":0}
{"event":"shadow-start","name":"nb_place","source":"/private/tmp/nanolang-match-guards-20261009/src_nano/compiler/nanoisa_borrows.nano","line":406,"elapsed_seconds":0.000000,"failures":0}
{"event":"shadow-complete","name":"nb_place","source":"/private/tmp/nanolang-match-guards-20261009/src_nano/compiler/nanoisa_borrows.nano","line":406,"elapsed_seconds":0.047497,"failures":0}
{"event":"shadow-start","name":"nb_observe_owner_path","source":"/private/tmp/nanolang-match-guards-20261009/src_nano/compiler/nanoisa_borrows.nano","line":422,"elapsed_seconds":0.000000,"failures":0}
{"event":"shadow-complete","name":"nb_observe_owner_path","source":"/private/tmp/nanolang-match-guards-20261009/src_nano/compiler/nanoisa_borrows.nano","line":422,"elapsed_seconds":0.012708,"failures":0}
{"event":"shadow-start","name":"nb_overlap","source":"/private/tmp/nanolang-match-guards-20261009/src_nano/compiler/nanoisa_borrows.nano","line":447,"elapsed_seconds":0.000000,"failures":0}
{"event":"shadow-complete","name":"nb_overlap","source":"/private/tmp/nanolang-match-guards-20261009/src_nano/compiler/nanoisa_borrows.nano","line":447,"elapsed_seconds":0.000139,"failures":0}
{"event":"shadow-start","name":"nb_reference","source":"/private/tmp/nanolang-match-guards-20261009/src_nano/compiler/nanoisa_borrows.nano","line":469,"elapsed_seconds":0.000000,"failures":0}
{"event":"shadow-complete","name":"nb_reference","source":"/private/tmp/nanolang-match-guards-20261009/src_nano/compiler/nanoisa_borrows.nano","line":469,"elapsed_seconds":0.048454,"failures":0}
{"event":"shadow-start","name":"nb_owned_type","source":"/private/tmp/nanolang-match-guards-20261009/src_nano/compiler/nanoisa_borrows.nano","line":480,"elapsed_seconds":0.000000,"failures":0}
{"event":"shadow-complete","name":"nb_owned_type","source":"/private/tmp/nanolang-match-guards-20261009/src_nano/compiler/nanoisa_borrows.nano","line":480,"elapsed_seconds":0.000167,"failures":0}
{"event":"shadow-start","name":"nb_owned_local","source":"/private/tmp/nanolang-match-guards-20261009/src_nano/compiler/nanoisa_borrows.nano","line":491,"elapsed_seconds":0.000000,"failures":0}
{"event":"shadow-complete","name":"nb_owned_local","source":"/private/tmp/nanolang-match-guards-20261009/src_nano/compiler/nanoisa_borrows.nano","line":491,"elapsed_seconds":0.000211,"failures":0}
{"event":"shadow-start","name":"nb_concrete_tag","source":"/private/tmp/nanolang-match-guards-20261009/src_nano/compiler/nanoisa_borrows.nano","line":503,"elapsed_seconds":0.000000,"failures":0}
{"event":"shadow-complete","name":"nb_concrete_tag","source":"/private/tmp/nanolang-match-guards-20261009/src_nano/compiler/nanoisa_borrows.nano","line":503,"elapsed_seconds":0.144636,"failures":0}
{"event":"shadow-start","name":"nb_concrete_layout","source":"/private/tmp/nanolang-match-guards-20261009/src_nano/compiler/nanoisa_borrows.nano","line":515,"elapsed_seconds":0.000000,"failures":0}
{"event":"shadow-complete","name":"nb_concrete_layout","source":"/private/tmp/nanolang-match-guards-20261009/src_nano/compiler/nanoisa_borrows.nano","line":515,"elapsed_seconds":0.096898,"failures":0}
{"event":"shadow-start","name":"nb_unpack","source":"/private/tmp/nanolang-match-guards-20261009/src_nano/compiler/nanoisa_borrows.nano","line":545,"elapsed_seconds":0.000000,"failures":0}
{"event":"shadow-complete","name":"nb_unpack","source":"/private/tmp/nanolang-match-guards-20261009/src_nano/compiler/nanoisa_borrows.nano","line":545,"elapsed_seconds":0.048330,"failures":0}
{"event":"shadow-start","name":"nb_project_binding","source":"/private/tmp/nanolang-match-guards-20261009/src_nano/compiler/nanoisa_borrows.nano","line":583,"elapsed_seconds":0.000000,"failures":0}
{"event":"shadow-complete","name":"nb_project_binding","source":"/private/tmp/nanolang-match-guards-20261009/src_nano/compiler/nanoisa_borrows.nano","line":583,"elapsed_seconds":0.094618,"failures":0}
{"event":"shadow-start","name":"nb_consumed","source":"/private/tmp/nanolang-match-guards-20261009/src_nano/compiler/nanoisa_borrows.nano","line":616,"elapsed_seconds":0.000000,"failures":0}
{"event":"shadow-complete","name":"nb_consumed","source":"/private/tmp/nanolang-match-guards-20261009/src_nano/compiler/nanoisa_borrows.nano","line":616,"elapsed_seconds":0.000378,"failures":0}
{"event":"shadow-start","name":"nb_copy_flags","source":"/private/tmp/nanolang-match-guards-20261009/src_nano/compiler/nanoisa_borrows.nano","line":629,"elapsed_seconds":0.000000,"failures":0}
{"event":"shadow-complete","name":"nb_copy_flags","source":"/private/tmp/nanolang-match-guards-20261009/src_nano/compiler/nanoisa_borrows.nano","line":629,"elapsed_seconds":0.000128,"failures":0}
{"event":"shadow-start","name":"nb_same_owners","source":"/private/tmp/nanolang-match-guards-20261009/src_nano/compiler/nanoisa_borrows.nano","line":644,"elapsed_seconds":0.000000,"failures":0}
{"event":"shadow-complete","name":"nb_same_owners","source":"/private/tmp/nanolang-match-guards-20261009/src_nano/compiler/nanoisa_borrows.nano","line":644,"elapsed_seconds":0.000395,"failures":0}
{"event":"shadow-start","name":"nb_profile_opcode","source":"/private/tmp/nanolang-match-guards-20261009/src_nano/compiler/nanoisa_borrows.nano","line":678,"elapsed_seconds":0.000000,"failures":0}
{"event":"shadow-complete","name":"nb_profile_opcode","source":"/private/tmp/nanolang-match-guards-20261009/src_nano/compiler/nanoisa_borrows.nano","line":678,"elapsed_seconds":0.000336,"failures":0}
{"event":"shadow-start","name":"nb_binary","source":"/private/tmp/nanolang-match-guards-20261009/src_nano/compiler/nanoisa_borrows.nano","line":733,"elapsed_seconds":0.000000,"failures":0}
{"event":"shadow-complete","name":"nb_binary","source":"/private/tmp/nanolang-match-guards-20261009/src_nano/compiler/nanoisa_borrows.nano","line":733,"elapsed_seconds":0.000162,"failures":0}
{"event":"shadow-start","name":"nb_float_array","source":"/private/tmp/nanolang-match-guards-20261009/src_nano/compiler/nanoisa_borrows.nano","line":771,"elapsed_seconds":0.000000,"failures":0}
{"event":"shadow-complete","name":"nb_float_array","source":"/private/tmp/nanolang-match-guards-20261009/src_nano/compiler/nanoisa_borrows.nano","line":771,"elapsed_seconds":0.047878,"failures":0}
{"event":"shadow-start","name":"nb_array_builtin_arity","source":"/private/tmp/nanolang-match-guards-20261009/src_nano/compiler/nanoisa_borrows.nano","line":782,"elapsed_seconds":0.000000,"failures":0}
{"event":"shadow-complete","name":"nb_array_builtin_arity","source":"/private/tmp/nanolang-match-guards-20261009/src_nano/compiler/nanoisa_borrows.nano","line":782,"elapsed_seconds":0.000178,"failures":0}
{"event":"shadow-start","name":"nb_global","source":"/private/tmp/nanolang-match-guards-20261009/src_nano/compiler/nanoisa_borrows.nano","line":799,"elapsed_seconds":0.000000,"failures":0}
{"event":"shadow-complete","name":"nb_global","source":"/private/tmp/nanolang-match-guards-20261009/src_nano/compiler/nanoisa_borrows.nano","line":799,"elapsed_seconds":0.000204,"failures":0}
{"event":"shadow-start","name":"nb_value_bound","source":"/private/tmp/nanolang-match-guards-20261009/src_nano/compiler/nanoisa_borrows.nano","line":808,"elapsed_seconds":0.000000,"failures":0}
{"event":"shadow-complete","name":"nb_value_bound","source":"/private/tmp/nanolang-match-guards-20261009/src_nano/compiler/nanoisa_borrows.nano","line":808,"elapsed_seconds":0.000173,"failures":0}
{"event":"shadow-start","name":"nb_global_value","source":"/private/tmp/nanolang-match-guards-20261009/src_nano/compiler/nanoisa_borrows.nano","line":827,"elapsed_seconds":0.000000,"failures":0}
{"event":"shadow-complete","name":"nb_global_value","source":"/private/tmp/nanolang-match-guards-20261009/src_nano/compiler/nanoisa_borrows.nano","line":827,"elapsed_seconds":0.048509,"failures":0}
{"event":"shadow-start","name":"nb_global_bytes","source":"/private/tmp/nanolang-match-guards-20261009/src_nano/compiler/nanoisa_borrows.nano","line":846,"elapsed_seconds":0.000000,"failures":0}
{"event":"shadow-complete","name":"nb_global_bytes","source":"/private/tmp/nanolang-match-guards-20261009/src_nano/compiler/nanoisa_borrows.nano","line":846,"elapsed_seconds":0.005317,"failures":0}
{"event":"shadow-start","name":"nb_union_expr","source":"/private/tmp/nanolang-match-guards-20261009/src_nano/compiler/nanoisa_borrows.nano","line":918,"elapsed_seconds":0.000000,"failures":0}
{"event":"shadow-complete","name":"nb_union_expr","source":"/private/tmp/nanolang-match-guards-20261009/src_nano/compiler/nanoisa_borrows.nano","line":918,"elapsed_seconds":0.031325,"failures":0}
{"event":"shadow-start","name":"nb_match_coverage","source":"/private/tmp/nanolang-match-guards-20261009/src_nano/compiler/nanoisa_borrows.nano","line":948,"elapsed_seconds":0.000000,"failures":0}
{"event":"shadow-complete","name":"nb_match_coverage","source":"/private/tmp/nanolang-match-guards-20261009/src_nano/compiler/nanoisa_borrows.nano","line":948,"elapsed_seconds":0.024155,"failures":0}
{"event":"shadow-start","name":"nb_match_scope_end","source":"/private/tmp/nanolang-match-guards-20261009/src_nano/compiler/nanoisa_borrows.nano","line":961,"elapsed_seconds":0.000000,"failures":0}
{"event":"shadow-complete","name":"nb_match_scope_end","source":"/private/tmp/nanolang-match-guards-20261009/src_nano/compiler/nanoisa_borrows.nano","line":961,"elapsed_seconds":0.000375,"failures":0}
{"event":"shadow-start","name":"nb_union_field","source":"/private/tmp/nanolang-match-guards-20261009/src_nano/compiler/nanoisa_borrows.nano","line":986,"elapsed_seconds":0.000000,"failures":0}
{"event":"shadow-complete","name":"nb_union_field","source":"/private/tmp/nanolang-match-guards-20261009/src_nano/compiler/nanoisa_borrows.nano","line":986,"elapsed_seconds":0.016401,"failures":0}
{"event":"shadow-start","name":"nb_union_unpack","source":"/private/tmp/nanolang-match-guards-20261009/src_nano/compiler/nanoisa_borrows.nano","line":1024,"elapsed_seconds":0.000000,"failures":0}
{"event":"shadow-complete","name":"nb_union_unpack","source":"/private/tmp/nanolang-match-guards-20261009/src_nano/compiler/nanoisa_borrows.nano","line":1024,"elapsed_seconds":0.017210,"failures":0}
{"event":"shadow-start","name":"nb_match_binding","source":"/private/tmp/nanolang-match-guards-20261009/src_nano/compiler/nanoisa_borrows.nano","line":1058,"elapsed_seconds":0.000000,"failures":0}
{"event":"shadow-complete","name":"nb_match_binding","source":"/private/tmp/nanolang-match-guards-20261009/src_nano/compiler/nanoisa_borrows.nano","line":1058,"elapsed_seconds":0.047927,"failures":0}
{"event":"shadow-start","name":"nb_match_instance","source":"/private/tmp/nanolang-match-guards-20261009/src_nano/compiler/nanoisa_borrows.nano","line":1088,"elapsed_seconds":0.000000,"failures":0}
{"event":"shadow-complete","name":"nb_match_instance","source":"/private/tmp/nanolang-match-guards-20261009/src_nano/compiler/nanoisa_borrows.nano","line":1088,"elapsed_seconds":0.024517,"failures":0}
{"event":"shadow-start","name":"nb_match_value","source":"/private/tmp/nanolang-match-guards-20261009/src_nano/compiler/nanoisa_borrows.nano","line":1179,"elapsed_seconds":0.000000,"failures":0}
{"event":"shadow-complete","name":"nb_match_value","source":"/private/tmp/nanolang-match-guards-20261009/src_nano/compiler/nanoisa_borrows.nano","line":1179,"elapsed_seconds":0.014491,"failures":0}
{"event":"shadow-start","name":"nb_match_expr","source":"/private/tmp/nanolang-match-guards-20261009/src_nano/compiler/nanoisa_borrows.nano","line":1194,"elapsed_seconds":0.000000,"failures":0}
{"event":"shadow-complete","name":"nb_match_expr","source":"/private/tmp/nanolang-match-guards-20261009/src_nano/compiler/nanoisa_borrows.nano","line":1194,"elapsed_seconds":0.030194,"failures":0}
{"event":"shadow-start","name":"nb_match_statement","source":"/private/tmp/nanolang-match-guards-20261009/src_nano/compiler/nanoisa_borrows.nano","line":1287,"elapsed_seconds":0.000000,"failures":0}
{"event":"shadow-complete","name":"nb_match_statement","source":"/private/tmp/nanolang-match-guards-20261009/src_nano/compiler/nanoisa_borrows.nano","line":1287,"elapsed_seconds":0.030497,"failures":0}
{"event":"shadow-start","name":"nb_declared_match_binding","source":"/private/tmp/nanolang-match-guards-20261009/src_nano/compiler/nanoisa_borrows.nano","line":1314,"elapsed_seconds":0.000000,"failures":0}
{"event":"shadow-complete","name":"nb_declared_match_binding","source":"/private/tmp/nanolang-match-guards-20261009/src_nano/compiler/nanoisa_borrows.nano","line":1314,"elapsed_seconds":0.018624,"failures":0}
{"event":"shadow-start","name":"nb_module_prefixes","source":"/private/tmp/nanolang-match-guards-20261009/src_nano/compiler/nanoisa_borrows.nano","line":1325,"elapsed_seconds":0.000000,"failures":0}
{"event":"shadow-complete","name":"nb_module_prefixes","source":"/private/tmp/nanolang-match-guards-20261009/src_nano/compiler/nanoisa_borrows.nano","line":1325,"elapsed_seconds":0.000166,"failures":0}
{"event":"shadow-start","name":"nb_module_kind","source":"/private/tmp/nanolang-match-guards-20261009/src_nano/compiler/nanoisa_borrows.nano","line":1335,"elapsed_seconds":0.000000,"failures":0}
{"event":"shadow-complete","name":"nb_module_kind","source":"/private/tmp/nanolang-match-guards-20261009/src_nano/compiler/nanoisa_borrows.nano","line":1335,"elapsed_seconds":0.000216,"failures":0}
{"event":"shadow-start","name":"nb_module_signature","source":"/private/tmp/nanolang-match-guards-20261009/src_nano/compiler/nanoisa_borrows.nano","line":1351,"elapsed_seconds":0.000000,"failures":0}
{"event":"shadow-complete","name":"nb_module_signature","source":"/private/tmp/nanolang-match-guards-20261009/src_nano/compiler/nanoisa_borrows.nano","line":1351,"elapsed_seconds":0.005960,"failures":0}
{"event":"shadow-start","name":"nb_module_external","source":"/private/tmp/nanolang-match-guards-20261009/src_nano/compiler/nanoisa_borrows.nano","line":1366,"elapsed_seconds":0.000000,"failures":0}
{"event":"shadow-complete","name":"nb_module_external","source":"/private/tmp/nanolang-match-guards-20261009/src_nano/compiler/nanoisa_borrows.nano","line":1366,"elapsed_seconds":0.006592,"failures":0}
{"event":"shadow-start","name":"nb_defined_count","source":"/private/tmp/nanolang-match-guards-20261009/src_nano/compiler/nanoisa_borrows.nano","line":1382,"elapsed_seconds":0.000000,"failures":0}
{"event":"shadow-complete","name":"nb_defined_count","source":"/private/tmp/nanolang-match-guards-20261009/src_nano/compiler/nanoisa_borrows.nano","line":1382,"elapsed_seconds":0.006343,"failures":0}
{"event":"shadow-start","name":"nb_module_names","source":"/private/tmp/nanolang-match-guards-20261009/src_nano/compiler/nanoisa_borrows.nano","line":1407,"elapsed_seconds":0.000000,"failures":0}
{"event":"shadow-complete","name":"nb_module_names","source":"/private/tmp/nanolang-match-guards-20261009/src_nano/compiler/nanoisa_borrows.nano","line":1407,"elapsed_seconds":0.000390,"failures":0}
{"event":"shadow-start","name":"nb_module_call","source":"/private/tmp/nanolang-match-guards-20261009/src_nano/compiler/nanoisa_borrows.nano","line":1439,"elapsed_seconds":0.000000,"failures":0}
{"event":"shadow-complete","name":"nb_module_call","source":"/private/tmp/nanolang-match-guards-20261009/src_nano/compiler/nanoisa_borrows.nano","line":1439,"elapsed_seconds":0.005613,"failures":0}
{"event":"shadow-start","name":"nb_ordinary_receiver","source":"/private/tmp/nanolang-match-guards-20261009/src_nano/compiler/nanoisa_borrows.nano","line":1509,"elapsed_seconds":0.000000,"failures":0}
{"event":"shadow-complete","name":"nb_ordinary_receiver","source":"/private/tmp/nanolang-match-guards-20261009/src_nano/compiler/nanoisa_borrows.nano","line":1509,"elapsed_seconds":0.015886,"failures":0}
{"event":"shadow-start","name":"nb_ordinary","source":"/private/tmp/nanolang-match-guards-20261009/src_nano/compiler/nanoisa_borrows.nano","line":1923,"elapsed_seconds":0.000000,"failures":0}
{"event":"shadow-complete","name":"nb_ordinary","source":"/private/tmp/nanolang-match-guards-20261009/src_nano/compiler/nanoisa_borrows.nano","line":1923,"elapsed_seconds":0.206045,"failures":0}
{"event":"shadow-start","name":"nb_increment","source":"/private/tmp/nanolang-match-guards-20261009/src_nano/compiler/nanoisa_borrows.nano","line":2032,"elapsed_seconds":0.000000,"failures":0}
{"event":"shadow-complete","name":"nb_increment","source":"/private/tmp/nanolang-match-guards-20261009/src_nano/compiler/nanoisa_borrows.nano","line":2032,"elapsed_seconds":0.000253,"failures":0}
{"event":"shadow-start","name":"nb_body_statements","source":"/private/tmp/nanolang-match-guards-20261009/src_nano/compiler/nanoisa_borrows.nano","line":2268,"elapsed_seconds":0.000000,"failures":0}
{"event":"shadow-complete","name":"nb_body_statements","source":"/private/tmp/nanolang-match-guards-20261009/src_nano/compiler/nanoisa_borrows.nano","line":2268,"elapsed_seconds":0.000579,"failures":0}
{"event":"shadow-start","name":"nb_string","source":"/private/tmp/nanolang-match-guards-20261009/src_nano/compiler/nanoisa_borrows.nano","line":2371,"elapsed_seconds":0.000000,"failures":0}
{"event":"shadow-complete","name":"nb_string","source":"/private/tmp/nanolang-match-guards-20261009/src_nano/compiler/nanoisa_borrows.nano","line":2371,"elapsed_seconds":0.000145,"failures":0}
{"event":"shadow-start","name":"nb_route_parts","source":"/private/tmp/nanolang-match-guards-20261009/src_nano/compiler/nanoisa_borrows.nano","line":2406,"elapsed_seconds":0.000000,"failures":0}
{"event":"shadow-complete","name":"nb_route_parts","source":"/private/tmp/nanolang-match-guards-20261009/src_nano/compiler/nanoisa_borrows.nano","line":2406,"elapsed_seconds":0.000199,"failures":0}
{"event":"shadow-start","name":"nb_union_canonical","source":"/private/tmp/nanolang-match-guards-20261009/src_nano/compiler/nanoisa_borrows.nano","line":2431,"elapsed_seconds":0.000000,"failures":0}
{"event":"shadow-complete","name":"nb_union_canonical","source":"/private/tmp/nanolang-match-guards-20261009/src_nano/compiler/nanoisa_borrows.nano","line":2431,"elapsed_seconds":0.000427,"failures":0}
{"event":"shadow-start","name":"nb_union_type_identity","source":"/private/tmp/nanolang-match-guards-20261009/src_nano/compiler/nanoisa_borrows.nano","line":2495,"elapsed_seconds":0.000000,"failures":0}
{"event":"shadow-complete","name":"nb_union_type_identity","source":"/private/tmp/nanolang-match-guards-20261009/src_nano/compiler/nanoisa_borrows.nano","line":2495,"elapsed_seconds":0.020491,"failures":0}
{"event":"shadow-start","name":"nb_register_union_depth","source":"/private/tmp/nanolang-match-guards-20261009/src_nano/compiler/nanoisa_borrows.nano","line":2619,"elapsed_seconds":0.000000,"failures":0}
{"event":"shadow-complete","name":"nb_register_union_depth","source":"/private/tmp/nanolang-match-guards-20261009/src_nano/compiler/nanoisa_borrows.nano","line":2619,"elapsed_seconds":0.034735,"failures":0}
{"event":"shadow-start","name":"nb_register_union","source":"/private/tmp/nanolang-match-guards-20261009/src_nano/compiler/nanoisa_borrows.nano","line":2633,"elapsed_seconds":0.000000,"failures":0}
{"event":"shadow-complete","name":"nb_register_union","source":"/private/tmp/nanolang-match-guards-20261009/src_nano/compiler/nanoisa_borrows.nano","line":2633,"elapsed_seconds":0.017126,"failures":0}
{"event":"shadow-start","name":"nb_union_fact_bytes","source":"/private/tmp/nanolang-match-guards-20261009/src_nano/compiler/nanoisa_borrows.nano","line":2686,"elapsed_seconds":0.000000,"failures":0}
{"event":"shadow-complete","name":"nb_union_fact_bytes","source":"/private/tmp/nanolang-match-guards-20261009/src_nano/compiler/nanoisa_borrows.nano","line":2686,"elapsed_seconds":0.017627,"failures":0}
{"event":"shadow-start","name":"nb_path_suffix","source":"/private/tmp/nanolang-match-guards-20261009/src_nano/compiler/nanoisa_borrows.nano","line":2717,"elapsed_seconds":0.000000,"failures":0}
{"event":"shadow-complete","name":"nb_path_suffix","source":"/private/tmp/nanolang-match-guards-20261009/src_nano/compiler/nanoisa_borrows.nano","line":2717,"elapsed_seconds":0.000386,"failures":0}
{"event":"shadow-start","name":"nb_record_has_owner","source":"/private/tmp/nanolang-match-guards-20261009/src_nano/compiler/nanoisa_borrows.nano","line":2816,"elapsed_seconds":0.000000,"failures":0}
{"event":"shadow-complete","name":"nb_record_has_owner","source":"/private/tmp/nanolang-match-guards-20261009/src_nano/compiler/nanoisa_borrows.nano","line":2816,"elapsed_seconds":0.059125,"failures":0}
{"event":"shadow-start","name":"nb_fixture","source":"/private/tmp/nanolang-match-guards-20261009/src_nano/compiler/nanoisa_borrows.nano","line":3151,"elapsed_seconds":0.000000,"failures":0}
{"event":"shadow-complete","name":"nb_fixture","source":"/private/tmp/nanolang-match-guards-20261009/src_nano/compiler/nanoisa_borrows.nano","line":3151,"elapsed_seconds":0.048010,"failures":0}
{"event":"shadow-start","name":"nb_record","source":"/private/tmp/nanolang-match-guards-20261009/src_nano/compiler/nanoisa_borrows.nano","line":3152,"elapsed_seconds":0.000000,"failures":0}
{"event":"shadow-complete","name":"nb_record","source":"/private/tmp/nanolang-match-guards-20261009/src_nano/compiler/nanoisa_borrows.nano","line":3152,"elapsed_seconds":0.050035,"failures":0}
{"event":"shadow-start","name":"nb_consuming_fixture","source":"/private/tmp/nanolang-match-guards-20261009/src_nano/compiler/nanoisa_borrows.nano","line":3158,"elapsed_seconds":0.000000,"failures":0}
{"event":"shadow-complete","name":"nb_consuming_fixture","source":"/private/tmp/nanolang-match-guards-20261009/src_nano/compiler/nanoisa_borrows.nano","line":3158,"elapsed_seconds":0.124817,"failures":0}
{"event":"shadow-start","name":"nanoisa_has_borrows","source":"/private/tmp/nanolang-match-guards-20261009/src_nano/compiler/nanoisa_borrows.nano","line":3169,"elapsed_seconds":0.000000,"failures":0}
{"event":"shadow-complete","name":"nanoisa_has_borrows","source":"/private/tmp/nanolang-match-guards-20261009/src_nano/compiler/nanoisa_borrows.nano","line":3169,"elapsed_seconds":0.092510,"failures":0}
{"event":"shadow-start","name":"nb_field","source":"/private/tmp/nanolang-match-guards-20261009/src_nano/compiler/nanoisa_borrows.nano","line":3173,"elapsed_seconds":0.000000,"failures":0}
{"event":"shadow-complete","name":"nb_field","source":"/private/tmp/nanolang-match-guards-20261009/src_nano/compiler/nanoisa_borrows.nano","line":3173,"elapsed_seconds":0.048962,"failures":0}
{"event":"shadow-start","name":"nb_cleanup","source":"/private/tmp/nanolang-match-guards-20261009/src_nano/compiler/nanoisa_borrows.nano","line":3174,"elapsed_seconds":0.000000,"failures":0}
{"event":"shadow-complete","name":"nb_cleanup","source":"/private/tmp/nanolang-match-guards-20261009/src_nano/compiler/nanoisa_borrows.nano","line":3174,"elapsed_seconds":0.048306,"failures":0}
{"event":"shadow-start","name":"nb_expr","source":"/private/tmp/nanolang-match-guards-20261009/src_nano/compiler/nanoisa_borrows.nano","line":3175,"elapsed_seconds":0.000000,"failures":0}
{"event":"shadow-complete","name":"nb_expr","source":"/private/tmp/nanolang-match-guards-20261009/src_nano/compiler/nanoisa_borrows.nano","line":3175,"elapsed_seconds":0.048454,"failures":0}
{"event":"shadow-start","name":"nb_binding","source":"/private/tmp/nanolang-match-guards-20261009/src_nano/compiler/nanoisa_borrows.nano","line":3176,"elapsed_seconds":0.000000,"failures":0}
{"event":"shadow-complete","name":"nb_binding","source":"/private/tmp/nanolang-match-guards-20261009/src_nano/compiler/nanoisa_borrows.nano","line":3176,"elapsed_seconds":0.050499,"failures":0}
{"event":"shadow-start","name":"nb_body","source":"/private/tmp/nanolang-match-guards-20261009/src_nano/compiler/nanoisa_borrows.nano","line":3190,"elapsed_seconds":0.000000,"failures":0}
{"event":"shadow-complete","name":"nb_body","source":"/private/tmp/nanolang-match-guards-20261009/src_nano/compiler/nanoisa_borrows.nano","line":3190,"elapsed_seconds":0.057982,"failures":0}
{"event":"shadow-start","name":"nb_function","source":"/private/tmp/nanolang-match-guards-20261009/src_nano/compiler/nanoisa_borrows.nano","line":3191,"elapsed_seconds":0.000000,"failures":0}
{"event":"shadow-complete","name":"nb_function","source":"/private/tmp/nanolang-match-guards-20261009/src_nano/compiler/nanoisa_borrows.nano","line":3191,"elapsed_seconds":0.058846,"failures":0}
{"event":"shadow-start","name":"nb_function_contract","source":"/private/tmp/nanolang-match-guards-20261009/src_nano/compiler/nanoisa_borrows.nano","line":3192,"elapsed_seconds":0.000000,"failures":0}
{"event":"shadow-complete","name":"nb_function_contract","source":"/private/tmp/nanolang-match-guards-20261009/src_nano/compiler/nanoisa_borrows.nano","line":3192,"elapsed_seconds":0.000318,"failures":0}
{"event":"shadow-start","name":"nanoisa_borrow_emit","source":"/private/tmp/nanolang-match-guards-20261009/src_nano/compiler/nanoisa_borrows.nano","line":3193,"elapsed_seconds":0.000000,"failures":0}
{"event":"shadow-complete","name":"nanoisa_borrow_emit","source":"/private/tmp/nanolang-match-guards-20261009/src_nano/compiler/nanoisa_borrows.nano","line":3193,"elapsed_seconds":0.079220,"failures":0}
{"event":"shadow-start","name":"nb_function_index","source":"/private/tmp/nanolang-match-guards-20261009/src_nano/compiler/nanoisa_borrows.nano","line":3207,"elapsed_seconds":0.000000,"failures":0}
{"event":"shadow-complete","name":"nb_function_index","source":"/private/tmp/nanolang-match-guards-20261009/src_nano/compiler/nanoisa_borrows.nano","line":3207,"elapsed_seconds":0.047176,"failures":0}
{"event":"shadow-start","name":"nb_result_tag","source":"/private/tmp/nanolang-match-guards-20261009/src_nano/compiler/nanoisa_borrows.nano","line":3215,"elapsed_seconds":0.000000,"failures":0}
{"event":"shadow-complete","name":"nb_result_tag","source":"/private/tmp/nanolang-match-guards-20261009/src_nano/compiler/nanoisa_borrows.nano","line":3215,"elapsed_seconds":0.047978,"failures":0}
{"event":"shadow-start","name":"nb_owner","source":"/private/tmp/nanolang-match-guards-20261009/src_nano/compiler/nanoisa_borrows.nano","line":3222,"elapsed_seconds":0.000000,"failures":0}
{"event":"shadow-complete","name":"nb_owner","source":"/private/tmp/nanolang-match-guards-20261009/src_nano/compiler/nanoisa_borrows.nano","line":3222,"elapsed_seconds":0.073795,"failures":0}
{"event":"shadow-start","name":"nb_mixed_fixture","source":"/private/tmp/nanolang-match-guards-20261009/src_nano/compiler/nanoisa_borrows.nano","line":3255,"elapsed_seconds":0.000000,"failures":0}
{"event":"shadow-complete","name":"nb_mixed_fixture","source":"/private/tmp/nanolang-match-guards-20261009/src_nano/compiler/nanoisa_borrows.nano","line":3255,"elapsed_seconds":0.116355,"failures":0}
{"event":"shadow-start","name":"nb_owner_array_fixture","source":"/private/tmp/nanolang-match-guards-20261009/src_nano/compiler/nanoisa_borrows.nano","line":3279,"elapsed_seconds":0.000000,"failures":0}
{"event":"shadow-complete","name":"nb_owner_array_fixture","source":"/private/tmp/nanolang-match-guards-20261009/src_nano/compiler/nanoisa_borrows.nano","line":3279,"elapsed_seconds":0.193840,"failures":0}
{"event":"shadow-start","name":"nb_owner_array_mutation_fixture","source":"/private/tmp/nanolang-match-guards-20261009/src_nano/compiler/nanoisa_borrows.nano","line":3306,"elapsed_seconds":0.000000,"failures":0}
{"event":"shadow-complete","name":"nb_owner_array_mutation_fixture","source":"/private/tmp/nanolang-match-guards-20261009/src_nano/compiler/nanoisa_borrows.nano","line":3306,"elapsed_seconds":0.425303,"failures":0}
{"event":"shadow-start","name":"nb_value_call","source":"/private/tmp/nanolang-match-guards-20261009/src_nano/compiler/nanoisa_borrows.nano","line":3337,"elapsed_seconds":0.000000,"failures":0}
{"event":"shadow-complete","name":"nb_value_call","source":"/private/tmp/nanolang-match-guards-20261009/src_nano/compiler/nanoisa_borrows.nano","line":3337,"elapsed_seconds":0.048114,"failures":0}
{"event":"shadow-start","name":"nb_union_owner_fixture","source":"/private/tmp/nanolang-match-guards-20261009/src_nano/compiler/nanoisa_borrows.nano","line":3356,"elapsed_seconds":0.000000,"failures":0}
{"event":"shadow-complete","name":"nb_union_owner_fixture","source":"/private/tmp/nanolang-match-guards-20261009/src_nano/compiler/nanoisa_borrows.nano","line":3356,"elapsed_seconds":0.013218,"failures":0}
{"event":"shadow-start","name":"nb_union_supported","source":"/private/tmp/nanolang-match-guards-20261009/src_nano/compiler/nanoisa_borrows.nano","line":3357,"elapsed_seconds":0.000000,"failures":0}
{"event":"shadow-complete","name":"nb_union_supported","source":"/private/tmp/nanolang-match-guards-20261009/src_nano/compiler/nanoisa_borrows.nano","line":3357,"elapsed_seconds":0.031898,"failures":0}
{"event":"shadow-start","name":"nb_union_layout_bytes","source":"/private/tmp/nanolang-match-guards-20261009/src_nano/compiler/nanoisa_borrows.nano","line":3364,"elapsed_seconds":0.000000,"failures":0}
{"event":"shadow-complete","name":"nb_union_layout_bytes","source":"/private/tmp/nanolang-match-guards-20261009/src_nano/compiler/nanoisa_borrows.nano","line":3364,"elapsed_seconds":0.028066,"failures":0}
{"event":"shadow-start","name":"passive_reads","source":"/private/tmp/nanolang-match-guards-20261009/src_nano/compiler/passive_graph.nano","line":33,"elapsed_seconds":0.000000,"failures":0}
{"event":"shadow-complete","name":"passive_reads","source":"/private/tmp/nanolang-match-guards-20261009/src_nano/compiler/passive_graph.nano","line":33,"elapsed_seconds":0.007348,"failures":0}
{"event":"shadow-start","name":"passive_order","source":"/private/tmp/nanolang-match-guards-20261009/src_nano/compiler/passive_graph.nano","line":92,"elapsed_seconds":0.000000,"failures":0}
{"event":"shadow-complete","name":"passive_order","source":"/private/tmp/nanolang-match-guards-20261009/src_nano/compiler/passive_graph.nano","line":92,"elapsed_seconds":0.034094,"failures":0}
{"event":"shadow-start","name":"par_scalar_type","source":"/private/tmp/nanolang-match-guards-20261009/src_nano/compiler/passive_purity.nano","line":10,"elapsed_seconds":0.000000,"failures":0}
{"event":"shadow-complete","name":"par_scalar_type","source":"/private/tmp/nanolang-match-guards-20261009/src_nano/compiler/passive_purity.nano","line":10,"elapsed_seconds":0.000215,"failures":0}
{"event":"shadow-start","name":"par_local","source":"/private/tmp/nanolang-match-guards-20261009/src_nano/compiler/passive_purity.nano","line":24,"elapsed_seconds":0.000000,"failures":0}
{"event":"shadow-complete","name":"par_local","source":"/private/tmp/nanolang-match-guards-20261009/src_nano/compiler/passive_purity.nano","line":24,"elapsed_seconds":0.000211,"failures":0}
{"event":"shadow-start","name":"par_call_index","source":"/private/tmp/nanolang-match-guards-20261009/src_nano/compiler/passive_purity.nano","line":46,"elapsed_seconds":0.000000,"failures":0}
{"event":"shadow-complete","name":"par_call_index","source":"/private/tmp/nanolang-match-guards-20261009/src_nano/compiler/passive_purity.nano","line":46,"elapsed_seconds":0.000493,"failures":0}
{"event":"shadow-start","name":"par_closed_target","source":"/private/tmp/nanolang-match-guards-20261009/src_nano/compiler/passive_purity.nano","line":60,"elapsed_seconds":0.000000,"failures":0}
{"event":"shadow-complete","name":"par_closed_target","source":"/private/tmp/nanolang-match-guards-20261009/src_nano/compiler/passive_purity.nano","line":60,"elapsed_seconds":0.000707,"failures":0}
{"event":"shadow-start","name":"par_closed_node","source":"/private/tmp/nanolang-match-guards-20261009/src_nano/compiler/passive_purity.nano","line":149,"elapsed_seconds":0.000000,"failures":0}
{"event":"shadow-complete","name":"par_closed_node","source":"/private/tmp/nanolang-match-guards-20261009/src_nano/compiler/passive_purity.nano","line":149,"elapsed_seconds":0.000356,"failures":0}
{"event":"shadow-start","name":"par_closed_function","source":"/private/tmp/nanolang-match-guards-20261009/src_nano/compiler/passive_purity.nano","line":174,"elapsed_seconds":0.000000,"failures":0}
{"event":"shadow-complete","name":"par_closed_function","source":"/private/tmp/nanolang-match-guards-20261009/src_nano/compiler/passive_purity.nano","line":174,"elapsed_seconds":0.007392,"failures":0}
{"event":"shadow-start","name":"par_closed_call","source":"/private/tmp/nanolang-match-guards-20261009/src_nano/compiler/passive_purity.nano","line":187,"elapsed_seconds":0.000000,"failures":0}
{"event":"shadow-complete","name":"par_closed_call","source":"/private/tmp/nanolang-match-guards-20261009/src_nano/compiler/passive_purity.nano","line":187,"elapsed_seconds":0.029931,"failures":0}
{"event":"shadow-start","name":"module_header_constants","source":"/private/tmp/nanolang-match-guards-20261009/modules/compiler_support/compiler_support.nano","line":9,"elapsed_seconds":0.000000,"failures":0}
{"event":"shadow-complete","name":"module_header_constants","source":"/private/tmp/nanolang-match-guards-20261009/modules/compiler_support/compiler_support.nano","line":9,"elapsed_seconds":0.000677,"failures":0}
{"event":"shadow-start","name":"module_artifact","source":"/private/tmp/nanolang-match-guards-20261009/modules/compiler_support/compiler_support.nano","line":16,"elapsed_seconds":0.000000,"failures":0}
{"event":"shadow-complete","name":"module_artifact","source":"/private/tmp/nanolang-match-guards-20261009/modules/compiler_support/compiler_support.nano","line":16,"elapsed_seconds":0.000214,"failures":0}
{"event":"shadow-start","name":"nisa_ordinary_hex","source":"/private/tmp/nanolang-match-guards-20261009/src_nano/compiler/nanoisa_codegen.nano","line":94,"elapsed_seconds":0.000000,"failures":0}
{"event":"shadow-complete","name":"nisa_ordinary_hex","source":"/private/tmp/nanolang-match-guards-20261009/src_nano/compiler/nanoisa_codegen.nano","line":94,"elapsed_seconds":0.000219,"failures":0}
{"event":"shadow-start","name":"nisa_ordinary_tag","source":"/private/tmp/nanolang-match-guards-20261009/src_nano/compiler/nanoisa_codegen.nano","line":112,"elapsed_seconds":0.000000,"failures":0}
{"event":"shadow-complete","name":"nisa_ordinary_tag","source":"/private/tmp/nanolang-match-guards-20261009/src_nano/compiler/nanoisa_codegen.nano","line":112,"elapsed_seconds":0.000719,"failures":0}
{"event":"shadow-start","name":"nisa_ordinary_contract","source":"/private/tmp/nanolang-match-guards-20261009/src_nano/compiler/nanoisa_codegen.nano","line":132,"elapsed_seconds":0.000000,"failures":0}
{"event":"shadow-complete","name":"nisa_ordinary_contract","source":"/private/tmp/nanolang-match-guards-20261009/src_nano/compiler/nanoisa_codegen.nano","line":132,"elapsed_seconds":0.000699,"failures":0}
{"event":"shadow-start","name":"nisa_ordinary_record_index","source":"/private/tmp/nanolang-match-guards-20261009/src_nano/compiler/nanoisa_codegen.nano","line":152,"elapsed_seconds":0.000000,"failures":0}
{"event":"shadow-complete","name":"nisa_ordinary_record_index","source":"/private/tmp/nanolang-match-guards-20261009/src_nano/compiler/nanoisa_codegen.nano","line":152,"elapsed_seconds":0.009469,"failures":0}
{"event":"shadow-start","name":"nisa_ordinary_graph","source":"/private/tmp/nanolang-match-guards-20261009/src_nano/compiler/nanoisa_codegen.nano","line":209,"elapsed_seconds":0.000000,"failures":0}
{"event":"shadow-complete","name":"nisa_ordinary_graph","source":"/private/tmp/nanolang-match-guards-20261009/src_nano/compiler/nanoisa_codegen.nano","line":209,"elapsed_seconds":0.018243,"failures":0}
{"event":"shadow-start","name":"nisa_ordinary_publication","source":"/private/tmp/nanolang-match-guards-20261009/src_nano/compiler/nanoisa_codegen.nano","line":258,"elapsed_seconds":0.000000,"failures":0}
{"event":"shadow-complete","name":"nisa_ordinary_publication","source":"/private/tmp/nanolang-match-guards-20261009/src_nano/compiler/nanoisa_codegen.nano","line":258,"elapsed_seconds":0.015210,"failures":0}
{"event":"shadow-start","name":"nisa_reset","source":"/private/tmp/nanolang-match-guards-20261009/src_nano/compiler/nanoisa_codegen.nano","line":318,"elapsed_seconds":0.000000,"failures":0}
{"event":"shadow-complete","name":"nisa_reset","source":"/private/tmp/nanolang-match-guards-20261009/src_nano/compiler/nanoisa_codegen.nano","line":318,"elapsed_seconds":0.000192,"failures":0}
{"event":"shadow-start","name":"nisa_fail","source":"/private/tmp/nanolang-match-guards-20261009/src_nano/compiler/nanoisa_codegen.nano","line":336,"elapsed_seconds":0.000000,"failures":0}
{"event":"shadow-complete","name":"nisa_fail","source":"/private/tmp/nanolang-match-guards-20261009/src_nano/compiler/nanoisa_codegen.nano","line":336,"elapsed_seconds":0.000252,"failures":0}
{"event":"shadow-start","name":"nanoisa_last_lowering_error","source":"/private/tmp/nanolang-match-guards-20261009/src_nano/compiler/nanoisa_codegen.nano","line":349,"elapsed_seconds":0.000000,"failures":0}
{"event":"shadow-complete","name":"nanoisa_last_lowering_error","source":"/private/tmp/nanolang-match-guards-20261009/src_nano/compiler/nanoisa_codegen.nano","line":349,"elapsed_seconds":0.000254,"failures":0}
{"event":"shadow-start","name":"nisa_capture_find","source":"/private/tmp/nanolang-match-guards-20261009/src_nano/compiler/nanoisa_codegen.nano","line":390,"elapsed_seconds":0.000000,"failures":0}
{"event":"shadow-complete","name":"nisa_capture_find","source":"/private/tmp/nanolang-match-guards-20261009/src_nano/compiler/nanoisa_codegen.nano","line":390,"elapsed_seconds":0.000378,"failures":0}
{"event":"shadow-start","name":"nisa_emit_lambda","source":"/private/tmp/nanolang-match-guards-20261009/src_nano/compiler/nanoisa_codegen.nano","line":468,"elapsed_seconds":0.000000,"failures":0}
{"event":"shadow-complete","name":"nisa_emit_lambda","source":"/private/tmp/nanolang-match-guards-20261009/src_nano/compiler/nanoisa_codegen.nano","line":468,"elapsed_seconds":0.026729,"failures":0}
{"event":"shadow-start","name":"nisa_local_find","source":"/private/tmp/nanolang-match-guards-20261009/src_nano/compiler/nanoisa_codegen.nano","line":486,"elapsed_seconds":0.000000,"failures":0}
{"event":"shadow-complete","name":"nisa_local_find","source":"/private/tmp/nanolang-match-guards-20261009/src_nano/compiler/nanoisa_codegen.nano","line":486,"elapsed_seconds":0.000299,"failures":0}
{"event":"shadow-start","name":"nisa_intern","source":"/private/tmp/nanolang-match-guards-20261009/src_nano/compiler/nanoisa_codegen.nano","line":510,"elapsed_seconds":0.000000,"failures":0}
{"event":"shadow-complete","name":"nisa_intern","source":"/private/tmp/nanolang-match-guards-20261009/src_nano/compiler/nanoisa_codegen.nano","line":510,"elapsed_seconds":0.000268,"failures":0}
{"event":"shadow-start","name":"nisa_decode_string","source":"/private/tmp/nanolang-match-guards-20261009/src_nano/compiler/nanoisa_codegen.nano","line":543,"elapsed_seconds":0.000000,"failures":0}
{"event":"shadow-complete","name":"nisa_decode_string","source":"/private/tmp/nanolang-match-guards-20261009/src_nano/compiler/nanoisa_codegen.nano","line":543,"elapsed_seconds":0.000362,"failures":0}
{"event":"shadow-start","name":"nisa_escape_string","source":"/private/tmp/nanolang-match-guards-20261009/src_nano/compiler/nanoisa_codegen.nano","line":573,"elapsed_seconds":0.000000,"failures":0}
{"event":"shadow-complete","name":"nisa_escape_string","source":"/private/tmp/nanolang-match-guards-20261009/src_nano/compiler/nanoisa_codegen.nano","line":573,"elapsed_seconds":0.000529,"failures":0}
{"event":"shadow-start","name":"nisa_str_prelude","source":"/private/tmp/nanolang-match-guards-20261009/src_nano/compiler/nanoisa_codegen.nano","line":596,"elapsed_seconds":0.000000,"failures":0}
{"event":"shadow-complete","name":"nisa_str_prelude","source":"/private/tmp/nanolang-match-guards-20261009/src_nano/compiler/nanoisa_codegen.nano","line":596,"elapsed_seconds":0.000356,"failures":0}
{"event":"shadow-start","name":"nisa_array_arithmetic_mnemonic","source":"/private/tmp/nanolang-match-guards-20261009/src_nano/compiler/nanoisa_codegen.nano","line":612,"elapsed_seconds":0.000000,"failures":0}
{"event":"shadow-complete","name":"nisa_array_arithmetic_mnemonic","source":"/private/tmp/nanolang-match-guards-20261009/src_nano/compiler/nanoisa_codegen.nano","line":612,"elapsed_seconds":0.000201,"failures":0}
{"event":"shadow-start","name":"nisa_array_arithmetic_type","source":"/private/tmp/nanolang-match-guards-20261009/src_nano/compiler/nanoisa_codegen.nano","line":629,"elapsed_seconds":0.000000,"failures":0}
{"event":"shadow-complete","name":"nisa_array_arithmetic_type","source":"/private/tmp/nanolang-match-guards-20261009/src_nano/compiler/nanoisa_codegen.nano","line":629,"elapsed_seconds":0.000326,"failures":0}
{"event":"shadow-start","name":"nisa_binop_mnemonic","source":"/private/tmp/nanolang-match-guards-20261009/src_nano/compiler/nanoisa_codegen.nano","line":694,"elapsed_seconds":0.000000,"failures":0}
{"event":"shadow-complete","name":"nisa_binop_mnemonic","source":"/private/tmp/nanolang-match-guards-20261009/src_nano/compiler/nanoisa_codegen.nano","line":694,"elapsed_seconds":0.000157,"failures":0}
{"event":"shadow-start","name":"nisa_line","source":"/private/tmp/nanolang-match-guards-20261009/src_nano/compiler/nanoisa_codegen.nano","line":706,"elapsed_seconds":0.000000,"failures":0}
{"event":"shadow-complete","name":"nisa_line","source":"/private/tmp/nanolang-match-guards-20261009/src_nano/compiler/nanoisa_codegen.nano","line":706,"elapsed_seconds":0.000124,"failures":0}
{"event":"shadow-start","name":"nisa_line_imm","source":"/private/tmp/nanolang-match-guards-20261009/src_nano/compiler/nanoisa_codegen.nano","line":714,"elapsed_seconds":0.000000,"failures":0}
{"event":"shadow-complete","name":"nisa_line_imm","source":"/private/tmp/nanolang-match-guards-20261009/src_nano/compiler/nanoisa_codegen.nano","line":714,"elapsed_seconds":0.000124,"failures":0}
{"event":"shadow-start","name":"nisa_map_value_type","source":"/private/tmp/nanolang-match-guards-20261009/src_nano/compiler/nanoisa_codegen.nano","line":723,"elapsed_seconds":0.000000,"failures":0}
{"event":"shadow-complete","name":"nisa_map_value_type","source":"/private/tmp/nanolang-match-guards-20261009/src_nano/compiler/nanoisa_codegen.nano","line":723,"elapsed_seconds":0.000165,"failures":0}
{"event":"shadow-start","name":"nisa_local_type_ok","source":"/private/tmp/nanolang-match-guards-20261009/src_nano/compiler/nanoisa_codegen.nano","line":757,"elapsed_seconds":0.000000,"failures":0}
{"event":"shadow-complete","name":"nisa_local_type_ok","source":"/private/tmp/nanolang-match-guards-20261009/src_nano/compiler/nanoisa_codegen.nano","line":757,"elapsed_seconds":0.000412,"failures":0}
{"event":"shadow-start","name":"nisa_compact_type","source":"/private/tmp/nanolang-match-guards-20261009/src_nano/compiler/nanoisa_codegen.nano","line":790,"elapsed_seconds":0.000000,"failures":0}
{"event":"shadow-complete","name":"nisa_compact_type","source":"/private/tmp/nanolang-match-guards-20261009/src_nano/compiler/nanoisa_codegen.nano","line":790,"elapsed_seconds":0.000233,"failures":0}
{"event":"shadow-start","name":"nisa_tuple_elements","source":"/private/tmp/nanolang-match-guards-20261009/src_nano/compiler/nanoisa_codegen.nano","line":835,"elapsed_seconds":0.000000,"failures":0}
{"event":"shadow-complete","name":"nisa_tuple_elements","source":"/private/tmp/nanolang-match-guards-20261009/src_nano/compiler/nanoisa_codegen.nano","line":835,"elapsed_seconds":0.000815,"failures":0}
{"event":"shadow-start","name":"nisa_is_arr_builtin","source":"/private/tmp/nanolang-match-guards-20261009/src_nano/compiler/nanoisa_codegen.nano","line":853,"elapsed_seconds":0.000000,"failures":0}
{"event":"shadow-complete","name":"nisa_is_arr_builtin","source":"/private/tmp/nanolang-match-guards-20261009/src_nano/compiler/nanoisa_codegen.nano","line":853,"elapsed_seconds":0.000250,"failures":0}
{"event":"shadow-start","name":"nisa_is_print_builtin","source":"/private/tmp/nanolang-match-guards-20261009/src_nano/compiler/nanoisa_codegen.nano","line":867,"elapsed_seconds":0.000000,"failures":0}
{"event":"shadow-complete","name":"nisa_is_print_builtin","source":"/private/tmp/nanolang-match-guards-20261009/src_nano/compiler/nanoisa_codegen.nano","line":867,"elapsed_seconds":0.000161,"failures":0}
{"event":"shadow-start","name":"nisa_list_removal","source":"/private/tmp/nanolang-match-guards-20261009/src_nano/compiler/nanoisa_codegen.nano","line":879,"elapsed_seconds":0.000000,"failures":0}
{"event":"shadow-complete","name":"nisa_list_removal","source":"/private/tmp/nanolang-match-guards-20261009/src_nano/compiler/nanoisa_codegen.nano","line":879,"elapsed_seconds":0.000149,"failures":0}
{"event":"shadow-start","name":"nisa_list_removal_result","source":"/private/tmp/nanolang-match-guards-20261009/src_nano/compiler/nanoisa_codegen.nano","line":893,"elapsed_seconds":0.000000,"failures":0}
{"event":"shadow-complete","name":"nisa_list_removal_result","source":"/private/tmp/nanolang-match-guards-20261009/src_nano/compiler/nanoisa_codegen.nano","line":893,"elapsed_seconds":0.006529,"failures":0}
{"event":"shadow-start","name":"nisa_is_list_insert","source":"/private/tmp/nanolang-match-guards-20261009/src_nano/compiler/nanoisa_codegen.nano","line":905,"elapsed_seconds":0.000000,"failures":0}
{"event":"shadow-complete","name":"nisa_is_list_insert","source":"/private/tmp/nanolang-match-guards-20261009/src_nano/compiler/nanoisa_codegen.nano","line":905,"elapsed_seconds":0.000195,"failures":0}
{"event":"shadow-start","name":"nisa_is_list_free","source":"/private/tmp/nanolang-match-guards-20261009/src_nano/compiler/nanoisa_codegen.nano","line":914,"elapsed_seconds":0.000000,"failures":0}
{"event":"shadow-complete","name":"nisa_is_list_free","source":"/private/tmp/nanolang-match-guards-20261009/src_nano/compiler/nanoisa_codegen.nano","line":914,"elapsed_seconds":0.000171,"failures":0}
{"event":"shadow-start","name":"nisa_is_list_call","source":"/private/tmp/nanolang-match-guards-20261009/src_nano/compiler/nanoisa_codegen.nano","line":930,"elapsed_seconds":0.000000,"failures":0}
{"event":"shadow-complete","name":"nisa_is_list_call","source":"/private/tmp/nanolang-match-guards-20261009/src_nano/compiler/nanoisa_codegen.nano","line":930,"elapsed_seconds":0.000521,"failures":0}
{"event":"shadow-start","name":"nisa_is_set_call","source":"/private/tmp/nanolang-match-guards-20261009/src_nano/compiler/nanoisa_codegen.nano","line":946,"elapsed_seconds":0.000000,"failures":0}
{"event":"shadow-complete","name":"nisa_is_set_call","source":"/private/tmp/nanolang-match-guards-20261009/src_nano/compiler/nanoisa_codegen.nano","line":946,"elapsed_seconds":0.000307,"failures":0}
{"event":"shadow-start","name":"nisa_list_element_tag","source":"/private/tmp/nanolang-match-guards-20261009/src_nano/compiler/nanoisa_codegen.nano","line":996,"elapsed_seconds":0.000000,"failures":0}
{"event":"shadow-complete","name":"nisa_list_element_tag","source":"/private/tmp/nanolang-match-guards-20261009/src_nano/compiler/nanoisa_codegen.nano","line":996,"elapsed_seconds":0.011690,"failures":0}
{"event":"shadow-start","name":"nisa_string_binary_opcode","source":"/private/tmp/nanolang-match-guards-20261009/src_nano/compiler/nanoisa_codegen.nano","line":1018,"elapsed_seconds":0.000000,"failures":0}
{"event":"shadow-complete","name":"nisa_string_binary_opcode","source":"/private/tmp/nanolang-match-guards-20261009/src_nano/compiler/nanoisa_codegen.nano","line":1018,"elapsed_seconds":0.000220,"failures":0}
{"event":"shadow-start","name":"nisa_is_inline_call","source":"/private/tmp/nanolang-match-guards-20261009/src_nano/compiler/nanoisa_codegen.nano","line":1045,"elapsed_seconds":0.000000,"failures":0}
{"event":"shadow-complete","name":"nisa_is_inline_call","source":"/private/tmp/nanolang-match-guards-20261009/src_nano/compiler/nanoisa_codegen.nano","line":1045,"elapsed_seconds":0.001510,"failures":0}
{"event":"shadow-start","name":"nisa_struct_index","source":"/private/tmp/nanolang-match-guards-20261009/src_nano/compiler/nanoisa_codegen.nano","line":1086,"elapsed_seconds":0.000000,"failures":0}
{"event":"shadow-complete","name":"nisa_struct_index","source":"/private/tmp/nanolang-match-guards-20261009/src_nano/compiler/nanoisa_codegen.nano","line":1086,"elapsed_seconds":0.009761,"failures":0}
{"event":"shadow-start","name":"nisa_is_int_record","source":"/private/tmp/nanolang-match-guards-20261009/src_nano/compiler/nanoisa_codegen.nano","line":1114,"elapsed_seconds":0.000000,"failures":0}
{"event":"shadow-complete","name":"nisa_is_int_record","source":"/private/tmp/nanolang-match-guards-20261009/src_nano/compiler/nanoisa_codegen.nano","line":1114,"elapsed_seconds":0.010117,"failures":0}
{"event":"shadow-start","name":"nisa_opaque_index","source":"/private/tmp/nanolang-match-guards-20261009/src_nano/compiler/nanoisa_codegen.nano","line":1135,"elapsed_seconds":0.000000,"failures":0}
{"event":"shadow-complete","name":"nisa_opaque_index","source":"/private/tmp/nanolang-match-guards-20261009/src_nano/compiler/nanoisa_codegen.nano","line":1135,"elapsed_seconds":0.001484,"failures":0}
{"event":"shadow-start","name":"nisa_enum_index","source":"/private/tmp/nanolang-match-guards-20261009/src_nano/compiler/nanoisa_codegen.nano","line":1155,"elapsed_seconds":0.000000,"failures":0}
{"event":"shadow-complete","name":"nisa_enum_index","source":"/private/tmp/nanolang-match-guards-20261009/src_nano/compiler/nanoisa_codegen.nano","line":1155,"elapsed_seconds":0.002992,"failures":0}
{"event":"shadow-start","name":"nisa_enum_receiver","source":"/private/tmp/nanolang-match-guards-20261009/src_nano/compiler/nanoisa_codegen.nano","line":1169,"elapsed_seconds":0.000000,"failures":0}
{"event":"shadow-complete","name":"nisa_enum_receiver","source":"/private/tmp/nanolang-match-guards-20261009/src_nano/compiler/nanoisa_codegen.nano","line":1169,"elapsed_seconds":0.007145,"failures":0}
{"event":"shadow-start","name":"nisa_value_type_matches","source":"/private/tmp/nanolang-match-guards-20261009/src_nano/compiler/nanoisa_codegen.nano","line":1186,"elapsed_seconds":0.000000,"failures":0}
{"event":"shadow-complete","name":"nisa_value_type_matches","source":"/private/tmp/nanolang-match-guards-20261009/src_nano/compiler/nanoisa_codegen.nano","line":1186,"elapsed_seconds":0.002767,"failures":0}
{"event":"shadow-start","name":"nisa_union_base","source":"/private/tmp/nanolang-match-guards-20261009/src_nano/compiler/nanoisa_codegen.nano","line":1205,"elapsed_seconds":0.000000,"failures":0}
{"event":"shadow-complete","name":"nisa_union_base","source":"/private/tmp/nanolang-match-guards-20261009/src_nano/compiler/nanoisa_codegen.nano","line":1205,"elapsed_seconds":0.000407,"failures":0}
{"event":"shadow-start","name":"nisa_union_arguments","source":"/private/tmp/nanolang-match-guards-20261009/src_nano/compiler/nanoisa_codegen.nano","line":1233,"elapsed_seconds":0.000000,"failures":0}
{"event":"shadow-complete","name":"nisa_union_arguments","source":"/private/tmp/nanolang-match-guards-20261009/src_nano/compiler/nanoisa_codegen.nano","line":1233,"elapsed_seconds":0.001081,"failures":0}
{"event":"shadow-start","name":"nisa_union_index","source":"/private/tmp/nanolang-match-guards-20261009/src_nano/compiler/nanoisa_codegen.nano","line":1257,"elapsed_seconds":0.000000,"failures":0}
{"event":"shadow-complete","name":"nisa_union_index","source":"/private/tmp/nanolang-match-guards-20261009/src_nano/compiler/nanoisa_codegen.nano","line":1257,"elapsed_seconds":0.008999,"failures":0}
{"event":"shadow-start","name":"nisa_union_variant","source":"/private/tmp/nanolang-match-guards-20261009/src_nano/compiler/nanoisa_codegen.nano","line":1279,"elapsed_seconds":0.000000,"failures":0}
{"event":"shadow-complete","name":"nisa_union_variant","source":"/private/tmp/nanolang-match-guards-20261009/src_nano/compiler/nanoisa_codegen.nano","line":1279,"elapsed_seconds":0.004172,"failures":0}
{"event":"shadow-start","name":"nisa_union_offset","source":"/private/tmp/nanolang-match-guards-20261009/src_nano/compiler/nanoisa_codegen.nano","line":1295,"elapsed_seconds":0.000000,"failures":0}
{"event":"shadow-complete","name":"nisa_union_offset","source":"/private/tmp/nanolang-match-guards-20261009/src_nano/compiler/nanoisa_codegen.nano","line":1295,"elapsed_seconds":0.004226,"failures":0}
{"event":"shadow-start","name":"nisa_union_payload_type","source":"/private/tmp/nanolang-match-guards-20261009/src_nano/compiler/nanoisa_codegen.nano","line":1304,"elapsed_seconds":0.000000,"failures":0}
{"event":"shadow-complete","name":"nisa_union_payload_type","source":"/private/tmp/nanolang-match-guards-20261009/src_nano/compiler/nanoisa_codegen.nano","line":1304,"elapsed_seconds":0.000160,"failures":0}
{"event":"shadow-start","name":"nisa_union_concrete_field","source":"/private/tmp/nanolang-match-guards-20261009/src_nano/compiler/nanoisa_codegen.nano","line":1312,"elapsed_seconds":0.000000,"failures":0}
{"event":"shadow-complete","name":"nisa_union_concrete_field","source":"/private/tmp/nanolang-match-guards-20261009/src_nano/compiler/nanoisa_codegen.nano","line":1312,"elapsed_seconds":0.005164,"failures":0}
{"event":"shadow-start","name":"nisa_union_supported","source":"/private/tmp/nanolang-match-guards-20261009/src_nano/compiler/nanoisa_codegen.nano","line":1363,"elapsed_seconds":0.000000,"failures":0}
{"event":"shadow-complete","name":"nisa_union_supported","source":"/private/tmp/nanolang-match-guards-20261009/src_nano/compiler/nanoisa_codegen.nano","line":1363,"elapsed_seconds":0.008378,"failures":0}
{"event":"shadow-start","name":"nisa_union_payload_owner","source":"/private/tmp/nanolang-match-guards-20261009/src_nano/compiler/nanoisa_codegen.nano","line":1388,"elapsed_seconds":0.000000,"failures":0}
{"event":"shadow-complete","name":"nisa_union_payload_owner","source":"/private/tmp/nanolang-match-guards-20261009/src_nano/compiler/nanoisa_codegen.nano","line":1388,"elapsed_seconds":0.005444,"failures":0}
{"event":"shadow-start","name":"nisa_union_field","source":"/private/tmp/nanolang-match-guards-20261009/src_nano/compiler/nanoisa_codegen.nano","line":1410,"elapsed_seconds":0.000000,"failures":0}
{"event":"shadow-complete","name":"nisa_union_field","source":"/private/tmp/nanolang-match-guards-20261009/src_nano/compiler/nanoisa_codegen.nano","line":1410,"elapsed_seconds":0.005070,"failures":0}
{"event":"shadow-start","name":"nisa_union_field_type","source":"/private/tmp/nanolang-match-guards-20261009/src_nano/compiler/nanoisa_codegen.nano","line":1428,"elapsed_seconds":0.000000,"failures":0}
{"event":"shadow-complete","name":"nisa_union_field_type","source":"/private/tmp/nanolang-match-guards-20261009/src_nano/compiler/nanoisa_codegen.nano","line":1428,"elapsed_seconds":0.006544,"failures":0}
{"event":"shadow-start","name":"nisa_emit_union_context","source":"/private/tmp/nanolang-match-guards-20261009/src_nano/compiler/nanoisa_codegen.nano","line":1488,"elapsed_seconds":0.000000,"failures":0}
{"event":"shadow-complete","name":"nisa_emit_union_context","source":"/private/tmp/nanolang-match-guards-20261009/src_nano/compiler/nanoisa_codegen.nano","line":1488,"elapsed_seconds":0.022466,"failures":0}
{"event":"shadow-start","name":"nisa_emit_union","source":"/private/tmp/nanolang-match-guards-20261009/src_nano/compiler/nanoisa_codegen.nano","line":1512,"elapsed_seconds":0.000000,"failures":0}
{"event":"shadow-complete","name":"nisa_emit_union","source":"/private/tmp/nanolang-match-guards-20261009/src_nano/compiler/nanoisa_codegen.nano","line":1512,"elapsed_seconds":0.018530,"failures":0}
{"event":"shadow-start","name":"nisa_match_coverage","source":"/private/tmp/nanolang-match-guards-20261009/src_nano/compiler/nanoisa_codegen.nano","line":1545,"elapsed_seconds":0.000000,"failures":0}
{"event":"shadow-complete","name":"nisa_match_coverage","source":"/private/tmp/nanolang-match-guards-20261009/src_nano/compiler/nanoisa_codegen.nano","line":1545,"elapsed_seconds":0.027984,"failures":0}
{"event":"shadow-start","name":"nisa_match_domain_covered","source":"/private/tmp/nanolang-match-guards-20261009/src_nano/compiler/nanoisa_codegen.nano","line":1569,"elapsed_seconds":0.000000,"failures":0}
{"event":"shadow-complete","name":"nisa_match_domain_covered","source":"/private/tmp/nanolang-match-guards-20261009/src_nano/compiler/nanoisa_codegen.nano","line":1569,"elapsed_seconds":0.025618,"failures":0}
{"event":"shadow-start","name":"nisa_match_arm_type","source":"/private/tmp/nanolang-match-guards-20261009/src_nano/compiler/nanoisa_codegen.nano","line":1612,"elapsed_seconds":0.000000,"failures":0}
{"event":"shadow-complete","name":"nisa_match_arm_type","source":"/private/tmp/nanolang-match-guards-20261009/src_nano/compiler/nanoisa_codegen.nano","line":1612,"elapsed_seconds":0.009714,"failures":0}
{"event":"shadow-start","name":"nisa_emit_match_arm","source":"/private/tmp/nanolang-match-guards-20261009/src_nano/compiler/nanoisa_codegen.nano","line":1640,"elapsed_seconds":0.000000,"failures":0}
{"event":"shadow-complete","name":"nisa_emit_match_arm","source":"/private/tmp/nanolang-match-guards-20261009/src_nano/compiler/nanoisa_codegen.nano","line":1640,"elapsed_seconds":0.009752,"failures":0}
{"event":"shadow-start","name":"nisa_match_result_type","source":"/private/tmp/nanolang-match-guards-20261009/src_nano/compiler/nanoisa_codegen.nano","line":1700,"elapsed_seconds":0.000000,"failures":0}
{"event":"shadow-complete","name":"nisa_match_result_type","source":"/private/tmp/nanolang-match-guards-20261009/src_nano/compiler/nanoisa_codegen.nano","line":1700,"elapsed_seconds":0.043206,"failures":0}
{"event":"shadow-start","name":"nisa_emit_match_value","source":"/private/tmp/nanolang-match-guards-20261009/src_nano/compiler/nanoisa_codegen.nano","line":1730,"elapsed_seconds":0.000000,"failures":0}
{"event":"shadow-complete","name":"nisa_emit_match_value","source":"/private/tmp/nanolang-match-guards-20261009/src_nano/compiler/nanoisa_codegen.nano","line":1730,"elapsed_seconds":0.069225,"failures":0}
{"event":"shadow-start","name":"nisa_emit_match_cases","source":"/private/tmp/nanolang-match-guards-20261009/src_nano/compiler/nanoisa_codegen.nano","line":1820,"elapsed_seconds":0.000000,"failures":0}
{"event":"shadow-complete","name":"nisa_emit_match_cases","source":"/private/tmp/nanolang-match-guards-20261009/src_nano/compiler/nanoisa_codegen.nano","line":1820,"elapsed_seconds":0.008905,"failures":0}
{"event":"shadow-start","name":"nisa_emit_match_body_checked","source":"/private/tmp/nanolang-match-guards-20261009/src_nano/compiler/nanoisa_codegen.nano","line":1842,"elapsed_seconds":0.000000,"failures":0}
{"event":"shadow-complete","name":"nisa_emit_match_body_checked","source":"/private/tmp/nanolang-match-guards-20261009/src_nano/compiler/nanoisa_codegen.nano","line":1842,"elapsed_seconds":0.044490,"failures":0}
{"event":"shadow-start","name":"nisa_emit_match_body","source":"/private/tmp/nanolang-match-guards-20261009/src_nano/compiler/nanoisa_codegen.nano","line":1869,"elapsed_seconds":0.000000,"failures":0}
{"event":"shadow-complete","name":"nisa_emit_match_body","source":"/private/tmp/nanolang-match-guards-20261009/src_nano/compiler/nanoisa_codegen.nano","line":1869,"elapsed_seconds":0.034672,"failures":0}
{"event":"shadow-start","name":"nisa_emit_match","source":"/private/tmp/nanolang-match-guards-20261009/src_nano/compiler/nanoisa_codegen.nano","line":1881,"elapsed_seconds":0.000000,"failures":0}
{"event":"shadow-complete","name":"nisa_emit_match","source":"/private/tmp/nanolang-match-guards-20261009/src_nano/compiler/nanoisa_codegen.nano","line":1881,"elapsed_seconds":0.035549,"failures":0}
{"event":"shadow-start","name":"nisa_field_shape_supported_seen","source":"/private/tmp/nanolang-match-guards-20261009/src_nano/compiler/nanoisa_codegen.nano","line":1909,"elapsed_seconds":0.000000,"failures":0}
{"event":"shadow-complete","name":"nisa_field_shape_supported_seen","source":"/private/tmp/nanolang-match-guards-20261009/src_nano/compiler/nanoisa_codegen.nano","line":1909,"elapsed_seconds":0.007596,"failures":0}
{"event":"shadow-start","name":"nisa_field_shape_supported","source":"/private/tmp/nanolang-match-guards-20261009/src_nano/compiler/nanoisa_codegen.nano","line":1920,"elapsed_seconds":0.000000,"failures":0}
{"event":"shadow-complete","name":"nisa_field_shape_supported","source":"/private/tmp/nanolang-match-guards-20261009/src_nano/compiler/nanoisa_codegen.nano","line":1920,"elapsed_seconds":0.003529,"failures":0}
{"event":"shadow-start","name":"nisa_record_shape_supported_seen","source":"/private/tmp/nanolang-match-guards-20261009/src_nano/compiler/nanoisa_codegen.nano","line":1955,"elapsed_seconds":0.000000,"failures":0}
{"event":"shadow-complete","name":"nisa_record_shape_supported_seen","source":"/private/tmp/nanolang-match-guards-20261009/src_nano/compiler/nanoisa_codegen.nano","line":1955,"elapsed_seconds":0.007431,"failures":0}
{"event":"shadow-start","name":"nisa_record_shape_supported","source":"/private/tmp/nanolang-match-guards-20261009/src_nano/compiler/nanoisa_codegen.nano","line":1966,"elapsed_seconds":0.000000,"failures":0}
{"event":"shadow-complete","name":"nisa_record_shape_supported","source":"/private/tmp/nanolang-match-guards-20261009/src_nano/compiler/nanoisa_codegen.nano","line":1966,"elapsed_seconds":0.009785,"failures":0}
{"event":"shadow-start","name":"nisa_is_pin_record","source":"/private/tmp/nanolang-match-guards-20261009/src_nano/compiler/nanoisa_codegen.nano","line":1979,"elapsed_seconds":0.000000,"failures":0}
{"event":"shadow-complete","name":"nisa_is_pin_record","source":"/private/tmp/nanolang-match-guards-20261009/src_nano/compiler/nanoisa_codegen.nano","line":1979,"elapsed_seconds":0.019223,"failures":0}
{"event":"shadow-start","name":"nisa_tuple_type_ok","source":"/private/tmp/nanolang-match-guards-20261009/src_nano/compiler/nanoisa_codegen.nano","line":2013,"elapsed_seconds":0.000000,"failures":0}
{"event":"shadow-complete","name":"nisa_tuple_type_ok","source":"/private/tmp/nanolang-match-guards-20261009/src_nano/compiler/nanoisa_codegen.nano","line":2013,"elapsed_seconds":0.003313,"failures":0}
{"event":"shadow-start","name":"nisa_function_type_ok_seen","source":"/private/tmp/nanolang-match-guards-20261009/src_nano/compiler/nanoisa_codegen.nano","line":2045,"elapsed_seconds":0.000000,"failures":0}
{"event":"shadow-complete","name":"nisa_function_type_ok_seen","source":"/private/tmp/nanolang-match-guards-20261009/src_nano/compiler/nanoisa_codegen.nano","line":2045,"elapsed_seconds":0.007678,"failures":0}
{"event":"shadow-start","name":"nisa_function_type_ok","source":"/private/tmp/nanolang-match-guards-20261009/src_nano/compiler/nanoisa_codegen.nano","line":2056,"elapsed_seconds":0.000000,"failures":0}
{"event":"shadow-complete","name":"nisa_function_type_ok","source":"/private/tmp/nanolang-match-guards-20261009/src_nano/compiler/nanoisa_codegen.nano","line":2056,"elapsed_seconds":0.003222,"failures":0}
{"event":"shadow-start","name":"nisa_function_type","source":"/private/tmp/nanolang-match-guards-20261009/src_nano/compiler/nanoisa_codegen.nano","line":2074,"elapsed_seconds":0.000000,"failures":0}
{"event":"shadow-complete","name":"nisa_function_type","source":"/private/tmp/nanolang-match-guards-20261009/src_nano/compiler/nanoisa_codegen.nano","line":2074,"elapsed_seconds":0.010280,"failures":0}
{"event":"shadow-start","name":"nisa_type_ok_seen","source":"/private/tmp/nanolang-match-guards-20261009/src_nano/compiler/nanoisa_codegen.nano","line":2105,"elapsed_seconds":0.000000,"failures":0}
{"event":"shadow-complete","name":"nisa_type_ok_seen","source":"/private/tmp/nanolang-match-guards-20261009/src_nano/compiler/nanoisa_codegen.nano","line":2105,"elapsed_seconds":0.010300,"failures":0}
{"event":"shadow-start","name":"nisa_type_ok","source":"/private/tmp/nanolang-match-guards-20261009/src_nano/compiler/nanoisa_codegen.nano","line":2118,"elapsed_seconds":0.000000,"failures":0}
{"event":"shadow-complete","name":"nisa_type_ok","source":"/private/tmp/nanolang-match-guards-20261009/src_nano/compiler/nanoisa_codegen.nano","line":2118,"elapsed_seconds":0.019117,"failures":0}
{"event":"shadow-start","name":"nisa_fresh","source":"/private/tmp/nanolang-match-guards-20261009/src_nano/compiler/nanoisa_codegen.nano","line":2144,"elapsed_seconds":0.000000,"failures":0}
{"event":"shadow-complete","name":"nisa_fresh","source":"/private/tmp/nanolang-match-guards-20261009/src_nano/compiler/nanoisa_codegen.nano","line":2144,"elapsed_seconds":0.000255,"failures":0}
{"event":"shadow-start","name":"nisa_label_line","source":"/private/tmp/nanolang-match-guards-20261009/src_nano/compiler/nanoisa_codegen.nano","line":2155,"elapsed_seconds":0.000000,"failures":0}
{"event":"shadow-complete","name":"nisa_label_line","source":"/private/tmp/nanolang-match-guards-20261009/src_nano/compiler/nanoisa_codegen.nano","line":2155,"elapsed_seconds":0.000187,"failures":0}
{"event":"shadow-start","name":"nisa_fn_index","source":"/private/tmp/nanolang-match-guards-20261009/src_nano/compiler/nanoisa_codegen.nano","line":2174,"elapsed_seconds":0.000000,"failures":0}
{"event":"shadow-complete","name":"nisa_fn_index","source":"/private/tmp/nanolang-match-guards-20261009/src_nano/compiler/nanoisa_codegen.nano","line":2174,"elapsed_seconds":0.015294,"failures":0}
{"event":"shadow-start","name":"nisa_require_function","source":"/private/tmp/nanolang-match-guards-20261009/src_nano/compiler/nanoisa_codegen.nano","line":2194,"elapsed_seconds":0.000000,"failures":0}
{"event":"shadow-complete","name":"nisa_require_function","source":"/private/tmp/nanolang-match-guards-20261009/src_nano/compiler/nanoisa_codegen.nano","line":2194,"elapsed_seconds":0.000405,"failures":0}
{"event":"shadow-start","name":"nisa_is_global_let","source":"/private/tmp/nanolang-match-guards-20261009/src_nano/compiler/nanoisa_codegen.nano","line":2244,"elapsed_seconds":0.000000,"failures":0}
{"event":"shadow-complete","name":"nisa_is_global_let","source":"/private/tmp/nanolang-match-guards-20261009/src_nano/compiler/nanoisa_codegen.nano","line":2244,"elapsed_seconds":0.017562,"failures":0}
{"event":"shadow-start","name":"nisa_global_let_flags","source":"/private/tmp/nanolang-match-guards-20261009/src_nano/compiler/nanoisa_codegen.nano","line":2267,"elapsed_seconds":0.000000,"failures":0}
{"event":"shadow-complete","name":"nisa_global_let_flags","source":"/private/tmp/nanolang-match-guards-20261009/src_nano/compiler/nanoisa_codegen.nano","line":2267,"elapsed_seconds":0.027856,"failures":0}
{"event":"shadow-start","name":"nisa_global_find","source":"/private/tmp/nanolang-match-guards-20261009/src_nano/compiler/nanoisa_codegen.nano","line":2297,"elapsed_seconds":0.000000,"failures":0}
{"event":"shadow-complete","name":"nisa_global_find","source":"/private/tmp/nanolang-match-guards-20261009/src_nano/compiler/nanoisa_codegen.nano","line":2297,"elapsed_seconds":0.000675,"failures":0}
{"event":"shadow-start","name":"nisa_emit_globals","source":"/private/tmp/nanolang-match-guards-20261009/src_nano/compiler/nanoisa_codegen.nano","line":2353,"elapsed_seconds":0.000000,"failures":0}
{"event":"shadow-complete","name":"nisa_emit_globals","source":"/private/tmp/nanolang-match-guards-20261009/src_nano/compiler/nanoisa_codegen.nano","line":2353,"elapsed_seconds":0.028613,"failures":0}
{"event":"shadow-start","name":"nisa_map_opcode","source":"/private/tmp/nanolang-match-guards-20261009/src_nano/compiler/nanoisa_codegen.nano","line":2384,"elapsed_seconds":0.000000,"failures":0}
{"event":"shadow-complete","name":"nisa_map_opcode","source":"/private/tmp/nanolang-match-guards-20261009/src_nano/compiler/nanoisa_codegen.nano","line":2384,"elapsed_seconds":0.000184,"failures":0}
{"event":"shadow-start","name":"nisa_map_result","source":"/private/tmp/nanolang-match-guards-20261009/src_nano/compiler/nanoisa_codegen.nano","line":2398,"elapsed_seconds":0.000000,"failures":0}
{"event":"shadow-complete","name":"nisa_map_result","source":"/private/tmp/nanolang-match-guards-20261009/src_nano/compiler/nanoisa_codegen.nano","line":2398,"elapsed_seconds":0.000265,"failures":0}
{"event":"shadow-start","name":"nisa_emit_map_call","source":"/private/tmp/nanolang-match-guards-20261009/src_nano/compiler/nanoisa_codegen.nano","line":2432,"elapsed_seconds":0.000000,"failures":0}
{"event":"shadow-complete","name":"nisa_emit_map_call","source":"/private/tmp/nanolang-match-guards-20261009/src_nano/compiler/nanoisa_codegen.nano","line":2432,"elapsed_seconds":0.007017,"failures":0}
{"event":"shadow-start","name":"nisa_host_result","source":"/private/tmp/nanolang-match-guards-20261009/src_nano/compiler/nanoisa_codegen.nano","line":2464,"elapsed_seconds":0.000000,"failures":0}
{"event":"shadow-complete","name":"nisa_host_result","source":"/private/tmp/nanolang-match-guards-20261009/src_nano/compiler/nanoisa_codegen.nano","line":2464,"elapsed_seconds":0.000506,"failures":0}
{"event":"shadow-start","name":"nisa_host_arity","source":"/private/tmp/nanolang-match-guards-20261009/src_nano/compiler/nanoisa_codegen.nano","line":2485,"elapsed_seconds":0.000000,"failures":0}
{"event":"shadow-complete","name":"nisa_host_arity","source":"/private/tmp/nanolang-match-guards-20261009/src_nano/compiler/nanoisa_codegen.nano","line":2485,"elapsed_seconds":0.000460,"failures":0}
{"event":"shadow-start","name":"nisa_host_parameter","source":"/private/tmp/nanolang-match-guards-20261009/src_nano/compiler/nanoisa_codegen.nano","line":2500,"elapsed_seconds":0.000000,"failures":0}
{"event":"shadow-complete","name":"nisa_host_parameter","source":"/private/tmp/nanolang-match-guards-20261009/src_nano/compiler/nanoisa_codegen.nano","line":2500,"elapsed_seconds":0.000470,"failures":0}
{"event":"shadow-start","name":"nisa_builtin_host_symbol","source":"/private/tmp/nanolang-match-guards-20261009/src_nano/compiler/nanoisa_codegen.nano","line":2519,"elapsed_seconds":0.000000,"failures":0}
{"event":"shadow-complete","name":"nisa_builtin_host_symbol","source":"/private/tmp/nanolang-match-guards-20261009/src_nano/compiler/nanoisa_codegen.nano","line":2519,"elapsed_seconds":0.000340,"failures":0}
{"event":"shadow-start","name":"nisa_call_host_symbol","source":"/private/tmp/nanolang-match-guards-20261009/src_nano/compiler/nanoisa_codegen.nano","line":2540,"elapsed_seconds":0.000000,"failures":0}
{"event":"shadow-complete","name":"nisa_call_host_symbol","source":"/private/tmp/nanolang-match-guards-20261009/src_nano/compiler/nanoisa_codegen.nano","line":2540,"elapsed_seconds":0.007937,"failures":0}
{"event":"shadow-start","name":"nisa_import_find","source":"/private/tmp/nanolang-match-guards-20261009/src_nano/compiler/nanoisa_codegen.nano","line":2559,"elapsed_seconds":0.000000,"failures":0}
{"event":"shadow-complete","name":"nisa_import_find","source":"/private/tmp/nanolang-match-guards-20261009/src_nano/compiler/nanoisa_codegen.nano","line":2559,"elapsed_seconds":0.000273,"failures":0}
{"event":"shadow-start","name":"nisa_import_add","source":"/private/tmp/nanolang-match-guards-20261009/src_nano/compiler/nanoisa_codegen.nano","line":2584,"elapsed_seconds":0.000000,"failures":0}
{"event":"shadow-complete","name":"nisa_import_add","source":"/private/tmp/nanolang-match-guards-20261009/src_nano/compiler/nanoisa_codegen.nano","line":2584,"elapsed_seconds":0.000383,"failures":0}
{"event":"shadow-start","name":"nisa_json_signature","source":"/private/tmp/nanolang-match-guards-20261009/src_nano/compiler/nanoisa_codegen.nano","line":2608,"elapsed_seconds":0.000000,"failures":0}
{"event":"shadow-complete","name":"nisa_json_signature","source":"/private/tmp/nanolang-match-guards-20261009/src_nano/compiler/nanoisa_codegen.nano","line":2608,"elapsed_seconds":0.000184,"failures":0}
{"event":"shadow-start","name":"nisa_sqlite_signature","source":"/private/tmp/nanolang-match-guards-20261009/src_nano/compiler/nanoisa_codegen.nano","line":2644,"elapsed_seconds":0.000000,"failures":0}
{"event":"shadow-complete","name":"nisa_sqlite_signature","source":"/private/tmp/nanolang-match-guards-20261009/src_nano/compiler/nanoisa_codegen.nano","line":2644,"elapsed_seconds":0.000189,"failures":0}
{"event":"shadow-start","name":"nisa_source_inputs_signature","source":"/private/tmp/nanolang-match-guards-20261009/src_nano/compiler/nanoisa_codegen.nano","line":2660,"elapsed_seconds":0.000000,"failures":0}
{"event":"shadow-complete","name":"nisa_source_inputs_signature","source":"/private/tmp/nanolang-match-guards-20261009/src_nano/compiler/nanoisa_codegen.nano","line":2660,"elapsed_seconds":0.000329,"failures":0}
{"event":"shadow-start","name":"nisa_typed_artifact_signature","source":"/private/tmp/nanolang-match-guards-20261009/src_nano/compiler/nanoisa_codegen.nano","line":2676,"elapsed_seconds":0.000000,"failures":0}
{"event":"shadow-complete","name":"nisa_typed_artifact_signature","source":"/private/tmp/nanolang-match-guards-20261009/src_nano/compiler/nanoisa_codegen.nano","line":2676,"elapsed_seconds":0.000283,"failures":0}
{"event":"shadow-start","name":"nisa_artifact_parameter","source":"/private/tmp/nanolang-match-guards-20261009/src_nano/compiler/nanoisa_codegen.nano","line":2690,"elapsed_seconds":0.000000,"failures":0}
{"event":"shadow-complete","name":"nisa_artifact_parameter","source":"/private/tmp/nanolang-match-guards-20261009/src_nano/compiler/nanoisa_codegen.nano","line":2690,"elapsed_seconds":0.000288,"failures":0}
{"event":"shadow-start","name":"nisa_artifact_arity","source":"/private/tmp/nanolang-match-guards-20261009/src_nano/compiler/nanoisa_codegen.nano","line":2714,"elapsed_seconds":0.000000,"failures":0}
{"event":"shadow-complete","name":"nisa_artifact_arity","source":"/private/tmp/nanolang-match-guards-20261009/src_nano/compiler/nanoisa_codegen.nano","line":2714,"elapsed_seconds":0.001457,"failures":0}
{"event":"shadow-start","name":"nisa_artifact_result","source":"/private/tmp/nanolang-match-guards-20261009/src_nano/compiler/nanoisa_codegen.nano","line":2751,"elapsed_seconds":0.000000,"failures":0}
{"event":"shadow-complete","name":"nisa_artifact_result","source":"/private/tmp/nanolang-match-guards-20261009/src_nano/compiler/nanoisa_codegen.nano","line":2751,"elapsed_seconds":0.001664,"failures":0}
{"event":"shadow-start","name":"nisa_artifact_path","source":"/private/tmp/nanolang-match-guards-20261009/src_nano/compiler/nanoisa_codegen.nano","line":2788,"elapsed_seconds":0.000000,"failures":0}
{"event":"shadow-complete","name":"nisa_artifact_path","source":"/private/tmp/nanolang-match-guards-20261009/src_nano/compiler/nanoisa_codegen.nano","line":2788,"elapsed_seconds":0.000301,"failures":0}
{"event":"shadow-start","name":"nisa_register_artifact","source":"/private/tmp/nanolang-match-guards-20261009/src_nano/compiler/nanoisa_codegen.nano","line":2840,"elapsed_seconds":0.000000,"failures":0}
{"event":"shadow-complete","name":"nisa_register_artifact","source":"/private/tmp/nanolang-match-guards-20261009/src_nano/compiler/nanoisa_codegen.nano","line":2840,"elapsed_seconds":0.037928,"failures":0}
{"event":"shadow-start","name":"nisa_module_result","source":"/private/tmp/nanolang-match-guards-20261009/src_nano/compiler/nanoisa_codegen.nano","line":2905,"elapsed_seconds":0.000000,"failures":0}
{"event":"shadow-complete","name":"nisa_module_result","source":"/private/tmp/nanolang-match-guards-20261009/src_nano/compiler/nanoisa_codegen.nano","line":2905,"elapsed_seconds":0.000189,"failures":0}
{"event":"shadow-start","name":"nisa_module_declarations_valid","source":"/private/tmp/nanolang-match-guards-20261009/src_nano/compiler/nanoisa_codegen.nano","line":2933,"elapsed_seconds":0.000000,"failures":0}
{"event":"shadow-complete","name":"nisa_module_declarations_valid","source":"/private/tmp/nanolang-match-guards-20261009/src_nano/compiler/nanoisa_codegen.nano","line":2933,"elapsed_seconds":0.022597,"failures":0}
{"event":"shadow-start","name":"nisa_register_extern","source":"/private/tmp/nanolang-match-guards-20261009/src_nano/compiler/nanoisa_codegen.nano","line":2978,"elapsed_seconds":0.000000,"failures":0}
{"event":"shadow-complete","name":"nisa_register_extern","source":"/private/tmp/nanolang-match-guards-20261009/src_nano/compiler/nanoisa_codegen.nano","line":2978,"elapsed_seconds":0.004191,"failures":0}
{"event":"shadow-start","name":"nisa_emit_host_call","source":"/private/tmp/nanolang-match-guards-20261009/src_nano/compiler/nanoisa_codegen.nano","line":3002,"elapsed_seconds":0.000000,"failures":0}
{"event":"shadow-complete","name":"nisa_emit_host_call","source":"/private/tmp/nanolang-match-guards-20261009/src_nano/compiler/nanoisa_codegen.nano","line":3002,"elapsed_seconds":0.006814,"failures":0}
{"event":"shadow-start","name":"nisa_get_call","source":"/private/tmp/nanolang-match-guards-20261009/src_nano/compiler/nanoisa_codegen.nano","line":3025,"elapsed_seconds":0.000000,"failures":0}
{"event":"shadow-complete","name":"nisa_get_call","source":"/private/tmp/nanolang-match-guards-20261009/src_nano/compiler/nanoisa_codegen.nano","line":3025,"elapsed_seconds":0.006662,"failures":0}
{"event":"shadow-start","name":"nisa_qualified_callable_global","source":"/private/tmp/nanolang-match-guards-20261009/src_nano/compiler/nanoisa_codegen.nano","line":3047,"elapsed_seconds":0.000000,"failures":0}
{"event":"shadow-complete","name":"nisa_qualified_callable_global","source":"/private/tmp/nanolang-match-guards-20261009/src_nano/compiler/nanoisa_codegen.nano","line":3047,"elapsed_seconds":0.007295,"failures":0}
{"event":"shadow-start","name":"nisa_callee_type","source":"/private/tmp/nanolang-match-guards-20261009/src_nano/compiler/nanoisa_codegen.nano","line":3068,"elapsed_seconds":0.000000,"failures":0}
{"event":"shadow-complete","name":"nisa_callee_type","source":"/private/tmp/nanolang-match-guards-20261009/src_nano/compiler/nanoisa_codegen.nano","line":3068,"elapsed_seconds":0.007397,"failures":0}
{"event":"shadow-start","name":"nisa_indirect_call","source":"/private/tmp/nanolang-match-guards-20261009/src_nano/compiler/nanoisa_codegen.nano","line":3089,"elapsed_seconds":0.000000,"failures":0}
{"event":"shadow-complete","name":"nisa_indirect_call","source":"/private/tmp/nanolang-match-guards-20261009/src_nano/compiler/nanoisa_codegen.nano","line":3089,"elapsed_seconds":0.006282,"failures":0}
{"event":"shadow-start","name":"nisa_identifier_function","source":"/private/tmp/nanolang-match-guards-20261009/src_nano/compiler/nanoisa_codegen.nano","line":3111,"elapsed_seconds":0.000000,"failures":0}
{"event":"shadow-complete","name":"nisa_identifier_function","source":"/private/tmp/nanolang-match-guards-20261009/src_nano/compiler/nanoisa_codegen.nano","line":3111,"elapsed_seconds":0.008488,"failures":0}
{"event":"shadow-start","name":"nisa_call_index","source":"/private/tmp/nanolang-match-guards-20261009/src_nano/compiler/nanoisa_codegen.nano","line":3156,"elapsed_seconds":0.000000,"failures":0}
{"event":"shadow-complete","name":"nisa_call_index","source":"/private/tmp/nanolang-match-guards-20261009/src_nano/compiler/nanoisa_codegen.nano","line":3156,"elapsed_seconds":0.013873,"failures":0}
{"event":"shadow-start","name":"nisa_call_name","source":"/private/tmp/nanolang-match-guards-20261009/src_nano/compiler/nanoisa_codegen.nano","line":3167,"elapsed_seconds":0.000000,"failures":0}
{"event":"shadow-complete","name":"nisa_call_name","source":"/private/tmp/nanolang-match-guards-20261009/src_nano/compiler/nanoisa_codegen.nano","line":3167,"elapsed_seconds":0.005785,"failures":0}
{"event":"shadow-start","name":"nisa_declared_push","source":"/private/tmp/nanolang-match-guards-20261009/src_nano/compiler/nanoisa_codegen.nano","line":3190,"elapsed_seconds":0.000000,"failures":0}
{"event":"shadow-complete","name":"nisa_declared_push","source":"/private/tmp/nanolang-match-guards-20261009/src_nano/compiler/nanoisa_codegen.nano","line":3190,"elapsed_seconds":0.062352,"failures":0}
{"event":"shadow-start","name":"nisa_element_type","source":"/private/tmp/nanolang-match-guards-20261009/src_nano/compiler/nanoisa_codegen.nano","line":3241,"elapsed_seconds":0.000000,"failures":0}
{"event":"shadow-complete","name":"nisa_element_type","source":"/private/tmp/nanolang-match-guards-20261009/src_nano/compiler/nanoisa_codegen.nano","line":3241,"elapsed_seconds":0.004301,"failures":0}
{"event":"shadow-start","name":"nisa_access_result","source":"/private/tmp/nanolang-match-guards-20261009/src_nano/compiler/nanoisa_codegen.nano","line":3273,"elapsed_seconds":0.000000,"failures":0}
{"event":"shadow-complete","name":"nisa_access_result","source":"/private/tmp/nanolang-match-guards-20261009/src_nano/compiler/nanoisa_codegen.nano","line":3273,"elapsed_seconds":0.009445,"failures":0}
{"event":"shadow-start","name":"nisa_push_container_type","source":"/private/tmp/nanolang-match-guards-20261009/src_nano/compiler/nanoisa_codegen.nano","line":3299,"elapsed_seconds":0.000000,"failures":0}
{"event":"shadow-complete","name":"nisa_push_container_type","source":"/private/tmp/nanolang-match-guards-20261009/src_nano/compiler/nanoisa_codegen.nano","line":3299,"elapsed_seconds":0.010610,"failures":0}
{"event":"shadow-start","name":"nisa_expr_type","source":"/private/tmp/nanolang-match-guards-20261009/src_nano/compiler/nanoisa_codegen.nano","line":3513,"elapsed_seconds":0.000000,"failures":0}
{"event":"shadow-complete","name":"nisa_expr_type","source":"/private/tmp/nanolang-match-guards-20261009/src_nano/compiler/nanoisa_codegen.nano","line":3513,"elapsed_seconds":0.073010,"failures":0}
{"event":"shadow-start","name":"nisa_expr_is_string","source":"/private/tmp/nanolang-match-guards-20261009/src_nano/compiler/nanoisa_codegen.nano","line":3568,"elapsed_seconds":0.000000,"failures":0}
{"event":"shadow-complete","name":"nisa_expr_is_string","source":"/private/tmp/nanolang-match-guards-20261009/src_nano/compiler/nanoisa_codegen.nano","line":3568,"elapsed_seconds":0.014451,"failures":0}
{"event":"shadow-start","name":"nisa_is_map_constructor","source":"/private/tmp/nanolang-match-guards-20261009/src_nano/compiler/nanoisa_codegen.nano","line":3588,"elapsed_seconds":0.000000,"failures":0}
{"event":"shadow-complete","name":"nisa_is_map_constructor","source":"/private/tmp/nanolang-match-guards-20261009/src_nano/compiler/nanoisa_codegen.nano","line":3588,"elapsed_seconds":0.007885,"failures":0}
{"event":"shadow-start","name":"nisa_emit_tuple_literal","source":"/private/tmp/nanolang-match-guards-20261009/src_nano/compiler/nanoisa_codegen.nano","line":3629,"elapsed_seconds":0.000000,"failures":0}
{"event":"shadow-complete","name":"nisa_emit_tuple_literal","source":"/private/tmp/nanolang-match-guards-20261009/src_nano/compiler/nanoisa_codegen.nano","line":3629,"elapsed_seconds":0.010433,"failures":0}
{"event":"shadow-start","name":"nisa_array_value_matches","source":"/private/tmp/nanolang-match-guards-20261009/src_nano/compiler/nanoisa_codegen.nano","line":3651,"elapsed_seconds":0.000000,"failures":0}
{"event":"shadow-complete","name":"nisa_array_value_matches","source":"/private/tmp/nanolang-match-guards-20261009/src_nano/compiler/nanoisa_codegen.nano","line":3651,"elapsed_seconds":0.000877,"failures":0}
{"event":"shadow-start","name":"nisa_emit_expected_expr","source":"/private/tmp/nanolang-match-guards-20261009/src_nano/compiler/nanoisa_codegen.nano","line":3757,"elapsed_seconds":0.000000,"failures":0}
{"event":"shadow-complete","name":"nisa_emit_expected_expr","source":"/private/tmp/nanolang-match-guards-20261009/src_nano/compiler/nanoisa_codegen.nano","line":3757,"elapsed_seconds":0.024133,"failures":0}
{"event":"shadow-start","name":"nisa_emit_call_args","source":"/private/tmp/nanolang-match-guards-20261009/src_nano/compiler/nanoisa_codegen.nano","line":3805,"elapsed_seconds":0.000000,"failures":0}
{"event":"shadow-complete","name":"nisa_emit_call_args","source":"/private/tmp/nanolang-match-guards-20261009/src_nano/compiler/nanoisa_codegen.nano","line":3805,"elapsed_seconds":0.000320,"failures":0}
{"event":"shadow-start","name":"nisa_emit_array_literal","source":"/private/tmp/nanolang-match-guards-20261009/src_nano/compiler/nanoisa_codegen.nano","line":3817,"elapsed_seconds":0.000000,"failures":0}
{"event":"shadow-complete","name":"nisa_emit_array_literal","source":"/private/tmp/nanolang-match-guards-20261009/src_nano/compiler/nanoisa_codegen.nano","line":3817,"elapsed_seconds":0.029993,"failures":0}
{"event":"shadow-start","name":"nisa_emit_struct_literal","source":"/private/tmp/nanolang-match-guards-20261009/src_nano/compiler/nanoisa_codegen.nano","line":3885,"elapsed_seconds":0.000000,"failures":0}
{"event":"shadow-complete","name":"nisa_emit_struct_literal","source":"/private/tmp/nanolang-match-guards-20261009/src_nano/compiler/nanoisa_codegen.nano","line":3885,"elapsed_seconds":0.033718,"failures":0}
{"event":"shadow-start","name":"nisa_qualified_global","source":"/private/tmp/nanolang-match-guards-20261009/src_nano/compiler/nanoisa_codegen.nano","line":3919,"elapsed_seconds":0.000000,"failures":0}
{"event":"shadow-complete","name":"nisa_qualified_global","source":"/private/tmp/nanolang-match-guards-20261009/src_nano/compiler/nanoisa_codegen.nano","line":3919,"elapsed_seconds":0.005537,"failures":0}
{"event":"shadow-start","name":"nisa_emit_field_access","source":"/private/tmp/nanolang-match-guards-20261009/src_nano/compiler/nanoisa_codegen.nano","line":3970,"elapsed_seconds":0.000000,"failures":0}
{"event":"shadow-complete","name":"nisa_emit_field_access","source":"/private/tmp/nanolang-match-guards-20261009/src_nano/compiler/nanoisa_codegen.nano","line":3970,"elapsed_seconds":0.032417,"failures":0}
{"event":"shadow-start","name":"nisa_temp_local","source":"/private/tmp/nanolang-match-guards-20261009/src_nano/compiler/nanoisa_codegen.nano","line":4008,"elapsed_seconds":0.000000,"failures":0}
{"event":"shadow-complete","name":"nisa_temp_local","source":"/private/tmp/nanolang-match-guards-20261009/src_nano/compiler/nanoisa_codegen.nano","line":4008,"elapsed_seconds":0.000382,"failures":0}
{"event":"shadow-start","name":"nisa_increment_local","source":"/private/tmp/nanolang-match-guards-20261009/src_nano/compiler/nanoisa_codegen.nano","line":4023,"elapsed_seconds":0.000000,"failures":0}
{"event":"shadow-complete","name":"nisa_increment_local","source":"/private/tmp/nanolang-match-guards-20261009/src_nano/compiler/nanoisa_codegen.nano","line":4023,"elapsed_seconds":0.000381,"failures":0}
{"event":"shadow-start","name":"nisa_emit_range","source":"/private/tmp/nanolang-match-guards-20261009/src_nano/compiler/nanoisa_codegen.nano","line":4065,"elapsed_seconds":0.000000,"failures":0}
{"event":"shadow-complete","name":"nisa_emit_range","source":"/private/tmp/nanolang-match-guards-20261009/src_nano/compiler/nanoisa_codegen.nano","line":4065,"elapsed_seconds":0.031302,"failures":0}
{"event":"shadow-start","name":"nisa_emit_array_slice","source":"/private/tmp/nanolang-match-guards-20261009/src_nano/compiler/nanoisa_codegen.nano","line":4132,"elapsed_seconds":0.000000,"failures":0}
{"event":"shadow-complete","name":"nisa_emit_array_slice","source":"/private/tmp/nanolang-match-guards-20261009/src_nano/compiler/nanoisa_codegen.nano","line":4132,"elapsed_seconds":0.056081,"failures":0}
{"event":"shadow-start","name":"nisa_emit_filled_array","source":"/private/tmp/nanolang-match-guards-20261009/src_nano/compiler/nanoisa_codegen.nano","line":4192,"elapsed_seconds":0.000000,"failures":0}
{"event":"shadow-complete","name":"nisa_emit_filled_array","source":"/private/tmp/nanolang-match-guards-20261009/src_nano/compiler/nanoisa_codegen.nano","line":4192,"elapsed_seconds":0.030133,"failures":0}
{"event":"shadow-start","name":"nisa_emit_list_removal","source":"/private/tmp/nanolang-match-guards-20261009/src_nano/compiler/nanoisa_codegen.nano","line":4256,"elapsed_seconds":0.000000,"failures":0}
{"event":"shadow-complete","name":"nisa_emit_list_removal","source":"/private/tmp/nanolang-match-guards-20261009/src_nano/compiler/nanoisa_codegen.nano","line":4256,"elapsed_seconds":0.047705,"failures":0}
{"event":"shadow-start","name":"nisa_emit_list_insert","source":"/private/tmp/nanolang-match-guards-20261009/src_nano/compiler/nanoisa_codegen.nano","line":4330,"elapsed_seconds":0.000000,"failures":0}
{"event":"shadow-complete","name":"nisa_emit_list_insert","source":"/private/tmp/nanolang-match-guards-20261009/src_nano/compiler/nanoisa_codegen.nano","line":4330,"elapsed_seconds":0.051754,"failures":0}
{"event":"shadow-start","name":"nisa_emit_push_call","source":"/private/tmp/nanolang-match-guards-20261009/src_nano/compiler/nanoisa_codegen.nano","line":4356,"elapsed_seconds":0.000000,"failures":0}
{"event":"shadow-complete","name":"nisa_emit_push_call","source":"/private/tmp/nanolang-match-guards-20261009/src_nano/compiler/nanoisa_codegen.nano","line":4356,"elapsed_seconds":0.016942,"failures":0}
{"event":"shadow-start","name":"nisa_emit_set_call","source":"/private/tmp/nanolang-match-guards-20261009/src_nano/compiler/nanoisa_codegen.nano","line":4388,"elapsed_seconds":0.000000,"failures":0}
{"event":"shadow-complete","name":"nisa_emit_set_call","source":"/private/tmp/nanolang-match-guards-20261009/src_nano/compiler/nanoisa_codegen.nano","line":4388,"elapsed_seconds":0.013842,"failures":0}
{"event":"shadow-start","name":"nisa_functional_name","source":"/private/tmp/nanolang-match-guards-20261009/src_nano/compiler/nanoisa_codegen.nano","line":4403,"elapsed_seconds":0.000000,"failures":0}
{"event":"shadow-complete","name":"nisa_functional_name","source":"/private/tmp/nanolang-match-guards-20261009/src_nano/compiler/nanoisa_codegen.nano","line":4403,"elapsed_seconds":0.003689,"failures":0}
{"event":"shadow-start","name":"nisa_functional_index","source":"/private/tmp/nanolang-match-guards-20261009/src_nano/compiler/nanoisa_codegen.nano","line":4465,"elapsed_seconds":0.000000,"failures":0}
{"event":"shadow-complete","name":"nisa_functional_index","source":"/private/tmp/nanolang-match-guards-20261009/src_nano/compiler/nanoisa_codegen.nano","line":4465,"elapsed_seconds":0.018697,"failures":0}
{"event":"shadow-start","name":"nisa_functional_result","source":"/private/tmp/nanolang-match-guards-20261009/src_nano/compiler/nanoisa_codegen.nano","line":4483,"elapsed_seconds":0.000000,"failures":0}
{"event":"shadow-complete","name":"nisa_functional_result","source":"/private/tmp/nanolang-match-guards-20261009/src_nano/compiler/nanoisa_codegen.nano","line":4483,"elapsed_seconds":0.016467,"failures":0}
{"event":"shadow-start","name":"nisa_emit_abs","source":"/private/tmp/nanolang-match-guards-20261009/src_nano/compiler/nanoisa_codegen.nano","line":4512,"elapsed_seconds":0.000000,"failures":0}
{"event":"shadow-complete","name":"nisa_emit_abs","source":"/private/tmp/nanolang-match-guards-20261009/src_nano/compiler/nanoisa_codegen.nano","line":4512,"elapsed_seconds":0.021074,"failures":0}
{"event":"shadow-start","name":"nisa_emit_functional_array","source":"/private/tmp/nanolang-match-guards-20261009/src_nano/compiler/nanoisa_codegen.nano","line":4592,"elapsed_seconds":0.000000,"failures":0}
{"event":"shadow-complete","name":"nisa_emit_functional_array","source":"/private/tmp/nanolang-match-guards-20261009/src_nano/compiler/nanoisa_codegen.nano","line":4592,"elapsed_seconds":0.054347,"failures":0}
{"event":"shadow-start","name":"nisa_emit_indirect_call","source":"/private/tmp/nanolang-match-guards-20261009/src_nano/compiler/nanoisa_codegen.nano","line":4639,"elapsed_seconds":0.000000,"failures":0}
{"event":"shadow-complete","name":"nisa_emit_indirect_call","source":"/private/tmp/nanolang-match-guards-20261009/src_nano/compiler/nanoisa_codegen.nano","line":4639,"elapsed_seconds":0.052904,"failures":0}
{"event":"shadow-start","name":"nisa_callable_publication","source":"/private/tmp/nanolang-match-guards-20261009/src_nano/compiler/nanoisa_codegen.nano","line":4653,"elapsed_seconds":0.000000,"failures":0}
{"event":"shadow-complete","name":"nisa_callable_publication","source":"/private/tmp/nanolang-match-guards-20261009/src_nano/compiler/nanoisa_codegen.nano","line":4653,"elapsed_seconds":0.000330,"failures":0}
{"event":"shadow-start","name":"nisa_emit_list_free","source":"/private/tmp/nanolang-match-guards-20261009/src_nano/compiler/nanoisa_codegen.nano","line":4683,"elapsed_seconds":0.000000,"failures":0}
{"event":"shadow-complete","name":"nisa_emit_list_free","source":"/private/tmp/nanolang-match-guards-20261009/src_nano/compiler/nanoisa_codegen.nano","line":4683,"elapsed_seconds":0.035045,"failures":0}
{"event":"shadow-start","name":"nisa_module_names","source":"/private/tmp/nanolang-match-guards-20261009/src_nano/compiler/nanoisa_codegen.nano","line":4710,"elapsed_seconds":0.000000,"failures":0}
{"event":"shadow-complete","name":"nisa_module_names","source":"/private/tmp/nanolang-match-guards-20261009/src_nano/compiler/nanoisa_codegen.nano","line":4710,"elapsed_seconds":0.000803,"failures":0}
{"event":"shadow-start","name":"nisa_module_value","source":"/private/tmp/nanolang-match-guards-20261009/src_nano/compiler/nanoisa_codegen.nano","line":4742,"elapsed_seconds":0.000000,"failures":0}
{"event":"shadow-complete","name":"nisa_module_value","source":"/private/tmp/nanolang-match-guards-20261009/src_nano/compiler/nanoisa_codegen.nano","line":4742,"elapsed_seconds":0.000756,"failures":0}
{"event":"shadow-start","name":"nisa_emit_module_function","source":"/private/tmp/nanolang-match-guards-20261009/src_nano/compiler/nanoisa_codegen.nano","line":4777,"elapsed_seconds":0.000000,"failures":0}
{"event":"shadow-complete","name":"nisa_emit_module_function","source":"/private/tmp/nanolang-match-guards-20261009/src_nano/compiler/nanoisa_codegen.nano","line":4777,"elapsed_seconds":0.004537,"failures":0}
{"event":"shadow-start","name":"nisa_emit_module_fact","source":"/private/tmp/nanolang-match-guards-20261009/src_nano/compiler/nanoisa_codegen.nano","line":4787,"elapsed_seconds":0.000000,"failures":0}
{"event":"shadow-complete","name":"nisa_emit_module_fact","source":"/private/tmp/nanolang-match-guards-20261009/src_nano/compiler/nanoisa_codegen.nano","line":4787,"elapsed_seconds":0.015908,"failures":0}
{"event":"shadow-start","name":"nisa_emit_call","source":"/private/tmp/nanolang-match-guards-20261009/src_nano/compiler/nanoisa_codegen.nano","line":5035,"elapsed_seconds":0.000000,"failures":0}
{"event":"shadow-complete","name":"nisa_emit_call","source":"/private/tmp/nanolang-match-guards-20261009/src_nano/compiler/nanoisa_codegen.nano","line":5035,"elapsed_seconds":0.102725,"failures":0}
{"event":"shadow-start","name":"nisa_float_mnemonic","source":"/private/tmp/nanolang-match-guards-20261009/src_nano/compiler/nanoisa_codegen.nano","line":5086,"elapsed_seconds":0.000000,"failures":0}
{"event":"shadow-complete","name":"nisa_float_mnemonic","source":"/private/tmp/nanolang-match-guards-20261009/src_nano/compiler/nanoisa_codegen.nano","line":5086,"elapsed_seconds":0.000233,"failures":0}
{"event":"shadow-start","name":"nisa_emit_float_binary","source":"/private/tmp/nanolang-match-guards-20261009/src_nano/compiler/nanoisa_codegen.nano","line":5102,"elapsed_seconds":0.000000,"failures":0}
{"event":"shadow-complete","name":"nisa_emit_float_binary","source":"/private/tmp/nanolang-match-guards-20261009/src_nano/compiler/nanoisa_codegen.nano","line":5102,"elapsed_seconds":0.008011,"failures":0}
{"event":"shadow-start","name":"nisa_emit_logical_binary","source":"/private/tmp/nanolang-match-guards-20261009/src_nano/compiler/nanoisa_codegen.nano","line":5127,"elapsed_seconds":0.000000,"failures":0}
{"event":"shadow-complete","name":"nisa_emit_logical_binary","source":"/private/tmp/nanolang-match-guards-20261009/src_nano/compiler/nanoisa_codegen.nano","line":5127,"elapsed_seconds":0.029635,"failures":0}
{"event":"shadow-start","name":"nisa_emit_expr","source":"/private/tmp/nanolang-match-guards-20261009/src_nano/compiler/nanoisa_codegen.nano","line":5370,"elapsed_seconds":0.000000,"failures":0}
{"event":"shadow-complete","name":"nisa_emit_expr","source":"/private/tmp/nanolang-match-guards-20261009/src_nano/compiler/nanoisa_codegen.nano","line":5370,"elapsed_seconds":0.089067,"failures":0}
{"event":"shadow-start","name":"nisa_statements_fall_through","source":"/private/tmp/nanolang-match-guards-20261009/src_nano/compiler/nanoisa_codegen.nano","line":5409,"elapsed_seconds":0.000000,"failures":0}
{"event":"shadow-complete","name":"nisa_statements_fall_through","source":"/private/tmp/nanolang-match-guards-20261009/src_nano/compiler/nanoisa_codegen.nano","line":5409,"elapsed_seconds":0.006322,"failures":0}
{"event":"shadow-start","name":"nisa_block_falls_through","source":"/private/tmp/nanolang-match-guards-20261009/src_nano/compiler/nanoisa_codegen.nano","line":5422,"elapsed_seconds":0.000000,"failures":0}
{"event":"shadow-complete","name":"nisa_block_falls_through","source":"/private/tmp/nanolang-match-guards-20261009/src_nano/compiler/nanoisa_codegen.nano","line":5422,"elapsed_seconds":0.009791,"failures":0}
{"event":"shadow-start","name":"nisa_stmt_terminates","source":"/private/tmp/nanolang-match-guards-20261009/src_nano/compiler/nanoisa_codegen.nano","line":5467,"elapsed_seconds":0.000000,"failures":0}
{"event":"shadow-complete","name":"nisa_stmt_terminates","source":"/private/tmp/nanolang-match-guards-20261009/src_nano/compiler/nanoisa_codegen.nano","line":5467,"elapsed_seconds":0.009405,"failures":0}
{"event":"shadow-start","name":"nisa_emit_if","source":"/private/tmp/nanolang-match-guards-20261009/src_nano/compiler/nanoisa_codegen.nano","line":5504,"elapsed_seconds":0.000000,"failures":0}
{"event":"shadow-complete","name":"nisa_emit_if","source":"/private/tmp/nanolang-match-guards-20261009/src_nano/compiler/nanoisa_codegen.nano","line":5504,"elapsed_seconds":0.018375,"failures":0}
{"event":"shadow-start","name":"nisa_emit_while","source":"/private/tmp/nanolang-match-guards-20261009/src_nano/compiler/nanoisa_codegen.nano","line":5552,"elapsed_seconds":0.000000,"failures":0}
{"event":"shadow-complete","name":"nisa_emit_while","source":"/private/tmp/nanolang-match-guards-20261009/src_nano/compiler/nanoisa_codegen.nano","line":5552,"elapsed_seconds":0.024558,"failures":0}
{"event":"shadow-start","name":"nisa_emit_for","source":"/private/tmp/nanolang-match-guards-20261009/src_nano/compiler/nanoisa_codegen.nano","line":5622,"elapsed_seconds":0.000000,"failures":0}
{"event":"shadow-complete","name":"nisa_emit_for","source":"/private/tmp/nanolang-match-guards-20261009/src_nano/compiler/nanoisa_codegen.nano","line":5622,"elapsed_seconds":0.017645,"failures":0}
{"event":"shadow-start","name":"nisa_emit_assert","source":"/private/tmp/nanolang-match-guards-20261009/src_nano/compiler/nanoisa_codegen.nano","line":5634,"elapsed_seconds":0.000000,"failures":0}
{"event":"shadow-complete","name":"nisa_emit_assert","source":"/private/tmp/nanolang-match-guards-20261009/src_nano/compiler/nanoisa_codegen.nano","line":5634,"elapsed_seconds":0.008937,"failures":0}
{"event":"shadow-start","name":"nisa_call_has_result","source":"/private/tmp/nanolang-match-guards-20261009/src_nano/compiler/nanoisa_codegen.nano","line":5668,"elapsed_seconds":0.000000,"failures":0}
{"event":"shadow-complete","name":"nisa_call_has_result","source":"/private/tmp/nanolang-match-guards-20261009/src_nano/compiler/nanoisa_codegen.nano","line":5668,"elapsed_seconds":0.017472,"failures":0}
{"event":"shadow-start","name":"nisa_par_scalar","source":"/private/tmp/nanolang-match-guards-20261009/src_nano/compiler/nanoisa_codegen.nano","line":5681,"elapsed_seconds":0.000000,"failures":0}
{"event":"shadow-complete","name":"nisa_par_scalar","source":"/private/tmp/nanolang-match-guards-20261009/src_nano/compiler/nanoisa_codegen.nano","line":5681,"elapsed_seconds":0.000268,"failures":0}
{"event":"shadow-start","name":"nisa_passive_expression","source":"/private/tmp/nanolang-match-guards-20261009/src_nano/compiler/nanoisa_codegen.nano","line":5735,"elapsed_seconds":0.000000,"failures":0}
{"event":"shadow-complete","name":"nisa_passive_expression","source":"/private/tmp/nanolang-match-guards-20261009/src_nano/compiler/nanoisa_codegen.nano","line":5735,"elapsed_seconds":0.000652,"failures":0}
{"event":"shadow-start","name":"nisa_par_expression","source":"/private/tmp/nanolang-match-guards-20261009/src_nano/compiler/nanoisa_codegen.nano","line":5746,"elapsed_seconds":0.000000,"failures":0}
{"event":"shadow-complete","name":"nisa_par_expression","source":"/private/tmp/nanolang-match-guards-20261009/src_nano/compiler/nanoisa_codegen.nano","line":5746,"elapsed_seconds":0.000590,"failures":0}
{"event":"shadow-start","name":"nisa_par_reads","source":"/private/tmp/nanolang-match-guards-20261009/src_nano/compiler/nanoisa_codegen.nano","line":5773,"elapsed_seconds":0.000000,"failures":0}
{"event":"shadow-complete","name":"nisa_par_reads","source":"/private/tmp/nanolang-match-guards-20261009/src_nano/compiler/nanoisa_codegen.nano","line":5773,"elapsed_seconds":0.004268,"failures":0}
{"event":"shadow-start","name":"nisa_named_scalar","source":"/private/tmp/nanolang-match-guards-20261009/src_nano/compiler/nanoisa_codegen.nano","line":5783,"elapsed_seconds":0.000000,"failures":0}
{"event":"shadow-complete","name":"nisa_named_scalar","source":"/private/tmp/nanolang-match-guards-20261009/src_nano/compiler/nanoisa_codegen.nano","line":5783,"elapsed_seconds":0.000268,"failures":0}
{"event":"shadow-start","name":"nisa_local_name_begin","source":"/private/tmp/nanolang-match-guards-20261009/src_nano/compiler/nanoisa_codegen.nano","line":5792,"elapsed_seconds":0.000000,"failures":0}
{"event":"shadow-complete","name":"nisa_local_name_begin","source":"/private/tmp/nanolang-match-guards-20261009/src_nano/compiler/nanoisa_codegen.nano","line":5792,"elapsed_seconds":0.000380,"failures":0}
{"event":"shadow-start","name":"nisa_emit_typed_let","source":"/private/tmp/nanolang-match-guards-20261009/src_nano/compiler/nanoisa_codegen.nano","line":5813,"elapsed_seconds":0.000000,"failures":0}
{"event":"shadow-complete","name":"nisa_emit_typed_let","source":"/private/tmp/nanolang-match-guards-20261009/src_nano/compiler/nanoisa_codegen.nano","line":5813,"elapsed_seconds":0.037966,"failures":0}
{"event":"shadow-start","name":"nisa_emit_flow","source":"/private/tmp/nanolang-match-guards-20261009/src_nano/compiler/nanoisa_codegen.nano","line":5903,"elapsed_seconds":0.000000,"failures":0}
{"event":"shadow-complete","name":"nisa_emit_flow","source":"/private/tmp/nanolang-match-guards-20261009/src_nano/compiler/nanoisa_codegen.nano","line":5903,"elapsed_seconds":0.026662,"failures":0}
{"event":"shadow-start","name":"nisa_emit_par","source":"/private/tmp/nanolang-match-guards-20261009/src_nano/compiler/nanoisa_codegen.nano","line":5964,"elapsed_seconds":0.000000,"failures":0}
{"event":"shadow-complete","name":"nisa_emit_par","source":"/private/tmp/nanolang-match-guards-20261009/src_nano/compiler/nanoisa_codegen.nano","line":5964,"elapsed_seconds":0.028554,"failures":0}
{"event":"shadow-start","name":"nisa_emit_stmt","source":"/private/tmp/nanolang-match-guards-20261009/src_nano/compiler/nanoisa_codegen.nano","line":6154,"elapsed_seconds":0.000000,"failures":0}
{"event":"shadow-complete","name":"nisa_emit_stmt","source":"/private/tmp/nanolang-match-guards-20261009/src_nano/compiler/nanoisa_codegen.nano","line":6154,"elapsed_seconds":0.036698,"failures":0}
{"event":"shadow-start","name":"nisa_emit_statements","source":"/private/tmp/nanolang-match-guards-20261009/src_nano/compiler/nanoisa_codegen.nano","line":6211,"elapsed_seconds":0.000000,"failures":0}
{"event":"shadow-complete","name":"nisa_emit_statements","source":"/private/tmp/nanolang-match-guards-20261009/src_nano/compiler/nanoisa_codegen.nano","line":6211,"elapsed_seconds":0.020141,"failures":0}
{"event":"shadow-start","name":"nisa_emit_block","source":"/private/tmp/nanolang-match-guards-20261009/src_nano/compiler/nanoisa_codegen.nano","line":6246,"elapsed_seconds":0.000000,"failures":0}
{"event":"shadow-complete","name":"nisa_emit_block","source":"/private/tmp/nanolang-match-guards-20261009/src_nano/compiler/nanoisa_codegen.nano","line":6246,"elapsed_seconds":0.009821,"failures":0}
{"event":"shadow-start","name":"nisa_result_tag","source":"/private/tmp/nanolang-match-guards-20261009/src_nano/compiler/nanoisa_codegen.nano","line":6283,"elapsed_seconds":0.000000,"failures":0}
{"event":"shadow-complete","name":"nisa_result_tag","source":"/private/tmp/nanolang-match-guards-20261009/src_nano/compiler/nanoisa_codegen.nano","line":6283,"elapsed_seconds":0.017008,"failures":0}
{"event":"shadow-start","name":"nisa_emit_function","source":"/private/tmp/nanolang-match-guards-20261009/src_nano/compiler/nanoisa_codegen.nano","line":6410,"elapsed_seconds":0.000000,"failures":0}
{"event":"shadow-complete","name":"nisa_emit_function","source":"/private/tmp/nanolang-match-guards-20261009/src_nano/compiler/nanoisa_codegen.nano","line":6410,"elapsed_seconds":0.615867,"failures":0}
{"event":"shadow-start","name":"nisa_shadow_name","source":"/private/tmp/nanolang-match-guards-20261009/src_nano/compiler/nanoisa_codegen.nano","line":6685,"elapsed_seconds":0.000000,"failures":0}
{"event":"shadow-complete","name":"nisa_shadow_name","source":"/private/tmp/nanolang-match-guards-20261009/src_nano/compiler/nanoisa_codegen.nano","line":6685,"elapsed_seconds":0.005617,"failures":0}
{"event":"shadow-start","name":"nanoisa_emit_shadows_nasm","source":"/private/tmp/nanolang-match-guards-20261009/src_nano/compiler/nanoisa_codegen.nano","line":6779,"elapsed_seconds":0.000000,"failures":0}
{"event":"shadow-complete","name":"nanoisa_emit_shadows_nasm","source":"/private/tmp/nanolang-match-guards-20261009/src_nano/compiler/nanoisa_codegen.nano","line":6779,"elapsed_seconds":0.025554,"failures":0}
{"event":"shadow-start","name":"nanoisa_emit_nasm","source":"/private/tmp/nanolang-match-guards-20261009/src_nano/compiler/nanoisa_codegen.nano","line":6883,"elapsed_seconds":0.000000,"failures":0}
{"event":"shadow-complete","name":"nanoisa_emit_nasm","source":"/private/tmp/nanolang-match-guards-20261009/src_nano/compiler/nanoisa_codegen.nano","line":6883,"elapsed_seconds":0.040474,"failures":0}
{"event":"shadow-start","name":"nanoisa_emit_parser_nasm","source":"/private/tmp/nanolang-match-guards-20261009/src_nano/compiler/nanoisa_codegen.nano","line":6892,"elapsed_seconds":0.000000,"failures":0}
{"event":"shadow-complete","name":"nanoisa_emit_parser_nasm","source":"/private/tmp/nanolang-match-guards-20261009/src_nano/compiler/nanoisa_codegen.nano","line":6892,"elapsed_seconds":0.025262,"failures":0}
{"event":"shadow-start","name":"nanoisa_emit_parser_nasm","source":"/private/tmp/nanolang-match-guards-20261009/src_nano/compiler/nanoisa_codegen.nano","line":6905,"elapsed_seconds":0.000000,"failures":0}
{"event":"shadow-complete","name":"nanoisa_emit_parser_nasm","source":"/private/tmp/nanolang-match-guards-20261009/src_nano/compiler/nanoisa_codegen.nano","line":6905,"elapsed_seconds":0.034626,"failures":0}
{"event":"shadow-start","name":"nisa_emit_module_nasm","source":"/private/tmp/nanolang-match-guards-20261009/src_nano/compiler/nanoisa_codegen.nano","line":6919,"elapsed_seconds":0.000000,"failures":0}
{"event":"shadow-complete","name":"nisa_emit_module_nasm","source":"/private/tmp/nanolang-match-guards-20261009/src_nano/compiler/nanoisa_codegen.nano","line":6919,"elapsed_seconds":0.075722,"failures":0}
{"event":"shadow-start","name":"nanoisa_emit_program_nasm","source":"/private/tmp/nanolang-match-guards-20261009/src_nano/compiler/nanoisa_codegen.nano","line":6948,"elapsed_seconds":0.000000,"failures":0}
{"event":"shadow-complete","name":"nanoisa_emit_program_nasm","source":"/private/tmp/nanolang-match-guards-20261009/src_nano/compiler/nanoisa_codegen.nano","line":6948,"elapsed_seconds":0.020237,"failures":0}
{"event":"shadow-start","name":"nanoisa_emit_nasm","source":"/private/tmp/nanolang-match-guards-20261009/src_nano/compiler/nanoisa_codegen.nano","line":6960,"elapsed_seconds":0.000000,"failures":0}
{"event":"shadow-complete","name":"nanoisa_emit_nasm","source":"/private/tmp/nanolang-match-guards-20261009/src_nano/compiler/nanoisa_codegen.nano","line":6960,"elapsed_seconds":0.026224,"failures":0}
{"event":"shadow-start","name":"main","source":"src_nano/nanoisa_driver.nano","line":24,"elapsed_seconds":0.000000,"failures":0}
{"event":"shadow-complete","name":"main","source":"src_nano/nanoisa_driver.nano","line":24,"elapsed_seconds":0.022421,"failures":0}
