python3 scripts/embed_binary64_parser.py --check
✓ Stage 1 complete (C reference binaries)

==========================================
Stage 2: Building Self-Hosted Components
==========================================
Compiling components with bin/nanoc...

  Building parser...
    ✓ parser compiled successfully

  Building typecheck...
    ✓ typecheck compiled successfully

  Building nanoisa_emitter...
    ✓ nanoisa_emitter compiled successfully

✓ Stage 2: 3/3 components built successfully

==========================================
Stage 3: Bootstrap Validation
==========================================
Validating self-hosted components...

  Checking parser entry assertions...
    ✓ parser entry assertions passed
  Checking typecheck entry assertions...
    ✓ typecheck entry assertions passed
  Checking nanoisa_emitter entry assertions...
    ✓ nanoisa_emitter entry assertions passed

✓ Stage 3: 3/3 component entry checks passed; imported shadows are separate

==========================================
✅ Build Complete (3-Stage Bootstrap)
==========================================
Build Status:

  ✅ Stage 1: C reference compiler (bin/nanoc)
  ✅ Stage 2: Self-hosted components compiled
    • parser
    • typecheck
    • nanoisa_emitter
  ✅ Stage 3: Bootstrap validated


python3 -m unittest -v tests.test_github_issue_tracking
test_create_preserves_literal_multiline_body_and_deduplicates_run (tests.test_github_issue_tracking.GitHubTracking.test_create_preserves_literal_multiline_body_and_deduplicates_run) ... ok
test_dry_run_never_contacts_github (tests.test_github_issue_tracking.GitHubTracking.test_dry_run_never_contacts_github) ... ok
test_fingerprint_finds_issue_after_title_change (tests.test_github_issue_tracking.GitHubTracking.test_fingerprint_finds_issue_after_title_change) ... ok
test_legacy_entry_point_routes_to_github_without_network_in_dry_run (tests.test_github_issue_tracking.GitHubTracking.test_legacy_entry_point_routes_to_github_without_network_in_dry_run) ... ok
test_new_issue_limit_does_not_suppress_existing_updates (tests.test_github_issue_tracking.GitHubTracking.test_new_issue_limit_does_not_suppress_existing_updates) ... ok
test_offline_preserves_failure_and_still_runs_examples (tests.test_github_issue_tracking.GitHubTracking.test_offline_preserves_failure_and_still_runs_examples) ... ok
test_paginated_issues_exclude_pull_requests (tests.test_github_issue_tracking.GitHubTracking.test_paginated_issues_exclude_pull_requests) ... ok
test_recurrence_reopens_closed_issue_without_creating_duplicate (tests.test_github_issue_tracking.GitHubTracking.test_recurrence_reopens_closed_issue_without_creating_duplicate) ... ok
test_success_never_creates_summary_and_closes_only_managed_issue (tests.test_github_issue_tracking.GitHubTracking.test_success_never_creates_summary_and_closes_only_managed_issue) ... ok
test_summary_failure_reopens_and_records_nonzero_exit (tests.test_github_issue_tracking.GitHubTracking.test_summary_failure_reopens_and_records_nonzero_exit) ... ok
test_summary_zero_limit_leaves_failure_unfiled (tests.test_github_issue_tracking.GitHubTracking.test_summary_zero_limit_leaves_failure_unfiled) ... ok

----------------------------------------------------------------------
Ran 11 tests in 0.099s

OK

[1m========================================
NANOLANG COMPREHENSIVE TEST SUITE
========================================[0m
Backend: [0;36mc[0m
Native compiler: ./bin/nanoc

[0;36m=== CORE LANGUAGE TESTS (nl_*) ===[0m

[1m-- Syntax --[0m
[0;32m✅[0m nl_syntax_literals.nano
[0;32m✅[0m nl_syntax_operators.nano

[1m-- Types --[0m
[0;32m✅[0m nl_types_bool_list.nano
[0;32m✅[0m nl_types_enum.nano
[0;32m✅[0m nl_types_struct.nano
[0;32m✅[0m nl_types_tuple.nano

[1m-- Control Flow --[0m
[0;32m✅[0m nl_control_array_elements.nano
[0;32m✅[0m nl_control_flow.nano
[0;32m✅[0m nl_control_match.nano
[0;32m✅[0m nl_control_while.nano

[1m-- Functions --[0m
[0;32m✅[0m nl_functions_array_param.nano
[0;32m✅[0m nl_functions_audio_examples_default_args.nano
[0;32m✅[0m nl_functions_filter.nano
[0;32m✅[0m nl_functions_map_reduce.nano
[0;32m✅[0m nl_functions_module_introspection_flags.nano
[0;32m✅[0m nl_functions_module_metadata.nano
[0;32m✅[0m nl_functions_nanoamp_default_args.nano
[0;32m✅[0m nl_functions_relative_import.nano
[0;32m✅[0m nl_functions_string_edges.nano

[0;36mLanguage Tests: [0;32m19 passed[0m, [0;31m0 failed[0m

[1m========================================
TEST RESULTS SUMMARY
========================================[0m

Core Language (nl_*):  [0;32m19 passed[0m, [0;31m0 failed[0m

TOTAL: [0;32m19 passed[0m, [0;31m0 failed[0m, [0;34m0 skipped[0m

[0;32m✅ All runnable tests passed![0m
...
----------------------------------------------------------------------
Ran 3 tests in 2.315s

OK
python3 scripts/embed_binary64_parser.py --check
.....
----------------------------------------------------------------------
Ran 5 tests in 45.485s

OK
..............I run probe-native; I retain its log at /private/var/folders/9z/xpmfgw8j09l4g6wwxrxtt97w0000gn/T/nano-bootstrap-boundary-z7f1zwbz/obj/bootstrap-nanoisa/run-wqzebrfp/00-probe-native.log.
I run probe-native; I retain its log at /private/var/folders/9z/xpmfgw8j09l4g6wwxrxtt97w0000gn/T/nano-bootstrap-boundary-z7f1zwbz/obj/bootstrap-nanoisa/run-1y72hw1e/00-probe-native.log.
....
----------------------------------------------------------------------
Ran 18 tests in 18.664s

OK
bin/nanoc_c tests/parser_parenthesized.nano -o bin/parser_parenthesized_test
bin/parser_parenthesized_test
I passed the compiled parenthesized-parser assertions.
python3 scripts/embed_binary64_parser.py --check

==========================================
✅ TRUE BOOTSTRAP COMPLETE!
==========================================
Bootstrap Status:

  ✅ Stage 0: C reference compiler (bin/nanoc)
  ✅ Stage 1: Self-hosted compiler (bin/nanoc_stage1)
  ✅ Stage 2: Recompiled compiler (bin/nanoc_stage2)
  Stage 3: recorded comparison and installed-compiler smoke checks passed.

  I do not infer compiler correctness or release readiness from this stamp.


✓ Self-hosted compiler installed as bin/nanoc
✓ Stage binaries preserved in bin/ for verification
✓ All future builds will use the self-hosted compiler

python3 -m unittest -v tests.test_nanoisa_extern_declarations
test_original_declaration_assertions_on_both_frontends_and_installed_stages (tests.test_nanoisa_extern_declarations.ExternDeclarations.test_original_declaration_assertions_on_both_frontends_and_installed_stages) ... ok

----------------------------------------------------------------------
Ran 1 test in 162.503s

OK
bin/nanoc_c tests/module_introspection.nano -o bin/module_introspection_test
bin/module_introspection_test
I passed source-level module introspection checks.
I rebuild C objects when their recorded headers change.
release workflow checks passed
==========================================
GLUT initialization boundary tests
==========================================

-- Boundary unit test --
=== glut init boundary tests ===
[1] headless skip (not applicable on macOS)
[2] first call initializes GLUT
  PASS  reports GLUT ready
  PASS  glutInit called exactly once
  PASS  state reports initialized
[3] glutInit receives a real argc/argv
  PASS  argc is 1
  PASS  argv[0] is a non-empty program name
  PASS  argv is NULL terminated
[4] repeated calls are idempotent
  PASS  second call still reports ready
  PASS  third call still reports ready
  PASS  glutInit still called only once
[5] initialized state survives display loss
  PASS  still reports ready once initialized
  PASS  glutInit not called again
  PASS  state still reports initialized

12 passed, 0 failed
[0;32m✅[0m glut init boundary unit test

-- Call-site guard --
[0;32m✅[0m examples/opengl/opengl_lit_atelier.nano initializes GLUT through the shared boundary
[0;32m✅[0m examples/opengl/opengl_lit_atelier.nano does not hand-roll glutInit
[0;32m✅[0m examples/opengl/opengl_solar_system.nano initializes GLUT through the shared boundary
[0;32m✅[0m examples/opengl/opengl_solar_system.nano does not hand-roll glutInit
[0;32m✅[0m examples/opengl/opengl_teapot.nano initializes GLUT through the shared boundary
[0;32m✅[0m examples/opengl/opengl_teapot.nano does not hand-roll glutInit
[0;32m✅[0m modules/glut/glut_helpers.nano initializes GLUT through the shared boundary
[0;32m✅[0m modules/glut/glut_helpers.nano does not hand-roll glutInit

-- macOS framework dependency guard --
[0;32m✅[0m teapot uses the native GLUT framework without Homebrew

-- Launch smoke --
[1;33m⏭[0m  SKIP: launch smoke (opens interactive windows; pass --launch to run it)

==========================================
[0;32m✅ GLUT initialization boundary tests passed[0m
==========================================
CI dependency-install helper tests
==========================================
[0;32m✅[0m apt helper retries a failing mirror and succeeds within budget
[0;32m✅[0m brew helper retries a failing download and succeeds within budget
[0;32m✅[0m apt helper fails after exhausting its attempt budget
[0;32m✅[0m brew helper fails after exhausting its attempt budget
[0;32m✅[0m brew helper skips a formula the runner image already provides
[0;32m✅[0m brew helper installs the remaining formulae after a skip
[0;32m✅[0m apt helper reports the package manager's real exit code
[0;32m✅[0m brew helper reports the package manager's real exit code
[0;32m✅[0m ci-apt-install.sh reports a usage error when given no packages
[0;32m✅[0m ci-brew-install.sh reports a usage error when given no packages
[0;32m✅[0m no workflow installs dependencies outside the retry helpers
[0;32m✅[0m apt helper still retries and installs on a host without GNU timeout
[0;32m✅[0m apt helper still exhausts its budget on a host without GNU timeout
[0;32m✅[0m brew helper still retries and installs on a host without GNU timeout
==========================================
[0;32mAll CI dependency-install helper tests passed[0m
==========================================
Module validator tests
==========================================
[0;32m✅[0m validator reports readline present when only a keg-only pkg-config path would find it
[0;32m✅[0m validator does not print apt-get hints on Darwin
==========================================
[0;32mAll module validator tests passed[0m
==========================================
Example launcher Makefile tests
==========================================
[0;32m✅[0m make launcher plans to compile sdl_example_launcher before launching, even without SDL2
[0;32m✅[0m gpu-kernels writes matmul.ptx under bin/gpu
[0;32m✅[0m gpu-kernels writes matmul.cl under bin/gpu
[0;32m✅[0m gpu-kernels writes julia_flow.ptx under bin/gpu
[0;32m✅[0m gpu-kernels writes julia_flow.cl under bin/gpu
[0;32m✅[0m gpu-kernels leaves examples/gpu source-only
[0;32m✅[0m GPU examples load kernels from bin/gpu
[0;32m✅[0m sdl_forth_ide depends on bin/forth and execs it
==========================================
[0;32mAll example launcher Makefile tests passed[0m
Stage 1: Building C reference compiler...
✓ C Compiler: bin/nanoc_c
cc -Wall -Wextra -Werror -std=c99 -g -O3 -ftree-vectorize -fPIC -Isrc -D_GNU_SOURCE -I'/Applications/Xcode.app/Contents/Developer/Platforms/MacOSX.platform/Developer/SDKs/MacOSX27.0.sdk/usr/include/ffi' -I/opt/homebrew/Cellar/openssl@3/3.6.5/include -o obj/test_module_install_policy tests/test_module_install_policy.c obj/cJSON.o obj/utf8.o obj/runtime/module_build_dir.o -lm -lcrypto -lffi -L/opt/homebrew/Cellar/openssl@3/3.6.5/lib
[Module] Package 'fixture-unavailable-package' not found for module 'fixture'
[Module] I will not install system packages during compilation without NANO_ALLOW_PACKAGE_INSTALL=1. Install dependencies manually or opt in for a trusted build.
[Module] Package 'fixture-unavailable-package' not found for module 'fixture'
[Module] I will not install system packages during compilation without NANO_ALLOW_PACKAGE_INSTALL=1. Install dependencies manually or opt in for a trusted build.
[Module] Package 'fixture-unavailable-package' not found for module 'fixture'
[Module] I will not install system packages during compilation without NANO_ALLOW_PACKAGE_INSTALL=1. Install dependencies manually or opt in for a trusted build.
[Module] I could not find pkg-config. Install it manually, or explicitly allow package installation with NANO_ALLOW_PACKAGE_INSTALL=1.
[Module] Package 'fixture-unavailable-package' not found for module 'fixture'
[Module] I will not install system packages during compilation without NANO_ALLOW_PACKAGE_INSTALL=1. Install dependencies manually or opt in for a trusted build.
[Module] Package 'fixture-unavailable-package' not found for module 'fixture'
[Module] I will not install system packages during compilation without NANO_ALLOW_PACKAGE_INSTALL=1. Install dependencies manually or opt in for a trusted build.
[Module] Package 'fixture-unavailable-package' not found for module 'fixture'
[Module] I will not install system packages during compilation without NANO_ALLOW_PACKAGE_INSTALL=1. Install dependencies manually or opt in for a trusted build.
[Module] I could not find pkg-config. Install it manually, or explicitly allow package installation with NANO_ALLOW_PACKAGE_INSTALL=1.
[Module] Package 'fixture-unavailable-package' not found for module 'fixture'
[Module] I will not install system packages during compilation without NANO_ALLOW_PACKAGE_INSTALL=1. Install dependencies manually or opt in for a trusted build.
[Module] Package 'fixture-unavailable-package' not found for module 'fixture'
[Module] I will not install system packages during compilation without NANO_ALLOW_PACKAGE_INSTALL=1. Install dependencies manually or opt in for a trusted build.
[Module] Package 'fixture-unavailable-package' not found for module 'fixture'
[Module] I will not install system packages during compilation without NANO_ALLOW_PACKAGE_INSTALL=1. Install dependencies manually or opt in for a trusted build.
[Module] I could not find pkg-config. Install it manually, or explicitly allow package installation with NANO_ALLOW_PACKAGE_INSTALL=1.
[Module] Package 'fixture-unavailable-package' not found for module 'fixture'
[Module] I will not install system packages during compilation without NANO_ALLOW_PACKAGE_INSTALL=1. Install dependencies manually or opt in for a trusted build.
[Module] Package 'fixture-unavailable-package' not found for module 'fixture'
[Module] I will not install system packages during compilation without NANO_ALLOW_PACKAGE_INSTALL=1. Install dependencies manually or opt in for a trusted build.
[Module] Package 'fixture-unavailable-package' not found for module 'fixture'
[Module] I will not install system packages during compilation without NANO_ALLOW_PACKAGE_INSTALL=1. Install dependencies manually or opt in for a trusted build.
[Module] I could not find pkg-config. Install it manually, or explicitly allow package installation with NANO_ALLOW_PACKAGE_INSTALL=1.
[Module] Package 'fixture-unavailable-package' not found for module 'fixture'
[Module] I will not install system packages during compilation without NANO_ALLOW_PACKAGE_INSTALL=1. Install dependencies manually or opt in for a trusted build.
[Module] Package 'fixture-unavailable-package' not found for module 'fixture'
[Module] I will not install system packages during compilation without NANO_ALLOW_PACKAGE_INSTALL=1. Install dependencies manually or opt in for a trusted build.
[Module] Package 'fixture-unavailable-package' not found for module 'fixture'
[Module] I will not install system packages during compilation without NANO_ALLOW_PACKAGE_INSTALL=1. Install dependencies manually or opt in for a trusted build.
[Module] I could not find pkg-config. Install it manually, or explicitly allow package installation with NANO_ALLOW_PACKAGE_INSTALL=1.
[Module] Package 'fixture-unavailable-package' not found for module 'fixture'
[Module] I will not install system packages during compilation without NANO_ALLOW_PACKAGE_INSTALL=1. Install dependencies manually or opt in for a trusted build.
[Module] Package 'fixture-unavailable-package' not found for module 'fixture'
[Module] I will not install system packages during compilation without NANO_ALLOW_PACKAGE_INSTALL=1. Install dependencies manually or opt in for a trusted build.
[Module] Package 'fixture-unavailable-package' not found for module 'fixture'
[Module] I will not install system packages during compilation without NANO_ALLOW_PACKAGE_INSTALL=1. Install dependencies manually or opt in for a trusted build.
[Module] I could not find pkg-config. Install it manually, or explicitly allow package installation with NANO_ALLOW_PACKAGE_INSTALL=1.
[Module] Package 'fixture-unavailable-package' not found for module 'fixture'
[Module] I will not install system packages during compilation without NANO_ALLOW_PACKAGE_INSTALL=1. Install dependencies manually or opt in for a trusted build.
[Module] Package 'fixture-unavailable-package' not found for module 'fixture'
[Module] I will not install system packages during compilation without NANO_ALLOW_PACKAGE_INSTALL=1. Install dependencies manually or opt in for a trusted build.
[Module] Package 'fixture-unavailable-package' not found for module 'fixture'
[Module] I will not install system packages during compilation without NANO_ALLOW_PACKAGE_INSTALL=1. Install dependencies manually or opt in for a trusted build.
[Module] I could not find pkg-config. Install it manually, or explicitly allow package installation with NANO_ALLOW_PACKAGE_INSTALL=1.
[Module]   Non-interactive shell detected; using sudo -n
[Module]   Running: fixture-install
[Module]   ✓ Successfully installed fixture
I passed module installation authority checks.
cc -Wall -Wextra -Werror -std=c99 -g -O3 -ftree-vectorize -fPIC -Isrc -D_GNU_SOURCE -I'/Applications/Xcode.app/Contents/Developer/Platforms/MacOSX.platform/Developer/SDKs/MacOSX27.0.sdk/usr/include/ffi' -I/opt/homebrew/Cellar/openssl@3/3.6.5/include -o obj/test_module_builder_cache tests/test_module_builder_cache.c obj/cJSON.o obj/utf8.o obj/runtime/module_build_dir.o -lm -lcrypto -lffi -L/opt/homebrew/Cellar/openssl@3/3.6.5/lib
I passed absolute, relative, changed, missing and oversized source checks.
==========================================
Module dependency re-check tests
==========================================
[0;32m✅[0m compile and run succeed while the system package is present
[0;32m✅[0m compile fails when the cached module's system package is gone
[0;32m✅[0m failure names the missing package
[0;32m✅[0m failure is my diagnostic, not a missing-header C error
[0;32m✅[0m compile recovers after the system package is restored
==========================================
[0;32mAll module dependency re-check tests passed[0m
....
----------------------------------------------------------------------
Ran 4 tests in 11.073s

OK
Running pt2_audio playback tests...
PASS: pt2_audio playback (14 checks)
cc -Wall -Wextra -Werror -std=c99 -g -O3 -ftree-vectorize -fPIC -Isrc -D_GNU_SOURCE -I'/Applications/Xcode.app/Contents/Developer/Platforms/MacOSX.platform/Developer/SDKs/MacOSX27.0.sdk/usr/include/ffi' -I/opt/homebrew/Cellar/openssl@3/3.6.5/include -o bin/nano_virt obj/nanovirt/codegen.o obj/nanovirt/wrapper_gen.o obj/nanovirt/shadow_runner.o obj/nanovm/value.o obj/nanovm/heap.o obj/nanovm/heap_cycles.o obj/nanovm/vm.o obj/nanovm/vm_callback.o obj/nanovm/vm_ffi.o obj/nanovm/vm_builtins.o obj/nanovm/cop_protocol.o obj/nanovm/vm_ffi_arrays.o obj/runtime/callback_runtime.o obj/nanoisa/file_flow.o obj/nanoisa/service_file_nominal.o obj/nanoisa/service_file_nominal_plan.o obj/nanoisa/service_bindings.o obj/nanoisa/service_bindings_module.o obj/nanoisa/mixed_float_proof.o obj/nanoisa/managed_array_shapes.o obj/nanoisa/local_bindings.o obj/nanoisa/affine_bytecode.o obj/nanoisa/affine_state.o obj/nanoisa/ownership_contracts.o obj/nanoisa/retained_layouts.o obj/nanoisa/reference_places.o obj/nanoisa/passive.o obj/nanoisa/isa.o obj/nanoisa/verifier_types.o obj/nanoisa/nvm_format.o obj/nanoisa/nvm_format_v2.o obj/nanoisa/nvm_v2_cursor.o obj/nanoisa/nvm_v2_constants.o obj/nanoisa/nvm_v2_signatures.o obj/nanoisa/nvm_v2_layouts.o obj/nanoisa/nvm_v2_functions.o obj/nanoisa/nvm_v2_imports.o obj/nanoisa/nvm_v2_module.o obj/nanoisa/nvm_v2_convert.o obj/nanoisa/assembler.o obj/nanoisa/disassembler.o obj/nanoisa/verifier.o obj/nanoisa/nvm2c.o obj/nanoisa/nvm2c_shape.o obj/nanoisa/nvm2c_callables.o obj/nanoisa/frontend.o obj/nanoisa/nanoisa_facade.o obj/nanovm/vm_decode.o obj/nanovm/vm_dispatch.o obj/nsi_file_plan.o \
		obj/lexer.o obj/parser.o obj/typechecker.o obj/transpiler.o obj/stdlib_runtime.o obj/env.o obj/builtins_registry.o obj/module.o obj/module_metadata.o obj/cJSON.o obj/toon_output.o obj/module_builder.o obj/resource_tracking.o obj/eval.o obj/eval/eval_hashmap.o obj/eval/eval_math.o obj/eval/eval_string.o obj/eval/eval_io.o obj/interpreter_ffi.o obj/json_diagnostics.o obj/reflection.o obj/nanocore_subset.o obj/nanocore_export.o obj/emit_typed_ast.o obj/type_infer.o obj/effects.o obj/fold_constants.o obj/dce_pass.o obj/par_let_pass.o obj/ptx_backend.o obj/opencl_backend.o obj/tco_pass.o obj/cps_pass.o obj/coroutine.o obj/pgo_pass.o obj/c_backend.o obj/bench.o obj/bench_native.o obj/riscv_backend.o obj/dwarf_info.o obj/docgen_md.o obj/docgen.o obj/fmt.o obj/channel.o obj/bcp47.o obj/locale.o obj/utf8.o obj/diag_id.o obj/catalog.o obj/resource_flow.o obj/nominal_types.o obj/runtime/list_int.o obj/runtime/list_bool.o obj/runtime/list_string.o obj/runtime/list_LexerToken.o obj/runtime/list_token.o obj/runtime/list_CompilerDiagnostic.o obj/runtime/list_CompilerSourceLocation.o obj/runtime/list_ASTNumber.o obj/runtime/list_ASTFloat.o obj/runtime/list_ASTString.o obj/runtime/list_ASTBool.o obj/runtime/list_ASTIdentifier.o obj/runtime/list_ASTBinaryOp.o obj/runtime/list_ASTCall.o obj/runtime/list_ASTModuleQualifiedCall.o obj/runtime/list_ASTArrayLiteral.o obj/runtime/list_ASTLet.o obj/runtime/list_ASTSet.o obj/runtime/list_ASTStmtRef.o obj/runtime/list_ASTIf.o obj/runtime/list_ASTWhile.o obj/runtime/list_ASTFor.o obj/runtime/list_ASTReturn.o obj/runtime/list_ASTBlock.o obj/runtime/list_ASTUnsafeBlock.o obj/runtime/list_ASTPrint.o obj/runtime/list_ASTAssert.o obj/runtime/list_ASTFunction.o obj/runtime/list_ASTShadow.o obj/runtime/list_ASTStruct.o obj/runtime/list_ASTStructLiteral.o obj/runtime/list_ASTFieldAccess.o obj/runtime/list_ASTEnum.o obj/runtime/list_ASTUnion.o obj/runtime/list_ASTUnionConstruct.o obj/runtime/list_ASTMatch.o obj/runtime/list_ASTImport.o obj/runtime/list_ASTOpaqueType.o obj/runtime/list_ASTServiceDecl.o obj/runtime/list_ASTTupleLiteral.o obj/runtime/list_ASTTupleIndex.o obj/runtime/token_helpers.o obj/runtime/gc.o obj/runtime/effect_runtime.o obj/runtime/dyn_array.o obj/runtime/gc_struct.o obj/runtime/nl_string.o obj/runtime/ffi_loader.o obj/runtime/module_build_dir.o obj/runtime/cli.o obj/runtime/regex.o obj/nanovirt/main.o -lm -lcrypto -lffi -L/opt/homebrew/Cellar/openssl@3/3.6.5/lib
cc -Wall -Wextra -Werror -std=c99 -g -O3 -ftree-vectorize -fPIC -Isrc -D_GNU_SOURCE -I'/Applications/Xcode.app/Contents/Developer/Platforms/MacOSX.platform/Developer/SDKs/MacOSX27.0.sdk/usr/include/ffi' -I/opt/homebrew/Cellar/openssl@3/3.6.5/include -o bin/nano_vm obj/nanovm/value.o obj/nanovm/heap.o obj/nanovm/heap_cycles.o obj/nanovm/vm.o obj/nanovm/vm_callback.o obj/nanovm/vm_ffi.o obj/nanovm/vm_builtins.o obj/nanovm/cop_protocol.o obj/nanovm/vm_ffi_arrays.o obj/runtime/callback_runtime.o obj/nanoisa/file_flow.o obj/nanoisa/service_file_nominal.o obj/nanoisa/service_file_nominal_plan.o obj/nanoisa/service_bindings.o obj/nanoisa/service_bindings_module.o obj/nanoisa/mixed_float_proof.o obj/nanoisa/managed_array_shapes.o obj/nanoisa/local_bindings.o obj/nanoisa/affine_bytecode.o obj/nanoisa/affine_state.o obj/nanoisa/ownership_contracts.o obj/nanoisa/retained_layouts.o obj/nanoisa/reference_places.o obj/nanoisa/passive.o obj/nanoisa/isa.o obj/nanoisa/verifier_types.o obj/nanoisa/nvm_format.o obj/nanoisa/nvm_format_v2.o obj/nanoisa/nvm_v2_cursor.o obj/nanoisa/nvm_v2_constants.o obj/nanoisa/nvm_v2_signatures.o obj/nanoisa/nvm_v2_layouts.o obj/nanoisa/nvm_v2_functions.o obj/nanoisa/nvm_v2_imports.o obj/nanoisa/nvm_v2_module.o obj/nanoisa/nvm_v2_convert.o obj/nanoisa/assembler.o obj/nanoisa/disassembler.o obj/nanoisa/verifier.o obj/nanoisa/nvm2c.o obj/nanoisa/nvm2c_shape.o obj/nanoisa/nvm2c_callables.o obj/nanoisa/frontend.o obj/nanoisa/nanoisa_facade.o obj/nanovm/vm_decode.o obj/nanovm/vm_dispatch.o obj/nsi_file_plan.o obj/lexer.o obj/parser.o obj/typechecker.o obj/transpiler.o obj/stdlib_runtime.o obj/env.o obj/builtins_registry.o obj/module.o obj/module_metadata.o obj/cJSON.o obj/toon_output.o obj/module_builder.o obj/resource_tracking.o obj/eval.o obj/eval/eval_hashmap.o obj/eval/eval_math.o obj/eval/eval_string.o obj/eval/eval_io.o obj/interpreter_ffi.o obj/json_diagnostics.o obj/reflection.o obj/nanocore_subset.o obj/nanocore_export.o obj/emit_typed_ast.o obj/type_infer.o obj/effects.o obj/fold_constants.o obj/dce_pass.o obj/par_let_pass.o obj/ptx_backend.o obj/opencl_backend.o obj/tco_pass.o obj/cps_pass.o obj/coroutine.o obj/pgo_pass.o obj/c_backend.o obj/bench.o obj/bench_native.o obj/riscv_backend.o obj/dwarf_info.o obj/docgen_md.o obj/docgen.o obj/fmt.o obj/channel.o obj/bcp47.o obj/locale.o obj/utf8.o obj/diag_id.o obj/catalog.o obj/resource_flow.o obj/nominal_types.o obj/runtime/list_int.o obj/runtime/list_bool.o obj/runtime/list_string.o obj/runtime/list_LexerToken.o obj/runtime/list_token.o obj/runtime/list_CompilerDiagnostic.o obj/runtime/list_CompilerSourceLocation.o obj/runtime/list_ASTNumber.o obj/runtime/list_ASTFloat.o obj/runtime/list_ASTString.o obj/runtime/list_ASTBool.o obj/runtime/list_ASTIdentifier.o obj/runtime/list_ASTBinaryOp.o obj/runtime/list_ASTCall.o obj/runtime/list_ASTModuleQualifiedCall.o obj/runtime/list_ASTArrayLiteral.o obj/runtime/list_ASTLet.o obj/runtime/list_ASTSet.o obj/runtime/list_ASTStmtRef.o obj/runtime/list_ASTIf.o obj/runtime/list_ASTWhile.o obj/runtime/list_ASTFor.o obj/runtime/list_ASTReturn.o obj/runtime/list_ASTBlock.o obj/runtime/list_ASTUnsafeBlock.o obj/runtime/list_ASTPrint.o obj/runtime/list_ASTAssert.o obj/runtime/list_ASTFunction.o obj/runtime/list_ASTShadow.o obj/runtime/list_ASTStruct.o obj/runtime/list_ASTStructLiteral.o obj/runtime/list_ASTFieldAccess.o obj/runtime/list_ASTEnum.o obj/runtime/list_ASTUnion.o obj/runtime/list_ASTUnionConstruct.o obj/runtime/list_ASTMatch.o obj/runtime/list_ASTImport.o obj/runtime/list_ASTOpaqueType.o obj/runtime/list_ASTServiceDecl.o obj/runtime/list_ASTTupleLiteral.o obj/runtime/list_ASTTupleIndex.o obj/runtime/token_helpers.o obj/runtime/gc.o obj/runtime/effect_runtime.o obj/runtime/dyn_array.o obj/runtime/gc_struct.o obj/runtime/nl_string.o obj/runtime/ffi_loader.o obj/runtime/module_build_dir.o obj/runtime/cli.o obj/runtime/regex.o \
		obj/nanovm/vmd_protocol.o obj/nanovm/vmd_client.o \
		obj/nanovm/main.o obj/nanoisa/file_cli.o lib/libnano_file_runtime.a -lm -lcrypto -lffi -L/opt/homebrew/Cellar/openssl@3/3.6.5/lib 
✓ Bootstrap Stage 0: C reference compiler ready
python3 scripts/embed_binary64_parser.py --check
I run seed; I retain its log at /private/tmp/nanolang-match-guards-20261009/obj/bootstrap-nanoisa/run-agdia3io/00-seed.log.
I run seed-verify; I retain its log at /private/tmp/nanolang-match-guards-20261009/obj/bootstrap-nanoisa/run-agdia3io/01-seed-verify.log.
I run stage1; I retain its log at /private/tmp/nanolang-match-guards-20261009/obj/bootstrap-nanoisa/run-agdia3io/02-stage1.log.
I run stage1-verify; I retain its log at /private/tmp/nanolang-match-guards-20261009/obj/bootstrap-nanoisa/run-agdia3io/03-stage1-verify.log.
I run stage1-translate; I retain its log at /private/tmp/nanolang-match-guards-20261009/obj/bootstrap-nanoisa/run-agdia3io/04-stage1-translate.log.
I run stage1-native; I retain its log at /private/tmp/nanolang-match-guards-20261009/obj/bootstrap-nanoisa/run-agdia3io/05-stage1-native.log.
I run stage1-hello-compile; I retain its log at /private/tmp/nanolang-match-guards-20261009/obj/bootstrap-nanoisa/run-agdia3io/06-stage1-hello-compile.log.
I run stage1-hello-execute; I retain its log at /private/tmp/nanolang-match-guards-20261009/obj/bootstrap-nanoisa/run-agdia3io/07-stage1-hello-execute.log.
I run stage2; I retain its log at /private/tmp/nanolang-match-guards-20261009/obj/bootstrap-nanoisa/run-agdia3io/08-stage2.log.
I run stage2-verify; I retain its log at /private/tmp/nanolang-match-guards-20261009/obj/bootstrap-nanoisa/run-agdia3io/09-stage2-verify.log.
I run stage2-translate; I retain its log at /private/tmp/nanolang-match-guards-20261009/obj/bootstrap-nanoisa/run-agdia3io/10-stage2-translate.log.
I run stage2-native; I retain its log at /private/tmp/nanolang-match-guards-20261009/obj/bootstrap-nanoisa/run-agdia3io/11-stage2-native.log.
I run stage2-hello-compile; I retain its log at /private/tmp/nanolang-match-guards-20261009/obj/bootstrap-nanoisa/run-agdia3io/12-stage2-hello-compile.log.
I run stage2-hello-execute; I retain its log at /private/tmp/nanolang-match-guards-20261009/obj/bootstrap-nanoisa/run-agdia3io/13-stage2-hello-execute.log.
I run seed-final-verify; I retain its log at /private/tmp/nanolang-match-guards-20261009/obj/bootstrap-nanoisa/run-agdia3io/14-seed-final-verify.log.
I run stage1-final-verify; I retain its log at /private/tmp/nanolang-match-guards-20261009/obj/bootstrap-nanoisa/run-agdia3io/15-stage1-final-verify.log.
I run stage2-final-verify; I retain its log at /private/tmp/nanolang-match-guards-20261009/obj/bootstrap-nanoisa/run-agdia3io/16-stage2-final-verify.log.
I compared raw Stage 1 and Stage 2 modules: they are byte-identical in this build.
I have not established reproducibility across clean environments or proved compiler semantic correctness.
I installed bin/nanoc from the verified Stage 2 module.
Hello from NanoLang!
ld: warning: ignoring duplicate libraries: '-lm'
🔍 Verifying self-hosted compiler works without bin/nanoc_c...
Hello from NanoLang!
ld: warning: ignoring duplicate libraries: '-lm'
✅ bin/nanoc succeeded with bin/nanoc_c removed
✓ Compiler: bin/nanoc -> nanoc_stage2 (self-hosted)
cc -Wall -Wextra -Werror -std=c99 -g -O3 -ftree-vectorize -fPIC -Isrc -D_GNU_SOURCE -I'/Applications/Xcode.app/Contents/Developer/Platforms/MacOSX.platform/Developer/SDKs/MacOSX27.0.sdk/usr/include/ffi' -I/opt/homebrew/Cellar/openssl@3/3.6.5/include -fblocks -pthread tests/nanovm/test_dispatch_retained.c modules/dispatch/dispatch.c src/runtime/callback_runtime.c -o obj/test_dispatch_retained -lm -lcrypto -lffi -L/opt/homebrew/Cellar/openssl@3/3.6.5/lib
I passed retained dispatch sync, concurrent groups, notification, barrier, timer drain and late cancellation checks.
cc -Wall -Wextra -Werror -std=c99 -g -O3 -ftree-vectorize -fPIC -Isrc -D_GNU_SOURCE -I'/Applications/Xcode.app/Contents/Developer/Platforms/MacOSX.platform/Developer/SDKs/MacOSX27.0.sdk/usr/include/ffi' -I/opt/homebrew/Cellar/openssl@3/3.6.5/include -fblocks -pthread tests/nanovm/test_dispatch_allocation.c -o obj/test_dispatch_allocation -lm -lcrypto -lffi -L/opt/homebrew/Cellar/openssl@3/3.6.5/lib
I passed dispatch wrapper allocation failure and recovery checks.
.
----------------------------------------------------------------------
Ran 1 test in 0.512s

OK
cc -Wall -Wextra -Werror -std=c99 -g -O3 -ftree-vectorize -fPIC -Isrc -D_GNU_SOURCE -I'/Applications/Xcode.app/Contents/Developer/Platforms/MacOSX.platform/Developer/SDKs/MacOSX27.0.sdk/usr/include/ffi' -I/opt/homebrew/Cellar/openssl@3/3.6.5/include $(pkg-config --cflags SDL2_mixer) -pthread tests/nanovm/test_mixer_callbacks.c src/runtime/callback_runtime.c modules/sdl_mixer/sdl_mixer_operations.c -o obj/test_mixer_callbacks -lm -lcrypto -lffi -L/opt/homebrew/Cellar/openssl@3/3.6.5/lib $(pkg-config --libs SDL2_mixer)
I passed post-mix retention, replacement, allocation failure, audio-lock clearing, buffer mutation and late cancellation checks.
...
----------------------------------------------------------------------
Ran 3 tests in 3.308s

OK
python3 -m unittest -v tests.test_header_constant_functions
test_callable_local_still_shadows_declared_function (tests.test_header_constant_functions.HeaderConstantFunctions.test_callable_local_still_shadows_declared_function) ... skipped 'I require SQLite headers in the module constant search paths.'
test_noncallable_local_refuses_without_replacing_prior_output (tests.test_header_constant_functions.HeaderConstantFunctions.test_noncallable_local_refuses_without_replacing_prior_output) ... skipped 'I require SQLite headers in the module constant search paths.'
test_original_sqlite_example_and_dependency_shadows (tests.test_header_constant_functions.HeaderConstantFunctions.test_original_sqlite_example_and_dependency_shadows) ... skipped 'I require SQLite headers in the module constant search paths.'
test_unrelated_sqlite_header_value (tests.test_header_constant_functions.HeaderConstantFunctions.test_unrelated_sqlite_header_value) ... skipped 'I require SQLite headers in the module constant search paths.'
test_compiler_support_query_preserves_snapshot_and_literal_contract (tests.test_header_constant_functions.HeaderConstantValues.test_compiler_support_query_preserves_snapshot_and_literal_contract) ... ok
test_header_values_keep_lexical_bindings_in_shadows_vm_and_native (tests.test_header_constant_functions.HeaderConstantValues.test_header_values_keep_lexical_bindings_in_shadows_vm_and_native) ... ok
test_noninteger_or_out_of_range_header_values_are_not_imported (tests.test_header_constant_functions.HeaderConstantValues.test_noninteger_or_out_of_range_header_values_are_not_imported) ... ok
test_real_sqlite_header_value (tests.test_header_constant_functions.HeaderConstantValues.test_real_sqlite_header_value) ... skipped 'I require SQLite headers.'

----------------------------------------------------------------------
Ran 8 tests in 3.165s

OK (skipped=5)
..
----------------------------------------------------------------------
Ran 2 tests in 0.188s

OK
==========================================
NanoVM example coverage
==========================================

Examples on disk: 248   eligible: 244   excluded: 4

Test 1: VM build covers the whole example tree
  ✓ every example is either built or explicitly declared

Test 2: every eligible example compiles to NanoISA bytecode
  Compiler diagnostics for api_lessons/glut_helpers_api.nano:
       Warning at line 9, column 5: Unused variable 'text'
       -- E024 UNDEFINED VARIABLE --- examples/api_lessons/glut_helpers_api.nano
       I cannot find a variable named `GLUT_BITMAP_HELVETICA_18`.
       
       26|         (draw_bitmap_string GLUT_BITMAP_HELVETICA_18 "Nano")
                                       ^^^^^^^^^^^^^^^^^^^^^^^^
       Hint: Check spelling or ensure the variable is in scope.
       -- E024 UNDEFINED VARIABLE --- examples/api_lessons/glut_helpers_api.nano
       I cannot find a variable named `GLUT_BITMAP_HELVETICA_18`.
       
       27|         let width: int = (get_text_width GLUT_BITMAP_HELVETICA_18 "Nano")
                                                    ^^^^^^^^^^^^^^^^^^^^^^^^
       Hint: Check spelling or ensure the variable is in scope.
       error: type check failed
  Compiler diagnostics for api_lessons/sdl_image_safe_api.nano:
       -- E024 UNDEFINED VARIABLE --- examples/api_lessons/sdl_image_safe_api.nano
       I cannot find a variable named `SDL_FLIP_NONE`.
       
       64|     (img_render_texture_ex renderer texture 110 10 80 80 12.0 SDL_FLIP_NONE)
                                                                         ^^^^^^^^^^^^^
       Hint: Check spelling or ensure the variable is in scope.
       error: type check failed
  Compiler diagnostics for graphics/sdl_image_demo.nano:
       I cannot bind a conflicting public global import.
       error: module loading failed
  Compiler diagnostics for graphics/sdl_image_sprite_animation.nano:
       I cannot bind a conflicting public global import.
       error: module loading failed
  Compiler diagnostics for graphics/sdl_image_tiled_background.nano:
       I cannot bind a conflicting public global import.
       error: module loading failed
  Compiler diagnostics for physics/bullet_beads_simple.nano:
       . /Applications/Xcode.app/Contents/Developer/Platforms/MacOSX.platform/Developer/SDKs/MacOSX.sdk/SDKSettings.json
       . /Applications/Xcode.app/Contents/Developer/Platforms/MacOSX.platform/Developer/SDKs/MacOSX.sdk/usr/include/stdio.h
       .. /Applications/Xcode.app/Contents/Developer/Platforms/MacOSX.platform/Developer/SDKs/MacOSX.sdk/usr/include/_stdio.h
       ... /Applications/Xcode.app/Contents/Developer/Platforms/MacOSX.platform/Developer/SDKs/MacOSX.sdk/usr/include/_bounds.h
       .... /Applications/Xcode.app/Contents/Developer/Platforms/MacOSX.platform/Developer/SDKs/MacOSX.sdk/usr/include/sys/cdefs.h
       ..... /Applications/Xcode.app/Contents/Developer/Platforms/MacOSX.platform/Developer/SDKs/MacOSX.sdk/usr/include/sys/_symbol_aliasing.h
       ..... /Applications/Xcode.app/Contents/Developer/Platforms/MacOSX.platform/Developer/SDKs/MacOSX.sdk/usr/include/sys/_posix_availability.h
       ..... /Applications/Xcode.app/Contents/Developer/Toolchains/XcodeDefault.xctoolchain/usr/lib/clang/21/include/ptrcheck.h
       ... /Applications/Xcode.app/Contents/Developer/Platforms/MacOSX.platform/Developer/SDKs/MacOSX.sdk/usr/include/Availability.h
       .... /Applications/Xcode.app/Contents/Developer/Platforms/MacOSX.platform/Developer/SDKs/MacOSX.sdk/usr/include/AvailabilityVersions.h
       .... /Applications/Xcode.app/Contents/Developer/Platforms/MacOSX.platform/Developer/SDKs/MacOSX.sdk/usr/include/AvailabilityInternal.h
       ..... /Applications/Xcode.app/Contents/Developer/Platforms/MacOSX.platform/Developer/SDKs/MacOSX.sdk/usr/include/AvailabilityVersions.h
       .... /Applications/Xcode.app/Contents/Developer/Platforms/MacOSX.platform/Developer/SDKs/MacOSX.sdk/usr/include/AvailabilityInternalLegacy.h
       ..... /Applications/Xcode.app/Contents/Developer/Platforms/MacOSX.platform/Developer/SDKs/MacOSX.sdk/usr/include/AvailabilityInternal.h
       ... /Applications/Xcode.app/Contents/Developer/Platforms/MacOSX.platform/Developer/SDKs/MacOSX.sdk/usr/include/_types.h
       .... /Applications/Xcode.app/Contents/Developer/Platforms/MacOSX.platform/Developer/SDKs/MacOSX.sdk/usr/include/sys/_types.h
       ..... /Applications/Xcode.app/Contents/Developer/Platforms/MacOSX.platform/Developer/SDKs/MacOSX.sdk/usr/include/machine/_types.h
       ...... /Applications/Xcode.app/Contents/Developer/Platforms/MacOSX.platform/Developer/SDKs/MacOSX.sdk/usr/include/arm/_types.h
       ..... /Applications/Xcode.app/Contents/Developer/Platforms/MacOSX.platform/Developer/SDKs/MacOSX.sdk/usr/include/sys/_pthread/_pthread_types.h
       ... /Applications/Xcode.app/Contents/Developer/Platforms/MacOSX.platform/Developer/SDKs/MacOSX.sdk/usr/include/sys/_types/_va_list.h
       .... /Applications/Xcode.app/Contents/Developer/Platforms/MacOSX.platform/Developer/SDKs/MacOSX.sdk/usr/include/machine/types.h
       ..... /Applications/Xcode.app/Contents/Developer/Platforms/MacOSX.platform/Developer/SDKs/MacOSX.sdk/usr/include/arm/types.h
       ...... /Applications/Xcode.app/Contents/Developer/Platforms/MacOSX.platform/Developer/SDKs/MacOSX.sdk/usr/include/sys/_types/_int8_t.h
       ...... /Applications/Xcode.app/Contents/Developer/Platforms/MacOSX.platform/Developer/SDKs/MacOSX.sdk/usr/include/sys/_types/_int16_t.h
       ...... /Applications/Xcode.app/Contents/Developer/Platforms/MacOSX.platform/Developer/SDKs/MacOSX.sdk/usr/include/sys/_types/_int32_t.h
       ...... /Applications/Xcode.app/Contents/Developer/Platforms/MacOSX.platform/Developer/SDKs/MacOSX.sdk/usr/include/sys/_types/_int64_t.h
       ...... /Applications/Xcode.app/Contents/Developer/Platforms/MacOSX.platform/Developer/SDKs/MacOSX.sdk/usr/include/sys/_types/_u_int8_t.h
       ...... /Applications/Xcode.app/Contents/Developer/Platforms/MacOSX.platform/Developer/SDKs/MacOSX.sdk/usr/include/sys/_types/_u_int16_t.h
       ...... /Applications/Xcode.app/Contents/Developer/Platforms/MacOSX.platform/Developer/SDKs/MacOSX.sdk/usr/include/sys/_types/_u_int32_t.h
       ...... /Applications/Xcode.app/Contents/Developer/Platforms/MacOSX.platform/Developer/SDKs/MacOSX.sdk/usr/include/sys/_types/_u_int64_t.h
       ...... /Applications/Xcode.app/Contents/Developer/Platforms/MacOSX.platform/Developer/SDKs/MacOSX.sdk/usr/include/sys/_types/_intptr_t.h
       ...... /Applications/Xcode.app/Contents/Developer/Platforms/MacOSX.platform/Developer/SDKs/MacOSX.sdk/usr/include/sys/_types/_uintptr_t.h
       ... /Applications/Xcode.app/Contents/Developer/Platforms/MacOSX.platform/Developer/SDKs/MacOSX.sdk/usr/include/sys/_types/_size_t.h
       ... /Applications/Xcode.app/Contents/Developer/Platforms/MacOSX.platform/Developer/SDKs/MacOSX.sdk/usr/include/sys/_types/_null.h
       ... /Applications/Xcode.app/Contents/Developer/Platforms/MacOSX.platform/Developer/SDKs/MacOSX.sdk/usr/include/sys/stdio.h
       .... /Applications/Xcode.app/Contents/Developer/Platforms/MacOSX.platform/Developer/SDKs/MacOSX.sdk/usr/include/Availability.h
       ... /Applications/Xcode.app/Contents/Developer/Platforms/MacOSX.platform/Developer/SDKs/MacOSX.sdk/usr/include/_printf.h
       ... /Applications/Xcode.app/Contents/Developer/Platforms/MacOSX.platform/Developer/SDKs/MacOSX.sdk/usr/include/sys/_types/_seek_set.h
       ... /Applications/Xcode.app/Contents/Developer/Platforms/MacOSX.platform/Developer/SDKs/MacOSX.sdk/usr/include/_ctermid.h
       ... /Applications/Xcode.app/Contents/Developer/Platforms/MacOSX.platform/Developer/SDKs/MacOSX.sdk/usr/include/sys/_types/_off_t.h
       ... /Applications/Xcode.app/Contents/Developer/Platforms/MacOSX.platform/Developer/SDKs/MacOSX.sdk/usr/include/sys/_types/_ssize_t.h
       ... /Applications/Xcode.app/Contents/Developer/Platforms/MacOSX.platform/Developer/SDKs/MacOSX.sdk/usr/include/secure/_stdio.h
       .... /Applications/Xcode.app/Contents/Developer/Platforms/MacOSX.platform/Developer/SDKs/MacOSX.sdk/usr/include/secure/_common.h
       . /Applications/Xcode.app/Contents/Developer/Platforms/MacOSX.platform/Developer/SDKs/MacOSX.sdk/usr/include/stdlib.h
       .. /Applications/Xcode.app/Contents/Developer/Platforms/MacOSX.platform/Developer/SDKs/MacOSX.sdk/usr/include/_stdlib.h
       ... /Applications/Xcode.app/Contents/Developer/Platforms/MacOSX.platform/Developer/SDKs/MacOSX.sdk/usr/include/Availability.h
       ... /Applications/Xcode.app/Contents/Developer/Platforms/MacOSX.platform/Developer/SDKs/MacOSX.sdk/usr/include/sys/wait.h
       .... /Applications/Xcode.app/Contents/Developer/Platforms/MacOSX.platform/Developer/SDKs/MacOSX.sdk/usr/include/sys/_types/_pid_t.h
       .... /Applications/Xcode.app/Contents/Developer/Platforms/MacOSX.platform/Developer/SDKs/MacOSX.sdk/usr/include/sys/_types/_id_t.h
       .... /Applications/Xcode.app/Contents/Developer/Platforms/MacOSX.platform/Developer/SDKs/MacOSX.sdk/usr/include/sys/signal.h
       ..... /Applications/Xcode.app/Contents/Developer/Platforms/MacOSX.platform/Developer/SDKs/MacOSX.sdk/usr/include/sys/appleapiopts.h
       ..... /Applications/Xcode.app/Contents/Developer/Platforms/MacOSX.platform/Developer/SDKs/MacOSX.sdk/usr/include/Availability.h
       ..... /Applications/Xcode.app/Contents/Developer/Platforms/MacOSX.platform/Developer/SDKs/MacOSX.sdk/usr/include/machine/signal.h
       ...... /Applications/Xcode.app/Contents/Developer/Platforms/MacOSX.platform/Developer/SDKs/MacOSX.sdk/usr/include/arm/signal.h
       ..... /Applications/Xcode.app/Contents/Developer/Platforms/MacOSX.platform/Developer/SDKs/MacOSX.sdk/usr/include/machine/_mcontext.h
       ...... /Applications/Xcode.app/Contents/Developer/Platforms/MacOSX.platform/Developer/SDKs/MacOSX.sdk/usr/include/arm/_mcontext.h
       ....... /Applications/Xcode.app/Contents/Developer/Platforms/MacOSX.platform/Developer/SDKs/MacOSX.sdk/usr/include/mach/machine/_structs.h
       ........ /Applications/Xcode.app/Contents/Developer/Platforms/MacOSX.platform/Developer/SDKs/MacOSX.sdk/usr/include/mach/arm/_structs.h
       ..... /Applications/Xcode.app/Contents/Developer/Platforms/MacOSX.platform/Developer/SDKs/MacOSX.sdk/usr/include/sys/_pthread/_pthread_attr_t.h
       ..... /Applications/Xcode.app/Contents/Developer/Platforms/MacOSX.platform/Developer/SDKs/MacOSX.sdk/usr/include/sys/_types/_sigaltstack.h
       ..... /Applications/Xcode.app/Contents/Developer/Platforms/MacOSX.platform/Developer/SDKs/MacOSX.sdk/usr/include/sys/_types/_ucontext.h
       ..... /Applications/Xcode.app/Contents/Developer/Platforms/MacOSX.platform/Developer/SDKs/MacOSX.sdk/usr/include/sys/_types/_sigset_t.h
       ..... /Applications/Xcode.app/Contents/Developer/Platforms/MacOSX.platform/Developer/SDKs/MacOSX.sdk/usr/include/sys/_types/_size_t.h
       ..... /Applications/Xcode.app/Contents/Developer/Platforms/MacOSX.platform/Developer/SDKs/MacOSX.sdk/usr/include/sys/_types/_uid_t.h
       .... /Applications/Xcode.app/Contents/Developer/Platforms/MacOSX.platform/Developer/SDKs/MacOSX.sdk/usr/include/sys/resource.h
       ..... /Applications/Xcode.app/Contents/Developer/Toolchains/XcodeDefault.xctoolchain/usr/lib/clang/21/include/stdint.h
       ...... /Applications/Xcode.app/Contents/Developer/Platforms/MacOSX.platform/Developer/SDKs/MacOSX.sdk/usr/include/stdint.h
       ....... /Applications/Xcode.app/Contents/Developer/Platforms/MacOSX.platform/Developer/SDKs/MacOSX.sdk/usr/include/_types/_uint8_t.h
       ....... /Applications/Xcode.app/Contents/Developer/Platforms/MacOSX.platform/Developer/SDKs/MacOSX.sdk/usr/include/_types/_uint16_t.h
       ....... /Applications/Xcode.app/Contents/Developer/Platforms/MacOSX.platform/Developer/SDKs/MacOSX.sdk/usr/include/_types/_uint32_t.h
       ....... /Applications/Xcode.app/Contents/Developer/Platforms/MacOSX.platform/Developer/SDKs/MacOSX.sdk/usr/include/_types/_uint64_t.h
       ....... /Applications/Xcode.app/Contents/Developer/Platforms/MacOSX.platform/Developer/SDKs/MacOSX.sdk/usr/include/_types/_intmax_t.h
       ....... /Applications/Xcode.app/Contents/Developer/Platforms/MacOSX.platform/Developer/SDKs/MacOSX.sdk/usr/include/_types/_uintmax_t.h
       ..... /Applications/Xcode.app/Contents/Developer/Platforms/MacOSX.platform/Developer/SDKs/MacOSX.sdk/usr/include/Availability.h
       ..... /Applications/Xcode.app/Contents/Developer/Platforms/MacOSX.platform/Developer/SDKs/MacOSX.sdk/usr/include/sys/_types/_timeval.h
       .... /Applications/Xcode.app/Contents/Developer/Platforms/MacOSX.platform/Developer/SDKs/MacOSX.sdk/usr/include/machine/endian.h
       ..... /Applications/Xcode.app/Contents/Developer/Platforms/MacOSX.platform/Developer/SDKs/MacOSX.sdk/usr/include/arm/endian.h
       ...... /Applications/Xcode.app/Contents/Developer/Platforms/MacOSX.platform/Developer/SDKs/MacOSX.sdk/usr/include/sys/_endian.h
       ....... /Applications/Xcode.app/Contents/Developer/Platforms/MacOSX.platform/Developer/SDKs/MacOSX.sdk/usr/include/machine/_endian.h
       ........ /Applications/Xcode.app/Contents/Developer/Platforms/MacOSX.platform/Developer/SDKs/MacOSX.sdk/usr/include/arm/_endian.h
       ......... /Applications/Xcode.app/Contents/Developer/Platforms/MacOSX.platform/Developer/SDKs/MacOSX.sdk/usr/include/sys/__endian.h
       ....... /Applications/Xcode.app/Contents/Developer/Platforms/MacOSX.platform/Developer/SDKs/MacOSX.sdk/usr/include/libkern/_OSByteOrder.h
       ........ /Applications/Xcode.app/Contents/Developer/Platforms/MacOSX.platform/Developer/SDKs/MacOSX.sdk/usr/include/libkern/arm/_OSByteOrder.h
       ... /Applications/Xcode.app/Contents/Developer/Platforms/MacOSX.platform/Developer/SDKs/MacOSX.sdk/usr/include/alloca.h
       .... /Applications/Xcode.app/Contents/Developer/Platforms/MacOSX.platform/Developer/SDKs/MacOSX.sdk/usr/include/sys/_types/_size_t.h
       ... /Applications/Xcode.app/Contents/Developer/Platforms/MacOSX.platform/Developer/SDKs/MacOSX.sdk/usr/include/sys/_types/_size_t.h
       ... /Applications/Xcode.app/Contents/Developer/Platforms/MacOSX.platform/Developer/SDKs/MacOSX.sdk/usr/include/sys/_types/_ct_rune_t.h
       ... /Applications/Xcode.app/Contents/Developer/Platforms/MacOSX.platform/Developer/SDKs/MacOSX.sdk/usr/include/sys/_types/_rune_t.h
       ... /Applications/Xcode.app/Contents/Developer/Platforms/MacOSX.platform/Developer/SDKs/MacOSX.sdk/usr/include/sys/_types/_wchar_t.h
       ... /Applications/Xcode.app/Contents/Developer/Platforms/MacOSX.platform/Developer/SDKs/MacOSX.sdk/usr/include/sys/_types/_null.h
       ... /Applications/Xcode.app/Contents/Developer/Platforms/MacOSX.platform/Developer/SDKs/MacOSX.sdk/usr/include/malloc/_malloc.h
       .... /Applications/Xcode.app/Contents/Developer/Platforms/MacOSX.platform/Developer/SDKs/MacOSX.sdk/usr/include/Availability.h
       .... /Applications/Xcode.app/Contents/Developer/Platforms/MacOSX.platform/Developer/SDKs/MacOSX.sdk/usr/include/sys/_types/_size_t.h
       .... /Applications/Xcode.app/Contents/Developer/Platforms/MacOSX.platform/Developer/SDKs/MacOSX.sdk/usr/include/malloc/_malloc_type.h
       ..... /Applications/Xcode.app/Contents/Developer/Platforms/MacOSX.platform/Developer/SDKs/MacOSX.sdk/usr/include/malloc/_ptrcheck.h
       ..... /Applications/Xcode.app/Contents/Developer/Platforms/MacOSX.platform/Developer/SDKs/MacOSX.sdk/usr/include/Availability.h
       ..... /Applications/Xcode.app/Contents/Developer/Platforms/MacOSX.platform/Developer/SDKs/MacOSX.sdk/usr/include/sys/_types/_size_t.h
       ... /Applications/Xcode.app/Contents/Developer/Platforms/MacOSX.platform/Developer/SDKs/MacOSX.sdk/usr/include/_abort.h
       ... /Applications/Xcode.app/Contents/Developer/Platforms/MacOSX.platform/Developer/SDKs/MacOSX.sdk/usr/include/sys/_types/_dev_t.h
       ... /Applications/Xcode.app/Contents/Developer/Platforms/MacOSX.platform/Developer/SDKs/MacOSX.sdk/usr/include/sys/_types/_mode_t.h
       . /Applications/Xcode.app/Contents/Developer/Platforms/MacOSX.platform/Developer/SDKs/MacOSX.sdk/usr/include/string.h
       .. /Applications/Xcode.app/Contents/Developer/Platforms/MacOSX.platform/Developer/SDKs/MacOSX.sdk/usr/include/_string.h
       ... /Applications/Xcode.app/Contents/Developer/Platforms/MacOSX.platform/Developer/SDKs/MacOSX.sdk/usr/include/Availability.h
       ... /Applications/Xcode.app/Contents/Developer/Platforms/MacOSX.platform/Developer/SDKs/MacOSX.sdk/usr/include/sys/_types/_size_t.h
       ... /Applications/Xcode.app/Contents/Developer/Platforms/MacOSX.platform/Developer/SDKs/MacOSX.sdk/usr/include/sys/_types/_null.h
       ... /Applications/Xcode.app/Contents/Developer/Platforms/MacOSX.platform/Developer/SDKs/MacOSX.sdk/usr/include/sys/_types/_rsize_t.h
       ... /Applications/Xcode.app/Contents/Developer/Platforms/MacOSX.platform/Developer/SDKs/MacOSX.sdk/usr/include/sys/_types/_errno_t.h
       ... /Applications/Xcode.app/Contents/Developer/Platforms/MacOSX.platform/Developer/SDKs/MacOSX.sdk/usr/include/_strings.h
       .... /Applications/Xcode.app/Contents/Developer/Platforms/MacOSX.platform/Developer/SDKs/MacOSX.sdk/usr/include/Availability.h
       .... /Applications/Xcode.app/Contents/Developer/Platforms/MacOSX.platform/Developer/SDKs/MacOSX.sdk/usr/include/sys/_types/_size_t.h
       .... /Applications/Xcode.app/Contents/Developer/Platforms/MacOSX.platform/Developer/SDKs/MacOSX.sdk/usr/include/secure/_strings.h
       ..... /Applications/Xcode.app/Contents/Developer/Platforms/MacOSX.platform/Developer/SDKs/MacOSX.sdk/usr/include/Availability.h
       ... /Applications/Xcode.app/Contents/Developer/Platforms/MacOSX.platform/Developer/SDKs/MacOSX.sdk/usr/include/secure/_string.h
       .... /Applications/Xcode.app/Contents/Developer/Platforms/MacOSX.platform/Developer/SDKs/MacOSX.sdk/usr/include/Availability.h
       . /Applications/Xcode.app/Contents/Developer/Toolchains/XcodeDefault.xctoolchain/usr/lib/clang/21/include/stdbool.h
       . /Applications/Xcode.app/Contents/Developer/Platforms/MacOSX.platform/Developer/SDKs/MacOSX.sdk/usr/include/math.h
       .. /Applications/Xcode.app/Contents/Developer/Platforms/MacOSX.platform/Developer/SDKs/MacOSX.sdk/usr/include/Availability.h
       . /opt/homebrew/Cellar/bullet/3.25/include/bullet/btBulletDynamicsCommon.h
       .. /opt/homebrew/Cellar/bullet/3.25/include/bullet/btBulletCollisionCommon.h
       ... /opt/homebrew/Cellar/bullet/3.25/include/bullet/BulletCollision/CollisionDispatch/btCollisionWorld.h
       In file included from /private/tmp/nanolang-match-guards-20261009/modules/bullet/bullet_ffi.c:16:
       In file included from /opt/homebrew/Cellar/bullet/3.25/include/bullet/btBulletDynamicsCommon.h:20:
       In file included from /opt/homebrew/Cellar/bullet/3.25/include/bullet/btBulletCollisionCommon.h:22:
       /opt/homebrew/Cellar/bullet/3.25/include/bullet/BulletCollision/CollisionDispatch/btCollisionWorld.h:72:1: error: unknown type name 'class'
          72 | class btCollisionShape;
             | ^
       /opt/homebrew/Cellar/bullet/3.25/include/bullet/BulletCollision/CollisionDispatch/btCollisionWorld.h:73:1: error: unknown type name 'class'
          73 | class btConvexShape;
             | ^
       /opt/homebrew/Cellar/bullet/3.25/include/bullet/BulletCollision/CollisionDispatch/btCollisionWorld.h:74:1: error: unknown type name 'class'
          74 | class btBroadphaseInterface;
             | ^
       /opt/homebrew/Cellar/bullet/3.25/include/bullet/BulletCollision/CollisionDispatch/btCollisionWorld.h:75:1: error: unknown type name 'class'
          75 | class btSerializer;
             | ^
       .... /opt/homebrew/Cellar/bullet/3.25/include/bullet/LinearMath/btVector3.h
       ..... /opt/homebrew/Cellar/bullet/3.25/include/bullet/LinearMath/btScalar.h
       ...... /Applications/Xcode.app/Contents/Developer/Platforms/MacOSX.platform/Developer/SDKs/MacOSX.sdk/usr/include/stdlib.h
       ...... /Applications/Xcode.app/Contents/Developer/Toolchains/XcodeDefault.xctoolchain/usr/lib/clang/21/include/float.h
       ....... /Applications/Xcode.app/Contents/Developer/Toolchains/XcodeDefault.xctoolchain/usr/lib/clang/21/include/__float_header_macro.h
       ....... /Applications/Xcode.app/Contents/Developer/Toolchains/XcodeDefault.xctoolchain/usr/lib/clang/21/include/__float_float.h
       ....... /Applications/Xcode.app/Contents/Developer/Toolchains/XcodeDefault.xctoolchain/usr/lib/clang/21/include/__float_infinity_nan.h
       ...... /Applications/Xcode.app/Contents/Developer/Toolchains/XcodeDefault.xctoolchain/usr/lib/clang/21/include/arm_neon.h
       ....... /Applications/Xcode.app/Contents/Developer/Toolchains/XcodeDefault.xctoolchain/usr/lib/clang/21/include/arm_bf16.h
       ....... /Applications/Xcode.app/Contents/Developer/Toolchains/XcodeDefault.xctoolchain/usr/lib/clang/21/include/arm_vector_types.h
       ...... /Applications/Xcode.app/Contents/Developer/Platforms/MacOSX.platform/Developer/SDKs/MacOSX.sdk/usr/include/assert.h
       ....... /Applications/Xcode.app/Contents/Developer/Platforms/MacOSX.platform/Developer/SDKs/MacOSX.sdk/usr/include/_assert.h
       ....... /Applications/Xcode.app/Contents/Developer/Platforms/MacOSX.platform/Developer/SDKs/MacOSX.sdk/usr/include/_static_assert.h
       In file included from /private/tmp/nanolang-match-guards-20261009/modules/bullet/bullet_ffi.c:16:
       In file included from /opt/homebrew/Cellar/bullet/3.25/include/bullet/btBulletDynamicsCommon.h:20:
       In file included from /opt/homebrew/Cellar/bullet/3.25/include/bullet/btBulletCollisionCommon.h:22:
       In file included from /opt/homebrew/Cellar/bullet/3.25/include/bullet/BulletCollision/CollisionDispatch/btCollisionWorld.h:77:
       In file included from /opt/homebrew/Cellar/bullet/3.25/include/bullet/LinearMath/btVector3.h:19:
       /opt/homebrew/Cellar/bullet/3.25/include/bullet/LinearMath/btScalar.h:503:11: error: unexpected type name 'btScalar': expected expression
         503 |                 if (x < btScalar(-1))
             |                         ^
       /opt/homebrew/Cellar/bullet/3.25/include/bullet/LinearMath/btScalar.h:504:8: error: unexpected type name 'btScalar': expected expression
         504 |                         x = btScalar(-1);
             |                             ^
       /opt/homebrew/Cellar/bullet/3.25/include/bullet/LinearMath/btScalar.h:505:11: error: unexpected type name 'btScalar': expected expression
         505 |                 if (x > btScalar(1))
             |                         ^
       /opt/homebrew/Cellar/bullet/3.25/include/bullet/LinearMath/btScalar.h:506:8: error: unexpected type name 'btScalar': expected expression
         506 |                         x = btScalar(1);
             |                             ^
       /opt/homebrew/Cellar/bullet/3.25/include/bullet/LinearMath/btScalar.h:511:11: error: unexpected type name 'btScalar': expected expression
         511 |                 if (x < btScalar(-1))
             |                         ^
       /opt/homebrew/Cellar/bullet/3.25/include/bullet/LinearMath/btScalar.h:512:8: error: unexpected type name 'btScalar': expected expression
         512 |                         x = btScalar(-1);
             |                             ^
       /opt/homebrew/Cellar/bullet/3.25/include/bullet/LinearMath/btScalar.h:513:11: error: unexpected type name 'btScalar': expected expression
         513 |                 if (x > btScalar(1))
             |                         ^
       /opt/homebrew/Cellar/bullet/3.25/include/bullet/LinearMath/btScalar.h:514:8: error: unexpected type name 'btScalar': expected expression
         514 |                         x = btScalar(1);
             |                             ^
       /opt/homebrew/Cellar/bullet/3.25/include/bullet/LinearMath/btScalar.h:555:21: error: unexpected type name 'btScalar': expected expression
         555 |         btScalar coeff_1 = SIMD_PI / 4.0f;
             |                            ^
       /opt/homebrew/Cellar/bullet/3.25/include/bullet/LinearMath/btScalar.h:526:17: note: expanded from macro 'SIMD_PI'
         526 | #define SIMD_PI btScalar(3.1415926535897932384626433832795029)
             |                 ^
       /opt/homebrew/Cellar/bullet/3.25/include/bullet/LinearMath/btScalar.h:585:13: error: unexpected type name 'btScalar': expected expression
         585 |         return x < btScalar(0.0) ? 1 : 0;
             |                    ^
       /opt/homebrew/Cellar/bullet/3.25/include/bullet/LinearMath/btScalar.h:588:63: error: expected ')'
         588 | SIMD_FORCE_INLINE btScalar btRadians(btScalar x) { return x * SIMD_RADS_PER_DEG; }
             |                                                               ^
       /opt/homebrew/Cellar/bullet/3.25/include/bullet/LinearMath/btScalar.h:529:28: note: expanded from macro 'SIMD_RADS_PER_DEG'
         529 | #define SIMD_RADS_PER_DEG (SIMD_2_PI / btScalar(360.0))
             |                            ^
       /opt/homebrew/Cellar/bullet/3.25/include/bullet/LinearMath/btScalar.h:527:29: note: expanded from macro 'SIMD_2_PI'
         527 | #define SIMD_2_PI (btScalar(2.0) * SIMD_PI)
             |                             ^
       /opt/homebrew/Cellar/bullet/3.25/include/bullet/LinearMath/btScalar.h:588:63: note: to match this '('
       /opt/homebrew/Cellar/bullet/3.25/include/bullet/LinearMath/btScalar.h:529:28: note: expanded from macro 'SIMD_RADS_PER_DEG'
         529 | #define SIMD_RADS_PER_DEG (SIMD_2_PI / btScalar(360.0))
             |                            ^
       /opt/homebrew/Cellar/bullet/3.25/include/bullet/LinearMath/btScalar.h:527:28: note: expanded from macro 'SIMD_2_PI'
         527 | #define SIMD_2_PI (btScalar(2.0) * SIMD_PI)
             |                            ^
       /opt/homebrew/Cellar/bullet/3.25/include/bullet/LinearMath/btScalar.h:588:63: error: expected ')'
         588 | SIMD_FORCE_INLINE btScalar btRadians(btScalar x) { return x * SIMD_RADS_PER_DEG; }
             |                                                               ^
       /opt/homebrew/Cellar/bullet/3.25/include/bullet/LinearMath/btScalar.h:529:28: note: expanded from macro 'SIMD_RADS_PER_DEG'
         529 | #define SIMD_RADS_PER_DEG (SIMD_2_PI / btScalar(360.0))
             |                            ^
       /opt/homebrew/Cellar/bullet/3.25/include/bullet/LinearMath/btScalar.h:527:34: note: expanded from macro 'SIMD_2_PI'
         527 | #define SIMD_2_PI (btScalar(2.0) * SIMD_PI)
             |                                  ^
       /opt/homebrew/Cellar/bullet/3.25/include/bullet/LinearMath/btScalar.h:588:63: note: to match this '('
       /opt/homebrew/Cellar/bullet/3.25/include/bullet/LinearMath/btScalar.h:529:28: note: expanded from macro 'SIMD_RADS_PER_DEG'
         529 | #define SIMD_RADS_PER_DEG (SIMD_2_PI / btScalar(360.0))
             |                            ^
       /opt/homebrew/Cellar/bullet/3.25/include/bullet/LinearMath/btScalar.h:527:19: note: expanded from macro 'SIMD_2_PI'
         527 | #define SIMD_2_PI (btScalar(2.0) * SIMD_PI)
             |                   ^
       /opt/homebrew/Cellar/bullet/3.25/include/bullet/LinearMath/btScalar.h:588:63: error: expected expression
         588 | SIMD_FORCE_INLINE btScalar btRadians(btScalar x) { return x * SIMD_RADS_PER_DEG; }
             |                                                               ^
       /opt/homebrew/Cellar/bullet/3.25/include/bullet/LinearMath/btScalar.h:529:38: note: expanded from macro 'SIMD_RADS_PER_DEG'
         529 | #define SIMD_RADS_PER_DEG (SIMD_2_PI / btScalar(360.0))
             |                                      ^
       /opt/homebrew/Cellar/bullet/3.25/include/bullet/LinearMath/btScalar.h:588:63: error: unexpected type name 'btScalar': expected expression
       /opt/homebrew/Cellar/bullet/3.25/include/bullet/LinearMath/btScalar.h:529:40: note: expanded from macro 'SIMD_RADS_PER_DEG'
         529 | #define SIMD_RADS_PER_DEG (SIMD_2_PI / btScalar(360.0))
             |                                        ^
       /opt/homebrew/Cellar/bullet/3.25/include/bullet/LinearMath/btScalar.h:589:63: error: expected ')'
         589 | SIMD_FORCE_INLINE btScalar btDegrees(btScalar x) { return x * SIMD_DEGS_PER_RAD; }
             |                                                               ^
       /opt/homebrew/Cellar/bullet/3.25/include/bullet/LinearMath/btScalar.h:530:37: note: expanded from macro 'SIMD_DEGS_PER_RAD'
         530 | #define SIMD_DEGS_PER_RAD (btScalar(360.0) / SIMD_2_PI)
             |                                     ^
       /opt/homebrew/Cellar/bullet/3.25/include/bullet/LinearMath/btScalar.h:589:63: note: to match this '('
       /opt/homebrew/Cellar/bullet/3.25/include/bullet/LinearMath/btScalar.h:530:36: note: expanded from macro 'SIMD_DEGS_PER_RAD'
         530 | #define SIMD_DEGS_PER_RAD (btScalar(360.0) / SIMD_2_PI)
             |                                    ^
       fatal error: too many errors emitted, stopping now [-ferror-limit=]
       ..... /opt/homebrew/Cellar/bullet/3.25/include/bullet/LinearMath/btMinMax.h
       ..... /opt/homebrew/Cellar/bullet/3.25/include/bullet/LinearMath/btAlignedAllocator.h
       .... /opt/homebrew/Cellar/bullet/3.25/include/bullet/LinearMath/btTransform.h
       ..... /opt/homebrew/Cellar/bullet/3.25/include/bullet/LinearMath/btMatrix3x3.h
       ...... /opt/homebrew/Cellar/bullet/3.25/include/bullet/LinearMath/btQuaternion.h
       ....... /opt/homebrew/Cellar/bullet/3.25/include/bullet/LinearMath/btQuadWord.h
       ...... /Applications/Xcode.app/Contents/Developer/Platforms/MacOSX.platform/Developer/SDKs/MacOSX.sdk/usr/include/stdio.h
       .... /opt/homebrew/Cellar/bullet/3.25/include/bullet/BulletCollision/CollisionDispatch/btCollisionObject.h
       ..... /opt/homebrew/Cellar/bullet/3.25/include/bullet/LinearMath/btMotionState.h
       ..... /opt/homebrew/Cellar/bullet/3.25/include/bullet/LinearMath/btAlignedObjectArray.h
       .... /opt/homebrew/Cellar/bullet/3.25/include/bullet/BulletCollision/CollisionDispatch/btCollisionDispatcher.h
       ..... /opt/homebrew/Cellar/bullet/3.25/include/bullet/BulletCollision/BroadphaseCollision/btDispatcher.h
       ..... /opt/homebrew/Cellar/bullet/3.25/include/bullet/BulletCollision/NarrowPhaseCollision/btPersistentManifold.h
       ...... /opt/homebrew/Cellar/bullet/3.25/include/bullet/BulletCollision/NarrowPhaseCollision/btManifoldPoint.h
       ....... /opt/homebrew/Cellar/bullet/3.25/include/bullet/LinearMath/btTransformUtil.h
       ..... /opt/homebrew/Cellar/bullet/3.25/include/bullet/BulletCollision/CollisionDispatch/btManifoldResult.h
       ...... /opt/homebrew/Cellar/bullet/3.25/include/bullet/BulletCollision/NarrowPhaseCollision/btDiscreteCollisionDetectorInterface.h
       ...... /opt/homebrew/Cellar/bullet/3.25/include/bullet/BulletCollision/CollisionDispatch/btCollisionObjectWrapper.h
       ..... /opt/homebrew/Cellar/bullet/3.25/include/bullet/BulletCollision/BroadphaseCollision/btBroadphaseProxy.h
       ..... /opt/homebrew/Cellar/bullet/3.25/include/bullet/BulletCollision/CollisionDispatch/btCollisionCreateFunc.h
       .... /opt/homebrew/Cellar/bullet/3.25/include/bullet/BulletCollision/BroadphaseCollision/btOverlappingPairCache.h
       ..... /opt/homebrew/Cellar/bullet/3.25/include/bullet/BulletCollision/BroadphaseCollision/btBroadphaseInterface.h
       ..... /opt/homebrew/Cellar/bullet/3.25/include/bullet/BulletCollision/BroadphaseCollision/btOverlappingPairCallback.h
       ... /opt/homebrew/Cellar/bullet/3.25/include/bullet/BulletCollision/CollisionShapes/btBoxShape.h
       .... /opt/homebrew/Cellar/bullet/3.25/include/bullet/BulletCollision/CollisionShapes/btPolyhedralConvexShape.h
       ..... /opt/homebrew/Cellar/bullet/3.25/include/bullet/BulletCollision/CollisionShapes/btConvexInternalShape.h
       ...... /opt/homebrew/Cellar/bullet/3.25/include/bullet/BulletCollision/CollisionShapes/btConvexShape.h
       ....... /opt/homebrew/Cellar/bullet/3.25/include/bullet/BulletCollision/CollisionShapes/btCollisionShape.h
       ....... /opt/homebrew/Cellar/bullet/3.25/include/bullet/BulletCollision/CollisionShapes/btCollisionMargin.h
       ...... /opt/homebrew/Cellar/bullet/3.25/include/bullet/LinearMath/btAabbUtil2.h
       ... /opt/homebrew/Cellar/bullet/3.25/include/bullet/BulletCollision/CollisionShapes/btSphereShape.h
       ... /opt/homebrew/Cellar/bullet/3.25/include/bullet/BulletCollision/CollisionShapes/btCapsuleShape.h
       ... /opt/homebrew/Cellar/bullet/3.25/include/bullet/BulletCollision/CollisionShapes/btCylinderShape.h
       ... /opt/homebrew/Cellar/bullet/3.25/include/bullet/BulletCollision/CollisionShapes/btConeShape.h
       ... /opt/homebrew/Cellar/bullet/3.25/include/bullet/BulletCollision/CollisionShapes/btStaticPlaneShape.h
       .... /opt/homebrew/Cellar/bullet/3.25/include/bullet/BulletCollision/CollisionShapes/btConcaveShape.h
       ..... /opt/homebrew/Cellar/bullet/3.25/include/bullet/BulletCollision/CollisionShapes/btTriangleCallback.h
       ... /opt/homebrew/Cellar/bullet/3.25/include/bullet/BulletCollision/CollisionShapes/btConvexHullShape.h
       ... /opt/homebrew/Cellar/bullet/3.25/include/bullet/BulletCollision/CollisionShapes/btTriangleMesh.h
       .... /opt/homebrew/Cellar/bullet/3.25/include/bullet/BulletCollision/CollisionShapes/btTriangleIndexVertexArray.h
       ..... /opt/homebrew/Cellar/bullet/3.25/include/bullet/BulletCollision/CollisionShapes/btStridingMeshInterface.h
       ... /opt/homebrew/Cellar/bullet/3.25/include/bullet/BulletCollision/CollisionShapes/btConvexTriangleMeshShape.h
       ... /opt/homebrew/Cellar/bullet/3.25/include/bullet/BulletCollision/CollisionShapes/btBvhTriangleMeshShape.h
       .... /opt/homebrew/Cellar/bullet/3.25/include/bullet/BulletCollision/CollisionShapes/btTriangleMeshShape.h
       .... /opt/homebrew/Cellar/bullet/3.25/include/bullet/BulletCollision/CollisionShapes/btOptimizedBvh.h
       ..... /opt/homebrew/Cellar/bullet/3.25/include/bullet/BulletCollision/BroadphaseCollision/btQuantizedBvh.h
       .... /opt/homebrew/Cellar/bullet/3.25/include/bullet/BulletCollision/CollisionShapes/btTriangleInfoMap.h
       ..... /opt/homebrew/Cellar/bullet/3.25/include/bullet/LinearMath/btHashMap.h
       ..... /opt/homebrew/Cellar/bullet/3.25/include/bullet/LinearMath/btSerializer.h
       ...... /Applications/Xcode.app/Contents/Developer/Platforms/MacOSX.platform/Developer/SDKs/MacOSX.sdk/usr/include/memory.h
       ....... /Applications/Xcode.app/Contents/Developer/Platforms/MacOSX.platform/Developer/SDKs/MacOSX.sdk/usr/include/string.h
       ...... /Applications/Xcode.app/Contents/Developer/Platforms/MacOSX.platform/Developer/SDKs/MacOSX.sdk/usr/include/string.h
       ... /opt/homebrew/Cellar/bullet/3.25/include/bullet/BulletCollision/CollisionShapes/btScaledBvhTriangleMeshShape.h
       ... /opt/homebrew/Cellar/bullet/3.25/include/bullet/BulletCollision/CollisionShapes/btCompoundShape.h
       ... /opt/homebrew/Cellar/bullet/3.25/include/bullet/BulletCollision/CollisionShapes/btTetrahedronShape.h
       ... /opt/homebrew/Cellar/bullet/3.25/include/bullet/BulletCollision/CollisionShapes/btEmptyShape.h
       ... /opt/homebrew/Cellar/bullet/3.25/include/bullet/BulletCollision/CollisionShapes/btMultiSphereShape.h
       ... /opt/homebrew/Cellar/bullet/3.25/include/bullet/BulletCollision/CollisionShapes/btUniformScalingShape.h
       ... /opt/homebrew/Cellar/bullet/3.25/include/bullet/BulletCollision/CollisionDispatch/btSphereSphereCollisionAlgorithm.h
       .... /opt/homebrew/Cellar/bullet/3.25/include/bullet/BulletCollision/CollisionDispatch/btActivatingCollisionAlgorithm.h
       ..... /opt/homebrew/Cellar/bullet/3.25/include/bullet/BulletCollision/BroadphaseCollision/btCollisionAlgorithm.h
       ... /opt/homebrew/Cellar/bullet/3.25/include/bullet/BulletCollision/CollisionDispatch/btDefaultCollisionConfiguration.h
       .... /opt/homebrew/Cellar/bullet/3.25/include/bullet/BulletCollision/CollisionDispatch/btCollisionConfiguration.h
       ... /opt/homebrew/Cellar/bullet/3.25/include/bullet/BulletCollision/BroadphaseCollision/btSimpleBroadphase.h
       ... /opt/homebrew/Cellar/bullet/3.25/include/bullet/BulletCollision/BroadphaseCollision/btAxisSweep3.h
       .... /opt/homebrew/Cellar/bullet/3.25/include/bullet/BulletCollision/BroadphaseCollision/btDbvtBroadphase.h
       ..... /opt/homebrew/Cellar/bullet/3.25/include/bullet/BulletCollision/BroadphaseCollision/btDbvt.h
       ...... /Applications/Xcode.app/Contents/Developer/Platforms/MacOSX.platform/Developer/SDKs/MacOSX.sdk/usr/include/memory.h
       ....... /Applications/Xcode.app/Contents/Developer/Platforms/MacOSX.platform/Developer/SDKs/MacOSX.sdk/usr/include/string.h
       ...... /Applications/Xcode.app/Contents/Developer/Platforms/MacOSX.platform/Developer/SDKs/MacOSX.sdk/usr/include/string.h
       .... /opt/homebrew/Cellar/bullet/3.25/include/bullet/BulletCollision/BroadphaseCollision/btAxisSweep3Internal.h
       ... /opt/homebrew/Cellar/bullet/3.25/include/bullet/LinearMath/btDefaultMotionState.h
       ... /opt/homebrew/Cellar/bullet/3.25/include/bullet/LinearMath/btQuickprof.h
       ... /opt/homebrew/Cellar/bullet/3.25/include/bullet/LinearMath/btIDebugDraw.h
       .. /opt/homebrew/Cellar/bullet/3.25/include/bullet/BulletDynamics/Dynamics/btDiscreteDynamicsWorld.h
       ... /opt/homebrew/Cellar/bullet/3.25/include/bullet/BulletDynamics/Dynamics/btDynamicsWorld.h
       .... /opt/homebrew/Cellar/bullet/3.25/include/bullet/BulletDynamics/ConstraintSolver/btContactSolverInfo.h
       ... /opt/homebrew/Cellar/bullet/3.25/include/bullet/LinearMath/btThreads.h
       .. /opt/homebrew/Cellar/bullet/3.25/include/bullet/BulletDynamics/Dynamics/btSimpleDynamicsWorld.h
       .. /opt/homebrew/Cellar/bullet/3.25/include/bullet/BulletDynamics/Dynamics/btRigidBody.h
       .. /opt/homebrew/Cellar/bullet/3.25/include/bullet/BulletDynamics/ConstraintSolver/btPoint2PointConstraint.h
       ... /opt/homebrew/Cellar/bullet/3.25/include/bullet/BulletDynamics/ConstraintSolver/btJacobianEntry.h
       ... /opt/homebrew/Cellar/bullet/3.25/include/bullet/BulletDynamics/ConstraintSolver/btTypedConstraint.h
       .... /opt/homebrew/Cellar/bullet/3.25/include/bullet/BulletDynamics/ConstraintSolver/btSolverConstraint.h
       ..... /opt/homebrew/Cellar/bullet/3.25/include/bullet/BulletDynamics/ConstraintSolver/btSolverBody.h
       .. /opt/homebrew/Cellar/bullet/3.25/include/bullet/BulletDynamics/ConstraintSolver/btHingeConstraint.h
       .. /opt/homebrew/Cellar/bullet/3.25/include/bullet/BulletDynamics/ConstraintSolver/btConeTwistConstraint.h
       .. /opt/homebrew/Cellar/bullet/3.25/include/bullet/BulletDynamics/ConstraintSolver/btGeneric6DofConstraint.h
       .. /opt/homebrew/Cellar/bullet/3.25/include/bullet/BulletDynamics/ConstraintSolver/btSliderConstraint.h
       .. /opt/homebrew/Cellar/bullet/3.25/include/bullet/BulletDynamics/ConstraintSolver/btGeneric6DofSpringConstraint.h
       .. /opt/homebrew/Cellar/bullet/3.25/include/bullet/BulletDynamics/ConstraintSolver/btUniversalConstraint.h
       .. /opt/homebrew/Cellar/bullet/3.25/include/bullet/BulletDynamics/ConstraintSolver/btHinge2Constraint.h
       ... /opt/homebrew/Cellar/bullet/3.25/include/bullet/BulletDynamics/ConstraintSolver/btGeneric6DofSpring2Constraint.h
       .. /opt/homebrew/Cellar/bullet/3.25/include/bullet/BulletDynamics/ConstraintSolver/btGearConstraint.h
       .. /opt/homebrew/Cellar/bullet/3.25/include/bullet/BulletDynamics/ConstraintSolver/btFixedConstraint.h
       .. /opt/homebrew/Cellar/bullet/3.25/include/bullet/BulletDynamics/ConstraintSolver/btSequentialImpulseConstraintSolver.h
       ... /opt/homebrew/Cellar/bullet/3.25/include/bullet/BulletDynamics/ConstraintSolver/btConstraintSolver.h
       .. /opt/homebrew/Cellar/bullet/3.25/include/bullet/BulletDynamics/Vehicle/btRaycastVehicle.h
       ... /opt/homebrew/Cellar/bullet/3.25/include/bullet/BulletDynamics/Vehicle/btVehicleRaycaster.h
       ... /opt/homebrew/Cellar/bullet/3.25/include/bullet/BulletDynamics/Vehicle/btWheelInfo.h
       ... /opt/homebrew/Cellar/bullet/3.25/include/bullet/BulletDynamics/Dynamics/btActionInterface.h
       . /opt/homebrew/Cellar/bullet/3.25/include/bullet/BulletSoftBody/btSoftRigidDynamicsWorld.h
       .. /opt/homebrew/Cellar/bullet/3.25/include/bullet/BulletSoftBody/btSoftBody.h
       ... /opt/homebrew/Cellar/bullet/3.25/include/bullet/BulletSoftBody/btSparseSDF.h
       .... /opt/homebrew/Cellar/bullet/3.25/include/bullet/BulletCollision/NarrowPhaseCollision/btGjkEpa2.h
       ... /opt/homebrew/Cellar/bullet/3.25/include/bullet/BulletDynamics/Featherstone/btMultiBodyLinkCollider.h
       .... /opt/homebrew/Cellar/bullet/3.25/include/bullet/BulletDynamics/Featherstone/btMultiBody.h
       ..... /opt/homebrew/Cellar/bullet/3.25/include/bullet/BulletDynamics/Featherstone/btMultiBodyLink.h
       ...... /opt/homebrew/Cellar/bullet/3.25/include/bullet/LinearMath/btSpatialAlgebra.h
       ... /opt/homebrew/Cellar/bullet/3.25/include/bullet/BulletDynamics/Featherstone/btMultiBodyConstraint.h
       .... /opt/homebrew/Cellar/bullet/3.25/include/bullet/BulletDynamics/Featherstone/btMultiBodySolverConstraint.h
       . /opt/homebrew/Cellar/bullet/3.25/include/bullet/BulletSoftBody/btSoftBodyRigidBodyCollisionConfiguration.h
       . /opt/homebrew/Cellar/bullet/3.25/include/bullet/BulletSoftBody/btSoftBodyHelpers.h
       20 errors generated.
       I could not retain compiler and assembler inputs for bullet; I will not compile live sources after capture failure
       I could not build foreign support for /private/tmp/nanolang-match-guards-20261009/modules/bullet/bullet.nano
  Compiler diagnostics for physics/bullet_beads_visual.nano:
       . /Applications/Xcode.app/Contents/Developer/Platforms/MacOSX.platform/Developer/SDKs/MacOSX.sdk/SDKSettings.json
       . /Applications/Xcode.app/Contents/Developer/Platforms/MacOSX.platform/Developer/SDKs/MacOSX.sdk/usr/include/stdio.h
       .. /Applications/Xcode.app/Contents/Developer/Platforms/MacOSX.platform/Developer/SDKs/MacOSX.sdk/usr/include/_stdio.h
       ... /Applications/Xcode.app/Contents/Developer/Platforms/MacOSX.platform/Developer/SDKs/MacOSX.sdk/usr/include/_bounds.h
       .... /Applications/Xcode.app/Contents/Developer/Platforms/MacOSX.platform/Developer/SDKs/MacOSX.sdk/usr/include/sys/cdefs.h
       ..... /Applications/Xcode.app/Contents/Developer/Platforms/MacOSX.platform/Developer/SDKs/MacOSX.sdk/usr/include/sys/_symbol_aliasing.h
       ..... /Applications/Xcode.app/Contents/Developer/Platforms/MacOSX.platform/Developer/SDKs/MacOSX.sdk/usr/include/sys/_posix_availability.h
       ..... /Applications/Xcode.app/Contents/Developer/Toolchains/XcodeDefault.xctoolchain/usr/lib/clang/21/include/ptrcheck.h
       ... /Applications/Xcode.app/Contents/Developer/Platforms/MacOSX.platform/Developer/SDKs/MacOSX.sdk/usr/include/Availability.h
       .... /Applications/Xcode.app/Contents/Developer/Platforms/MacOSX.platform/Developer/SDKs/MacOSX.sdk/usr/include/AvailabilityVersions.h
       .... /Applications/Xcode.app/Contents/Developer/Platforms/MacOSX.platform/Developer/SDKs/MacOSX.sdk/usr/include/AvailabilityInternal.h
       ..... /Applications/Xcode.app/Contents/Developer/Platforms/MacOSX.platform/Developer/SDKs/MacOSX.sdk/usr/include/AvailabilityVersions.h
       .... /Applications/Xcode.app/Contents/Developer/Platforms/MacOSX.platform/Developer/SDKs/MacOSX.sdk/usr/include/AvailabilityInternalLegacy.h
       ..... /Applications/Xcode.app/Contents/Developer/Platforms/MacOSX.platform/Developer/SDKs/MacOSX.sdk/usr/include/AvailabilityInternal.h
       ... /Applications/Xcode.app/Contents/Developer/Platforms/MacOSX.platform/Developer/SDKs/MacOSX.sdk/usr/include/_types.h
       .... /Applications/Xcode.app/Contents/Developer/Platforms/MacOSX.platform/Developer/SDKs/MacOSX.sdk/usr/include/sys/_types.h
       ..... /Applications/Xcode.app/Contents/Developer/Platforms/MacOSX.platform/Developer/SDKs/MacOSX.sdk/usr/include/machine/_types.h
       ...... /Applications/Xcode.app/Contents/Developer/Platforms/MacOSX.platform/Developer/SDKs/MacOSX.sdk/usr/include/arm/_types.h
       ..... /Applications/Xcode.app/Contents/Developer/Platforms/MacOSX.platform/Developer/SDKs/MacOSX.sdk/usr/include/sys/_pthread/_pthread_types.h
       ... /Applications/Xcode.app/Contents/Developer/Platforms/MacOSX.platform/Developer/SDKs/MacOSX.sdk/usr/include/sys/_types/_va_list.h
       .... /Applications/Xcode.app/Contents/Developer/Platforms/MacOSX.platform/Developer/SDKs/MacOSX.sdk/usr/include/machine/types.h
       ..... /Applications/Xcode.app/Contents/Developer/Platforms/MacOSX.platform/Developer/SDKs/MacOSX.sdk/usr/include/arm/types.h
       ...... /Applications/Xcode.app/Contents/Developer/Platforms/MacOSX.platform/Developer/SDKs/MacOSX.sdk/usr/include/sys/_types/_int8_t.h
       ...... /Applications/Xcode.app/Contents/Developer/Platforms/MacOSX.platform/Developer/SDKs/MacOSX.sdk/usr/include/sys/_types/_int16_t.h
       ...... /Applications/Xcode.app/Contents/Developer/Platforms/MacOSX.platform/Developer/SDKs/MacOSX.sdk/usr/include/sys/_types/_int32_t.h
       ...... /Applications/Xcode.app/Contents/Developer/Platforms/MacOSX.platform/Developer/SDKs/MacOSX.sdk/usr/include/sys/_types/_int64_t.h
       ...... /Applications/Xcode.app/Contents/Developer/Platforms/MacOSX.platform/Developer/SDKs/MacOSX.sdk/usr/include/sys/_types/_u_int8_t.h
       ...... /Applications/Xcode.app/Contents/Developer/Platforms/MacOSX.platform/Developer/SDKs/MacOSX.sdk/usr/include/sys/_types/_u_int16_t.h
       ...... /Applications/Xcode.app/Contents/Developer/Platforms/MacOSX.platform/Developer/SDKs/MacOSX.sdk/usr/include/sys/_types/_u_int32_t.h
       ...... /Applications/Xcode.app/Contents/Developer/Platforms/MacOSX.platform/Developer/SDKs/MacOSX.sdk/usr/include/sys/_types/_u_int64_t.h
       ...... /Applications/Xcode.app/Contents/Developer/Platforms/MacOSX.platform/Developer/SDKs/MacOSX.sdk/usr/include/sys/_types/_intptr_t.h
       ...... /Applications/Xcode.app/Contents/Developer/Platforms/MacOSX.platform/Developer/SDKs/MacOSX.sdk/usr/include/sys/_types/_uintptr_t.h
       ... /Applications/Xcode.app/Contents/Developer/Platforms/MacOSX.platform/Developer/SDKs/MacOSX.sdk/usr/include/sys/_types/_size_t.h
       ... /Applications/Xcode.app/Contents/Developer/Platforms/MacOSX.platform/Developer/SDKs/MacOSX.sdk/usr/include/sys/_types/_null.h
       ... /Applications/Xcode.app/Contents/Developer/Platforms/MacOSX.platform/Developer/SDKs/MacOSX.sdk/usr/include/sys/stdio.h
       .... /Applications/Xcode.app/Contents/Developer/Platforms/MacOSX.platform/Developer/SDKs/MacOSX.sdk/usr/include/Availability.h
       ... /Applications/Xcode.app/Contents/Developer/Platforms/MacOSX.platform/Developer/SDKs/MacOSX.sdk/usr/include/_printf.h
       ... /Applications/Xcode.app/Contents/Developer/Platforms/MacOSX.platform/Developer/SDKs/MacOSX.sdk/usr/include/sys/_types/_seek_set.h
       ... /Applications/Xcode.app/Contents/Developer/Platforms/MacOSX.platform/Developer/SDKs/MacOSX.sdk/usr/include/_ctermid.h
       ... /Applications/Xcode.app/Contents/Developer/Platforms/MacOSX.platform/Developer/SDKs/MacOSX.sdk/usr/include/sys/_types/_off_t.h
       ... /Applications/Xcode.app/Contents/Developer/Platforms/MacOSX.platform/Developer/SDKs/MacOSX.sdk/usr/include/sys/_types/_ssize_t.h
       ... /Applications/Xcode.app/Contents/Developer/Platforms/MacOSX.platform/Developer/SDKs/MacOSX.sdk/usr/include/secure/_stdio.h
       .... /Applications/Xcode.app/Contents/Developer/Platforms/MacOSX.platform/Developer/SDKs/MacOSX.sdk/usr/include/secure/_common.h
       . /Applications/Xcode.app/Contents/Developer/Platforms/MacOSX.platform/Developer/SDKs/MacOSX.sdk/usr/include/stdlib.h
       .. /Applications/Xcode.app/Contents/Developer/Platforms/MacOSX.platform/Developer/SDKs/MacOSX.sdk/usr/include/_stdlib.h
       ... /Applications/Xcode.app/Contents/Developer/Platforms/MacOSX.platform/Developer/SDKs/MacOSX.sdk/usr/include/Availability.h
       ... /Applications/Xcode.app/Contents/Developer/Platforms/MacOSX.platform/Developer/SDKs/MacOSX.sdk/usr/include/sys/wait.h
       .... /Applications/Xcode.app/Contents/Developer/Platforms/MacOSX.platform/Developer/SDKs/MacOSX.sdk/usr/include/sys/_types/_pid_t.h
       .... /Applications/Xcode.app/Contents/Developer/Platforms/MacOSX.platform/Developer/SDKs/MacOSX.sdk/usr/include/sys/_types/_id_t.h
       .... /Applications/Xcode.app/Contents/Developer/Platforms/MacOSX.platform/Developer/SDKs/MacOSX.sdk/usr/include/sys/signal.h
       ..... /Applications/Xcode.app/Contents/Developer/Platforms/MacOSX.platform/Developer/SDKs/MacOSX.sdk/usr/include/sys/appleapiopts.h
       ..... /Applications/Xcode.app/Contents/Developer/Platforms/MacOSX.platform/Developer/SDKs/MacOSX.sdk/usr/include/Availability.h
       ..... /Applications/Xcode.app/Contents/Developer/Platforms/MacOSX.platform/Developer/SDKs/MacOSX.sdk/usr/include/machine/signal.h
       ...... /Applications/Xcode.app/Contents/Developer/Platforms/MacOSX.platform/Developer/SDKs/MacOSX.sdk/usr/include/arm/signal.h
       ..... /Applications/Xcode.app/Contents/Developer/Platforms/MacOSX.platform/Developer/SDKs/MacOSX.sdk/usr/include/machine/_mcontext.h
       ...... /Applications/Xcode.app/Contents/Developer/Platforms/MacOSX.platform/Developer/SDKs/MacOSX.sdk/usr/include/arm/_mcontext.h
       ....... /Applications/Xcode.app/Contents/Developer/Platforms/MacOSX.platform/Developer/SDKs/MacOSX.sdk/usr/include/mach/machine/_structs.h
       ........ /Applications/Xcode.app/Contents/Developer/Platforms/MacOSX.platform/Developer/SDKs/MacOSX.sdk/usr/include/mach/arm/_structs.h
       ..... /Applications/Xcode.app/Contents/Developer/Platforms/MacOSX.platform/Developer/SDKs/MacOSX.sdk/usr/include/sys/_pthread/_pthread_attr_t.h
       ..... /Applications/Xcode.app/Contents/Developer/Platforms/MacOSX.platform/Developer/SDKs/MacOSX.sdk/usr/include/sys/_types/_sigaltstack.h
       ..... /Applications/Xcode.app/Contents/Developer/Platforms/MacOSX.platform/Developer/SDKs/MacOSX.sdk/usr/include/sys/_types/_ucontext.h
       ..... /Applications/Xcode.app/Contents/Developer/Platforms/MacOSX.platform/Developer/SDKs/MacOSX.sdk/usr/include/sys/_types/_sigset_t.h
       ..... /Applications/Xcode.app/Contents/Developer/Platforms/MacOSX.platform/Developer/SDKs/MacOSX.sdk/usr/include/sys/_types/_size_t.h
       ..... /Applications/Xcode.app/Contents/Developer/Platforms/MacOSX.platform/Developer/SDKs/MacOSX.sdk/usr/include/sys/_types/_uid_t.h
       .... /Applications/Xcode.app/Contents/Developer/Platforms/MacOSX.platform/Developer/SDKs/MacOSX.sdk/usr/include/sys/resource.h
       ..... /Applications/Xcode.app/Contents/Developer/Toolchains/XcodeDefault.xctoolchain/usr/lib/clang/21/include/stdint.h
       ...... /Applications/Xcode.app/Contents/Developer/Platforms/MacOSX.platform/Developer/SDKs/MacOSX.sdk/usr/include/stdint.h
       ....... /Applications/Xcode.app/Contents/Developer/Platforms/MacOSX.platform/Developer/SDKs/MacOSX.sdk/usr/include/_types/_uint8_t.h
       ....... /Applications/Xcode.app/Contents/Developer/Platforms/MacOSX.platform/Developer/SDKs/MacOSX.sdk/usr/include/_types/_uint16_t.h
       ....... /Applications/Xcode.app/Contents/Developer/Platforms/MacOSX.platform/Developer/SDKs/MacOSX.sdk/usr/include/_types/_uint32_t.h
       ....... /Applications/Xcode.app/Contents/Developer/Platforms/MacOSX.platform/Developer/SDKs/MacOSX.sdk/usr/include/_types/_uint64_t.h
       ....... /Applications/Xcode.app/Contents/Developer/Platforms/MacOSX.platform/Developer/SDKs/MacOSX.sdk/usr/include/_types/_intmax_t.h
       ....... /Applications/Xcode.app/Contents/Developer/Platforms/MacOSX.platform/Developer/SDKs/MacOSX.sdk/usr/include/_types/_uintmax_t.h
       ..... /Applications/Xcode.app/Contents/Developer/Platforms/MacOSX.platform/Developer/SDKs/MacOSX.sdk/usr/include/Availability.h
       ..... /Applications/Xcode.app/Contents/Developer/Platforms/MacOSX.platform/Developer/SDKs/MacOSX.sdk/usr/include/sys/_types/_timeval.h
       .... /Applications/Xcode.app/Contents/Developer/Platforms/MacOSX.platform/Developer/SDKs/MacOSX.sdk/usr/include/machine/endian.h
       ..... /Applications/Xcode.app/Contents/Developer/Platforms/MacOSX.platform/Developer/SDKs/MacOSX.sdk/usr/include/arm/endian.h
       ...... /Applications/Xcode.app/Contents/Developer/Platforms/MacOSX.platform/Developer/SDKs/MacOSX.sdk/usr/include/sys/_endian.h
       ....... /Applications/Xcode.app/Contents/Developer/Platforms/MacOSX.platform/Developer/SDKs/MacOSX.sdk/usr/include/machine/_endian.h
       ........ /Applications/Xcode.app/Contents/Developer/Platforms/MacOSX.platform/Developer/SDKs/MacOSX.sdk/usr/include/arm/_endian.h
       ......... /Applications/Xcode.app/Contents/Developer/Platforms/MacOSX.platform/Developer/SDKs/MacOSX.sdk/usr/include/sys/__endian.h
       ....... /Applications/Xcode.app/Contents/Developer/Platforms/MacOSX.platform/Developer/SDKs/MacOSX.sdk/usr/include/libkern/_OSByteOrder.h
       ........ /Applications/Xcode.app/Contents/Developer/Platforms/MacOSX.platform/Developer/SDKs/MacOSX.sdk/usr/include/libkern/arm/_OSByteOrder.h
       ... /Applications/Xcode.app/Contents/Developer/Platforms/MacOSX.platform/Developer/SDKs/MacOSX.sdk/usr/include/alloca.h
       .... /Applications/Xcode.app/Contents/Developer/Platforms/MacOSX.platform/Developer/SDKs/MacOSX.sdk/usr/include/sys/_types/_size_t.h
       ... /Applications/Xcode.app/Contents/Developer/Platforms/MacOSX.platform/Developer/SDKs/MacOSX.sdk/usr/include/sys/_types/_size_t.h
       ... /Applications/Xcode.app/Contents/Developer/Platforms/MacOSX.platform/Developer/SDKs/MacOSX.sdk/usr/include/sys/_types/_ct_rune_t.h
       ... /Applications/Xcode.app/Contents/Developer/Platforms/MacOSX.platform/Developer/SDKs/MacOSX.sdk/usr/include/sys/_types/_rune_t.h
       ... /Applications/Xcode.app/Contents/Developer/Platforms/MacOSX.platform/Developer/SDKs/MacOSX.sdk/usr/include/sys/_types/_wchar_t.h
       ... /Applications/Xcode.app/Contents/Developer/Platforms/MacOSX.platform/Developer/SDKs/MacOSX.sdk/usr/include/sys/_types/_null.h
       ... /Applications/Xcode.app/Contents/Developer/Platforms/MacOSX.platform/Developer/SDKs/MacOSX.sdk/usr/include/malloc/_malloc.h
       .... /Applications/Xcode.app/Contents/Developer/Platforms/MacOSX.platform/Developer/SDKs/MacOSX.sdk/usr/include/Availability.h
       .... /Applications/Xcode.app/Contents/Developer/Platforms/MacOSX.platform/Developer/SDKs/MacOSX.sdk/usr/include/sys/_types/_size_t.h
       .... /Applications/Xcode.app/Contents/Developer/Platforms/MacOSX.platform/Developer/SDKs/MacOSX.sdk/usr/include/malloc/_malloc_type.h
       ..... /Applications/Xcode.app/Contents/Developer/Platforms/MacOSX.platform/Developer/SDKs/MacOSX.sdk/usr/include/malloc/_ptrcheck.h
       ..... /Applications/Xcode.app/Contents/Developer/Platforms/MacOSX.platform/Developer/SDKs/MacOSX.sdk/usr/include/Availability.h
       ..... /Applications/Xcode.app/Contents/Developer/Platforms/MacOSX.platform/Developer/SDKs/MacOSX.sdk/usr/include/sys/_types/_size_t.h
       ... /Applications/Xcode.app/Contents/Developer/Platforms/MacOSX.platform/Developer/SDKs/MacOSX.sdk/usr/include/_abort.h
       ... /Applications/Xcode.app/Contents/Developer/Platforms/MacOSX.platform/Developer/SDKs/MacOSX.sdk/usr/include/sys/_types/_dev_t.h
       ... /Applications/Xcode.app/Contents/Developer/Platforms/MacOSX.platform/Developer/SDKs/MacOSX.sdk/usr/include/sys/_types/_mode_t.h
       . /Applications/Xcode.app/Contents/Developer/Platforms/MacOSX.platform/Developer/SDKs/MacOSX.sdk/usr/include/string.h
       .. /Applications/Xcode.app/Contents/Developer/Platforms/MacOSX.platform/Developer/SDKs/MacOSX.sdk/usr/include/_string.h
       ... /Applications/Xcode.app/Contents/Developer/Platforms/MacOSX.platform/Developer/SDKs/MacOSX.sdk/usr/include/Availability.h
       ... /Applications/Xcode.app/Contents/Developer/Platforms/MacOSX.platform/Developer/SDKs/MacOSX.sdk/usr/include/sys/_types/_size_t.h
       ... /Applications/Xcode.app/Contents/Developer/Platforms/MacOSX.platform/Developer/SDKs/MacOSX.sdk/usr/include/sys/_types/_null.h
       ... /Applications/Xcode.app/Contents/Developer/Platforms/MacOSX.platform/Developer/SDKs/MacOSX.sdk/usr/include/sys/_types/_rsize_t.h
       ... /Applications/Xcode.app/Contents/Developer/Platforms/MacOSX.platform/Developer/SDKs/MacOSX.sdk/usr/include/sys/_types/_errno_t.h
       ... /Applications/Xcode.app/Contents/Developer/Platforms/MacOSX.platform/Developer/SDKs/MacOSX.sdk/usr/include/_strings.h
       .... /Applications/Xcode.app/Contents/Developer/Platforms/MacOSX.platform/Developer/SDKs/MacOSX.sdk/usr/include/Availability.h
       .... /Applications/Xcode.app/Contents/Developer/Platforms/MacOSX.platform/Developer/SDKs/MacOSX.sdk/usr/include/sys/_types/_size_t.h
       .... /Applications/Xcode.app/Contents/Developer/Platforms/MacOSX.platform/Developer/SDKs/MacOSX.sdk/usr/include/secure/_strings.h
       ..... /Applications/Xcode.app/Contents/Developer/Platforms/MacOSX.platform/Developer/SDKs/MacOSX.sdk/usr/include/Availability.h
       ... /Applications/Xcode.app/Contents/Developer/Platforms/MacOSX.platform/Developer/SDKs/MacOSX.sdk/usr/include/secure/_string.h
       .... /Applications/Xcode.app/Contents/Developer/Platforms/MacOSX.platform/Developer/SDKs/MacOSX.sdk/usr/include/Availability.h
       . /Applications/Xcode.app/Contents/Developer/Toolchains/XcodeDefault.xctoolchain/usr/lib/clang/21/include/stdbool.h
       . /Applications/Xcode.app/Contents/Developer/Platforms/MacOSX.platform/Developer/SDKs/MacOSX.sdk/usr/include/math.h
       .. /Applications/Xcode.app/Contents/Developer/Platforms/MacOSX.platform/Developer/SDKs/MacOSX.sdk/usr/include/Availability.h
       . /opt/homebrew/Cellar/bullet/3.25/include/bullet/btBulletDynamicsCommon.h
       .. /opt/homebrew/Cellar/bullet/3.25/include/bullet/btBulletCollisionCommon.h
       ... /opt/homebrew/Cellar/bullet/3.25/include/bullet/BulletCollision/CollisionDispatch/btCollisionWorld.h
       In file included from /private/tmp/nanolang-match-guards-20261009/modules/bullet/bullet_ffi.c:16:
       In file included from /opt/homebrew/Cellar/bullet/3.25/include/bullet/btBulletDynamicsCommon.h:20:
       In file included from /opt/homebrew/Cellar/bullet/3.25/include/bullet/btBulletCollisionCommon.h:22:
       /opt/homebrew/Cellar/bullet/3.25/include/bullet/BulletCollision/CollisionDispatch/btCollisionWorld.h:72:1: error: unknown type name 'class'
          72 | class btCollisionShape;
             | ^
       /opt/homebrew/Cellar/bullet/3.25/include/bullet/BulletCollision/CollisionDispatch/btCollisionWorld.h:73:1: error: unknown type name 'class'
          73 | class btConvexShape;
             | ^
       /opt/homebrew/Cellar/bullet/3.25/include/bullet/BulletCollision/CollisionDispatch/btCollisionWorld.h:74:1: error: unknown type name 'class'
          74 | class btBroadphaseInterface;
             | ^
       /opt/homebrew/Cellar/bullet/3.25/include/bullet/BulletCollision/CollisionDispatch/btCollisionWorld.h:75:1: error: unknown type name 'class'
          75 | class btSerializer;
             | ^
       .... /opt/homebrew/Cellar/bullet/3.25/include/bullet/LinearMath/btVector3.h
       ..... /opt/homebrew/Cellar/bullet/3.25/include/bullet/LinearMath/btScalar.h
       ...... /Applications/Xcode.app/Contents/Developer/Platforms/MacOSX.platform/Developer/SDKs/MacOSX.sdk/usr/include/stdlib.h
       ...... /Applications/Xcode.app/Contents/Developer/Toolchains/XcodeDefault.xctoolchain/usr/lib/clang/21/include/float.h
       ....... /Applications/Xcode.app/Contents/Developer/Toolchains/XcodeDefault.xctoolchain/usr/lib/clang/21/include/__float_header_macro.h
       ....... /Applications/Xcode.app/Contents/Developer/Toolchains/XcodeDefault.xctoolchain/usr/lib/clang/21/include/__float_float.h
       ....... /Applications/Xcode.app/Contents/Developer/Toolchains/XcodeDefault.xctoolchain/usr/lib/clang/21/include/__float_infinity_nan.h
       ...... /Applications/Xcode.app/Contents/Developer/Toolchains/XcodeDefault.xctoolchain/usr/lib/clang/21/include/arm_neon.h
       ....... /Applications/Xcode.app/Contents/Developer/Toolchains/XcodeDefault.xctoolchain/usr/lib/clang/21/include/arm_bf16.h
       ....... /Applications/Xcode.app/Contents/Developer/Toolchains/XcodeDefault.xctoolchain/usr/lib/clang/21/include/arm_vector_types.h
       ...... /Applications/Xcode.app/Contents/Developer/Platforms/MacOSX.platform/Developer/SDKs/MacOSX.sdk/usr/include/assert.h
       ....... /Applications/Xcode.app/Contents/Developer/Platforms/MacOSX.platform/Developer/SDKs/MacOSX.sdk/usr/include/_assert.h
       ....... /Applications/Xcode.app/Contents/Developer/Platforms/MacOSX.platform/Developer/SDKs/MacOSX.sdk/usr/include/_static_assert.h
       In file included from /private/tmp/nanolang-match-guards-20261009/modules/bullet/bullet_ffi.c:16:
       In file included from /opt/homebrew/Cellar/bullet/3.25/include/bullet/btBulletDynamicsCommon.h:20:
       In file included from /opt/homebrew/Cellar/bullet/3.25/include/bullet/btBulletCollisionCommon.h:22:
       In file included from /opt/homebrew/Cellar/bullet/3.25/include/bullet/BulletCollision/CollisionDispatch/btCollisionWorld.h:77:
       In file included from /opt/homebrew/Cellar/bullet/3.25/include/bullet/LinearMath/btVector3.h:19:
       /opt/homebrew/Cellar/bullet/3.25/include/bullet/LinearMath/btScalar.h:503:11: error: unexpected type name 'btScalar': expected expression
         503 |                 if (x < btScalar(-1))
             |                         ^
       /opt/homebrew/Cellar/bullet/3.25/include/bullet/LinearMath/btScalar.h:504:8: error: unexpected type name 'btScalar': expected expression
         504 |                         x = btScalar(-1);
             |                             ^
       /opt/homebrew/Cellar/bullet/3.25/include/bullet/LinearMath/btScalar.h:505:11: error: unexpected type name 'btScalar': expected expression
         505 |                 if (x > btScalar(1))
             |                         ^
       /opt/homebrew/Cellar/bullet/3.25/include/bullet/LinearMath/btScalar.h:506:8: error: unexpected type name 'btScalar': expected expression
         506 |                         x = btScalar(1);
             |                             ^
       /opt/homebrew/Cellar/bullet/3.25/include/bullet/LinearMath/btScalar.h:511:11: error: unexpected type name 'btScalar': expected expression
         511 |                 if (x < btScalar(-1))
             |                         ^
       /opt/homebrew/Cellar/bullet/3.25/include/bullet/LinearMath/btScalar.h:512:8: error: unexpected type name 'btScalar': expected expression
         512 |                         x = btScalar(-1);
             |                             ^
       /opt/homebrew/Cellar/bullet/3.25/include/bullet/LinearMath/btScalar.h:513:11: error: unexpected type name 'btScalar': expected expression
         513 |                 if (x > btScalar(1))
             |                         ^
       /opt/homebrew/Cellar/bullet/3.25/include/bullet/LinearMath/btScalar.h:514:8: error: unexpected type name 'btScalar': expected expression
         514 |                         x = btScalar(1);
             |                             ^
       /opt/homebrew/Cellar/bullet/3.25/include/bullet/LinearMath/btScalar.h:555:21: error: unexpected type name 'btScalar': expected expression
         555 |         btScalar coeff_1 = SIMD_PI / 4.0f;
             |                            ^
       /opt/homebrew/Cellar/bullet/3.25/include/bullet/LinearMath/btScalar.h:526:17: note: expanded from macro 'SIMD_PI'
         526 | #define SIMD_PI btScalar(3.1415926535897932384626433832795029)
             |                 ^
       /opt/homebrew/Cellar/bullet/3.25/include/bullet/LinearMath/btScalar.h:585:13: error: unexpected type name 'btScalar': expected expression
         585 |         return x < btScalar(0.0) ? 1 : 0;
             |                    ^
       /opt/homebrew/Cellar/bullet/3.25/include/bullet/LinearMath/btScalar.h:588:63: error: expected ')'
         588 | SIMD_FORCE_INLINE btScalar btRadians(btScalar x) { return x * SIMD_RADS_PER_DEG; }
             |                                                               ^
       /opt/homebrew/Cellar/bullet/3.25/include/bullet/LinearMath/btScalar.h:529:28: note: expanded from macro 'SIMD_RADS_PER_DEG'
         529 | #define SIMD_RADS_PER_DEG (SIMD_2_PI / btScalar(360.0))
             |                            ^
       /opt/homebrew/Cellar/bullet/3.25/include/bullet/LinearMath/btScalar.h:527:29: note: expanded from macro 'SIMD_2_PI'
         527 | #define SIMD_2_PI (btScalar(2.0) * SIMD_PI)
             |                             ^
       /opt/homebrew/Cellar/bullet/3.25/include/bullet/LinearMath/btScalar.h:588:63: note: to match this '('
       /opt/homebrew/Cellar/bullet/3.25/include/bullet/LinearMath/btScalar.h:529:28: note: expanded from macro 'SIMD_RADS_PER_DEG'
         529 | #define SIMD_RADS_PER_DEG (SIMD_2_PI / btScalar(360.0))
             |                            ^
       /opt/homebrew/Cellar/bullet/3.25/include/bullet/LinearMath/btScalar.h:527:28: note: expanded from macro 'SIMD_2_PI'
         527 | #define SIMD_2_PI (btScalar(2.0) * SIMD_PI)
             |                            ^
       /opt/homebrew/Cellar/bullet/3.25/include/bullet/LinearMath/btScalar.h:588:63: error: expected ')'
         588 | SIMD_FORCE_INLINE btScalar btRadians(btScalar x) { return x * SIMD_RADS_PER_DEG; }
             |                                                               ^
       /opt/homebrew/Cellar/bullet/3.25/include/bullet/LinearMath/btScalar.h:529:28: note: expanded from macro 'SIMD_RADS_PER_DEG'
         529 | #define SIMD_RADS_PER_DEG (SIMD_2_PI / btScalar(360.0))
             |                            ^
       /opt/homebrew/Cellar/bullet/3.25/include/bullet/LinearMath/btScalar.h:527:34: note: expanded from macro 'SIMD_2_PI'
         527 | #define SIMD_2_PI (btScalar(2.0) * SIMD_PI)
             |                                  ^
       /opt/homebrew/Cellar/bullet/3.25/include/bullet/LinearMath/btScalar.h:588:63: note: to match this '('
       /opt/homebrew/Cellar/bullet/3.25/include/bullet/LinearMath/btScalar.h:529:28: note: expanded from macro 'SIMD_RADS_PER_DEG'
         529 | #define SIMD_RADS_PER_DEG (SIMD_2_PI / btScalar(360.0))
             |                            ^
       /opt/homebrew/Cellar/bullet/3.25/include/bullet/LinearMath/btScalar.h:527:19: note: expanded from macro 'SIMD_2_PI'
         527 | #define SIMD_2_PI (btScalar(2.0) * SIMD_PI)
             |                   ^
       /opt/homebrew/Cellar/bullet/3.25/include/bullet/LinearMath/btScalar.h:588:63: error: expected expression
         588 | SIMD_FORCE_INLINE btScalar btRadians(btScalar x) { return x * SIMD_RADS_PER_DEG; }
             |                                                               ^
       /opt/homebrew/Cellar/bullet/3.25/include/bullet/LinearMath/btScalar.h:529:38: note: expanded from macro 'SIMD_RADS_PER_DEG'
         529 | #define SIMD_RADS_PER_DEG (SIMD_2_PI / btScalar(360.0))
             |                                      ^
       /opt/homebrew/Cellar/bullet/3.25/include/bullet/LinearMath/btScalar.h:588:63: error: unexpected type name 'btScalar': expected expression
       /opt/homebrew/Cellar/bullet/3.25/include/bullet/LinearMath/btScalar.h:529:40: note: expanded from macro 'SIMD_RADS_PER_DEG'
         529 | #define SIMD_RADS_PER_DEG (SIMD_2_PI / btScalar(360.0))
             |                                        ^
       /opt/homebrew/Cellar/bullet/3.25/include/bullet/LinearMath/btScalar.h:589:63: error: expected ')'
         589 | SIMD_FORCE_INLINE btScalar btDegrees(btScalar x) { return x * SIMD_DEGS_PER_RAD; }
             |                                                               ^
       /opt/homebrew/Cellar/bullet/3.25/include/bullet/LinearMath/btScalar.h:530:37: note: expanded from macro 'SIMD_DEGS_PER_RAD'
         530 | #define SIMD_DEGS_PER_RAD (btScalar(360.0) / SIMD_2_PI)
             |                                     ^
       /opt/homebrew/Cellar/bullet/3.25/include/bullet/LinearMath/btScalar.h:589:63: note: to match this '('
       /opt/homebrew/Cellar/bullet/3.25/include/bullet/LinearMath/btScalar.h:530:36: note: expanded from macro 'SIMD_DEGS_PER_RAD'
         530 | #define SIMD_DEGS_PER_RAD (btScalar(360.0) / SIMD_2_PI)
             |                                    ^
       fatal error: too many errors emitted, stopping now [-ferror-limit=]
       ..... /opt/homebrew/Cellar/bullet/3.25/include/bullet/LinearMath/btMinMax.h
       ..... /opt/homebrew/Cellar/bullet/3.25/include/bullet/LinearMath/btAlignedAllocator.h
       .... /opt/homebrew/Cellar/bullet/3.25/include/bullet/LinearMath/btTransform.h
       ..... /opt/homebrew/Cellar/bullet/3.25/include/bullet/LinearMath/btMatrix3x3.h
       ...... /opt/homebrew/Cellar/bullet/3.25/include/bullet/LinearMath/btQuaternion.h
       ....... /opt/homebrew/Cellar/bullet/3.25/include/bullet/LinearMath/btQuadWord.h
       ...... /Applications/Xcode.app/Contents/Developer/Platforms/MacOSX.platform/Developer/SDKs/MacOSX.sdk/usr/include/stdio.h
       .... /opt/homebrew/Cellar/bullet/3.25/include/bullet/BulletCollision/CollisionDispatch/btCollisionObject.h
       ..... /opt/homebrew/Cellar/bullet/3.25/include/bullet/LinearMath/btMotionState.h
       ..... /opt/homebrew/Cellar/bullet/3.25/include/bullet/LinearMath/btAlignedObjectArray.h
       .... /opt/homebrew/Cellar/bullet/3.25/include/bullet/BulletCollision/CollisionDispatch/btCollisionDispatcher.h
       ..... /opt/homebrew/Cellar/bullet/3.25/include/bullet/BulletCollision/BroadphaseCollision/btDispatcher.h
       ..... /opt/homebrew/Cellar/bullet/3.25/include/bullet/BulletCollision/NarrowPhaseCollision/btPersistentManifold.h
       ...... /opt/homebrew/Cellar/bullet/3.25/include/bullet/BulletCollision/NarrowPhaseCollision/btManifoldPoint.h
       ....... /opt/homebrew/Cellar/bullet/3.25/include/bullet/LinearMath/btTransformUtil.h
       ..... /opt/homebrew/Cellar/bullet/3.25/include/bullet/BulletCollision/CollisionDispatch/btManifoldResult.h
       ...... /opt/homebrew/Cellar/bullet/3.25/include/bullet/BulletCollision/NarrowPhaseCollision/btDiscreteCollisionDetectorInterface.h
       ...... /opt/homebrew/Cellar/bullet/3.25/include/bullet/BulletCollision/CollisionDispatch/btCollisionObjectWrapper.h
       ..... /opt/homebrew/Cellar/bullet/3.25/include/bullet/BulletCollision/BroadphaseCollision/btBroadphaseProxy.h
       ..... /opt/homebrew/Cellar/bullet/3.25/include/bullet/BulletCollision/CollisionDispatch/btCollisionCreateFunc.h
       .... /opt/homebrew/Cellar/bullet/3.25/include/bullet/BulletCollision/BroadphaseCollision/btOverlappingPairCache.h
       ..... /opt/homebrew/Cellar/bullet/3.25/include/bullet/BulletCollision/BroadphaseCollision/btBroadphaseInterface.h
       ..... /opt/homebrew/Cellar/bullet/3.25/include/bullet/BulletCollision/BroadphaseCollision/btOverlappingPairCallback.h
       ... /opt/homebrew/Cellar/bullet/3.25/include/bullet/BulletCollision/CollisionShapes/btBoxShape.h
       .... /opt/homebrew/Cellar/bullet/3.25/include/bullet/BulletCollision/CollisionShapes/btPolyhedralConvexShape.h
       ..... /opt/homebrew/Cellar/bullet/3.25/include/bullet/BulletCollision/CollisionShapes/btConvexInternalShape.h
       ...... /opt/homebrew/Cellar/bullet/3.25/include/bullet/BulletCollision/CollisionShapes/btConvexShape.h
       ....... /opt/homebrew/Cellar/bullet/3.25/include/bullet/BulletCollision/CollisionShapes/btCollisionShape.h
       ....... /opt/homebrew/Cellar/bullet/3.25/include/bullet/BulletCollision/CollisionShapes/btCollisionMargin.h
       ...... /opt/homebrew/Cellar/bullet/3.25/include/bullet/LinearMath/btAabbUtil2.h
       ... /opt/homebrew/Cellar/bullet/3.25/include/bullet/BulletCollision/CollisionShapes/btSphereShape.h
       ... /opt/homebrew/Cellar/bullet/3.25/include/bullet/BulletCollision/CollisionShapes/btCapsuleShape.h
       ... /opt/homebrew/Cellar/bullet/3.25/include/bullet/BulletCollision/CollisionShapes/btCylinderShape.h
       ... /opt/homebrew/Cellar/bullet/3.25/include/bullet/BulletCollision/CollisionShapes/btConeShape.h
       ... /opt/homebrew/Cellar/bullet/3.25/include/bullet/BulletCollision/CollisionShapes/btStaticPlaneShape.h
       .... /opt/homebrew/Cellar/bullet/3.25/include/bullet/BulletCollision/CollisionShapes/btConcaveShape.h
       ..... /opt/homebrew/Cellar/bullet/3.25/include/bullet/BulletCollision/CollisionShapes/btTriangleCallback.h
       ... /opt/homebrew/Cellar/bullet/3.25/include/bullet/BulletCollision/CollisionShapes/btConvexHullShape.h
       ... /opt/homebrew/Cellar/bullet/3.25/include/bullet/BulletCollision/CollisionShapes/btTriangleMesh.h
       .... /opt/homebrew/Cellar/bullet/3.25/include/bullet/BulletCollision/CollisionShapes/btTriangleIndexVertexArray.h
       ..... /opt/homebrew/Cellar/bullet/3.25/include/bullet/BulletCollision/CollisionShapes/btStridingMeshInterface.h
       ... /opt/homebrew/Cellar/bullet/3.25/include/bullet/BulletCollision/CollisionShapes/btConvexTriangleMeshShape.h
       ... /opt/homebrew/Cellar/bullet/3.25/include/bullet/BulletCollision/CollisionShapes/btBvhTriangleMeshShape.h
       .... /opt/homebrew/Cellar/bullet/3.25/include/bullet/BulletCollision/CollisionShapes/btTriangleMeshShape.h
       .... /opt/homebrew/Cellar/bullet/3.25/include/bullet/BulletCollision/CollisionShapes/btOptimizedBvh.h
       ..... /opt/homebrew/Cellar/bullet/3.25/include/bullet/BulletCollision/BroadphaseCollision/btQuantizedBvh.h
       .... /opt/homebrew/Cellar/bullet/3.25/include/bullet/BulletCollision/CollisionShapes/btTriangleInfoMap.h
       ..... /opt/homebrew/Cellar/bullet/3.25/include/bullet/LinearMath/btHashMap.h
       ..... /opt/homebrew/Cellar/bullet/3.25/include/bullet/LinearMath/btSerializer.h
       ...... /Applications/Xcode.app/Contents/Developer/Platforms/MacOSX.platform/Developer/SDKs/MacOSX.sdk/usr/include/memory.h
       ....... /Applications/Xcode.app/Contents/Developer/Platforms/MacOSX.platform/Developer/SDKs/MacOSX.sdk/usr/include/string.h
       ...... /Applications/Xcode.app/Contents/Developer/Platforms/MacOSX.platform/Developer/SDKs/MacOSX.sdk/usr/include/string.h
       ... /opt/homebrew/Cellar/bullet/3.25/include/bullet/BulletCollision/CollisionShapes/btScaledBvhTriangleMeshShape.h
       ... /opt/homebrew/Cellar/bullet/3.25/include/bullet/BulletCollision/CollisionShapes/btCompoundShape.h
       ... /opt/homebrew/Cellar/bullet/3.25/include/bullet/BulletCollision/CollisionShapes/btTetrahedronShape.h
       ... /opt/homebrew/Cellar/bullet/3.25/include/bullet/BulletCollision/CollisionShapes/btEmptyShape.h
       ... /opt/homebrew/Cellar/bullet/3.25/include/bullet/BulletCollision/CollisionShapes/btMultiSphereShape.h
       ... /opt/homebrew/Cellar/bullet/3.25/include/bullet/BulletCollision/CollisionShapes/btUniformScalingShape.h
       ... /opt/homebrew/Cellar/bullet/3.25/include/bullet/BulletCollision/CollisionDispatch/btSphereSphereCollisionAlgorithm.h
       .... /opt/homebrew/Cellar/bullet/3.25/include/bullet/BulletCollision/CollisionDispatch/btActivatingCollisionAlgorithm.h
       ..... /opt/homebrew/Cellar/bullet/3.25/include/bullet/BulletCollision/BroadphaseCollision/btCollisionAlgorithm.h
       ... /opt/homebrew/Cellar/bullet/3.25/include/bullet/BulletCollision/CollisionDispatch/btDefaultCollisionConfiguration.h
       .... /opt/homebrew/Cellar/bullet/3.25/include/bullet/BulletCollision/CollisionDispatch/btCollisionConfiguration.h
       ... /opt/homebrew/Cellar/bullet/3.25/include/bullet/BulletCollision/BroadphaseCollision/btSimpleBroadphase.h
       ... /opt/homebrew/Cellar/bullet/3.25/include/bullet/BulletCollision/BroadphaseCollision/btAxisSweep3.h
       .... /opt/homebrew/Cellar/bullet/3.25/include/bullet/BulletCollision/BroadphaseCollision/btDbvtBroadphase.h
       ..... /opt/homebrew/Cellar/bullet/3.25/include/bullet/BulletCollision/BroadphaseCollision/btDbvt.h
       ...... /Applications/Xcode.app/Contents/Developer/Platforms/MacOSX.platform/Developer/SDKs/MacOSX.sdk/usr/include/memory.h
       ....... /Applications/Xcode.app/Contents/Developer/Platforms/MacOSX.platform/Developer/SDKs/MacOSX.sdk/usr/include/string.h
       ...... /Applications/Xcode.app/Contents/Developer/Platforms/MacOSX.platform/Developer/SDKs/MacOSX.sdk/usr/include/string.h
       .... /opt/homebrew/Cellar/bullet/3.25/include/bullet/BulletCollision/BroadphaseCollision/btAxisSweep3Internal.h
       ... /opt/homebrew/Cellar/bullet/3.25/include/bullet/LinearMath/btDefaultMotionState.h
       ... /opt/homebrew/Cellar/bullet/3.25/include/bullet/LinearMath/btQuickprof.h
       ... /opt/homebrew/Cellar/bullet/3.25/include/bullet/LinearMath/btIDebugDraw.h
       .. /opt/homebrew/Cellar/bullet/3.25/include/bullet/BulletDynamics/Dynamics/btDiscreteDynamicsWorld.h
       ... /opt/homebrew/Cellar/bullet/3.25/include/bullet/BulletDynamics/Dynamics/btDynamicsWorld.h
       .... /opt/homebrew/Cellar/bullet/3.25/include/bullet/BulletDynamics/ConstraintSolver/btContactSolverInfo.h
       ... /opt/homebrew/Cellar/bullet/3.25/include/bullet/LinearMath/btThreads.h
       .. /opt/homebrew/Cellar/bullet/3.25/include/bullet/BulletDynamics/Dynamics/btSimpleDynamicsWorld.h
       .. /opt/homebrew/Cellar/bullet/3.25/include/bullet/BulletDynamics/Dynamics/btRigidBody.h
       .. /opt/homebrew/Cellar/bullet/3.25/include/bullet/BulletDynamics/ConstraintSolver/btPoint2PointConstraint.h
       ... /opt/homebrew/Cellar/bullet/3.25/include/bullet/BulletDynamics/ConstraintSolver/btJacobianEntry.h
       ... /opt/homebrew/Cellar/bullet/3.25/include/bullet/BulletDynamics/ConstraintSolver/btTypedConstraint.h
       .... /opt/homebrew/Cellar/bullet/3.25/include/bullet/BulletDynamics/ConstraintSolver/btSolverConstraint.h
       ..... /opt/homebrew/Cellar/bullet/3.25/include/bullet/BulletDynamics/ConstraintSolver/btSolverBody.h
       .. /opt/homebrew/Cellar/bullet/3.25/include/bullet/BulletDynamics/ConstraintSolver/btHingeConstraint.h
       .. /opt/homebrew/Cellar/bullet/3.25/include/bullet/BulletDynamics/ConstraintSolver/btConeTwistConstraint.h
       .. /opt/homebrew/Cellar/bullet/3.25/include/bullet/BulletDynamics/ConstraintSolver/btGeneric6DofConstraint.h
       .. /opt/homebrew/Cellar/bullet/3.25/include/bullet/BulletDynamics/ConstraintSolver/btSliderConstraint.h
       .. /opt/homebrew/Cellar/bullet/3.25/include/bullet/BulletDynamics/ConstraintSolver/btGeneric6DofSpringConstraint.h
       .. /opt/homebrew/Cellar/bullet/3.25/include/bullet/BulletDynamics/ConstraintSolver/btUniversalConstraint.h
       .. /opt/homebrew/Cellar/bullet/3.25/include/bullet/BulletDynamics/ConstraintSolver/btHinge2Constraint.h
       ... /opt/homebrew/Cellar/bullet/3.25/include/bullet/BulletDynamics/ConstraintSolver/btGeneric6DofSpring2Constraint.h
       .. /opt/homebrew/Cellar/bullet/3.25/include/bullet/BulletDynamics/ConstraintSolver/btGearConstraint.h
       .. /opt/homebrew/Cellar/bullet/3.25/include/bullet/BulletDynamics/ConstraintSolver/btFixedConstraint.h
       .. /opt/homebrew/Cellar/bullet/3.25/include/bullet/BulletDynamics/ConstraintSolver/btSequentialImpulseConstraintSolver.h
       ... /opt/homebrew/Cellar/bullet/3.25/include/bullet/BulletDynamics/ConstraintSolver/btConstraintSolver.h
       .. /opt/homebrew/Cellar/bullet/3.25/include/bullet/BulletDynamics/Vehicle/btRaycastVehicle.h
       ... /opt/homebrew/Cellar/bullet/3.25/include/bullet/BulletDynamics/Vehicle/btVehicleRaycaster.h
       ... /opt/homebrew/Cellar/bullet/3.25/include/bullet/BulletDynamics/Vehicle/btWheelInfo.h
       ... /opt/homebrew/Cellar/bullet/3.25/include/bullet/BulletDynamics/Dynamics/btActionInterface.h
       . /opt/homebrew/Cellar/bullet/3.25/include/bullet/BulletSoftBody/btSoftRigidDynamicsWorld.h
       .. /opt/homebrew/Cellar/bullet/3.25/include/bullet/BulletSoftBody/btSoftBody.h
       ... /opt/homebrew/Cellar/bullet/3.25/include/bullet/BulletSoftBody/btSparseSDF.h
       .... /opt/homebrew/Cellar/bullet/3.25/include/bullet/BulletCollision/NarrowPhaseCollision/btGjkEpa2.h
       ... /opt/homebrew/Cellar/bullet/3.25/include/bullet/BulletDynamics/Featherstone/btMultiBodyLinkCollider.h
       .... /opt/homebrew/Cellar/bullet/3.25/include/bullet/BulletDynamics/Featherstone/btMultiBody.h
       ..... /opt/homebrew/Cellar/bullet/3.25/include/bullet/BulletDynamics/Featherstone/btMultiBodyLink.h
       ...... /opt/homebrew/Cellar/bullet/3.25/include/bullet/LinearMath/btSpatialAlgebra.h
       ... /opt/homebrew/Cellar/bullet/3.25/include/bullet/BulletDynamics/Featherstone/btMultiBodyConstraint.h
       .... /opt/homebrew/Cellar/bullet/3.25/include/bullet/BulletDynamics/Featherstone/btMultiBodySolverConstraint.h
       . /opt/homebrew/Cellar/bullet/3.25/include/bullet/BulletSoftBody/btSoftBodyRigidBodyCollisionConfiguration.h
       . /opt/homebrew/Cellar/bullet/3.25/include/bullet/BulletSoftBody/btSoftBodyHelpers.h
       20 errors generated.
       I could not retain compiler and assembler inputs for bullet; I will not compile live sources after capture failure
       I could not build foreign support for /private/tmp/nanolang-match-guards-20261009/modules/bullet/bullet.nano
  Compiler diagnostics for physics/bullet_bouncy_balls.nano:
       . /Applications/Xcode.app/Contents/Developer/Platforms/MacOSX.platform/Developer/SDKs/MacOSX.sdk/SDKSettings.json
       . /Applications/Xcode.app/Contents/Developer/Platforms/MacOSX.platform/Developer/SDKs/MacOSX.sdk/usr/include/stdio.h
       .. /Applications/Xcode.app/Contents/Developer/Platforms/MacOSX.platform/Developer/SDKs/MacOSX.sdk/usr/include/_stdio.h
       ... /Applications/Xcode.app/Contents/Developer/Platforms/MacOSX.platform/Developer/SDKs/MacOSX.sdk/usr/include/_bounds.h
       .... /Applications/Xcode.app/Contents/Developer/Platforms/MacOSX.platform/Developer/SDKs/MacOSX.sdk/usr/include/sys/cdefs.h
       ..... /Applications/Xcode.app/Contents/Developer/Platforms/MacOSX.platform/Developer/SDKs/MacOSX.sdk/usr/include/sys/_symbol_aliasing.h
       ..... /Applications/Xcode.app/Contents/Developer/Platforms/MacOSX.platform/Developer/SDKs/MacOSX.sdk/usr/include/sys/_posix_availability.h
       ..... /Applications/Xcode.app/Contents/Developer/Toolchains/XcodeDefault.xctoolchain/usr/lib/clang/21/include/ptrcheck.h
       ... /Applications/Xcode.app/Contents/Developer/Platforms/MacOSX.platform/Developer/SDKs/MacOSX.sdk/usr/include/Availability.h
       .... /Applications/Xcode.app/Contents/Developer/Platforms/MacOSX.platform/Developer/SDKs/MacOSX.sdk/usr/include/AvailabilityVersions.h
       .... /Applications/Xcode.app/Contents/Developer/Platforms/MacOSX.platform/Developer/SDKs/MacOSX.sdk/usr/include/AvailabilityInternal.h
       ..... /Applications/Xcode.app/Contents/Developer/Platforms/MacOSX.platform/Developer/SDKs/MacOSX.sdk/usr/include/AvailabilityVersions.h
       .... /Applications/Xcode.app/Contents/Developer/Platforms/MacOSX.platform/Developer/SDKs/MacOSX.sdk/usr/include/AvailabilityInternalLegacy.h
       ..... /Applications/Xcode.app/Contents/Developer/Platforms/MacOSX.platform/Developer/SDKs/MacOSX.sdk/usr/include/AvailabilityInternal.h
       ... /Applications/Xcode.app/Contents/Developer/Platforms/MacOSX.platform/Developer/SDKs/MacOSX.sdk/usr/include/_types.h
       .... /Applications/Xcode.app/Contents/Developer/Platforms/MacOSX.platform/Developer/SDKs/MacOSX.sdk/usr/include/sys/_types.h
       ..... /Applications/Xcode.app/Contents/Developer/Platforms/MacOSX.platform/Developer/SDKs/MacOSX.sdk/usr/include/machine/_types.h
       ...... /Applications/Xcode.app/Contents/Developer/Platforms/MacOSX.platform/Developer/SDKs/MacOSX.sdk/usr/include/arm/_types.h
       ..... /Applications/Xcode.app/Contents/Developer/Platforms/MacOSX.platform/Developer/SDKs/MacOSX.sdk/usr/include/sys/_pthread/_pthread_types.h
       ... /Applications/Xcode.app/Contents/Developer/Platforms/MacOSX.platform/Developer/SDKs/MacOSX.sdk/usr/include/sys/_types/_va_list.h
       .... /Applications/Xcode.app/Contents/Developer/Platforms/MacOSX.platform/Developer/SDKs/MacOSX.sdk/usr/include/machine/types.h
       ..... /Applications/Xcode.app/Contents/Developer/Platforms/MacOSX.platform/Developer/SDKs/MacOSX.sdk/usr/include/arm/types.h
       ...... /Applications/Xcode.app/Contents/Developer/Platforms/MacOSX.platform/Developer/SDKs/MacOSX.sdk/usr/include/sys/_types/_int8_t.h
       ...... /Applications/Xcode.app/Contents/Developer/Platforms/MacOSX.platform/Developer/SDKs/MacOSX.sdk/usr/include/sys/_types/_int16_t.h
       ...... /Applications/Xcode.app/Contents/Developer/Platforms/MacOSX.platform/Developer/SDKs/MacOSX.sdk/usr/include/sys/_types/_int32_t.h
       ...... /Applications/Xcode.app/Contents/Developer/Platforms/MacOSX.platform/Developer/SDKs/MacOSX.sdk/usr/include/sys/_types/_int64_t.h
       ...... /Applications/Xcode.app/Contents/Developer/Platforms/MacOSX.platform/Developer/SDKs/MacOSX.sdk/usr/include/sys/_types/_u_int8_t.h
       ...... /Applications/Xcode.app/Contents/Developer/Platforms/MacOSX.platform/Developer/SDKs/MacOSX.sdk/usr/include/sys/_types/_u_int16_t.h
       ...... /Applications/Xcode.app/Contents/Developer/Platforms/MacOSX.platform/Developer/SDKs/MacOSX.sdk/usr/include/sys/_types/_u_int32_t.h
       ...... /Applications/Xcode.app/Contents/Developer/Platforms/MacOSX.platform/Developer/SDKs/MacOSX.sdk/usr/include/sys/_types/_u_int64_t.h
       ...... /Applications/Xcode.app/Contents/Developer/Platforms/MacOSX.platform/Developer/SDKs/MacOSX.sdk/usr/include/sys/_types/_intptr_t.h
       ...... /Applications/Xcode.app/Contents/Developer/Platforms/MacOSX.platform/Developer/SDKs/MacOSX.sdk/usr/include/sys/_types/_uintptr_t.h
       ... /Applications/Xcode.app/Contents/Developer/Platforms/MacOSX.platform/Developer/SDKs/MacOSX.sdk/usr/include/sys/_types/_size_t.h
       ... /Applications/Xcode.app/Contents/Developer/Platforms/MacOSX.platform/Developer/SDKs/MacOSX.sdk/usr/include/sys/_types/_null.h
       ... /Applications/Xcode.app/Contents/Developer/Platforms/MacOSX.platform/Developer/SDKs/MacOSX.sdk/usr/include/sys/stdio.h
       .... /Applications/Xcode.app/Contents/Developer/Platforms/MacOSX.platform/Developer/SDKs/MacOSX.sdk/usr/include/Availability.h
       ... /Applications/Xcode.app/Contents/Developer/Platforms/MacOSX.platform/Developer/SDKs/MacOSX.sdk/usr/include/_printf.h
       ... /Applications/Xcode.app/Contents/Developer/Platforms/MacOSX.platform/Developer/SDKs/MacOSX.sdk/usr/include/sys/_types/_seek_set.h
       ... /Applications/Xcode.app/Contents/Developer/Platforms/MacOSX.platform/Developer/SDKs/MacOSX.sdk/usr/include/_ctermid.h
       ... /Applications/Xcode.app/Contents/Developer/Platforms/MacOSX.platform/Developer/SDKs/MacOSX.sdk/usr/include/sys/_types/_off_t.h
       ... /Applications/Xcode.app/Contents/Developer/Platforms/MacOSX.platform/Developer/SDKs/MacOSX.sdk/usr/include/sys/_types/_ssize_t.h
       ... /Applications/Xcode.app/Contents/Developer/Platforms/MacOSX.platform/Developer/SDKs/MacOSX.sdk/usr/include/secure/_stdio.h
       .... /Applications/Xcode.app/Contents/Developer/Platforms/MacOSX.platform/Developer/SDKs/MacOSX.sdk/usr/include/secure/_common.h
       . /Applications/Xcode.app/Contents/Developer/Platforms/MacOSX.platform/Developer/SDKs/MacOSX.sdk/usr/include/stdlib.h
       .. /Applications/Xcode.app/Contents/Developer/Platforms/MacOSX.platform/Developer/SDKs/MacOSX.sdk/usr/include/_stdlib.h
       ... /Applications/Xcode.app/Contents/Developer/Platforms/MacOSX.platform/Developer/SDKs/MacOSX.sdk/usr/include/Availability.h
       ... /Applications/Xcode.app/Contents/Developer/Platforms/MacOSX.platform/Developer/SDKs/MacOSX.sdk/usr/include/sys/wait.h
       .... /Applications/Xcode.app/Contents/Developer/Platforms/MacOSX.platform/Developer/SDKs/MacOSX.sdk/usr/include/sys/_types/_pid_t.h
       .... /Applications/Xcode.app/Contents/Developer/Platforms/MacOSX.platform/Developer/SDKs/MacOSX.sdk/usr/include/sys/_types/_id_t.h
       .... /Applications/Xcode.app/Contents/Developer/Platforms/MacOSX.platform/Developer/SDKs/MacOSX.sdk/usr/include/sys/signal.h
       ..... /Applications/Xcode.app/Contents/Developer/Platforms/MacOSX.platform/Developer/SDKs/MacOSX.sdk/usr/include/sys/appleapiopts.h
       ..... /Applications/Xcode.app/Contents/Developer/Platforms/MacOSX.platform/Developer/SDKs/MacOSX.sdk/usr/include/Availability.h
       ..... /Applications/Xcode.app/Contents/Developer/Platforms/MacOSX.platform/Developer/SDKs/MacOSX.sdk/usr/include/machine/signal.h
       ...... /Applications/Xcode.app/Contents/Developer/Platforms/MacOSX.platform/Developer/SDKs/MacOSX.sdk/usr/include/arm/signal.h
       ..... /Applications/Xcode.app/Contents/Developer/Platforms/MacOSX.platform/Developer/SDKs/MacOSX.sdk/usr/include/machine/_mcontext.h
       ...... /Applications/Xcode.app/Contents/Developer/Platforms/MacOSX.platform/Developer/SDKs/MacOSX.sdk/usr/include/arm/_mcontext.h
       ....... /Applications/Xcode.app/Contents/Developer/Platforms/MacOSX.platform/Developer/SDKs/MacOSX.sdk/usr/include/mach/machine/_structs.h
       ........ /Applications/Xcode.app/Contents/Developer/Platforms/MacOSX.platform/Developer/SDKs/MacOSX.sdk/usr/include/mach/arm/_structs.h
       ..... /Applications/Xcode.app/Contents/Developer/Platforms/MacOSX.platform/Developer/SDKs/MacOSX.sdk/usr/include/sys/_pthread/_pthread_attr_t.h
       ..... /Applications/Xcode.app/Contents/Developer/Platforms/MacOSX.platform/Developer/SDKs/MacOSX.sdk/usr/include/sys/_types/_sigaltstack.h
       ..... /Applications/Xcode.app/Contents/Developer/Platforms/MacOSX.platform/Developer/SDKs/MacOSX.sdk/usr/include/sys/_types/_ucontext.h
       ..... /Applications/Xcode.app/Contents/Developer/Platforms/MacOSX.platform/Developer/SDKs/MacOSX.sdk/usr/include/sys/_types/_sigset_t.h
       ..... /Applications/Xcode.app/Contents/Developer/Platforms/MacOSX.platform/Developer/SDKs/MacOSX.sdk/usr/include/sys/_types/_size_t.h
       ..... /Applications/Xcode.app/Contents/Developer/Platforms/MacOSX.platform/Developer/SDKs/MacOSX.sdk/usr/include/sys/_types/_uid_t.h
       .... /Applications/Xcode.app/Contents/Developer/Platforms/MacOSX.platform/Developer/SDKs/MacOSX.sdk/usr/include/sys/resource.h
       ..... /Applications/Xcode.app/Contents/Developer/Toolchains/XcodeDefault.xctoolchain/usr/lib/clang/21/include/stdint.h
       ...... /Applications/Xcode.app/Contents/Developer/Platforms/MacOSX.platform/Developer/SDKs/MacOSX.sdk/usr/include/stdint.h
       ....... /Applications/Xcode.app/Contents/Developer/Platforms/MacOSX.platform/Developer/SDKs/MacOSX.sdk/usr/include/_types/_uint8_t.h
       ....... /Applications/Xcode.app/Contents/Developer/Platforms/MacOSX.platform/Developer/SDKs/MacOSX.sdk/usr/include/_types/_uint16_t.h
       ....... /Applications/Xcode.app/Contents/Developer/Platforms/MacOSX.platform/Developer/SDKs/MacOSX.sdk/usr/include/_types/_uint32_t.h
       ....... /Applications/Xcode.app/Contents/Developer/Platforms/MacOSX.platform/Developer/SDKs/MacOSX.sdk/usr/include/_types/_uint64_t.h
       ....... /Applications/Xcode.app/Contents/Developer/Platforms/MacOSX.platform/Developer/SDKs/MacOSX.sdk/usr/include/_types/_intmax_t.h
       ....... /Applications/Xcode.app/Contents/Developer/Platforms/MacOSX.platform/Developer/SDKs/MacOSX.sdk/usr/include/_types/_uintmax_t.h
       ..... /Applications/Xcode.app/Contents/Developer/Platforms/MacOSX.platform/Developer/SDKs/MacOSX.sdk/usr/include/Availability.h
       ..... /Applications/Xcode.app/Contents/Developer/Platforms/MacOSX.platform/Developer/SDKs/MacOSX.sdk/usr/include/sys/_types/_timeval.h
       .... /Applications/Xcode.app/Contents/Developer/Platforms/MacOSX.platform/Developer/SDKs/MacOSX.sdk/usr/include/machine/endian.h
       ..... /Applications/Xcode.app/Contents/Developer/Platforms/MacOSX.platform/Developer/SDKs/MacOSX.sdk/usr/include/arm/endian.h
       ...... /Applications/Xcode.app/Contents/Developer/Platforms/MacOSX.platform/Developer/SDKs/MacOSX.sdk/usr/include/sys/_endian.h
       ....... /Applications/Xcode.app/Contents/Developer/Platforms/MacOSX.platform/Developer/SDKs/MacOSX.sdk/usr/include/machine/_endian.h
       ........ /Applications/Xcode.app/Contents/Developer/Platforms/MacOSX.platform/Developer/SDKs/MacOSX.sdk/usr/include/arm/_endian.h
       ......... /Applications/Xcode.app/Contents/Developer/Platforms/MacOSX.platform/Developer/SDKs/MacOSX.sdk/usr/include/sys/__endian.h
       ....... /Applications/Xcode.app/Contents/Developer/Platforms/MacOSX.platform/Developer/SDKs/MacOSX.sdk/usr/include/libkern/_OSByteOrder.h
       ........ /Applications/Xcode.app/Contents/Developer/Platforms/MacOSX.platform/Developer/SDKs/MacOSX.sdk/usr/include/libkern/arm/_OSByteOrder.h
       ... /Applications/Xcode.app/Contents/Developer/Platforms/MacOSX.platform/Developer/SDKs/MacOSX.sdk/usr/include/alloca.h
       .... /Applications/Xcode.app/Contents/Developer/Platforms/MacOSX.platform/Developer/SDKs/MacOSX.sdk/usr/include/sys/_types/_size_t.h
       ... /Applications/Xcode.app/Contents/Developer/Platforms/MacOSX.platform/Developer/SDKs/MacOSX.sdk/usr/include/sys/_types/_size_t.h
       ... /Applications/Xcode.app/Contents/Developer/Platforms/MacOSX.platform/Developer/SDKs/MacOSX.sdk/usr/include/sys/_types/_ct_rune_t.h
       ... /Applications/Xcode.app/Contents/Developer/Platforms/MacOSX.platform/Developer/SDKs/MacOSX.sdk/usr/include/sys/_types/_rune_t.h
       ... /Applications/Xcode.app/Contents/Developer/Platforms/MacOSX.platform/Developer/SDKs/MacOSX.sdk/usr/include/sys/_types/_wchar_t.h
       ... /Applications/Xcode.app/Contents/Developer/Platforms/MacOSX.platform/Developer/SDKs/MacOSX.sdk/usr/include/sys/_types/_null.h
       ... /Applications/Xcode.app/Contents/Developer/Platforms/MacOSX.platform/Developer/SDKs/MacOSX.sdk/usr/include/malloc/_malloc.h
       .... /Applications/Xcode.app/Contents/Developer/Platforms/MacOSX.platform/Developer/SDKs/MacOSX.sdk/usr/include/Availability.h
       .... /Applications/Xcode.app/Contents/Developer/Platforms/MacOSX.platform/Developer/SDKs/MacOSX.sdk/usr/include/sys/_types/_size_t.h
       .... /Applications/Xcode.app/Contents/Developer/Platforms/MacOSX.platform/Developer/SDKs/MacOSX.sdk/usr/include/malloc/_malloc_type.h
       ..... /Applications/Xcode.app/Contents/Developer/Platforms/MacOSX.platform/Developer/SDKs/MacOSX.sdk/usr/include/malloc/_ptrcheck.h
       ..... /Applications/Xcode.app/Contents/Developer/Platforms/MacOSX.platform/Developer/SDKs/MacOSX.sdk/usr/include/Availability.h
       ..... /Applications/Xcode.app/Contents/Developer/Platforms/MacOSX.platform/Developer/SDKs/MacOSX.sdk/usr/include/sys/_types/_size_t.h
       ... /Applications/Xcode.app/Contents/Developer/Platforms/MacOSX.platform/Developer/SDKs/MacOSX.sdk/usr/include/_abort.h
       ... /Applications/Xcode.app/Contents/Developer/Platforms/MacOSX.platform/Developer/SDKs/MacOSX.sdk/usr/include/sys/_types/_dev_t.h
       ... /Applications/Xcode.app/Contents/Developer/Platforms/MacOSX.platform/Developer/SDKs/MacOSX.sdk/usr/include/sys/_types/_mode_t.h
       . /Applications/Xcode.app/Contents/Developer/Platforms/MacOSX.platform/Developer/SDKs/MacOSX.sdk/usr/include/string.h
       .. /Applications/Xcode.app/Contents/Developer/Platforms/MacOSX.platform/Developer/SDKs/MacOSX.sdk/usr/include/_string.h
       ... /Applications/Xcode.app/Contents/Developer/Platforms/MacOSX.platform/Developer/SDKs/MacOSX.sdk/usr/include/Availability.h
       ... /Applications/Xcode.app/Contents/Developer/Platforms/MacOSX.platform/Developer/SDKs/MacOSX.sdk/usr/include/sys/_types/_size_t.h
       ... /Applications/Xcode.app/Contents/Developer/Platforms/MacOSX.platform/Developer/SDKs/MacOSX.sdk/usr/include/sys/_types/_null.h
       ... /Applications/Xcode.app/Contents/Developer/Platforms/MacOSX.platform/Developer/SDKs/MacOSX.sdk/usr/include/sys/_types/_rsize_t.h
       ... /Applications/Xcode.app/Contents/Developer/Platforms/MacOSX.platform/Developer/SDKs/MacOSX.sdk/usr/include/sys/_types/_errno_t.h
       ... /Applications/Xcode.app/Contents/Developer/Platforms/MacOSX.platform/Developer/SDKs/MacOSX.sdk/usr/include/_strings.h
       .... /Applications/Xcode.app/Contents/Developer/Platforms/MacOSX.platform/Developer/SDKs/MacOSX.sdk/usr/include/Availability.h
       .... /Applications/Xcode.app/Contents/Developer/Platforms/MacOSX.platform/Developer/SDKs/MacOSX.sdk/usr/include/sys/_types/_size_t.h
       .... /Applications/Xcode.app/Contents/Developer/Platforms/MacOSX.platform/Developer/SDKs/MacOSX.sdk/usr/include/secure/_strings.h
       ..... /Applications/Xcode.app/Contents/Developer/Platforms/MacOSX.platform/Developer/SDKs/MacOSX.sdk/usr/include/Availability.h
       ... /Applications/Xcode.app/Contents/Developer/Platforms/MacOSX.platform/Developer/SDKs/MacOSX.sdk/usr/include/secure/_string.h
       .... /Applications/Xcode.app/Contents/Developer/Platforms/MacOSX.platform/Developer/SDKs/MacOSX.sdk/usr/include/Availability.h
       . /Applications/Xcode.app/Contents/Developer/Toolchains/XcodeDefault.xctoolchain/usr/lib/clang/21/include/stdbool.h
       . /Applications/Xcode.app/Contents/Developer/Platforms/MacOSX.platform/Developer/SDKs/MacOSX.sdk/usr/include/math.h
       .. /Applications/Xcode.app/Contents/Developer/Platforms/MacOSX.platform/Developer/SDKs/MacOSX.sdk/usr/include/Availability.h
       . /opt/homebrew/Cellar/bullet/3.25/include/bullet/btBulletDynamicsCommon.h
       .. /opt/homebrew/Cellar/bullet/3.25/include/bullet/btBulletCollisionCommon.h
       ... /opt/homebrew/Cellar/bullet/3.25/include/bullet/BulletCollision/CollisionDispatch/btCollisionWorld.h
       In file included from /private/tmp/nanolang-match-guards-20261009/modules/bullet/bullet_ffi.c:16:
       In file included from /opt/homebrew/Cellar/bullet/3.25/include/bullet/btBulletDynamicsCommon.h:20:
       In file included from /opt/homebrew/Cellar/bullet/3.25/include/bullet/btBulletCollisionCommon.h:22:
       /opt/homebrew/Cellar/bullet/3.25/include/bullet/BulletCollision/CollisionDispatch/btCollisionWorld.h:72:1: error: unknown type name 'class'
          72 | class btCollisionShape;
             | ^
       /opt/homebrew/Cellar/bullet/3.25/include/bullet/BulletCollision/CollisionDispatch/btCollisionWorld.h:73:1: error: unknown type name 'class'
          73 | class btConvexShape;
             | ^
       /opt/homebrew/Cellar/bullet/3.25/include/bullet/BulletCollision/CollisionDispatch/btCollisionWorld.h:74:1: error: unknown type name 'class'
          74 | class btBroadphaseInterface;
             | ^
       /opt/homebrew/Cellar/bullet/3.25/include/bullet/BulletCollision/CollisionDispatch/btCollisionWorld.h:75:1: error: unknown type name 'class'
          75 | class btSerializer;
             | ^
       .... /opt/homebrew/Cellar/bullet/3.25/include/bullet/LinearMath/btVector3.h
       ..... /opt/homebrew/Cellar/bullet/3.25/include/bullet/LinearMath/btScalar.h
       ...... /Applications/Xcode.app/Contents/Developer/Platforms/MacOSX.platform/Developer/SDKs/MacOSX.sdk/usr/include/stdlib.h
       ...... /Applications/Xcode.app/Contents/Developer/Toolchains/XcodeDefault.xctoolchain/usr/lib/clang/21/include/float.h
       ....... /Applications/Xcode.app/Contents/Developer/Toolchains/XcodeDefault.xctoolchain/usr/lib/clang/21/include/__float_header_macro.h
       ....... /Applications/Xcode.app/Contents/Developer/Toolchains/XcodeDefault.xctoolchain/usr/lib/clang/21/include/__float_float.h
       ....... /Applications/Xcode.app/Contents/Developer/Toolchains/XcodeDefault.xctoolchain/usr/lib/clang/21/include/__float_infinity_nan.h
       ...... /Applications/Xcode.app/Contents/Developer/Toolchains/XcodeDefault.xctoolchain/usr/lib/clang/21/include/arm_neon.h
       ....... /Applications/Xcode.app/Contents/Developer/Toolchains/XcodeDefault.xctoolchain/usr/lib/clang/21/include/arm_bf16.h
       ....... /Applications/Xcode.app/Contents/Developer/Toolchains/XcodeDefault.xctoolchain/usr/lib/clang/21/include/arm_vector_types.h
       ...... /Applications/Xcode.app/Contents/Developer/Platforms/MacOSX.platform/Developer/SDKs/MacOSX.sdk/usr/include/assert.h
       ....... /Applications/Xcode.app/Contents/Developer/Platforms/MacOSX.platform/Developer/SDKs/MacOSX.sdk/usr/include/_assert.h
       ....... /Applications/Xcode.app/Contents/Developer/Platforms/MacOSX.platform/Developer/SDKs/MacOSX.sdk/usr/include/_static_assert.h
       In file included from /private/tmp/nanolang-match-guards-20261009/modules/bullet/bullet_ffi.c:16:
       In file included from /opt/homebrew/Cellar/bullet/3.25/include/bullet/btBulletDynamicsCommon.h:20:
       In file included from /opt/homebrew/Cellar/bullet/3.25/include/bullet/btBulletCollisionCommon.h:22:
       In file included from /opt/homebrew/Cellar/bullet/3.25/include/bullet/BulletCollision/CollisionDispatch/btCollisionWorld.h:77:
       In file included from /opt/homebrew/Cellar/bullet/3.25/include/bullet/LinearMath/btVector3.h:19:
       /opt/homebrew/Cellar/bullet/3.25/include/bullet/LinearMath/btScalar.h:503:11: error: unexpected type name 'btScalar': expected expression
         503 |                 if (x < btScalar(-1))
             |                         ^
       /opt/homebrew/Cellar/bullet/3.25/include/bullet/LinearMath/btScalar.h:504:8: error: unexpected type name 'btScalar': expected expression
         504 |                         x = btScalar(-1);
             |                             ^
       /opt/homebrew/Cellar/bullet/3.25/include/bullet/LinearMath/btScalar.h:505:11: error: unexpected type name 'btScalar': expected expression
         505 |                 if (x > btScalar(1))
             |                         ^
       /opt/homebrew/Cellar/bullet/3.25/include/bullet/LinearMath/btScalar.h:506:8: error: unexpected type name 'btScalar': expected expression
         506 |                         x = btScalar(1);
             |                             ^
       /opt/homebrew/Cellar/bullet/3.25/include/bullet/LinearMath/btScalar.h:511:11: error: unexpected type name 'btScalar': expected expression
         511 |                 if (x < btScalar(-1))
             |                         ^
       /opt/homebrew/Cellar/bullet/3.25/include/bullet/LinearMath/btScalar.h:512:8: error: unexpected type name 'btScalar': expected expression
         512 |                         x = btScalar(-1);
             |                             ^
       /opt/homebrew/Cellar/bullet/3.25/include/bullet/LinearMath/btScalar.h:513:11: error: unexpected type name 'btScalar': expected expression
         513 |                 if (x > btScalar(1))
             |                         ^
       /opt/homebrew/Cellar/bullet/3.25/include/bullet/LinearMath/btScalar.h:514:8: error: unexpected type name 'btScalar': expected expression
         514 |                         x = btScalar(1);
             |                             ^
       /opt/homebrew/Cellar/bullet/3.25/include/bullet/LinearMath/btScalar.h:555:21: error: unexpected type name 'btScalar': expected expression
         555 |         btScalar coeff_1 = SIMD_PI / 4.0f;
             |                            ^
       /opt/homebrew/Cellar/bullet/3.25/include/bullet/LinearMath/btScalar.h:526:17: note: expanded from macro 'SIMD_PI'
         526 | #define SIMD_PI btScalar(3.1415926535897932384626433832795029)
             |                 ^
       /opt/homebrew/Cellar/bullet/3.25/include/bullet/LinearMath/btScalar.h:585:13: error: unexpected type name 'btScalar': expected expression
         585 |         return x < btScalar(0.0) ? 1 : 0;
             |                    ^
       /opt/homebrew/Cellar/bullet/3.25/include/bullet/LinearMath/btScalar.h:588:63: error: expected ')'
         588 | SIMD_FORCE_INLINE btScalar btRadians(btScalar x) { return x * SIMD_RADS_PER_DEG; }
             |                                                               ^
       /opt/homebrew/Cellar/bullet/3.25/include/bullet/LinearMath/btScalar.h:529:28: note: expanded from macro 'SIMD_RADS_PER_DEG'
         529 | #define SIMD_RADS_PER_DEG (SIMD_2_PI / btScalar(360.0))
             |                            ^
       /opt/homebrew/Cellar/bullet/3.25/include/bullet/LinearMath/btScalar.h:527:29: note: expanded from macro 'SIMD_2_PI'
         527 | #define SIMD_2_PI (btScalar(2.0) * SIMD_PI)
             |                             ^
       /opt/homebrew/Cellar/bullet/3.25/include/bullet/LinearMath/btScalar.h:588:63: note: to match this '('
       /opt/homebrew/Cellar/bullet/3.25/include/bullet/LinearMath/btScalar.h:529:28: note: expanded from macro 'SIMD_RADS_PER_DEG'
         529 | #define SIMD_RADS_PER_DEG (SIMD_2_PI / btScalar(360.0))
             |                            ^
       /opt/homebrew/Cellar/bullet/3.25/include/bullet/LinearMath/btScalar.h:527:28: note: expanded from macro 'SIMD_2_PI'
         527 | #define SIMD_2_PI (btScalar(2.0) * SIMD_PI)
             |                            ^
       /opt/homebrew/Cellar/bullet/3.25/include/bullet/LinearMath/btScalar.h:588:63: error: expected ')'
         588 | SIMD_FORCE_INLINE btScalar btRadians(btScalar x) { return x * SIMD_RADS_PER_DEG; }
             |                                                               ^
       /opt/homebrew/Cellar/bullet/3.25/include/bullet/LinearMath/btScalar.h:529:28: note: expanded from macro 'SIMD_RADS_PER_DEG'
         529 | #define SIMD_RADS_PER_DEG (SIMD_2_PI / btScalar(360.0))
             |                            ^
       /opt/homebrew/Cellar/bullet/3.25/include/bullet/LinearMath/btScalar.h:527:34: note: expanded from macro 'SIMD_2_PI'
         527 | #define SIMD_2_PI (btScalar(2.0) * SIMD_PI)
             |                                  ^
       /opt/homebrew/Cellar/bullet/3.25/include/bullet/LinearMath/btScalar.h:588:63: note: to match this '('
       /opt/homebrew/Cellar/bullet/3.25/include/bullet/LinearMath/btScalar.h:529:28: note: expanded from macro 'SIMD_RADS_PER_DEG'
         529 | #define SIMD_RADS_PER_DEG (SIMD_2_PI / btScalar(360.0))
             |                            ^
       /opt/homebrew/Cellar/bullet/3.25/include/bullet/LinearMath/btScalar.h:527:19: note: expanded from macro 'SIMD_2_PI'
         527 | #define SIMD_2_PI (btScalar(2.0) * SIMD_PI)
             |                   ^
       /opt/homebrew/Cellar/bullet/3.25/include/bullet/LinearMath/btScalar.h:588:63: error: expected expression
         588 | SIMD_FORCE_INLINE btScalar btRadians(btScalar x) { return x * SIMD_RADS_PER_DEG; }
             |                                                               ^
       /opt/homebrew/Cellar/bullet/3.25/include/bullet/LinearMath/btScalar.h:529:38: note: expanded from macro 'SIMD_RADS_PER_DEG'
         529 | #define SIMD_RADS_PER_DEG (SIMD_2_PI / btScalar(360.0))
             |                                      ^
       /opt/homebrew/Cellar/bullet/3.25/include/bullet/LinearMath/btScalar.h:588:63: error: unexpected type name 'btScalar': expected expression
       /opt/homebrew/Cellar/bullet/3.25/include/bullet/LinearMath/btScalar.h:529:40: note: expanded from macro 'SIMD_RADS_PER_DEG'
         529 | #define SIMD_RADS_PER_DEG (SIMD_2_PI / btScalar(360.0))
             |                                        ^
       /opt/homebrew/Cellar/bullet/3.25/include/bullet/LinearMath/btScalar.h:589:63: error: expected ')'
         589 | SIMD_FORCE_INLINE btScalar btDegrees(btScalar x) { return x * SIMD_DEGS_PER_RAD; }
             |                                                               ^
       /opt/homebrew/Cellar/bullet/3.25/include/bullet/LinearMath/btScalar.h:530:37: note: expanded from macro 'SIMD_DEGS_PER_RAD'
         530 | #define SIMD_DEGS_PER_RAD (btScalar(360.0) / SIMD_2_PI)
             |                                     ^
       /opt/homebrew/Cellar/bullet/3.25/include/bullet/LinearMath/btScalar.h:589:63: note: to match this '('
       /opt/homebrew/Cellar/bullet/3.25/include/bullet/LinearMath/btScalar.h:530:36: note: expanded from macro 'SIMD_DEGS_PER_RAD'
         530 | #define SIMD_DEGS_PER_RAD (btScalar(360.0) / SIMD_2_PI)
             |                                    ^
       fatal error: too many errors emitted, stopping now [-ferror-limit=]
       ..... /opt/homebrew/Cellar/bullet/3.25/include/bullet/LinearMath/btMinMax.h
       ..... /opt/homebrew/Cellar/bullet/3.25/include/bullet/LinearMath/btAlignedAllocator.h
       .... /opt/homebrew/Cellar/bullet/3.25/include/bullet/LinearMath/btTransform.h
       ..... /opt/homebrew/Cellar/bullet/3.25/include/bullet/LinearMath/btMatrix3x3.h
       ...... /opt/homebrew/Cellar/bullet/3.25/include/bullet/LinearMath/btQuaternion.h
       ....... /opt/homebrew/Cellar/bullet/3.25/include/bullet/LinearMath/btQuadWord.h
       ...... /Applications/Xcode.app/Contents/Developer/Platforms/MacOSX.platform/Developer/SDKs/MacOSX.sdk/usr/include/stdio.h
       .... /opt/homebrew/Cellar/bullet/3.25/include/bullet/BulletCollision/CollisionDispatch/btCollisionObject.h
       ..... /opt/homebrew/Cellar/bullet/3.25/include/bullet/LinearMath/btMotionState.h
       ..... /opt/homebrew/Cellar/bullet/3.25/include/bullet/LinearMath/btAlignedObjectArray.h
       .... /opt/homebrew/Cellar/bullet/3.25/include/bullet/BulletCollision/CollisionDispatch/btCollisionDispatcher.h
       ..... /opt/homebrew/Cellar/bullet/3.25/include/bullet/BulletCollision/BroadphaseCollision/btDispatcher.h
       ..... /opt/homebrew/Cellar/bullet/3.25/include/bullet/BulletCollision/NarrowPhaseCollision/btPersistentManifold.h
       ...... /opt/homebrew/Cellar/bullet/3.25/include/bullet/BulletCollision/NarrowPhaseCollision/btManifoldPoint.h
       ....... /opt/homebrew/Cellar/bullet/3.25/include/bullet/LinearMath/btTransformUtil.h
       ..... /opt/homebrew/Cellar/bullet/3.25/include/bullet/BulletCollision/CollisionDispatch/btManifoldResult.h
       ...... /opt/homebrew/Cellar/bullet/3.25/include/bullet/BulletCollision/NarrowPhaseCollision/btDiscreteCollisionDetectorInterface.h
       ...... /opt/homebrew/Cellar/bullet/3.25/include/bullet/BulletCollision/CollisionDispatch/btCollisionObjectWrapper.h
       ..... /opt/homebrew/Cellar/bullet/3.25/include/bullet/BulletCollision/BroadphaseCollision/btBroadphaseProxy.h
       ..... /opt/homebrew/Cellar/bullet/3.25/include/bullet/BulletCollision/CollisionDispatch/btCollisionCreateFunc.h
       .... /opt/homebrew/Cellar/bullet/3.25/include/bullet/BulletCollision/BroadphaseCollision/btOverlappingPairCache.h
       ..... /opt/homebrew/Cellar/bullet/3.25/include/bullet/BulletCollision/BroadphaseCollision/btBroadphaseInterface.h
       ..... /opt/homebrew/Cellar/bullet/3.25/include/bullet/BulletCollision/BroadphaseCollision/btOverlappingPairCallback.h
       ... /opt/homebrew/Cellar/bullet/3.25/include/bullet/BulletCollision/CollisionShapes/btBoxShape.h
       .... /opt/homebrew/Cellar/bullet/3.25/include/bullet/BulletCollision/CollisionShapes/btPolyhedralConvexShape.h
       ..... /opt/homebrew/Cellar/bullet/3.25/include/bullet/BulletCollision/CollisionShapes/btConvexInternalShape.h
       ...... /opt/homebrew/Cellar/bullet/3.25/include/bullet/BulletCollision/CollisionShapes/btConvexShape.h
       ....... /opt/homebrew/Cellar/bullet/3.25/include/bullet/BulletCollision/CollisionShapes/btCollisionShape.h
       ....... /opt/homebrew/Cellar/bullet/3.25/include/bullet/BulletCollision/CollisionShapes/btCollisionMargin.h
       ...... /opt/homebrew/Cellar/bullet/3.25/include/bullet/LinearMath/btAabbUtil2.h
       ... /opt/homebrew/Cellar/bullet/3.25/include/bullet/BulletCollision/CollisionShapes/btSphereShape.h
       ... /opt/homebrew/Cellar/bullet/3.25/include/bullet/BulletCollision/CollisionShapes/btCapsuleShape.h
       ... /opt/homebrew/Cellar/bullet/3.25/include/bullet/BulletCollision/CollisionShapes/btCylinderShape.h
       ... /opt/homebrew/Cellar/bullet/3.25/include/bullet/BulletCollision/CollisionShapes/btConeShape.h
       ... /opt/homebrew/Cellar/bullet/3.25/include/bullet/BulletCollision/CollisionShapes/btStaticPlaneShape.h
       .... /opt/homebrew/Cellar/bullet/3.25/include/bullet/BulletCollision/CollisionShapes/btConcaveShape.h
       ..... /opt/homebrew/Cellar/bullet/3.25/include/bullet/BulletCollision/CollisionShapes/btTriangleCallback.h
       ... /opt/homebrew/Cellar/bullet/3.25/include/bullet/BulletCollision/CollisionShapes/btConvexHullShape.h
       ... /opt/homebrew/Cellar/bullet/3.25/include/bullet/BulletCollision/CollisionShapes/btTriangleMesh.h
       .... /opt/homebrew/Cellar/bullet/3.25/include/bullet/BulletCollision/CollisionShapes/btTriangleIndexVertexArray.h
       ..... /opt/homebrew/Cellar/bullet/3.25/include/bullet/BulletCollision/CollisionShapes/btStridingMeshInterface.h
       ... /opt/homebrew/Cellar/bullet/3.25/include/bullet/BulletCollision/CollisionShapes/btConvexTriangleMeshShape.h
       ... /opt/homebrew/Cellar/bullet/3.25/include/bullet/BulletCollision/CollisionShapes/btBvhTriangleMeshShape.h
       .... /opt/homebrew/Cellar/bullet/3.25/include/bullet/BulletCollision/CollisionShapes/btTriangleMeshShape.h
       .... /opt/homebrew/Cellar/bullet/3.25/include/bullet/BulletCollision/CollisionShapes/btOptimizedBvh.h
       ..... /opt/homebrew/Cellar/bullet/3.25/include/bullet/BulletCollision/BroadphaseCollision/btQuantizedBvh.h
       .... /opt/homebrew/Cellar/bullet/3.25/include/bullet/BulletCollision/CollisionShapes/btTriangleInfoMap.h
       ..... /opt/homebrew/Cellar/bullet/3.25/include/bullet/LinearMath/btHashMap.h
       ..... /opt/homebrew/Cellar/bullet/3.25/include/bullet/LinearMath/btSerializer.h
       ...... /Applications/Xcode.app/Contents/Developer/Platforms/MacOSX.platform/Developer/SDKs/MacOSX.sdk/usr/include/memory.h
       ....... /Applications/Xcode.app/Contents/Developer/Platforms/MacOSX.platform/Developer/SDKs/MacOSX.sdk/usr/include/string.h
       ...... /Applications/Xcode.app/Contents/Developer/Platforms/MacOSX.platform/Developer/SDKs/MacOSX.sdk/usr/include/string.h
       ... /opt/homebrew/Cellar/bullet/3.25/include/bullet/BulletCollision/CollisionShapes/btScaledBvhTriangleMeshShape.h
       ... /opt/homebrew/Cellar/bullet/3.25/include/bullet/BulletCollision/CollisionShapes/btCompoundShape.h
       ... /opt/homebrew/Cellar/bullet/3.25/include/bullet/BulletCollision/CollisionShapes/btTetrahedronShape.h
       ... /opt/homebrew/Cellar/bullet/3.25/include/bullet/BulletCollision/CollisionShapes/btEmptyShape.h
       ... /opt/homebrew/Cellar/bullet/3.25/include/bullet/BulletCollision/CollisionShapes/btMultiSphereShape.h
       ... /opt/homebrew/Cellar/bullet/3.25/include/bullet/BulletCollision/CollisionShapes/btUniformScalingShape.h
       ... /opt/homebrew/Cellar/bullet/3.25/include/bullet/BulletCollision/CollisionDispatch/btSphereSphereCollisionAlgorithm.h
       .... /opt/homebrew/Cellar/bullet/3.25/include/bullet/BulletCollision/CollisionDispatch/btActivatingCollisionAlgorithm.h
       ..... /opt/homebrew/Cellar/bullet/3.25/include/bullet/BulletCollision/BroadphaseCollision/btCollisionAlgorithm.h
       ... /opt/homebrew/Cellar/bullet/3.25/include/bullet/BulletCollision/CollisionDispatch/btDefaultCollisionConfiguration.h
       .... /opt/homebrew/Cellar/bullet/3.25/include/bullet/BulletCollision/CollisionDispatch/btCollisionConfiguration.h
       ... /opt/homebrew/Cellar/bullet/3.25/include/bullet/BulletCollision/BroadphaseCollision/btSimpleBroadphase.h
       ... /opt/homebrew/Cellar/bullet/3.25/include/bullet/BulletCollision/BroadphaseCollision/btAxisSweep3.h
       .... /opt/homebrew/Cellar/bullet/3.25/include/bullet/BulletCollision/BroadphaseCollision/btDbvtBroadphase.h
       ..... /opt/homebrew/Cellar/bullet/3.25/include/bullet/BulletCollision/BroadphaseCollision/btDbvt.h
       ...... /Applications/Xcode.app/Contents/Developer/Platforms/MacOSX.platform/Developer/SDKs/MacOSX.sdk/usr/include/memory.h
       ....... /Applications/Xcode.app/Contents/Developer/Platforms/MacOSX.platform/Developer/SDKs/MacOSX.sdk/usr/include/string.h
       ...... /Applications/Xcode.app/Contents/Developer/Platforms/MacOSX.platform/Developer/SDKs/MacOSX.sdk/usr/include/string.h
       .... /opt/homebrew/Cellar/bullet/3.25/include/bullet/BulletCollision/BroadphaseCollision/btAxisSweep3Internal.h
       ... /opt/homebrew/Cellar/bullet/3.25/include/bullet/LinearMath/btDefaultMotionState.h
       ... /opt/homebrew/Cellar/bullet/3.25/include/bullet/LinearMath/btQuickprof.h
       ... /opt/homebrew/Cellar/bullet/3.25/include/bullet/LinearMath/btIDebugDraw.h
       .. /opt/homebrew/Cellar/bullet/3.25/include/bullet/BulletDynamics/Dynamics/btDiscreteDynamicsWorld.h
       ... /opt/homebrew/Cellar/bullet/3.25/include/bullet/BulletDynamics/Dynamics/btDynamicsWorld.h
       .... /opt/homebrew/Cellar/bullet/3.25/include/bullet/BulletDynamics/ConstraintSolver/btContactSolverInfo.h
       ... /opt/homebrew/Cellar/bullet/3.25/include/bullet/LinearMath/btThreads.h
       .. /opt/homebrew/Cellar/bullet/3.25/include/bullet/BulletDynamics/Dynamics/btSimpleDynamicsWorld.h
       .. /opt/homebrew/Cellar/bullet/3.25/include/bullet/BulletDynamics/Dynamics/btRigidBody.h
       .. /opt/homebrew/Cellar/bullet/3.25/include/bullet/BulletDynamics/ConstraintSolver/btPoint2PointConstraint.h
       ... /opt/homebrew/Cellar/bullet/3.25/include/bullet/BulletDynamics/ConstraintSolver/btJacobianEntry.h
       ... /opt/homebrew/Cellar/bullet/3.25/include/bullet/BulletDynamics/ConstraintSolver/btTypedConstraint.h
       .... /opt/homebrew/Cellar/bullet/3.25/include/bullet/BulletDynamics/ConstraintSolver/btSolverConstraint.h
       ..... /opt/homebrew/Cellar/bullet/3.25/include/bullet/BulletDynamics/ConstraintSolver/btSolverBody.h
       .. /opt/homebrew/Cellar/bullet/3.25/include/bullet/BulletDynamics/ConstraintSolver/btHingeConstraint.h
       .. /opt/homebrew/Cellar/bullet/3.25/include/bullet/BulletDynamics/ConstraintSolver/btConeTwistConstraint.h
       .. /opt/homebrew/Cellar/bullet/3.25/include/bullet/BulletDynamics/ConstraintSolver/btGeneric6DofConstraint.h
       .. /opt/homebrew/Cellar/bullet/3.25/include/bullet/BulletDynamics/ConstraintSolver/btSliderConstraint.h
       .. /opt/homebrew/Cellar/bullet/3.25/include/bullet/BulletDynamics/ConstraintSolver/btGeneric6DofSpringConstraint.h
       .. /opt/homebrew/Cellar/bullet/3.25/include/bullet/BulletDynamics/ConstraintSolver/btUniversalConstraint.h
       .. /opt/homebrew/Cellar/bullet/3.25/include/bullet/BulletDynamics/ConstraintSolver/btHinge2Constraint.h
       ... /opt/homebrew/Cellar/bullet/3.25/include/bullet/BulletDynamics/ConstraintSolver/btGeneric6DofSpring2Constraint.h
       .. /opt/homebrew/Cellar/bullet/3.25/include/bullet/BulletDynamics/ConstraintSolver/btGearConstraint.h
       .. /opt/homebrew/Cellar/bullet/3.25/include/bullet/BulletDynamics/ConstraintSolver/btFixedConstraint.h
       .. /opt/homebrew/Cellar/bullet/3.25/include/bullet/BulletDynamics/ConstraintSolver/btSequentialImpulseConstraintSolver.h
       ... /opt/homebrew/Cellar/bullet/3.25/include/bullet/BulletDynamics/ConstraintSolver/btConstraintSolver.h
       .. /opt/homebrew/Cellar/bullet/3.25/include/bullet/BulletDynamics/Vehicle/btRaycastVehicle.h
       ... /opt/homebrew/Cellar/bullet/3.25/include/bullet/BulletDynamics/Vehicle/btVehicleRaycaster.h
       ... /opt/homebrew/Cellar/bullet/3.25/include/bullet/BulletDynamics/Vehicle/btWheelInfo.h
       ... /opt/homebrew/Cellar/bullet/3.25/include/bullet/BulletDynamics/Dynamics/btActionInterface.h
       . /opt/homebrew/Cellar/bullet/3.25/include/bullet/BulletSoftBody/btSoftRigidDynamicsWorld.h
       .. /opt/homebrew/Cellar/bullet/3.25/include/bullet/BulletSoftBody/btSoftBody.h
       ... /opt/homebrew/Cellar/bullet/3.25/include/bullet/BulletSoftBody/btSparseSDF.h
       .... /opt/homebrew/Cellar/bullet/3.25/include/bullet/BulletCollision/NarrowPhaseCollision/btGjkEpa2.h
       ... /opt/homebrew/Cellar/bullet/3.25/include/bullet/BulletDynamics/Featherstone/btMultiBodyLinkCollider.h
       .... /opt/homebrew/Cellar/bullet/3.25/include/bullet/BulletDynamics/Featherstone/btMultiBody.h
       ..... /opt/homebrew/Cellar/bullet/3.25/include/bullet/BulletDynamics/Featherstone/btMultiBodyLink.h
       ...... /opt/homebrew/Cellar/bullet/3.25/include/bullet/LinearMath/btSpatialAlgebra.h
       ... /opt/homebrew/Cellar/bullet/3.25/include/bullet/BulletDynamics/Featherstone/btMultiBodyConstraint.h
       .... /opt/homebrew/Cellar/bullet/3.25/include/bullet/BulletDynamics/Featherstone/btMultiBodySolverConstraint.h
       . /opt/homebrew/Cellar/bullet/3.25/include/bullet/BulletSoftBody/btSoftBodyRigidBodyCollisionConfiguration.h
       . /opt/homebrew/Cellar/bullet/3.25/include/bullet/BulletSoftBody/btSoftBodyHelpers.h
       20 errors generated.
       I could not retain compiler and assembler inputs for bullet; I will not compile live sources after capture failure
       I could not build foreign support for /private/tmp/nanolang-match-guards-20261009/modules/bullet/bullet.nano
  Compiler diagnostics for physics/bullet_rigid_megastacks.nano:
       . /Applications/Xcode.app/Contents/Developer/Platforms/MacOSX.platform/Developer/SDKs/MacOSX.sdk/SDKSettings.json
       . /Applications/Xcode.app/Contents/Developer/Platforms/MacOSX.platform/Developer/SDKs/MacOSX.sdk/usr/include/stdio.h
       .. /Applications/Xcode.app/Contents/Developer/Platforms/MacOSX.platform/Developer/SDKs/MacOSX.sdk/usr/include/_stdio.h
       ... /Applications/Xcode.app/Contents/Developer/Platforms/MacOSX.platform/Developer/SDKs/MacOSX.sdk/usr/include/_bounds.h
       .... /Applications/Xcode.app/Contents/Developer/Platforms/MacOSX.platform/Developer/SDKs/MacOSX.sdk/usr/include/sys/cdefs.h
       ..... /Applications/Xcode.app/Contents/Developer/Platforms/MacOSX.platform/Developer/SDKs/MacOSX.sdk/usr/include/sys/_symbol_aliasing.h
       ..... /Applications/Xcode.app/Contents/Developer/Platforms/MacOSX.platform/Developer/SDKs/MacOSX.sdk/usr/include/sys/_posix_availability.h
       ..... /Applications/Xcode.app/Contents/Developer/Toolchains/XcodeDefault.xctoolchain/usr/lib/clang/21/include/ptrcheck.h
       ... /Applications/Xcode.app/Contents/Developer/Platforms/MacOSX.platform/Developer/SDKs/MacOSX.sdk/usr/include/Availability.h
       .... /Applications/Xcode.app/Contents/Developer/Platforms/MacOSX.platform/Developer/SDKs/MacOSX.sdk/usr/include/AvailabilityVersions.h
       .... /Applications/Xcode.app/Contents/Developer/Platforms/MacOSX.platform/Developer/SDKs/MacOSX.sdk/usr/include/AvailabilityInternal.h
       ..... /Applications/Xcode.app/Contents/Developer/Platforms/MacOSX.platform/Developer/SDKs/MacOSX.sdk/usr/include/AvailabilityVersions.h
       .... /Applications/Xcode.app/Contents/Developer/Platforms/MacOSX.platform/Developer/SDKs/MacOSX.sdk/usr/include/AvailabilityInternalLegacy.h
       ..... /Applications/Xcode.app/Contents/Developer/Platforms/MacOSX.platform/Developer/SDKs/MacOSX.sdk/usr/include/AvailabilityInternal.h
       ... /Applications/Xcode.app/Contents/Developer/Platforms/MacOSX.platform/Developer/SDKs/MacOSX.sdk/usr/include/_types.h
       .... /Applications/Xcode.app/Contents/Developer/Platforms/MacOSX.platform/Developer/SDKs/MacOSX.sdk/usr/include/sys/_types.h
       ..... /Applications/Xcode.app/Contents/Developer/Platforms/MacOSX.platform/Developer/SDKs/MacOSX.sdk/usr/include/machine/_types.h
       ...... /Applications/Xcode.app/Contents/Developer/Platforms/MacOSX.platform/Developer/SDKs/MacOSX.sdk/usr/include/arm/_types.h
       ..... /Applications/Xcode.app/Contents/Developer/Platforms/MacOSX.platform/Developer/SDKs/MacOSX.sdk/usr/include/sys/_pthread/_pthread_types.h
       ... /Applications/Xcode.app/Contents/Developer/Platforms/MacOSX.platform/Developer/SDKs/MacOSX.sdk/usr/include/sys/_types/_va_list.h
       .... /Applications/Xcode.app/Contents/Developer/Platforms/MacOSX.platform/Developer/SDKs/MacOSX.sdk/usr/include/machine/types.h
       ..... /Applications/Xcode.app/Contents/Developer/Platforms/MacOSX.platform/Developer/SDKs/MacOSX.sdk/usr/include/arm/types.h
       ...... /Applications/Xcode.app/Contents/Developer/Platforms/MacOSX.platform/Developer/SDKs/MacOSX.sdk/usr/include/sys/_types/_int8_t.h
       ...... /Applications/Xcode.app/Contents/Developer/Platforms/MacOSX.platform/Developer/SDKs/MacOSX.sdk/usr/include/sys/_types/_int16_t.h
       ...... /Applications/Xcode.app/Contents/Developer/Platforms/MacOSX.platform/Developer/SDKs/MacOSX.sdk/usr/include/sys/_types/_int32_t.h
       ...... /Applications/Xcode.app/Contents/Developer/Platforms/MacOSX.platform/Developer/SDKs/MacOSX.sdk/usr/include/sys/_types/_int64_t.h
       ...... /Applications/Xcode.app/Contents/Developer/Platforms/MacOSX.platform/Developer/SDKs/MacOSX.sdk/usr/include/sys/_types/_u_int8_t.h
       ...... /Applications/Xcode.app/Contents/Developer/Platforms/MacOSX.platform/Developer/SDKs/MacOSX.sdk/usr/include/sys/_types/_u_int16_t.h
       ...... /Applications/Xcode.app/Contents/Developer/Platforms/MacOSX.platform/Developer/SDKs/MacOSX.sdk/usr/include/sys/_types/_u_int32_t.h
       ...... /Applications/Xcode.app/Contents/Developer/Platforms/MacOSX.platform/Developer/SDKs/MacOSX.sdk/usr/include/sys/_types/_u_int64_t.h
       ...... /Applications/Xcode.app/Contents/Developer/Platforms/MacOSX.platform/Developer/SDKs/MacOSX.sdk/usr/include/sys/_types/_intptr_t.h
       ...... /Applications/Xcode.app/Contents/Developer/Platforms/MacOSX.platform/Developer/SDKs/MacOSX.sdk/usr/include/sys/_types/_uintptr_t.h
       ... /Applications/Xcode.app/Contents/Developer/Platforms/MacOSX.platform/Developer/SDKs/MacOSX.sdk/usr/include/sys/_types/_size_t.h
       ... /Applications/Xcode.app/Contents/Developer/Platforms/MacOSX.platform/Developer/SDKs/MacOSX.sdk/usr/include/sys/_types/_null.h
       ... /Applications/Xcode.app/Contents/Developer/Platforms/MacOSX.platform/Developer/SDKs/MacOSX.sdk/usr/include/sys/stdio.h
       .... /Applications/Xcode.app/Contents/Developer/Platforms/MacOSX.platform/Developer/SDKs/MacOSX.sdk/usr/include/Availability.h
       ... /Applications/Xcode.app/Contents/Developer/Platforms/MacOSX.platform/Developer/SDKs/MacOSX.sdk/usr/include/_printf.h
       ... /Applications/Xcode.app/Contents/Developer/Platforms/MacOSX.platform/Developer/SDKs/MacOSX.sdk/usr/include/sys/_types/_seek_set.h
       ... /Applications/Xcode.app/Contents/Developer/Platforms/MacOSX.platform/Developer/SDKs/MacOSX.sdk/usr/include/_ctermid.h
       ... /Applications/Xcode.app/Contents/Developer/Platforms/MacOSX.platform/Developer/SDKs/MacOSX.sdk/usr/include/sys/_types/_off_t.h
       ... /Applications/Xcode.app/Contents/Developer/Platforms/MacOSX.platform/Developer/SDKs/MacOSX.sdk/usr/include/sys/_types/_ssize_t.h
       ... /Applications/Xcode.app/Contents/Developer/Platforms/MacOSX.platform/Developer/SDKs/MacOSX.sdk/usr/include/secure/_stdio.h
       .... /Applications/Xcode.app/Contents/Developer/Platforms/MacOSX.platform/Developer/SDKs/MacOSX.sdk/usr/include/secure/_common.h
       . /Applications/Xcode.app/Contents/Developer/Platforms/MacOSX.platform/Developer/SDKs/MacOSX.sdk/usr/include/stdlib.h
       .. /Applications/Xcode.app/Contents/Developer/Platforms/MacOSX.platform/Developer/SDKs/MacOSX.sdk/usr/include/_stdlib.h
       ... /Applications/Xcode.app/Contents/Developer/Platforms/MacOSX.platform/Developer/SDKs/MacOSX.sdk/usr/include/Availability.h
       ... /Applications/Xcode.app/Contents/Developer/Platforms/MacOSX.platform/Developer/SDKs/MacOSX.sdk/usr/include/sys/wait.h
       .... /Applications/Xcode.app/Contents/Developer/Platforms/MacOSX.platform/Developer/SDKs/MacOSX.sdk/usr/include/sys/_types/_pid_t.h
       .... /Applications/Xcode.app/Contents/Developer/Platforms/MacOSX.platform/Developer/SDKs/MacOSX.sdk/usr/include/sys/_types/_id_t.h
       .... /Applications/Xcode.app/Contents/Developer/Platforms/MacOSX.platform/Developer/SDKs/MacOSX.sdk/usr/include/sys/signal.h
       ..... /Applications/Xcode.app/Contents/Developer/Platforms/MacOSX.platform/Developer/SDKs/MacOSX.sdk/usr/include/sys/appleapiopts.h
       ..... /Applications/Xcode.app/Contents/Developer/Platforms/MacOSX.platform/Developer/SDKs/MacOSX.sdk/usr/include/Availability.h
       ..... /Applications/Xcode.app/Contents/Developer/Platforms/MacOSX.platform/Developer/SDKs/MacOSX.sdk/usr/include/machine/signal.h
       ...... /Applications/Xcode.app/Contents/Developer/Platforms/MacOSX.platform/Developer/SDKs/MacOSX.sdk/usr/include/arm/signal.h
       ..... /Applications/Xcode.app/Contents/Developer/Platforms/MacOSX.platform/Developer/SDKs/MacOSX.sdk/usr/include/machine/_mcontext.h
       ...... /Applications/Xcode.app/Contents/Developer/Platforms/MacOSX.platform/Developer/SDKs/MacOSX.sdk/usr/include/arm/_mcontext.h
       ....... /Applications/Xcode.app/Contents/Developer/Platforms/MacOSX.platform/Developer/SDKs/MacOSX.sdk/usr/include/mach/machine/_structs.h
       ........ /Applications/Xcode.app/Contents/Developer/Platforms/MacOSX.platform/Developer/SDKs/MacOSX.sdk/usr/include/mach/arm/_structs.h
       ..... /Applications/Xcode.app/Contents/Developer/Platforms/MacOSX.platform/Developer/SDKs/MacOSX.sdk/usr/include/sys/_pthread/_pthread_attr_t.h
       ..... /Applications/Xcode.app/Contents/Developer/Platforms/MacOSX.platform/Developer/SDKs/MacOSX.sdk/usr/include/sys/_types/_sigaltstack.h
       ..... /Applications/Xcode.app/Contents/Developer/Platforms/MacOSX.platform/Developer/SDKs/MacOSX.sdk/usr/include/sys/_types/_ucontext.h
       ..... /Applications/Xcode.app/Contents/Developer/Platforms/MacOSX.platform/Developer/SDKs/MacOSX.sdk/usr/include/sys/_types/_sigset_t.h
       ..... /Applications/Xcode.app/Contents/Developer/Platforms/MacOSX.platform/Developer/SDKs/MacOSX.sdk/usr/include/sys/_types/_size_t.h
       ..... /Applications/Xcode.app/Contents/Developer/Platforms/MacOSX.platform/Developer/SDKs/MacOSX.sdk/usr/include/sys/_types/_uid_t.h
       .... /Applications/Xcode.app/Contents/Developer/Platforms/MacOSX.platform/Developer/SDKs/MacOSX.sdk/usr/include/sys/resource.h
       ..... /Applications/Xcode.app/Contents/Developer/Toolchains/XcodeDefault.xctoolchain/usr/lib/clang/21/include/stdint.h
       ...... /Applications/Xcode.app/Contents/Developer/Platforms/MacOSX.platform/Developer/SDKs/MacOSX.sdk/usr/include/stdint.h
       ....... /Applications/Xcode.app/Contents/Developer/Platforms/MacOSX.platform/Developer/SDKs/MacOSX.sdk/usr/include/_types/_uint8_t.h
       ....... /Applications/Xcode.app/Contents/Developer/Platforms/MacOSX.platform/Developer/SDKs/MacOSX.sdk/usr/include/_types/_uint16_t.h
       ....... /Applications/Xcode.app/Contents/Developer/Platforms/MacOSX.platform/Developer/SDKs/MacOSX.sdk/usr/include/_types/_uint32_t.h
       ....... /Applications/Xcode.app/Contents/Developer/Platforms/MacOSX.platform/Developer/SDKs/MacOSX.sdk/usr/include/_types/_uint64_t.h
       ....... /Applications/Xcode.app/Contents/Developer/Platforms/MacOSX.platform/Developer/SDKs/MacOSX.sdk/usr/include/_types/_intmax_t.h
       ....... /Applications/Xcode.app/Contents/Developer/Platforms/MacOSX.platform/Developer/SDKs/MacOSX.sdk/usr/include/_types/_uintmax_t.h
       ..... /Applications/Xcode.app/Contents/Developer/Platforms/MacOSX.platform/Developer/SDKs/MacOSX.sdk/usr/include/Availability.h
       ..... /Applications/Xcode.app/Contents/Developer/Platforms/MacOSX.platform/Developer/SDKs/MacOSX.sdk/usr/include/sys/_types/_timeval.h
       .... /Applications/Xcode.app/Contents/Developer/Platforms/MacOSX.platform/Developer/SDKs/MacOSX.sdk/usr/include/machine/endian.h
       ..... /Applications/Xcode.app/Contents/Developer/Platforms/MacOSX.platform/Developer/SDKs/MacOSX.sdk/usr/include/arm/endian.h
       ...... /Applications/Xcode.app/Contents/Developer/Platforms/MacOSX.platform/Developer/SDKs/MacOSX.sdk/usr/include/sys/_endian.h
       ....... /Applications/Xcode.app/Contents/Developer/Platforms/MacOSX.platform/Developer/SDKs/MacOSX.sdk/usr/include/machine/_endian.h
       ........ /Applications/Xcode.app/Contents/Developer/Platforms/MacOSX.platform/Developer/SDKs/MacOSX.sdk/usr/include/arm/_endian.h
       ......... /Applications/Xcode.app/Contents/Developer/Platforms/MacOSX.platform/Developer/SDKs/MacOSX.sdk/usr/include/sys/__endian.h
       ....... /Applications/Xcode.app/Contents/Developer/Platforms/MacOSX.platform/Developer/SDKs/MacOSX.sdk/usr/include/libkern/_OSByteOrder.h
       ........ /Applications/Xcode.app/Contents/Developer/Platforms/MacOSX.platform/Developer/SDKs/MacOSX.sdk/usr/include/libkern/arm/_OSByteOrder.h
       ... /Applications/Xcode.app/Contents/Developer/Platforms/MacOSX.platform/Developer/SDKs/MacOSX.sdk/usr/include/alloca.h
       .... /Applications/Xcode.app/Contents/Developer/Platforms/MacOSX.platform/Developer/SDKs/MacOSX.sdk/usr/include/sys/_types/_size_t.h
       ... /Applications/Xcode.app/Contents/Developer/Platforms/MacOSX.platform/Developer/SDKs/MacOSX.sdk/usr/include/sys/_types/_size_t.h
       ... /Applications/Xcode.app/Contents/Developer/Platforms/MacOSX.platform/Developer/SDKs/MacOSX.sdk/usr/include/sys/_types/_ct_rune_t.h
       ... /Applications/Xcode.app/Contents/Developer/Platforms/MacOSX.platform/Developer/SDKs/MacOSX.sdk/usr/include/sys/_types/_rune_t.h
       ... /Applications/Xcode.app/Contents/Developer/Platforms/MacOSX.platform/Developer/SDKs/MacOSX.sdk/usr/include/sys/_types/_wchar_t.h
       ... /Applications/Xcode.app/Contents/Developer/Platforms/MacOSX.platform/Developer/SDKs/MacOSX.sdk/usr/include/sys/_types/_null.h
       ... /Applications/Xcode.app/Contents/Developer/Platforms/MacOSX.platform/Developer/SDKs/MacOSX.sdk/usr/include/malloc/_malloc.h
       .... /Applications/Xcode.app/Contents/Developer/Platforms/MacOSX.platform/Developer/SDKs/MacOSX.sdk/usr/include/Availability.h
       .... /Applications/Xcode.app/Contents/Developer/Platforms/MacOSX.platform/Developer/SDKs/MacOSX.sdk/usr/include/sys/_types/_size_t.h
       .... /Applications/Xcode.app/Contents/Developer/Platforms/MacOSX.platform/Developer/SDKs/MacOSX.sdk/usr/include/malloc/_malloc_type.h
       ..... /Applications/Xcode.app/Contents/Developer/Platforms/MacOSX.platform/Developer/SDKs/MacOSX.sdk/usr/include/malloc/_ptrcheck.h
       ..... /Applications/Xcode.app/Contents/Developer/Platforms/MacOSX.platform/Developer/SDKs/MacOSX.sdk/usr/include/Availability.h
       ..... /Applications/Xcode.app/Contents/Developer/Platforms/MacOSX.platform/Developer/SDKs/MacOSX.sdk/usr/include/sys/_types/_size_t.h
       ... /Applications/Xcode.app/Contents/Developer/Platforms/MacOSX.platform/Developer/SDKs/MacOSX.sdk/usr/include/_abort.h
       ... /Applications/Xcode.app/Contents/Developer/Platforms/MacOSX.platform/Developer/SDKs/MacOSX.sdk/usr/include/sys/_types/_dev_t.h
       ... /Applications/Xcode.app/Contents/Developer/Platforms/MacOSX.platform/Developer/SDKs/MacOSX.sdk/usr/include/sys/_types/_mode_t.h
       . /Applications/Xcode.app/Contents/Developer/Platforms/MacOSX.platform/Developer/SDKs/MacOSX.sdk/usr/include/string.h
       .. /Applications/Xcode.app/Contents/Developer/Platforms/MacOSX.platform/Developer/SDKs/MacOSX.sdk/usr/include/_string.h
       ... /Applications/Xcode.app/Contents/Developer/Platforms/MacOSX.platform/Developer/SDKs/MacOSX.sdk/usr/include/Availability.h
       ... /Applications/Xcode.app/Contents/Developer/Platforms/MacOSX.platform/Developer/SDKs/MacOSX.sdk/usr/include/sys/_types/_size_t.h
       ... /Applications/Xcode.app/Contents/Developer/Platforms/MacOSX.platform/Developer/SDKs/MacOSX.sdk/usr/include/sys/_types/_null.h
       ... /Applications/Xcode.app/Contents/Developer/Platforms/MacOSX.platform/Developer/SDKs/MacOSX.sdk/usr/include/sys/_types/_rsize_t.h
       ... /Applications/Xcode.app/Contents/Developer/Platforms/MacOSX.platform/Developer/SDKs/MacOSX.sdk/usr/include/sys/_types/_errno_t.h
       ... /Applications/Xcode.app/Contents/Developer/Platforms/MacOSX.platform/Developer/SDKs/MacOSX.sdk/usr/include/_strings.h
       .... /Applications/Xcode.app/Contents/Developer/Platforms/MacOSX.platform/Developer/SDKs/MacOSX.sdk/usr/include/Availability.h
       .... /Applications/Xcode.app/Contents/Developer/Platforms/MacOSX.platform/Developer/SDKs/MacOSX.sdk/usr/include/sys/_types/_size_t.h
       .... /Applications/Xcode.app/Contents/Developer/Platforms/MacOSX.platform/Developer/SDKs/MacOSX.sdk/usr/include/secure/_strings.h
       ..... /Applications/Xcode.app/Contents/Developer/Platforms/MacOSX.platform/Developer/SDKs/MacOSX.sdk/usr/include/Availability.h
       ... /Applications/Xcode.app/Contents/Developer/Platforms/MacOSX.platform/Developer/SDKs/MacOSX.sdk/usr/include/secure/_string.h
       .... /Applications/Xcode.app/Contents/Developer/Platforms/MacOSX.platform/Developer/SDKs/MacOSX.sdk/usr/include/Availability.h
       . /Applications/Xcode.app/Contents/Developer/Toolchains/XcodeDefault.xctoolchain/usr/lib/clang/21/include/stdbool.h
       . /Applications/Xcode.app/Contents/Developer/Platforms/MacOSX.platform/Developer/SDKs/MacOSX.sdk/usr/include/math.h
       .. /Applications/Xcode.app/Contents/Developer/Platforms/MacOSX.platform/Developer/SDKs/MacOSX.sdk/usr/include/Availability.h
       . /opt/homebrew/Cellar/bullet/3.25/include/bullet/btBulletDynamicsCommon.h
       .. /opt/homebrew/Cellar/bullet/3.25/include/bullet/btBulletCollisionCommon.h
       ... /opt/homebrew/Cellar/bullet/3.25/include/bullet/BulletCollision/CollisionDispatch/btCollisionWorld.h
       In file included from /private/tmp/nanolang-match-guards-20261009/modules/bullet/bullet_ffi.c:16:
       In file included from /opt/homebrew/Cellar/bullet/3.25/include/bullet/btBulletDynamicsCommon.h:20:
       In file included from /opt/homebrew/Cellar/bullet/3.25/include/bullet/btBulletCollisionCommon.h:22:
       /opt/homebrew/Cellar/bullet/3.25/include/bullet/BulletCollision/CollisionDispatch/btCollisionWorld.h:72:1: error: unknown type name 'class'
          72 | class btCollisionShape;
             | ^
       /opt/homebrew/Cellar/bullet/3.25/include/bullet/BulletCollision/CollisionDispatch/btCollisionWorld.h:73:1: error: unknown type name 'class'
          73 | class btConvexShape;
             | ^
       /opt/homebrew/Cellar/bullet/3.25/include/bullet/BulletCollision/CollisionDispatch/btCollisionWorld.h:74:1: error: unknown type name 'class'
          74 | class btBroadphaseInterface;
             | ^
       /opt/homebrew/Cellar/bullet/3.25/include/bullet/BulletCollision/CollisionDispatch/btCollisionWorld.h:75:1: error: unknown type name 'class'
          75 | class btSerializer;
             | ^
       .... /opt/homebrew/Cellar/bullet/3.25/include/bullet/LinearMath/btVector3.h
       ..... /opt/homebrew/Cellar/bullet/3.25/include/bullet/LinearMath/btScalar.h
       ...... /Applications/Xcode.app/Contents/Developer/Platforms/MacOSX.platform/Developer/SDKs/MacOSX.sdk/usr/include/stdlib.h
       ...... /Applications/Xcode.app/Contents/Developer/Toolchains/XcodeDefault.xctoolchain/usr/lib/clang/21/include/float.h
       ....... /Applications/Xcode.app/Contents/Developer/Toolchains/XcodeDefault.xctoolchain/usr/lib/clang/21/include/__float_header_macro.h
       ....... /Applications/Xcode.app/Contents/Developer/Toolchains/XcodeDefault.xctoolchain/usr/lib/clang/21/include/__float_float.h
       ....... /Applications/Xcode.app/Contents/Developer/Toolchains/XcodeDefault.xctoolchain/usr/lib/clang/21/include/__float_infinity_nan.h
       ...... /Applications/Xcode.app/Contents/Developer/Toolchains/XcodeDefault.xctoolchain/usr/lib/clang/21/include/arm_neon.h
       ....... /Applications/Xcode.app/Contents/Developer/Toolchains/XcodeDefault.xctoolchain/usr/lib/clang/21/include/arm_bf16.h
       ....... /Applications/Xcode.app/Contents/Developer/Toolchains/XcodeDefault.xctoolchain/usr/lib/clang/21/include/arm_vector_types.h
       ...... /Applications/Xcode.app/Contents/Developer/Platforms/MacOSX.platform/Developer/SDKs/MacOSX.sdk/usr/include/assert.h
       ....... /Applications/Xcode.app/Contents/Developer/Platforms/MacOSX.platform/Developer/SDKs/MacOSX.sdk/usr/include/_assert.h
       ....... /Applications/Xcode.app/Contents/Developer/Platforms/MacOSX.platform/Developer/SDKs/MacOSX.sdk/usr/include/_static_assert.h
       In file included from /private/tmp/nanolang-match-guards-20261009/modules/bullet/bullet_ffi.c:16:
       In file included from /opt/homebrew/Cellar/bullet/3.25/include/bullet/btBulletDynamicsCommon.h:20:
       In file included from /opt/homebrew/Cellar/bullet/3.25/include/bullet/btBulletCollisionCommon.h:22:
       In file included from /opt/homebrew/Cellar/bullet/3.25/include/bullet/BulletCollision/CollisionDispatch/btCollisionWorld.h:77:
       In file included from /opt/homebrew/Cellar/bullet/3.25/include/bullet/LinearMath/btVector3.h:19:
       /opt/homebrew/Cellar/bullet/3.25/include/bullet/LinearMath/btScalar.h:503:11: error: unexpected type name 'btScalar': expected expression
         503 |                 if (x < btScalar(-1))
             |                         ^
       /opt/homebrew/Cellar/bullet/3.25/include/bullet/LinearMath/btScalar.h:504:8: error: unexpected type name 'btScalar': expected expression
         504 |                         x = btScalar(-1);
             |                             ^
       /opt/homebrew/Cellar/bullet/3.25/include/bullet/LinearMath/btScalar.h:505:11: error: unexpected type name 'btScalar': expected expression
         505 |                 if (x > btScalar(1))
             |                         ^
       /opt/homebrew/Cellar/bullet/3.25/include/bullet/LinearMath/btScalar.h:506:8: error: unexpected type name 'btScalar': expected expression
         506 |                         x = btScalar(1);
             |                             ^
       /opt/homebrew/Cellar/bullet/3.25/include/bullet/LinearMath/btScalar.h:511:11: error: unexpected type name 'btScalar': expected expression
         511 |                 if (x < btScalar(-1))
             |                         ^
       /opt/homebrew/Cellar/bullet/3.25/include/bullet/LinearMath/btScalar.h:512:8: error: unexpected type name 'btScalar': expected expression
         512 |                         x = btScalar(-1);
             |                             ^
       /opt/homebrew/Cellar/bullet/3.25/include/bullet/LinearMath/btScalar.h:513:11: error: unexpected type name 'btScalar': expected expression
         513 |                 if (x > btScalar(1))
             |                         ^
       /opt/homebrew/Cellar/bullet/3.25/include/bullet/LinearMath/btScalar.h:514:8: error: unexpected type name 'btScalar': expected expression
         514 |                         x = btScalar(1);
             |                             ^
       /opt/homebrew/Cellar/bullet/3.25/include/bullet/LinearMath/btScalar.h:555:21: error: unexpected type name 'btScalar': expected expression
         555 |         btScalar coeff_1 = SIMD_PI / 4.0f;
             |                            ^
       /opt/homebrew/Cellar/bullet/3.25/include/bullet/LinearMath/btScalar.h:526:17: note: expanded from macro 'SIMD_PI'
         526 | #define SIMD_PI btScalar(3.1415926535897932384626433832795029)
             |                 ^
       /opt/homebrew/Cellar/bullet/3.25/include/bullet/LinearMath/btScalar.h:585:13: error: unexpected type name 'btScalar': expected expression
         585 |         return x < btScalar(0.0) ? 1 : 0;
             |                    ^
       /opt/homebrew/Cellar/bullet/3.25/include/bullet/LinearMath/btScalar.h:588:63: error: expected ')'
         588 | SIMD_FORCE_INLINE btScalar btRadians(btScalar x) { return x * SIMD_RADS_PER_DEG; }
             |                                                               ^
       /opt/homebrew/Cellar/bullet/3.25/include/bullet/LinearMath/btScalar.h:529:28: note: expanded from macro 'SIMD_RADS_PER_DEG'
         529 | #define SIMD_RADS_PER_DEG (SIMD_2_PI / btScalar(360.0))
             |                            ^
       /opt/homebrew/Cellar/bullet/3.25/include/bullet/LinearMath/btScalar.h:527:29: note: expanded from macro 'SIMD_2_PI'
         527 | #define SIMD_2_PI (btScalar(2.0) * SIMD_PI)
             |                             ^
       /opt/homebrew/Cellar/bullet/3.25/include/bullet/LinearMath/btScalar.h:588:63: note: to match this '('
       /opt/homebrew/Cellar/bullet/3.25/include/bullet/LinearMath/btScalar.h:529:28: note: expanded from macro 'SIMD_RADS_PER_DEG'
         529 | #define SIMD_RADS_PER_DEG (SIMD_2_PI / btScalar(360.0))
             |                            ^
       /opt/homebrew/Cellar/bullet/3.25/include/bullet/LinearMath/btScalar.h:527:28: note: expanded from macro 'SIMD_2_PI'
         527 | #define SIMD_2_PI (btScalar(2.0) * SIMD_PI)
             |                            ^
       /opt/homebrew/Cellar/bullet/3.25/include/bullet/LinearMath/btScalar.h:588:63: error: expected ')'
         588 | SIMD_FORCE_INLINE btScalar btRadians(btScalar x) { return x * SIMD_RADS_PER_DEG; }
             |                                                               ^
       /opt/homebrew/Cellar/bullet/3.25/include/bullet/LinearMath/btScalar.h:529:28: note: expanded from macro 'SIMD_RADS_PER_DEG'
         529 | #define SIMD_RADS_PER_DEG (SIMD_2_PI / btScalar(360.0))
             |                            ^
       /opt/homebrew/Cellar/bullet/3.25/include/bullet/LinearMath/btScalar.h:527:34: note: expanded from macro 'SIMD_2_PI'
         527 | #define SIMD_2_PI (btScalar(2.0) * SIMD_PI)
             |                                  ^
       /opt/homebrew/Cellar/bullet/3.25/include/bullet/LinearMath/btScalar.h:588:63: note: to match this '('
       /opt/homebrew/Cellar/bullet/3.25/include/bullet/LinearMath/btScalar.h:529:28: note: expanded from macro 'SIMD_RADS_PER_DEG'
         529 | #define SIMD_RADS_PER_DEG (SIMD_2_PI / btScalar(360.0))
             |                            ^
       /opt/homebrew/Cellar/bullet/3.25/include/bullet/LinearMath/btScalar.h:527:19: note: expanded from macro 'SIMD_2_PI'
         527 | #define SIMD_2_PI (btScalar(2.0) * SIMD_PI)
             |                   ^
       /opt/homebrew/Cellar/bullet/3.25/include/bullet/LinearMath/btScalar.h:588:63: error: expected expression
         588 | SIMD_FORCE_INLINE btScalar btRadians(btScalar x) { return x * SIMD_RADS_PER_DEG; }
             |                                                               ^
       /opt/homebrew/Cellar/bullet/3.25/include/bullet/LinearMath/btScalar.h:529:38: note: expanded from macro 'SIMD_RADS_PER_DEG'
         529 | #define SIMD_RADS_PER_DEG (SIMD_2_PI / btScalar(360.0))
             |                                      ^
       /opt/homebrew/Cellar/bullet/3.25/include/bullet/LinearMath/btScalar.h:588:63: error: unexpected type name 'btScalar': expected expression
       /opt/homebrew/Cellar/bullet/3.25/include/bullet/LinearMath/btScalar.h:529:40: note: expanded from macro 'SIMD_RADS_PER_DEG'
         529 | #define SIMD_RADS_PER_DEG (SIMD_2_PI / btScalar(360.0))
             |                                        ^
       /opt/homebrew/Cellar/bullet/3.25/include/bullet/LinearMath/btScalar.h:589:63: error: expected ')'
         589 | SIMD_FORCE_INLINE btScalar btDegrees(btScalar x) { return x * SIMD_DEGS_PER_RAD; }
             |                                                               ^
       /opt/homebrew/Cellar/bullet/3.25/include/bullet/LinearMath/btScalar.h:530:37: note: expanded from macro 'SIMD_DEGS_PER_RAD'
         530 | #define SIMD_DEGS_PER_RAD (btScalar(360.0) / SIMD_2_PI)
             |                                     ^
       /opt/homebrew/Cellar/bullet/3.25/include/bullet/LinearMath/btScalar.h:589:63: note: to match this '('
       /opt/homebrew/Cellar/bullet/3.25/include/bullet/LinearMath/btScalar.h:530:36: note: expanded from macro 'SIMD_DEGS_PER_RAD'
         530 | #define SIMD_DEGS_PER_RAD (btScalar(360.0) / SIMD_2_PI)
             |                                    ^
       fatal error: too many errors emitted, stopping now [-ferror-limit=]
       ..... /opt/homebrew/Cellar/bullet/3.25/include/bullet/LinearMath/btMinMax.h
       ..... /opt/homebrew/Cellar/bullet/3.25/include/bullet/LinearMath/btAlignedAllocator.h
       .... /opt/homebrew/Cellar/bullet/3.25/include/bullet/LinearMath/btTransform.h
       ..... /opt/homebrew/Cellar/bullet/3.25/include/bullet/LinearMath/btMatrix3x3.h
       ...... /opt/homebrew/Cellar/bullet/3.25/include/bullet/LinearMath/btQuaternion.h
       ....... /opt/homebrew/Cellar/bullet/3.25/include/bullet/LinearMath/btQuadWord.h
       ...... /Applications/Xcode.app/Contents/Developer/Platforms/MacOSX.platform/Developer/SDKs/MacOSX.sdk/usr/include/stdio.h
       .... /opt/homebrew/Cellar/bullet/3.25/include/bullet/BulletCollision/CollisionDispatch/btCollisionObject.h
       ..... /opt/homebrew/Cellar/bullet/3.25/include/bullet/LinearMath/btMotionState.h
       ..... /opt/homebrew/Cellar/bullet/3.25/include/bullet/LinearMath/btAlignedObjectArray.h
       .... /opt/homebrew/Cellar/bullet/3.25/include/bullet/BulletCollision/CollisionDispatch/btCollisionDispatcher.h
       ..... /opt/homebrew/Cellar/bullet/3.25/include/bullet/BulletCollision/BroadphaseCollision/btDispatcher.h
       ..... /opt/homebrew/Cellar/bullet/3.25/include/bullet/BulletCollision/NarrowPhaseCollision/btPersistentManifold.h
       ...... /opt/homebrew/Cellar/bullet/3.25/include/bullet/BulletCollision/NarrowPhaseCollision/btManifoldPoint.h
       ....... /opt/homebrew/Cellar/bullet/3.25/include/bullet/LinearMath/btTransformUtil.h
       ..... /opt/homebrew/Cellar/bullet/3.25/include/bullet/BulletCollision/CollisionDispatch/btManifoldResult.h
       ...... /opt/homebrew/Cellar/bullet/3.25/include/bullet/BulletCollision/NarrowPhaseCollision/btDiscreteCollisionDetectorInterface.h
       ...... /opt/homebrew/Cellar/bullet/3.25/include/bullet/BulletCollision/CollisionDispatch/btCollisionObjectWrapper.h
       ..... /opt/homebrew/Cellar/bullet/3.25/include/bullet/BulletCollision/BroadphaseCollision/btBroadphaseProxy.h
       ..... /opt/homebrew/Cellar/bullet/3.25/include/bullet/BulletCollision/CollisionDispatch/btCollisionCreateFunc.h
       .... /opt/homebrew/Cellar/bullet/3.25/include/bullet/BulletCollision/BroadphaseCollision/btOverlappingPairCache.h
       ..... /opt/homebrew/Cellar/bullet/3.25/include/bullet/BulletCollision/BroadphaseCollision/btBroadphaseInterface.h
       ..... /opt/homebrew/Cellar/bullet/3.25/include/bullet/BulletCollision/BroadphaseCollision/btOverlappingPairCallback.h
       ... /opt/homebrew/Cellar/bullet/3.25/include/bullet/BulletCollision/CollisionShapes/btBoxShape.h
       .... /opt/homebrew/Cellar/bullet/3.25/include/bullet/BulletCollision/CollisionShapes/btPolyhedralConvexShape.h
       ..... /opt/homebrew/Cellar/bullet/3.25/include/bullet/BulletCollision/CollisionShapes/btConvexInternalShape.h
       ...... /opt/homebrew/Cellar/bullet/3.25/include/bullet/BulletCollision/CollisionShapes/btConvexShape.h
       ....... /opt/homebrew/Cellar/bullet/3.25/include/bullet/BulletCollision/CollisionShapes/btCollisionShape.h
       ....... /opt/homebrew/Cellar/bullet/3.25/include/bullet/BulletCollision/CollisionShapes/btCollisionMargin.h
       ...... /opt/homebrew/Cellar/bullet/3.25/include/bullet/LinearMath/btAabbUtil2.h
       ... /opt/homebrew/Cellar/bullet/3.25/include/bullet/BulletCollision/CollisionShapes/btSphereShape.h
       ... /opt/homebrew/Cellar/bullet/3.25/include/bullet/BulletCollision/CollisionShapes/btCapsuleShape.h
       ... /opt/homebrew/Cellar/bullet/3.25/include/bullet/BulletCollision/CollisionShapes/btCylinderShape.h
       ... /opt/homebrew/Cellar/bullet/3.25/include/bullet/BulletCollision/CollisionShapes/btConeShape.h
       ... /opt/homebrew/Cellar/bullet/3.25/include/bullet/BulletCollision/CollisionShapes/btStaticPlaneShape.h
       .... /opt/homebrew/Cellar/bullet/3.25/include/bullet/BulletCollision/CollisionShapes/btConcaveShape.h
       ..... /opt/homebrew/Cellar/bullet/3.25/include/bullet/BulletCollision/CollisionShapes/btTriangleCallback.h
       ... /opt/homebrew/Cellar/bullet/3.25/include/bullet/BulletCollision/CollisionShapes/btConvexHullShape.h
       ... /opt/homebrew/Cellar/bullet/3.25/include/bullet/BulletCollision/CollisionShapes/btTriangleMesh.h
       .... /opt/homebrew/Cellar/bullet/3.25/include/bullet/BulletCollision/CollisionShapes/btTriangleIndexVertexArray.h
       ..... /opt/homebrew/Cellar/bullet/3.25/include/bullet/BulletCollision/CollisionShapes/btStridingMeshInterface.h
       ... /opt/homebrew/Cellar/bullet/3.25/include/bullet/BulletCollision/CollisionShapes/btConvexTriangleMeshShape.h
       ... /opt/homebrew/Cellar/bullet/3.25/include/bullet/BulletCollision/CollisionShapes/btBvhTriangleMeshShape.h
       .... /opt/homebrew/Cellar/bullet/3.25/include/bullet/BulletCollision/CollisionShapes/btTriangleMeshShape.h
       .... /opt/homebrew/Cellar/bullet/3.25/include/bullet/BulletCollision/CollisionShapes/btOptimizedBvh.h
       ..... /opt/homebrew/Cellar/bullet/3.25/include/bullet/BulletCollision/BroadphaseCollision/btQuantizedBvh.h
       .... /opt/homebrew/Cellar/bullet/3.25/include/bullet/BulletCollision/CollisionShapes/btTriangleInfoMap.h
       ..... /opt/homebrew/Cellar/bullet/3.25/include/bullet/LinearMath/btHashMap.h
       ..... /opt/homebrew/Cellar/bullet/3.25/include/bullet/LinearMath/btSerializer.h
       ...... /Applications/Xcode.app/Contents/Developer/Platforms/MacOSX.platform/Developer/SDKs/MacOSX.sdk/usr/include/memory.h
       ....... /Applications/Xcode.app/Contents/Developer/Platforms/MacOSX.platform/Developer/SDKs/MacOSX.sdk/usr/include/string.h
       ...... /Applications/Xcode.app/Contents/Developer/Platforms/MacOSX.platform/Developer/SDKs/MacOSX.sdk/usr/include/string.h
       ... /opt/homebrew/Cellar/bullet/3.25/include/bullet/BulletCollision/CollisionShapes/btScaledBvhTriangleMeshShape.h
       ... /opt/homebrew/Cellar/bullet/3.25/include/bullet/BulletCollision/CollisionShapes/btCompoundShape.h
       ... /opt/homebrew/Cellar/bullet/3.25/include/bullet/BulletCollision/CollisionShapes/btTetrahedronShape.h
       ... /opt/homebrew/Cellar/bullet/3.25/include/bullet/BulletCollision/CollisionShapes/btEmptyShape.h
       ... /opt/homebrew/Cellar/bullet/3.25/include/bullet/BulletCollision/CollisionShapes/btMultiSphereShape.h
       ... /opt/homebrew/Cellar/bullet/3.25/include/bullet/BulletCollision/CollisionShapes/btUniformScalingShape.h
       ... /opt/homebrew/Cellar/bullet/3.25/include/bullet/BulletCollision/CollisionDispatch/btSphereSphereCollisionAlgorithm.h
       .... /opt/homebrew/Cellar/bullet/3.25/include/bullet/BulletCollision/CollisionDispatch/btActivatingCollisionAlgorithm.h
       ..... /opt/homebrew/Cellar/bullet/3.25/include/bullet/BulletCollision/BroadphaseCollision/btCollisionAlgorithm.h
       ... /opt/homebrew/Cellar/bullet/3.25/include/bullet/BulletCollision/CollisionDispatch/btDefaultCollisionConfiguration.h
       .... /opt/homebrew/Cellar/bullet/3.25/include/bullet/BulletCollision/CollisionDispatch/btCollisionConfiguration.h
       ... /opt/homebrew/Cellar/bullet/3.25/include/bullet/BulletCollision/BroadphaseCollision/btSimpleBroadphase.h
       ... /opt/homebrew/Cellar/bullet/3.25/include/bullet/BulletCollision/BroadphaseCollision/btAxisSweep3.h
       .... /opt/homebrew/Cellar/bullet/3.25/include/bullet/BulletCollision/BroadphaseCollision/btDbvtBroadphase.h
       ..... /opt/homebrew/Cellar/bullet/3.25/include/bullet/BulletCollision/BroadphaseCollision/btDbvt.h
       ...... /Applications/Xcode.app/Contents/Developer/Platforms/MacOSX.platform/Developer/SDKs/MacOSX.sdk/usr/include/memory.h
       ....... /Applications/Xcode.app/Contents/Developer/Platforms/MacOSX.platform/Developer/SDKs/MacOSX.sdk/usr/include/string.h
       ...... /Applications/Xcode.app/Contents/Developer/Platforms/MacOSX.platform/Developer/SDKs/MacOSX.sdk/usr/include/string.h
       .... /opt/homebrew/Cellar/bullet/3.25/include/bullet/BulletCollision/BroadphaseCollision/btAxisSweep3Internal.h
       ... /opt/homebrew/Cellar/bullet/3.25/include/bullet/LinearMath/btDefaultMotionState.h
       ... /opt/homebrew/Cellar/bullet/3.25/include/bullet/LinearMath/btQuickprof.h
       ... /opt/homebrew/Cellar/bullet/3.25/include/bullet/LinearMath/btIDebugDraw.h
       .. /opt/homebrew/Cellar/bullet/3.25/include/bullet/BulletDynamics/Dynamics/btDiscreteDynamicsWorld.h
       ... /opt/homebrew/Cellar/bullet/3.25/include/bullet/BulletDynamics/Dynamics/btDynamicsWorld.h
       .... /opt/homebrew/Cellar/bullet/3.25/include/bullet/BulletDynamics/ConstraintSolver/btContactSolverInfo.h
       ... /opt/homebrew/Cellar/bullet/3.25/include/bullet/LinearMath/btThreads.h
       .. /opt/homebrew/Cellar/bullet/3.25/include/bullet/BulletDynamics/Dynamics/btSimpleDynamicsWorld.h
       .. /opt/homebrew/Cellar/bullet/3.25/include/bullet/BulletDynamics/Dynamics/btRigidBody.h
       .. /opt/homebrew/Cellar/bullet/3.25/include/bullet/BulletDynamics/ConstraintSolver/btPoint2PointConstraint.h
       ... /opt/homebrew/Cellar/bullet/3.25/include/bullet/BulletDynamics/ConstraintSolver/btJacobianEntry.h
       ... /opt/homebrew/Cellar/bullet/3.25/include/bullet/BulletDynamics/ConstraintSolver/btTypedConstraint.h
       .... /opt/homebrew/Cellar/bullet/3.25/include/bullet/BulletDynamics/ConstraintSolver/btSolverConstraint.h
       ..... /opt/homebrew/Cellar/bullet/3.25/include/bullet/BulletDynamics/ConstraintSolver/btSolverBody.h
       .. /opt/homebrew/Cellar/bullet/3.25/include/bullet/BulletDynamics/ConstraintSolver/btHingeConstraint.h
       .. /opt/homebrew/Cellar/bullet/3.25/include/bullet/BulletDynamics/ConstraintSolver/btConeTwistConstraint.h
       .. /opt/homebrew/Cellar/bullet/3.25/include/bullet/BulletDynamics/ConstraintSolver/btGeneric6DofConstraint.h
       .. /opt/homebrew/Cellar/bullet/3.25/include/bullet/BulletDynamics/ConstraintSolver/btSliderConstraint.h
       .. /opt/homebrew/Cellar/bullet/3.25/include/bullet/BulletDynamics/ConstraintSolver/btGeneric6DofSpringConstraint.h
       .. /opt/homebrew/Cellar/bullet/3.25/include/bullet/BulletDynamics/ConstraintSolver/btUniversalConstraint.h
       .. /opt/homebrew/Cellar/bullet/3.25/include/bullet/BulletDynamics/ConstraintSolver/btHinge2Constraint.h
       ... /opt/homebrew/Cellar/bullet/3.25/include/bullet/BulletDynamics/ConstraintSolver/btGeneric6DofSpring2Constraint.h
       .. /opt/homebrew/Cellar/bullet/3.25/include/bullet/BulletDynamics/ConstraintSolver/btGearConstraint.h
       .. /opt/homebrew/Cellar/bullet/3.25/include/bullet/BulletDynamics/ConstraintSolver/btFixedConstraint.h
       .. /opt/homebrew/Cellar/bullet/3.25/include/bullet/BulletDynamics/ConstraintSolver/btSequentialImpulseConstraintSolver.h
       ... /opt/homebrew/Cellar/bullet/3.25/include/bullet/BulletDynamics/ConstraintSolver/btConstraintSolver.h
       .. /opt/homebrew/Cellar/bullet/3.25/include/bullet/BulletDynamics/Vehicle/btRaycastVehicle.h
       ... /opt/homebrew/Cellar/bullet/3.25/include/bullet/BulletDynamics/Vehicle/btVehicleRaycaster.h
       ... /opt/homebrew/Cellar/bullet/3.25/include/bullet/BulletDynamics/Vehicle/btWheelInfo.h
       ... /opt/homebrew/Cellar/bullet/3.25/include/bullet/BulletDynamics/Dynamics/btActionInterface.h
       . /opt/homebrew/Cellar/bullet/3.25/include/bullet/BulletSoftBody/btSoftRigidDynamicsWorld.h
       .. /opt/homebrew/Cellar/bullet/3.25/include/bullet/BulletSoftBody/btSoftBody.h
       ... /opt/homebrew/Cellar/bullet/3.25/include/bullet/BulletSoftBody/btSparseSDF.h
       .... /opt/homebrew/Cellar/bullet/3.25/include/bullet/BulletCollision/NarrowPhaseCollision/btGjkEpa2.h
       ... /opt/homebrew/Cellar/bullet/3.25/include/bullet/BulletDynamics/Featherstone/btMultiBodyLinkCollider.h
       .... /opt/homebrew/Cellar/bullet/3.25/include/bullet/BulletDynamics/Featherstone/btMultiBody.h
       ..... /opt/homebrew/Cellar/bullet/3.25/include/bullet/BulletDynamics/Featherstone/btMultiBodyLink.h
       ...... /opt/homebrew/Cellar/bullet/3.25/include/bullet/LinearMath/btSpatialAlgebra.h
       ... /opt/homebrew/Cellar/bullet/3.25/include/bullet/BulletDynamics/Featherstone/btMultiBodyConstraint.h
       .... /opt/homebrew/Cellar/bullet/3.25/include/bullet/BulletDynamics/Featherstone/btMultiBodySolverConstraint.h
       . /opt/homebrew/Cellar/bullet/3.25/include/bullet/BulletSoftBody/btSoftBodyRigidBodyCollisionConfiguration.h
       . /opt/homebrew/Cellar/bullet/3.25/include/bullet/BulletSoftBody/btSoftBodyHelpers.h
       20 errors generated.
       I could not retain compiler and assembler inputs for bullet; I will not compile live sources after capture failure
       I could not build foreign support for /private/tmp/nanolang-match-guards-20261009/modules/bullet/bullet.nano
  Compiler diagnostics for physics/bullet_soft_body_modern.nano:
       . /Applications/Xcode.app/Contents/Developer/Platforms/MacOSX.platform/Developer/SDKs/MacOSX.sdk/SDKSettings.json
       . /Applications/Xcode.app/Contents/Developer/Platforms/MacOSX.platform/Developer/SDKs/MacOSX.sdk/usr/include/stdio.h
       .. /Applications/Xcode.app/Contents/Developer/Platforms/MacOSX.platform/Developer/SDKs/MacOSX.sdk/usr/include/_stdio.h
       ... /Applications/Xcode.app/Contents/Developer/Platforms/MacOSX.platform/Developer/SDKs/MacOSX.sdk/usr/include/_bounds.h
       .... /Applications/Xcode.app/Contents/Developer/Platforms/MacOSX.platform/Developer/SDKs/MacOSX.sdk/usr/include/sys/cdefs.h
       ..... /Applications/Xcode.app/Contents/Developer/Platforms/MacOSX.platform/Developer/SDKs/MacOSX.sdk/usr/include/sys/_symbol_aliasing.h
       ..... /Applications/Xcode.app/Contents/Developer/Platforms/MacOSX.platform/Developer/SDKs/MacOSX.sdk/usr/include/sys/_posix_availability.h
       ..... /Applications/Xcode.app/Contents/Developer/Toolchains/XcodeDefault.xctoolchain/usr/lib/clang/21/include/ptrcheck.h
       ... /Applications/Xcode.app/Contents/Developer/Platforms/MacOSX.platform/Developer/SDKs/MacOSX.sdk/usr/include/Availability.h
       .... /Applications/Xcode.app/Contents/Developer/Platforms/MacOSX.platform/Developer/SDKs/MacOSX.sdk/usr/include/AvailabilityVersions.h
       .... /Applications/Xcode.app/Contents/Developer/Platforms/MacOSX.platform/Developer/SDKs/MacOSX.sdk/usr/include/AvailabilityInternal.h
       ..... /Applications/Xcode.app/Contents/Developer/Platforms/MacOSX.platform/Developer/SDKs/MacOSX.sdk/usr/include/AvailabilityVersions.h
       .... /Applications/Xcode.app/Contents/Developer/Platforms/MacOSX.platform/Developer/SDKs/MacOSX.sdk/usr/include/AvailabilityInternalLegacy.h
       ..... /Applications/Xcode.app/Contents/Developer/Platforms/MacOSX.platform/Developer/SDKs/MacOSX.sdk/usr/include/AvailabilityInternal.h
       ... /Applications/Xcode.app/Contents/Developer/Platforms/MacOSX.platform/Developer/SDKs/MacOSX.sdk/usr/include/_types.h
       .... /Applications/Xcode.app/Contents/Developer/Platforms/MacOSX.platform/Developer/SDKs/MacOSX.sdk/usr/include/sys/_types.h
       ..... /Applications/Xcode.app/Contents/Developer/Platforms/MacOSX.platform/Developer/SDKs/MacOSX.sdk/usr/include/machine/_types.h
       ...... /Applications/Xcode.app/Contents/Developer/Platforms/MacOSX.platform/Developer/SDKs/MacOSX.sdk/usr/include/arm/_types.h
       ..... /Applications/Xcode.app/Contents/Developer/Platforms/MacOSX.platform/Developer/SDKs/MacOSX.sdk/usr/include/sys/_pthread/_pthread_types.h
       ... /Applications/Xcode.app/Contents/Developer/Platforms/MacOSX.platform/Developer/SDKs/MacOSX.sdk/usr/include/sys/_types/_va_list.h
       .... /Applications/Xcode.app/Contents/Developer/Platforms/MacOSX.platform/Developer/SDKs/MacOSX.sdk/usr/include/machine/types.h
       ..... /Applications/Xcode.app/Contents/Developer/Platforms/MacOSX.platform/Developer/SDKs/MacOSX.sdk/usr/include/arm/types.h
       ...... /Applications/Xcode.app/Contents/Developer/Platforms/MacOSX.platform/Developer/SDKs/MacOSX.sdk/usr/include/sys/_types/_int8_t.h
       ...... /Applications/Xcode.app/Contents/Developer/Platforms/MacOSX.platform/Developer/SDKs/MacOSX.sdk/usr/include/sys/_types/_int16_t.h
       ...... /Applications/Xcode.app/Contents/Developer/Platforms/MacOSX.platform/Developer/SDKs/MacOSX.sdk/usr/include/sys/_types/_int32_t.h
       ...... /Applications/Xcode.app/Contents/Developer/Platforms/MacOSX.platform/Developer/SDKs/MacOSX.sdk/usr/include/sys/_types/_int64_t.h
       ...... /Applications/Xcode.app/Contents/Developer/Platforms/MacOSX.platform/Developer/SDKs/MacOSX.sdk/usr/include/sys/_types/_u_int8_t.h
       ...... /Applications/Xcode.app/Contents/Developer/Platforms/MacOSX.platform/Developer/SDKs/MacOSX.sdk/usr/include/sys/_types/_u_int16_t.h
       ...... /Applications/Xcode.app/Contents/Developer/Platforms/MacOSX.platform/Developer/SDKs/MacOSX.sdk/usr/include/sys/_types/_u_int32_t.h
       ...... /Applications/Xcode.app/Contents/Developer/Platforms/MacOSX.platform/Developer/SDKs/MacOSX.sdk/usr/include/sys/_types/_u_int64_t.h
       ...... /Applications/Xcode.app/Contents/Developer/Platforms/MacOSX.platform/Developer/SDKs/MacOSX.sdk/usr/include/sys/_types/_intptr_t.h
       ...... /Applications/Xcode.app/Contents/Developer/Platforms/MacOSX.platform/Developer/SDKs/MacOSX.sdk/usr/include/sys/_types/_uintptr_t.h
       ... /Applications/Xcode.app/Contents/Developer/Platforms/MacOSX.platform/Developer/SDKs/MacOSX.sdk/usr/include/sys/_types/_size_t.h
       ... /Applications/Xcode.app/Contents/Developer/Platforms/MacOSX.platform/Developer/SDKs/MacOSX.sdk/usr/include/sys/_types/_null.h
       ... /Applications/Xcode.app/Contents/Developer/Platforms/MacOSX.platform/Developer/SDKs/MacOSX.sdk/usr/include/sys/stdio.h
       .... /Applications/Xcode.app/Contents/Developer/Platforms/MacOSX.platform/Developer/SDKs/MacOSX.sdk/usr/include/Availability.h
       ... /Applications/Xcode.app/Contents/Developer/Platforms/MacOSX.platform/Developer/SDKs/MacOSX.sdk/usr/include/_printf.h
       ... /Applications/Xcode.app/Contents/Developer/Platforms/MacOSX.platform/Developer/SDKs/MacOSX.sdk/usr/include/sys/_types/_seek_set.h
       ... /Applications/Xcode.app/Contents/Developer/Platforms/MacOSX.platform/Developer/SDKs/MacOSX.sdk/usr/include/_ctermid.h
       ... /Applications/Xcode.app/Contents/Developer/Platforms/MacOSX.platform/Developer/SDKs/MacOSX.sdk/usr/include/sys/_types/_off_t.h
       ... /Applications/Xcode.app/Contents/Developer/Platforms/MacOSX.platform/Developer/SDKs/MacOSX.sdk/usr/include/sys/_types/_ssize_t.h
       ... /Applications/Xcode.app/Contents/Developer/Platforms/MacOSX.platform/Developer/SDKs/MacOSX.sdk/usr/include/secure/_stdio.h
       .... /Applications/Xcode.app/Contents/Developer/Platforms/MacOSX.platform/Developer/SDKs/MacOSX.sdk/usr/include/secure/_common.h
       . /Applications/Xcode.app/Contents/Developer/Platforms/MacOSX.platform/Developer/SDKs/MacOSX.sdk/usr/include/stdlib.h
       .. /Applications/Xcode.app/Contents/Developer/Platforms/MacOSX.platform/Developer/SDKs/MacOSX.sdk/usr/include/_stdlib.h
       ... /Applications/Xcode.app/Contents/Developer/Platforms/MacOSX.platform/Developer/SDKs/MacOSX.sdk/usr/include/Availability.h
       ... /Applications/Xcode.app/Contents/Developer/Platforms/MacOSX.platform/Developer/SDKs/MacOSX.sdk/usr/include/sys/wait.h
       .... /Applications/Xcode.app/Contents/Developer/Platforms/MacOSX.platform/Developer/SDKs/MacOSX.sdk/usr/include/sys/_types/_pid_t.h
       .... /Applications/Xcode.app/Contents/Developer/Platforms/MacOSX.platform/Developer/SDKs/MacOSX.sdk/usr/include/sys/_types/_id_t.h
       .... /Applications/Xcode.app/Contents/Developer/Platforms/MacOSX.platform/Developer/SDKs/MacOSX.sdk/usr/include/sys/signal.h
       ..... /Applications/Xcode.app/Contents/Developer/Platforms/MacOSX.platform/Developer/SDKs/MacOSX.sdk/usr/include/sys/appleapiopts.h
       ..... /Applications/Xcode.app/Contents/Developer/Platforms/MacOSX.platform/Developer/SDKs/MacOSX.sdk/usr/include/Availability.h
       ..... /Applications/Xcode.app/Contents/Developer/Platforms/MacOSX.platform/Developer/SDKs/MacOSX.sdk/usr/include/machine/signal.h
       ...... /Applications/Xcode.app/Contents/Developer/Platforms/MacOSX.platform/Developer/SDKs/MacOSX.sdk/usr/include/arm/signal.h
       ..... /Applications/Xcode.app/Contents/Developer/Platforms/MacOSX.platform/Developer/SDKs/MacOSX.sdk/usr/include/machine/_mcontext.h
       ...... /Applications/Xcode.app/Contents/Developer/Platforms/MacOSX.platform/Developer/SDKs/MacOSX.sdk/usr/include/arm/_mcontext.h
       ....... /Applications/Xcode.app/Contents/Developer/Platforms/MacOSX.platform/Developer/SDKs/MacOSX.sdk/usr/include/mach/machine/_structs.h
       ........ /Applications/Xcode.app/Contents/Developer/Platforms/MacOSX.platform/Developer/SDKs/MacOSX.sdk/usr/include/mach/arm/_structs.h
       ..... /Applications/Xcode.app/Contents/Developer/Platforms/MacOSX.platform/Developer/SDKs/MacOSX.sdk/usr/include/sys/_pthread/_pthread_attr_t.h
       ..... /Applications/Xcode.app/Contents/Developer/Platforms/MacOSX.platform/Developer/SDKs/MacOSX.sdk/usr/include/sys/_types/_sigaltstack.h
       ..... /Applications/Xcode.app/Contents/Developer/Platforms/MacOSX.platform/Developer/SDKs/MacOSX.sdk/usr/include/sys/_types/_ucontext.h
       ..... /Applications/Xcode.app/Contents/Developer/Platforms/MacOSX.platform/Developer/SDKs/MacOSX.sdk/usr/include/sys/_types/_sigset_t.h
       ..... /Applications/Xcode.app/Contents/Developer/Platforms/MacOSX.platform/Developer/SDKs/MacOSX.sdk/usr/include/sys/_types/_size_t.h
       ..... /Applications/Xcode.app/Contents/Developer/Platforms/MacOSX.platform/Developer/SDKs/MacOSX.sdk/usr/include/sys/_types/_uid_t.h
       .... /Applications/Xcode.app/Contents/Developer/Platforms/MacOSX.platform/Developer/SDKs/MacOSX.sdk/usr/include/sys/resource.h
       ..... /Applications/Xcode.app/Contents/Developer/Toolchains/XcodeDefault.xctoolchain/usr/lib/clang/21/include/stdint.h
       ...... /Applications/Xcode.app/Contents/Developer/Platforms/MacOSX.platform/Developer/SDKs/MacOSX.sdk/usr/include/stdint.h
       ....... /Applications/Xcode.app/Contents/Developer/Platforms/MacOSX.platform/Developer/SDKs/MacOSX.sdk/usr/include/_types/_uint8_t.h
       ....... /Applications/Xcode.app/Contents/Developer/Platforms/MacOSX.platform/Developer/SDKs/MacOSX.sdk/usr/include/_types/_uint16_t.h
       ....... /Applications/Xcode.app/Contents/Developer/Platforms/MacOSX.platform/Developer/SDKs/MacOSX.sdk/usr/include/_types/_uint32_t.h
       ....... /Applications/Xcode.app/Contents/Developer/Platforms/MacOSX.platform/Developer/SDKs/MacOSX.sdk/usr/include/_types/_uint64_t.h
       ....... /Applications/Xcode.app/Contents/Developer/Platforms/MacOSX.platform/Developer/SDKs/MacOSX.sdk/usr/include/_types/_intmax_t.h
       ....... /Applications/Xcode.app/Contents/Developer/Platforms/MacOSX.platform/Developer/SDKs/MacOSX.sdk/usr/include/_types/_uintmax_t.h
       ..... /Applications/Xcode.app/Contents/Developer/Platforms/MacOSX.platform/Developer/SDKs/MacOSX.sdk/usr/include/Availability.h
       ..... /Applications/Xcode.app/Contents/Developer/Platforms/MacOSX.platform/Developer/SDKs/MacOSX.sdk/usr/include/sys/_types/_timeval.h
       .... /Applications/Xcode.app/Contents/Developer/Platforms/MacOSX.platform/Developer/SDKs/MacOSX.sdk/usr/include/machine/endian.h
       ..... /Applications/Xcode.app/Contents/Developer/Platforms/MacOSX.platform/Developer/SDKs/MacOSX.sdk/usr/include/arm/endian.h
       ...... /Applications/Xcode.app/Contents/Developer/Platforms/MacOSX.platform/Developer/SDKs/MacOSX.sdk/usr/include/sys/_endian.h
       ....... /Applications/Xcode.app/Contents/Developer/Platforms/MacOSX.platform/Developer/SDKs/MacOSX.sdk/usr/include/machine/_endian.h
       ........ /Applications/Xcode.app/Contents/Developer/Platforms/MacOSX.platform/Developer/SDKs/MacOSX.sdk/usr/include/arm/_endian.h
       ......... /Applications/Xcode.app/Contents/Developer/Platforms/MacOSX.platform/Developer/SDKs/MacOSX.sdk/usr/include/sys/__endian.h
       ....... /Applications/Xcode.app/Contents/Developer/Platforms/MacOSX.platform/Developer/SDKs/MacOSX.sdk/usr/include/libkern/_OSByteOrder.h
       ........ /Applications/Xcode.app/Contents/Developer/Platforms/MacOSX.platform/Developer/SDKs/MacOSX.sdk/usr/include/libkern/arm/_OSByteOrder.h
       ... /Applications/Xcode.app/Contents/Developer/Platforms/MacOSX.platform/Developer/SDKs/MacOSX.sdk/usr/include/alloca.h
       .... /Applications/Xcode.app/Contents/Developer/Platforms/MacOSX.platform/Developer/SDKs/MacOSX.sdk/usr/include/sys/_types/_size_t.h
       ... /Applications/Xcode.app/Contents/Developer/Platforms/MacOSX.platform/Developer/SDKs/MacOSX.sdk/usr/include/sys/_types/_size_t.h
       ... /Applications/Xcode.app/Contents/Developer/Platforms/MacOSX.platform/Developer/SDKs/MacOSX.sdk/usr/include/sys/_types/_ct_rune_t.h
       ... /Applications/Xcode.app/Contents/Developer/Platforms/MacOSX.platform/Developer/SDKs/MacOSX.sdk/usr/include/sys/_types/_rune_t.h
       ... /Applications/Xcode.app/Contents/Developer/Platforms/MacOSX.platform/Developer/SDKs/MacOSX.sdk/usr/include/sys/_types/_wchar_t.h
       ... /Applications/Xcode.app/Contents/Developer/Platforms/MacOSX.platform/Developer/SDKs/MacOSX.sdk/usr/include/sys/_types/_null.h
       ... /Applications/Xcode.app/Contents/Developer/Platforms/MacOSX.platform/Developer/SDKs/MacOSX.sdk/usr/include/malloc/_malloc.h
       .... /Applications/Xcode.app/Contents/Developer/Platforms/MacOSX.platform/Developer/SDKs/MacOSX.sdk/usr/include/Availability.h
       .... /Applications/Xcode.app/Contents/Developer/Platforms/MacOSX.platform/Developer/SDKs/MacOSX.sdk/usr/include/sys/_types/_size_t.h
       .... /Applications/Xcode.app/Contents/Developer/Platforms/MacOSX.platform/Developer/SDKs/MacOSX.sdk/usr/include/malloc/_malloc_type.h
       ..... /Applications/Xcode.app/Contents/Developer/Platforms/MacOSX.platform/Developer/SDKs/MacOSX.sdk/usr/include/malloc/_ptrcheck.h
       ..... /Applications/Xcode.app/Contents/Developer/Platforms/MacOSX.platform/Developer/SDKs/MacOSX.sdk/usr/include/Availability.h
       ..... /Applications/Xcode.app/Contents/Developer/Platforms/MacOSX.platform/Developer/SDKs/MacOSX.sdk/usr/include/sys/_types/_size_t.h
       ... /Applications/Xcode.app/Contents/Developer/Platforms/MacOSX.platform/Developer/SDKs/MacOSX.sdk/usr/include/_abort.h
       ... /Applications/Xcode.app/Contents/Developer/Platforms/MacOSX.platform/Developer/SDKs/MacOSX.sdk/usr/include/sys/_types/_dev_t.h
       ... /Applications/Xcode.app/Contents/Developer/Platforms/MacOSX.platform/Developer/SDKs/MacOSX.sdk/usr/include/sys/_types/_mode_t.h
       . /Applications/Xcode.app/Contents/Developer/Platforms/MacOSX.platform/Developer/SDKs/MacOSX.sdk/usr/include/string.h
       .. /Applications/Xcode.app/Contents/Developer/Platforms/MacOSX.platform/Developer/SDKs/MacOSX.sdk/usr/include/_string.h
       ... /Applications/Xcode.app/Contents/Developer/Platforms/MacOSX.platform/Developer/SDKs/MacOSX.sdk/usr/include/Availability.h
       ... /Applications/Xcode.app/Contents/Developer/Platforms/MacOSX.platform/Developer/SDKs/MacOSX.sdk/usr/include/sys/_types/_size_t.h
       ... /Applications/Xcode.app/Contents/Developer/Platforms/MacOSX.platform/Developer/SDKs/MacOSX.sdk/usr/include/sys/_types/_null.h
       ... /Applications/Xcode.app/Contents/Developer/Platforms/MacOSX.platform/Developer/SDKs/MacOSX.sdk/usr/include/sys/_types/_rsize_t.h
       ... /Applications/Xcode.app/Contents/Developer/Platforms/MacOSX.platform/Developer/SDKs/MacOSX.sdk/usr/include/sys/_types/_errno_t.h
       ... /Applications/Xcode.app/Contents/Developer/Platforms/MacOSX.platform/Developer/SDKs/MacOSX.sdk/usr/include/_strings.h
       .... /Applications/Xcode.app/Contents/Developer/Platforms/MacOSX.platform/Developer/SDKs/MacOSX.sdk/usr/include/Availability.h
       .... /Applications/Xcode.app/Contents/Developer/Platforms/MacOSX.platform/Developer/SDKs/MacOSX.sdk/usr/include/sys/_types/_size_t.h
       .... /Applications/Xcode.app/Contents/Developer/Platforms/MacOSX.platform/Developer/SDKs/MacOSX.sdk/usr/include/secure/_strings.h
       ..... /Applications/Xcode.app/Contents/Developer/Platforms/MacOSX.platform/Developer/SDKs/MacOSX.sdk/usr/include/Availability.h
       ... /Applications/Xcode.app/Contents/Developer/Platforms/MacOSX.platform/Developer/SDKs/MacOSX.sdk/usr/include/secure/_string.h
       .... /Applications/Xcode.app/Contents/Developer/Platforms/MacOSX.platform/Developer/SDKs/MacOSX.sdk/usr/include/Availability.h
       . /Applications/Xcode.app/Contents/Developer/Toolchains/XcodeDefault.xctoolchain/usr/lib/clang/21/include/stdbool.h
       . /Applications/Xcode.app/Contents/Developer/Platforms/MacOSX.platform/Developer/SDKs/MacOSX.sdk/usr/include/math.h
       .. /Applications/Xcode.app/Contents/Developer/Platforms/MacOSX.platform/Developer/SDKs/MacOSX.sdk/usr/include/Availability.h
       . /opt/homebrew/Cellar/bullet/3.25/include/bullet/btBulletDynamicsCommon.h
       .. /opt/homebrew/Cellar/bullet/3.25/include/bullet/btBulletCollisionCommon.h
       ... /opt/homebrew/Cellar/bullet/3.25/include/bullet/BulletCollision/CollisionDispatch/btCollisionWorld.h
       In file included from /private/tmp/nanolang-match-guards-20261009/modules/bullet/bullet_ffi.c:16:
       In file included from /opt/homebrew/Cellar/bullet/3.25/include/bullet/btBulletDynamicsCommon.h:20:
       In file included from /opt/homebrew/Cellar/bullet/3.25/include/bullet/btBulletCollisionCommon.h:22:
       /opt/homebrew/Cellar/bullet/3.25/include/bullet/BulletCollision/CollisionDispatch/btCollisionWorld.h:72:1: error: unknown type name 'class'
          72 | class btCollisionShape;
             | ^
       /opt/homebrew/Cellar/bullet/3.25/include/bullet/BulletCollision/CollisionDispatch/btCollisionWorld.h:73:1: error: unknown type name 'class'
          73 | class btConvexShape;
             | ^
       /opt/homebrew/Cellar/bullet/3.25/include/bullet/BulletCollision/CollisionDispatch/btCollisionWorld.h:74:1: error: unknown type name 'class'
          74 | class btBroadphaseInterface;
             | ^
       /opt/homebrew/Cellar/bullet/3.25/include/bullet/BulletCollision/CollisionDispatch/btCollisionWorld.h:75:1: error: unknown type name 'class'
          75 | class btSerializer;
             | ^
       .... /opt/homebrew/Cellar/bullet/3.25/include/bullet/LinearMath/btVector3.h
       ..... /opt/homebrew/Cellar/bullet/3.25/include/bullet/LinearMath/btScalar.h
       ...... /Applications/Xcode.app/Contents/Developer/Platforms/MacOSX.platform/Developer/SDKs/MacOSX.sdk/usr/include/stdlib.h
       ...... /Applications/Xcode.app/Contents/Developer/Toolchains/XcodeDefault.xctoolchain/usr/lib/clang/21/include/float.h
       ....... /Applications/Xcode.app/Contents/Developer/Toolchains/XcodeDefault.xctoolchain/usr/lib/clang/21/include/__float_header_macro.h
       ....... /Applications/Xcode.app/Contents/Developer/Toolchains/XcodeDefault.xctoolchain/usr/lib/clang/21/include/__float_float.h
       ....... /Applications/Xcode.app/Contents/Developer/Toolchains/XcodeDefault.xctoolchain/usr/lib/clang/21/include/__float_infinity_nan.h
       ...... /Applications/Xcode.app/Contents/Developer/Toolchains/XcodeDefault.xctoolchain/usr/lib/clang/21/include/arm_neon.h
       ....... /Applications/Xcode.app/Contents/Developer/Toolchains/XcodeDefault.xctoolchain/usr/lib/clang/21/include/arm_bf16.h
       ....... /Applications/Xcode.app/Contents/Developer/Toolchains/XcodeDefault.xctoolchain/usr/lib/clang/21/include/arm_vector_types.h
       ...... /Applications/Xcode.app/Contents/Developer/Platforms/MacOSX.platform/Developer/SDKs/MacOSX.sdk/usr/include/assert.h
       ....... /Applications/Xcode.app/Contents/Developer/Platforms/MacOSX.platform/Developer/SDKs/MacOSX.sdk/usr/include/_assert.h
       ....... /Applications/Xcode.app/Contents/Developer/Platforms/MacOSX.platform/Developer/SDKs/MacOSX.sdk/usr/include/_static_assert.h
       In file included from /private/tmp/nanolang-match-guards-20261009/modules/bullet/bullet_ffi.c:16:
       In file included from /opt/homebrew/Cellar/bullet/3.25/include/bullet/btBulletDynamicsCommon.h:20:
       In file included from /opt/homebrew/Cellar/bullet/3.25/include/bullet/btBulletCollisionCommon.h:22:
       In file included from /opt/homebrew/Cellar/bullet/3.25/include/bullet/BulletCollision/CollisionDispatch/btCollisionWorld.h:77:
       In file included from /opt/homebrew/Cellar/bullet/3.25/include/bullet/LinearMath/btVector3.h:19:
       /opt/homebrew/Cellar/bullet/3.25/include/bullet/LinearMath/btScalar.h:503:11: error: unexpected type name 'btScalar': expected expression
         503 |                 if (x < btScalar(-1))
             |                         ^
       /opt/homebrew/Cellar/bullet/3.25/include/bullet/LinearMath/btScalar.h:504:8: error: unexpected type name 'btScalar': expected expression
         504 |                         x = btScalar(-1);
             |                             ^
       /opt/homebrew/Cellar/bullet/3.25/include/bullet/LinearMath/btScalar.h:505:11: error: unexpected type name 'btScalar': expected expression
         505 |                 if (x > btScalar(1))
             |                         ^
       /opt/homebrew/Cellar/bullet/3.25/include/bullet/LinearMath/btScalar.h:506:8: error: unexpected type name 'btScalar': expected expression
         506 |                         x = btScalar(1);
             |                             ^
       /opt/homebrew/Cellar/bullet/3.25/include/bullet/LinearMath/btScalar.h:511:11: error: unexpected type name 'btScalar': expected expression
         511 |                 if (x < btScalar(-1))
             |                         ^
       /opt/homebrew/Cellar/bullet/3.25/include/bullet/LinearMath/btScalar.h:512:8: error: unexpected type name 'btScalar': expected expression
         512 |                         x = btScalar(-1);
             |                             ^
       /opt/homebrew/Cellar/bullet/3.25/include/bullet/LinearMath/btScalar.h:513:11: error: unexpected type name 'btScalar': expected expression
         513 |                 if (x > btScalar(1))
             |                         ^
       /opt/homebrew/Cellar/bullet/3.25/include/bullet/LinearMath/btScalar.h:514:8: error: unexpected type name 'btScalar': expected expression
         514 |                         x = btScalar(1);
             |                             ^
       /opt/homebrew/Cellar/bullet/3.25/include/bullet/LinearMath/btScalar.h:555:21: error: unexpected type name 'btScalar': expected expression
         555 |         btScalar coeff_1 = SIMD_PI / 4.0f;
             |                            ^
       /opt/homebrew/Cellar/bullet/3.25/include/bullet/LinearMath/btScalar.h:526:17: note: expanded from macro 'SIMD_PI'
         526 | #define SIMD_PI btScalar(3.1415926535897932384626433832795029)
             |                 ^
       /opt/homebrew/Cellar/bullet/3.25/include/bullet/LinearMath/btScalar.h:585:13: error: unexpected type name 'btScalar': expected expression
         585 |         return x < btScalar(0.0) ? 1 : 0;
             |                    ^
       /opt/homebrew/Cellar/bullet/3.25/include/bullet/LinearMath/btScalar.h:588:63: error: expected ')'
         588 | SIMD_FORCE_INLINE btScalar btRadians(btScalar x) { return x * SIMD_RADS_PER_DEG; }
             |                                                               ^
       /opt/homebrew/Cellar/bullet/3.25/include/bullet/LinearMath/btScalar.h:529:28: note: expanded from macro 'SIMD_RADS_PER_DEG'
         529 | #define SIMD_RADS_PER_DEG (SIMD_2_PI / btScalar(360.0))
             |                            ^
       /opt/homebrew/Cellar/bullet/3.25/include/bullet/LinearMath/btScalar.h:527:29: note: expanded from macro 'SIMD_2_PI'
         527 | #define SIMD_2_PI (btScalar(2.0) * SIMD_PI)
             |                             ^
       /opt/homebrew/Cellar/bullet/3.25/include/bullet/LinearMath/btScalar.h:588:63: note: to match this '('
       /opt/homebrew/Cellar/bullet/3.25/include/bullet/LinearMath/btScalar.h:529:28: note: expanded from macro 'SIMD_RADS_PER_DEG'
         529 | #define SIMD_RADS_PER_DEG (SIMD_2_PI / btScalar(360.0))
             |                            ^
       /opt/homebrew/Cellar/bullet/3.25/include/bullet/LinearMath/btScalar.h:527:28: note: expanded from macro 'SIMD_2_PI'
         527 | #define SIMD_2_PI (btScalar(2.0) * SIMD_PI)
             |                            ^
       /opt/homebrew/Cellar/bullet/3.25/include/bullet/LinearMath/btScalar.h:588:63: error: expected ')'
         588 | SIMD_FORCE_INLINE btScalar btRadians(btScalar x) { return x * SIMD_RADS_PER_DEG; }
             |                                                               ^
       /opt/homebrew/Cellar/bullet/3.25/include/bullet/LinearMath/btScalar.h:529:28: note: expanded from macro 'SIMD_RADS_PER_DEG'
         529 | #define SIMD_RADS_PER_DEG (SIMD_2_PI / btScalar(360.0))
             |                            ^
       /opt/homebrew/Cellar/bullet/3.25/include/bullet/LinearMath/btScalar.h:527:34: note: expanded from macro 'SIMD_2_PI'
         527 | #define SIMD_2_PI (btScalar(2.0) * SIMD_PI)
             |                                  ^
       /opt/homebrew/Cellar/bullet/3.25/include/bullet/LinearMath/btScalar.h:588:63: note: to match this '('
       /opt/homebrew/Cellar/bullet/3.25/include/bullet/LinearMath/btScalar.h:529:28: note: expanded from macro 'SIMD_RADS_PER_DEG'
         529 | #define SIMD_RADS_PER_DEG (SIMD_2_PI / btScalar(360.0))
             |                            ^
       /opt/homebrew/Cellar/bullet/3.25/include/bullet/LinearMath/btScalar.h:527:19: note: expanded from macro 'SIMD_2_PI'
         527 | #define SIMD_2_PI (btScalar(2.0) * SIMD_PI)
             |                   ^
       /opt/homebrew/Cellar/bullet/3.25/include/bullet/LinearMath/btScalar.h:588:63: error: expected expression
         588 | SIMD_FORCE_INLINE btScalar btRadians(btScalar x) { return x * SIMD_RADS_PER_DEG; }
             |                                                               ^
       /opt/homebrew/Cellar/bullet/3.25/include/bullet/LinearMath/btScalar.h:529:38: note: expanded from macro 'SIMD_RADS_PER_DEG'
         529 | #define SIMD_RADS_PER_DEG (SIMD_2_PI / btScalar(360.0))
             |                                      ^
       /opt/homebrew/Cellar/bullet/3.25/include/bullet/LinearMath/btScalar.h:588:63: error: unexpected type name 'btScalar': expected expression
       /opt/homebrew/Cellar/bullet/3.25/include/bullet/LinearMath/btScalar.h:529:40: note: expanded from macro 'SIMD_RADS_PER_DEG'
         529 | #define SIMD_RADS_PER_DEG (SIMD_2_PI / btScalar(360.0))
             |                                        ^
       /opt/homebrew/Cellar/bullet/3.25/include/bullet/LinearMath/btScalar.h:589:63: error: expected ')'
         589 | SIMD_FORCE_INLINE btScalar btDegrees(btScalar x) { return x * SIMD_DEGS_PER_RAD; }
             |                                                               ^
       /opt/homebrew/Cellar/bullet/3.25/include/bullet/LinearMath/btScalar.h:530:37: note: expanded from macro 'SIMD_DEGS_PER_RAD'
         530 | #define SIMD_DEGS_PER_RAD (btScalar(360.0) / SIMD_2_PI)
             |                                     ^
       /opt/homebrew/Cellar/bullet/3.25/include/bullet/LinearMath/btScalar.h:589:63: note: to match this '('
       /opt/homebrew/Cellar/bullet/3.25/include/bullet/LinearMath/btScalar.h:530:36: note: expanded from macro 'SIMD_DEGS_PER_RAD'
         530 | #define SIMD_DEGS_PER_RAD (btScalar(360.0) / SIMD_2_PI)
             |                                    ^
       fatal error: too many errors emitted, stopping now [-ferror-limit=]
       ..... /opt/homebrew/Cellar/bullet/3.25/include/bullet/LinearMath/btMinMax.h
       ..... /opt/homebrew/Cellar/bullet/3.25/include/bullet/LinearMath/btAlignedAllocator.h
       .... /opt/homebrew/Cellar/bullet/3.25/include/bullet/LinearMath/btTransform.h
       ..... /opt/homebrew/Cellar/bullet/3.25/include/bullet/LinearMath/btMatrix3x3.h
       ...... /opt/homebrew/Cellar/bullet/3.25/include/bullet/LinearMath/btQuaternion.h
       ....... /opt/homebrew/Cellar/bullet/3.25/include/bullet/LinearMath/btQuadWord.h
       ...... /Applications/Xcode.app/Contents/Developer/Platforms/MacOSX.platform/Developer/SDKs/MacOSX.sdk/usr/include/stdio.h
       .... /opt/homebrew/Cellar/bullet/3.25/include/bullet/BulletCollision/CollisionDispatch/btCollisionObject.h
       ..... /opt/homebrew/Cellar/bullet/3.25/include/bullet/LinearMath/btMotionState.h
       ..... /opt/homebrew/Cellar/bullet/3.25/include/bullet/LinearMath/btAlignedObjectArray.h
       .... /opt/homebrew/Cellar/bullet/3.25/include/bullet/BulletCollision/CollisionDispatch/btCollisionDispatcher.h
       ..... /opt/homebrew/Cellar/bullet/3.25/include/bullet/BulletCollision/BroadphaseCollision/btDispatcher.h
       ..... /opt/homebrew/Cellar/bullet/3.25/include/bullet/BulletCollision/NarrowPhaseCollision/btPersistentManifold.h
       ...... /opt/homebrew/Cellar/bullet/3.25/include/bullet/BulletCollision/NarrowPhaseCollision/btManifoldPoint.h
       ....... /opt/homebrew/Cellar/bullet/3.25/include/bullet/LinearMath/btTransformUtil.h
       ..... /opt/homebrew/Cellar/bullet/3.25/include/bullet/BulletCollision/CollisionDispatch/btManifoldResult.h
       ...... /opt/homebrew/Cellar/bullet/3.25/include/bullet/BulletCollision/NarrowPhaseCollision/btDiscreteCollisionDetectorInterface.h
       ...... /opt/homebrew/Cellar/bullet/3.25/include/bullet/BulletCollision/CollisionDispatch/btCollisionObjectWrapper.h
       ..... /opt/homebrew/Cellar/bullet/3.25/include/bullet/BulletCollision/BroadphaseCollision/btBroadphaseProxy.h
       ..... /opt/homebrew/Cellar/bullet/3.25/include/bullet/BulletCollision/CollisionDispatch/btCollisionCreateFunc.h
       .... /opt/homebrew/Cellar/bullet/3.25/include/bullet/BulletCollision/BroadphaseCollision/btOverlappingPairCache.h
       ..... /opt/homebrew/Cellar/bullet/3.25/include/bullet/BulletCollision/BroadphaseCollision/btBroadphaseInterface.h
       ..... /opt/homebrew/Cellar/bullet/3.25/include/bullet/BulletCollision/BroadphaseCollision/btOverlappingPairCallback.h
       ... /opt/homebrew/Cellar/bullet/3.25/include/bullet/BulletCollision/CollisionShapes/btBoxShape.h
       .... /opt/homebrew/Cellar/bullet/3.25/include/bullet/BulletCollision/CollisionShapes/btPolyhedralConvexShape.h
       ..... /opt/homebrew/Cellar/bullet/3.25/include/bullet/BulletCollision/CollisionShapes/btConvexInternalShape.h
       ...... /opt/homebrew/Cellar/bullet/3.25/include/bullet/BulletCollision/CollisionShapes/btConvexShape.h
       ....... /opt/homebrew/Cellar/bullet/3.25/include/bullet/BulletCollision/CollisionShapes/btCollisionShape.h
       ....... /opt/homebrew/Cellar/bullet/3.25/include/bullet/BulletCollision/CollisionShapes/btCollisionMargin.h
       ...... /opt/homebrew/Cellar/bullet/3.25/include/bullet/LinearMath/btAabbUtil2.h
       ... /opt/homebrew/Cellar/bullet/3.25/include/bullet/BulletCollision/CollisionShapes/btSphereShape.h
       ... /opt/homebrew/Cellar/bullet/3.25/include/bullet/BulletCollision/CollisionShapes/btCapsuleShape.h
       ... /opt/homebrew/Cellar/bullet/3.25/include/bullet/BulletCollision/CollisionShapes/btCylinderShape.h
       ... /opt/homebrew/Cellar/bullet/3.25/include/bullet/BulletCollision/CollisionShapes/btConeShape.h
       ... /opt/homebrew/Cellar/bullet/3.25/include/bullet/BulletCollision/CollisionShapes/btStaticPlaneShape.h
       .... /opt/homebrew/Cellar/bullet/3.25/include/bullet/BulletCollision/CollisionShapes/btConcaveShape.h
       ..... /opt/homebrew/Cellar/bullet/3.25/include/bullet/BulletCollision/CollisionShapes/btTriangleCallback.h
       ... /opt/homebrew/Cellar/bullet/3.25/include/bullet/BulletCollision/CollisionShapes/btConvexHullShape.h
       ... /opt/homebrew/Cellar/bullet/3.25/include/bullet/BulletCollision/CollisionShapes/btTriangleMesh.h
       .... /opt/homebrew/Cellar/bullet/3.25/include/bullet/BulletCollision/CollisionShapes/btTriangleIndexVertexArray.h
       ..... /opt/homebrew/Cellar/bullet/3.25/include/bullet/BulletCollision/CollisionShapes/btStridingMeshInterface.h
       ... /opt/homebrew/Cellar/bullet/3.25/include/bullet/BulletCollision/CollisionShapes/btConvexTriangleMeshShape.h
       ... /opt/homebrew/Cellar/bullet/3.25/include/bullet/BulletCollision/CollisionShapes/btBvhTriangleMeshShape.h
       .... /opt/homebrew/Cellar/bullet/3.25/include/bullet/BulletCollision/CollisionShapes/btTriangleMeshShape.h
       .... /opt/homebrew/Cellar/bullet/3.25/include/bullet/BulletCollision/CollisionShapes/btOptimizedBvh.h
       ..... /opt/homebrew/Cellar/bullet/3.25/include/bullet/BulletCollision/BroadphaseCollision/btQuantizedBvh.h
       .... /opt/homebrew/Cellar/bullet/3.25/include/bullet/BulletCollision/CollisionShapes/btTriangleInfoMap.h
       ..... /opt/homebrew/Cellar/bullet/3.25/include/bullet/LinearMath/btHashMap.h
       ..... /opt/homebrew/Cellar/bullet/3.25/include/bullet/LinearMath/btSerializer.h
       ...... /Applications/Xcode.app/Contents/Developer/Platforms/MacOSX.platform/Developer/SDKs/MacOSX.sdk/usr/include/memory.h
       ....... /Applications/Xcode.app/Contents/Developer/Platforms/MacOSX.platform/Developer/SDKs/MacOSX.sdk/usr/include/string.h
       ...... /Applications/Xcode.app/Contents/Developer/Platforms/MacOSX.platform/Developer/SDKs/MacOSX.sdk/usr/include/string.h
       ... /opt/homebrew/Cellar/bullet/3.25/include/bullet/BulletCollision/CollisionShapes/btScaledBvhTriangleMeshShape.h
       ... /opt/homebrew/Cellar/bullet/3.25/include/bullet/BulletCollision/CollisionShapes/btCompoundShape.h
       ... /opt/homebrew/Cellar/bullet/3.25/include/bullet/BulletCollision/CollisionShapes/btTetrahedronShape.h
       ... /opt/homebrew/Cellar/bullet/3.25/include/bullet/BulletCollision/CollisionShapes/btEmptyShape.h
       ... /opt/homebrew/Cellar/bullet/3.25/include/bullet/BulletCollision/CollisionShapes/btMultiSphereShape.h
       ... /opt/homebrew/Cellar/bullet/3.25/include/bullet/BulletCollision/CollisionShapes/btUniformScalingShape.h
       ... /opt/homebrew/Cellar/bullet/3.25/include/bullet/BulletCollision/CollisionDispatch/btSphereSphereCollisionAlgorithm.h
       .... /opt/homebrew/Cellar/bullet/3.25/include/bullet/BulletCollision/CollisionDispatch/btActivatingCollisionAlgorithm.h
       ..... /opt/homebrew/Cellar/bullet/3.25/include/bullet/BulletCollision/BroadphaseCollision/btCollisionAlgorithm.h
       ... /opt/homebrew/Cellar/bullet/3.25/include/bullet/BulletCollision/CollisionDispatch/btDefaultCollisionConfiguration.h
       .... /opt/homebrew/Cellar/bullet/3.25/include/bullet/BulletCollision/CollisionDispatch/btCollisionConfiguration.h
       ... /opt/homebrew/Cellar/bullet/3.25/include/bullet/BulletCollision/BroadphaseCollision/btSimpleBroadphase.h
       ... /opt/homebrew/Cellar/bullet/3.25/include/bullet/BulletCollision/BroadphaseCollision/btAxisSweep3.h
       .... /opt/homebrew/Cellar/bullet/3.25/include/bullet/BulletCollision/BroadphaseCollision/btDbvtBroadphase.h
       ..... /opt/homebrew/Cellar/bullet/3.25/include/bullet/BulletCollision/BroadphaseCollision/btDbvt.h
       ...... /Applications/Xcode.app/Contents/Developer/Platforms/MacOSX.platform/Developer/SDKs/MacOSX.sdk/usr/include/memory.h
       ....... /Applications/Xcode.app/Contents/Developer/Platforms/MacOSX.platform/Developer/SDKs/MacOSX.sdk/usr/include/string.h
       ...... /Applications/Xcode.app/Contents/Developer/Platforms/MacOSX.platform/Developer/SDKs/MacOSX.sdk/usr/include/string.h
       .... /opt/homebrew/Cellar/bullet/3.25/include/bullet/BulletCollision/BroadphaseCollision/btAxisSweep3Internal.h
       ... /opt/homebrew/Cellar/bullet/3.25/include/bullet/LinearMath/btDefaultMotionState.h
       ... /opt/homebrew/Cellar/bullet/3.25/include/bullet/LinearMath/btQuickprof.h
       ... /opt/homebrew/Cellar/bullet/3.25/include/bullet/LinearMath/btIDebugDraw.h
       .. /opt/homebrew/Cellar/bullet/3.25/include/bullet/BulletDynamics/Dynamics/btDiscreteDynamicsWorld.h
       ... /opt/homebrew/Cellar/bullet/3.25/include/bullet/BulletDynamics/Dynamics/btDynamicsWorld.h
       .... /opt/homebrew/Cellar/bullet/3.25/include/bullet/BulletDynamics/ConstraintSolver/btContactSolverInfo.h
       ... /opt/homebrew/Cellar/bullet/3.25/include/bullet/LinearMath/btThreads.h
       .. /opt/homebrew/Cellar/bullet/3.25/include/bullet/BulletDynamics/Dynamics/btSimpleDynamicsWorld.h
       .. /opt/homebrew/Cellar/bullet/3.25/include/bullet/BulletDynamics/Dynamics/btRigidBody.h
       .. /opt/homebrew/Cellar/bullet/3.25/include/bullet/BulletDynamics/ConstraintSolver/btPoint2PointConstraint.h
       ... /opt/homebrew/Cellar/bullet/3.25/include/bullet/BulletDynamics/ConstraintSolver/btJacobianEntry.h
       ... /opt/homebrew/Cellar/bullet/3.25/include/bullet/BulletDynamics/ConstraintSolver/btTypedConstraint.h
       .... /opt/homebrew/Cellar/bullet/3.25/include/bullet/BulletDynamics/ConstraintSolver/btSolverConstraint.h
       ..... /opt/homebrew/Cellar/bullet/3.25/include/bullet/BulletDynamics/ConstraintSolver/btSolverBody.h
       .. /opt/homebrew/Cellar/bullet/3.25/include/bullet/BulletDynamics/ConstraintSolver/btHingeConstraint.h
       .. /opt/homebrew/Cellar/bullet/3.25/include/bullet/BulletDynamics/ConstraintSolver/btConeTwistConstraint.h
       .. /opt/homebrew/Cellar/bullet/3.25/include/bullet/BulletDynamics/ConstraintSolver/btGeneric6DofConstraint.h
       .. /opt/homebrew/Cellar/bullet/3.25/include/bullet/BulletDynamics/ConstraintSolver/btSliderConstraint.h
       .. /opt/homebrew/Cellar/bullet/3.25/include/bullet/BulletDynamics/ConstraintSolver/btGeneric6DofSpringConstraint.h
       .. /opt/homebrew/Cellar/bullet/3.25/include/bullet/BulletDynamics/ConstraintSolver/btUniversalConstraint.h
       .. /opt/homebrew/Cellar/bullet/3.25/include/bullet/BulletDynamics/ConstraintSolver/btHinge2Constraint.h
       ... /opt/homebrew/Cellar/bullet/3.25/include/bullet/BulletDynamics/ConstraintSolver/btGeneric6DofSpring2Constraint.h
       .. /opt/homebrew/Cellar/bullet/3.25/include/bullet/BulletDynamics/ConstraintSolver/btGearConstraint.h
       .. /opt/homebrew/Cellar/bullet/3.25/include/bullet/BulletDynamics/ConstraintSolver/btFixedConstraint.h
       .. /opt/homebrew/Cellar/bullet/3.25/include/bullet/BulletDynamics/ConstraintSolver/btSequentialImpulseConstraintSolver.h
       ... /opt/homebrew/Cellar/bullet/3.25/include/bullet/BulletDynamics/ConstraintSolver/btConstraintSolver.h
       .. /opt/homebrew/Cellar/bullet/3.25/include/bullet/BulletDynamics/Vehicle/btRaycastVehicle.h
       ... /opt/homebrew/Cellar/bullet/3.25/include/bullet/BulletDynamics/Vehicle/btVehicleRaycaster.h
       ... /opt/homebrew/Cellar/bullet/3.25/include/bullet/BulletDynamics/Vehicle/btWheelInfo.h
       ... /opt/homebrew/Cellar/bullet/3.25/include/bullet/BulletDynamics/Dynamics/btActionInterface.h
       . /opt/homebrew/Cellar/bullet/3.25/include/bullet/BulletSoftBody/btSoftRigidDynamicsWorld.h
       .. /opt/homebrew/Cellar/bullet/3.25/include/bullet/BulletSoftBody/btSoftBody.h
       ... /opt/homebrew/Cellar/bullet/3.25/include/bullet/BulletSoftBody/btSparseSDF.h
       .... /opt/homebrew/Cellar/bullet/3.25/include/bullet/BulletCollision/NarrowPhaseCollision/btGjkEpa2.h
       ... /opt/homebrew/Cellar/bullet/3.25/include/bullet/BulletDynamics/Featherstone/btMultiBodyLinkCollider.h
       .... /opt/homebrew/Cellar/bullet/3.25/include/bullet/BulletDynamics/Featherstone/btMultiBody.h
       ..... /opt/homebrew/Cellar/bullet/3.25/include/bullet/BulletDynamics/Featherstone/btMultiBodyLink.h
       ...... /opt/homebrew/Cellar/bullet/3.25/include/bullet/LinearMath/btSpatialAlgebra.h
       ... /opt/homebrew/Cellar/bullet/3.25/include/bullet/BulletDynamics/Featherstone/btMultiBodyConstraint.h
       .... /opt/homebrew/Cellar/bullet/3.25/include/bullet/BulletDynamics/Featherstone/btMultiBodySolverConstraint.h
       . /opt/homebrew/Cellar/bullet/3.25/include/bullet/BulletSoftBody/btSoftBodyRigidBodyCollisionConfiguration.h
       . /opt/homebrew/Cellar/bullet/3.25/include/bullet/BulletSoftBody/btSoftBodyHelpers.h
       20 errors generated.
       I could not retain compiler and assembler inputs for bullet; I will not compile live sources after capture failure
       I could not build foreign support for /private/tmp/nanolang-match-guards-20261009/modules/bullet/bullet.nano
  Compiler diagnostics for physics/bullet_softbody_hourglass.nano:
       . /Applications/Xcode.app/Contents/Developer/Platforms/MacOSX.platform/Developer/SDKs/MacOSX.sdk/SDKSettings.json
       . /Applications/Xcode.app/Contents/Developer/Platforms/MacOSX.platform/Developer/SDKs/MacOSX.sdk/usr/include/stdio.h
       .. /Applications/Xcode.app/Contents/Developer/Platforms/MacOSX.platform/Developer/SDKs/MacOSX.sdk/usr/include/_stdio.h
       ... /Applications/Xcode.app/Contents/Developer/Platforms/MacOSX.platform/Developer/SDKs/MacOSX.sdk/usr/include/_bounds.h
       .... /Applications/Xcode.app/Contents/Developer/Platforms/MacOSX.platform/Developer/SDKs/MacOSX.sdk/usr/include/sys/cdefs.h
       ..... /Applications/Xcode.app/Contents/Developer/Platforms/MacOSX.platform/Developer/SDKs/MacOSX.sdk/usr/include/sys/_symbol_aliasing.h
       ..... /Applications/Xcode.app/Contents/Developer/Platforms/MacOSX.platform/Developer/SDKs/MacOSX.sdk/usr/include/sys/_posix_availability.h
       ..... /Applications/Xcode.app/Contents/Developer/Toolchains/XcodeDefault.xctoolchain/usr/lib/clang/21/include/ptrcheck.h
       ... /Applications/Xcode.app/Contents/Developer/Platforms/MacOSX.platform/Developer/SDKs/MacOSX.sdk/usr/include/Availability.h
       .... /Applications/Xcode.app/Contents/Developer/Platforms/MacOSX.platform/Developer/SDKs/MacOSX.sdk/usr/include/AvailabilityVersions.h
       .... /Applications/Xcode.app/Contents/Developer/Platforms/MacOSX.platform/Developer/SDKs/MacOSX.sdk/usr/include/AvailabilityInternal.h
       ..... /Applications/Xcode.app/Contents/Developer/Platforms/MacOSX.platform/Developer/SDKs/MacOSX.sdk/usr/include/AvailabilityVersions.h
       .... /Applications/Xcode.app/Contents/Developer/Platforms/MacOSX.platform/Developer/SDKs/MacOSX.sdk/usr/include/AvailabilityInternalLegacy.h
       ..... /Applications/Xcode.app/Contents/Developer/Platforms/MacOSX.platform/Developer/SDKs/MacOSX.sdk/usr/include/AvailabilityInternal.h
       ... /Applications/Xcode.app/Contents/Developer/Platforms/MacOSX.platform/Developer/SDKs/MacOSX.sdk/usr/include/_types.h
       .... /Applications/Xcode.app/Contents/Developer/Platforms/MacOSX.platform/Developer/SDKs/MacOSX.sdk/usr/include/sys/_types.h
       ..... /Applications/Xcode.app/Contents/Developer/Platforms/MacOSX.platform/Developer/SDKs/MacOSX.sdk/usr/include/machine/_types.h
       ...... /Applications/Xcode.app/Contents/Developer/Platforms/MacOSX.platform/Developer/SDKs/MacOSX.sdk/usr/include/arm/_types.h
       ..... /Applications/Xcode.app/Contents/Developer/Platforms/MacOSX.platform/Developer/SDKs/MacOSX.sdk/usr/include/sys/_pthread/_pthread_types.h
       ... /Applications/Xcode.app/Contents/Developer/Platforms/MacOSX.platform/Developer/SDKs/MacOSX.sdk/usr/include/sys/_types/_va_list.h
       .... /Applications/Xcode.app/Contents/Developer/Platforms/MacOSX.platform/Developer/SDKs/MacOSX.sdk/usr/include/machine/types.h
       ..... /Applications/Xcode.app/Contents/Developer/Platforms/MacOSX.platform/Developer/SDKs/MacOSX.sdk/usr/include/arm/types.h
       ...... /Applications/Xcode.app/Contents/Developer/Platforms/MacOSX.platform/Developer/SDKs/MacOSX.sdk/usr/include/sys/_types/_int8_t.h
       ...... /Applications/Xcode.app/Contents/Developer/Platforms/MacOSX.platform/Developer/SDKs/MacOSX.sdk/usr/include/sys/_types/_int16_t.h
       ...... /Applications/Xcode.app/Contents/Developer/Platforms/MacOSX.platform/Developer/SDKs/MacOSX.sdk/usr/include/sys/_types/_int32_t.h
       ...... /Applications/Xcode.app/Contents/Developer/Platforms/MacOSX.platform/Developer/SDKs/MacOSX.sdk/usr/include/sys/_types/_int64_t.h
       ...... /Applications/Xcode.app/Contents/Developer/Platforms/MacOSX.platform/Developer/SDKs/MacOSX.sdk/usr/include/sys/_types/_u_int8_t.h
       ...... /Applications/Xcode.app/Contents/Developer/Platforms/MacOSX.platform/Developer/SDKs/MacOSX.sdk/usr/include/sys/_types/_u_int16_t.h
       ...... /Applications/Xcode.app/Contents/Developer/Platforms/MacOSX.platform/Developer/SDKs/MacOSX.sdk/usr/include/sys/_types/_u_int32_t.h
       ...... /Applications/Xcode.app/Contents/Developer/Platforms/MacOSX.platform/Developer/SDKs/MacOSX.sdk/usr/include/sys/_types/_u_int64_t.h
       ...... /Applications/Xcode.app/Contents/Developer/Platforms/MacOSX.platform/Developer/SDKs/MacOSX.sdk/usr/include/sys/_types/_intptr_t.h
       ...... /Applications/Xcode.app/Contents/Developer/Platforms/MacOSX.platform/Developer/SDKs/MacOSX.sdk/usr/include/sys/_types/_uintptr_t.h
       ... /Applications/Xcode.app/Contents/Developer/Platforms/MacOSX.platform/Developer/SDKs/MacOSX.sdk/usr/include/sys/_types/_size_t.h
       ... /Applications/Xcode.app/Contents/Developer/Platforms/MacOSX.platform/Developer/SDKs/MacOSX.sdk/usr/include/sys/_types/_null.h
       ... /Applications/Xcode.app/Contents/Developer/Platforms/MacOSX.platform/Developer/SDKs/MacOSX.sdk/usr/include/sys/stdio.h
       .... /Applications/Xcode.app/Contents/Developer/Platforms/MacOSX.platform/Developer/SDKs/MacOSX.sdk/usr/include/Availability.h
       ... /Applications/Xcode.app/Contents/Developer/Platforms/MacOSX.platform/Developer/SDKs/MacOSX.sdk/usr/include/_printf.h
       ... /Applications/Xcode.app/Contents/Developer/Platforms/MacOSX.platform/Developer/SDKs/MacOSX.sdk/usr/include/sys/_types/_seek_set.h
       ... /Applications/Xcode.app/Contents/Developer/Platforms/MacOSX.platform/Developer/SDKs/MacOSX.sdk/usr/include/_ctermid.h
       ... /Applications/Xcode.app/Contents/Developer/Platforms/MacOSX.platform/Developer/SDKs/MacOSX.sdk/usr/include/sys/_types/_off_t.h
       ... /Applications/Xcode.app/Contents/Developer/Platforms/MacOSX.platform/Developer/SDKs/MacOSX.sdk/usr/include/sys/_types/_ssize_t.h
       ... /Applications/Xcode.app/Contents/Developer/Platforms/MacOSX.platform/Developer/SDKs/MacOSX.sdk/usr/include/secure/_stdio.h
       .... /Applications/Xcode.app/Contents/Developer/Platforms/MacOSX.platform/Developer/SDKs/MacOSX.sdk/usr/include/secure/_common.h
       . /Applications/Xcode.app/Contents/Developer/Platforms/MacOSX.platform/Developer/SDKs/MacOSX.sdk/usr/include/stdlib.h
       .. /Applications/Xcode.app/Contents/Developer/Platforms/MacOSX.platform/Developer/SDKs/MacOSX.sdk/usr/include/_stdlib.h
       ... /Applications/Xcode.app/Contents/Developer/Platforms/MacOSX.platform/Developer/SDKs/MacOSX.sdk/usr/include/Availability.h
       ... /Applications/Xcode.app/Contents/Developer/Platforms/MacOSX.platform/Developer/SDKs/MacOSX.sdk/usr/include/sys/wait.h
       .... /Applications/Xcode.app/Contents/Developer/Platforms/MacOSX.platform/Developer/SDKs/MacOSX.sdk/usr/include/sys/_types/_pid_t.h
       .... /Applications/Xcode.app/Contents/Developer/Platforms/MacOSX.platform/Developer/SDKs/MacOSX.sdk/usr/include/sys/_types/_id_t.h
       .... /Applications/Xcode.app/Contents/Developer/Platforms/MacOSX.platform/Developer/SDKs/MacOSX.sdk/usr/include/sys/signal.h
       ..... /Applications/Xcode.app/Contents/Developer/Platforms/MacOSX.platform/Developer/SDKs/MacOSX.sdk/usr/include/sys/appleapiopts.h
       ..... /Applications/Xcode.app/Contents/Developer/Platforms/MacOSX.platform/Developer/SDKs/MacOSX.sdk/usr/include/Availability.h
       ..... /Applications/Xcode.app/Contents/Developer/Platforms/MacOSX.platform/Developer/SDKs/MacOSX.sdk/usr/include/machine/signal.h
       ...... /Applications/Xcode.app/Contents/Developer/Platforms/MacOSX.platform/Developer/SDKs/MacOSX.sdk/usr/include/arm/signal.h
       ..... /Applications/Xcode.app/Contents/Developer/Platforms/MacOSX.platform/Developer/SDKs/MacOSX.sdk/usr/include/machine/_mcontext.h
       ...... /Applications/Xcode.app/Contents/Developer/Platforms/MacOSX.platform/Developer/SDKs/MacOSX.sdk/usr/include/arm/_mcontext.h
       ....... /Applications/Xcode.app/Contents/Developer/Platforms/MacOSX.platform/Developer/SDKs/MacOSX.sdk/usr/include/mach/machine/_structs.h
       ........ /Applications/Xcode.app/Contents/Developer/Platforms/MacOSX.platform/Developer/SDKs/MacOSX.sdk/usr/include/mach/arm/_structs.h
       ..... /Applications/Xcode.app/Contents/Developer/Platforms/MacOSX.platform/Developer/SDKs/MacOSX.sdk/usr/include/sys/_pthread/_pthread_attr_t.h
       ..... /Applications/Xcode.app/Contents/Developer/Platforms/MacOSX.platform/Developer/SDKs/MacOSX.sdk/usr/include/sys/_types/_sigaltstack.h
       ..... /Applications/Xcode.app/Contents/Developer/Platforms/MacOSX.platform/Developer/SDKs/MacOSX.sdk/usr/include/sys/_types/_ucontext.h
       ..... /Applications/Xcode.app/Contents/Developer/Platforms/MacOSX.platform/Developer/SDKs/MacOSX.sdk/usr/include/sys/_types/_sigset_t.h
       ..... /Applications/Xcode.app/Contents/Developer/Platforms/MacOSX.platform/Developer/SDKs/MacOSX.sdk/usr/include/sys/_types/_size_t.h
       ..... /Applications/Xcode.app/Contents/Developer/Platforms/MacOSX.platform/Developer/SDKs/MacOSX.sdk/usr/include/sys/_types/_uid_t.h
       .... /Applications/Xcode.app/Contents/Developer/Platforms/MacOSX.platform/Developer/SDKs/MacOSX.sdk/usr/include/sys/resource.h
       ..... /Applications/Xcode.app/Contents/Developer/Toolchains/XcodeDefault.xctoolchain/usr/lib/clang/21/include/stdint.h
       ...... /Applications/Xcode.app/Contents/Developer/Platforms/MacOSX.platform/Developer/SDKs/MacOSX.sdk/usr/include/stdint.h
       ....... /Applications/Xcode.app/Contents/Developer/Platforms/MacOSX.platform/Developer/SDKs/MacOSX.sdk/usr/include/_types/_uint8_t.h
       ....... /Applications/Xcode.app/Contents/Developer/Platforms/MacOSX.platform/Developer/SDKs/MacOSX.sdk/usr/include/_types/_uint16_t.h
       ....... /Applications/Xcode.app/Contents/Developer/Platforms/MacOSX.platform/Developer/SDKs/MacOSX.sdk/usr/include/_types/_uint32_t.h
       ....... /Applications/Xcode.app/Contents/Developer/Platforms/MacOSX.platform/Developer/SDKs/MacOSX.sdk/usr/include/_types/_uint64_t.h
       ....... /Applications/Xcode.app/Contents/Developer/Platforms/MacOSX.platform/Developer/SDKs/MacOSX.sdk/usr/include/_types/_intmax_t.h
       ....... /Applications/Xcode.app/Contents/Developer/Platforms/MacOSX.platform/Developer/SDKs/MacOSX.sdk/usr/include/_types/_uintmax_t.h
       ..... /Applications/Xcode.app/Contents/Developer/Platforms/MacOSX.platform/Developer/SDKs/MacOSX.sdk/usr/include/Availability.h
       ..... /Applications/Xcode.app/Contents/Developer/Platforms/MacOSX.platform/Developer/SDKs/MacOSX.sdk/usr/include/sys/_types/_timeval.h
       .... /Applications/Xcode.app/Contents/Developer/Platforms/MacOSX.platform/Developer/SDKs/MacOSX.sdk/usr/include/machine/endian.h
       ..... /Applications/Xcode.app/Contents/Developer/Platforms/MacOSX.platform/Developer/SDKs/MacOSX.sdk/usr/include/arm/endian.h
       ...... /Applications/Xcode.app/Contents/Developer/Platforms/MacOSX.platform/Developer/SDKs/MacOSX.sdk/usr/include/sys/_endian.h
       ....... /Applications/Xcode.app/Contents/Developer/Platforms/MacOSX.platform/Developer/SDKs/MacOSX.sdk/usr/include/machine/_endian.h
       ........ /Applications/Xcode.app/Contents/Developer/Platforms/MacOSX.platform/Developer/SDKs/MacOSX.sdk/usr/include/arm/_endian.h
       ......... /Applications/Xcode.app/Contents/Developer/Platforms/MacOSX.platform/Developer/SDKs/MacOSX.sdk/usr/include/sys/__endian.h
       ....... /Applications/Xcode.app/Contents/Developer/Platforms/MacOSX.platform/Developer/SDKs/MacOSX.sdk/usr/include/libkern/_OSByteOrder.h
       ........ /Applications/Xcode.app/Contents/Developer/Platforms/MacOSX.platform/Developer/SDKs/MacOSX.sdk/usr/include/libkern/arm/_OSByteOrder.h
       ... /Applications/Xcode.app/Contents/Developer/Platforms/MacOSX.platform/Developer/SDKs/MacOSX.sdk/usr/include/alloca.h
       .... /Applications/Xcode.app/Contents/Developer/Platforms/MacOSX.platform/Developer/SDKs/MacOSX.sdk/usr/include/sys/_types/_size_t.h
       ... /Applications/Xcode.app/Contents/Developer/Platforms/MacOSX.platform/Developer/SDKs/MacOSX.sdk/usr/include/sys/_types/_size_t.h
       ... /Applications/Xcode.app/Contents/Developer/Platforms/MacOSX.platform/Developer/SDKs/MacOSX.sdk/usr/include/sys/_types/_ct_rune_t.h
       ... /Applications/Xcode.app/Contents/Developer/Platforms/MacOSX.platform/Developer/SDKs/MacOSX.sdk/usr/include/sys/_types/_rune_t.h
       ... /Applications/Xcode.app/Contents/Developer/Platforms/MacOSX.platform/Developer/SDKs/MacOSX.sdk/usr/include/sys/_types/_wchar_t.h
       ... /Applications/Xcode.app/Contents/Developer/Platforms/MacOSX.platform/Developer/SDKs/MacOSX.sdk/usr/include/sys/_types/_null.h
       ... /Applications/Xcode.app/Contents/Developer/Platforms/MacOSX.platform/Developer/SDKs/MacOSX.sdk/usr/include/malloc/_malloc.h
       .... /Applications/Xcode.app/Contents/Developer/Platforms/MacOSX.platform/Developer/SDKs/MacOSX.sdk/usr/include/Availability.h
       .... /Applications/Xcode.app/Contents/Developer/Platforms/MacOSX.platform/Developer/SDKs/MacOSX.sdk/usr/include/sys/_types/_size_t.h
       .... /Applications/Xcode.app/Contents/Developer/Platforms/MacOSX.platform/Developer/SDKs/MacOSX.sdk/usr/include/malloc/_malloc_type.h
       ..... /Applications/Xcode.app/Contents/Developer/Platforms/MacOSX.platform/Developer/SDKs/MacOSX.sdk/usr/include/malloc/_ptrcheck.h
       ..... /Applications/Xcode.app/Contents/Developer/Platforms/MacOSX.platform/Developer/SDKs/MacOSX.sdk/usr/include/Availability.h
       ..... /Applications/Xcode.app/Contents/Developer/Platforms/MacOSX.platform/Developer/SDKs/MacOSX.sdk/usr/include/sys/_types/_size_t.h
       ... /Applications/Xcode.app/Contents/Developer/Platforms/MacOSX.platform/Developer/SDKs/MacOSX.sdk/usr/include/_abort.h
       ... /Applications/Xcode.app/Contents/Developer/Platforms/MacOSX.platform/Developer/SDKs/MacOSX.sdk/usr/include/sys/_types/_dev_t.h
       ... /Applications/Xcode.app/Contents/Developer/Platforms/MacOSX.platform/Developer/SDKs/MacOSX.sdk/usr/include/sys/_types/_mode_t.h
       . /Applications/Xcode.app/Contents/Developer/Platforms/MacOSX.platform/Developer/SDKs/MacOSX.sdk/usr/include/string.h
       .. /Applications/Xcode.app/Contents/Developer/Platforms/MacOSX.platform/Developer/SDKs/MacOSX.sdk/usr/include/_string.h
       ... /Applications/Xcode.app/Contents/Developer/Platforms/MacOSX.platform/Developer/SDKs/MacOSX.sdk/usr/include/Availability.h
       ... /Applications/Xcode.app/Contents/Developer/Platforms/MacOSX.platform/Developer/SDKs/MacOSX.sdk/usr/include/sys/_types/_size_t.h
       ... /Applications/Xcode.app/Contents/Developer/Platforms/MacOSX.platform/Developer/SDKs/MacOSX.sdk/usr/include/sys/_types/_null.h
       ... /Applications/Xcode.app/Contents/Developer/Platforms/MacOSX.platform/Developer/SDKs/MacOSX.sdk/usr/include/sys/_types/_rsize_t.h
       ... /Applications/Xcode.app/Contents/Developer/Platforms/MacOSX.platform/Developer/SDKs/MacOSX.sdk/usr/include/sys/_types/_errno_t.h
       ... /Applications/Xcode.app/Contents/Developer/Platforms/MacOSX.platform/Developer/SDKs/MacOSX.sdk/usr/include/_strings.h
       .... /Applications/Xcode.app/Contents/Developer/Platforms/MacOSX.platform/Developer/SDKs/MacOSX.sdk/usr/include/Availability.h
       .... /Applications/Xcode.app/Contents/Developer/Platforms/MacOSX.platform/Developer/SDKs/MacOSX.sdk/usr/include/sys/_types/_size_t.h
       .... /Applications/Xcode.app/Contents/Developer/Platforms/MacOSX.platform/Developer/SDKs/MacOSX.sdk/usr/include/secure/_strings.h
       ..... /Applications/Xcode.app/Contents/Developer/Platforms/MacOSX.platform/Developer/SDKs/MacOSX.sdk/usr/include/Availability.h
       ... /Applications/Xcode.app/Contents/Developer/Platforms/MacOSX.platform/Developer/SDKs/MacOSX.sdk/usr/include/secure/_string.h
       .... /Applications/Xcode.app/Contents/Developer/Platforms/MacOSX.platform/Developer/SDKs/MacOSX.sdk/usr/include/Availability.h
       . /Applications/Xcode.app/Contents/Developer/Toolchains/XcodeDefault.xctoolchain/usr/lib/clang/21/include/stdbool.h
       . /Applications/Xcode.app/Contents/Developer/Platforms/MacOSX.platform/Developer/SDKs/MacOSX.sdk/usr/include/math.h
       .. /Applications/Xcode.app/Contents/Developer/Platforms/MacOSX.platform/Developer/SDKs/MacOSX.sdk/usr/include/Availability.h
       . /opt/homebrew/Cellar/bullet/3.25/include/bullet/btBulletDynamicsCommon.h
       .. /opt/homebrew/Cellar/bullet/3.25/include/bullet/btBulletCollisionCommon.h
       ... /opt/homebrew/Cellar/bullet/3.25/include/bullet/BulletCollision/CollisionDispatch/btCollisionWorld.h
       In file included from /private/tmp/nanolang-match-guards-20261009/modules/bullet/bullet_ffi.c:16:
       In file included from /opt/homebrew/Cellar/bullet/3.25/include/bullet/btBulletDynamicsCommon.h:20:
       In file included from /opt/homebrew/Cellar/bullet/3.25/include/bullet/btBulletCollisionCommon.h:22:
       /opt/homebrew/Cellar/bullet/3.25/include/bullet/BulletCollision/CollisionDispatch/btCollisionWorld.h:72:1: error: unknown type name 'class'
          72 | class btCollisionShape;
             | ^
       /opt/homebrew/Cellar/bullet/3.25/include/bullet/BulletCollision/CollisionDispatch/btCollisionWorld.h:73:1: error: unknown type name 'class'
          73 | class btConvexShape;
             | ^
       /opt/homebrew/Cellar/bullet/3.25/include/bullet/BulletCollision/CollisionDispatch/btCollisionWorld.h:74:1: error: unknown type name 'class'
          74 | class btBroadphaseInterface;
             | ^
       /opt/homebrew/Cellar/bullet/3.25/include/bullet/BulletCollision/CollisionDispatch/btCollisionWorld.h:75:1: error: unknown type name 'class'
          75 | class btSerializer;
             | ^
       .... /opt/homebrew/Cellar/bullet/3.25/include/bullet/LinearMath/btVector3.h
       ..... /opt/homebrew/Cellar/bullet/3.25/include/bullet/LinearMath/btScalar.h
       ...... /Applications/Xcode.app/Contents/Developer/Platforms/MacOSX.platform/Developer/SDKs/MacOSX.sdk/usr/include/stdlib.h
       ...... /Applications/Xcode.app/Contents/Developer/Toolchains/XcodeDefault.xctoolchain/usr/lib/clang/21/include/float.h
       ....... /Applications/Xcode.app/Contents/Developer/Toolchains/XcodeDefault.xctoolchain/usr/lib/clang/21/include/__float_header_macro.h
       ....... /Applications/Xcode.app/Contents/Developer/Toolchains/XcodeDefault.xctoolchain/usr/lib/clang/21/include/__float_float.h
       ....... /Applications/Xcode.app/Contents/Developer/Toolchains/XcodeDefault.xctoolchain/usr/lib/clang/21/include/__float_infinity_nan.h
       ...... /Applications/Xcode.app/Contents/Developer/Toolchains/XcodeDefault.xctoolchain/usr/lib/clang/21/include/arm_neon.h
       ....... /Applications/Xcode.app/Contents/Developer/Toolchains/XcodeDefault.xctoolchain/usr/lib/clang/21/include/arm_bf16.h
       ....... /Applications/Xcode.app/Contents/Developer/Toolchains/XcodeDefault.xctoolchain/usr/lib/clang/21/include/arm_vector_types.h
       ...... /Applications/Xcode.app/Contents/Developer/Platforms/MacOSX.platform/Developer/SDKs/MacOSX.sdk/usr/include/assert.h
       ....... /Applications/Xcode.app/Contents/Developer/Platforms/MacOSX.platform/Developer/SDKs/MacOSX.sdk/usr/include/_assert.h
       ....... /Applications/Xcode.app/Contents/Developer/Platforms/MacOSX.platform/Developer/SDKs/MacOSX.sdk/usr/include/_static_assert.h
       In file included from /private/tmp/nanolang-match-guards-20261009/modules/bullet/bullet_ffi.c:16:
       In file included from /opt/homebrew/Cellar/bullet/3.25/include/bullet/btBulletDynamicsCommon.h:20:
       In file included from /opt/homebrew/Cellar/bullet/3.25/include/bullet/btBulletCollisionCommon.h:22:
       In file included from /opt/homebrew/Cellar/bullet/3.25/include/bullet/BulletCollision/CollisionDispatch/btCollisionWorld.h:77:
       In file included from /opt/homebrew/Cellar/bullet/3.25/include/bullet/LinearMath/btVector3.h:19:
       /opt/homebrew/Cellar/bullet/3.25/include/bullet/LinearMath/btScalar.h:503:11: error: unexpected type name 'btScalar': expected expression
         503 |                 if (x < btScalar(-1))
             |                         ^
       /opt/homebrew/Cellar/bullet/3.25/include/bullet/LinearMath/btScalar.h:504:8: error: unexpected type name 'btScalar': expected expression
         504 |                         x = btScalar(-1);
             |                             ^
       /opt/homebrew/Cellar/bullet/3.25/include/bullet/LinearMath/btScalar.h:505:11: error: unexpected type name 'btScalar': expected expression
         505 |                 if (x > btScalar(1))
             |                         ^
       /opt/homebrew/Cellar/bullet/3.25/include/bullet/LinearMath/btScalar.h:506:8: error: unexpected type name 'btScalar': expected expression
         506 |                         x = btScalar(1);
             |                             ^
       /opt/homebrew/Cellar/bullet/3.25/include/bullet/LinearMath/btScalar.h:511:11: error: unexpected type name 'btScalar': expected expression
         511 |                 if (x < btScalar(-1))
             |                         ^
       /opt/homebrew/Cellar/bullet/3.25/include/bullet/LinearMath/btScalar.h:512:8: error: unexpected type name 'btScalar': expected expression
         512 |                         x = btScalar(-1);
             |                             ^
       /opt/homebrew/Cellar/bullet/3.25/include/bullet/LinearMath/btScalar.h:513:11: error: unexpected type name 'btScalar': expected expression
         513 |                 if (x > btScalar(1))
             |                         ^
       /opt/homebrew/Cellar/bullet/3.25/include/bullet/LinearMath/btScalar.h:514:8: error: unexpected type name 'btScalar': expected expression
         514 |                         x = btScalar(1);
             |                             ^
       /opt/homebrew/Cellar/bullet/3.25/include/bullet/LinearMath/btScalar.h:555:21: error: unexpected type name 'btScalar': expected expression
         555 |         btScalar coeff_1 = SIMD_PI / 4.0f;
             |                            ^
       /opt/homebrew/Cellar/bullet/3.25/include/bullet/LinearMath/btScalar.h:526:17: note: expanded from macro 'SIMD_PI'
         526 | #define SIMD_PI btScalar(3.1415926535897932384626433832795029)
             |                 ^
       /opt/homebrew/Cellar/bullet/3.25/include/bullet/LinearMath/btScalar.h:585:13: error: unexpected type name 'btScalar': expected expression
         585 |         return x < btScalar(0.0) ? 1 : 0;
             |                    ^
       /opt/homebrew/Cellar/bullet/3.25/include/bullet/LinearMath/btScalar.h:588:63: error: expected ')'
         588 | SIMD_FORCE_INLINE btScalar btRadians(btScalar x) { return x * SIMD_RADS_PER_DEG; }
             |                                                               ^
       /opt/homebrew/Cellar/bullet/3.25/include/bullet/LinearMath/btScalar.h:529:28: note: expanded from macro 'SIMD_RADS_PER_DEG'
         529 | #define SIMD_RADS_PER_DEG (SIMD_2_PI / btScalar(360.0))
             |                            ^
       /opt/homebrew/Cellar/bullet/3.25/include/bullet/LinearMath/btScalar.h:527:29: note: expanded from macro 'SIMD_2_PI'
         527 | #define SIMD_2_PI (btScalar(2.0) * SIMD_PI)
             |                             ^
       /opt/homebrew/Cellar/bullet/3.25/include/bullet/LinearMath/btScalar.h:588:63: note: to match this '('
       /opt/homebrew/Cellar/bullet/3.25/include/bullet/LinearMath/btScalar.h:529:28: note: expanded from macro 'SIMD_RADS_PER_DEG'
         529 | #define SIMD_RADS_PER_DEG (SIMD_2_PI / btScalar(360.0))
             |                            ^
       /opt/homebrew/Cellar/bullet/3.25/include/bullet/LinearMath/btScalar.h:527:28: note: expanded from macro 'SIMD_2_PI'
         527 | #define SIMD_2_PI (btScalar(2.0) * SIMD_PI)
             |                            ^
       /opt/homebrew/Cellar/bullet/3.25/include/bullet/LinearMath/btScalar.h:588:63: error: expected ')'
         588 | SIMD_FORCE_INLINE btScalar btRadians(btScalar x) { return x * SIMD_RADS_PER_DEG; }
             |                                                               ^
       /opt/homebrew/Cellar/bullet/3.25/include/bullet/LinearMath/btScalar.h:529:28: note: expanded from macro 'SIMD_RADS_PER_DEG'
         529 | #define SIMD_RADS_PER_DEG (SIMD_2_PI / btScalar(360.0))
             |                            ^
       /opt/homebrew/Cellar/bullet/3.25/include/bullet/LinearMath/btScalar.h:527:34: note: expanded from macro 'SIMD_2_PI'
         527 | #define SIMD_2_PI (btScalar(2.0) * SIMD_PI)
             |                                  ^
       /opt/homebrew/Cellar/bullet/3.25/include/bullet/LinearMath/btScalar.h:588:63: note: to match this '('
       /opt/homebrew/Cellar/bullet/3.25/include/bullet/LinearMath/btScalar.h:529:28: note: expanded from macro 'SIMD_RADS_PER_DEG'
         529 | #define SIMD_RADS_PER_DEG (SIMD_2_PI / btScalar(360.0))
             |                            ^
       /opt/homebrew/Cellar/bullet/3.25/include/bullet/LinearMath/btScalar.h:527:19: note: expanded from macro 'SIMD_2_PI'
         527 | #define SIMD_2_PI (btScalar(2.0) * SIMD_PI)
             |                   ^
       /opt/homebrew/Cellar/bullet/3.25/include/bullet/LinearMath/btScalar.h:588:63: error: expected expression
         588 | SIMD_FORCE_INLINE btScalar btRadians(btScalar x) { return x * SIMD_RADS_PER_DEG; }
             |                                                               ^
       /opt/homebrew/Cellar/bullet/3.25/include/bullet/LinearMath/btScalar.h:529:38: note: expanded from macro 'SIMD_RADS_PER_DEG'
         529 | #define SIMD_RADS_PER_DEG (SIMD_2_PI / btScalar(360.0))
             |                                      ^
       /opt/homebrew/Cellar/bullet/3.25/include/bullet/LinearMath/btScalar.h:588:63: error: unexpected type name 'btScalar': expected expression
       /opt/homebrew/Cellar/bullet/3.25/include/bullet/LinearMath/btScalar.h:529:40: note: expanded from macro 'SIMD_RADS_PER_DEG'
         529 | #define SIMD_RADS_PER_DEG (SIMD_2_PI / btScalar(360.0))
             |                                        ^
       /opt/homebrew/Cellar/bullet/3.25/include/bullet/LinearMath/btScalar.h:589:63: error: expected ')'
         589 | SIMD_FORCE_INLINE btScalar btDegrees(btScalar x) { return x * SIMD_DEGS_PER_RAD; }
             |                                                               ^
       /opt/homebrew/Cellar/bullet/3.25/include/bullet/LinearMath/btScalar.h:530:37: note: expanded from macro 'SIMD_DEGS_PER_RAD'
         530 | #define SIMD_DEGS_PER_RAD (btScalar(360.0) / SIMD_2_PI)
             |                                     ^
       /opt/homebrew/Cellar/bullet/3.25/include/bullet/LinearMath/btScalar.h:589:63: note: to match this '('
       /opt/homebrew/Cellar/bullet/3.25/include/bullet/LinearMath/btScalar.h:530:36: note: expanded from macro 'SIMD_DEGS_PER_RAD'
         530 | #define SIMD_DEGS_PER_RAD (btScalar(360.0) / SIMD_2_PI)
             |                                    ^
       fatal error: too many errors emitted, stopping now [-ferror-limit=]
       ..... /opt/homebrew/Cellar/bullet/3.25/include/bullet/LinearMath/btMinMax.h
       ..... /opt/homebrew/Cellar/bullet/3.25/include/bullet/LinearMath/btAlignedAllocator.h
       .... /opt/homebrew/Cellar/bullet/3.25/include/bullet/LinearMath/btTransform.h
       ..... /opt/homebrew/Cellar/bullet/3.25/include/bullet/LinearMath/btMatrix3x3.h
       ...... /opt/homebrew/Cellar/bullet/3.25/include/bullet/LinearMath/btQuaternion.h
       ....... /opt/homebrew/Cellar/bullet/3.25/include/bullet/LinearMath/btQuadWord.h
       ...... /Applications/Xcode.app/Contents/Developer/Platforms/MacOSX.platform/Developer/SDKs/MacOSX.sdk/usr/include/stdio.h
       .... /opt/homebrew/Cellar/bullet/3.25/include/bullet/BulletCollision/CollisionDispatch/btCollisionObject.h
       ..... /opt/homebrew/Cellar/bullet/3.25/include/bullet/LinearMath/btMotionState.h
       ..... /opt/homebrew/Cellar/bullet/3.25/include/bullet/LinearMath/btAlignedObjectArray.h
       .... /opt/homebrew/Cellar/bullet/3.25/include/bullet/BulletCollision/CollisionDispatch/btCollisionDispatcher.h
       ..... /opt/homebrew/Cellar/bullet/3.25/include/bullet/BulletCollision/BroadphaseCollision/btDispatcher.h
       ..... /opt/homebrew/Cellar/bullet/3.25/include/bullet/BulletCollision/NarrowPhaseCollision/btPersistentManifold.h
       ...... /opt/homebrew/Cellar/bullet/3.25/include/bullet/BulletCollision/NarrowPhaseCollision/btManifoldPoint.h
       ....... /opt/homebrew/Cellar/bullet/3.25/include/bullet/LinearMath/btTransformUtil.h
       ..... /opt/homebrew/Cellar/bullet/3.25/include/bullet/BulletCollision/CollisionDispatch/btManifoldResult.h
       ...... /opt/homebrew/Cellar/bullet/3.25/include/bullet/BulletCollision/NarrowPhaseCollision/btDiscreteCollisionDetectorInterface.h
       ...... /opt/homebrew/Cellar/bullet/3.25/include/bullet/BulletCollision/CollisionDispatch/btCollisionObjectWrapper.h
       ..... /opt/homebrew/Cellar/bullet/3.25/include/bullet/BulletCollision/BroadphaseCollision/btBroadphaseProxy.h
       ..... /opt/homebrew/Cellar/bullet/3.25/include/bullet/BulletCollision/CollisionDispatch/btCollisionCreateFunc.h
       .... /opt/homebrew/Cellar/bullet/3.25/include/bullet/BulletCollision/BroadphaseCollision/btOverlappingPairCache.h
       ..... /opt/homebrew/Cellar/bullet/3.25/include/bullet/BulletCollision/BroadphaseCollision/btBroadphaseInterface.h
       ..... /opt/homebrew/Cellar/bullet/3.25/include/bullet/BulletCollision/BroadphaseCollision/btOverlappingPairCallback.h
       ... /opt/homebrew/Cellar/bullet/3.25/include/bullet/BulletCollision/CollisionShapes/btBoxShape.h
       .... /opt/homebrew/Cellar/bullet/3.25/include/bullet/BulletCollision/CollisionShapes/btPolyhedralConvexShape.h
       ..... /opt/homebrew/Cellar/bullet/3.25/include/bullet/BulletCollision/CollisionShapes/btConvexInternalShape.h
       ...... /opt/homebrew/Cellar/bullet/3.25/include/bullet/BulletCollision/CollisionShapes/btConvexShape.h
       ....... /opt/homebrew/Cellar/bullet/3.25/include/bullet/BulletCollision/CollisionShapes/btCollisionShape.h
       ....... /opt/homebrew/Cellar/bullet/3.25/include/bullet/BulletCollision/CollisionShapes/btCollisionMargin.h
       ...... /opt/homebrew/Cellar/bullet/3.25/include/bullet/LinearMath/btAabbUtil2.h
       ... /opt/homebrew/Cellar/bullet/3.25/include/bullet/BulletCollision/CollisionShapes/btSphereShape.h
       ... /opt/homebrew/Cellar/bullet/3.25/include/bullet/BulletCollision/CollisionShapes/btCapsuleShape.h
       ... /opt/homebrew/Cellar/bullet/3.25/include/bullet/BulletCollision/CollisionShapes/btCylinderShape.h
       ... /opt/homebrew/Cellar/bullet/3.25/include/bullet/BulletCollision/CollisionShapes/btConeShape.h
       ... /opt/homebrew/Cellar/bullet/3.25/include/bullet/BulletCollision/CollisionShapes/btStaticPlaneShape.h
       .... /opt/homebrew/Cellar/bullet/3.25/include/bullet/BulletCollision/CollisionShapes/btConcaveShape.h
       ..... /opt/homebrew/Cellar/bullet/3.25/include/bullet/BulletCollision/CollisionShapes/btTriangleCallback.h
       ... /opt/homebrew/Cellar/bullet/3.25/include/bullet/BulletCollision/CollisionShapes/btConvexHullShape.h
       ... /opt/homebrew/Cellar/bullet/3.25/include/bullet/BulletCollision/CollisionShapes/btTriangleMesh.h
       .... /opt/homebrew/Cellar/bullet/3.25/include/bullet/BulletCollision/CollisionShapes/btTriangleIndexVertexArray.h
       ..... /opt/homebrew/Cellar/bullet/3.25/include/bullet/BulletCollision/CollisionShapes/btStridingMeshInterface.h
       ... /opt/homebrew/Cellar/bullet/3.25/include/bullet/BulletCollision/CollisionShapes/btConvexTriangleMeshShape.h
       ... /opt/homebrew/Cellar/bullet/3.25/include/bullet/BulletCollision/CollisionShapes/btBvhTriangleMeshShape.h
       .... /opt/homebrew/Cellar/bullet/3.25/include/bullet/BulletCollision/CollisionShapes/btTriangleMeshShape.h
       .... /opt/homebrew/Cellar/bullet/3.25/include/bullet/BulletCollision/CollisionShapes/btOptimizedBvh.h
       ..... /opt/homebrew/Cellar/bullet/3.25/include/bullet/BulletCollision/BroadphaseCollision/btQuantizedBvh.h
       .... /opt/homebrew/Cellar/bullet/3.25/include/bullet/BulletCollision/CollisionShapes/btTriangleInfoMap.h
       ..... /opt/homebrew/Cellar/bullet/3.25/include/bullet/LinearMath/btHashMap.h
       ..... /opt/homebrew/Cellar/bullet/3.25/include/bullet/LinearMath/btSerializer.h
       ...... /Applications/Xcode.app/Contents/Developer/Platforms/MacOSX.platform/Developer/SDKs/MacOSX.sdk/usr/include/memory.h
       ....... /Applications/Xcode.app/Contents/Developer/Platforms/MacOSX.platform/Developer/SDKs/MacOSX.sdk/usr/include/string.h
       ...... /Applications/Xcode.app/Contents/Developer/Platforms/MacOSX.platform/Developer/SDKs/MacOSX.sdk/usr/include/string.h
       ... /opt/homebrew/Cellar/bullet/3.25/include/bullet/BulletCollision/CollisionShapes/btScaledBvhTriangleMeshShape.h
       ... /opt/homebrew/Cellar/bullet/3.25/include/bullet/BulletCollision/CollisionShapes/btCompoundShape.h
       ... /opt/homebrew/Cellar/bullet/3.25/include/bullet/BulletCollision/CollisionShapes/btTetrahedronShape.h
       ... /opt/homebrew/Cellar/bullet/3.25/include/bullet/BulletCollision/CollisionShapes/btEmptyShape.h
       ... /opt/homebrew/Cellar/bullet/3.25/include/bullet/BulletCollision/CollisionShapes/btMultiSphereShape.h
       ... /opt/homebrew/Cellar/bullet/3.25/include/bullet/BulletCollision/CollisionShapes/btUniformScalingShape.h
       ... /opt/homebrew/Cellar/bullet/3.25/include/bullet/BulletCollision/CollisionDispatch/btSphereSphereCollisionAlgorithm.h
       .... /opt/homebrew/Cellar/bullet/3.25/include/bullet/BulletCollision/CollisionDispatch/btActivatingCollisionAlgorithm.h
       ..... /opt/homebrew/Cellar/bullet/3.25/include/bullet/BulletCollision/BroadphaseCollision/btCollisionAlgorithm.h
       ... /opt/homebrew/Cellar/bullet/3.25/include/bullet/BulletCollision/CollisionDispatch/btDefaultCollisionConfiguration.h
       .... /opt/homebrew/Cellar/bullet/3.25/include/bullet/BulletCollision/CollisionDispatch/btCollisionConfiguration.h
       ... /opt/homebrew/Cellar/bullet/3.25/include/bullet/BulletCollision/BroadphaseCollision/btSimpleBroadphase.h
       ... /opt/homebrew/Cellar/bullet/3.25/include/bullet/BulletCollision/BroadphaseCollision/btAxisSweep3.h
       .... /opt/homebrew/Cellar/bullet/3.25/include/bullet/BulletCollision/BroadphaseCollision/btDbvtBroadphase.h
       ..... /opt/homebrew/Cellar/bullet/3.25/include/bullet/BulletCollision/BroadphaseCollision/btDbvt.h
       ...... /Applications/Xcode.app/Contents/Developer/Platforms/MacOSX.platform/Developer/SDKs/MacOSX.sdk/usr/include/memory.h
       ....... /Applications/Xcode.app/Contents/Developer/Platforms/MacOSX.platform/Developer/SDKs/MacOSX.sdk/usr/include/string.h
       ...... /Applications/Xcode.app/Contents/Developer/Platforms/MacOSX.platform/Developer/SDKs/MacOSX.sdk/usr/include/string.h
       .... /opt/homebrew/Cellar/bullet/3.25/include/bullet/BulletCollision/BroadphaseCollision/btAxisSweep3Internal.h
       ... /opt/homebrew/Cellar/bullet/3.25/include/bullet/LinearMath/btDefaultMotionState.h
       ... /opt/homebrew/Cellar/bullet/3.25/include/bullet/LinearMath/btQuickprof.h
       ... /opt/homebrew/Cellar/bullet/3.25/include/bullet/LinearMath/btIDebugDraw.h
       .. /opt/homebrew/Cellar/bullet/3.25/include/bullet/BulletDynamics/Dynamics/btDiscreteDynamicsWorld.h
       ... /opt/homebrew/Cellar/bullet/3.25/include/bullet/BulletDynamics/Dynamics/btDynamicsWorld.h
       .... /opt/homebrew/Cellar/bullet/3.25/include/bullet/BulletDynamics/ConstraintSolver/btContactSolverInfo.h
       ... /opt/homebrew/Cellar/bullet/3.25/include/bullet/LinearMath/btThreads.h
       .. /opt/homebrew/Cellar/bullet/3.25/include/bullet/BulletDynamics/Dynamics/btSimpleDynamicsWorld.h
       .. /opt/homebrew/Cellar/bullet/3.25/include/bullet/BulletDynamics/Dynamics/btRigidBody.h
       .. /opt/homebrew/Cellar/bullet/3.25/include/bullet/BulletDynamics/ConstraintSolver/btPoint2PointConstraint.h
       ... /opt/homebrew/Cellar/bullet/3.25/include/bullet/BulletDynamics/ConstraintSolver/btJacobianEntry.h
       ... /opt/homebrew/Cellar/bullet/3.25/include/bullet/BulletDynamics/ConstraintSolver/btTypedConstraint.h
       .... /opt/homebrew/Cellar/bullet/3.25/include/bullet/BulletDynamics/ConstraintSolver/btSolverConstraint.h
       ..... /opt/homebrew/Cellar/bullet/3.25/include/bullet/BulletDynamics/ConstraintSolver/btSolverBody.h
       .. /opt/homebrew/Cellar/bullet/3.25/include/bullet/BulletDynamics/ConstraintSolver/btHingeConstraint.h
       .. /opt/homebrew/Cellar/bullet/3.25/include/bullet/BulletDynamics/ConstraintSolver/btConeTwistConstraint.h
       .. /opt/homebrew/Cellar/bullet/3.25/include/bullet/BulletDynamics/ConstraintSolver/btGeneric6DofConstraint.h
       .. /opt/homebrew/Cellar/bullet/3.25/include/bullet/BulletDynamics/ConstraintSolver/btSliderConstraint.h
       .. /opt/homebrew/Cellar/bullet/3.25/include/bullet/BulletDynamics/ConstraintSolver/btGeneric6DofSpringConstraint.h
       .. /opt/homebrew/Cellar/bullet/3.25/include/bullet/BulletDynamics/ConstraintSolver/btUniversalConstraint.h
       .. /opt/homebrew/Cellar/bullet/3.25/include/bullet/BulletDynamics/ConstraintSolver/btHinge2Constraint.h
       ... /opt/homebrew/Cellar/bullet/3.25/include/bullet/BulletDynamics/ConstraintSolver/btGeneric6DofSpring2Constraint.h
       .. /opt/homebrew/Cellar/bullet/3.25/include/bullet/BulletDynamics/ConstraintSolver/btGearConstraint.h
       .. /opt/homebrew/Cellar/bullet/3.25/include/bullet/BulletDynamics/ConstraintSolver/btFixedConstraint.h
       .. /opt/homebrew/Cellar/bullet/3.25/include/bullet/BulletDynamics/ConstraintSolver/btSequentialImpulseConstraintSolver.h
       ... /opt/homebrew/Cellar/bullet/3.25/include/bullet/BulletDynamics/ConstraintSolver/btConstraintSolver.h
       .. /opt/homebrew/Cellar/bullet/3.25/include/bullet/BulletDynamics/Vehicle/btRaycastVehicle.h
       ... /opt/homebrew/Cellar/bullet/3.25/include/bullet/BulletDynamics/Vehicle/btVehicleRaycaster.h
       ... /opt/homebrew/Cellar/bullet/3.25/include/bullet/BulletDynamics/Vehicle/btWheelInfo.h
       ... /opt/homebrew/Cellar/bullet/3.25/include/bullet/BulletDynamics/Dynamics/btActionInterface.h
       . /opt/homebrew/Cellar/bullet/3.25/include/bullet/BulletSoftBody/btSoftRigidDynamicsWorld.h
       .. /opt/homebrew/Cellar/bullet/3.25/include/bullet/BulletSoftBody/btSoftBody.h
       ... /opt/homebrew/Cellar/bullet/3.25/include/bullet/BulletSoftBody/btSparseSDF.h
       .... /opt/homebrew/Cellar/bullet/3.25/include/bullet/BulletCollision/NarrowPhaseCollision/btGjkEpa2.h
       ... /opt/homebrew/Cellar/bullet/3.25/include/bullet/BulletDynamics/Featherstone/btMultiBodyLinkCollider.h
       .... /opt/homebrew/Cellar/bullet/3.25/include/bullet/BulletDynamics/Featherstone/btMultiBody.h
       ..... /opt/homebrew/Cellar/bullet/3.25/include/bullet/BulletDynamics/Featherstone/btMultiBodyLink.h
       ...... /opt/homebrew/Cellar/bullet/3.25/include/bullet/LinearMath/btSpatialAlgebra.h
       ... /opt/homebrew/Cellar/bullet/3.25/include/bullet/BulletDynamics/Featherstone/btMultiBodyConstraint.h
       .... /opt/homebrew/Cellar/bullet/3.25/include/bullet/BulletDynamics/Featherstone/btMultiBodySolverConstraint.h
       . /opt/homebrew/Cellar/bullet/3.25/include/bullet/BulletSoftBody/btSoftBodyRigidBodyCollisionConfiguration.h
       . /opt/homebrew/Cellar/bullet/3.25/include/bullet/BulletSoftBody/btSoftBodyHelpers.h
       20 errors generated.
       I could not retain compiler and assembler inputs for bullet; I will not compile live sources after capture failure
       I could not build foreign support for /private/tmp/nanolang-match-guards-20261009/modules/bullet/bullet.nano
  ❌ 11 of 244 eligible examples did not compile:
       api_lessons/glut_helpers_api.nano: exit 1: type check failed
       api_lessons/sdl_image_safe_api.nano: exit 1: type check failed
       graphics/sdl_image_demo.nano: exit 1: module loading failed
       graphics/sdl_image_sprite_animation.nano: exit 1: module loading failed
       graphics/sdl_image_tiled_background.nano: exit 1: module loading failed
       physics/bullet_beads_simple.nano: exit 1: . /Applications/Xcode.app/Contents/Developer/Platforms/MacOSX.platform/Developer/SDKs/MacOSX.sdk/SDKSettings.json
       physics/bullet_beads_visual.nano: exit 1: . /Applications/Xcode.app/Contents/Developer/Platforms/MacOSX.platform/Developer/SDKs/MacOSX.sdk/SDKSettings.json
       physics/bullet_bouncy_balls.nano: exit 1: . /Applications/Xcode.app/Contents/Developer/Platforms/MacOSX.platform/Developer/SDKs/MacOSX.sdk/SDKSettings.json
       physics/bullet_rigid_megastacks.nano: exit 1: . /Applications/Xcode.app/Contents/Developer/Platforms/MacOSX.platform/Developer/SDKs/MacOSX.sdk/SDKSettings.json
       physics/bullet_soft_body_modern.nano: exit 1: . /Applications/Xcode.app/Contents/Developer/Platforms/MacOSX.platform/Developer/SDKs/MacOSX.sdk/SDKSettings.json
       physics/bullet_softbody_hourglass.nano: exit 1: . /Applications/Xcode.app/Contents/Developer/Platforms/MacOSX.platform/Developer/SDKs/MacOSX.sdk/SDKSettings.json
       Fix the NanoVirt/compiler gap rather than excluding the example.

Test 3: every exclusion is still genuinely ineligible
  ✓ all 4 exclusions still fail to compile

Test 4: exclusions are broken sources, not NanoVirt gaps
  ✓ no exclusion compiles natively

Test 5: deeply nested statements compile without crashing
  ✓ 400 levels of nesting compiled
  ✓ and executes correctly (acc = 400)

Test 6: VM builtins that examples depend on
  ✓ tmp_dir, mktemp and the GPU geometry intrinsics compile
  ✓ and return the documented host-target values

==========================================
❌ NanoVM example coverage: 1 check(s) failed
make[1]: *** [test-vm-examples] Error 1
make: *** [test-quick] Error 2
